id,season,week,season_type,start_date,home_team,home_conference,home_score,away_team,away_conference,away_score,lines,bovada_spread
401287887,2021,1,regular,2021-09-04T20:30:00.000Z,Iowa State,Big 12,16.0,Northern Iowa,MVFC,10.0,"[{'provider': 'Bovada', 'spread': -29.0, 'formatted_spread': 'Iowa State -29.0', 'spread_open': -31.5, 'over_under': 50.0, 'over_under_open': 50.0, 'home_moneyline': None, 'away_moneyline': None}]",-29.0
401309842,2021,1,regular,2021-09-04T21:00:00.000Z,USC,Pac-12,30.0,San José State,Mountain West,7.0,"[{'provider': 'Bovada', 'spread': -14.0, 'formatted_spread': 'USC -14.0', 'spread_open': -16.5, 'over_under': 60.0, 'over_under_open': 59.5, 'home_moneyline': -700.0, 'away_moneyline': 450.0}]",-14.0
401287892,2021,1,regular,2021-09-04T20:30:00.000Z,Texas,Big 12,38.0,Louisiana,Sun Belt,18.0,"[{'provider': 'Bovada', 'spread': -8.5, 'formatted_spread': 'Texas -8.5', 'spread_open': -12.0, 'over_under': 58.0, 'over_under_open': 59.0, 'home_moneyline': -340.0, 'away_moneyline': 270.0}]",-8.5
401282174,2021,1,regular,2021-09-04T19:30:00.000Z,Navy,American Athletic,7.0,Marshall,Conference USA,49.0,"[{'provider': 'Bovada', 'spread': 3.0, 'formatted_spread': 'Marshall -3.0', 'spread_open': 2.5, 'over_under': 47.0, 'over_under_open': 45.5, 'home_moneyline': 120.0, 'away_moneyline': -140.0}]",3.0
401309913,2021,6,regular,2021-10-09T19:30:00.000Z,BYU,FBS Independents,17.0,Boise State,Mountain West,26.0,"[{'provider': 'Bovada', 'spread': -6.5, 'formatted_spread': 'BYU -6.5', 'spread_open': -3.5, 'over_under': 57.5, 'over_under_open': 56.0, 'home_moneyline': -235.0, 'away_moneyline': 195.0}]",-6.5
401309564,2021,6,regular,2021-10-09T16:00:00.000Z,Toledo,Mid-American,20.0,Northern Illinois,Mid-American,22.0,"[{'provider': 'Bovada', 'spread': -13.0, 'formatted_spread': 'Toledo -13.0', 'spread_open': -12.5, 'over_under': 51.0, 'over_under_open': 54.5, 'home_moneyline': -520.0, 'away_moneyline': 375.0}]",-13.0
401309566,2021,6,regular,2021-10-09T16:00:00.000Z,Bowling Green,Mid-American,20.0,Akron,Mid-American,35.0,"[{'provider': 'Bovada', 'spread': -14.0, 'formatted_spread': 'Bowling Green -14.0', 'spread_open': -13.0, 'over_under': 46.0, 'over_under_open': 45.0, 'home_moneyline': -565.0, 'away_moneyline': 400.0}]",-14.0
401309567,2021,6,regular,2021-10-09T19:30:00.000Z,Ohio,Mid-American,27.0,Central Michigan,Mid-American,30.0,"[{'provider': 'Bovada', 'spread': 5.0, 'formatted_spread': 'Central Michigan -5.0', 'spread_open': 5.0, 'over_under': 57.5, 'over_under_open': 55.0, 'home_moneyline': 175.0, 'away_moneyline': -210.0}]",5.0
401310715,2021,6,regular,2021-10-09T19:30:00.000Z,Colorado State,Mountain West,32.0,San José State,Mountain West,14.0,"[{'provider': 'Bovada', 'spread': -3.5, 'formatted_spread': 'Colorado State -3.5', 'spread_open': -1.0, 'over_under': 44.5, 'over_under_open': 45.5, 'home_moneyline': -165.0, 'away_moneyline': 140.0}]",-3.5
401309869,2021,6,regular,2021-10-09T20:00:00.000Z,Washington State,Pac-12,31.0,Oregon State,Pac-12,24.0,"[{'provider': 'Bovada', 'spread': 4.0, 'formatted_spread': 'Oregon State -4.0', 'spread_open': 3.0, 'over_under': 59.0, 'over_under_open': 59.0, 'home_moneyline': 155.0, 'away_moneyline': -180.0}]",4.0
401309565,2021,6,regular,2021-10-09T23:00:00.000Z,Kent State,Mid-American,48.0,Buffalo,Mid-American,38.0,"[{'provider': 'Bovada', 'spread': -7.0, 'formatted_spread': 'Kent State -7.0', 'spread_open': -5.5, 'over_under': 66.0, 'over_under_open': 61.0, 'home_moneyline': -230.0, 'away_moneyline': 190.0}]",-7.0
401309617,2021,6,regular,2021-10-09T23:00:00.000Z,Troy,Sun Belt,27.0,Georgia Southern,Sun Belt,24.0,"[{'provider': 'Bovada', 'spread': -5.5, 'formatted_spread': 'Troy -5.5', 'spread_open': -4.0, 'over_under': 51.0, 'over_under_open': 51.0, 'home_moneyline': -220.0, 'away_moneyline': 180.0}]",-5.5
401309619,2021,6,regular,2021-10-09T23:00:00.000Z,Texas State,Sun Belt,33.0,South Alabama,Sun Belt,31.0,"[{'provider': 'Bovada', 'spread': 4.0, 'formatted_spread': 'South Alabama -4.0', 'spread_open': 1.0, 'over_under': 52.0, 'over_under_open': 53.0, 'home_moneyline': 155.0, 'away_moneyline': -180.0}]",4.0
401310714,2021,6,regular,2021-10-09T23:00:00.000Z,Air Force,Mountain West,24.0,Wyoming,Mountain West,14.0,"[{'provider': 'Bovada', 'spread': -5.5, 'formatted_spread': 'Air Force -5.5', 'spread_open': -4.0, 'over_under': 46.0, 'over_under_open': 49.0, 'home_moneyline': -210.0, 'away_moneyline': 175.0}]",-5.5
401309618,2021,6,regular,2021-10-10T00:00:00.000Z,Louisiana Monroe,Sun Belt,21.0,Georgia State,Sun Belt,55.0,"[{'provider': 'Bovada', 'spread': 16.0, 'formatted_spread': 'Georgia State -16.0', 'spread_open': 14.5, 'over_under': 49.5, 'over_under_open': 53.0, 'home_moneyline': 500.0, 'away_moneyline': -750.0}]",16.0
401309870,2021,6,regular,2021-10-10T02:30:00.000Z,Arizona,Pac-12,16.0,UCLA,Pac-12,34.0,"[{'provider': 'Bovada', 'spread': 16.0, 'formatted_spread': 'UCLA -16.0', 'spread_open': 16.0, 'over_under': 60.5, 'over_under_open': 61.0, 'home_moneyline': 525.0, 'away_moneyline': -800.0}]",16.0
401310723,2021,7,regular,2021-10-16T02:30:00.000Z,San José State,Mountain West,13.0,San Diego State,Mountain West,19.0,"[{'provider': 'Bovada', 'spread': 10.0, 'formatted_spread': 'San Diego State -10.0', 'spread_open': 8.0, 'over_under': 41.0, 'over_under_open': 43.0, 'home_moneyline': 280.0, 'away_moneyline': -360.0}]",10.0
401309876,2021,7,regular,2021-10-17T02:00:00.000Z,Utah,Pac-12,35.0,Arizona State,Pac-12,21.0,"[{'provider': 'Bovada', 'spread': -1.5, 'formatted_spread': 'Utah -1.5', 'spread_open': 1.0, 'over_under': 51.0, 'over_under_open': 51.0, 'home_moneyline': -115.0, 'away_moneyline': -105.0}]",-1.5
401309571,2021,7,regular,2021-10-16T16:00:00.000Z,Buffalo,Mid-American,27.0,Ohio,Mid-American,26.0,"[{'provider': 'Bovada', 'spread': -7.5, 'formatted_spread': 'Buffalo -7.5', 'spread_open': -10.5, 'over_under': 54.5, 'over_under_open': 55.0, 'home_moneyline': -320.0, 'away_moneyline': 260.0}]",-7.5
401309569,2021,7,regular,2021-10-16T19:30:00.000Z,Central Michigan,Mid-American,26.0,Toledo,Mid-American,23.0,"[{'provider': 'Bovada', 'spread': 5.0, 'formatted_spread': 'Toledo -5.0', 'spread_open': 6.0, 'over_under': 53.0, 'over_under_open': 51.5, 'home_moneyline': 170.0, 'away_moneyline': -200.0}]",5.0
401309570,2021,7,regular,2021-10-16T19:30:00.000Z,Northern Illinois,Mid-American,34.0,Bowling Green,Mid-American,26.0,"[{'provider': 'Bovada', 'spread': -9.0, 'formatted_spread': 'Northern Illinois -9.0', 'spread_open': -9.5, 'over_under': 45.0, 'over_under_open': 49.0, 'home_moneyline': -350.0, 'away_moneyline': 275.0}]",-9.0
401309572,2021,7,regular,2021-10-16T19:30:00.000Z,Western Michigan,Mid-American,64.0,Kent State,Mid-American,31.0,"[{'provider': 'Bovada', 'spread': -6.5, 'formatted_spread': 'Western Michigan -6.5', 'spread_open': -7.0, 'over_under': 68.5, 'over_under_open': 63.0, 'home_moneyline': -260.0, 'away_moneyline': 215.0}]",-6.5
401309875,2021,7,regular,2021-10-16T19:30:00.000Z,Colorado,Pac-12,34.0,Arizona,Pac-12,0.0,"[{'provider': 'Bovada', 'spread': -6.0, 'formatted_spread': 'Colorado -6.0', 'spread_open': -6.0, 'over_under': 46.5, 'over_under_open': 43.5, 'home_moneyline': -235.0, 'away_moneyline': 195.0}]",-6.0
401310721,2021,7,regular,2021-10-16T19:30:00.000Z,Wyoming,Mountain West,0.0,Fresno State,Mountain West,17.0,"[{'provider': 'Bovada', 'spread': 3.0, 'formatted_spread': 'Fresno State -3.0', 'spread_open': 3.5, 'over_under': 53.5, 'over_under_open': 56.0, 'home_moneyline': 140.0, 'away_moneyline': -165.0}]",3.0
401310719,2021,7,regular,2021-10-16T23:00:00.000Z,New Mexico,Mountain West,7.0,Colorado State,Mountain West,36.0,"[{'provider': 'Bovada', 'spread': 11.5, 'formatted_spread': 'Colorado State -11.5', 'spread_open': 9.5, 'over_under': 45.5, 'over_under_open': 44.0, 'home_moneyline': 340.0, 'away_moneyline': -460.0}]",11.5
401310720,2021,7,regular,2021-10-16T23:00:00.000Z,UNLV,Mountain West,24.0,Utah State,Mountain West,28.0,"[{'provider': 'Bovada', 'spread': 7.0, 'formatted_spread': 'Utah State -7.0', 'spread_open': 7.5, 'over_under': 64.0, 'over_under_open': 57.5, 'home_moneyline': 230.0, 'away_moneyline': -280.0}]",7.0
401309873,2021,7,regular,2021-10-16T23:30:00.000Z,Washington State,Pac-12,34.0,Stanford,Pac-12,31.0,"[{'provider': 'Bovada', 'spread': -1.0, 'formatted_spread': 'Washington State -1.0', 'spread_open': 2.5, 'over_under': 53.0, 'over_under_open': 50.5, 'home_moneyline': -115.0, 'away_moneyline': -105.0}]",-1.0
401309874,2021,7,regular,2021-10-17T00:30:00.000Z,Washington,Pac-12,17.0,UCLA,Pac-12,24.0,"[{'provider': 'Bovada', 'spread': -1.5, 'formatted_spread': 'Washington -1.5', 'spread_open': -1.0, 'over_under': 55.0, 'over_under_open': 55.0, 'home_moneyline': -120.0, 'away_moneyline': 105.0}]",-1.5
401310718,2021,7,regular,2021-10-17T01:00:00.000Z,Boise State,Mountain West,17.0,Air Force,Mountain West,24.0,"[{'provider': 'Bovada', 'spread': -3.5, 'formatted_spread': 'Boise State -3.5', 'spread_open': -6.0, 'over_under': 52.0, 'over_under_open': 50.5, 'home_moneyline': -170.0, 'away_moneyline': 145.0}]",-3.5
401310722,2021,7,regular,2021-10-17T02:30:00.000Z,Nevada,Mountain West,34.0,Hawai'i,Mountain West,17.0,"[{'provider': 'Bovada', 'spread': -14.5, 'formatted_spread': 'Nevada -14.5', 'spread_open': -16.0, 'over_under': 61.5, 'over_under_open': 59.5, 'home_moneyline': -645.0, 'away_moneyline': 440.0}]",-14.5
401309623,2021,8,regular,2021-10-20T23:30:00.000Z,Appalachian State,Sun Belt,30.0,Coastal Carolina,Sun Belt,27.0,"[{'provider': 'Bovada', 'spread': 5.0, 'formatted_spread': 'Coastal Carolina -5.0', 'spread_open': 3.5, 'over_under': 61.0, 'over_under_open': 59.5, 'home_moneyline': 145.0, 'away_moneyline': -170.0}]",5.0
401301025,2021,8,regular,2021-10-21T23:30:00.000Z,SMU,American Athletic,55.0,Tulane,American Athletic,26.0,"[{'provider': 'Bovada', 'spread': -14.0, 'formatted_spread': 'SMU -14.0', 'spread_open': -14.0, 'over_under': 70.0, 'over_under_open': 70.0, 'home_moneyline': -605.0, 'away_moneyline': 420.0}]",-14.0
401309624,2021,8,regular,2021-10-21T23:30:00.000Z,Arkansas State,Sun Belt,27.0,Louisiana,Sun Belt,28.0,"[{'provider': 'Bovada', 'spread': 18.0, 'formatted_spread': 'Louisiana -18.0', 'spread_open': 17.0, 'over_under': 70.0, 'over_under_open': 67.0, 'home_moneyline': 625.0, 'away_moneyline': -1000.0}]",18.0
401309614,2021,5,regular,2021-10-02T18:30:00.000Z,Coastal Carolina,Sun Belt,59.0,Louisiana Monroe,Sun Belt,6.0,"[{'provider': 'Bovada', 'spread': -34.0, 'formatted_spread': 'Coastal Carolina -34.0', 'spread_open': -33.5, 'over_under': 57.5, 'over_under_open': 58.5, 'home_moneyline': None, 'away_moneyline': None}]",-34.0
401309612,2021,5,regular,2021-10-02T18:00:00.000Z,Georgia State,Sun Belt,16.0,Appalachian State,Sun Belt,45.0,"[{'provider': 'Bovada', 'spread': 10.0, 'formatted_spread': 'Appalachian State -10.0', 'spread_open': 9.5, 'over_under': 54.0, 'over_under_open': 56.0, 'home_moneyline': 300.0, 'away_moneyline': -395.0}]",10.0
401309613,2021,5,regular,2021-10-02T20:00:00.000Z,Georgia Southern,Sun Belt,59.0,Arkansas State,Sun Belt,33.0,"[{'provider': 'Bovada', 'spread': -2.0, 'formatted_spread': 'Georgia Southern -2.0', 'spread_open': -3.0, 'over_under': 66.0, 'over_under_open': 45.5, 'home_moneyline': -125.0, 'away_moneyline': 105.0}]",-2.0
401309871,2021,6,regular,2021-10-10T00:00:00.000Z,USC,Pac-12,26.0,Utah,Pac-12,42.0,"[{'provider': 'Bovada', 'spread': -3.0, 'formatted_spread': 'USC -3.0', 'spread_open': -3.5, 'over_under': 53.0, 'over_under_open': 51.5, 'home_moneyline': -150.0, 'away_moneyline': 130.0}]",-3.0
401282770,2021,12,regular,2021-11-20T20:30:00.000Z,Maryland,Big Ten,18.0,Michigan,Big Ten,59.0,"[{'provider': 'Bovada', 'spread': 16.0, 'formatted_spread': 'Michigan -16.0', 'spread_open': 15.0, 'over_under': 57.5, 'over_under_open': 55.0, 'home_moneyline': 475.0, 'away_moneyline': -700.0}]",16.0
401282262,2021,12,regular,2021-11-21T00:00:00.000Z,Florida International,Conference USA,7.0,North Texas,Conference USA,49.0,"[{'provider': 'Bovada', 'spread': 10.5, 'formatted_spread': 'North Texas -10.5', 'spread_open': 9.5, 'over_under': 57.5, 'over_under_open': 59.0, 'home_moneyline': 290.0, 'away_moneyline': -380.0}]",10.5
401282721,2021,12,regular,2021-11-20T19:00:00.000Z,Iowa,Big Ten,33.0,Illinois,Big Ten,23.0,"[{'provider': 'Bovada', 'spread': -11.5, 'formatted_spread': 'Iowa -11.5', 'spread_open': -12.0, 'over_under': 38.0, 'over_under_open': 37.5, 'home_moneyline': -500.0, 'away_moneyline': 360.0}]",-11.5
401282698,2021,12,regular,2021-11-20T20:30:00.000Z,Pittsburgh,ACC,48.0,Virginia,ACC,38.0,"[{'provider': 'Bovada', 'spread': -15.5, 'formatted_spread': 'Pittsburgh -15.5', 'spread_open': -13.5, 'over_under': 66.0, 'over_under_open': 66.5, 'home_moneyline': -625.0, 'away_moneyline': 430.0}]",-15.5
401282695,2021,12,regular,2021-11-20T21:00:00.000Z,NC State,ACC,41.0,Syracuse,ACC,17.0,"[{'provider': 'Bovada', 'spread': -11.5, 'formatted_spread': 'NC State -11.5', 'spread_open': -11.5, 'over_under': 49.5, 'over_under_open': 50.5, 'home_moneyline': -455.0, 'away_moneyline': 335.0}]",-11.5
401282267,2021,12,regular,2021-11-20T20:30:00.000Z,UT San Antonio,Conference USA,34.0,UAB,Conference USA,31.0,"[{'provider': 'Bovada', 'spread': -4.0, 'formatted_spread': 'UT San Antonio -4.0', 'spread_open': -5.5, 'over_under': 53.5, 'over_under_open': 53.0, 'home_moneyline': -200.0, 'away_moneyline': 170.0}]",-4.0
401282264,2021,12,regular,2021-11-20T01:00:00.000Z,Louisiana Tech,Conference USA,19.0,Southern Mississippi,Conference USA,35.0,"[{'provider': 'Bovada', 'spread': -15.0, 'formatted_spread': 'Louisiana Tech -15.0', 'spread_open': -17.0, 'over_under': 47.5, 'over_under_open': 51.0, 'home_moneyline': -800.0, 'away_moneyline': 525.0}]",-15.0
401282786,2021,12,regular,2021-11-20T17:00:00.000Z,Ohio State,Big Ten,56.0,Michigan State,Big Ten,7.0,"[{'provider': 'Bovada', 'spread': -19.0, 'formatted_spread': 'Ohio State -19.0', 'spread_open': -20.0, 'over_under': 70.5, 'over_under_open': 67.5, 'home_moneyline': -1000.0, 'away_moneyline': 625.0}]",-19.0
401282697,2021,12,regular,2021-11-20T19:30:00.000Z,Notre Dame,FBS Independents,55.0,Georgia Tech,ACC,0.0,"[{'provider': 'Bovada', 'spread': -18.0, 'formatted_spread': 'Notre Dame -18.0', 'spread_open': -15.5, 'over_under': 57.5, 'over_under_open': 60.0, 'home_moneyline': -900.0, 'away_moneyline': 575.0}]",-18.0
401282693,2021,12,regular,2021-11-20T17:00:00.000Z,Clemson,ACC,48.0,Wake Forest,ACC,27.0,"[{'provider': 'Bovada', 'spread': -3.5, 'formatted_spread': 'Clemson -3.5', 'spread_open': -4.0, 'over_under': 57.0, 'over_under_open': 55.0, 'home_moneyline': -180.0, 'away_moneyline': 155.0}]",-3.5
401282803,2021,12,regular,2021-11-20T20:30:00.000Z,Wisconsin,Big Ten,35.0,Nebraska,Big Ten,28.0,"[{'provider': 'Bovada', 'spread': -9.5, 'formatted_spread': 'Wisconsin -9.5', 'spread_open': -10.0, 'over_under': 43.5, 'over_under_open': 42.0, 'home_moneyline': -395.0, 'away_moneyline': 300.0}]",-9.5
401282144,2021,12,regular,2021-11-20T17:00:00.000Z,Texas A&M,SEC,52.0,Prairie View,SWAC,3.0,"[{'provider': 'Bovada', 'spread': -41.5, 'formatted_spread': 'Texas A&M -41.5', 'spread_open': -41.5, 'over_under': 50.5, 'over_under_open': 50.5, 'home_moneyline': None, 'away_moneyline': None}]",-41.5
401282263,2021,12,regular,2021-11-20T17:00:00.000Z,Western Kentucky,Conference USA,52.0,Florida Atlantic,Conference USA,17.0,"[{'provider': 'Bovada', 'spread': -11.0, 'formatted_spread': 'Western Kentucky -11.0', 'spread_open': -10.5, 'over_under': 64.0, 'over_under_open': 64.5, 'home_moneyline': -415.0, 'away_moneyline': 310.0}]",-11.0
401282692,2021,12,regular,2021-11-20T17:00:00.000Z,Boston College,ACC,23.0,Florida State,ACC,26.0,"[{'provider': 'Bovada', 'spread': -3.0, 'formatted_spread': 'Boston College -3.0', 'spread_open': -2.5, 'over_under': 55.5, 'over_under_open': 54.0, 'home_moneyline': -130.0, 'away_moneyline': 110.0}]",-3.0
401281946,2021,1,regular,2021-09-04T23:30:00.000Z,Clemson,ACC,3.0,Georgia,SEC,10.0,"[{'provider': 'Bovada', 'spread': -2.5, 'formatted_spread': 'Clemson -2.5', 'spread_open': -4.5, 'over_under': 51.5, 'over_under_open': 52.0, 'home_moneyline': -145.0, 'away_moneyline': 125.0}]",-2.5
401300998,2021,1,regular,2021-09-04T23:00:00.000Z,SMU,American Athletic,56.0,Abilene Christian,AWC,9.0,"[{'provider': 'Bovada', 'spread': -32.0, 'formatted_spread': 'SMU -32.0', 'spread_open': -32.0, 'over_under': 66.0, 'over_under_open': 66.0, 'home_moneyline': None, 'away_moneyline': None}]",-32.0
401309543,2021,1,regular,2021-09-04T23:00:00.000Z,Toledo,Mid-American,49.0,Norfolk State,MEAC,10.0,"[{'provider': 'Bovada', 'spread': -39.5, 'formatted_spread': 'Toledo -39.5', 'spread_open': -40.0, 'over_under': 56.0, 'over_under_open': 56.0, 'home_moneyline': None, 'away_moneyline': None}]",-39.5
401281945,2021,1,regular,2021-09-04T23:30:00.000Z,Florida,SEC,35.0,Florida Atlantic,Conference USA,14.0,"[{'provider': 'Bovada', 'spread': -23.5, 'formatted_spread': 'Florida -23.5', 'spread_open': -25.5, 'over_under': 52.0, 'over_under_open': 53.0, 'home_moneyline': -2300.0, 'away_moneyline': 1025.0}]",-23.5
401281947,2021,1,regular,2021-09-04T16:00:00.000Z,Kentucky,SEC,45.0,Louisiana Monroe,Sun Belt,10.0,"[{'provider': 'Bovada', 'spread': -31.0, 'formatted_spread': 'Kentucky -31.0', 'spread_open': -28.5, 'over_under': 54.0, 'over_under_open': 54.0, 'home_moneyline': None, 'away_moneyline': None}]",-31.0
401282609,2021,1,regular,2021-09-04T16:00:00.000Z,Boston College,ACC,51.0,Colgate,Patriot,0.0,"[{'provider': 'Bovada', 'spread': -42.5, 'formatted_spread': 'Boston College -42.5', 'spread_open': -45.0, 'over_under': 56.0, 'over_under_open': 56.5, 'home_moneyline': None, 'away_moneyline': None}]",-42.5
401282772,2021,1,regular,2021-09-04T16:00:00.000Z,Michigan,Big Ten,47.0,Western Michigan,Mid-American,14.0,"[{'provider': 'Bovada', 'spread': -16.5, 'formatted_spread': 'Michigan -16.5', 'spread_open': -16.5, 'over_under': 65.5, 'over_under_open': 67.0, 'home_moneyline': -1000.0, 'away_moneyline': 600.0}]",-16.5
401310861,2021,1,regular,2021-09-04T18:00:00.000Z,Air Force,Mountain West,35.0,Lafayette,Patriot,14.0,"[{'provider': 'Bovada', 'spread': -41.0, 'formatted_spread': 'Air Force -41.0', 'spread_open': -41.0, 'over_under': 49.5, 'over_under_open': 50.0, 'home_moneyline': None, 'away_moneyline': None}]",-41.0
401310697,2021,1,regular,2021-09-04T20:00:00.000Z,Wyoming,Mountain West,19.0,Montana State,Big Sky,16.0,"[{'provider': 'Bovada', 'spread': -19.0, 'formatted_spread': 'Wyoming -19.0', 'spread_open': -19.0, 'over_under': 45.0, 'over_under_open': 45.0, 'home_moneyline': None, 'away_moneyline': None}]",-19.0
401282611,2021,1,regular,2021-09-04T23:00:00.000Z,Ohio,Mid-American,9.0,Syracuse,ACC,29.0,"[{'provider': 'Bovada', 'spread': -2.0, 'formatted_spread': 'Ohio -2.0', 'spread_open': 0.0, 'over_under': 55.5, 'over_under_open': 56.0, 'home_moneyline': -130.0, 'away_moneyline': 110.0}]",-2.0
401282819,2021,1,regular,2021-09-04T23:00:00.000Z,Purdue,Big Ten,30.0,Oregon State,Pac-12,21.0,"[{'provider': 'Bovada', 'spread': -7.0, 'formatted_spread': 'Purdue -7.0', 'spread_open': -7.0, 'over_under': 68.5, 'over_under_open': 65.0, 'home_moneyline': -280.0, 'away_moneyline': 230.0}]",-7.0
401287886,2021,1,regular,2021-09-04T23:00:00.000Z,Houston,American Athletic,21.0,Texas Tech,Big 12,38.0,"[{'provider': 'Bovada', 'spread': -2.5, 'formatted_spread': 'Houston -2.5', 'spread_open': 4.0, 'over_under': 64.0, 'over_under_open': 65.0, 'home_moneyline': -120.0, 'away_moneyline': -105.0}]",-2.5
401287890,2021,1,regular,2021-09-04T23:00:00.000Z,Oklahoma State,Big 12,23.0,Missouri State,MVFC,16.0,"[{'provider': 'Bovada', 'spread': -38.0, 'formatted_spread': 'Oklahoma State -38.0', 'spread_open': -38.0, 'over_under': 55.0, 'over_under_open': 55.0, 'home_moneyline': None, 'away_moneyline': None}]",-38.0
401287893,2021,1,regular,2021-09-04T23:00:00.000Z,Texas State,Sun Belt,20.0,Baylor,Big 12,29.0,"[{'provider': 'Bovada', 'spread': 14.0, 'formatted_spread': 'Baylor -14.0', 'spread_open': 12.0, 'over_under': 53.0, 'over_under_open': 55.5, 'home_moneyline': 400.0, 'away_moneyline': -600.0}]",14.0
401300997,2021,1,regular,2021-09-04T23:00:00.000Z,Memphis,American Athletic,42.0,Nicholls,Southland,17.0,"[{'provider': 'Bovada', 'spread': -23.5, 'formatted_spread': 'Memphis -23.5', 'spread_open': -23.5, 'over_under': 69.5, 'over_under_open': 69.0, 'home_moneyline': None, 'away_moneyline': None}]",-23.5
401309598,2021,1,regular,2021-09-04T23:00:00.000Z,Arkansas State,Sun Belt,40.0,Central Arkansas,AWC,21.0,"[{'provider': 'Bovada', 'spread': -14.0, 'formatted_spread': 'Arkansas State -14.0', 'spread_open': -13.0, 'over_under': 64.5, 'over_under_open': 64.0, 'home_moneyline': None, 'away_moneyline': None}]",-14.0
401309602,2021,1,regular,2021-09-04T23:00:00.000Z,Troy,Sun Belt,55.0,Southern,SWAC,3.0,"[{'provider': 'Bovada', 'spread': -25.0, 'formatted_spread': 'Troy -25.0', 'spread_open': -25.0, 'over_under': 54.0, 'over_under_open': 54.0, 'home_moneyline': None, 'away_moneyline': None}]",-25.0
401282175,2021,1,regular,2021-09-04T23:30:00.000Z,North Texas,Conference USA,44.0,Northwestern State,Southland,14.0,"[{'provider': 'Bovada', 'spread': -20.5, 'formatted_spread': 'North Texas -20.5', 'spread_open': -20.0, 'over_under': 66.0, 'over_under_open': 65.0, 'home_moneyline': None, 'away_moneyline': None}]",-20.5
401282179,2021,1,regular,2021-09-04T23:30:00.000Z,Illinois,Big Ten,30.0,UT San Antonio,Conference USA,37.0,"[{'provider': 'Bovada', 'spread': -4.5, 'formatted_spread': 'Illinois -4.5', 'spread_open': -6.0, 'over_under': 51.5, 'over_under_open': 53.0, 'home_moneyline': -200.0, 'away_moneyline': 170.0}]",-4.5
401309837,2021,1,regular,2021-09-05T02:30:00.000Z,California,Pac-12,17.0,Nevada,Mountain West,22.0,"[{'provider': 'Bovada', 'spread': -3.0, 'formatted_spread': 'California -3.0', 'spread_open': -3.5, 'over_under': 52.5, 'over_under_open': 52.5, 'home_moneyline': -170.0, 'away_moneyline': 150.0}]",-3.0
401282614,2021,1,regular,2021-09-05T23:30:00.000Z,Florida State,ACC,38.0,Notre Dame,FBS Independents,41.0,"[{'provider': 'Bovada', 'spread': 7.5, 'formatted_spread': 'Notre Dame -7.5', 'spread_open': 10.5, 'over_under': 53.5, 'over_under_open': 55.5, 'home_moneyline': 240.0, 'away_moneyline': -290.0}]",7.5
401282055,2021,1,regular,2021-09-07T00:00:00.000Z,Ole Miss,SEC,43.0,Louisville,ACC,24.0,"[{'provider': 'Bovada', 'spread': -9.0, 'formatted_spread': 'Ole Miss -9', 'spread_open': -7.5, 'over_under': 74.0, 'over_under_open': 75.0, 'home_moneyline': -400.0, 'away_moneyline': 300.0}]",-9.0
401310698,2021,1,regular,2021-09-05T03:59:00.000Z,Hawai'i,Mountain West,49.0,Portland State,Big Sky,35.0,"[{'provider': 'Bovada', 'spread': -26.0, 'formatted_spread': ""Hawai'i -26.0"", 'spread_open': -24.5, 'over_under': 57.5, 'over_under_open': 57.5, 'home_moneyline': None, 'away_moneyline': None}]",-26.0
401301022,2021,7,regular,2021-10-14T23:30:00.000Z,Memphis,American Athletic,35.0,Navy,American Athletic,17.0,"[{'provider': 'Bovada', 'spread': -10.5, 'formatted_spread': 'Memphis -10.5', 'spread_open': -8.5, 'over_under': 55.5, 'over_under_open': 52.5, 'home_moneyline': -395.0, 'away_moneyline': 300.0}]",-10.5
401309621,2021,7,regular,2021-10-14T23:30:00.000Z,South Alabama,Sun Belt,41.0,Georgia Southern,Sun Belt,14.0,"[{'provider': 'Bovada', 'spread': -2.5, 'formatted_spread': 'South Alabama -2.5', 'spread_open': -3.5, 'over_under': 49.5, 'over_under_open': 50.0, 'home_moneyline': -160.0, 'away_moneyline': 135.0}]",-2.5
401282657,2021,7,regular,2021-10-15T23:00:00.000Z,Syracuse,ACC,14.0,Clemson,ACC,17.0,"[{'provider': 'Bovada', 'spread': 13.5, 'formatted_spread': 'Clemson -13.5', 'spread_open': 14.0, 'over_under': 43.5, 'over_under_open': 45.5, 'home_moneyline': 400.0, 'away_moneyline': -565.0}]",13.5
401301023,2021,7,regular,2021-10-16T16:00:00.000Z,Cincinnati,American Athletic,56.0,UCF,American Athletic,21.0,"[{'provider': 'Bovada', 'spread': -22.5, 'formatted_spread': 'Cincinnati -22.5', 'spread_open': -20.0, 'over_under': 56.0, 'over_under_open': 56.0, 'home_moneyline': -1600.0, 'away_moneyline': 800.0}]",-22.5
401287923,2021,7,regular,2021-10-16T23:30:00.000Z,Oklahoma,Big 12,52.0,TCU,Big 12,31.0,"[{'provider': 'Bovada', 'spread': -13.5, 'formatted_spread': 'Oklahoma -13.5', 'spread_open': -12.0, 'over_under': 64.0, 'over_under_open': 65.5, 'home_moneyline': -565.0, 'away_moneyline': 400.0}]",-13.5
401287924,2021,7,regular,2021-10-16T16:00:00.000Z,Texas,Big 12,24.0,Oklahoma State,Big 12,32.0,"[{'provider': 'Bovada', 'spread': -3.0, 'formatted_spread': 'Texas -3.0', 'spread_open': -5.0, 'over_under': 61.5, 'over_under_open': 60.5, 'home_moneyline': -165.0, 'away_moneyline': 140.0}]",-3.0
401287920,2021,7,regular,2021-10-16T19:30:00.000Z,Baylor,Big 12,38.0,BYU,FBS Independents,24.0,"[{'provider': 'Bovada', 'spread': -5.0, 'formatted_spread': 'Baylor -5.0', 'spread_open': -5.0, 'over_under': 52.0, 'over_under_open': 48.0, 'home_moneyline': -210.0, 'away_moneyline': 175.0}]",-5.0
401286192,2021,7,regular,2021-10-16T16:00:00.000Z,Connecticut,FBS Independents,21.0,Yale,Ivy,15.0,"[{'provider': 'Bovada', 'spread': 3.5, 'formatted_spread': 'Yale -3.5', 'spread_open': 3.0, 'over_under': 46.5, 'over_under_open': 46.5, 'home_moneyline': 140.0, 'away_moneyline': -165.0}]",3.5
401301024,2021,7,regular,2021-10-16T16:00:00.000Z,South Florida,American Athletic,31.0,Tulsa,American Athletic,32.0,"[{'provider': 'Bovada', 'spread': 7.0, 'formatted_spread': 'Tulsa -7.0', 'spread_open': 8.5, 'over_under': 56.0, 'over_under_open': 57.0, 'home_moneyline': 255.0, 'away_moneyline': -310.0}]",7.0
401309568,2021,7,regular,2021-10-16T18:00:00.000Z,Eastern Michigan,Mid-American,31.0,Ball State,Mid-American,38.0,"[{'provider': 'Bovada', 'spread': 1.0, 'formatted_spread': 'Ball State -1.0', 'spread_open': 2.5, 'over_under': 55.0, 'over_under_open': 54.5, 'home_moneyline': 105.0, 'away_moneyline': -120.0}]",1.0
401308837,2021,7,regular,2021-10-16T18:30:00.000Z,Miami (OH),Mid-American,34.0,Akron,Mid-American,21.0,"[{'provider': 'Bovada', 'spread': -20.0, 'formatted_spread': 'Miami (OH) -20.0', 'spread_open': -20.0, 'over_under': 51.0, 'over_under_open': 52.5, 'home_moneyline': -1200.0, 'away_moneyline': 700.0}]",-20.0
401287921,2021,7,regular,2021-10-16T20:00:00.000Z,Kansas,Big 12,14.0,Texas Tech,Big 12,41.0,"[{'provider': 'Bovada', 'spread': 18.5, 'formatted_spread': 'Texas Tech -18.5', 'spread_open': 15.5, 'over_under': 68.5, 'over_under_open': 67.0, 'home_moneyline': 600.0, 'away_moneyline': -950.0}]",18.5
401286296,2021,7,regular,2021-10-16T23:00:00.000Z,Louisiana Monroe,Sun Belt,31.0,Liberty,FBS Independents,28.0,"[{'provider': 'Bovada', 'spread': 33.0, 'formatted_spread': 'Liberty -33.0', 'spread_open': 32.0, 'over_under': 57.5, 'over_under_open': 54.5, 'home_moneyline': None, 'away_moneyline': None}]",33.0
401282113,2021,8,regular,2021-10-23T19:30:00.000Z,Ole Miss,SEC,31.0,LSU,SEC,17.0,"[{'provider': 'Bovada', 'spread': -9.0, 'formatted_spread': 'Ole Miss -9.0', 'spread_open': -10.5, 'over_under': 76.5, 'over_under_open': 76.0, 'home_moneyline': -330.0, 'away_moneyline': 265.0}]",-9.0
401282236,2021,8,regular,2021-10-23T23:00:00.000Z,Florida International,Conference USA,19.0,Western Kentucky,Conference USA,34.0,"[{'provider': 'Bovada', 'spread': 16.0, 'formatted_spread': 'Western Kentucky -16.0', 'spread_open': 17.0, 'over_under': 77.0, 'over_under_open': 75.5, 'home_moneyline': 525.0, 'away_moneyline': -800.0}]",16.0
401282709,2021,8,regular,2021-10-23T23:30:00.000Z,Notre Dame,FBS Independents,31.0,USC,Pac-12,16.0,"[{'provider': 'Bovada', 'spread': -7.5, 'formatted_spread': 'Notre Dame -7.5', 'spread_open': -6.5, 'over_under': 59.0, 'over_under_open': 57.5, 'home_moneyline': -270.0, 'away_moneyline': 220.0}]",-7.5
401282662,2021,8,regular,2021-10-23T16:00:00.000Z,Army,FBS Independents,56.0,Wake Forest,ACC,70.0,"[{'provider': 'Bovada', 'spread': 3.0, 'formatted_spread': 'Wake Forest -3.0', 'spread_open': 3.5, 'over_under': 54.0, 'over_under_open': 52.0, 'home_moneyline': 135.0, 'away_moneyline': -160.0}]",3.0
401282114,2021,8,regular,2021-10-23T23:30:00.000Z,Texas A&M,SEC,44.0,South Carolina,SEC,14.0,"[{'provider': 'Bovada', 'spread': -19.5, 'formatted_spread': 'Texas A&M -19.5', 'spread_open': -19.5, 'over_under': 45.5, 'over_under_open': 44.5, 'home_moneyline': -1400.0, 'away_moneyline': 750.0}]",-19.5
401282665,2021,8,regular,2021-10-23T23:30:00.000Z,Miami,ACC,31.0,NC State,ACC,30.0,"[{'provider': 'Bovada', 'spread': 3.5, 'formatted_spread': 'NC State -3.5', 'spread_open': 3.5, 'over_under': 53.5, 'over_under_open': 53.0, 'home_moneyline': 140.0, 'away_moneyline': -165.0}]",3.5
401282666,2021,8,regular,2021-10-23T19:30:00.000Z,Pittsburgh,ACC,27.0,Clemson,ACC,17.0,"[{'provider': 'Bovada', 'spread': -3.5, 'formatted_spread': 'Pittsburgh -3.5', 'spread_open': -3.0, 'over_under': 47.0, 'over_under_open': 47.0, 'home_moneyline': -160.0, 'away_moneyline': 135.0}]",-3.5
401282237,2021,8,regular,2021-10-23T23:00:00.000Z,Louisiana Tech,Conference USA,16.0,UT San Antonio,Conference USA,45.0,"[{'provider': 'Bovada', 'spread': 6.0, 'formatted_spread': 'UT San Antonio -6.0', 'spread_open': 6.0, 'over_under': 60.0, 'over_under_open': 58.5, 'home_moneyline': 180.0, 'away_moneyline': -220.0}]",6.0
401282821,2021,8,regular,2021-10-23T19:00:00.000Z,Purdue,Big Ten,13.0,Wisconsin,Big Ten,30.0,"[{'provider': 'Bovada', 'spread': 3.5, 'formatted_spread': 'Wisconsin -3.5', 'spread_open': 3.0, 'over_under': 41.0, 'over_under_open': 39.0, 'home_moneyline': 135.0, 'away_moneyline': -160.0}]",3.5
401282663,2021,8,regular,2021-10-23T16:00:00.000Z,Florida State,ACC,59.0,UMass,FBS Independents,3.0,"[{'provider': 'Bovada', 'spread': -35.5, 'formatted_spread': 'Florida State -35.5', 'spread_open': -35.5, 'over_under': 59.0, 'over_under_open': 61.0, 'home_moneyline': None, 'away_moneyline': None}]",-35.5
401282668,2021,8,regular,2021-10-23T16:30:00.000Z,Virginia Tech,ACC,36.0,Syracuse,ACC,41.0,"[{'provider': 'Bovada', 'spread': -3.5, 'formatted_spread': 'Virginia Tech -3.5', 'spread_open': -4.0, 'over_under': 45.5, 'over_under_open': 46.0, 'home_moneyline': -165.0, 'away_moneyline': 140.0}]",-3.5
401282238,2021,8,regular,2021-10-23T19:30:00.000Z,UAB,Conference USA,24.0,Rice,Conference USA,30.0,"[{'provider': 'Bovada', 'spread': -24.0, 'formatted_spread': 'UAB -24.0', 'spread_open': -23.0, 'over_under': 44.5, 'over_under_open': 45.0, 'home_moneyline': -2200.0, 'away_moneyline': 1000.0}]",-24.0
401282767,2021,8,regular,2021-10-23T19:30:00.000Z,Minnesota,Big Ten,34.0,Maryland,Big Ten,16.0,"[{'provider': 'Bovada', 'spread': -4.0, 'formatted_spread': 'Minnesota -4.0', 'spread_open': -5.0, 'over_under': 52.5, 'over_under_open': 54.0, 'home_moneyline': -185.0, 'away_moneyline': 160.0}]",-4.0
401310699,2021,1,regular,2021-09-05T02:30:00.000Z,San Diego State,Mountain West,28.0,New Mexico State,FBS Independents,10.0,"[{'provider': 'Bovada', 'spread': -31.0, 'formatted_spread': 'San Diego State -31.0', 'spread_open': -28.5, 'over_under': 50.5, 'over_under_open': 50.0, 'home_moneyline': None, 'away_moneyline': None}]",-31.0
401309840,2021,1,regular,2021-09-05T03:00:00.000Z,Washington State,Pac-12,23.0,Utah State,Mountain West,26.0,"[{'provider': 'Bovada', 'spread': -17.5, 'formatted_spread': 'Washington State -17.5', 'spread_open': -15.5, 'over_under': 66.5, 'over_under_open': 64.5, 'home_moneyline': -1000.0, 'away_moneyline': 600.0}]",-17.5
401282235,2021,8,regular,2021-10-21T23:30:00.000Z,Charlotte,Conference USA,9.0,Florida Atlantic,Conference USA,38.0,"[{'provider': 'Bovada', 'spread': 6.5, 'formatted_spread': 'Florida Atlantic -6.5', 'spread_open': 5.0, 'over_under': 58.0, 'over_under_open': 55.0, 'home_moneyline': 230.0, 'away_moneyline': -280.0}]",6.5
401282239,2021,8,regular,2021-10-22T22:00:00.000Z,Connecticut,FBS Independents,13.0,Middle Tennessee,Conference USA,44.0,"[{'provider': 'Bovada', 'spread': 14.0, 'formatted_spread': 'Middle Tennessee -14.0', 'spread_open': 15.0, 'over_under': 54.0, 'over_under_open': 54.0, 'home_moneyline': 475.0, 'away_moneyline': -700.0}]",14.0
401301026,2021,8,regular,2021-10-22T23:00:00.000Z,UCF,American Athletic,24.0,Memphis,American Athletic,7.0,"[{'provider': 'Bovada', 'spread': 1.5, 'formatted_spread': 'Memphis -1.5', 'spread_open': -3.0, 'over_under': 66.0, 'over_under_open': 64.0, 'home_moneyline': 110.0, 'away_moneyline': -130.0}]",1.5
401282186,2021,2,regular,2021-09-11T18:00:00.000Z,Virginia Tech,ACC,35.0,Middle Tennessee,Conference USA,14.0,"[{'provider': 'Bovada', 'spread': -20.0, 'formatted_spread': 'Virginia Tech -20.0', 'spread_open': -20.0, 'over_under': 54.5, 'over_under_open': 54.5, 'home_moneyline': -1300.0, 'away_moneyline': 725.0}]",-20.0
401282193,2021,2,regular,2021-09-11T15:30:00.000Z,Army,FBS Independents,38.0,Western Kentucky,Conference USA,35.0,"[{'provider': 'Bovada', 'spread': -6.0, 'formatted_spread': 'Army -6.0', 'spread_open': -5.0, 'over_under': 52.0, 'over_under_open': 54.5, 'home_moneyline': -230.0, 'away_moneyline': 190.0}]",-6.0
401282183,2021,2,regular,2021-09-11T19:30:00.000Z,Florida Atlantic,Conference USA,38.0,Georgia Southern,Sun Belt,6.0,"[{'provider': 'Bovada', 'spread': -7.0, 'formatted_spread': 'Florida Atlantic -7.0', 'spread_open': -7.0, 'over_under': 48.0, 'over_under_open': 48.0, 'home_moneyline': -275.0, 'away_moneyline': 225.0}]",-7.0
401282192,2021,2,regular,2021-09-11T22:00:00.000Z,UT San Antonio,Conference USA,54.0,Lamar,AWC,0.0,"[{'provider': 'Bovada', 'spread': -38.0, 'formatted_spread': 'UT San Antonio -38.0', 'spread_open': -37.5, 'over_under': 65.0, 'over_under_open': 65.0, 'home_moneyline': None, 'away_moneyline': None}]",-38.0
401282185,2021,2,regular,2021-09-11T22:30:00.000Z,Marshall,Conference USA,44.0,North Carolina Central,MEAC,10.0,"[{'provider': 'Bovada', 'spread': -43.5, 'formatted_spread': 'Marshall -43.5', 'spread_open': -43.5, 'over_under': 51.0, 'over_under_open': 50.0, 'home_moneyline': None, 'away_moneyline': None}]",-43.5
401282189,2021,2,regular,2021-09-11T22:30:00.000Z,Rice,Conference USA,7.0,Houston,American Athletic,44.0,"[{'provider': 'Bovada', 'spread': 8.0, 'formatted_spread': 'Houston -8.0', 'spread_open': 9.0, 'over_under': 51.0, 'over_under_open': 54.5, 'home_moneyline': 260.0, 'away_moneyline': -320.0}]",8.0
401282184,2021,2,regular,2021-09-11T23:00:00.000Z,Louisiana Tech,Conference USA,45.0,Southeastern Louisiana,Southland,42.0,"[{'provider': 'Bovada', 'spread': -11.5, 'formatted_spread': 'Louisiana Tech -11.5', 'spread_open': -11.5, 'over_under': 70.5, 'over_under_open': 70.5, 'home_moneyline': None, 'away_moneyline': None}]",-11.5
401282187,2021,2,regular,2021-09-11T23:00:00.000Z,SMU,American Athletic,35.0,North Texas,Conference USA,12.0,"[{'provider': 'Bovada', 'spread': -22.5, 'formatted_spread': 'SMU -22.5', 'spread_open': -21.5, 'over_under': 74.0, 'over_under_open': 72.5, 'home_moneyline': -1900.0, 'away_moneyline': 900.0}]",-22.5
401282188,2021,2,regular,2021-09-11T23:00:00.000Z,Old Dominion,Conference USA,47.0,Hampton,Big South,7.0,"[{'provider': 'Bovada', 'spread': -20.5, 'formatted_spread': 'Old Dominion -20.5', 'spread_open': -20.0, 'over_under': 55.0, 'over_under_open': 55.0, 'home_moneyline': None, 'away_moneyline': None}]",-20.5
401282190,2021,2,regular,2021-09-11T23:00:00.000Z,Southern Mississippi,Conference USA,37.0,Grambling,SWAC,0.0,"[{'provider': 'Bovada', 'spread': -23.5, 'formatted_spread': 'Southern Mississippi -23.5', 'spread_open': -23.5, 'over_under': 47.5, 'over_under_open': 47.5, 'home_moneyline': None, 'away_moneyline': None}]",-23.5
401301021,2021,6,regular,2021-10-09T19:30:00.000Z,Navy,American Athletic,24.0,SMU,American Athletic,31.0,"[{'provider': 'Bovada', 'spread': 13.5, 'formatted_spread': 'SMU -13.5', 'spread_open': 14.5, 'over_under': 56.0, 'over_under_open': 57.5, 'home_moneyline': 395.0, 'away_moneyline': -555.0}]",13.5
401310716,2021,6,regular,2021-10-10T01:00:00.000Z,San Diego State,Mountain West,31.0,New Mexico,Mountain West,7.0,"[{'provider': 'Bovada', 'spread': -19.5, 'formatted_spread': 'San Diego State -19.5', 'spread_open': -19.0, 'over_under': 42.5, 'over_under_open': 44.5, 'home_moneyline': -1200.0, 'away_moneyline': 700.0}]",-19.5
401308836,2021,6,regular,2021-10-09T19:30:00.000Z,Eastern Michigan,Mid-American,13.0,Miami (OH),Mid-American,12.0,"[{'provider': 'Bovada', 'spread': 2.0, 'formatted_spread': 'Miami (OH) -2.0', 'spread_open': 1.0, 'over_under': 58.5, 'over_under_open': 55.5, 'home_moneyline': 110.0, 'away_moneyline': -130.0}]",2.0
401309851,2021,3,regular,2021-09-18T19:30:00.000Z,Oregon State,Pac-12,42.0,Idaho,Big Sky,0.0,"[{'provider': 'Bovada', 'spread': -28.0, 'formatted_spread': 'Oregon State -28.0', 'spread_open': -28.0, 'over_under': 63.5, 'over_under_open': 64.0, 'home_moneyline': None, 'away_moneyline': None}]",-28.0
401309852,2021,3,regular,2021-09-18T19:30:00.000Z,Washington State,Pac-12,14.0,USC,Pac-12,45.0,"[{'provider': 'Bovada', 'spread': 7.5, 'formatted_spread': 'USC -7.5', 'spread_open': 9.0, 'over_under': 62.0, 'over_under_open': 63.0, 'home_moneyline': 250.0, 'away_moneyline': -300.0}]",7.5
401309553,2021,3,regular,2021-09-18T20:00:00.000Z,Toledo,Mid-American,6.0,Colorado State,Mountain West,22.0,"[{'provider': 'Bovada', 'spread': -14.5, 'formatted_spread': 'Toledo -14.5', 'spread_open': -14.0, 'over_under': 58.5, 'over_under_open': 58.5, 'home_moneyline': -700.0, 'away_moneyline': 475.0}]",-14.5
401309605,2021,3,regular,2021-09-18T20:15:00.000Z,Washington,Pac-12,52.0,Arkansas State,Sun Belt,3.0,"[{'provider': 'Bovada', 'spread': -17.0, 'formatted_spread': 'Washington -17.0', 'spread_open': -16.5, 'over_under': 58.5, 'over_under_open': 58.5, 'home_moneyline': -900.0, 'away_moneyline': 575.0}]",-17.0
401309609,2021,3,regular,2021-09-18T23:00:00.000Z,Texas State,Sun Belt,34.0,Incarnate Word,Southland,42.0,"[{'provider': 'Bovada', 'spread': -11.0, 'formatted_spread': 'Texas State -11.0', 'spread_open': -10.5, 'over_under': 66.0, 'over_under_open': 64.5, 'home_moneyline': -435.0, 'away_moneyline': 325.0}]",-11.0
401309607,2021,3,regular,2021-09-19T00:00:00.000Z,Louisiana Monroe,Sun Belt,12.0,Jackson State,SWAC,7.0,"[{'provider': 'Bovada', 'spread': -4.5, 'formatted_spread': 'Louisiana Monroe -4.5', 'spread_open': -6.0, 'over_under': 52.5, 'over_under_open': 52.5, 'home_moneyline': -200.0, 'away_moneyline': 170.0}]",-4.5
401309608,2021,3,regular,2021-09-19T00:00:00.000Z,South Alabama,Sun Belt,28.0,Alcorn State,SWAC,21.0,"[{'provider': 'Bovada', 'spread': -21.0, 'formatted_spread': 'South Alabama -21.0', 'spread_open': -21.5, 'over_under': 44.0, 'over_under_open': 44.0, 'home_moneyline': None, 'away_moneyline': None}]",-21.0
401309853,2021,3,regular,2021-09-19T02:00:00.000Z,Arizona,Pac-12,19.0,Northern Arizona,Big Sky,21.0,"[{'provider': 'Bovada', 'spread': -26.5, 'formatted_spread': 'Arizona -26.5', 'spread_open': -24.5, 'over_under': 53.5, 'over_under_open': 52.0, 'home_moneyline': None, 'away_moneyline': None}]",-26.5
401309850,2021,3,regular,2021-09-18T23:30:00.000Z,Oregon,Pac-12,48.0,Stony Brook,CAA,7.0,"[{'provider': 'Bovada', 'spread': -41.5, 'formatted_spread': 'Oregon -41.5', 'spread_open': -40.5, 'over_under': 53.5, 'over_under_open': 53.0, 'home_moneyline': None, 'away_moneyline': None}]",-41.5
401309604,2021,3,regular,2021-09-18T19:30:00.000Z,Appalachian State,Sun Belt,44.0,Elon,CAA,10.0,"[{'provider': 'Bovada', 'spread': -35.0, 'formatted_spread': 'Appalachian State -35.0', 'spread_open': -35.0, 'over_under': 52.0, 'over_under_open': 51.0, 'home_moneyline': None, 'away_moneyline': None}]",-35.0
401309849,2021,3,regular,2021-09-18T20:00:00.000Z,California,Pac-12,42.0,Sacramento State,Big Sky,30.0,"[{'provider': 'Bovada', 'spread': -24.5, 'formatted_spread': 'California -24.5', 'spread_open': -24.5, 'over_under': 49.0, 'over_under_open': 49.0, 'home_moneyline': None, 'away_moneyline': None}]",-24.5
401309606,2021,3,regular,2021-09-17T00:00:00.000Z,Louisiana,Sun Belt,49.0,Ohio,Mid-American,14.0,"[{'provider': 'Bovada', 'spread': -19.0, 'formatted_spread': 'Louisiana -19.0', 'spread_open': -20.0, 'over_under': 56.5, 'over_under_open': 54.5, 'home_moneyline': -1600.0, 'away_moneyline': 800.0}]",-19.0
401309854,2021,3,regular,2021-09-19T02:15:00.000Z,BYU,FBS Independents,27.0,Arizona State,Pac-12,17.0,"[{'provider': 'Bovada', 'spread': 3.5, 'formatted_spread': 'Arizona State -3.5', 'spread_open': 2.5, 'over_under': 50.5, 'over_under_open': 50.5, 'home_moneyline': 145.0, 'away_moneyline': -170.0}]",3.5
401282078,2021,3,regular,2021-09-18T16:00:00.000Z,Tennessee,SEC,56.0,Tennessee Tech,OVC,0.0,"[{'provider': 'Bovada', 'spread': -38.5, 'formatted_spread': 'Tennessee -38.5', 'spread_open': -40.5, 'over_under': 53.0, 'over_under_open': 51.5, 'home_moneyline': None, 'away_moneyline': None}]",-38.5
401282079,2021,3,regular,2021-09-18T16:00:00.000Z,Texas A&M,SEC,34.0,New Mexico,Mountain West,0.0,"[{'provider': 'Bovada', 'spread': -30.5, 'formatted_spread': 'Texas A&M -30.5', 'spread_open': -28.0, 'over_under': 49.5, 'over_under_open': 51.0, 'home_moneyline': -6500.0, 'away_moneyline': 1325.0}]",-30.5
401282194,2021,3,regular,2021-09-18T22:00:00.000Z,UT San Antonio,Conference USA,27.0,Middle Tennessee,Conference USA,13.0,"[{'provider': 'Bovada', 'spread': -11.0, 'formatted_spread': 'UT San Antonio -11.0', 'spread_open': -13.0, 'over_under': 59.5, 'over_under_open': 57.5, 'home_moneyline': -530.0, 'away_moneyline': 380.0}]",-11.0
401282195,2021,3,regular,2021-09-18T23:30:00.000Z,North Texas,Conference USA,6.0,UAB,Conference USA,40.0,"[{'provider': 'Bovada', 'spread': 13.0, 'formatted_spread': 'UAB -13.0', 'spread_open': 13.5, 'over_under': 58.0, 'over_under_open': 57.0, 'home_moneyline': 360.0, 'away_moneyline': -500.0}]",13.0
401282080,2021,3,regular,2021-09-19T00:00:00.000Z,Vanderbilt,SEC,23.0,Stanford,Pac-12,41.0,"[{'provider': 'Bovada', 'spread': 13.0, 'formatted_spread': 'Stanford -13.0', 'spread_open': 11.0, 'over_under': 48.5, 'over_under_open': 48.5, 'home_moneyline': 345.0, 'away_moneyline': -470.0}]",13.0
401282204,2021,4,regular,2021-09-24T22:30:00.000Z,Charlotte,Conference USA,42.0,Middle Tennessee,Conference USA,39.0,"[{'provider': 'Bovada', 'spread': -3.0, 'formatted_spread': 'Charlotte -3.0', 'spread_open': -2.5, 'over_under': 56.0, 'over_under_open': 56.0, 'home_moneyline': -150.0, 'away_moneyline': 130.0}]",-3.0
401282088,2021,4,regular,2021-09-25T16:00:00.000Z,Vanderbilt,SEC,0.0,Georgia,SEC,62.0,"[{'provider': 'Bovada', 'spread': 37.0, 'formatted_spread': 'Georgia -37.0', 'spread_open': 34.0, 'over_under': 54.5, 'over_under_open': 51.0, 'home_moneyline': None, 'away_moneyline': None}]",37.0
401282206,2021,4,regular,2021-09-25T16:00:00.000Z,Central Michigan,Mid-American,31.0,Florida International,Conference USA,27.0,"[{'provider': 'Bovada', 'spread': -12.5, 'formatted_spread': 'Central Michigan -12.5', 'spread_open': -11.5, 'over_under': 55.5, 'over_under_open': 56.5, 'home_moneyline': -470.0, 'away_moneyline': 345.0}]",-12.5
401282205,2021,4,regular,2021-09-25T23:00:00.000Z,Louisiana Tech,Conference USA,24.0,North Texas,Conference USA,17.0,"[{'provider': 'Bovada', 'spread': -11.0, 'formatted_spread': 'Louisiana Tech -11.0', 'spread_open': -12.5, 'over_under': 65.5, 'over_under_open': 64.5, 'home_moneyline': -460.0, 'away_moneyline': 340.0}]",-11.0
401282207,2021,4,regular,2021-09-26T00:00:00.000Z,Air Force,Mountain West,31.0,Florida Atlantic,Conference USA,7.0,"[{'provider': 'Bovada', 'spread': -4.0, 'formatted_spread': 'Air Force -4.0', 'spread_open': -5.0, 'over_under': 54.0, 'over_under_open': 50.5, 'home_moneyline': -180.0, 'away_moneyline': 155.0}]",-4.0
401286305,2021,12,regular,2021-11-20T17:00:00.000Z,Army,FBS Independents,33.0,UMass,FBS Independents,17.0,"[{'provider': 'Bovada', 'spread': -37.0, 'formatted_spread': 'Army -37.0', 'spread_open': -37.5, 'over_under': 56.0, 'over_under_open': 57.0, 'home_moneyline': None, 'away_moneyline': None}]",-37.0
401282209,2021,4,regular,2021-09-25T22:00:00.000Z,Old Dominion,Conference USA,34.0,Buffalo,Mid-American,35.0,"[{'provider': 'Bovada', 'spread': 13.0, 'formatted_spread': 'Buffalo -13.0', 'spread_open': 12.5, 'over_under': 50.5, 'over_under_open': 54.0, 'home_moneyline': 390.0, 'away_moneyline': -545.0}]",13.0
401310711,2021,5,regular,2021-10-02T19:30:00.000Z,Boise State,Mountain West,31.0,Nevada,Mountain West,41.0,"[{'provider': 'Bovada', 'spread': -4.5, 'formatted_spread': 'Boise State -4.5', 'spread_open': -6.5, 'over_under': 59.0, 'over_under_open': 56.0, 'home_moneyline': -200.0, 'away_moneyline': 170.0}]",-4.5
401310712,2021,5,regular,2021-10-03T03:00:00.000Z,Hawai'i,Mountain West,27.0,Fresno State,Mountain West,24.0,"[{'provider': 'Bovada', 'spread': 11.0, 'formatted_spread': 'Fresno State -11.0', 'spread_open': 10.0, 'over_under': 64.0, 'over_under_open': 63.0, 'home_moneyline': 310.0, 'away_moneyline': -415.0}]",11.0
401308835,2021,5,regular,2021-10-02T19:30:00.000Z,Miami (OH),Mid-American,28.0,Central Michigan,Mid-American,17.0,"[{'provider': 'Bovada', 'spread': 1.5, 'formatted_spread': 'Central Michigan -1.5', 'spread_open': -1.0, 'over_under': 56.0, 'over_under_open': 56.0, 'home_moneyline': -115.0, 'away_moneyline': -120.0}]",1.5
401282813,2021,5,regular,2021-10-02T19:30:00.000Z,Rutgers,Big Ten,13.0,Ohio State,Big Ten,52.0,"[{'provider': 'Bovada', 'spread': 15.0, 'formatted_spread': 'Ohio State -15.0', 'spread_open': 15.5, 'over_under': 58.0, 'over_under_open': 56.5, 'home_moneyline': 475.0, 'away_moneyline': -700.0}]",15.0
401282224,2021,6,regular,2021-10-08T23:00:00.000Z,Florida International,Conference USA,33.0,Charlotte,Conference USA,45.0,"[{'provider': 'Bovada', 'spread': 3.5, 'formatted_spread': 'Charlotte -3.5', 'spread_open': 3.5, 'over_under': 61.0, 'over_under_open': 59.0, 'home_moneyline': 150.0, 'away_moneyline': -175.0}]",3.5
401309864,2021,5,regular,2021-10-02T19:30:00.000Z,Stanford,Pac-12,31.0,Oregon,Pac-12,24.0,"[{'provider': 'Bovada', 'spread': 8.5, 'formatted_spread': 'Oregon -8.5', 'spread_open': 7.0, 'over_under': 57.5, 'over_under_open': 58.5, 'home_moneyline': 255.0, 'away_moneyline': -310.0}]",8.5
401287913,2021,5,regular,2021-10-02T19:30:00.000Z,Kansas State,Big 12,31.0,Oklahoma,Big 12,37.0,"[{'provider': 'Bovada', 'spread': 13.0, 'formatted_spread': 'Oklahoma -13.0', 'spread_open': 10.5, 'over_under': 53.0, 'over_under_open': 52.5, 'home_moneyline': 325.0, 'away_moneyline': -435.0}]",13.0
401287914,2021,5,regular,2021-10-02T23:00:00.000Z,Oklahoma State,Big 12,24.0,Baylor,Big 12,14.0,"[{'provider': 'Bovada', 'spread': -4.0, 'formatted_spread': 'Oklahoma State -4.0', 'spread_open': -4.0, 'over_under': 47.0, 'over_under_open': 49.5, 'home_moneyline': -175.0, 'away_moneyline': 150.0}]",-4.0
401309866,2021,5,regular,2021-10-03T02:30:00.000Z,UCLA,Pac-12,23.0,Arizona State,Pac-12,42.0,"[{'provider': 'Bovada', 'spread': -3.0, 'formatted_spread': 'UCLA -3.0', 'spread_open': -3.5, 'over_under': 56.0, 'over_under_open': 55.0, 'home_moneyline': -145.0, 'away_moneyline': 125.0}]",-3.0
401286302,2021,5,regular,2021-10-02T16:00:00.000Z,UMass,FBS Independents,7.0,Toledo,Mid-American,45.0,"[{'provider': 'Bovada', 'spread': 27.0, 'formatted_spread': 'Toledo -27.0', 'spread_open': 26.5, 'over_under': 56.5, 'over_under_open': 58.0, 'home_moneyline': None, 'away_moneyline': None}]",27.0
401287915,2021,5,regular,2021-10-02T16:00:00.000Z,TCU,Big 12,27.0,Texas,Big 12,32.0,"[{'provider': 'Bovada', 'spread': 4.0, 'formatted_spread': 'Texas -4.0', 'spread_open': 4.0, 'over_under': 65.5, 'over_under_open': 67.0, 'home_moneyline': 165.0, 'away_moneyline': -195.0}]",4.0
401301015,2021,5,regular,2021-10-02T16:00:00.000Z,Temple,American Athletic,34.0,Memphis,American Athletic,31.0,"[{'provider': 'Bovada', 'spread': 11.5, 'formatted_spread': 'Memphis -11.5', 'spread_open': 11.5, 'over_under': 58.0, 'over_under_open': 61.0, 'home_moneyline': 320.0, 'away_moneyline': -430.0}]",11.5
401309561,2021,5,regular,2021-10-02T16:00:00.000Z,Buffalo,Mid-American,17.0,Western Michigan,Mid-American,24.0,"[{'provider': 'Bovada', 'spread': 7.0, 'formatted_spread': 'Western Michigan -7.0', 'spread_open': 6.0, 'over_under': 59.5, 'over_under_open': 59.0, 'home_moneyline': 215.0, 'away_moneyline': -260.0}]",7.0
401309867,2021,5,regular,2021-10-02T18:00:00.000Z,Colorado,Pac-12,14.0,USC,Pac-12,37.0,"[{'provider': 'Bovada', 'spread': 9.0, 'formatted_spread': 'USC -9.0', 'spread_open': 7.0, 'over_under': 51.0, 'over_under_open': 50.5, 'home_moneyline': 260.0, 'away_moneyline': -320.0}]",9.0
401309558,2021,5,regular,2021-10-02T18:30:00.000Z,Northern Illinois,Mid-American,27.0,Eastern Michigan,Mid-American,20.0,"[{'provider': 'Bovada', 'spread': 0.0, 'formatted_spread': 'Eastern Michigan -0.0', 'spread_open': 1.0, 'over_under': 62.0, 'over_under_open': 62.0, 'home_moneyline': -120.0, 'away_moneyline': -115.0}]",0.0
401287916,2021,5,regular,2021-10-02T19:30:00.000Z,West Virginia,Big 12,20.0,Texas Tech,Big 12,23.0,"[{'provider': 'Bovada', 'spread': -7.0, 'formatted_spread': 'West Virginia -7.0', 'spread_open': -7.5, 'over_under': 55.0, 'over_under_open': 57.0, 'home_moneyline': -280.0, 'away_moneyline': 230.0}]",-7.0
401301013,2021,5,regular,2021-10-02T19:30:00.000Z,Navy,American Athletic,34.0,UCF,American Athletic,30.0,"[{'provider': 'Bovada', 'spread': 16.0, 'formatted_spread': 'UCF -16.0', 'spread_open': 16.0, 'over_under': 52.5, 'over_under_open': 56.5, 'home_moneyline': 525.0, 'away_moneyline': -800.0}]",16.0
401301014,2021,5,regular,2021-10-02T19:30:00.000Z,East Carolina,American Athletic,52.0,Tulane,American Athletic,29.0,"[{'provider': 'Bovada', 'spread': 3.0, 'formatted_spread': 'Tulane -3.0', 'spread_open': 3.5, 'over_under': 64.5, 'over_under_open': 64.0, 'home_moneyline': 135.0, 'away_moneyline': -160.0}]",3.0
401309560,2021,5,regular,2021-10-02T19:30:00.000Z,Akron,Mid-American,17.0,Ohio,Mid-American,34.0,"[{'provider': 'Bovada', 'spread': 9.5, 'formatted_spread': 'Ohio -9.5', 'spread_open': 9.0, 'over_under': 55.0, 'over_under_open': 54.5, 'home_moneyline': 280.0, 'away_moneyline': -360.0}]",9.5
401309562,2021,5,regular,2021-10-02T19:30:00.000Z,Kent State,Mid-American,27.0,Bowling Green,Mid-American,20.0,"[{'provider': 'Bovada', 'spread': -16.5, 'formatted_spread': 'Kent State -16.5', 'spread_open': -16.0, 'over_under': 56.0, 'over_under_open': 55.5, 'home_moneyline': -850.0, 'away_moneyline': 550.0}]",-16.5
401301016,2021,5,regular,2021-10-02T20:00:00.000Z,SMU,American Athletic,41.0,South Florida,American Athletic,17.0,"[{'provider': 'Bovada', 'spread': -21.0, 'formatted_spread': 'SMU -21.0', 'spread_open': -20.0, 'over_under': 68.5, 'over_under_open': 68.0, 'home_moneyline': -1500.0, 'away_moneyline': 775.0}]",-21.0
401309559,2021,5,regular,2021-10-02T21:00:00.000Z,Ball State,Mid-American,28.0,Army,FBS Independents,16.0,"[{'provider': 'Bovada', 'spread': 10.5, 'formatted_spread': 'Army -10.5', 'spread_open': 6.0, 'over_under': 47.5, 'over_under_open': 47.0, 'home_moneyline': 310.0, 'away_moneyline': -415.0}]",10.5
401309863,2021,5,regular,2021-10-02T21:30:00.000Z,California,Pac-12,6.0,Washington State,Pac-12,21.0,"[{'provider': 'Bovada', 'spread': -7.5, 'formatted_spread': 'California -7.5', 'spread_open': -7.5, 'over_under': 52.5, 'over_under_open': 52.5, 'home_moneyline': -300.0, 'away_moneyline': 250.0}]",-7.5
401310710,2021,5,regular,2021-10-02T22:30:00.000Z,New Mexico,Mountain West,10.0,Air Force,Mountain West,38.0,"[{'provider': 'Bovada', 'spread': 11.5, 'formatted_spread': 'Air Force -11.5', 'spread_open': 10.5, 'over_under': 45.5, 'over_under_open': 48.5, 'home_moneyline': 335.0, 'away_moneyline': -455.0}]",11.5
401287912,2021,5,regular,2021-10-02T23:00:00.000Z,Iowa State,Big 12,59.0,Kansas,Big 12,7.0,"[{'provider': 'Bovada', 'spread': -34.5, 'formatted_spread': 'Iowa State -34.5', 'spread_open': -33.5, 'over_under': 57.0, 'over_under_open': 57.5, 'home_moneyline': None, 'away_moneyline': None}]",-34.5
401282800,2021,5,regular,2021-10-02T23:30:00.000Z,Nebraska,Big Ten,56.0,Northwestern,Big Ten,7.0,"[{'provider': 'Bovada', 'spread': -11.0, 'formatted_spread': 'Nebraska -11.0', 'spread_open': -10.0, 'over_under': 51.5, 'over_under_open': 50.0, 'home_moneyline': -445.0, 'away_moneyline': 330.0}]",-11.0
401309615,2021,5,regular,2021-10-03T00:00:00.000Z,South Alabama,Sun Belt,18.0,Louisiana,Sun Belt,20.0,"[{'provider': 'Bovada', 'spread': 12.0, 'formatted_spread': 'Louisiana -12.0', 'spread_open': 11.0, 'over_under': 53.0, 'over_under_open': 51.0, 'home_moneyline': 360.0, 'away_moneyline': -500.0}]",12.0
401309865,2021,5,regular,2021-10-03T01:00:00.000Z,Oregon State,Pac-12,27.0,Washington,Pac-12,24.0,"[{'provider': 'Bovada', 'spread': -2.0, 'formatted_spread': 'Oregon State -2.0', 'spread_open': 3.0, 'over_under': 57.5, 'over_under_open': 54.5, 'home_moneyline': -130.0, 'away_moneyline': 110.0}]",-2.0
401310713,2021,5,regular,2021-10-03T02:30:00.000Z,San José State,Mountain West,37.0,New Mexico State,FBS Independents,31.0,"[{'provider': 'Bovada', 'spread': -25.5, 'formatted_spread': 'San José State -25.5', 'spread_open': -27.5, 'over_under': 51.5, 'over_under_open': 51.5, 'home_moneyline': None, 'away_moneyline': None}]",-25.5
401309616,2021,6,regular,2021-10-07T23:30:00.000Z,Arkansas State,Sun Belt,20.0,Coastal Carolina,Sun Belt,52.0,"[{'provider': 'Bovada', 'spread': 20.5, 'formatted_spread': 'Coastal Carolina -20.5', 'spread_open': 17.5, 'over_under': 74.5, 'over_under_open': 70.0, 'home_moneyline': 700.0, 'away_moneyline': -1200.0}]",20.5
401301017,2021,6,regular,2021-10-07T23:30:00.000Z,Tulane,American Athletic,22.0,Houston,American Athletic,40.0,"[{'provider': 'Bovada', 'spread': 7.0, 'formatted_spread': 'Houston -7.0', 'spread_open': 4.5, 'over_under': 60.0, 'over_under_open': 62.0, 'home_moneyline': 170.0, 'away_moneyline': -200.0}]",7.0
401301018,2021,6,regular,2021-10-08T23:00:00.000Z,Cincinnati,American Athletic,52.0,Temple,American Athletic,3.0,"[{'provider': 'Bovada', 'spread': -30.0, 'formatted_spread': 'Cincinnati -30.0', 'spread_open': -28.0, 'over_under': 53.0, 'over_under_open': 54.0, 'home_moneyline': -6500.0, 'away_moneyline': 1325.0}]",-30.0
401309868,2021,6,regular,2021-10-09T02:30:00.000Z,Arizona State,Pac-12,28.0,Stanford,Pac-12,10.0,"[{'provider': 'Bovada', 'spread': -13.5, 'formatted_spread': 'Arizona State -13.5', 'spread_open': -10.5, 'over_under': 53.5, 'over_under_open': 52.0, 'home_moneyline': -520.0, 'away_moneyline': 375.0}]",-13.5
401282103,2021,6,regular,2021-10-10T00:00:00.000Z,Texas A&M,SEC,41.0,Alabama,SEC,38.0,"[{'provider': 'Bovada', 'spread': 18.5, 'formatted_spread': 'Alabama -18.5', 'spread_open': 17.5, 'over_under': 51.0, 'over_under_open': 51.0, 'home_moneyline': 700.0, 'away_moneyline': -1200.0}]",18.5
401282097,2021,6,regular,2021-10-09T19:30:00.000Z,Auburn,SEC,10.0,Georgia,SEC,34.0,"[{'provider': 'Bovada', 'spread': 15.5, 'formatted_spread': 'Georgia -15.5', 'spread_open': 14.5, 'over_under': 46.0, 'over_under_open': 45.0, 'home_moneyline': 475.0, 'away_moneyline': -700.0}]",15.5
401282100,2021,6,regular,2021-10-09T16:00:00.000Z,Ole Miss,SEC,52.0,Arkansas,SEC,51.0,"[{'provider': 'Bovada', 'spread': -5.0, 'formatted_spread': 'Ole Miss -5.0', 'spread_open': -6.0, 'over_under': 66.5, 'over_under_open': 66.0, 'home_moneyline': -195.0, 'away_moneyline': 165.0}]",-5.0
401282656,2021,6,regular,2021-10-09T23:30:00.000Z,Virginia Tech,ACC,29.0,Notre Dame,FBS Independents,32.0,"[{'provider': 'Bovada', 'spread': 0.0, 'formatted_spread': 'Notre Dame -0.0', 'spread_open': 1.5, 'over_under': 47.0, 'over_under_open': 46.5, 'home_moneyline': -105.0, 'away_moneyline': -115.0}]",0.0
401282099,2021,6,regular,2021-10-09T23:30:00.000Z,Kentucky,SEC,42.0,LSU,SEC,21.0,"[{'provider': 'Bovada', 'spread': -2.5, 'formatted_spread': 'Kentucky -2.5', 'spread_open': -3.5, 'over_under': 50.5, 'over_under_open': 52.5, 'home_moneyline': -135.0, 'away_moneyline': 115.0}]",-2.5
401282655,2021,6,regular,2021-10-09T19:30:00.000Z,Syracuse,ACC,37.0,Wake Forest,ACC,40.0,"[{'provider': 'Bovada', 'spread': 6.0, 'formatted_spread': 'Wake Forest -6.0', 'spread_open': 6.5, 'over_under': 58.5, 'over_under_open': 57.5, 'home_moneyline': 190.0, 'away_moneyline': -230.0}]",6.0
401282098,2021,6,regular,2021-10-09T16:00:00.000Z,Florida,SEC,42.0,Vanderbilt,SEC,0.0,"[{'provider': 'Bovada', 'spread': -39.0, 'formatted_spread': 'Florida -39.0', 'spread_open': -39.0, 'over_under': 60.0, 'over_under_open': 57.5, 'home_moneyline': None, 'away_moneyline': None}]",-39.0
401309549,2021,3,regular,2021-09-18T20:00:00.000Z,Wyoming,Mountain West,45.0,Ball State,Mid-American,12.0,"[{'provider': 'Bovada', 'spread': -7.0, 'formatted_spread': 'Wyoming -7.0', 'spread_open': -6.0, 'over_under': 53.0, 'over_under_open': 55.0, 'home_moneyline': -250.0, 'away_moneyline': 210.0}]",-7.0
401309856,2021,3,regular,2021-09-18T23:00:00.000Z,San Diego State,Mountain West,33.0,Utah,Pac-12,31.0,"[{'provider': 'Bovada', 'spread': 8.0, 'formatted_spread': 'Utah -8.0', 'spread_open': 7.0, 'over_under': 43.0, 'over_under_open': 44.5, 'home_moneyline': 275.0, 'away_moneyline': -350.0}]",8.0
401310704,2021,3,regular,2021-09-18T23:30:00.000Z,Air Force,Mountain West,45.0,Utah State,Mountain West,49.0,"[{'provider': 'Bovada', 'spread': -9.0, 'formatted_spread': 'Air Force -9.0', 'spread_open': -9.0, 'over_under': 54.0, 'over_under_open': 51.5, 'home_moneyline': -360.0, 'away_moneyline': 280.0}]",-9.0
401309550,2021,3,regular,2021-09-18T19:30:00.000Z,Akron,Mid-American,35.0,Bryant,NEC,14.0,"[{'provider': 'Bovada', 'spread': -13.0, 'formatted_spread': 'Akron -13.0', 'spread_open': -10.5, 'over_under': 50.0, 'over_under_open': 50.0, 'home_moneyline': -415.0, 'away_moneyline': 310.0}]",-13.0
401309551,2021,3,regular,2021-09-18T21:00:00.000Z,Bowling Green,Mid-American,27.0,Murray State,OVC,10.0,"[{'provider': 'Bovada', 'spread': 2.5, 'formatted_spread': 'Murray State -2.5', 'spread_open': 1.0, 'over_under': 45.5, 'over_under_open': 46.0, 'home_moneyline': 110.0, 'away_moneyline': -130.0}]",2.5
401319455,2021,3,regular,2021-09-19T00:00:00.000Z,New Mexico State,FBS Independents,43.0,South Carolina State,MEAC,35.0,"[{'provider': 'Bovada', 'spread': -1.0, 'formatted_spread': 'New Mexico State -1.0', 'spread_open': -1.0, 'over_under': 54.5, 'over_under_open': 55.0, 'home_moneyline': -115.0, 'away_moneyline': -105.0}]",-1.0
401282208,2021,4,regular,2021-09-23T23:30:00.000Z,Appalachian State,Sun Belt,31.0,Marshall,Conference USA,30.0,"[{'provider': 'Bovada', 'spread': -7.5, 'formatted_spread': 'Appalachian State -7.5', 'spread_open': -7.0, 'over_under': 59.5, 'over_under_open': 56.5, 'home_moneyline': -340.0, 'away_moneyline': 270.0}]",-7.5
401282638,2021,4,regular,2021-09-24T23:00:00.000Z,Virginia,ACC,17.0,Wake Forest,ACC,37.0,"[{'provider': 'Bovada', 'spread': -3.5, 'formatted_spread': 'Virginia -3.5', 'spread_open': -4.0, 'over_under': 70.0, 'over_under_open': 66.5, 'home_moneyline': -175.0, 'away_moneyline': 150.0}]",-3.5
401282081,2021,4,regular,2021-09-25T23:30:00.000Z,Alabama,SEC,63.0,Southern Mississippi,Conference USA,14.0,"[{'provider': 'Bovada', 'spread': -45.0, 'formatted_spread': 'Alabama -45.0', 'spread_open': -45.0, 'over_under': 58.0, 'over_under_open': 57.0, 'home_moneyline': None, 'away_moneyline': None}]",-45.0
401287908,2021,4,regular,2021-09-25T23:30:00.000Z,Oklahoma,Big 12,16.0,West Virginia,Big 12,13.0,"[{'provider': 'Bovada', 'spread': -17.0, 'formatted_spread': 'Oklahoma -17.0', 'spread_open': -15.0, 'over_under': 56.0, 'over_under_open': 58.5, 'home_moneyline': -900.0, 'away_moneyline': 575.0}]",-17.0
401282082,2021,4,regular,2021-09-25T19:30:00.000Z,Arkansas,SEC,20.0,Texas A&M,SEC,10.0,"[{'provider': 'Bovada', 'spread': 4.0, 'formatted_spread': 'Texas A&M -4.0', 'spread_open': 5.5, 'over_under': 47.0, 'over_under_open': 47.5, 'home_moneyline': 165.0, 'away_moneyline': -195.0}]",4.0
401282084,2021,4,regular,2021-09-25T23:00:00.000Z,Florida,SEC,38.0,Tennessee,SEC,14.0,"[{'provider': 'Bovada', 'spread': -19.0, 'formatted_spread': 'Florida -19.0', 'spread_open': -20.0, 'over_under': 64.5, 'over_under_open': 60.5, 'home_moneyline': -1300.0, 'away_moneyline': 725.0}]",-19.0
401287907,2021,4,regular,2021-09-25T19:30:00.000Z,Baylor,Big 12,31.0,Iowa State,Big 12,29.0,"[{'provider': 'Bovada', 'spread': 7.0, 'formatted_spread': 'Iowa State -7.0', 'spread_open': 6.5, 'over_under': 46.5, 'over_under_open': 48.5, 'home_moneyline': 215.0, 'away_moneyline': -260.0}]",7.0
401282083,2021,4,regular,2021-09-25T20:00:00.000Z,Auburn,SEC,34.0,Georgia State,Sun Belt,24.0,"[{'provider': 'Bovada', 'spread': -27.5, 'formatted_spread': 'Auburn -27.5', 'spread_open': -27.0, 'over_under': 57.5, 'over_under_open': 57.0, 'home_moneyline': -5000.0, 'away_moneyline': 1275.0}]",-27.5
401282085,2021,4,regular,2021-09-25T16:00:00.000Z,Mississippi State,SEC,25.0,LSU,SEC,28.0,"[{'provider': 'Bovada', 'spread': 1.0, 'formatted_spread': 'LSU -1.0', 'spread_open': 3.0, 'over_under': 55.0, 'over_under_open': 57.5, 'home_moneyline': 105.0, 'away_moneyline': -125.0}]",1.0
401282086,2021,4,regular,2021-09-25T16:00:00.000Z,Boston College,ACC,41.0,Missouri,SEC,34.0,"[{'provider': 'Bovada', 'spread': -1.0, 'formatted_spread': 'Boston College -1.0', 'spread_open': 2.0, 'over_under': 58.0, 'over_under_open': 59.0, 'home_moneyline': -105.0, 'away_moneyline': -115.0}]",-1.0
401282087,2021,4,regular,2021-09-25T23:00:00.000Z,South Carolina,SEC,10.0,Kentucky,SEC,16.0,"[{'provider': 'Bovada', 'spread': 5.0, 'formatted_spread': 'Kentucky -5.0', 'spread_open': 6.0, 'over_under': 48.5, 'over_under_open': 49.0, 'home_moneyline': 170.0, 'away_moneyline': -200.0}]",5.0
401310705,2021,3,regular,2021-09-19T04:30:00.000Z,Hawai'i,Mountain West,13.0,San José State,Mountain West,17.0,"[{'provider': 'Bovada', 'spread': 7.0, 'formatted_spread': 'San José State -7.0', 'spread_open': 7.0, 'over_under': 62.0, 'over_under_open': 59.5, 'home_moneyline': 215.0, 'away_moneyline': -260.0}]",7.0
401282637,2021,4,regular,2021-09-25T00:00:00.000Z,Syracuse,ACC,24.0,Liberty,FBS Independents,21.0,"[{'provider': 'Bovada', 'spread': 7.0, 'formatted_spread': 'Liberty -7.0', 'spread_open': 6.5, 'over_under': 54.0, 'over_under_open': 52.5, 'home_moneyline': 210.0, 'away_moneyline': -250.0}]",7.0
401287925,2021,8,regular,2021-10-23T19:30:00.000Z,Iowa State,Big 12,24.0,Oklahoma State,Big 12,21.0,"[{'provider': 'Bovada', 'spread': -7.0, 'formatted_spread': 'Iowa State -7.0', 'spread_open': -6.5, 'over_under': 47.0, 'over_under_open': 47.0, 'home_moneyline': -260.0, 'away_moneyline': 215.0}]",-7.0
401309641,2021,11,regular,2021-11-13T20:30:00.000Z,Troy,Sun Belt,21.0,Louisiana,Sun Belt,35.0,"[{'provider': 'Bovada', 'spread': 6.5, 'formatted_spread': 'Louisiana -6.5', 'spread_open': 7.5, 'over_under': 48.0, 'over_under_open': 47.5, 'home_moneyline': 200.0, 'away_moneyline': -240.0}]",6.5
401282139,2021,12,regular,2021-11-21T00:30:00.000Z,Ole Miss,SEC,31.0,Vanderbilt,SEC,17.0,"[{'provider': 'Bovada', 'spread': -36.0, 'formatted_spread': 'Ole Miss -36.0', 'spread_open': -37.0, 'over_under': 65.0, 'over_under_open': 64.0, 'home_moneyline': None, 'away_moneyline': None}]",-36.0
401282140,2021,12,regular,2021-11-20T17:00:00.000Z,Mississippi State,SEC,55.0,Tennessee State,OVC,10.0,"[{'provider': 'Bovada', 'spread': -44.0, 'formatted_spread': 'Mississippi State -44.0', 'spread_open': -44.0, 'over_under': 56.0, 'over_under_open': 56.0, 'home_moneyline': None, 'away_moneyline': None}]",-44.0
401282141,2021,12,regular,2021-11-20T21:00:00.000Z,Missouri,SEC,24.0,Florida,SEC,23.0,"[{'provider': 'Bovada', 'spread': 9.0, 'formatted_spread': 'Florida -9.0', 'spread_open': 7.5, 'over_under': 69.0, 'over_under_open': 69.5, 'home_moneyline': 260.0, 'away_moneyline': -320.0}]",9.0
401282142,2021,12,regular,2021-11-21T00:00:00.000Z,South Carolina,SEC,21.0,Auburn,SEC,17.0,"[{'provider': 'Bovada', 'spread': 7.5, 'formatted_spread': 'Auburn -7.5', 'spread_open': 10.5, 'over_under': 45.5, 'over_under_open': 47.5, 'home_moneyline': 250.0, 'away_moneyline': -300.0}]",7.5
401282138,2021,12,regular,2021-11-21T02:00:00.000Z,LSU,SEC,27.0,Louisiana Monroe,Sun Belt,14.0,"[{'provider': 'Bovada', 'spread': -29.0, 'formatted_spread': 'LSU -29.0', 'spread_open': -29.0, 'over_under': 57.5, 'over_under_open': 56.5, 'home_moneyline': None, 'away_moneyline': None}]",-29.0
401282761,2021,13,regular,2021-11-26T18:30:00.000Z,Nebraska,Big Ten,21.0,Iowa,Big Ten,28.0,"[{'provider': 'Bovada', 'spread': -1.0, 'formatted_spread': 'Nebraska -1.0', 'spread_open': -3.5, 'over_under': 41.0, 'over_under_open': 44.5, 'home_moneyline': -115.0, 'away_moneyline': -105.0}]",-1.0
401309595,2021,13,regular,2021-11-26T17:00:00.000Z,Central Michigan,Mid-American,31.0,Eastern Michigan,Mid-American,10.0,"[{'provider': 'Bovada', 'spread': -8.5, 'formatted_spread': 'Central Michigan -8.5', 'spread_open': -8.5, 'over_under': 63.5, 'over_under_open': 64.0, 'home_moneyline': -340.0, 'away_moneyline': 270.0}]",-8.5
401301050,2021,13,regular,2021-11-26T20:30:00.000Z,UCF,American Athletic,17.0,South Florida,American Athletic,13.0,"[{'provider': 'Bovada', 'spread': -17.5, 'formatted_spread': 'UCF -17.5', 'spread_open': -18.5, 'over_under': 62.0, 'over_under_open': 62.0, 'home_moneyline': -1100.0, 'away_moneyline': 650.0}]",-17.5
401282269,2021,13,regular,2021-11-27T20:00:00.000Z,Southern Mississippi,Conference USA,37.0,Florida International,Conference USA,17.0,"[{'provider': 'Bovada', 'spread': -14.0, 'formatted_spread': 'Southern Mississippi -14.0', 'spread_open': -10.0, 'over_under': 46.0, 'over_under_open': 46.0, 'home_moneyline': -520.0, 'away_moneyline': 375.0}]",-14.0
401282272,2021,13,regular,2021-11-27T20:30:00.000Z,Marshall,Conference USA,21.0,Western Kentucky,Conference USA,53.0,"[{'provider': 'Bovada', 'spread': -1.5, 'formatted_spread': 'Marshall -1.5', 'spread_open': -1.0, 'over_under': 75.0, 'over_under_open': 75.5, 'home_moneyline': -120.0, 'away_moneyline': 105.0}]",-1.5
401282270,2021,13,regular,2021-11-28T00:00:00.000Z,Florida Atlantic,Conference USA,17.0,Middle Tennessee,Conference USA,27.0,"[{'provider': 'Bovada', 'spread': -3.5, 'formatted_spread': 'Florida Atlantic -3.5', 'spread_open': -4.0, 'over_under': 50.0, 'over_under_open': 49.5, 'home_moneyline': -175.0, 'away_moneyline': 150.0}]",-3.5
401287926,2021,8,regular,2021-10-23T16:00:00.000Z,Kansas,Big 12,23.0,Oklahoma,Big 12,35.0,"[{'provider': 'Bovada', 'spread': 39.0, 'formatted_spread': 'Oklahoma -39.0', 'spread_open': 39.0, 'over_under': 66.5, 'over_under_open': 67.5, 'home_moneyline': None, 'away_moneyline': None}]",39.0
401282271,2021,13,regular,2021-11-27T18:00:00.000Z,Rice,Conference USA,35.0,Louisiana Tech,Conference USA,31.0,"[{'provider': 'Bovada', 'spread': 4.0, 'formatted_spread': 'Louisiana Tech -4.0', 'spread_open': 3.5, 'over_under': 53.0, 'over_under_open': 53.5, 'home_moneyline': 155.0, 'away_moneyline': -180.0}]",4.0
401310707,2021,4,regular,2021-09-25T02:00:00.000Z,Fresno State,Mountain West,38.0,UNLV,Mountain West,30.0,"[{'provider': 'Bovada', 'spread': -30.0, 'formatted_spread': 'Fresno State -30.0', 'spread_open': -31.0, 'over_under': 58.5, 'over_under_open': 57.5, 'home_moneyline': None, 'away_moneyline': None}]",-30.0
401310709,2021,4,regular,2021-09-25T19:30:00.000Z,San Diego State,Mountain West,48.0,Towson,CAA,21.0,"[{'provider': 'Bovada', 'spread': -23.0, 'formatted_spread': 'San Diego State -23.0', 'spread_open': -23.0, 'over_under': 41.0, 'over_under_open': 41.5, 'home_moneyline': None, 'away_moneyline': None}]",-23.0
401310708,2021,4,regular,2021-09-26T00:00:00.000Z,New Mexico State,FBS Independents,21.0,Hawai'i,Mountain West,41.0,"[{'provider': 'Bovada', 'spread': 17.0, 'formatted_spread': ""Hawai'i -17.0"", 'spread_open': 17.0, 'over_under': 63.0, 'over_under_open': 57.5, 'home_moneyline': 575.0, 'away_moneyline': -900.0}]",17.0
401282646,2021,5,regular,2021-09-30T23:30:00.000Z,Miami,ACC,28.0,Virginia,ACC,30.0,"[{'provider': 'Bovada', 'spread': -3.5, 'formatted_spread': 'Miami -3.5', 'spread_open': -3.0, 'over_under': 64.0, 'over_under_open': 62.0, 'home_moneyline': -160.0, 'away_moneyline': 135.0}]",-3.5
401309912,2021,5,regular,2021-10-02T01:00:00.000Z,Utah State,Mountain West,20.0,BYU,FBS Independents,34.0,"[{'provider': 'Bovada', 'spread': 9.0, 'formatted_spread': 'BYU -9.0', 'spread_open': 8.5, 'over_under': 66.0, 'over_under_open': 58.0, 'home_moneyline': 310.0, 'away_moneyline': -415.0}]",9.0
401301012,2021,5,regular,2021-10-01T23:30:00.000Z,Tulsa,American Athletic,10.0,Houston,American Athletic,45.0,"[{'provider': 'Bovada', 'spread': -3.5, 'formatted_spread': 'Tulsa -3.5', 'spread_open': -3.5, 'over_under': 54.0, 'over_under_open': 56.0, 'home_moneyline': -170.0, 'away_moneyline': 145.0}]",-3.5
401282089,2021,5,regular,2021-10-02T19:30:00.000Z,Alabama,SEC,42.0,Ole Miss,SEC,21.0,"[{'provider': 'Bovada', 'spread': -14.5, 'formatted_spread': 'Alabama -14.5', 'spread_open': -14.5, 'over_under': 79.0, 'over_under_open': 76.0, 'home_moneyline': -595.0, 'away_moneyline': 415.0}]",-14.5
401282090,2021,5,regular,2021-10-02T16:00:00.000Z,Georgia,SEC,37.0,Arkansas,SEC,0.0,"[{'provider': 'Bovada', 'spread': -16.0, 'formatted_spread': 'Georgia -16.0', 'spread_open': -19.5, 'over_under': 48.5, 'over_under_open': 48.5, 'home_moneyline': -700.0, 'away_moneyline': 475.0}]",-16.0
401282091,2021,5,regular,2021-10-02T22:00:00.000Z,Kentucky,SEC,20.0,Florida,SEC,13.0,"[{'provider': 'Bovada', 'spread': 7.5, 'formatted_spread': 'Florida -7.5', 'spread_open': 8.0, 'over_under': 56.5, 'over_under_open': 55.0, 'home_moneyline': 260.0, 'away_moneyline': -320.0}]",7.5
401282095,2021,5,regular,2021-10-02T23:00:00.000Z,Texas A&M,SEC,22.0,Mississippi State,SEC,26.0,"[{'provider': 'Bovada', 'spread': -7.0, 'formatted_spread': 'Texas A&M -7.0', 'spread_open': -9.5, 'over_under': 45.5, 'over_under_open': 47.0, 'home_moneyline': -300.0, 'away_moneyline': 250.0}]",-7.0
401282092,2021,5,regular,2021-10-03T01:00:00.000Z,LSU,SEC,19.0,Auburn,SEC,24.0,"[{'provider': 'Bovada', 'spread': -3.0, 'formatted_spread': 'LSU -3.0', 'spread_open': -3.5, 'over_under': 56.0, 'over_under_open': 53.5, 'home_moneyline': -150.0, 'away_moneyline': 130.0}]",-3.0
401282093,2021,5,regular,2021-10-02T16:00:00.000Z,Missouri,SEC,24.0,Tennessee,SEC,62.0,"[{'provider': 'Bovada', 'spread': -2.5, 'formatted_spread': 'Missouri -2.5', 'spread_open': -3.0, 'over_under': 66.5, 'over_under_open': 63.0, 'home_moneyline': -140.0, 'away_moneyline': 120.0}]",-2.5
401282094,2021,5,regular,2021-10-02T19:30:00.000Z,South Carolina,SEC,23.0,Troy,Sun Belt,14.0,"[{'provider': 'Bovada', 'spread': -6.5, 'formatted_spread': 'South Carolina -6.5', 'spread_open': -7.0, 'over_under': 43.5, 'over_under_open': 44.0, 'home_moneyline': -260.0, 'away_moneyline': 215.0}]",-6.5
401282096,2021,5,regular,2021-10-02T23:30:00.000Z,Vanderbilt,SEC,30.0,Connecticut,FBS Independents,28.0,"[{'provider': 'Bovada', 'spread': -15.0, 'formatted_spread': 'Vanderbilt -15.0', 'spread_open': -14.0, 'over_under': 51.5, 'over_under_open': 52.0, 'home_moneyline': -665.0, 'away_moneyline': 450.0}]",-15.0
401287906,2021,3,regular,2021-09-19T02:30:00.000Z,UNLV,Mountain West,3.0,Iowa State,Big 12,48.0,"[{'provider': 'Bovada', 'spread': 32.5, 'formatted_spread': 'Iowa State -32.5', 'spread_open': 30.5, 'over_under': 52.5, 'over_under_open': 52.0, 'home_moneyline': None, 'away_moneyline': None}]",32.5
401287905,2021,3,regular,2021-09-18T18:00:00.000Z,Kansas State,Big 12,38.0,Nevada,Mountain West,17.0,"[{'provider': 'Bovada', 'spread': 1.5, 'formatted_spread': 'Nevada -1.5', 'spread_open': 2.5, 'over_under': 51.0, 'over_under_open': 49.0, 'home_moneyline': 110.0, 'away_moneyline': -120.0}]",1.5
401286300,2021,3,regular,2021-09-18T19:30:00.000Z,UMass,FBS Independents,28.0,Eastern Michigan,Mid-American,42.0,"[{'provider': 'Bovada', 'spread': 22.0, 'formatted_spread': 'Eastern Michigan -22.0', 'spread_open': 18.0, 'over_under': 56.5, 'over_under_open': 55.5, 'home_moneyline': 900.0, 'away_moneyline': -1900.0}]",22.0
401287904,2021,3,regular,2021-09-18T19:30:00.000Z,Kansas,Big 12,7.0,Baylor,Big 12,45.0,"[{'provider': 'Bovada', 'spread': 17.5, 'formatted_spread': 'Baylor -17.5', 'spread_open': 17.0, 'over_under': 49.0, 'over_under_open': 49.5, 'home_moneyline': 650.0, 'away_moneyline': -1100.0}]",17.5
401287903,2021,3,regular,2021-09-19T01:00:00.000Z,Boise State,Mountain West,20.0,Oklahoma State,Big 12,21.0,"[{'provider': 'Bovada', 'spread': -3.5, 'formatted_spread': 'Boise State -3.5', 'spread_open': -4.0, 'over_under': 57.0, 'over_under_open': 57.5, 'home_moneyline': -165.0, 'away_moneyline': 140.0}]",-3.5
401308843,2021,3,regular,2021-09-18T19:30:00.000Z,Miami (OH),Mid-American,42.0,Long Island University,NEC,7.0,"[{'provider': 'Bovada', 'spread': -39.0, 'formatted_spread': 'Miami (OH) -39.0', 'spread_open': -39.5, 'over_under': 55.5, 'over_under_open': 55.0, 'home_moneyline': None, 'away_moneyline': None}]",-39.0
401301005,2021,3,regular,2021-09-18T23:00:00.000Z,Houston,American Athletic,45.0,Grambling,SWAC,0.0,"[{'provider': 'Bovada', 'spread': -40.0, 'formatted_spread': 'Houston -40.0', 'spread_open': -40.0, 'over_under': 51.5, 'over_under_open': 52.0, 'home_moneyline': None, 'away_moneyline': None}]",-40.0
401301006,2021,3,regular,2021-09-18T23:00:00.000Z,South Florida,American Athletic,38.0,Florida A&M,SWAC,17.0,"[{'provider': 'Bovada', 'spread': -22.5, 'formatted_spread': 'South Florida -22.5', 'spread_open': -22.0, 'over_under': 49.5, 'over_under_open': 49.0, 'home_moneyline': -2000.0, 'away_moneyline': 950.0}]",-22.5
401308834,2021,4,regular,2021-09-25T16:00:00.000Z,Army,FBS Independents,23.0,Miami (OH),Mid-American,10.0,"[{'provider': 'Bovada', 'spread': -8.0, 'formatted_spread': 'Army -8.0', 'spread_open': -7.5, 'over_under': 49.0, 'over_under_open': 52.0, 'home_moneyline': -320.0, 'away_moneyline': 260.0}]",-8.0
401309554,2021,4,regular,2021-09-25T18:00:00.000Z,Western Michigan,Mid-American,23.0,San José State,Mountain West,3.0,"[{'provider': 'Bovada', 'spread': -3.0, 'formatted_spread': 'Western Michigan -3.0', 'spread_open': -2.5, 'over_under': 61.5, 'over_under_open': 63.0, 'home_moneyline': -140.0, 'away_moneyline': 120.0}]",-3.0
401309555,2021,4,regular,2021-09-25T18:00:00.000Z,Ball State,Mid-American,12.0,Toledo,Mid-American,22.0,"[{'provider': 'Bovada', 'spread': 5.0, 'formatted_spread': 'Toledo -5.0', 'spread_open': 4.0, 'over_under': 56.5, 'over_under_open': 56.5, 'home_moneyline': 170.0, 'away_moneyline': -200.0}]",5.0
401309557,2021,4,regular,2021-09-25T18:00:00.000Z,Eastern Michigan,Mid-American,59.0,Texas State,Sun Belt,21.0,"[{'provider': 'Bovada', 'spread': -7.5, 'formatted_spread': 'Eastern Michigan -7.5', 'spread_open': -6.0, 'over_under': 62.0, 'over_under_open': 61.0, 'home_moneyline': -240.0, 'away_moneyline': 200.0}]",-7.5
401309556,2021,4,regular,2021-09-25T18:30:00.000Z,Northern Illinois,Mid-American,41.0,Maine,CAA,14.0,"[{'provider': 'Bovada', 'spread': -21.0, 'formatted_spread': 'Northern Illinois -21.0', 'spread_open': -21.0, 'over_under': 62.0, 'over_under_open': 62.0, 'home_moneyline': None, 'away_moneyline': None}]",-21.0
401301011,2021,4,regular,2021-09-25T21:00:00.000Z,Tulsa,American Athletic,41.0,Arkansas State,Sun Belt,34.0,"[{'provider': 'Bovada', 'spread': -14.5, 'formatted_spread': 'Tulsa -14.5', 'spread_open': -14.0, 'over_under': 64.0, 'over_under_open': 62.5, 'home_moneyline': -665.0, 'away_moneyline': 450.0}]",-14.5
401309610,2021,4,regular,2021-09-25T22:00:00.000Z,Georgia Southern,Sun Belt,20.0,Louisiana,Sun Belt,28.0,"[{'provider': 'Bovada', 'spread': 14.5, 'formatted_spread': 'Louisiana -14.5', 'spread_open': 13.5, 'over_under': 54.0, 'over_under_open': 53.0, 'home_moneyline': 445.0, 'away_moneyline': -655.0}]",14.5
401310733,2021,9,regular,2021-10-31T02:30:00.000Z,San Diego State,Mountain West,20.0,Fresno State,Mountain West,30.0,"[{'provider': 'Bovada', 'spread': 1.5, 'formatted_spread': 'Fresno State -1.5', 'spread_open': -1.0, 'over_under': 44.5, 'over_under_open': 46.5, 'home_moneyline': -105.0, 'away_moneyline': -120.0}]",1.5
401310732,2021,9,regular,2021-10-30T20:00:00.000Z,San José State,Mountain West,27.0,Wyoming,Mountain West,21.0,"[{'provider': 'Bovada', 'spread': -3.0, 'formatted_spread': 'San José State -3.0', 'spread_open': -3.5, 'over_under': 40.5, 'over_under_open': 40.0, 'home_moneyline': -145.0, 'away_moneyline': 125.0}]",-3.0
401282633,2021,3,regular,2021-09-18T16:00:00.000Z,Syracuse,ACC,62.0,Albany,CAA,24.0,"[{'provider': 'Bovada', 'spread': -22.0, 'formatted_spread': 'Syracuse -22.0', 'spread_open': -22.0, 'over_under': 41.0, 'over_under_open': 41.5, 'home_moneyline': -2200.0, 'away_moneyline': 1000.0}]",-22.0
401282823,2021,3,regular,2021-09-18T19:30:00.000Z,Rutgers,Big Ten,45.0,Delaware,CAA,13.0,"[{'provider': 'Bovada', 'spread': -20.0, 'formatted_spread': 'Rutgers -20.0', 'spread_open': -21.5, 'over_under': 45.0, 'over_under_open': 46.0, 'home_moneyline': -1600.0, 'away_moneyline': 800.0}]",-20.0
401282630,2021,3,regular,2021-09-18T23:30:00.000Z,NC State,ACC,45.0,Furman,Southern,7.0,"[{'provider': 'Bovada', 'spread': -27.5, 'formatted_spread': 'NC State -27.5', 'spread_open': -27.5, 'over_under': 45.0, 'over_under_open': 43.0, 'home_moneyline': None, 'away_moneyline': None}]",-27.5
401282715,2021,3,regular,2021-09-18T01:00:00.000Z,Illinois,Big Ten,17.0,Maryland,Big Ten,20.0,"[{'provider': 'Bovada', 'spread': 7.5, 'formatted_spread': 'Maryland -7.5', 'spread_open': 7.5, 'over_under': 61.5, 'over_under_open': 59.5, 'home_moneyline': 230.0, 'away_moneyline': -280.0}]",7.5
401282798,2021,3,regular,2021-09-18T16:00:00.000Z,Oklahoma,Big 12,23.0,Nebraska,Big Ten,16.0,"[{'provider': 'Bovada', 'spread': -23.0, 'formatted_spread': 'Oklahoma -23.0', 'spread_open': -22.0, 'over_under': 63.0, 'over_under_open': 61.5, 'home_moneyline': -2000.0, 'away_moneyline': 950.0}]",-23.0
401282755,2021,3,regular,2021-09-18T19:30:00.000Z,Iowa,Big Ten,30.0,Kent State,Mid-American,7.0,"[{'provider': 'Bovada', 'spread': -23.0, 'formatted_spread': 'Iowa -23.0', 'spread_open': -22.0, 'over_under': 55.5, 'over_under_open': 54.5, 'home_moneyline': -2000.0, 'away_moneyline': 950.0}]",-23.0
401282627,2021,3,regular,2021-09-18T19:30:00.000Z,Clemson,ACC,14.0,Georgia Tech,ACC,8.0,"[{'provider': 'Bovada', 'spread': -28.0, 'formatted_spread': 'Clemson -28.0', 'spread_open': -29.0, 'over_under': 52.5, 'over_under_open': 51.0, 'home_moneyline': -6500.0, 'away_moneyline': 1325.0}]",-28.0
401282725,2021,3,regular,2021-09-18T16:00:00.000Z,Indiana,Big Ten,24.0,Cincinnati,American Athletic,38.0,"[{'provider': 'Bovada', 'spread': 4.0, 'formatted_spread': 'Cincinnati -4.0', 'spread_open': 3.0, 'over_under': 50.0, 'over_under_open': 50.5, 'home_moneyline': 150.0, 'away_moneyline': -175.0}]",4.0
401282810,2021,3,regular,2021-09-18T19:30:00.000Z,Ohio State,Big Ten,41.0,Tulsa,American Athletic,20.0,"[{'provider': 'Bovada', 'spread': -25.5, 'formatted_spread': 'Ohio State -25.5', 'spread_open': -25.0, 'over_under': 60.5, 'over_under_open': 61.0, 'home_moneyline': -3500.0, 'away_moneyline': 1175.0}]",-25.5
401282706,2021,3,regular,2021-09-18T18:30:00.000Z,Notre Dame,FBS Independents,27.0,Purdue,Big Ten,13.0,"[{'provider': 'Bovada', 'spread': -7.5, 'formatted_spread': 'Notre Dame -7.5', 'spread_open': -7.0, 'over_under': 58.5, 'over_under_open': 58.5, 'home_moneyline': -280.0, 'away_moneyline': 230.0}]",-7.5
401282636,2021,3,regular,2021-09-18T16:00:00.000Z,West Virginia,Big 12,27.0,Virginia Tech,ACC,21.0,"[{'provider': 'Bovada', 'spread': -2.0, 'formatted_spread': 'West Virginia -2.0', 'spread_open': -3.0, 'over_under': 49.5, 'over_under_open': 50.5, 'home_moneyline': -130.0, 'away_moneyline': 110.0}]",-2.0
401282631,2021,3,regular,2021-09-18T23:30:00.000Z,North Carolina,ACC,59.0,Virginia,ACC,39.0,"[{'provider': 'Bovada', 'spread': -7.5, 'formatted_spread': 'North Carolina -7.5', 'spread_open': -9.0, 'over_under': 66.5, 'over_under_open': 64.5, 'home_moneyline': -310.0, 'away_moneyline': 255.0}]",-7.5
401282629,2021,3,regular,2021-09-18T16:00:00.000Z,Miami,ACC,17.0,Michigan State,Big Ten,38.0,"[{'provider': 'Bovada', 'spread': -7.0, 'formatted_spread': 'Miami -7.0', 'spread_open': -6.5, 'over_under': 58.0, 'over_under_open': 54.5, 'home_moneyline': -240.0, 'away_moneyline': 200.0}]",-7.0
401282774,2021,3,regular,2021-09-18T16:00:00.000Z,Michigan,Big Ten,63.0,Northern Illinois,Mid-American,10.0,"[{'provider': 'Bovada', 'spread': -27.5, 'formatted_spread': 'Michigan -27.5', 'spread_open': -27.0, 'over_under': 54.5, 'over_under_open': 54.5, 'home_moneyline': -5500.0, 'away_moneyline': 1300.0}]",-27.5
401282632,2021,3,regular,2021-09-18T16:00:00.000Z,Pittsburgh,ACC,41.0,Western Michigan,Mid-American,44.0,"[{'provider': 'Bovada', 'spread': -14.5, 'formatted_spread': 'Pittsburgh -14.5', 'spread_open': -15.0, 'over_under': 58.5, 'over_under_open': 60.5, 'home_moneyline': -655.0, 'away_moneyline': 445.0}]",-14.5
401282634,2021,3,regular,2021-09-18T16:00:00.000Z,Temple,American Athletic,3.0,Boston College,ACC,28.0,"[{'provider': 'Bovada', 'spread': 15.0, 'formatted_spread': 'Boston College -15.0', 'spread_open': 16.5, 'over_under': 55.5, 'over_under_open': 60.0, 'home_moneyline': 475.0, 'away_moneyline': -700.0}]",15.0
401282791,2021,3,regular,2021-09-18T17:00:00.000Z,Colorado,Pac-12,0.0,Minnesota,Big Ten,30.0,"[{'provider': 'Bovada', 'spread': -2.5, 'formatted_spread': 'Colorado -2.5', 'spread_open': -1.5, 'over_under': 48.0, 'over_under_open': 50.0, 'home_moneyline': -140.0, 'away_moneyline': 120.0}]",-2.5
401282199,2021,3,regular,2021-09-18T19:30:00.000Z,Louisiana Tech,Conference USA,37.0,SMU,American Athletic,39.0,"[{'provider': 'Bovada', 'spread': 11.0, 'formatted_spread': 'SMU -11.0', 'spread_open': 13.5, 'over_under': 65.5, 'over_under_open': 65.5, 'home_moneyline': 325.0, 'away_moneyline': -435.0}]",11.0
401282635,2021,3,regular,2021-09-18T19:30:00.000Z,Wake Forest,ACC,35.0,Florida State,ACC,14.0,"[{'provider': 'Bovada', 'spread': -4.5, 'formatted_spread': 'Wake Forest -4.5', 'spread_open': -6.5, 'over_under': 62.5, 'over_under_open': 61.5, 'home_moneyline': -195.0, 'away_moneyline': 165.0}]",-4.5
401282628,2021,3,regular,2021-09-18T20:00:00.000Z,Duke,ACC,30.0,Northwestern,Big Ten,23.0,"[{'provider': 'Bovada', 'spread': 2.5, 'formatted_spread': 'Northwestern -2.5', 'spread_open': 3.0, 'over_under': 49.5, 'over_under_open': 50.0, 'home_moneyline': 115.0, 'away_moneyline': -135.0}]",2.5
401282200,2021,3,regular,2021-09-18T22:00:00.000Z,Marshall,Conference USA,38.0,East Carolina,American Athletic,42.0,"[{'provider': 'Bovada', 'spread': -10.0, 'formatted_spread': 'Marshall -10.0', 'spread_open': -9.5, 'over_under': 58.5, 'over_under_open': 53.5, 'home_moneyline': -380.0, 'away_moneyline': 290.0}]",-10.0
401282201,2021,3,regular,2021-09-18T22:00:00.000Z,Liberty,FBS Independents,45.0,Old Dominion,Conference USA,17.0,"[{'provider': 'Bovada', 'spread': -27.5, 'formatted_spread': 'Liberty -27.5', 'spread_open': -26.0, 'over_under': 53.0, 'over_under_open': 54.0, 'home_moneyline': -5000.0, 'away_moneyline': 1275.0}]",-27.5
401282203,2021,3,regular,2021-09-18T23:00:00.000Z,Southern Mississippi,Conference USA,9.0,Troy,Sun Belt,21.0,"[{'provider': 'Bovada', 'spread': 11.0, 'formatted_spread': 'Troy -11.0', 'spread_open': 8.0, 'over_under': 50.0, 'over_under_open': 51.5, 'home_moneyline': 315.0, 'away_moneyline': -420.0}]",11.0
401309547,2021,2,regular,2021-09-11T17:30:00.000Z,Northern Illinois,Mid-American,43.0,Wyoming,Mountain West,50.0,"[{'provider': 'Bovada', 'spread': 7.0, 'formatted_spread': 'Wyoming -7.0', 'spread_open': 5.5, 'over_under': 44.0, 'over_under_open': 46.0, 'home_moneyline': 210.0, 'away_moneyline': -250.0}]",7.0
401309753,2021,2,regular,2021-09-11T18:00:00.000Z,Ohio,Mid-American,26.0,Duquesne,NEC,28.0,"[{'provider': 'Bovada', 'spread': -29.0, 'formatted_spread': 'Ohio -29.0', 'spread_open': -28.5, 'over_under': 49.0, 'over_under_open': 49.5, 'home_moneyline': None, 'away_moneyline': None}]",-29.0
401309548,2021,2,regular,2021-09-11T19:00:00.000Z,Central Michigan,Mid-American,45.0,Robert Morris,Big South,0.0,"[{'provider': 'Bovada', 'spread': -37.5, 'formatted_spread': 'Central Michigan -37.5', 'spread_open': -37.5, 'over_under': 53.5, 'over_under_open': 53.5, 'home_moneyline': None, 'away_moneyline': None}]",-37.5
401301004,2021,2,regular,2021-09-11T19:30:00.000Z,Navy,American Athletic,3.0,Air Force,Mountain West,23.0,"[{'provider': 'Bovada', 'spread': 6.0, 'formatted_spread': 'Air Force -6.0', 'spread_open': 6.5, 'over_under': 40.0, 'over_under_open': 43.5, 'home_moneyline': 195.0, 'away_moneyline': -235.0}]",6.0
401309546,2021,2,regular,2021-09-11T20:00:00.000Z,Bowling Green,Mid-American,19.0,South Alabama,Sun Belt,22.0,"[{'provider': 'Bovada', 'spread': 14.0, 'formatted_spread': 'South Alabama -14.0', 'spread_open': 15.5, 'over_under': 47.5, 'over_under_open': 51.0, 'home_moneyline': 430.0, 'away_moneyline': -625.0}]",14.0
401309544,2021,2,regular,2021-09-11T21:00:00.000Z,Western Michigan,Mid-American,28.0,Illinois State,MVFC,0.0,"[{'provider': 'Bovada', 'spread': -12.0, 'formatted_spread': 'Western Michigan -12.0', 'spread_open': -11.0, 'over_under': 56.5, 'over_under_open': 56.5, 'home_moneyline': None, 'away_moneyline': None}]",-12.0
401309545,2021,2,regular,2021-09-11T15:30:00.000Z,Kent State,Mid-American,60.0,VMI,Southern,10.0,"[{'provider': 'Bovada', 'spread': -19.0, 'formatted_spread': 'Kent State -19.0', 'spread_open': -17.5, 'over_under': 73.0, 'over_under_open': 69.5, 'home_moneyline': None, 'away_moneyline': None}]",-19.0
401309603,2021,2,regular,2021-09-11T23:00:00.000Z,Louisiana,Sun Belt,27.0,Nicholls,Southland,24.0,"[{'provider': 'Bovada', 'spread': None, 'formatted_spread': 'Nicholls -null', 'spread_open': None, 'over_under': 65.0, 'over_under_open': 65.0, 'home_moneyline': None, 'away_moneyline': None}]",
401282202,2021,3,regular,2021-09-19T00:00:00.000Z,Texas,Big 12,58.0,Rice,Conference USA,0.0,"[{'provider': 'Bovada', 'spread': -26.5, 'formatted_spread': 'Texas -26.5', 'spread_open': -25.0, 'over_under': 51.5, 'over_under_open': 52.5, 'home_moneyline': -3200.0, 'away_moneyline': 1150.0}]",-26.5
401287896,2021,2,regular,2021-09-10T23:30:00.000Z,Coastal Carolina,Sun Belt,49.0,Kansas,Big 12,22.0,"[{'provider': 'Bovada', 'spread': -27.0, 'formatted_spread': 'Coastal Carolina -27.0', 'spread_open': -27.0, 'over_under': 53.0, 'over_under_open': 53.0, 'home_moneyline': -4500.0, 'away_moneyline': 1250.0}]",-27.0
401282616,2021,2,regular,2021-09-11T00:00:00.000Z,Duke,ACC,45.0,North Carolina A&T,Big South,17.0,"[{'provider': 'Bovada', 'spread': -23.0, 'formatted_spread': 'Duke -23.0', 'spread_open': -21.0, 'over_under': 56.0, 'over_under_open': 55.5, 'home_moneyline': -1700.0, 'away_moneyline': 850.0}]",-23.0
401282759,2021,5,regular,2021-10-02T00:00:00.000Z,Maryland,Big Ten,14.0,Iowa,Big Ten,51.0,"[{'provider': 'Bovada', 'spread': 3.0, 'formatted_spread': 'Iowa -3.0', 'spread_open': 4.0, 'over_under': 47.5, 'over_under_open': 45.5, 'home_moneyline': 140.0, 'away_moneyline': -165.0}]",3.0
401282729,2021,5,regular,2021-10-02T23:30:00.000Z,Penn State,Big Ten,24.0,Indiana,Big Ten,0.0,"[{'provider': 'Bovada', 'spread': -12.5, 'formatted_spread': 'Penn State -12.5', 'spread_open': -11.5, 'over_under': 53.5, 'over_under_open': 51.5, 'home_moneyline': -520.0, 'away_moneyline': 375.0}]",-12.5
401282708,2021,5,regular,2021-10-02T18:30:00.000Z,Notre Dame,FBS Independents,13.0,Cincinnati,American Athletic,24.0,"[{'provider': 'Bovada', 'spread': 2.0, 'formatted_spread': 'Cincinnati -2.0', 'spread_open': 2.0, 'over_under': 50.5, 'over_under_open': 51.0, 'home_moneyline': 105.0, 'away_moneyline': -120.0}]",2.0
401282776,2021,5,regular,2021-10-02T16:00:00.000Z,Wisconsin,Big Ten,17.0,Michigan,Big Ten,38.0,"[{'provider': 'Bovada', 'spread': -1.5, 'formatted_spread': 'Wisconsin -1.5', 'spread_open': 1.0, 'over_under': 43.5, 'over_under_open': 43.5, 'home_moneyline': -125.0, 'away_moneyline': 105.0}]",-1.5
401282651,2021,5,regular,2021-10-02T16:30:00.000Z,Wake Forest,ACC,37.0,Louisville,ACC,34.0,"[{'provider': 'Bovada', 'spread': -7.0, 'formatted_spread': 'Wake Forest -7.0', 'spread_open': -7.0, 'over_under': 64.0, 'over_under_open': 60.5, 'home_moneyline': -280.0, 'away_moneyline': 230.0}]",-7.0
401282793,2021,5,regular,2021-10-02T16:00:00.000Z,Purdue,Big Ten,13.0,Minnesota,Big Ten,20.0,"[{'provider': 'Bovada', 'spread': -2.5, 'formatted_spread': 'Purdue -2.5', 'spread_open': -2.0, 'over_under': 46.5, 'over_under_open': 47.5, 'home_moneyline': -130.0, 'away_moneyline': 110.0}]",-2.5
401282758,2021,6,regular,2021-10-09T20:00:00.000Z,Iowa,Big Ten,23.0,Penn State,Big Ten,20.0,"[{'provider': 'Bovada', 'spread': -2.5, 'formatted_spread': 'Iowa -2.5', 'spread_open': -3.0, 'over_under': 41.0, 'over_under_open': 42.5, 'home_moneyline': -130.0, 'away_moneyline': 110.0}]",-2.5
401282769,2021,6,regular,2021-10-09T16:00:00.000Z,Ohio State,Big Ten,66.0,Maryland,Big Ten,17.0,"[{'provider': 'Bovada', 'spread': -22.0, 'formatted_spread': 'Ohio State -22.0', 'spread_open': -20.0, 'over_under': 71.5, 'over_under_open': 68.0, 'home_moneyline': -1600.0, 'away_moneyline': 800.0}]",-22.0
401282778,2021,6,regular,2021-10-09T23:30:00.000Z,Nebraska,Big Ten,29.0,Michigan,Big Ten,32.0,"[{'provider': 'Bovada', 'spread': 3.0, 'formatted_spread': 'Michigan -3.0', 'spread_open': 3.0, 'over_under': 49.5, 'over_under_open': 52.0, 'home_moneyline': 125.0, 'away_moneyline': -145.0}]",3.0
401282788,2021,6,regular,2021-10-09T16:00:00.000Z,Rutgers,Big Ten,13.0,Michigan State,Big Ten,31.0,"[{'provider': 'Bovada', 'spread': 4.5, 'formatted_spread': 'Michigan State -4.5', 'spread_open': 5.0, 'over_under': 50.0, 'over_under_open': 50.0, 'home_moneyline': 165.0, 'away_moneyline': -195.0}]",4.5
401287917,2021,6,regular,2021-10-09T16:00:00.000Z,Baylor,Big 12,45.0,West Virginia,Big 12,20.0,"[{'provider': 'Bovada', 'spread': -1.0, 'formatted_spread': 'Baylor -1.0', 'spread_open': -3.0, 'over_under': 45.0, 'over_under_open': 44.5, 'home_moneyline': -140.0, 'away_moneyline': 120.0}]",-1.0
401282718,2021,6,regular,2021-10-09T19:30:00.000Z,Illinois,Big Ten,0.0,Wisconsin,Big Ten,24.0,"[{'provider': 'Bovada', 'spread': 12.0, 'formatted_spread': 'Wisconsin -12.0', 'spread_open': 9.0, 'over_under': 42.0, 'over_under_open': 43.0, 'home_moneyline': 315.0, 'away_moneyline': -420.0}]",12.0
401286191,2021,6,regular,2021-10-09T19:30:00.000Z,UMass,FBS Independents,27.0,Connecticut,FBS Independents,13.0,"[{'provider': 'Bovada', 'spread': 3.0, 'formatted_spread': 'Connecticut -3.0', 'spread_open': 2.0, 'over_under': 57.0, 'over_under_open': 55.0, 'home_moneyline': 135.0, 'away_moneyline': -160.0}]",3.0
401301010,2021,4,regular,2021-09-25T16:00:00.000Z,Temple,American Athletic,41.0,Wagner,NEC,7.0,"[{'provider': 'Bovada', 'spread': -36.5, 'formatted_spread': 'Temple -36.5', 'spread_open': -35.0, 'over_under': 55.5, 'over_under_open': 56.0, 'home_moneyline': None, 'away_moneyline': None}]",-36.5
401282060,2021,2,regular,2021-09-11T19:30:00.000Z,Georgia,SEC,56.0,UAB,Conference USA,7.0,"[{'provider': 'Bovada', 'spread': -22.5, 'formatted_spread': 'Georgia -22.5', 'spread_open': -27.0, 'over_under': 44.0, 'over_under_open': 44.5, 'home_moneyline': -2300.0, 'away_moneyline': 1025.0}]",-22.5
401282620,2021,2,regular,2021-09-11T23:00:00.000Z,Miami,ACC,25.0,Appalachian State,Sun Belt,23.0,"[{'provider': 'Bovada', 'spread': -8.0, 'formatted_spread': 'Miami -8.0', 'spread_open': -8.0, 'over_under': 54.5, 'over_under_open': 54.0, 'home_moneyline': -330.0, 'away_moneyline': 265.0}]",-8.0
401282066,2021,2,regular,2021-09-11T16:00:00.000Z,Tennessee,SEC,34.0,Pittsburgh,ACC,41.0,"[{'provider': 'Bovada', 'spread': 4.0, 'formatted_spread': 'Pittsburgh -4.0', 'spread_open': 2.5, 'over_under': 56.0, 'over_under_open': 53.0, 'home_moneyline': 140.0, 'away_moneyline': -165.0}]",4.0
401282064,2021,2,regular,2021-09-11T23:00:00.000Z,Mississippi State,SEC,24.0,NC State,ACC,10.0,"[{'provider': 'Bovada', 'spread': 1.0, 'formatted_spread': 'NC State -1.0', 'spread_open': 2.0, 'over_under': 55.5, 'over_under_open': 55.5, 'home_moneyline': 125.0, 'away_moneyline': -120.0}]",1.0
401282061,2021,2,regular,2021-09-11T23:30:00.000Z,Kentucky,SEC,35.0,Missouri,SEC,28.0,"[{'provider': 'Bovada', 'spread': -5.5, 'formatted_spread': 'Kentucky -5.5', 'spread_open': -6.0, 'over_under': 57.0, 'over_under_open': 53.0, 'home_moneyline': -210.0, 'away_moneyline': 175.0}]",-5.5
401282062,2021,2,regular,2021-09-12T00:00:00.000Z,LSU,SEC,34.0,McNeese,Southland,7.0,"[{'provider': 'Bovada', 'spread': -39.0, 'formatted_spread': 'LSU -39.0', 'spread_open': -39.0, 'over_under': 66.0, 'over_under_open': 67.0, 'home_moneyline': None, 'away_moneyline': None}]",-39.0
401282617,2021,2,regular,2021-09-12T00:00:00.000Z,Florida State,ACC,17.0,Jacksonville State,AWC,20.0,"[{'provider': 'Bovada', 'spread': -27.0, 'formatted_spread': 'Florida State -27.0', 'spread_open': -26.5, 'over_under': 56.5, 'over_under_open': 56.5, 'home_moneyline': None, 'away_moneyline': None}]",-27.0
401282251,2021,10,regular,2021-11-06T19:30:00.000Z,Western Kentucky,Conference USA,48.0,Middle Tennessee,Conference USA,21.0,"[{'provider': 'Bovada', 'spread': -18.0, 'formatted_spread': 'Western Kentucky -18.0', 'spread_open': -15.0, 'over_under': 67.0, 'over_under_open': 68.0, 'home_moneyline': -900.0, 'away_moneyline': 575.0}]",-18.0
401310746,2021,11,regular,2021-11-14T03:30:00.000Z,San Diego State,Mountain West,23.0,Nevada,Mountain West,21.0,"[{'provider': 'Bovada', 'spread': -3.0, 'formatted_spread': 'San Diego State -3.0', 'spread_open': 0.0, 'over_under': 45.0, 'over_under_open': 46.0, 'home_moneyline': -150.0, 'away_moneyline': 130.0}]",-3.0
401301051,2021,13,regular,2021-11-26T20:30:00.000Z,East Carolina,American Athletic,13.0,Cincinnati,American Athletic,35.0,"[{'provider': 'Bovada', 'spread': 14.0, 'formatted_spread': 'Cincinnati -14.0', 'spread_open': 14.0, 'over_under': 56.5, 'over_under_open': 58.0, 'home_moneyline': 410.0, 'away_moneyline': -585.0}]",14.0
401287952,2021,13,regular,2021-11-26T17:00:00.000Z,Texas,Big 12,22.0,Kansas State,Big 12,17.0,"[{'provider': 'Bovada', 'spread': -3.0, 'formatted_spread': 'Texas -3.0', 'spread_open': -2.0, 'over_under': 54.5, 'over_under_open': 52.0, 'home_moneyline': -145.0, 'away_moneyline': 125.0}]",-3.0
401301052,2021,13,regular,2021-11-27T17:00:00.000Z,Connecticut,FBS Independents,17.0,Houston,American Athletic,45.0,"[{'provider': 'Bovada', 'spread': 32.5, 'formatted_spread': 'Houston -32.5', 'spread_open': 32.5, 'over_under': 54.5, 'over_under_open': 57.5, 'home_moneyline': None, 'away_moneyline': None}]",32.5
401301053,2021,13,regular,2021-11-28T00:30:00.000Z,Memphis,American Athletic,33.0,Tulane,American Athletic,28.0,"[{'provider': 'Bovada', 'spread': -6.0, 'formatted_spread': 'Memphis -6.0', 'spread_open': -5.5, 'over_under': 58.0, 'over_under_open': 57.5, 'home_moneyline': -225.0, 'away_moneyline': 185.0}]",-6.0
401282068,2021,2,regular,2021-09-12T02:00:00.000Z,Colorado State,Mountain West,21.0,Vanderbilt,SEC,24.0,"[{'provider': 'Bovada', 'spread': -7.0, 'formatted_spread': 'Colorado State -7.0', 'spread_open': -5.5, 'over_under': 51.5, 'over_under_open': 48.5, 'home_moneyline': -270.0, 'away_moneyline': 220.0}]",-7.0
401282809,2021,2,regular,2021-09-11T16:00:00.000Z,Ohio State,Big Ten,28.0,Oregon,Pac-12,35.0,"[{'provider': 'Bovada', 'spread': -14.5, 'formatted_spread': 'Ohio State -14.5', 'spread_open': -14.0, 'over_under': 65.0, 'over_under_open': 63.5, 'home_moneyline': -700.0, 'away_moneyline': 450.0}]",-14.5
401287898,2021,2,regular,2021-09-11T23:00:00.000Z,Oklahoma,Big 12,76.0,Western Carolina,Southern,0.0,"[{'provider': 'Bovada', 'spread': -50.5, 'formatted_spread': 'Oklahoma -50.5', 'spread_open': -50.5, 'over_under': 65.0, 'over_under_open': 65.0, 'home_moneyline': None, 'away_moneyline': None}]",-50.5
401301002,2021,2,regular,2021-09-11T19:30:00.000Z,Cincinnati,American Athletic,42.0,Murray State,OVC,7.0,"[{'provider': 'Bovada', 'spread': -36.5, 'formatted_spread': 'Cincinnati -36.5', 'spread_open': -36.5, 'over_under': 51.5, 'over_under_open': 51.5, 'home_moneyline': None, 'away_moneyline': None}]",-36.5
401282705,2021,2,regular,2021-09-11T18:30:00.000Z,Notre Dame,FBS Independents,32.0,Toledo,Mid-American,29.0,"[{'provider': 'Bovada', 'spread': -17.0, 'formatted_spread': 'Notre Dame -17.0', 'spread_open': -18.5, 'over_under': 56.0, 'over_under_open': 53.0, 'home_moneyline': -900.0, 'away_moneyline': 550.0}]",-17.0
401282754,2021,2,regular,2021-09-11T20:30:00.000Z,Iowa State,Big 12,17.0,Iowa,Big Ten,27.0,"[{'provider': 'Bovada', 'spread': -4.5, 'formatted_spread': 'Iowa State -4.5', 'spread_open': -3.5, 'over_under': 46.0, 'over_under_open': 44.5, 'home_moneyline': -185.0, 'away_moneyline': 160.0}]",-4.5
401282816,2021,2,regular,2021-09-11T19:30:00.000Z,Penn State,Big Ten,44.0,Ball State,Mid-American,13.0,"[{'provider': 'Bovada', 'spread': -22.5, 'formatted_spread': 'Penn State -22.5', 'spread_open': -22.5, 'over_under': 58.0, 'over_under_open': 53.5, 'home_moneyline': -2000.0, 'away_moneyline': 950.0}]",-22.5
401282825,2021,2,regular,2021-09-11T23:00:00.000Z,Wisconsin,Big Ten,34.0,Eastern Michigan,Mid-American,7.0,"[{'provider': 'Bovada', 'spread': -26.5, 'formatted_spread': 'Wisconsin -26.5', 'spread_open': -24.5, 'over_under': 52.0, 'over_under_open': 51.5, 'home_moneyline': -4100.0, 'away_moneyline': 1225.0}]",-26.5
401282624,2021,2,regular,2021-09-11T15:00:00.000Z,Virginia,ACC,42.0,Illinois,Big Ten,14.0,"[{'provider': 'Bovada', 'spread': -10.5, 'formatted_spread': 'Virginia -10.5', 'spread_open': -10.5, 'over_under': 57.0, 'over_under_open': 54.5, 'home_moneyline': -430.0, 'away_moneyline': 320.0}]",-10.5
401282625,2021,2,regular,2021-09-11T16:00:00.000Z,Wake Forest,ACC,41.0,Norfolk State,MEAC,16.0,"[{'provider': 'Bovada', 'spread': -43.0, 'formatted_spread': 'Wake Forest -43.0', 'spread_open': -43.0, 'over_under': 58.5, 'over_under_open': 58.5, 'home_moneyline': None, 'away_moneyline': None}]",-43.0
401282783,2021,2,regular,2021-09-11T16:00:00.000Z,Michigan State,Big Ten,42.0,Youngstown State,MVFC,14.0,"[{'provider': 'Bovada', 'spread': -28.0, 'formatted_spread': 'Michigan State -28.0', 'spread_open': -27.0, 'over_under': 52.0, 'over_under_open': 52.5, 'home_moneyline': None, 'away_moneyline': None}]",-28.0
401282790,2021,2,regular,2021-09-11T16:00:00.000Z,Minnesota,Big Ten,31.0,Miami (OH),Mid-American,26.0,"[{'provider': 'Bovada', 'spread': -19.0, 'formatted_spread': 'Minnesota -19.0', 'spread_open': -21.0, 'over_under': 55.0, 'over_under_open': 56.0, 'home_moneyline': -1300.0, 'away_moneyline': 725.0}]",-19.0
401282804,2021,2,regular,2021-09-11T16:00:00.000Z,Northwestern,Big Ten,24.0,Indiana State,MVFC,6.0,"[{'provider': 'Bovada', 'spread': -28.5, 'formatted_spread': 'Northwestern -28.5', 'spread_open': -28.5, 'over_under': 46.0, 'over_under_open': 46.5, 'home_moneyline': None, 'away_moneyline': None}]",-28.5
401287899,2021,2,regular,2021-09-11T16:00:00.000Z,Oklahoma State,Big 12,28.0,Tulsa,American Athletic,23.0,"[{'provider': 'Bovada', 'spread': -12.0, 'formatted_spread': 'Oklahoma State -12.0', 'spread_open': -12.5, 'over_under': 51.0, 'over_under_open': 51.0, 'home_moneyline': -500.0, 'away_moneyline': 360.0}]",-12.0
401301000,2021,2,regular,2021-09-11T17:00:00.000Z,Tulane,American Athletic,69.0,Morgan State,MEAC,20.0,"[{'provider': 'Bovada', 'spread': -48.0, 'formatted_spread': 'Tulane -48.0', 'spread_open': -47.0, 'over_under': 58.0, 'over_under_open': 57.5, 'home_moneyline': None, 'away_moneyline': None}]",-48.0
401282820,2021,2,regular,2021-09-11T19:00:00.000Z,Connecticut,FBS Independents,0.0,Purdue,Big Ten,49.0,"[{'provider': 'Bovada', 'spread': 35.0, 'formatted_spread': 'Purdue -35.0', 'spread_open': 33.5, 'over_under': 57.0, 'over_under_open': 56.5, 'home_moneyline': None, 'away_moneyline': None}]",35.0
401282623,2021,2,regular,2021-09-11T19:30:00.000Z,UMass,FBS Independents,28.0,Boston College,ACC,45.0,"[{'provider': 'Bovada', 'spread': 38.0, 'formatted_spread': 'Boston College -38.0', 'spread_open': 37.0, 'over_under': 57.0, 'over_under_open': 59.0, 'home_moneyline': None, 'away_moneyline': None}]",38.0
401282797,2021,2,regular,2021-09-11T19:30:00.000Z,Nebraska,Big Ten,28.0,Buffalo,Mid-American,3.0,"[{'provider': 'Bovada', 'spread': -14.0, 'formatted_spread': 'Nebraska -14.0', 'spread_open': -12.0, 'over_under': 54.5, 'over_under_open': 52.0, 'home_moneyline': -605.0, 'away_moneyline': 420.0}]",-14.0
401287900,2021,2,regular,2021-09-11T19:30:00.000Z,TCU,Big 12,34.0,California,Pac-12,32.0,"[{'provider': 'Bovada', 'spread': -11.5, 'formatted_spread': 'TCU -11.5', 'spread_open': -9.5, 'over_under': 47.0, 'over_under_open': 48.5, 'home_moneyline': -450.0, 'away_moneyline': 325.0}]",-11.5
401300999,2021,2,regular,2021-09-11T19:30:00.000Z,Akron,Mid-American,24.0,Temple,American Athletic,45.0,"[{'provider': 'Bovada', 'spread': 7.0, 'formatted_spread': 'Temple -7.0', 'spread_open': 7.0, 'over_under': 52.5, 'over_under_open': 52.0, 'home_moneyline': 210.0, 'away_moneyline': -250.0}]",7.0
401287902,2021,2,regular,2021-09-11T21:00:00.000Z,West Virginia,Big 12,66.0,Long Island University,NEC,0.0,"[{'provider': 'Bovada', 'spread': -49.0, 'formatted_spread': 'West Virginia -49.0', 'spread_open': -48.5, 'over_under': 56.0, 'over_under_open': 56.0, 'home_moneyline': None, 'away_moneyline': None}]",-49.0
401286295,2021,2,regular,2021-09-11T23:00:00.000Z,Troy,Sun Belt,13.0,Liberty,FBS Independents,21.0,"[{'provider': 'Bovada', 'spread': 4.5, 'formatted_spread': 'Liberty -4.5', 'spread_open': 5.5, 'over_under': 62.0, 'over_under_open': 59.5, 'home_moneyline': 160.0, 'away_moneyline': -185.0}]",4.5
401287895,2021,2,regular,2021-09-11T23:00:00.000Z,Baylor,Big 12,66.0,Texas Southern,SWAC,7.0,"[{'provider': 'Bovada', 'spread': -44.5, 'formatted_spread': 'Baylor -44.5', 'spread_open': -44.5, 'over_under': 53.0, 'over_under_open': 53.0, 'home_moneyline': None, 'away_moneyline': None}]",-44.5
401287897,2021,2,regular,2021-09-11T23:00:00.000Z,Kansas State,Big 12,31.0,Southern Illinois,MVFC,23.0,"[{'provider': 'Bovada', 'spread': -17.0, 'formatted_spread': 'Kansas State -17.0', 'spread_open': -17.0, 'over_under': 55.0, 'over_under_open': 55.0, 'home_moneyline': None, 'away_moneyline': None}]",-17.0
401282063,2021,2,regular,2021-09-11T23:30:00.000Z,Ole Miss,SEC,54.0,Austin Peay,OVC,17.0,"[{'provider': 'Bovada', 'spread': -35.5, 'formatted_spread': 'Ole Miss -35.5', 'spread_open': -34.5, 'over_under': 69.5, 'over_under_open': 69.5, 'home_moneyline': None, 'away_moneyline': None}]",-35.5
401282621,2021,2,regular,2021-09-11T23:30:00.000Z,North Carolina,ACC,59.0,Georgia State,Sun Belt,17.0,"[{'provider': 'Bovada', 'spread': -26.0, 'formatted_spread': 'North Carolina -26.0', 'spread_open': -25.5, 'over_under': 65.5, 'over_under_open': 61.0, 'home_moneyline': -3500.0, 'away_moneyline': 1175.0}]",-26.0
401282618,2021,2,regular,2021-09-11T16:00:00.000Z,Georgia Tech,ACC,45.0,Kennesaw State,Big South,17.0,"[{'provider': 'Bovada', 'spread': -20.0, 'formatted_spread': 'Georgia Tech -20.0', 'spread_open': -18.0, 'over_under': 53.0, 'over_under_open': 53.0, 'home_moneyline': None, 'away_moneyline': None}]",-20.0
401282622,2021,2,regular,2021-09-11T18:00:00.000Z,Syracuse,ACC,7.0,Rutgers,Big Ten,17.0,"[{'provider': 'Bovada', 'spread': 2.5, 'formatted_spread': 'Rutgers -2.5', 'spread_open': 2.0, 'over_under': 51.0, 'over_under_open': 52.0, 'home_moneyline': 110.0, 'away_moneyline': -130.0}]",2.5
401309914,2021,10,regular,2021-11-06T19:30:00.000Z,BYU,FBS Independents,59.0,Idaho State,Big Sky,14.0,"[{'provider': 'Bovada', 'spread': -36.0, 'formatted_spread': 'BYU -36.0', 'spread_open': -36.0, 'over_under': 55.0, 'over_under_open': 54.0, 'home_moneyline': None, 'away_moneyline': None}]",-36.0
401310735,2021,10,regular,2021-11-06T23:00:00.000Z,Fresno State,Mountain West,14.0,Boise State,Mountain West,40.0,"[{'provider': 'Bovada', 'spread': -5.0, 'formatted_spread': 'Fresno State -5.0', 'spread_open': -5.5, 'over_under': 61.0, 'over_under_open': 58.0, 'home_moneyline': -210.0, 'away_moneyline': 175.0}]",-5.0
401310739,2021,10,regular,2021-11-07T03:00:00.000Z,Hawai'i,Mountain West,10.0,San Diego State,Mountain West,17.0,"[{'provider': 'Bovada', 'spread': 7.0, 'formatted_spread': 'San Diego State -7.0', 'spread_open': 7.5, 'over_under': 45.0, 'over_under_open': 46.5, 'home_moneyline': 250.0, 'away_moneyline': -300.0}]",7.0
401310736,2021,10,regular,2021-11-06T19:30:00.000Z,Wyoming,Mountain West,31.0,Colorado State,Mountain West,17.0,"[{'provider': 'Bovada', 'spread': 3.5, 'formatted_spread': 'Colorado State -3.5', 'spread_open': 3.5, 'over_under': 41.0, 'over_under_open': 40.0, 'home_moneyline': 140.0, 'away_moneyline': -165.0}]",3.5
401310738,2021,10,regular,2021-11-06T20:00:00.000Z,New Mexico State,FBS Independents,13.0,Utah State,Mountain West,35.0,"[{'provider': 'Bovada', 'spread': 18.5, 'formatted_spread': 'Utah State -18.5', 'spread_open': 17.0, 'over_under': 72.0, 'over_under_open': 70.0, 'home_moneyline': 625.0, 'away_moneyline': -1000.0}]",18.5
401310737,2021,10,regular,2021-11-06T23:00:00.000Z,New Mexico,Mountain West,17.0,UNLV,Mountain West,31.0,"[{'provider': 'Bovada', 'spread': -1.5, 'formatted_spread': 'New Mexico -1.5', 'spread_open': -1.0, 'over_under': 45.0, 'over_under_open': 45.0, 'home_moneyline': -120.0, 'away_moneyline': 105.0}]",-1.5
401310740,2021,10,regular,2021-11-07T02:00:00.000Z,Nevada,Mountain West,27.0,San José State,Mountain West,24.0,"[{'provider': 'Bovada', 'spread': -11.0, 'formatted_spread': 'Nevada -11.0', 'spread_open': -10.0, 'over_under': 55.5, 'over_under_open': 55.0, 'home_moneyline': -455.0, 'away_moneyline': 335.0}]",-11.0
401308840,2021,11,regular,2021-11-10T00:00:00.000Z,Miami (OH),Mid-American,45.0,Buffalo,Mid-American,18.0,"[{'provider': 'Bovada', 'spread': -7.0, 'formatted_spread': 'Miami (OH) -7.0', 'spread_open': -7.0, 'over_under': 58.0, 'over_under_open': 57.0, 'home_moneyline': -290.0, 'away_moneyline': 240.0}]",-7.0
401309584,2021,11,regular,2021-11-10T00:00:00.000Z,Western Michigan,Mid-American,45.0,Akron,Mid-American,40.0,"[{'provider': 'Bovada', 'spread': -24.0, 'formatted_spread': 'Western Michigan -24.0', 'spread_open': -26.0, 'over_under': 62.0, 'over_under_open': 62.0, 'home_moneyline': -3500.0, 'away_moneyline': 1175.0}]",-24.0
401309583,2021,11,regular,2021-11-10T01:00:00.000Z,Eastern Michigan,Mid-American,26.0,Ohio,Mid-American,34.0,"[{'provider': 'Bovada', 'spread': -6.5, 'formatted_spread': 'Eastern Michigan -6.5', 'spread_open': -7.5, 'over_under': 62.0, 'over_under_open': 60.5, 'home_moneyline': -240.0, 'away_moneyline': 200.0}]",-6.5
401309585,2021,11,regular,2021-11-11T00:00:00.000Z,Bowling Green,Mid-American,17.0,Toledo,Mid-American,49.0,"[{'provider': 'Bovada', 'spread': 10.5, 'formatted_spread': 'Toledo -10.5', 'spread_open': 9.5, 'over_under': 50.5, 'over_under_open': 51.5, 'home_moneyline': 310.0, 'away_moneyline': -415.0}]",10.5
401309586,2021,11,regular,2021-11-11T01:00:00.000Z,Central Michigan,Mid-American,54.0,Kent State,Mid-American,30.0,"[{'provider': 'Bovada', 'spread': -2.5, 'formatted_spread': 'Central Michigan -2.5', 'spread_open': -3.0, 'over_under': 76.5, 'over_under_open': 72.5, 'home_moneyline': -135.0, 'away_moneyline': 115.0}]",-2.5
401282067,2021,2,regular,2021-09-11T19:30:00.000Z,Colorado,Pac-12,7.0,Texas A&M,SEC,10.0,"[{'provider': 'Bovada', 'spread': 17.0, 'formatted_spread': 'Texas A&M -17.0', 'spread_open': 17.0, 'over_under': 50.0, 'over_under_open': 52.0, 'home_moneyline': 550.0, 'away_moneyline': -900.0}]",17.0
401282619,2021,2,regular,2021-09-11T23:00:00.000Z,Louisville,ACC,30.0,Eastern Kentucky,AWC,3.0,"[{'provider': 'Bovada', 'spread': -30.0, 'formatted_spread': 'Louisville -30.0', 'spread_open': -30.0, 'over_under': 62.5, 'over_under_open': 62.5, 'home_moneyline': None, 'away_moneyline': None}]",-30.0
401282182,2021,2,regular,2021-09-11T23:00:00.000Z,Florida International,Conference USA,17.0,Texas State,Sun Belt,23.0,"[{'provider': 'Bovada', 'spread': -2.0, 'formatted_spread': 'Florida International -2.0', 'spread_open': -1.0, 'over_under': 55.0, 'over_under_open': 54.0, 'home_moneyline': -130.0, 'away_moneyline': 110.0}]",-2.0
401286189,2021,3,regular,2021-09-18T16:00:00.000Z,Army,FBS Independents,52.0,Connecticut,FBS Independents,21.0,"[{'provider': 'Bovada', 'spread': -35.0, 'formatted_spread': 'Army -35.0', 'spread_open': -33.0, 'over_under': 47.5, 'over_under_open': 51.5, 'home_moneyline': None, 'away_moneyline': None}]",-35.0
401282065,2021,2,regular,2021-09-11T16:00:00.000Z,East Carolina,American Athletic,17.0,South Carolina,SEC,20.0,"[{'provider': 'Bovada', 'spread': 3.0, 'formatted_spread': 'South Carolina -3.0', 'spread_open': -2.0, 'over_under': 56.5, 'over_under_open': 55.0, 'home_moneyline': 115.0, 'away_moneyline': -135.0}]",3.0
401282133,2021,11,regular,2021-11-13T20:30:00.000Z,Tennessee,SEC,17.0,Georgia,SEC,41.0,"[{'provider': 'Bovada', 'spread': 20.0, 'formatted_spread': 'Georgia -20.0', 'spread_open': 20.5, 'over_under': 56.0, 'over_under_open': 54.5, 'home_moneyline': 750.0, 'away_moneyline': -1400.0}]",20.0
401282131,2021,11,regular,2021-11-14T00:00:00.000Z,Ole Miss,SEC,29.0,Texas A&M,SEC,19.0,"[{'provider': 'Bovada', 'spread': 2.5, 'formatted_spread': 'Texas A&M -2.5', 'spread_open': 1.5, 'over_under': 57.0, 'over_under_open': 55.0, 'home_moneyline': 115.0, 'away_moneyline': -135.0}]",2.5
401282128,2021,11,regular,2021-11-13T17:00:00.000Z,Auburn,SEC,34.0,Mississippi State,SEC,43.0,"[{'provider': 'Bovada', 'spread': -6.0, 'formatted_spread': 'Auburn -6.0', 'spread_open': -5.5, 'over_under': 51.0, 'over_under_open': 51.0, 'home_moneyline': -210.0, 'away_moneyline': 175.0}]",-6.0
401282130,2021,11,regular,2021-11-14T00:30:00.000Z,LSU,SEC,13.0,Arkansas,SEC,16.0,"[{'provider': 'Bovada', 'spread': 3.0, 'formatted_spread': 'Arkansas -3.0', 'spread_open': 1.5, 'over_under': 59.0, 'over_under_open': 58.5, 'home_moneyline': 125.0, 'away_moneyline': -145.0}]",3.0
401282129,2021,11,regular,2021-11-13T17:00:00.000Z,Florida,SEC,70.0,Samford,Southern,52.0,"[{'provider': 'Bovada', 'spread': -37.0, 'formatted_spread': 'Florida -37.0', 'spread_open': -35.5, 'over_under': 69.0, 'over_under_open': 69.0, 'home_moneyline': None, 'away_moneyline': None}]",-37.0
401282254,2021,11,regular,2021-11-13T20:30:00.000Z,Louisiana Tech,Conference USA,42.0,Charlotte,Conference USA,32.0,"[{'provider': 'Bovada', 'spread': -7.0, 'formatted_spread': 'Louisiana Tech -7.0', 'spread_open': -6.0, 'over_under': 58.5, 'over_under_open': 57.0, 'home_moneyline': -275.0, 'away_moneyline': 225.0}]",-7.0
401282255,2021,11,regular,2021-11-13T20:30:00.000Z,Middle Tennessee,Conference USA,50.0,Florida International,Conference USA,10.0,"[{'provider': 'Bovada', 'spread': -10.0, 'formatted_spread': 'Middle Tennessee -10.0', 'spread_open': -10.0, 'over_under': 55.0, 'over_under_open': 56.0, 'home_moneyline': -415.0, 'away_moneyline': 310.0}]",-10.0
401282132,2021,11,regular,2021-11-13T21:00:00.000Z,Missouri,SEC,31.0,South Carolina,SEC,28.0,"[{'provider': 'Bovada', 'spread': 1.5, 'formatted_spread': 'South Carolina -1.5', 'spread_open': -1.5, 'over_under': 55.0, 'over_under_open': 54.5, 'home_moneyline': -105.0, 'away_moneyline': -120.0}]",1.5
401282134,2021,11,regular,2021-11-14T00:00:00.000Z,Vanderbilt,SEC,17.0,Kentucky,SEC,34.0,"[{'provider': 'Bovada', 'spread': 21.5, 'formatted_spread': 'Kentucky -21.5', 'spread_open': 21.5, 'over_under': 53.0, 'over_under_open': 52.5, 'home_moneyline': 800.0, 'away_moneyline': -1600.0}]",21.5
401282274,2021,13,regular,2021-11-26T19:00:00.000Z,UAB,Conference USA,42.0,UTEP,Conference USA,25.0,"[{'provider': 'Bovada', 'spread': -13.5, 'formatted_spread': 'UAB -13.5', 'spread_open': -13.0, 'over_under': 50.0, 'over_under_open': 49.5, 'home_moneyline': -555.0, 'away_moneyline': 395.0}]",-13.5
401301054,2021,13,regular,2021-11-27T17:00:00.000Z,Temple,American Athletic,14.0,Navy,American Athletic,38.0,"[{'provider': 'Bovada', 'spread': 13.5, 'formatted_spread': 'Navy -13.5', 'spread_open': 13.0, 'over_under': 42.5, 'over_under_open': 43.5, 'home_moneyline': 385.0, 'away_moneyline': -535.0}]",13.5
401301055,2021,13,regular,2021-11-27T21:00:00.000Z,SMU,American Athletic,31.0,Tulsa,American Athletic,34.0,"[{'provider': 'Bovada', 'spread': -6.5, 'formatted_spread': 'SMU -6.5', 'spread_open': -6.5, 'over_under': 62.0, 'over_under_open': 62.5, 'home_moneyline': -240.0, 'away_moneyline': 200.0}]",-6.5
401309859,2021,4,regular,2021-09-26T02:30:00.000Z,Oregon,Pac-12,41.0,Arizona,Pac-12,19.0,"[{'provider': 'Bovada', 'spread': -29.5, 'formatted_spread': 'Oregon -29.5', 'spread_open': -28.0, 'over_under': 58.0, 'over_under_open': 58.0, 'home_moneyline': -6500.0, 'away_moneyline': 1325.0}]",-29.5
401309858,2021,4,regular,2021-09-25T22:00:00.000Z,Stanford,Pac-12,24.0,UCLA,Pac-12,35.0,"[{'provider': 'Bovada', 'spread': 4.0, 'formatted_spread': 'UCLA -4.0', 'spread_open': 3.5, 'over_under': 60.0, 'over_under_open': 59.0, 'home_moneyline': 160.0, 'away_moneyline': -185.0}]",4.0
401310706,2021,4,regular,2021-09-25T16:00:00.000Z,Utah State,Mountain West,3.0,Boise State,Mountain West,27.0,"[{'provider': 'Bovada', 'spread': 9.5, 'formatted_spread': 'Boise State -9.5', 'spread_open': 9.0, 'over_under': 70.0, 'over_under_open': 63.5, 'home_moneyline': 280.0, 'away_moneyline': -360.0}]",9.5
401309861,2021,4,regular,2021-09-25T18:30:00.000Z,Utah,Pac-12,24.0,Washington State,Pac-12,13.0,"[{'provider': 'Bovada', 'spread': -15.0, 'formatted_spread': 'Utah -15.0', 'spread_open': -14.0, 'over_under': 53.5, 'over_under_open': 55.0, 'home_moneyline': -700.0, 'away_moneyline': 475.0}]",-15.0
401309611,2021,4,regular,2021-09-26T00:00:00.000Z,Louisiana Monroe,Sun Belt,29.0,Troy,Sun Belt,16.0,"[{'provider': 'Bovada', 'spread': 24.0, 'formatted_spread': 'Troy -24.0', 'spread_open': 23.0, 'over_under': 49.5, 'over_under_open': 50.0, 'home_moneyline': 1050.0, 'away_moneyline': -2500.0}]",24.0
401309857,2021,4,regular,2021-09-26T01:30:00.000Z,Washington,Pac-12,31.0,California,Pac-12,24.0,"[{'provider': 'Bovada', 'spread': -7.0, 'formatted_spread': 'Washington -7.0', 'spread_open': -7.5, 'over_under': 47.5, 'over_under_open': 45.5, 'home_moneyline': -320.0, 'away_moneyline': 260.0}]",-7.0
401309860,2021,4,regular,2021-09-26T02:30:00.000Z,USC,Pac-12,27.0,Oregon State,Pac-12,45.0,"[{'provider': 'Bovada', 'spread': -11.0, 'formatted_spread': 'USC -11.0', 'spread_open': -12.5, 'over_under': 62.5, 'over_under_open': 60.5, 'home_moneyline': -460.0, 'away_moneyline': 340.0}]",-11.0
401309862,2021,4,regular,2021-09-26T02:30:00.000Z,Arizona State,Pac-12,35.0,Colorado,Pac-12,13.0,"[{'provider': 'Bovada', 'spread': -14.0, 'formatted_spread': 'Arizona State -14.0', 'spread_open': -14.0, 'over_under': 46.0, 'over_under_open': 44.0, 'home_moneyline': -655.0, 'away_moneyline': 445.0}]",-14.0
401282649,2021,5,regular,2021-10-02T16:00:00.000Z,Georgia Tech,ACC,21.0,Pittsburgh,ACC,52.0,"[{'provider': 'Bovada', 'spread': 3.0, 'formatted_spread': 'Pittsburgh -3.0', 'spread_open': 3.0, 'over_under': 58.0, 'over_under_open': 57.0, 'home_moneyline': 130.0, 'away_moneyline': -150.0}]",3.0
401282650,2021,5,regular,2021-10-02T16:00:00.000Z,North Carolina,ACC,38.0,Duke,ACC,7.0,"[{'provider': 'Bovada', 'spread': -19.5, 'formatted_spread': 'North Carolina -19.5', 'spread_open': -18.0, 'over_under': 73.5, 'over_under_open': 69.0, 'home_moneyline': -1200.0, 'away_moneyline': 700.0}]",-19.5
401309896,2021,11,regular,2021-11-13T19:00:00.000Z,Arizona,Pac-12,29.0,Utah,Pac-12,38.0,"[{'provider': 'Bovada', 'spread': 24.5, 'formatted_spread': 'Utah -24.5', 'spread_open': 24.0, 'over_under': 54.5, 'over_under_open': 54.0, 'home_moneyline': 1100.0, 'away_moneyline': -2800.0}]",24.5
401310254,2021,11,regular,2021-11-13T17:00:00.000Z,Army,FBS Independents,63.0,Bucknell,Patriot,10.0,"[{'provider': 'Bovada', 'spread': -51.0, 'formatted_spread': 'Army -51.0', 'spread_open': -51.0, 'over_under': 58.5, 'over_under_open': 58.5, 'home_moneyline': None, 'away_moneyline': None}]",-51.0
401309897,2021,11,regular,2021-11-14T00:00:00.000Z,Washington,Pac-12,30.0,Arizona State,Pac-12,35.0,"[{'provider': 'Bovada', 'spread': 6.0, 'formatted_spread': 'Arizona State -6.0', 'spread_open': 5.0, 'over_under': 45.5, 'over_under_open': 43.5, 'home_moneyline': 185.0, 'away_moneyline': -225.0}]",6.0
401310741,2021,11,regular,2021-11-14T00:00:00.000Z,Colorado State,Mountain West,21.0,Air Force,Mountain West,35.0,"[{'provider': 'Bovada', 'spread': 2.5, 'formatted_spread': 'Air Force -2.5', 'spread_open': 2.5, 'over_under': 45.0, 'over_under_open': 45.5, 'home_moneyline': 115.0, 'away_moneyline': -135.0}]",2.5
401310743,2021,11,regular,2021-11-14T00:00:00.000Z,Fresno State,Mountain West,34.0,New Mexico,Mountain West,7.0,"[{'provider': 'Bovada', 'spread': -24.5, 'formatted_spread': 'Fresno State -24.5', 'spread_open': -24.5, 'over_under': 51.0, 'over_under_open': 50.5, 'home_moneyline': -3000.0, 'away_moneyline': 1125.0}]",-24.5
401309898,2021,11,regular,2021-11-14T02:00:00.000Z,UCLA,Pac-12,44.0,Colorado,Pac-12,20.0,"[{'provider': 'Bovada', 'spread': -18.0, 'formatted_spread': 'UCLA -18.0', 'spread_open': -15.0, 'over_under': 57.5, 'over_under_open': 58.0, 'home_moneyline': -900.0, 'away_moneyline': 575.0}]",-18.0
401310742,2021,11,regular,2021-11-13T02:00:00.000Z,Boise State,Mountain West,23.0,Wyoming,Mountain West,13.0,"[{'provider': 'Bovada', 'spread': -14.0, 'formatted_spread': 'Boise State -14.0', 'spread_open': -14.5, 'over_under': 48.5, 'over_under_open': 48.0, 'home_moneyline': -625.0, 'away_moneyline': 430.0}]",-14.0
401282152,2021,13,regular,2021-11-28T00:30:00.000Z,South Carolina,SEC,0.0,Clemson,ACC,30.0,"[{'provider': 'Bovada', 'spread': 11.0, 'formatted_spread': 'Clemson -11.0', 'spread_open': 11.0, 'over_under': 43.0, 'over_under_open': 43.0, 'home_moneyline': 315.0, 'away_moneyline': -420.0}]",11.0
401282268,2021,13,regular,2021-11-27T19:00:00.000Z,Old Dominion,Conference USA,56.0,Charlotte,Conference USA,34.0,"[{'provider': 'Bovada', 'spread': -9.5, 'formatted_spread': 'Old Dominion -9.5', 'spread_open': -10.0, 'over_under': 56.0, 'over_under_open': 56.0, 'home_moneyline': -360.0, 'away_moneyline': 280.0}]",-9.5
401309855,2021,3,regular,2021-09-19T02:45:00.000Z,UCLA,Pac-12,37.0,Fresno State,Mountain West,40.0,"[{'provider': 'Bovada', 'spread': -11.0, 'formatted_spread': 'UCLA -11.0', 'spread_open': -10.0, 'over_under': 63.5, 'over_under_open': 61.0, 'home_moneyline': -435.0, 'away_moneyline': 325.0}]",-11.0
401282817,2021,4,regular,2021-09-25T16:00:00.000Z,Penn State,Big Ten,38.0,Villanova,CAA,17.0,"[{'provider': 'Bovada', 'spread': -30.0, 'formatted_spread': 'Penn State -30.0', 'spread_open': -30.0, 'over_under': 53.0, 'over_under_open': 54.5, 'home_moneyline': None, 'away_moneyline': None}]",-30.0
401301046,2021,12,regular,2021-11-20T20:30:00.000Z,Cincinnati,American Athletic,48.0,SMU,American Athletic,14.0,"[{'provider': 'Bovada', 'spread': -10.0, 'formatted_spread': 'Cincinnati -10.0', 'spread_open': -12.5, 'over_under': 65.0, 'over_under_open': 65.0, 'home_moneyline': -395.0, 'away_moneyline': 300.0}]",-10.0
401287947,2021,12,regular,2021-11-20T17:00:00.000Z,West Virginia,Big 12,31.0,Texas,Big 12,23.0,"[{'provider': 'Bovada', 'spread': -2.0, 'formatted_spread': 'West Virginia -2.0', 'spread_open': -2.5, 'over_under': 56.5, 'over_under_open': 58.0, 'home_moneyline': -130.0, 'away_moneyline': 110.0}]",-2.0
401301048,2021,12,regular,2021-11-20T17:00:00.000Z,Tulane,American Athletic,45.0,South Florida,American Athletic,14.0,"[{'provider': 'Bovada', 'spread': -6.0, 'formatted_spread': 'Tulane -6.0', 'spread_open': -3.5, 'over_under': 60.0, 'over_under_open': 61.0, 'home_moneyline': -220.0, 'away_moneyline': 180.0}]",-6.0
401301047,2021,12,regular,2021-11-20T20:30:00.000Z,Navy,American Athletic,35.0,East Carolina,American Athletic,38.0,"[{'provider': 'Bovada', 'spread': 3.5, 'formatted_spread': 'East Carolina -3.5', 'spread_open': 4.0, 'over_under': 46.5, 'over_under_open': 46.5, 'home_moneyline': 160.0, 'away_moneyline': -185.0}]",3.5
401301049,2021,12,regular,2021-11-20T21:00:00.000Z,Tulsa,American Athletic,44.0,Temple,American Athletic,10.0,"[{'provider': 'Bovada', 'spread': -22.0, 'formatted_spread': 'Tulsa -22.0', 'spread_open': -22.0, 'over_under': 51.0, 'over_under_open': 50.5, 'home_moneyline': -1700.0, 'away_moneyline': 850.0}]",-22.0
401287946,2021,12,regular,2021-11-21T01:00:00.000Z,Texas Tech,Big 12,0.0,Oklahoma State,Big 12,23.0,"[{'provider': 'Bovada', 'spread': 10.0, 'formatted_spread': 'Oklahoma State -10.0', 'spread_open': 10.5, 'over_under': 55.0, 'over_under_open': 56.5, 'home_moneyline': 300.0, 'away_moneyline': -395.0}]",10.0
401287944,2021,12,regular,2021-11-20T17:00:00.000Z,Oklahoma,Big 12,28.0,Iowa State,Big 12,21.0,"[{'provider': 'Bovada', 'spread': -3.0, 'formatted_spread': 'Oklahoma -3.0', 'spread_open': -4.0, 'over_under': 59.0, 'over_under_open': 60.0, 'home_moneyline': -170.0, 'away_moneyline': 145.0}]",-3.0
401287945,2021,12,regular,2021-11-20T21:00:00.000Z,TCU,Big 12,31.0,Kansas,Big 12,28.0,"[{'provider': 'Bovada', 'spread': -21.0, 'formatted_spread': 'TCU -21.0', 'spread_open': -21.5, 'over_under': 64.5, 'over_under_open': 66.5, 'home_moneyline': -1500.0, 'away_moneyline': 775.0}]",-21.0
401309647,2021,13,regular,2021-11-27T19:00:00.000Z,Arkansas State,Sun Belt,22.0,Texas State,Sun Belt,24.0,"[{'provider': 'Bovada', 'spread': -2.0, 'formatted_spread': 'Arkansas State -2.0', 'spread_open': -2.0, 'over_under': 62.0, 'over_under_open': 61.5, 'home_moneyline': -125.0, 'away_moneyline': 105.0}]",-2.0
401309646,2021,13,regular,2021-11-27T19:30:00.000Z,Appalachian State,Sun Belt,27.0,Georgia Southern,Sun Belt,3.0,"[{'provider': 'Bovada', 'spread': -24.5, 'formatted_spread': 'Appalachian State -24.5', 'spread_open': -24.5, 'over_under': 55.5, 'over_under_open': 55.5, 'home_moneyline': None, 'away_moneyline': None}]",-24.5
401309890,2021,10,regular,2021-11-06T23:30:00.000Z,Washington,Pac-12,16.0,Oregon,Pac-12,26.0,"[{'provider': 'Bovada', 'spread': 7.0, 'formatted_spread': 'Oregon -7.0', 'spread_open': 6.5, 'over_under': 48.0, 'over_under_open': 50.5, 'home_moneyline': 225.0, 'away_moneyline': -275.0}]",7.0
401309889,2021,10,regular,2021-11-06T19:00:00.000Z,Arizona,Pac-12,10.0,California,Pac-12,3.0,"[{'provider': 'Bovada', 'spread': 8.5, 'formatted_spread': 'California -8.5', 'spread_open': 12.0, 'over_under': 49.0, 'over_under_open': 50.5, 'home_moneyline': 285.0, 'away_moneyline': -370.0}]",8.5
401309891,2021,10,regular,2021-11-06T23:00:00.000Z,Colorado,Pac-12,37.0,Oregon State,Pac-12,34.0,"[{'provider': 'Bovada', 'spread': 11.5, 'formatted_spread': 'Oregon State -11.5', 'spread_open': 10.5, 'over_under': 55.0, 'over_under_open': 54.0, 'home_moneyline': 335.0, 'away_moneyline': -455.0}]",11.5
401282127,2021,11,regular,2021-11-13T17:00:00.000Z,Alabama,SEC,59.0,New Mexico State,FBS Independents,3.0,"[{'provider': 'Bovada', 'spread': -50.0, 'formatted_spread': 'Alabama -50.0', 'spread_open': -51.5, 'over_under': 67.0, 'over_under_open': 67.0, 'home_moneyline': None, 'away_moneyline': None}]",-50.0
401309597,2021,13,regular,2021-11-27T17:00:00.000Z,Toledo,Mid-American,49.0,Akron,Mid-American,14.0,"[{'provider': 'Bovada', 'spread': -29.0, 'formatted_spread': 'Toledo -29.0', 'spread_open': -28.0, 'over_under': 57.5, 'over_under_open': 57.5, 'home_moneyline': None, 'away_moneyline': None}]",-29.0
401301040,2021,11,regular,2021-11-12T23:00:00.000Z,South Florida,American Athletic,28.0,Cincinnati,American Athletic,45.0,"[{'provider': 'Bovada', 'spread': 24.0, 'formatted_spread': 'Cincinnati -24.0', 'spread_open': 23.5, 'over_under': 59.0, 'over_under_open': 59.0, 'home_moneyline': 975.0, 'away_moneyline': -2100.0}]",24.0
401309622,2021,7,regular,2021-10-16T19:00:00.000Z,Texas State,Sun Belt,28.0,Troy,Sun Belt,31.0,"[{'provider': 'Bovada', 'spread': 7.5, 'formatted_spread': 'Troy -7.5', 'spread_open': 6.0, 'over_under': 48.5, 'over_under_open': 49.5, 'home_moneyline': 230.0, 'away_moneyline': -280.0}]",7.5
401282250,2021,10,regular,2021-11-06T16:00:00.000Z,UAB,Conference USA,52.0,Louisiana Tech,Conference USA,38.0,"[{'provider': 'Bovada', 'spread': -13.5, 'formatted_spread': 'UAB -13.5', 'spread_open': -13.0, 'over_under': 49.0, 'over_under_open': 50.5, 'home_moneyline': -555.0, 'away_moneyline': 395.0}]",-13.5
401301039,2021,10,regular,2021-11-06T16:00:00.000Z,Memphis,American Athletic,28.0,SMU,American Athletic,25.0,"[{'provider': 'Bovada', 'spread': 3.5, 'formatted_spread': 'SMU -3.5', 'spread_open': 6.5, 'over_under': 72.0, 'over_under_open': 71.0, 'home_moneyline': 135.0, 'away_moneyline': -160.0}]",3.5
401309633,2021,10,regular,2021-11-06T18:00:00.000Z,Arkansas State,Sun Belt,14.0,Appalachian State,Sun Belt,48.0,"[{'provider': 'Bovada', 'spread': 21.5, 'formatted_spread': 'Appalachian State -21.5', 'spread_open': 20.5, 'over_under': 68.0, 'over_under_open': 68.0, 'home_moneyline': 800.0, 'away_moneyline': -1600.0}]",21.5
401309635,2021,10,regular,2021-11-06T19:00:00.000Z,Texas State,Sun Belt,27.0,Louisiana Monroe,Sun Belt,19.0,"[{'provider': 'Bovada', 'spread': -3.5, 'formatted_spread': 'Texas State -3.5', 'spread_open': -3.5, 'over_under': 58.0, 'over_under_open': 60.5, 'home_moneyline': -165.0, 'away_moneyline': 140.0}]",-3.5
401309636,2021,10,regular,2021-11-06T19:30:00.000Z,Troy,Sun Belt,31.0,South Alabama,Sun Belt,24.0,"[{'provider': 'Bovada', 'spread': -4.0, 'formatted_spread': 'Troy -4.0', 'spread_open': -3.0, 'over_under': 48.0, 'over_under_open': 48.5, 'home_moneyline': -180.0, 'away_moneyline': 155.0}]",-4.0
401282249,2021,10,regular,2021-11-06T22:00:00.000Z,Florida Atlantic,Conference USA,13.0,Marshall,Conference USA,28.0,"[{'provider': 'Bovada', 'spread': 1.5, 'formatted_spread': 'Marshall -1.5', 'spread_open': 1.5, 'over_under': 57.5, 'over_under_open': 57.5, 'home_moneyline': 105.0, 'away_moneyline': -120.0}]",1.5
401309634,2021,10,regular,2021-11-06T22:00:00.000Z,Georgia Southern,Sun Belt,8.0,Coastal Carolina,Sun Belt,28.0,"[{'provider': 'Bovada', 'spread': 16.0, 'formatted_spread': 'Coastal Carolina -16.0', 'spread_open': 19.0, 'over_under': 56.0, 'over_under_open': 61.5, 'home_moneyline': 700.0, 'away_moneyline': -1200.0}]",16.0
401301038,2021,10,regular,2021-11-06T23:30:00.000Z,South Florida,American Athletic,42.0,Houston,American Athletic,54.0,"[{'provider': 'Bovada', 'spread': 13.0, 'formatted_spread': 'Houston -13.0', 'spread_open': 13.0, 'over_under': 52.0, 'over_under_open': 54.5, 'home_moneyline': 400.0, 'away_moneyline': -565.0}]",13.0
401309882,2021,9,regular,2021-10-30T23:00:00.000Z,California,Pac-12,39.0,Oregon State,Pac-12,25.0,"[{'provider': 'Bovada', 'spread': 2.0, 'formatted_spread': 'Oregon State -2.0', 'spread_open': 1.5, 'over_under': 55.5, 'over_under_open': 56.0, 'home_moneyline': 105.0, 'away_moneyline': -125.0}]",2.0
401301037,2021,10,regular,2021-11-06T19:30:00.000Z,Cincinnati,American Athletic,28.0,Tulsa,American Athletic,20.0,"[{'provider': 'Bovada', 'spread': -22.5, 'formatted_spread': 'Cincinnati -22.5', 'spread_open': -23.0, 'over_under': 56.0, 'over_under_open': 54.5, 'home_moneyline': -2100.0, 'away_moneyline': 975.0}]",-22.5
401287937,2021,10,regular,2021-11-06T19:30:00.000Z,West Virginia,Big 12,3.0,Oklahoma State,Big 12,24.0,"[{'provider': 'Bovada', 'spread': 3.5, 'formatted_spread': 'Oklahoma State -3.5', 'spread_open': 3.0, 'over_under': 49.0, 'over_under_open': 49.0, 'home_moneyline': 150.0, 'away_moneyline': -175.0}]",3.5
401287936,2021,10,regular,2021-11-06T19:30:00.000Z,TCU,Big 12,30.0,Baylor,Big 12,28.0,"[{'provider': 'Bovada', 'spread': 7.0, 'formatted_spread': 'Baylor -7.0', 'spread_open': 5.0, 'over_under': 58.0, 'over_under_open': 59.0, 'home_moneyline': 225.0, 'away_moneyline': -275.0}]",7.0
401287935,2021,10,regular,2021-11-06T16:00:00.000Z,Kansas,Big 12,10.0,Kansas State,Big 12,35.0,"[{'provider': 'Bovada', 'spread': 24.0, 'formatted_spread': 'Kansas State -24.0', 'spread_open': 23.5, 'over_under': 56.0, 'over_under_open': 56.5, 'home_moneyline': 1050.0, 'away_moneyline': -2500.0}]",24.0
401282768,2021,10,regular,2021-11-06T19:30:00.000Z,Maryland,Big Ten,14.0,Penn State,Big Ten,31.0,"[{'provider': 'Bovada', 'spread': 10.0, 'formatted_spread': 'Penn State -10.0', 'spread_open': 11.0, 'over_under': 56.0, 'over_under_open': 55.0, 'home_moneyline': 300.0, 'away_moneyline': -395.0}]",10.0
401286303,2021,10,regular,2021-11-06T19:30:00.000Z,UMass,FBS Independents,22.0,Rhode Island,CAA,35.0,"[{'provider': 'Bovada', 'spread': -1.0, 'formatted_spread': 'UMass -1.0', 'spread_open': -1.0, 'over_under': 55.0, 'over_under_open': 57.0, 'home_moneyline': -125.0, 'away_moneyline': 105.0}]",-1.0
401301036,2021,10,regular,2021-11-06T20:00:00.000Z,UCF,American Athletic,14.0,Tulane,American Athletic,10.0,"[{'provider': 'Bovada', 'spread': -12.0, 'formatted_spread': 'UCF -12.0', 'spread_open': -13.0, 'over_under': 58.5, 'over_under_open': 59.5, 'home_moneyline': -535.0, 'away_moneyline': 385.0}]",-12.0
401287934,2021,10,regular,2021-11-06T23:30:00.000Z,Iowa State,Big 12,30.0,Texas,Big 12,7.0,"[{'provider': 'Bovada', 'spread': -6.5, 'formatted_spread': 'Iowa State -6.5', 'spread_open': -6.5, 'over_under': 59.5, 'over_under_open': 60.0, 'home_moneyline': -240.0, 'away_moneyline': 200.0}]",-6.5
401282728,2021,11,regular,2021-11-13T17:00:00.000Z,Indiana,Big Ten,3.0,Rutgers,Big Ten,38.0,"[{'provider': 'Bovada', 'spread': -6.0, 'formatted_spread': 'Indiana -6.0', 'spread_open': -6.5, 'over_under': 43.0, 'over_under_open': 43.5, 'home_moneyline': -260.0, 'away_moneyline': 215.0}]",-6.0
401287943,2021,12,regular,2021-11-20T22:30:00.000Z,Kansas State,Big 12,10.0,Baylor,Big 12,20.0,"[{'provider': 'Bovada', 'spread': -2.5, 'formatted_spread': 'Kansas State -2.5', 'spread_open': -1.0, 'over_under': 50.0, 'over_under_open': 50.0, 'home_moneyline': -120.0, 'away_moneyline': -105.0}]",-2.5
401282151,2021,13,regular,2021-11-26T00:30:00.000Z,Mississippi State,SEC,21.0,Ole Miss,SEC,31.0,"[{'provider': 'Bovada', 'spread': -2.0, 'formatted_spread': 'Mississippi State -2.0', 'spread_open': -1.0, 'over_under': 65.0, 'over_under_open': 60.5, 'home_moneyline': -125.0, 'away_moneyline': 105.0}]",-2.0
401308842,2021,13,regular,2021-11-27T17:00:00.000Z,Kent State,Mid-American,48.0,Miami (OH),Mid-American,47.0,"[{'provider': 'Bovada', 'spread': 1.0, 'formatted_spread': 'Miami (OH) -1.0', 'spread_open': -1.0, 'over_under': 67.0, 'over_under_open': 65.0, 'home_moneyline': -105.0, 'away_moneyline': -120.0}]",1.0
401282789,2021,1,regular,2021-09-03T00:00:00.000Z,Minnesota,Big Ten,31.0,Ohio State,Big Ten,45.0,"[{'provider': 'Bovada', 'spread': 14.0, 'formatted_spread': 'Ohio State -14.0', 'spread_open': 14.0, 'over_under': 61.5, 'over_under_open': 66.5, 'home_moneyline': 385.0, 'away_moneyline': -570.0}]",14.0
401328545,2021,1,regular,2021-09-02T23:00:00.000Z,Coastal Carolina,Sun Belt,52.0,The Citadel,Southern,14.0,"[{'provider': 'Bovada', 'spread': -33.5, 'formatted_spread': 'Coastal Carolina -33.5', 'spread_open': -35.0, 'over_under': 54.5, 'over_under_open': 57.0, 'home_moneyline': None, 'away_moneyline': None}]",-33.5
401309540,2021,1,regular,2021-09-02T23:00:00.000Z,Ball State,Mid-American,31.0,Western Illinois,MVFC,21.0,"[{'provider': 'Bovada', 'spread': -31.5, 'formatted_spread': 'Ball State -31.5', 'spread_open': -32.5, 'over_under': 58.5, 'over_under_open': 59.0, 'home_moneyline': None, 'away_moneyline': None}]",-31.5
401282607,2021,1,regular,2021-09-02T23:30:00.000Z,NC State,ACC,45.0,South Florida,American Athletic,0.0,"[{'provider': 'Bovada', 'spread': -20.0, 'formatted_spread': 'NC State -20.0', 'spread_open': -16.5, 'over_under': 58.0, 'over_under_open': 60.0, 'home_moneyline': -1100.0, 'away_moneyline': 650.0}]",-20.0
401300993,2021,1,regular,2021-09-02T23:30:00.000Z,Appalachian State,Sun Belt,33.0,East Carolina,American Athletic,19.0,"[{'provider': 'Bovada', 'spread': -9.5, 'formatted_spread': 'Appalachian State -9.5', 'spread_open': -13.0, 'over_under': 56.0, 'over_under_open': 59.5, 'home_moneyline': -420.0, 'away_moneyline': 310.0}]",-9.5
401300994,2021,1,regular,2021-09-02T23:30:00.000Z,Tulsa,American Athletic,17.0,UC Davis,Big Sky,19.0,"[{'provider': 'Bovada', 'spread': -22.0, 'formatted_spread': 'Tulsa -22.0', 'spread_open': -22.5, 'over_under': 54.5, 'over_under_open': 54.5, 'home_moneyline': None, 'away_moneyline': None}]",-22.0
401281952,2021,1,regular,2021-09-03T00:00:00.000Z,Tennessee,SEC,38.0,Bowling Green,Mid-American,6.0,"[{'provider': 'Bovada', 'spread': -37.0, 'formatted_spread': 'Tennessee -37.0', 'spread_open': -30.5, 'over_under': 60.5, 'over_under_open': 58.5, 'home_moneyline': None, 'away_moneyline': None}]",-37.0
401282822,2021,1,regular,2021-09-04T16:00:00.000Z,Rutgers,Big Ten,61.0,Temple,American Athletic,14.0,"[{'provider': 'Bovada', 'spread': -14.0, 'formatted_spread': 'Rutgers -14.0', 'spread_open': -13.0, 'over_under': 52.0, 'over_under_open': 51.0, 'home_moneyline': -700.0, 'away_moneyline': 450.0}]",-14.0
401309542,2021,1,regular,2021-09-02T23:00:00.000Z,Buffalo,Mid-American,69.0,Wagner,NEC,7.0,"[{'provider': 'Bovada', 'spread': -44.0, 'formatted_spread': 'Buffalo -44.0', 'spread_open': -43.5, 'over_under': 54.5, 'over_under_open': 55.5, 'home_moneyline': None, 'away_moneyline': None}]",-44.0
401300995,2021,1,regular,2021-09-02T23:00:00.000Z,UCF,American Athletic,36.0,Boise State,Mountain West,31.0,"[{'provider': 'Bovada', 'spread': -6.5, 'formatted_spread': 'UCF -6.5', 'spread_open': -4.0, 'over_under': 67.5, 'over_under_open': 70.0, 'home_moneyline': -225.0, 'away_moneyline': 185.0}]",-6.5
401282051,2021,1,regular,2021-09-03T00:05:00.000Z,Florida International,Conference USA,48.0,Long Island University,NEC,10.0,"[{'provider': 'Bovada', 'spread': -35.0, 'formatted_spread': 'Florida International -35.0', 'spread_open': -33.5, 'over_under': 49.0, 'over_under_open': 49.5, 'home_moneyline': None, 'away_moneyline': None}]",-35.0
401281942,2021,1,regular,2021-09-04T19:30:00.000Z,Miami,ACC,13.0,Alabama,SEC,44.0,"[{'provider': 'Bovada', 'spread': 19.5, 'formatted_spread': 'Alabama -19.5', 'spread_open': 18.5, 'over_under': 61.5, 'over_under_open': 64.5, 'home_moneyline': 700.0, 'away_moneyline': -1200.0}]",19.5
401287894,2021,1,regular,2021-09-04T16:00:00.000Z,Oklahoma,Big 12,40.0,Tulane,American Athletic,35.0,"[{'provider': 'Bovada', 'spread': -31.5, 'formatted_spread': 'Oklahoma -31.5', 'spread_open': -22.0, 'over_under': 67.0, 'over_under_open': 70.0, 'home_moneyline': None, 'away_moneyline': None}]",-31.5
401300996,2021,1,regular,2021-09-04T19:30:00.000Z,Cincinnati,American Athletic,49.0,Miami (OH),Mid-American,14.0,"[{'provider': 'Bovada', 'spread': -22.5, 'formatted_spread': 'Cincinnati -22.5', 'spread_open': -21.5, 'over_under': 49.5, 'over_under_open': 51.0, 'home_moneyline': -2100.0, 'away_moneyline': 975.0}]",-22.5
401282815,2021,1,regular,2021-09-04T16:00:00.000Z,Wisconsin,Big Ten,10.0,Penn State,Big Ten,16.0,"[{'provider': 'Bovada', 'spread': -5.5, 'formatted_spread': 'Wisconsin -5.5', 'spread_open': -4.0, 'over_under': 48.5, 'over_under_open': 51.5, 'home_moneyline': -210.0, 'away_moneyline': 175.0}]",-5.5
401282723,2021,1,regular,2021-09-04T19:30:00.000Z,Iowa,Big Ten,34.0,Indiana,Big Ten,6.0,"[{'provider': 'Bovada', 'spread': -3.5, 'formatted_spread': 'Iowa -3.5', 'spread_open': -4.0, 'over_under': 45.5, 'over_under_open': 47.5, 'home_moneyline': -180.0, 'away_moneyline': 160.0}]",-3.5
401286188,2021,1,regular,2021-09-04T16:00:00.000Z,Connecticut,FBS Independents,28.0,Holy Cross,Patriot,38.0,"[{'provider': 'Bovada', 'spread': -3.0, 'formatted_spread': 'Connecticut -3.0', 'spread_open': -3.0, 'over_under': 49.5, 'over_under_open': 51.0, 'home_moneyline': -150.0, 'away_moneyline': 130.0}]",-3.0
401287889,2021,1,regular,2021-09-04T16:00:00.000Z,Kansas State,Big 12,24.0,Stanford,Pac-12,7.0,"[{'provider': 'Bovada', 'spread': -3.5, 'formatted_spread': 'Kansas State -3.5', 'spread_open': 0.0, 'over_under': 54.0, 'over_under_open': 52.5, 'home_moneyline': -160.0, 'away_moneyline': 140.0}]",-3.5
401309601,2021,1,regular,2021-09-04T16:00:00.000Z,Georgia State,Sun Belt,10.0,Army,FBS Independents,43.0,"[{'provider': 'Bovada', 'spread': -2.5, 'formatted_spread': 'Georgia State -2.5', 'spread_open': -3.0, 'over_under': 49.5, 'over_under_open': 51.5, 'home_moneyline': -130.0, 'away_moneyline': 110.0}]",-2.5
401327913,2021,1,regular,2021-09-04T16:00:00.000Z,Nebraska,Big Ten,52.0,Fordham,Patriot,7.0,"[{'provider': 'Bovada', 'spread': -41.5, 'formatted_spread': 'Nebraska -41.5', 'spread_open': -43.5, 'over_under': 55.0, 'over_under_open': 55.0, 'home_moneyline': None, 'away_moneyline': None}]",-41.5
401281943,2021,1,regular,2021-09-04T18:00:00.000Z,Arkansas,SEC,38.0,Rice,Conference USA,17.0,"[{'provider': 'Bovada', 'spread': -20.0, 'formatted_spread': 'Arkansas -20.0', 'spread_open': -21.5, 'over_under': 50.0, 'over_under_open': 51.0, 'home_moneyline': -1300.0, 'away_moneyline': 725.0}]",-20.0
401309838,2021,1,regular,2021-09-04T18:00:00.000Z,Oregon,Pac-12,31.0,Fresno State,Mountain West,24.0,"[{'provider': 'Bovada', 'spread': -20.0, 'formatted_spread': 'Oregon -20.0', 'spread_open': -20.5, 'over_under': 64.0, 'over_under_open': 61.5, 'home_moneyline': -1500.0, 'away_moneyline': 775.0}]",-20.0
401282764,2021,1,regular,2021-09-04T19:30:00.000Z,Maryland,Big Ten,30.0,West Virginia,Big 12,24.0,"[{'provider': 'Bovada', 'spread': 2.5, 'formatted_spread': 'West Virginia -2.5', 'spread_open': 4.0, 'over_under': 57.0, 'over_under_open': 55.0, 'home_moneyline': 120.0, 'away_moneyline': -140.0}]",2.5
401281949,2021,1,regular,2021-09-04T20:00:00.000Z,Mississippi State,SEC,35.0,Louisiana Tech,Conference USA,34.0,"[{'provider': 'Bovada', 'spread': -21.5, 'formatted_spread': 'Mississippi State -21.5', 'spread_open': -27.5, 'over_under': 52.5, 'over_under_open': 52.5, 'home_moneyline': -2300.0, 'away_moneyline': 1025.0}]",-21.5
401281950,2021,1,regular,2021-09-04T20:00:00.000Z,Missouri,SEC,34.0,Central Michigan,Mid-American,24.0,"[{'provider': 'Bovada', 'spread': -14.0, 'formatted_spread': 'Missouri -14.0', 'spread_open': -11.0, 'over_under': 59.0, 'over_under_open': 60.5, 'home_moneyline': -650.0, 'away_moneyline': 425.0}]",-14.0
401282612,2021,1,regular,2021-09-04T20:00:00.000Z,Pittsburgh,ACC,51.0,UMass,FBS Independents,7.0,"[{'provider': 'Bovada', 'spread': -37.5, 'formatted_spread': 'Pittsburgh -37.5', 'spread_open': -35.5, 'over_under': 56.0, 'over_under_open': 56.5, 'home_moneyline': None, 'away_moneyline': None}]",-37.5
401286294,2021,1,regular,2021-09-04T22:00:00.000Z,Liberty,FBS Independents,48.0,Campbell,Big South,7.0,"[{'provider': 'Bovada', 'spread': -35.0, 'formatted_spread': 'Liberty -35.0', 'spread_open': -35.0, 'over_under': 65.0, 'over_under_open': 65.0, 'home_moneyline': None, 'away_moneyline': None}]",-35.0
401281944,2021,1,regular,2021-09-04T23:00:00.000Z,Auburn,SEC,60.0,Akron,Mid-American,10.0,"[{'provider': 'Bovada', 'spread': -37.0, 'formatted_spread': 'Auburn -37.0', 'spread_open': -35.5, 'over_under': 56.0, 'over_under_open': 55.0, 'home_moneyline': None, 'away_moneyline': None}]",-37.0
401281951,2021,1,regular,2021-09-04T23:00:00.000Z,South Carolina,SEC,46.0,Eastern Illinois,OVC,0.0,"[{'provider': 'Bovada', 'spread': -31.5, 'formatted_spread': 'South Carolina -31.5', 'spread_open': -31.5, 'over_under': 55.5, 'over_under_open': 55.5, 'home_moneyline': None, 'away_moneyline': None}]",-31.5
401282173,2021,1,regular,2021-09-04T23:00:00.000Z,Middle Tennessee,Conference USA,50.0,Monmouth,Big South,15.0,"[{'provider': 'Bovada', 'spread': -8.5, 'formatted_spread': 'Middle Tennessee -8.5', 'spread_open': -8.0, 'over_under': 58.0, 'over_under_open': 55.5, 'home_moneyline': None, 'away_moneyline': None}]",-8.5
401301033,2021,9,regular,2021-10-28T23:30:00.000Z,East Carolina,American Athletic,29.0,South Florida,American Athletic,14.0,"[{'provider': 'Bovada', 'spread': -9.5, 'formatted_spread': 'East Carolina -9.5', 'spread_open': -9.0, 'over_under': 56.0, 'over_under_open': 57.0, 'home_moneyline': -360.0, 'away_moneyline': 280.0}]",-9.5
401301027,2021,8,regular,2021-10-23T16:00:00.000Z,Navy,American Athletic,20.0,Cincinnati,American Athletic,27.0,"[{'provider': 'Bovada', 'spread': 29.5, 'formatted_spread': 'Cincinnati -29.5', 'spread_open': 27.0, 'over_under': 49.5, 'over_under_open': 51.0, 'home_moneyline': 1225.0, 'away_moneyline': -4100.0}]",29.5
401287928,2021,8,regular,2021-10-23T16:00:00.000Z,Texas Tech,Big 12,24.0,Kansas State,Big 12,25.0,"[{'provider': 'Bovada', 'spread': 1.0, 'formatted_spread': 'Kansas State -1.0', 'spread_open': -1.0, 'over_under': 60.5, 'over_under_open': 60.5, 'home_moneyline': -105.0, 'away_moneyline': -115.0}]",1.0
401308838,2021,8,regular,2021-10-23T19:30:00.000Z,Ball State,Mid-American,17.0,Miami (OH),Mid-American,24.0,"[{'provider': 'Bovada', 'spread': -3.5, 'formatted_spread': 'Ball State -3.5', 'spread_open': -6.5, 'over_under': 52.5, 'over_under_open': 51.0, 'home_moneyline': -180.0, 'away_moneyline': 155.0}]",-3.5
401309573,2021,8,regular,2021-10-23T19:30:00.000Z,Toledo,Mid-American,34.0,Western Michigan,Mid-American,15.0,"[{'provider': 'Bovada', 'spread': 1.5, 'formatted_spread': 'Western Michigan -1.5', 'spread_open': 3.0, 'over_under': 54.5, 'over_under_open': 54.5, 'home_moneyline': 105.0, 'away_moneyline': -125.0}]",1.5
401301028,2021,8,regular,2021-10-23T20:00:00.000Z,Houston,American Athletic,31.0,East Carolina,American Athletic,24.0,"[{'provider': 'Bovada', 'spread': -13.5, 'formatted_spread': 'Houston -13.5', 'spread_open': -13.0, 'over_under': 57.0, 'over_under_open': 58.0, 'home_moneyline': -565.0, 'away_moneyline': 400.0}]",-13.5
401301029,2021,8,regular,2021-10-23T23:00:00.000Z,South Florida,American Athletic,34.0,Temple,American Athletic,14.0,"[{'provider': 'Bovada', 'spread': -1.5, 'formatted_spread': 'South Florida -1.5', 'spread_open': -3.5, 'over_under': 55.0, 'over_under_open': 57.5, 'home_moneyline': -120.0, 'away_moneyline': 110.0}]",-1.5
401287927,2021,8,regular,2021-10-23T23:30:00.000Z,TCU,Big 12,17.0,West Virginia,Big 12,29.0,"[{'provider': 'Bovada', 'spread': -4.5, 'formatted_spread': 'TCU -4.5', 'spread_open': -4.5, 'over_under': 57.0, 'over_under_open': 58.0, 'home_moneyline': -200.0, 'away_moneyline': 170.0}]",-4.5
401301034,2021,9,regular,2021-10-30T23:00:00.000Z,Houston,American Athletic,44.0,SMU,American Athletic,37.0,"[{'provider': 'Bovada', 'spread': 0.0, 'formatted_spread': 'SMU -0.0', 'spread_open': -1.0, 'over_under': 61.5, 'over_under_open': 62.5, 'home_moneyline': -120.0, 'away_moneyline': None}]",0.0
401309578,2021,9,regular,2021-10-30T16:00:00.000Z,Buffalo,Mid-American,44.0,Bowling Green,Mid-American,56.0,"[{'provider': 'Bovada', 'spread': -13.5, 'formatted_spread': 'Buffalo -13.5', 'spread_open': -12.5, 'over_under': 51.5, 'over_under_open': 53.5, 'home_moneyline': -565.0, 'away_moneyline': 400.0}]",-13.5
401309628,2021,9,regular,2021-10-30T19:30:00.000Z,Appalachian State,Sun Belt,59.0,Louisiana Monroe,Sun Belt,28.0,"[{'provider': 'Bovada', 'spread': -27.0, 'formatted_spread': 'Appalachian State -27.0', 'spread_open': -27.0, 'over_under': 58.0, 'over_under_open': 60.0, 'home_moneyline': -5000.0, 'away_moneyline': 1275.0}]",-27.0
401309629,2021,9,regular,2021-10-30T21:00:00.000Z,South Alabama,Sun Belt,31.0,Arkansas State,Sun Belt,13.0,"[{'provider': 'Bovada', 'spread': -9.0, 'formatted_spread': 'South Alabama -9.0', 'spread_open': -10.0, 'over_under': 66.0, 'over_under_open': 67.0, 'home_moneyline': -350.0, 'away_moneyline': 275.0}]",-9.0
401309630,2021,9,regular,2021-10-30T22:00:00.000Z,Georgia Southern,Sun Belt,14.0,Georgia State,Sun Belt,21.0,"[{'provider': 'Bovada', 'spread': 6.0, 'formatted_spread': 'Georgia State -6.0', 'spread_open': 5.5, 'over_under': 55.0, 'over_under_open': 55.0, 'home_moneyline': 195.0, 'away_moneyline': -235.0}]",6.0
401310753,2021,13,regular,2021-11-26T17:00:00.000Z,San Diego State,Mountain West,27.0,Boise State,Mountain West,16.0,"[{'provider': 'Bovada', 'spread': 3.5, 'formatted_spread': 'Boise State -3.5', 'spread_open': 3.0, 'over_under': 44.5, 'over_under_open': 44.0, 'home_moneyline': 125.0, 'away_moneyline': -145.0}]",3.5
401310755,2021,13,regular,2021-11-26T18:00:00.000Z,New Mexico,Mountain West,10.0,Utah State,Mountain West,35.0,"[{'provider': 'Bovada', 'spread': 17.0, 'formatted_spread': 'Utah State -17.0', 'spread_open': 15.5, 'over_under': 48.0, 'over_under_open': 49.5, 'home_moneyline': 525.0, 'away_moneyline': -800.0}]",17.0
401310752,2021,13,regular,2021-11-26T20:30:00.000Z,Air Force,Mountain West,48.0,UNLV,Mountain West,14.0,"[{'provider': 'Bovada', 'spread': -18.0, 'formatted_spread': 'Air Force -18.0', 'spread_open': -18.0, 'over_under': 49.5, 'over_under_open': 49.5, 'home_moneyline': -1000.0, 'away_moneyline': 625.0}]",-18.0
401309910,2021,13,regular,2021-11-28T03:30:00.000Z,USC,Pac-12,31.0,BYU,FBS Independents,35.0,"[{'provider': 'Bovada', 'spread': 7.0, 'formatted_spread': 'BYU -7.0', 'spread_open': 7.0, 'over_under': 65.0, 'over_under_open': 64.5, 'home_moneyline': 210.0, 'away_moneyline': -250.0}]",7.0
401310756,2021,13,regular,2021-11-27T20:00:00.000Z,Wyoming,Mountain West,14.0,Hawai'i,Mountain West,38.0,"[{'provider': 'Bovada', 'spread': -11.5, 'formatted_spread': 'Wyoming -11.5', 'spread_open': -10.0, 'over_under': 48.0, 'over_under_open': 47.5, 'home_moneyline': -415.0, 'away_moneyline': 310.0}]",-11.5
401310754,2021,13,regular,2021-11-28T02:00:00.000Z,Colorado State,Mountain West,10.0,Nevada,Mountain West,52.0,"[{'provider': 'Bovada', 'spread': 3.0, 'formatted_spread': 'Nevada -3.0', 'spread_open': 6.0, 'over_under': 57.5, 'over_under_open': 55.5, 'home_moneyline': 155.0, 'away_moneyline': -180.0}]",3.0
401309645,2021,12,regular,2021-11-20T21:00:00.000Z,Georgia Southern,Sun Belt,17.0,BYU,FBS Independents,34.0,"[{'provider': 'Bovada', 'spread': 20.0, 'formatted_spread': 'BYU -20.0', 'spread_open': 20.0, 'over_under': 57.5, 'over_under_open': 57.0, 'home_moneyline': 750.0, 'away_moneyline': -1400.0}]",20.0
401309592,2021,12,regular,2021-11-20T17:00:00.000Z,Akron,Mid-American,0.0,Kent State,Mid-American,38.0,"[{'provider': 'Bovada', 'spread': 14.0, 'formatted_spread': 'Kent State -14.0', 'spread_open': 13.0, 'over_under': 72.0, 'over_under_open': 74.0, 'home_moneyline': 390.0, 'away_moneyline': -545.0}]",14.0
401309644,2021,12,regular,2021-11-20T18:00:00.000Z,Coastal Carolina,Sun Belt,35.0,Texas State,Sun Belt,21.0,"[{'provider': 'Bovada', 'spread': -24.5, 'formatted_spread': 'Coastal Carolina -24.5', 'spread_open': -21.0, 'over_under': 60.0, 'over_under_open': 59.0, 'home_moneyline': -2200.0, 'away_moneyline': 1000.0}]",-24.5
401309643,2021,12,regular,2021-11-20T19:00:00.000Z,Georgia State,Sun Belt,28.0,Arkansas State,Sun Belt,20.0,"[{'provider': 'Bovada', 'spread': -16.0, 'formatted_spread': 'Georgia State -16.0', 'spread_open': -16.0, 'over_under': 66.0, 'over_under_open': 62.5, 'home_moneyline': -800.0, 'away_moneyline': 525.0}]",-16.0
401309642,2021,12,regular,2021-11-20T20:30:00.000Z,Troy,Sun Belt,7.0,Appalachian State,Sun Belt,45.0,"[{'provider': 'Bovada', 'spread': 10.0, 'formatted_spread': 'Appalachian State -10.0', 'spread_open': 10.0, 'over_under': 51.5, 'over_under_open': 51.5, 'home_moneyline': 280.0, 'away_moneyline': -360.0}]",10.0
401309900,2021,12,regular,2021-11-21T00:00:00.000Z,Stanford,Pac-12,11.0,California,Pac-12,41.0,"[{'provider': 'Bovada', 'spread': 2.5, 'formatted_spread': 'California -2.5', 'spread_open': 3.5, 'over_under': 45.5, 'over_under_open': 43.5, 'home_moneyline': 115.0, 'away_moneyline': -135.0}]",2.5
401309906,2021,13,regular,2021-11-26T21:00:00.000Z,Utah,Pac-12,28.0,Colorado,Pac-12,13.0,"[{'provider': 'Bovada', 'spread': -24.0, 'formatted_spread': 'Utah -24.0', 'spread_open': -24.0, 'over_under': 52.0, 'over_under_open': 52.5, 'home_moneyline': -2500.0, 'away_moneyline': 1050.0}]",-24.0
401282145,2021,13,regular,2021-11-26T20:30:00.000Z,Arkansas,SEC,34.0,Missouri,SEC,17.0,"[{'provider': 'Bovada', 'spread': -14.5, 'formatted_spread': 'Arkansas -14.5', 'spread_open': -14.5, 'over_under': 63.5, 'over_under_open': 62.5, 'home_moneyline': -655.0, 'away_moneyline': 445.0}]",-14.5
401309596,2021,13,regular,2021-11-26T17:00:00.000Z,Bowling Green,Mid-American,21.0,Ohio,Mid-American,10.0,"[{'provider': 'Bovada', 'spread': 6.5, 'formatted_spread': 'Ohio -6.5', 'spread_open': 5.5, 'over_under': 48.5, 'over_under_open': 48.5, 'home_moneyline': 200.0, 'away_moneyline': -240.0}]",6.5
401309648,2021,13,regular,2021-11-26T20:30:00.000Z,South Alabama,Sun Belt,21.0,Coastal Carolina,Sun Belt,27.0,"[{'provider': 'Bovada', 'spread': 15.0, 'formatted_spread': 'Coastal Carolina -15.0', 'spread_open': 14.5, 'over_under': 55.0, 'over_under_open': 57.0, 'home_moneyline': 450.0, 'away_moneyline': -665.0}]",15.0
401309905,2021,13,regular,2021-11-27T01:00:00.000Z,Washington,Pac-12,13.0,Washington State,Pac-12,40.0,"[{'provider': 'Bovada', 'spread': 1.0, 'formatted_spread': 'Washington State -1.0', 'spread_open': 1.5, 'over_under': 45.0, 'over_under_open': 43.5, 'home_moneyline': -105.0, 'away_moneyline': -115.0}]",1.0
401282626,2021,3,regular,2021-09-17T23:30:00.000Z,Louisville,ACC,42.0,UCF,American Athletic,35.0,"[{'provider': 'Bovada', 'spread': 7.0, 'formatted_spread': 'UCF -7.0', 'spread_open': 7.5, 'over_under': 67.5, 'over_under_open': 67.0, 'home_moneyline': 210.0, 'away_moneyline': -250.0}]",7.0
401282071,2021,3,regular,2021-09-18T19:30:00.000Z,Florida,SEC,29.0,Alabama,SEC,31.0,"[{'provider': 'Bovada', 'spread': 14.5, 'formatted_spread': 'Alabama -14.5', 'spread_open': 15.5, 'over_under': 60.5, 'over_under_open': 57.5, 'home_moneyline': 450.0, 'away_moneyline': -665.0}]",14.5
401282072,2021,3,regular,2021-09-18T23:00:00.000Z,Georgia,SEC,40.0,South Carolina,SEC,13.0,"[{'provider': 'Bovada', 'spread': -31.5, 'formatted_spread': 'Georgia -31.5', 'spread_open': -30.5, 'over_under': 47.5, 'over_under_open': 48.0, 'home_moneyline': None, 'away_moneyline': None}]",-31.5
401282070,2021,3,regular,2021-09-18T23:30:00.000Z,Penn State,Big Ten,28.0,Auburn,SEC,20.0,"[{'provider': 'Bovada', 'spread': -5.0, 'formatted_spread': 'Penn State -5.0', 'spread_open': -6.5, 'over_under': 52.5, 'over_under_open': 53.0, 'home_moneyline': -195.0, 'away_moneyline': 165.0}]",-5.0
401282069,2021,3,regular,2021-09-18T20:00:00.000Z,Arkansas,SEC,45.0,Georgia Southern,Sun Belt,10.0,"[{'provider': 'Bovada', 'spread': -23.0, 'formatted_spread': 'Arkansas -23.0', 'spread_open': -23.0, 'over_under': 52.5, 'over_under_open': 52.5, 'home_moneyline': -2500.0, 'away_moneyline': 1050.0}]",-23.0
401309835,2021,1,regular,2021-09-03T02:30:00.000Z,Arizona State,Pac-12,41.0,Southern Utah,Big Sky,14.0,"[{'provider': 'Bovada', 'spread': -45.5, 'formatted_spread': 'Arizona State -45.5', 'spread_open': -45.0, 'over_under': 56.5, 'over_under_open': 55.0, 'home_moneyline': None, 'away_moneyline': None}]",-45.5
401310696,2021,1,regular,2021-09-03T00:00:00.000Z,New Mexico,Mountain West,27.0,Houston Christian,Southland,17.0,"[{'provider': 'Bovada', 'spread': -25.5, 'formatted_spread': 'New Mexico -25.5', 'spread_open': -24.5, 'over_under': 66.5, 'over_under_open': 66.5, 'home_moneyline': None, 'away_moneyline': None}]",-25.5
401310694,2021,1,regular,2021-09-03T02:00:00.000Z,UNLV,Mountain West,33.0,Eastern Washington,Big Sky,35.0,"[{'provider': 'Bovada', 'spread': 2.0, 'formatted_spread': 'Eastern Washington -2.0', 'spread_open': -1.0, 'over_under': 66.0, 'over_under_open': 67.0, 'home_moneyline': 110.0, 'away_moneyline': -130.0}]",2.0
401310701,2021,2,regular,2021-09-11T02:20:00.000Z,Utah State,Mountain West,48.0,North Dakota,MVFC,24.0,"[{'provider': 'Bovada', 'spread': -6.5, 'formatted_spread': 'Utah State -6.5', 'spread_open': -7.0, 'over_under': 54.0, 'over_under_open': 53.5, 'home_moneyline': -260.0, 'away_moneyline': 215.0}]",-6.5
401309843,2021,2,regular,2021-09-12T02:30:00.000Z,USC,Pac-12,28.0,Stanford,Pac-12,42.0,"[{'provider': 'Bovada', 'spread': -17.0, 'formatted_spread': 'USC -17.0', 'spread_open': -17.5, 'over_under': 53.5, 'over_under_open': 51.0, 'home_moneyline': -1000.0, 'away_moneyline': 600.0}]",-17.0
401309848,2021,2,regular,2021-09-12T02:15:00.000Z,BYU,FBS Independents,26.0,Utah,Pac-12,17.0,"[{'provider': 'Bovada', 'spread': 7.0, 'formatted_spread': 'Utah -7.0', 'spread_open': 7.0, 'over_under': 49.5, 'over_under_open': 47.0, 'home_moneyline': 230.0, 'away_moneyline': -280.0}]",7.0
401309847,2021,2,regular,2021-09-12T02:30:00.000Z,Arizona State,Pac-12,37.0,UNLV,Mountain West,10.0,"[{'provider': 'Bovada', 'spread': -34.0, 'formatted_spread': 'Arizona State -34.0', 'spread_open': -33.5, 'over_under': 54.5, 'over_under_open': 54.5, 'home_moneyline': None, 'away_moneyline': None}]",-34.0
401309845,2021,2,regular,2021-09-11T22:00:00.000Z,Washington State,Pac-12,44.0,Portland State,Big Sky,24.0,"[{'provider': 'Bovada', 'spread': -31.0, 'formatted_spread': 'Washington State -31.0', 'spread_open': -31.0, 'over_under': 66.0, 'over_under_open': 65.0, 'home_moneyline': None, 'away_moneyline': None}]",-31.0
401310700,2021,2,regular,2021-09-11T23:00:00.000Z,New Mexico,Mountain West,34.0,New Mexico State,FBS Independents,25.0,"[{'provider': 'Bovada', 'spread': -19.5, 'formatted_spread': 'New Mexico -19.5', 'spread_open': -18.5, 'over_under': 56.0, 'over_under_open': 53.0, 'home_moneyline': -1200.0, 'away_moneyline': 700.0}]",-19.5
401309846,2021,2,regular,2021-09-12T02:00:00.000Z,Arizona,Pac-12,14.0,San Diego State,Mountain West,38.0,"[{'provider': 'Bovada', 'spread': -1.5, 'formatted_spread': 'Arizona -1.5', 'spread_open': 0.0, 'over_under': 47.0, 'over_under_open': 48.0, 'home_moneyline': -130.0, 'away_moneyline': 110.0}]",-1.5
401310702,2021,2,regular,2021-09-12T02:00:00.000Z,Fresno State,Mountain West,63.0,Cal Poly,Big Sky,10.0,"[{'provider': 'Bovada', 'spread': -31.5, 'formatted_spread': 'Fresno State -31.5', 'spread_open': -31.5, 'over_under': 58.0, 'over_under_open': 58.0, 'home_moneyline': None, 'away_moneyline': None}]",-31.5
401309872,2021,7,regular,2021-10-16T02:30:00.000Z,Oregon,Pac-12,24.0,California,Pac-12,17.0,"[{'provider': 'Bovada', 'spread': -13.5, 'formatted_spread': 'Oregon -13.5', 'spread_open': -15.0, 'over_under': 53.5, 'over_under_open': 55.5, 'home_moneyline': -615.0, 'away_moneyline': 425.0}]",-13.5
401282231,2021,7,regular,2021-10-15T23:00:00.000Z,North Texas,Conference USA,21.0,Marshall,Conference USA,49.0,"[{'provider': 'Bovada', 'spread': 11.0, 'formatted_spread': 'Marshall -11.0', 'spread_open': 10.5, 'over_under': 66.0, 'over_under_open': 64.5, 'home_moneyline': 320.0, 'away_moneyline': -430.0}]",11.0
401282105,2021,7,regular,2021-10-16T19:30:00.000Z,Georgia,SEC,30.0,Kentucky,SEC,13.0,"[{'provider': 'Bovada', 'spread': -21.5, 'formatted_spread': 'Georgia -21.5', 'spread_open': -23.5, 'over_under': 44.5, 'over_under_open': 44.5, 'home_moneyline': -1700.0, 'away_moneyline': 850.0}]",-21.5
401282760,2021,7,regular,2021-10-16T19:30:00.000Z,Iowa,Big Ten,7.0,Purdue,Big Ten,24.0,"[{'provider': 'Bovada', 'spread': -11.0, 'formatted_spread': 'Iowa -11.0', 'spread_open': -12.5, 'over_under': 42.5, 'over_under_open': 43.0, 'home_moneyline': -470.0, 'away_moneyline': 345.0}]",-11.0
401282107,2021,7,regular,2021-10-16T23:00:00.000Z,Mississippi State,SEC,9.0,Alabama,SEC,49.0,"[{'provider': 'Bovada', 'spread': 17.5, 'formatted_spread': 'Alabama -17.5', 'spread_open': 17.0, 'over_under': 58.5, 'over_under_open': 59.0, 'home_moneyline': 625.0, 'away_moneyline': -1000.0}]",17.5
401282731,2021,7,regular,2021-10-16T16:00:00.000Z,Indiana,Big Ten,15.0,Michigan State,Big Ten,20.0,"[{'provider': 'Bovada', 'spread': 4.0, 'formatted_spread': 'Michigan State -4.0', 'spread_open': 3.5, 'over_under': 48.0, 'over_under_open': 52.0, 'home_moneyline': 160.0, 'away_moneyline': -185.0}]",4.0
401282110,2021,7,regular,2021-10-16T23:30:00.000Z,Tennessee,SEC,26.0,Ole Miss,SEC,31.0,"[{'provider': 'Bovada', 'spread': 1.0, 'formatted_spread': 'Ole Miss -1.0', 'spread_open': 3.0, 'over_under': 82.0, 'over_under_open': 78.0, 'home_moneyline': 120.0, 'away_moneyline': -140.0}]",1.0
401282104,2021,7,regular,2021-10-16T16:00:00.000Z,Arkansas,SEC,23.0,Auburn,SEC,38.0,"[{'provider': 'Bovada', 'spread': -4.5, 'formatted_spread': 'Arkansas -4.5', 'spread_open': -3.5, 'over_under': 54.0, 'over_under_open': 53.0, 'home_moneyline': -195.0, 'away_moneyline': 165.0}]",-4.5
401282106,2021,7,regular,2021-10-16T16:00:00.000Z,LSU,SEC,49.0,Florida,SEC,42.0,"[{'provider': 'Bovada', 'spread': 13.0, 'formatted_spread': 'Florida -13.0', 'spread_open': 10.0, 'over_under': 61.0, 'over_under_open': 58.0, 'home_moneyline': 360.0, 'away_moneyline': -500.0}]",13.0
401309937,2021,1,regular,2021-09-03T22:00:00.000Z,Virginia Tech,ACC,17.0,North Carolina,ACC,10.0,"[{'provider': 'Bovada', 'spread': 6.0, 'formatted_spread': 'North Carolina -6.0', 'spread_open': 5.5, 'over_under': 63.5, 'over_under_open': 66.0, 'home_moneyline': 180.0, 'away_moneyline': -220.0}]",6.0
401282052,2021,1,regular,2021-09-03T23:00:00.000Z,Charlotte,Conference USA,31.0,Duke,ACC,28.0,"[{'provider': 'Bovada', 'spread': 6.5, 'formatted_spread': 'Duke -6.5', 'spread_open': 7.5, 'over_under': 60.0, 'over_under_open': 60.0, 'home_moneyline': 215.0, 'away_moneyline': -260.0}]",6.5
401282608,2021,1,regular,2021-09-03T23:00:00.000Z,Wake Forest,ACC,42.0,Old Dominion,Conference USA,10.0,"[{'provider': 'Bovada', 'spread': -33.0, 'formatted_spread': 'Wake Forest -33.0', 'spread_open': -32.0, 'over_under': 61.0, 'over_under_open': 65.0, 'home_moneyline': None, 'away_moneyline': None}]",-33.0
401287888,2021,1,regular,2021-09-04T00:00:00.000Z,Kansas,Big 12,17.0,South Dakota,MVFC,14.0,"[{'provider': 'Bovada', 'spread': -11.5, 'formatted_spread': 'Kansas -11.5', 'spread_open': -13.0, 'over_under': 54.0, 'over_under_open': 55.5, 'home_moneyline': -550.0, 'away_moneyline': 375.0}]",-11.5
401282687,2021,11,regular,2021-11-13T17:00:00.000Z,Louisville,ACC,41.0,Syracuse,ACC,3.0,"[{'provider': 'Bovada', 'spread': -3.5, 'formatted_spread': 'Louisville -3.5', 'spread_open': -3.0, 'over_under': 55.5, 'over_under_open': 55.5, 'home_moneyline': -160.0, 'away_moneyline': 135.0}]",-3.5
401282782,2021,1,regular,2021-09-04T01:00:00.000Z,Northwestern,Big Ten,21.0,Michigan State,Big Ten,38.0,"[{'provider': 'Bovada', 'spread': -3.0, 'formatted_spread': 'Northwestern -3.0', 'spread_open': -7.0, 'over_under': 45.0, 'over_under_open': 45.0, 'home_moneyline': -170.0, 'away_moneyline': 150.0}]",-3.0
401309836,2021,1,regular,2021-09-04T01:00:00.000Z,Colorado,Pac-12,35.0,Northern Colorado,Big Sky,7.0,"[{'provider': 'Bovada', 'spread': -37.5, 'formatted_spread': 'Colorado -37.5', 'spread_open': -38.0, 'over_under': 57.0, 'over_under_open': 56.0, 'home_moneyline': None, 'away_moneyline': None}]",-37.5
401282076,2021,3,regular,2021-09-18T20:00:00.000Z,Memphis,American Athletic,31.0,Mississippi State,SEC,29.0,"[{'provider': 'Bovada', 'spread': 3.5, 'formatted_spread': 'Mississippi State -3.5', 'spread_open': 3.0, 'over_under': 64.0, 'over_under_open': 64.0, 'home_moneyline': 150.0, 'away_moneyline': -175.0}]",3.5
401282075,2021,3,regular,2021-09-19T00:00:00.000Z,Ole Miss,SEC,61.0,Tulane,American Athletic,21.0,"[{'provider': 'Bovada', 'spread': -14.5, 'formatted_spread': 'Ole Miss -14.5', 'spread_open': -14.0, 'over_under': 77.0, 'over_under_open': 73.0, 'home_moneyline': -645.0, 'away_moneyline': 440.0}]",-14.5
401282197,2021,3,regular,2021-09-18T23:00:00.000Z,Texas Tech,Big 12,54.0,Florida International,Conference USA,21.0,"[{'provider': 'Bovada', 'spread': -20.0, 'formatted_spread': 'Texas Tech -20.0', 'spread_open': -21.0, 'over_under': 54.0, 'over_under_open': 55.5, 'home_moneyline': -1500.0, 'away_moneyline': 775.0}]",-20.0
401282196,2021,3,regular,2021-09-18T23:00:00.000Z,Georgia State,Sun Belt,20.0,Charlotte,Conference USA,9.0,"[{'provider': 'Bovada', 'spread': -4.5, 'formatted_spread': 'Georgia State -4.5', 'spread_open': -2.5, 'over_under': 63.0, 'over_under_open': 64.5, 'home_moneyline': -195.0, 'away_moneyline': 165.0}]",-4.5
401282074,2021,3,regular,2021-09-18T23:30:00.000Z,LSU,SEC,49.0,Central Michigan,Mid-American,21.0,"[{'provider': 'Bovada', 'spread': -19.5, 'formatted_spread': 'LSU -19.5', 'spread_open': -20.5, 'over_under': 61.0, 'over_under_open': 61.5, 'home_moneyline': -1300.0, 'away_moneyline': 725.0}]",-19.5
401282073,2021,3,regular,2021-09-18T16:00:00.000Z,Kentucky,SEC,28.0,Chattanooga,Southern,23.0,"[{'provider': 'Bovada', 'spread': -33.5, 'formatted_spread': 'Kentucky -33.5', 'spread_open': -32.0, 'over_under': 48.0, 'over_under_open': 47.5, 'home_moneyline': None, 'away_moneyline': None}]",-33.5
401282198,2021,3,regular,2021-09-18T22:00:00.000Z,Florida Atlantic,Conference USA,45.0,Fordham,Patriot,14.0,"[{'provider': 'Bovada', 'spread': -31.0, 'formatted_spread': 'Florida Atlantic -31.0', 'spread_open': -32.0, 'over_under': 50.5, 'over_under_open': 48.0, 'home_moneyline': None, 'away_moneyline': None}]",-31.0
401309834,2021,1,regular,2021-09-02T23:30:00.000Z,Utah,Pac-12,40.0,Weber State,Big Sky,17.0,"[{'provider': 'Bovada', 'spread': -29.5, 'formatted_spread': 'Utah -29.5', 'spread_open': -30.5, 'over_under': 49.0, 'over_under_open': 49.0, 'home_moneyline': None, 'away_moneyline': None}]",-29.5
401282696,2021,12,regular,2021-11-20T17:00:00.000Z,North Carolina,ACC,34.0,Wofford,Southern,14.0,"[{'provider': 'Bovada', 'spread': -37.0, 'formatted_spread': 'North Carolina -37.0', 'spread_open': -37.0, 'over_under': 62.0, 'over_under_open': 64.0, 'home_moneyline': None, 'away_moneyline': None}]",-37.0
401282808,2021,12,regular,2021-11-20T17:00:00.000Z,Northwestern,Big Ten,14.0,Purdue,Big Ten,32.0,"[{'provider': 'Bovada', 'spread': 11.0, 'formatted_spread': 'Purdue -11.0', 'spread_open': 11.5, 'over_under': 47.5, 'over_under_open': 48.5, 'home_moneyline': 335.0, 'away_moneyline': -455.0}]",11.0
401282818,2021,12,regular,2021-11-20T17:00:00.000Z,Penn State,Big Ten,28.0,Rutgers,Big Ten,0.0,"[{'provider': 'Bovada', 'spread': -14.0, 'formatted_spread': 'Penn State -14.0', 'spread_open': -17.5, 'over_under': 45.0, 'over_under_open': 47.5, 'home_moneyline': -665.0, 'away_moneyline': 450.0}]",-14.0
401282261,2021,12,regular,2021-11-20T20:30:00.000Z,Charlotte,Conference USA,28.0,Marshall,Conference USA,49.0,"[{'provider': 'Bovada', 'spread': 14.5, 'formatted_spread': 'Marshall -14.5', 'spread_open': 14.5, 'over_under': 63.0, 'over_under_open': 61.5, 'home_moneyline': 445.0, 'away_moneyline': -655.0}]",14.5
401282265,2021,12,regular,2021-11-20T20:30:00.000Z,Middle Tennessee,Conference USA,17.0,Old Dominion,Conference USA,24.0,"[{'provider': 'Bovada', 'spread': -3.0, 'formatted_spread': 'Middle Tennessee -3.0', 'spread_open': -3.5, 'over_under': 48.0, 'over_under_open': 50.5, 'home_moneyline': -170.0, 'away_moneyline': 145.0}]",-3.0
401282732,2021,12,regular,2021-11-20T20:30:00.000Z,Indiana,Big Ten,14.0,Minnesota,Big Ten,35.0,"[{'provider': 'Bovada', 'spread': 7.5, 'formatted_spread': 'Minnesota -7.5', 'spread_open': 6.5, 'over_under': 43.5, 'over_under_open': 43.5, 'home_moneyline': 240.0, 'away_moneyline': -290.0}]",7.5
401282266,2021,12,regular,2021-11-20T21:00:00.000Z,UTEP,Conference USA,38.0,Rice,Conference USA,28.0,"[{'provider': 'Bovada', 'spread': -9.0, 'formatted_spread': 'UTEP -9.0', 'spread_open': -10.0, 'over_under': 47.0, 'over_under_open': 47.5, 'home_moneyline': -380.0, 'away_moneyline': 290.0}]",-9.0
401286293,2021,12,regular,2021-11-20T21:00:00.000Z,UCF,American Athletic,49.0,Connecticut,FBS Independents,17.0,"[{'provider': 'Bovada', 'spread': -30.5, 'formatted_spread': 'UCF -30.5', 'spread_open': -30.0, 'over_under': 56.0, 'over_under_open': 56.5, 'home_moneyline': -10000.0, 'away_moneyline': 2500.0}]",-30.5
401282610,2021,1,regular,2021-09-04T23:30:00.000Z,Georgia Tech,ACC,21.0,Northern Illinois,Mid-American,22.0,"[{'provider': 'Bovada', 'spread': -19.0, 'formatted_spread': 'Georgia Tech -19.0', 'spread_open': -15.5, 'over_under': 57.0, 'over_under_open': 57.0, 'home_moneyline': -1200.0, 'away_moneyline': 700.0}]",-19.0
401286298,2021,12,regular,2021-11-20T21:00:00.000Z,Liberty,FBS Independents,14.0,Louisiana,Sun Belt,42.0,"[{'provider': 'Bovada', 'spread': -4.5, 'formatted_spread': 'Liberty -4.5', 'spread_open': -4.0, 'over_under': 53.5, 'over_under_open': 53.0, 'home_moneyline': -185.0, 'away_moneyline': 160.0}]",-4.5
401309841,2021,1,regular,2021-09-05T02:30:00.000Z,Arizona,Pac-12,16.0,BYU,FBS Independents,24.0,"[{'provider': 'Bovada', 'spread': 12.5, 'formatted_spread': 'BYU -12.5', 'spread_open': 10.0, 'over_under': 53.5, 'over_under_open': 54.5, 'home_moneyline': 350.0, 'away_moneyline': -500.0}]",12.5
401309589,2021,12,regular,2021-11-17T00:00:00.000Z,Ohio,Mid-American,23.0,Toledo,Mid-American,35.0,"[{'provider': 'Bovada', 'spread': 7.5, 'formatted_spread': 'Toledo -7.5', 'spread_open': 6.0, 'over_under': 57.5, 'over_under_open': 54.0, 'home_moneyline': 200.0, 'away_moneyline': -240.0}]",7.5
401287922,2021,7,regular,2021-10-16T23:30:00.000Z,Kansas State,Big 12,20.0,Iowa State,Big 12,33.0,"[{'provider': 'Bovada', 'spread': 6.5, 'formatted_spread': 'Iowa State -6.5', 'spread_open': 4.5, 'over_under': 50.5, 'over_under_open': 51.5, 'home_moneyline': 210.0, 'away_moneyline': -250.0}]",6.5
401282826,2021,7,regular,2021-10-17T00:00:00.000Z,Wisconsin,Big Ten,20.0,Army,FBS Independents,14.0,"[{'provider': 'Bovada', 'spread': -14.0, 'formatted_spread': 'Wisconsin -14.0', 'spread_open': -11.5, 'over_under': 37.5, 'over_under_open': 42.5, 'home_moneyline': -605.0, 'away_moneyline': 420.0}]",-14.0
401282148,2021,13,regular,2021-11-27T17:00:00.000Z,Georgia Tech,ACC,0.0,Georgia,SEC,45.0,"[{'provider': 'Bovada', 'spread': 36.0, 'formatted_spread': 'Georgia -36.0', 'spread_open': 35.0, 'over_under': 55.0, 'over_under_open': 54.5, 'home_moneyline': None, 'away_moneyline': None}]",36.0
401282150,2021,13,regular,2021-11-28T00:00:00.000Z,LSU,SEC,27.0,Texas A&M,SEC,24.0,"[{'provider': 'Bovada', 'spread': 6.5, 'formatted_spread': 'Texas A&M -6.5', 'spread_open': 6.5, 'over_under': 47.0, 'over_under_open': 45.5, 'home_moneyline': 200.0, 'away_moneyline': -240.0}]",6.5
401282147,2021,13,regular,2021-11-27T17:00:00.000Z,Florida,SEC,24.0,Florida State,ACC,21.0,"[{'provider': 'Bovada', 'spread': -4.0, 'formatted_spread': 'Florida -4.0', 'spread_open': -1.5, 'over_under': 58.5, 'over_under_open': 59.0, 'home_moneyline': -165.0, 'away_moneyline': 140.0}]",-4.0
401282149,2021,13,regular,2021-11-28T00:30:00.000Z,Louisville,ACC,21.0,Kentucky,SEC,52.0,"[{'provider': 'Bovada', 'spread': -3.0, 'formatted_spread': 'Louisville -3.0', 'spread_open': -2.5, 'over_under': 58.0, 'over_under_open': 57.0, 'home_moneyline': -145.0, 'away_moneyline': 125.0}]",-3.0
401309877,2021,8,regular,2021-10-23T02:30:00.000Z,Arizona,Pac-12,16.0,Washington,Pac-12,21.0,"[{'provider': 'Bovada', 'spread': 17.5, 'formatted_spread': 'Washington -17.5', 'spread_open': 16.0, 'over_under': 46.0, 'over_under_open': 45.0, 'home_moneyline': 600.0, 'away_moneyline': -950.0}]",17.5
401282111,2021,8,regular,2021-10-23T23:00:00.000Z,Alabama,SEC,52.0,Tennessee,SEC,24.0,"[{'provider': 'Bovada', 'spread': -25.5, 'formatted_spread': 'Alabama -25.5', 'spread_open': -27.5, 'over_under': 68.0, 'over_under_open': 67.0, 'home_moneyline': -5500.0, 'away_moneyline': 1300.0}]",-25.5
401282730,2021,8,regular,2021-10-23T23:30:00.000Z,Indiana,Big Ten,7.0,Ohio State,Big Ten,54.0,"[{'provider': 'Bovada', 'spread': 21.0, 'formatted_spread': 'Ohio State -21.0', 'spread_open': 19.5, 'over_under': 59.0, 'over_under_open': 60.0, 'home_moneyline': 800.0, 'away_moneyline': -1600.0}]",21.0
401282779,2021,8,regular,2021-10-23T16:00:00.000Z,Michigan,Big Ten,33.0,Northwestern,Big Ten,7.0,"[{'provider': 'Bovada', 'spread': -23.5, 'formatted_spread': 'Michigan -23.5', 'spread_open': -21.5, 'over_under': 51.0, 'over_under_open': 50.5, 'home_moneyline': -2200.0, 'away_moneyline': 1000.0}]",-23.5
401282717,2021,8,regular,2021-10-23T16:00:00.000Z,Penn State,Big Ten,18.0,Illinois,Big Ten,20.0,"[{'provider': 'Bovada', 'spread': -24.5, 'formatted_spread': 'Penn State -24.5', 'spread_open': -24.0, 'over_under': 45.5, 'over_under_open': 45.5, 'home_moneyline': -2500.0, 'away_moneyline': 1050.0}]",-24.5
401282115,2021,8,regular,2021-10-23T20:00:00.000Z,Vanderbilt,SEC,6.0,Mississippi State,SEC,45.0,"[{'provider': 'Bovada', 'spread': 20.5, 'formatted_spread': 'Mississippi State -20.5', 'spread_open': 23.0, 'over_under': 53.0, 'over_under_open': 51.5, 'home_moneyline': 900.0, 'away_moneyline': -1900.0}]",20.5
401282240,2021,8,regular,2021-10-23T20:00:00.000Z,North Texas,Conference USA,26.0,Liberty,FBS Independents,35.0,"[{'provider': 'Bovada', 'spread': 21.0, 'formatted_spread': 'Liberty -21.0', 'spread_open': 21.5, 'over_under': 61.0, 'over_under_open': 60.5, 'home_moneyline': 850.0, 'away_moneyline': -1700.0}]",21.0
401282664,2021,8,regular,2021-10-23T20:00:00.000Z,Louisville,ACC,28.0,Boston College,ACC,14.0,"[{'provider': 'Bovada', 'spread': -5.0, 'formatted_spread': 'Louisville -5.0', 'spread_open': -7.0, 'over_under': 57.5, 'over_under_open': 57.0, 'home_moneyline': -220.0, 'away_moneyline': 180.0}]",-5.0
401282667,2021,8,regular,2021-10-23T23:30:00.000Z,Virginia,ACC,48.0,Georgia Tech,ACC,40.0,"[{'provider': 'Bovada', 'spread': -6.5, 'formatted_spread': 'Virginia -6.5', 'spread_open': -7.0, 'over_under': 65.5, 'over_under_open': 61.0, 'home_moneyline': -240.0, 'away_moneyline': 200.0}]",-6.5
401310751,2021,12,regular,2021-11-20T04:30:00.000Z,UNLV,Mountain West,20.0,San Diego State,Mountain West,28.0,"[{'provider': 'Bovada', 'spread': 11.0, 'formatted_spread': 'San Diego State -11.0', 'spread_open': 12.0, 'over_under': 41.0, 'over_under_open': 41.0, 'home_moneyline': 340.0, 'away_moneyline': -460.0}]",11.0
401310747,2021,12,regular,2021-11-20T02:00:00.000Z,Nevada,Mountain West,39.0,Air Force,Mountain West,41.0,"[{'provider': 'Bovada', 'spread': 2.0, 'formatted_spread': 'Air Force -2.0', 'spread_open': -1.5, 'over_under': 54.0, 'over_under_open': 52.5, 'home_moneyline': 115.0, 'away_moneyline': -135.0}]",2.0
401309901,2021,12,regular,2021-11-21T00:30:00.000Z,Utah,Pac-12,38.0,Oregon,Pac-12,7.0,"[{'provider': 'Bovada', 'spread': -3.0, 'formatted_spread': 'Utah -3.0', 'spread_open': -3.0, 'over_under': 58.5, 'over_under_open': 59.0, 'home_moneyline': -150.0, 'away_moneyline': 130.0}]",-3.0
401309903,2021,12,regular,2021-11-20T20:00:00.000Z,Colorado,Pac-12,20.0,Washington,Pac-12,17.0,"[{'provider': 'Bovada', 'spread': 6.5, 'formatted_spread': 'Washington -6.5', 'spread_open': 5.5, 'over_under': 43.0, 'over_under_open': 43.0, 'home_moneyline': 210.0, 'away_moneyline': -250.0}]",6.5
401282191,2021,2,regular,2021-09-11T01:30:00.000Z,Boise State,Mountain West,54.0,UTEP,Conference USA,13.0,"[{'provider': 'Bovada', 'spread': -25.0, 'formatted_spread': 'Boise State -25.0', 'spread_open': -27.0, 'over_under': 56.0, 'over_under_open': 55.0, 'home_moneyline': -4500.0, 'away_moneyline': 1250.0}]",-25.0
401282615,2021,2,regular,2021-09-11T21:00:00.000Z,Clemson,ACC,49.0,South Carolina State,MEAC,3.0,"[{'provider': 'Bovada', 'spread': -50.0, 'formatted_spread': 'Clemson -50.0', 'spread_open': -49.0, 'over_under': 56.0, 'over_under_open': 56.0, 'home_moneyline': None, 'away_moneyline': None}]",-50.0
401309563,2021,6,regular,2021-10-09T19:30:00.000Z,Western Michigan,Mid-American,20.0,Ball State,Mid-American,45.0,"[{'provider': 'Bovada', 'spread': -12.5, 'formatted_spread': 'Western Michigan -12.5', 'spread_open': -11.0, 'over_under': 57.5, 'over_under_open': 56.5, 'home_moneyline': -500.0, 'away_moneyline': 360.0}]",-12.5
401301019,2021,6,regular,2021-10-09T22:00:00.000Z,UCF,American Athletic,20.0,East Carolina,American Athletic,16.0,"[{'provider': 'Bovada', 'spread': -10.0, 'formatted_spread': 'UCF -10.0', 'spread_open': -10.0, 'over_under': 65.5, 'over_under_open': 68.0, 'home_moneyline': -380.0, 'away_moneyline': 290.0}]",-10.0
401287919,2021,6,regular,2021-10-09T23:00:00.000Z,Texas Tech,Big 12,31.0,TCU,Big 12,52.0,"[{'provider': 'Bovada', 'spread': 2.5, 'formatted_spread': 'TCU -2.5', 'spread_open': 2.0, 'over_under': 60.5, 'over_under_open': 62.0, 'home_moneyline': 110.0, 'away_moneyline': -130.0}]",2.5
401301020,2021,6,regular,2021-10-10T01:00:00.000Z,Tulsa,American Athletic,35.0,Memphis,American Athletic,29.0,"[{'provider': 'Bovada', 'spread': -3.0, 'formatted_spread': 'Tulsa -3.0', 'spread_open': -4.0, 'over_under': 60.5, 'over_under_open': 62.5, 'home_moneyline': -160.0, 'away_moneyline': 135.0}]",-3.0
401310717,2021,6,regular,2021-10-10T02:30:00.000Z,Nevada,Mountain West,55.0,New Mexico State,FBS Independents,28.0,"[{'provider': 'Bovada', 'spread': -28.0, 'formatted_spread': 'Nevada -28.0', 'spread_open': -33.5, 'over_under': 64.0, 'over_under_open': 61.5, 'home_moneyline': None, 'away_moneyline': None}]",-28.0
401309620,2021,7,regular,2021-10-12T23:30:00.000Z,Louisiana,Sun Belt,41.0,Appalachian State,Sun Belt,13.0,"[{'provider': 'Bovada', 'spread': 4.5, 'formatted_spread': 'Appalachian State -4.5', 'spread_open': 3.5, 'over_under': 58.0, 'over_under_open': 54.5, 'home_moneyline': 170.0, 'away_moneyline': -200.0}]",4.5
401287940,2021,11,regular,2021-11-14T01:00:00.000Z,Oklahoma State,Big 12,63.0,TCU,Big 12,17.0,"[{'provider': 'Bovada', 'spread': -12.0, 'formatted_spread': 'Oklahoma State -12.0', 'spread_open': -13.0, 'over_under': 54.0, 'over_under_open': 54.5, 'home_moneyline': -500.0, 'away_moneyline': 360.0}]",-12.0
401287939,2021,11,regular,2021-11-13T17:00:00.000Z,Kansas State,Big 12,34.0,West Virginia,Big 12,17.0,"[{'provider': 'Bovada', 'spread': -6.0, 'formatted_spread': 'Kansas State -6.0', 'spread_open': -6.0, 'over_under': 46.5, 'over_under_open': 47.0, 'home_moneyline': -235.0, 'away_moneyline': 195.0}]",-6.0
401301041,2021,11,regular,2021-11-13T17:00:00.000Z,SMU,American Athletic,55.0,UCF,American Athletic,28.0,"[{'provider': 'Bovada', 'spread': -7.0, 'formatted_spread': 'SMU -7.0', 'spread_open': -7.5, 'over_under': 62.0, 'over_under_open': 59.5, 'home_moneyline': -280.0, 'away_moneyline': 230.0}]",-7.0
401301042,2021,11,regular,2021-11-13T17:00:00.000Z,Memphis,American Athletic,29.0,East Carolina,American Athletic,30.0,"[{'provider': 'Bovada', 'spread': -4.0, 'formatted_spread': 'Memphis -4.0', 'spread_open': -6.0, 'over_under': 59.0, 'over_under_open': 60.0, 'home_moneyline': -210.0, 'away_moneyline': 175.0}]",-4.0
401301043,2021,11,regular,2021-11-13T17:00:00.000Z,Temple,American Athletic,8.0,Houston,American Athletic,37.0,"[{'provider': 'Bovada', 'spread': 26.0, 'formatted_spread': 'Houston -26.0', 'spread_open': 25.5, 'over_under': 52.5, 'over_under_open': 55.5, 'home_moneyline': 1075.0, 'away_moneyline': -2600.0}]",26.0
401309639,2021,11,regular,2021-11-13T19:00:00.000Z,Coastal Carolina,Sun Belt,40.0,Georgia State,Sun Belt,42.0,"[{'provider': 'Bovada', 'spread': -13.0, 'formatted_spread': 'Coastal Carolina -13.0', 'spread_open': -9.0, 'over_under': 53.0, 'over_under_open': 52.5, 'home_moneyline': -445.0, 'away_moneyline': 330.0}]",-13.0
401309637,2021,11,regular,2021-11-13T19:30:00.000Z,Appalachian State,Sun Belt,31.0,South Alabama,Sun Belt,7.0,"[{'provider': 'Bovada', 'spread': -21.5, 'formatted_spread': 'Appalachian State -21.5', 'spread_open': -23.0, 'over_under': 51.5, 'over_under_open': 54.5, 'home_moneyline': -2100.0, 'away_moneyline': 975.0}]",-21.5
401309640,2021,11,regular,2021-11-13T20:00:00.000Z,Texas State,Sun Belt,30.0,Georgia Southern,Sun Belt,38.0,"[{'provider': 'Bovada', 'spread': -2.0, 'formatted_spread': 'Texas State -2.0', 'spread_open': -2.5, 'over_under': 52.5, 'over_under_open': 53.5, 'home_moneyline': -125.0, 'away_moneyline': 105.0}]",-2.0
401287942,2021,11,regular,2021-11-13T20:30:00.000Z,Texas Tech,Big 12,41.0,Iowa State,Big 12,38.0,"[{'provider': 'Bovada', 'spread': 10.5, 'formatted_spread': 'Iowa State -10.5', 'spread_open': 10.5, 'over_under': 56.5, 'over_under_open': 58.0, 'home_moneyline': 315.0, 'away_moneyline': -420.0}]",10.5
401301044,2021,11,regular,2021-11-13T21:00:00.000Z,Tulane,American Athletic,13.0,Tulsa,American Athletic,20.0,"[{'provider': 'Bovada', 'spread': 3.0, 'formatted_spread': 'Tulsa -3.0', 'spread_open': 3.0, 'over_under': 55.5, 'over_under_open': 58.5, 'home_moneyline': 125.0, 'away_moneyline': -145.0}]",3.0
401309638,2021,11,regular,2021-11-13T22:00:00.000Z,Louisiana Monroe,Sun Belt,24.0,Arkansas State,Sun Belt,27.0,"[{'provider': 'Bovada', 'spread': -3.0, 'formatted_spread': 'Louisiana Monroe -3.0', 'spread_open': -3.0, 'over_under': 66.5, 'over_under_open': 68.5, 'home_moneyline': -150.0, 'away_moneyline': 130.0}]",-3.0
401287941,2021,11,regular,2021-11-14T00:30:00.000Z,Texas,Big 12,56.0,Kansas,Big 12,57.0,"[{'provider': 'Bovada', 'spread': -31.0, 'formatted_spread': 'Texas -31.0', 'spread_open': -30.0, 'over_under': 62.0, 'over_under_open': 60.5, 'home_moneyline': None, 'away_moneyline': None}]",-31.0
401287918,2021,6,regular,2021-10-09T16:00:00.000Z,Texas,Big 12,48.0,Oklahoma,Big 12,55.0,"[{'provider': 'Bovada', 'spread': 4.0, 'formatted_spread': 'Oklahoma -4.0', 'spread_open': 3.5, 'over_under': 66.0, 'over_under_open': 63.5, 'home_moneyline': 130.0, 'away_moneyline': -150.0}]",4.0
401282787,2021,10,regular,2021-11-06T19:30:00.000Z,Purdue,Big Ten,40.0,Michigan State,Big Ten,29.0,"[{'provider': 'Bovada', 'spread': 3.0, 'formatted_spread': 'Michigan State -3.0', 'spread_open': 3.0, 'over_under': 53.5, 'over_under_open': 52.0, 'home_moneyline': 130.0, 'away_moneyline': -150.0}]",3.0
401282799,2021,10,regular,2021-11-06T16:00:00.000Z,Nebraska,Big Ten,17.0,Ohio State,Big Ten,26.0,"[{'provider': 'Bovada', 'spread': 14.5, 'formatted_spread': 'Ohio State -14.5', 'spread_open': 14.5, 'over_under': 68.0, 'over_under_open': 63.0, 'home_moneyline': 500.0, 'away_moneyline': -750.0}]",14.5
401282824,2021,10,regular,2021-11-06T19:30:00.000Z,Rutgers,Big Ten,3.0,Wisconsin,Big Ten,52.0,"[{'provider': 'Bovada', 'spread': 13.5, 'formatted_spread': 'Wisconsin -13.5', 'spread_open': 11.5, 'over_under': 38.0, 'over_under_open': 37.5, 'home_moneyline': 400.0, 'away_moneyline': -565.0}]",13.5
401309552,2021,3,regular,2021-09-18T16:00:00.000Z,Buffalo,Mid-American,25.0,Coastal Carolina,Sun Belt,28.0,"[{'provider': 'Bovada', 'spread': 14.0, 'formatted_spread': 'Coastal Carolina -14.0', 'spread_open': 10.5, 'over_under': 58.0, 'over_under_open': 57.5, 'home_moneyline': 430.0, 'away_moneyline': -625.0}]",14.0
401282102,2021,6,regular,2021-10-09T16:00:00.000Z,Tennessee,SEC,45.0,South Carolina,SEC,20.0,"[{'provider': 'Bovada', 'spread': -11.0, 'formatted_spread': 'Tennessee -11.0', 'spread_open': -10.0, 'over_under': 56.5, 'over_under_open': 53.0, 'home_moneyline': -420.0, 'away_moneyline': 315.0}]",-11.0
401309631,2021,9,regular,2021-10-30T16:00:00.000Z,Louisiana,Sun Belt,45.0,Texas State,Sun Belt,0.0,"[{'provider': 'Bovada', 'spread': -21.0, 'formatted_spread': 'Louisiana -21.0', 'spread_open': -20.0, 'over_under': 58.0, 'over_under_open': 56.5, 'home_moneyline': -1500.0, 'away_moneyline': 775.0}]",-21.0
401309587,2021,11,regular,2021-11-11T00:00:00.000Z,Northern Illinois,Mid-American,30.0,Ball State,Mid-American,29.0,"[{'provider': 'Bovada', 'spread': 3.0, 'formatted_spread': 'Ball State -3.0', 'spread_open': 2.5, 'over_under': 59.5, 'over_under_open': 62.0, 'home_moneyline': 110.0, 'away_moneyline': -130.0}]",3.0
401282683,2021,11,regular,2021-11-12T00:30:00.000Z,Pittsburgh,ACC,30.0,North Carolina,ACC,23.0,"[{'provider': 'Bovada', 'spread': -6.5, 'formatted_spread': 'Pittsburgh -6.5', 'spread_open': -6.0, 'over_under': 72.5, 'over_under_open': 75.0, 'home_moneyline': -250.0, 'away_moneyline': 210.0}]",-6.5
401309894,2021,11,regular,2021-11-13T22:30:00.000Z,Oregon State,Pac-12,35.0,Stanford,Pac-12,14.0,"[{'provider': 'Bovada', 'spread': -13.0, 'formatted_spread': 'Oregon State -13.0', 'spread_open': -10.0, 'over_under': 56.0, 'over_under_open': 56.0, 'home_moneyline': -480.0, 'away_moneyline': 350.0}]",-13.0
401282146,2021,13,regular,2021-11-27T20:30:00.000Z,Auburn,SEC,22.0,Alabama,SEC,24.0,"[{'provider': 'Bovada', 'spread': 20.5, 'formatted_spread': 'Alabama -20.5', 'spread_open': 19.5, 'over_under': 57.0, 'over_under_open': 55.0, 'home_moneyline': 750.0, 'away_moneyline': -1400.0}]",20.5
401309908,2021,13,regular,2021-11-27T20:30:00.000Z,Oregon,Pac-12,38.0,Oregon State,Pac-12,29.0,"[{'provider': 'Bovada', 'spread': -7.0, 'formatted_spread': 'Oregon -7.0', 'spread_open': -7.0, 'over_under': 61.0, 'over_under_open': 61.5, 'home_moneyline': -270.0, 'away_moneyline': 220.0}]",-7.0
401309649,2021,13,regular,2021-11-27T19:00:00.000Z,Georgia State,Sun Belt,37.0,Troy,Sun Belt,10.0,"[{'provider': 'Bovada', 'spread': -6.5, 'formatted_spread': 'Georgia State -6.5', 'spread_open': -6.5, 'over_under': 49.5, 'over_under_open': 49.5, 'home_moneyline': -240.0, 'away_moneyline': 200.0}]",-6.5
401282056,2021,2,regular,2021-09-11T20:00:00.000Z,Alabama,SEC,48.0,Mercer,Southern,14.0,"[{'provider': 'Bovada', 'spread': -54.0, 'formatted_spread': 'Alabama -54.0', 'spread_open': -54.0, 'over_under': 60.5, 'over_under_open': 60.0, 'home_moneyline': None, 'away_moneyline': None}]",-54.0
401309650,2021,13,regular,2021-11-27T21:00:00.000Z,Louisiana,Sun Belt,21.0,Louisiana Monroe,Sun Belt,16.0,"[{'provider': 'Bovada', 'spread': -21.5, 'formatted_spread': 'Louisiana -21.5', 'spread_open': -21.5, 'over_under': 55.5, 'over_under_open': 54.5, 'home_moneyline': -1700.0, 'away_moneyline': 850.0}]",-21.5
401309909,2021,13,regular,2021-11-27T21:00:00.000Z,Arizona State,Pac-12,38.0,Arizona,Pac-12,15.0,"[{'provider': 'Bovada', 'spread': -20.0, 'formatted_spread': 'Arizona State -20.0', 'spread_open': -20.0, 'over_under': 53.0, 'over_under_open': 52.0, 'home_moneyline': -1400.0, 'away_moneyline': 750.0}]",-20.0
401309907,2021,13,regular,2021-11-28T03:30:00.000Z,UCLA,Pac-12,42.0,California,Pac-12,14.0,"[{'provider': 'Bovada', 'spread': -6.5, 'formatted_spread': 'UCLA -6.5', 'spread_open': -7.0, 'over_under': 58.5, 'over_under_open': 57.5, 'home_moneyline': -250.0, 'away_moneyline': 210.0}]",-6.5
401287901,2021,2,regular,2021-09-11T23:00:00.000Z,Texas Tech,Big 12,28.0,Stephen F. Austin,AWC,22.0,"[{'provider': 'Bovada', 'spread': -32.0, 'formatted_spread': 'Texas Tech -32.0', 'spread_open': -31.5, 'over_under': 51.5, 'over_under_open': 51.5, 'home_moneyline': None, 'away_moneyline': None}]",-32.0
401301003,2021,2,regular,2021-09-11T23:00:00.000Z,Arkansas State,Sun Belt,50.0,Memphis,American Athletic,55.0,"[{'provider': 'Bovada', 'spread': 5.5, 'formatted_spread': 'Memphis -5.5', 'spread_open': 5.5, 'over_under': 64.5, 'over_under_open': 64.5, 'home_moneyline': 175.0, 'away_moneyline': -210.0}]",5.5
401282724,2021,2,regular,2021-09-11T23:30:00.000Z,Indiana,Big Ten,56.0,Idaho,Big Sky,14.0,"[{'provider': 'Bovada', 'spread': -31.5, 'formatted_spread': 'Indiana -31.5', 'spread_open': -30.5, 'over_under': 52.5, 'over_under_open': 52.0, 'home_moneyline': None, 'away_moneyline': None}]",-31.5
401286207,2021,2,regular,2021-09-11T23:30:00.000Z,Maryland,Big Ten,62.0,Howard,MEAC,0.0,"[{'provider': 'Bovada', 'spread': -48.0, 'formatted_spread': 'Maryland -48.0', 'spread_open': -48.0, 'over_under': 55.5, 'over_under_open': 55.5, 'home_moneyline': None, 'away_moneyline': None}]",-48.0
401282773,2021,2,regular,2021-09-12T00:00:00.000Z,Michigan,Big Ten,31.0,Washington,Pac-12,10.0,"[{'provider': 'Bovada', 'spread': -6.5, 'formatted_spread': 'Michigan -6.5', 'spread_open': -6.0, 'over_under': 47.5, 'over_under_open': 50.5, 'home_moneyline': -270.0, 'away_moneyline': 220.0}]",-6.5
401301009,2021,4,regular,2021-09-26T02:15:00.000Z,BYU,FBS Independents,35.0,South Florida,American Athletic,27.0,"[{'provider': 'Bovada', 'spread': -23.5, 'formatted_spread': 'BYU -23.5', 'spread_open': -23.5, 'over_under': 54.0, 'over_under_open': 52.0, 'home_moneyline': -2300.0, 'away_moneyline': 1025.0}]",-23.5
401287909,2021,4,regular,2021-09-25T23:00:00.000Z,Oklahoma State,Big 12,31.0,Kansas State,Big 12,20.0,"[{'provider': 'Bovada', 'spread': -5.0, 'formatted_spread': 'Oklahoma State -5.0', 'spread_open': -7.5, 'over_under': 47.5, 'over_under_open': 45.5, 'home_moneyline': -210.0, 'away_moneyline': 175.0}]",-5.0
401287910,2021,4,regular,2021-09-25T16:00:00.000Z,TCU,Big 12,34.0,SMU,American Athletic,42.0,"[{'provider': 'Bovada', 'spread': -9.5, 'formatted_spread': 'TCU -9.5', 'spread_open': -10.0, 'over_under': 65.5, 'over_under_open': 64.0, 'home_moneyline': -380.0, 'away_moneyline': 290.0}]",-9.5
401287911,2021,4,regular,2021-09-25T16:00:00.000Z,Texas,Big 12,70.0,Texas Tech,Big 12,35.0,"[{'provider': 'Bovada', 'spread': -9.0, 'formatted_spread': 'Texas -9.0', 'spread_open': -10.0, 'over_under': 63.0, 'over_under_open': 61.0, 'home_moneyline': -370.0, 'away_moneyline': 285.0}]",-9.0
401301007,2021,4,regular,2021-09-25T22:00:00.000Z,East Carolina,American Athletic,31.0,Charleston Southern,Big South,28.0,"[{'provider': 'Bovada', 'spread': -24.0, 'formatted_spread': 'East Carolina -24.0', 'spread_open': -25.5, 'over_under': 59.0, 'over_under_open': 59.5, 'home_moneyline': None, 'away_moneyline': None}]",-24.0
401301008,2021,4,regular,2021-09-25T23:00:00.000Z,Houston,American Athletic,28.0,Navy,American Athletic,20.0,"[{'provider': 'Bovada', 'spread': -19.0, 'formatted_spread': 'Houston -19.0', 'spread_open': -20.0, 'over_under': 47.0, 'over_under_open': 49.0, 'home_moneyline': -1300.0, 'away_moneyline': 725.0}]",-19.0
401309579,2021,10,regular,2021-11-02T23:00:00.000Z,Akron,Mid-American,25.0,Ball State,Mid-American,31.0,"[{'provider': 'Bovada', 'spread': 20.0, 'formatted_spread': 'Ball State -20.0', 'spread_open': 19.5, 'over_under': 58.0, 'over_under_open': 57.5, 'home_moneyline': 725.0, 'away_moneyline': -1300.0}]",20.0
401308839,2021,10,regular,2021-11-02T23:30:00.000Z,Ohio,Mid-American,35.0,Miami (OH),Mid-American,33.0,"[{'provider': 'Bovada', 'spread': 7.0, 'formatted_spread': 'Miami (OH) -7.0', 'spread_open': 7.0, 'over_under': 54.5, 'over_under_open': 52.0, 'home_moneyline': 230.0, 'away_moneyline': -280.0}]",7.0
401309580,2021,10,regular,2021-11-02T23:30:00.000Z,Toledo,Mid-American,49.0,Eastern Michigan,Mid-American,52.0,"[{'provider': 'Bovada', 'spread': -9.0, 'formatted_spread': 'Toledo -9.0', 'spread_open': -9.0, 'over_under': 54.5, 'over_under_open': 52.5, 'home_moneyline': -360.0, 'away_moneyline': 280.0}]",-9.0
401309581,2021,10,regular,2021-11-03T23:00:00.000Z,Western Michigan,Mid-American,30.0,Central Michigan,Mid-American,42.0,"[{'provider': 'Bovada', 'spread': -9.0, 'formatted_spread': 'Western Michigan -9.0', 'spread_open': -10.0, 'over_under': 64.5, 'over_under_open': 63.0, 'home_moneyline': -395.0, 'away_moneyline': 300.0}]",-9.0
401309582,2021,10,regular,2021-11-03T23:00:00.000Z,Kent State,Mid-American,52.0,Northern Illinois,Mid-American,47.0,"[{'provider': 'Bovada', 'spread': -3.5, 'formatted_spread': 'Kent State -3.5', 'spread_open': -5.5, 'over_under': 72.0, 'over_under_open': 67.5, 'home_moneyline': -185.0, 'away_moneyline': 160.0}]",-3.5
401309632,2021,10,regular,2021-11-04T23:30:00.000Z,Louisiana,Sun Belt,21.0,Georgia State,Sun Belt,17.0,"[{'provider': 'Bovada', 'spread': -13.5, 'formatted_spread': 'Louisiana -13.5', 'spread_open': -10.5, 'over_under': 54.0, 'over_under_open': 53.0, 'home_moneyline': -500.0, 'away_moneyline': 360.0}]",-13.5
401282677,2021,10,regular,2021-11-05T23:30:00.000Z,Boston College,ACC,17.0,Virginia Tech,ACC,3.0,"[{'provider': 'Bovada', 'spread': 2.5, 'formatted_spread': 'Virginia Tech -2.5', 'spread_open': 3.0, 'over_under': 50.5, 'over_under_open': 47.0, 'home_moneyline': 135.0, 'away_moneyline': -160.0}]",2.5
401309888,2021,10,regular,2021-11-06T02:30:00.000Z,Stanford,Pac-12,7.0,Utah,Pac-12,52.0,"[{'provider': 'Bovada', 'spread': 10.0, 'formatted_spread': 'Utah -10.0', 'spread_open': 6.5, 'over_under': 52.0, 'over_under_open': 52.5, 'home_moneyline': 265.0, 'away_moneyline': -330.0}]",10.0
401282121,2021,10,regular,2021-11-06T20:00:00.000Z,Arkansas,SEC,31.0,Mississippi State,SEC,28.0,"[{'provider': 'Bovada', 'spread': -4.0, 'formatted_spread': 'Arkansas -4.0', 'spread_open': -5.5, 'over_under': 53.5, 'over_under_open': 56.0, 'home_moneyline': -195.0, 'away_moneyline': 165.0}]",-4.0
401301035,2021,10,regular,2021-11-06T19:00:00.000Z,East Carolina,American Athletic,45.0,Temple,American Athletic,3.0,"[{'provider': 'Bovada', 'spread': -15.5, 'formatted_spread': 'East Carolina -15.5', 'spread_open': -15.0, 'over_under': 52.0, 'over_under_open': 55.5, 'home_moneyline': -750.0, 'away_moneyline': 500.0}]",-15.5
401282780,2021,11,regular,2021-11-13T17:00:00.000Z,Penn State,Big Ten,17.0,Michigan,Big Ten,21.0,"[{'provider': 'Bovada', 'spread': 2.5, 'formatted_spread': 'Michigan -2.5', 'spread_open': 0.0, 'over_under': 48.0, 'over_under_open': 48.5, 'home_moneyline': 105.0, 'away_moneyline': -125.0}]",2.5
401282771,2021,11,regular,2021-11-13T21:00:00.000Z,Michigan State,Big Ten,40.0,Maryland,Big Ten,21.0,"[{'provider': 'Bovada', 'spread': -12.0, 'formatted_spread': 'Michigan State -12.0', 'spread_open': -13.5, 'over_under': 61.5, 'over_under_open': 62.5, 'home_moneyline': -565.0, 'away_moneyline': 400.0}]",-12.0
401282806,2021,11,regular,2021-11-13T17:00:00.000Z,Wisconsin,Big Ten,35.0,Northwestern,Big Ten,7.0,"[{'provider': 'Bovada', 'spread': -26.0, 'formatted_spread': 'Wisconsin -26.0', 'spread_open': -24.0, 'over_under': 41.5, 'over_under_open': 41.0, 'home_moneyline': -2800.0, 'away_moneyline': 1100.0}]",-26.0
401282762,2021,11,regular,2021-11-13T20:30:00.000Z,Iowa,Big Ten,27.0,Minnesota,Big Ten,22.0,"[{'provider': 'Bovada', 'spread': -4.0, 'formatted_spread': 'Iowa -4.0', 'spread_open': -7.0, 'over_under': 37.0, 'over_under_open': 36.5, 'home_moneyline': -180.0, 'away_moneyline': 155.0}]",-4.0
401282273,2021,13,regular,2021-11-27T19:00:00.000Z,North Texas,Conference USA,45.0,UT San Antonio,Conference USA,23.0,"[{'provider': 'Bovada', 'spread': 8.5, 'formatted_spread': 'UT San Antonio -8.5', 'spread_open': 12.0, 'over_under': 59.5, 'over_under_open': 59.5, 'home_moneyline': 290.0, 'away_moneyline': -380.0}]",8.5
401282120,2021,10,regular,2021-11-06T23:00:00.000Z,Alabama,SEC,20.0,LSU,SEC,14.0,"[{'provider': 'Bovada', 'spread': -29.0, 'formatted_spread': 'Alabama -29.0', 'spread_open': -28.5, 'over_under': 67.0, 'over_under_open': 65.0, 'home_moneyline': None, 'away_moneyline': None}]",-29.0
401282223,2021,5,regular,2021-10-02T23:30:00.000Z,Michigan State,Big Ten,48.0,Western Kentucky,Conference USA,31.0,"[{'provider': 'Bovada', 'spread': -11.0, 'formatted_spread': 'Michigan State -11.0', 'spread_open': -10.0, 'over_under': 66.5, 'over_under_open': 60.0, 'home_moneyline': -420.0, 'away_moneyline': 315.0}]",-11.0
401282220,2021,5,regular,2021-10-02T22:00:00.000Z,NC State,ACC,34.0,Louisiana Tech,Conference USA,27.0,"[{'provider': 'Bovada', 'spread': -18.0, 'formatted_spread': 'NC State -18.0', 'spread_open': -19.5, 'over_under': 56.0, 'over_under_open': 55.0, 'home_moneyline': -1100.0, 'away_moneyline': 650.0}]",-18.0
401282647,2021,5,regular,2021-10-02T23:30:00.000Z,Clemson,ACC,19.0,Boston College,ACC,13.0,"[{'provider': 'Bovada', 'spread': -14.5, 'formatted_spread': 'Clemson -14.5', 'spread_open': -16.0, 'over_under': 46.0, 'over_under_open': 46.5, 'home_moneyline': -655.0, 'away_moneyline': 445.0}]",-14.5
401282219,2021,5,regular,2021-10-02T16:00:00.000Z,Illinois,Big Ten,24.0,Charlotte,Conference USA,14.0,"[{'provider': 'Bovada', 'spread': -10.0, 'formatted_spread': 'Illinois -10.0', 'spread_open': -9.5, 'over_under': 54.0, 'over_under_open': 54.5, 'home_moneyline': -415.0, 'away_moneyline': 310.0}]",-10.0
401282215,2021,5,regular,2021-10-02T19:30:00.000Z,Florida Atlantic,Conference USA,58.0,Florida International,Conference USA,21.0,"[{'provider': 'Bovada', 'spread': -10.5, 'formatted_spread': 'Florida Atlantic -10.5', 'spread_open': -10.5, 'over_under': 52.0, 'over_under_open': 51.5, 'home_moneyline': -415.0, 'away_moneyline': 310.0}]",-10.5
401282222,2021,5,regular,2021-10-02T22:00:00.000Z,UT San Antonio,Conference USA,24.0,UNLV,Mountain West,17.0,"[{'provider': 'Bovada', 'spread': -21.5, 'formatted_spread': 'UT San Antonio -21.5', 'spread_open': -20.0, 'over_under': 55.5, 'over_under_open': 56.5, 'home_moneyline': -1500.0, 'away_moneyline': 775.0}]",-21.5
401282218,2021,5,regular,2021-10-02T22:30:00.000Z,Rice,Conference USA,24.0,Southern Mississippi,Conference USA,19.0,"[{'provider': 'Bovada', 'spread': -1.0, 'formatted_spread': 'Rice -1.0', 'spread_open': -3.0, 'over_under': 45.0, 'over_under_open': 45.5, 'home_moneyline': -125.0, 'away_moneyline': 105.0}]",-1.0
401282216,2021,5,regular,2021-10-02T23:00:00.000Z,Middle Tennessee,Conference USA,34.0,Marshall,Conference USA,28.0,"[{'provider': 'Bovada', 'spread': 11.5, 'formatted_spread': 'Marshall -11.5', 'spread_open': 10.0, 'over_under': 66.0, 'over_under_open': 64.5, 'home_moneyline': 300.0, 'away_moneyline': -395.0}]",11.5
401282221,2021,5,regular,2021-10-02T23:00:00.000Z,UAB,Conference USA,12.0,Liberty,FBS Independents,36.0,"[{'provider': 'Bovada', 'spread': -3.0, 'formatted_spread': 'UAB -3.0', 'spread_open': -2.0, 'over_under': 49.0, 'over_under_open': 49.5, 'home_moneyline': -135.0, 'away_moneyline': 115.0}]",-3.0
401282217,2021,5,regular,2021-10-03T01:00:00.000Z,UTEP,Conference USA,28.0,Old Dominion,Conference USA,21.0,"[{'provider': 'Bovada', 'spread': -5.5, 'formatted_spread': 'UTEP -5.5', 'spread_open': -4.0, 'over_under': 48.5, 'over_under_open': 49.5, 'home_moneyline': -230.0, 'away_moneyline': 190.0}]",-5.5
401282122,2021,10,regular,2021-11-06T16:00:00.000Z,Georgia,SEC,43.0,Missouri,SEC,6.0,"[{'provider': 'Bovada', 'spread': -40.0, 'formatted_spread': 'Georgia -40.0', 'spread_open': -37.5, 'over_under': 59.0, 'over_under_open': 59.5, 'home_moneyline': None, 'away_moneyline': None}]",-40.0
401282126,2021,10,regular,2021-11-06T19:30:00.000Z,Texas A&M,SEC,20.0,Auburn,SEC,3.0,"[{'provider': 'Bovada', 'spread': -4.5, 'formatted_spread': 'Texas A&M -4.5', 'spread_open': -4.5, 'over_under': 49.0, 'over_under_open': 50.0, 'home_moneyline': -200.0, 'away_moneyline': 170.0}]",-4.5
401282124,2021,10,regular,2021-11-06T16:00:00.000Z,Ole Miss,SEC,27.0,Liberty,FBS Independents,14.0,"[{'provider': 'Bovada', 'spread': -9.0, 'formatted_spread': 'Ole Miss -9.0', 'spread_open': -10.0, 'over_under': 67.5, 'over_under_open': 68.5, 'home_moneyline': -350.0, 'away_moneyline': 275.0}]",-9.0
401282123,2021,10,regular,2021-11-06T23:00:00.000Z,Kentucky,SEC,42.0,Tennessee,SEC,45.0,"[{'provider': 'Bovada', 'spread': 1.0, 'formatted_spread': 'Tennessee -1.0', 'spread_open': -3.0, 'over_under': 57.0, 'over_under_open': 58.5, 'home_moneyline': -105.0, 'away_moneyline': -115.0}]",1.0
401282757,2021,10,regular,2021-11-06T23:00:00.000Z,Northwestern,Big Ten,12.0,Iowa,Big Ten,17.0,"[{'provider': 'Bovada', 'spread': 12.0, 'formatted_spread': 'Iowa -12.0', 'spread_open': 11.5, 'over_under': 40.5, 'over_under_open': 40.5, 'home_moneyline': 360.0, 'away_moneyline': -500.0}]",12.0
401282125,2021,10,regular,2021-11-06T23:30:00.000Z,South Carolina,SEC,40.0,Florida,SEC,17.0,"[{'provider': 'Bovada', 'spread': 21.0, 'formatted_spread': 'Florida -21.0', 'spread_open': 18.5, 'over_under': 52.0, 'over_under_open': 52.5, 'home_moneyline': 775.0, 'away_moneyline': -1500.0}]",21.0
401282727,2021,10,regular,2021-11-06T23:30:00.000Z,Michigan,Big Ten,29.0,Indiana,Big Ten,7.0,"[{'provider': 'Bovada', 'spread': -21.0, 'formatted_spread': 'Michigan -21.0', 'spread_open': -19.0, 'over_under': 51.0, 'over_under_open': 51.0, 'home_moneyline': -1500.0, 'away_moneyline': 775.0}]",-21.0
401282248,2021,10,regular,2021-11-06T23:00:00.000Z,Florida International,Conference USA,24.0,Old Dominion,Conference USA,47.0,"[{'provider': 'Bovada', 'spread': 3.0, 'formatted_spread': 'Old Dominion -3.0', 'spread_open': 1.5, 'over_under': 50.0, 'over_under_open': 52.0, 'home_moneyline': 125.0, 'away_moneyline': -145.0}]",3.0
401310734,2021,9,regular,2021-10-30T02:00:00.000Z,Nevada,Mountain West,51.0,UNLV,Mountain West,20.0,"[{'provider': 'Bovada', 'spread': -19.0, 'formatted_spread': 'Nevada -19.0', 'spread_open': -20.5, 'over_under': 58.0, 'over_under_open': 59.0, 'home_moneyline': -1500.0, 'away_moneyline': 775.0}]",-19.0
401309884,2021,9,regular,2021-10-30T19:30:00.000Z,Oregon,Pac-12,52.0,Colorado,Pac-12,29.0,"[{'provider': 'Bovada', 'spread': -24.5, 'formatted_spread': 'Oregon -24.5', 'spread_open': -26.0, 'over_under': 49.5, 'over_under_open': 48.5, 'home_moneyline': -3500.0, 'away_moneyline': 1175.0}]",-24.5
401309885,2021,9,regular,2021-10-30T19:00:00.000Z,Arizona State,Pac-12,21.0,Washington State,Pac-12,34.0,"[{'provider': 'Bovada', 'spread': -16.0, 'formatted_spread': 'Arizona State -16.0', 'spread_open': -15.0, 'over_under': 54.0, 'over_under_open': 51.5, 'home_moneyline': -700.0, 'away_moneyline': 475.0}]",-16.0
401310731,2021,9,regular,2021-10-30T19:00:00.000Z,Utah State,Mountain West,51.0,Hawai'i,Mountain West,31.0,"[{'provider': 'Bovada', 'spread': -5.0, 'formatted_spread': 'Utah State -5.0', 'spread_open': -6.5, 'over_under': 66.0, 'over_under_open': 66.5, 'home_moneyline': -200.0, 'away_moneyline': 170.0}]",-5.0
401309886,2021,9,regular,2021-10-30T23:00:00.000Z,USC,Pac-12,41.0,Arizona,Pac-12,34.0,"[{'provider': 'Bovada', 'spread': -21.5, 'formatted_spread': 'USC -21.5', 'spread_open': -20.5, 'over_under': 55.0, 'over_under_open': 56.5, 'home_moneyline': -1700.0, 'away_moneyline': 850.0}]",-21.5
401310730,2021,9,regular,2021-10-30T23:00:00.000Z,Colorado State,Mountain West,19.0,Boise State,Mountain West,28.0,"[{'provider': 'Bovada', 'spread': 2.5, 'formatted_spread': 'Boise State -2.5', 'spread_open': 2.5, 'over_under': 51.5, 'over_under_open': 51.0, 'home_moneyline': 115.0, 'away_moneyline': -135.0}]",2.5
401309887,2021,9,regular,2021-10-31T02:00:00.000Z,Utah,Pac-12,44.0,UCLA,Pac-12,24.0,"[{'provider': 'Bovada', 'spread': -6.5, 'formatted_spread': 'Utah -6.5', 'spread_open': -4.5, 'over_under': 60.5, 'over_under_open': 61.0, 'home_moneyline': -250.0, 'away_moneyline': 210.0}]",-6.5
401309895,2021,11,regular,2021-11-14T03:30:00.000Z,Oregon,Pac-12,38.0,Washington State,Pac-12,24.0,"[{'provider': 'Bovada', 'spread': -13.0, 'formatted_spread': 'Oregon -13.0', 'spread_open': -13.5, 'over_under': 57.5, 'over_under_open': 56.5, 'home_moneyline': -585.0, 'away_moneyline': 410.0}]",-13.0
401310695,2021,1,regular,2021-09-04T01:00:00.000Z,Colorado State,Mountain West,23.0,South Dakota State,MVFC,42.0,"[{'provider': 'Bovada', 'spread': -2.5, 'formatted_spread': 'Colorado State -2.5', 'spread_open': -3.0, 'over_under': 50.5, 'over_under_open': 52.0, 'home_moneyline': -150.0, 'away_moneyline': 130.0}]",-2.5
401310703,2021,2,regular,2021-09-12T02:30:00.000Z,Nevada,Mountain West,49.0,Idaho State,Big Sky,10.0,"[{'provider': 'Bovada', 'spread': -34.0, 'formatted_spread': 'Nevada -34.0', 'spread_open': -35.0, 'over_under': 54.0, 'over_under_open': 54.0, 'home_moneyline': None, 'away_moneyline': None}]",-34.0
401309844,2021,2,regular,2021-09-12T03:00:00.000Z,Oregon State,Pac-12,45.0,Hawai'i,Mountain West,27.0,"[{'provider': 'Bovada', 'spread': -11.0, 'formatted_spread': 'Oregon State -11.0', 'spread_open': -11.0, 'over_under': 65.0, 'over_under_open': 61.0, 'home_moneyline': -450.0, 'away_moneyline': 325.0}]",-11.0
401282756,2021,4,regular,2021-09-25T19:30:00.000Z,Iowa,Big Ten,24.0,Colorado State,Mountain West,14.0,"[{'provider': 'Bovada', 'spread': -23.5, 'formatted_spread': 'Iowa -23.5', 'spread_open': -22.5, 'over_under': 44.0, 'over_under_open': 44.5, 'home_moneyline': -2500.0, 'away_moneyline': 1050.0}]",-23.5
401282643,2021,4,regular,2021-09-25T19:30:00.000Z,NC State,ACC,27.0,Clemson,ACC,21.0,"[{'provider': 'Bovada', 'spread': 10.5, 'formatted_spread': 'Clemson -10.5', 'spread_open': 10.0, 'over_under': 47.5, 'over_under_open': 47.0, 'home_moneyline': 290.0, 'away_moneyline': -380.0}]",10.5
401282811,2021,4,regular,2021-09-25T23:30:00.000Z,Ohio State,Big Ten,59.0,Akron,Mid-American,7.0,"[{'provider': 'Bovada', 'spread': -48.0, 'formatted_spread': 'Ohio State -48.0', 'spread_open': -50.0, 'over_under': 66.5, 'over_under_open': 67.5, 'home_moneyline': None, 'away_moneyline': None}]",-48.0
401282707,2021,4,regular,2021-09-25T16:00:00.000Z,Wisconsin,Big Ten,13.0,Notre Dame,FBS Independents,41.0,"[{'provider': 'Bovada', 'spread': -6.0, 'formatted_spread': 'Wisconsin -6.0', 'spread_open': -5.5, 'over_under': 44.0, 'over_under_open': 46.5, 'home_moneyline': -225.0, 'away_moneyline': 185.0}]",-6.0
401286301,2021,4,regular,2021-09-25T17:00:00.000Z,Coastal Carolina,Sun Belt,53.0,UMass,FBS Independents,3.0,"[{'provider': 'Bovada', 'spread': -36.0, 'formatted_spread': 'Coastal Carolina -36.0', 'spread_open': -35.5, 'over_under': 66.0, 'over_under_open': 67.0, 'home_moneyline': None, 'away_moneyline': None}]",-36.0
401282775,2021,4,regular,2021-09-25T19:30:00.000Z,Michigan,Big Ten,20.0,Rutgers,Big Ten,13.0,"[{'provider': 'Bovada', 'spread': -20.0, 'formatted_spread': 'Michigan -20.0', 'spread_open': -18.5, 'over_under': 50.0, 'over_under_open': 53.0, 'home_moneyline': -1300.0, 'away_moneyline': 725.0}]",-20.0
401282784,2021,4,regular,2021-09-25T23:00:00.000Z,Michigan State,Big Ten,23.0,Nebraska,Big Ten,20.0,"[{'provider': 'Bovada', 'spread': -4.0, 'formatted_spread': 'Michigan State -4.0', 'spread_open': -4.0, 'over_under': 54.0, 'over_under_open': 51.0, 'home_moneyline': -200.0, 'away_moneyline': 170.0}]",-4.0
401282641,2021,4,regular,2021-09-25T23:30:00.000Z,Georgia Tech,ACC,45.0,North Carolina,ACC,22.0,"[{'provider': 'Bovada', 'spread': 14.0, 'formatted_spread': 'North Carolina -14.0', 'spread_open': 12.0, 'over_under': 65.0, 'over_under_open': 63.0, 'home_moneyline': 395.0, 'away_moneyline': -555.0}]",14.0
401282644,2021,4,regular,2021-09-25T16:00:00.000Z,Pittsburgh,ACC,77.0,New Hampshire,CAA,7.0,"[{'provider': 'Bovada', 'spread': -29.0, 'formatted_spread': 'Pittsburgh -29.0', 'spread_open': -29.0, 'over_under': 53.0, 'over_under_open': 54.0, 'home_moneyline': None, 'away_moneyline': None}]",-29.0
401282645,2021,4,regular,2021-09-25T16:00:00.000Z,Virginia Tech,ACC,21.0,Richmond,CAA,10.0,"[{'provider': 'Bovada', 'spread': -29.0, 'formatted_spread': 'Virginia Tech -29.0', 'spread_open': -29.5, 'over_under': 50.0, 'over_under_open': 50.5, 'home_moneyline': None, 'away_moneyline': None}]",-29.0
401282792,2021,4,regular,2021-09-25T16:00:00.000Z,Minnesota,Big Ten,10.0,Bowling Green,Mid-American,14.0,"[{'provider': 'Bovada', 'spread': -31.0, 'formatted_spread': 'Minnesota -31.0', 'spread_open': -31.0, 'over_under': 51.0, 'over_under_open': 50.5, 'home_moneyline': None, 'away_moneyline': None}]",-31.0
401282805,2021,4,regular,2021-09-25T16:00:00.000Z,Northwestern,Big Ten,35.0,Ohio,Mid-American,6.0,"[{'provider': 'Bovada', 'spread': -14.0, 'formatted_spread': 'Northwestern -14.0', 'spread_open': -15.0, 'over_under': 47.5, 'over_under_open': 47.0, 'home_moneyline': -665.0, 'away_moneyline': 450.0}]",-14.0
401282642,2021,4,regular,2021-09-25T16:30:00.000Z,Miami,ACC,69.0,Central Connecticut,NEC,0.0,"[{'provider': 'Bovada', 'spread': -46.5, 'formatted_spread': 'Miami -46.5', 'spread_open': -44.0, 'over_under': 55.5, 'over_under_open': 55.5, 'home_moneyline': None, 'away_moneyline': None}]",-46.5
401282716,2021,4,regular,2021-09-25T19:30:00.000Z,Purdue,Big Ten,13.0,Illinois,Big Ten,9.0,"[{'provider': 'Bovada', 'spread': -11.0, 'formatted_spread': 'Purdue -11.0', 'spread_open': -11.0, 'over_under': 53.0, 'over_under_open': 55.0, 'home_moneyline': -455.0, 'away_moneyline': 335.0}]",-11.0
401282765,2021,4,regular,2021-09-25T19:30:00.000Z,Maryland,Big Ten,37.0,Kent State,Mid-American,16.0,"[{'provider': 'Bovada', 'spread': -13.5, 'formatted_spread': 'Maryland -13.5', 'spread_open': -14.5, 'over_under': 71.0, 'over_under_open': 66.5, 'home_moneyline': -635.0, 'away_moneyline': 435.0}]",-13.5
401286190,2021,4,regular,2021-09-25T19:30:00.000Z,Connecticut,FBS Independents,22.0,Wyoming,Mountain West,24.0,"[{'provider': 'Bovada', 'spread': 31.5, 'formatted_spread': 'Wyoming -31.5', 'spread_open': 30.0, 'over_under': 53.5, 'over_under_open': 56.0, 'home_moneyline': None, 'away_moneyline': None}]",31.5
401282213,2021,4,regular,2021-09-25T19:30:00.000Z,Memphis,American Athletic,28.0,UT San Antonio,Conference USA,31.0,"[{'provider': 'Bovada', 'spread': -3.0, 'formatted_spread': 'Memphis -3.0', 'spread_open': -3.5, 'over_under': 66.5, 'over_under_open': 64.5, 'home_moneyline': -150.0, 'away_moneyline': 130.0}]",-3.0
401282640,2021,4,regular,2021-09-25T19:30:00.000Z,Florida State,ACC,23.0,Louisville,ACC,31.0,"[{'provider': 'Bovada', 'spread': 1.0, 'formatted_spread': 'Louisville -1.0', 'spread_open': 2.5, 'over_under': 60.5, 'over_under_open': 61.0, 'home_moneyline': 120.0, 'away_moneyline': -120.0}]",1.0
401282639,2021,4,regular,2021-09-25T20:00:00.000Z,Duke,ACC,52.0,Kansas,Big 12,33.0,"[{'provider': 'Bovada', 'spread': -16.0, 'formatted_spread': 'Duke -16.0', 'spread_open': -15.0, 'over_under': 57.5, 'over_under_open': 58.0, 'home_moneyline': -750.0, 'away_moneyline': 500.0}]",-16.0
401282210,2021,4,regular,2021-09-25T22:30:00.000Z,Rice,Conference USA,48.0,Texas Southern,SWAC,34.0,"[{'provider': 'Bovada', 'spread': -37.5, 'formatted_spread': 'Rice -37.5', 'spread_open': -34.0, 'over_under': 53.5, 'over_under_open': 53.5, 'home_moneyline': None, 'away_moneyline': None}]",-37.5
401282211,2021,4,regular,2021-09-26T00:00:00.000Z,Tulane,American Athletic,21.0,UAB,Conference USA,28.0,"[{'provider': 'Bovada', 'spread': -3.0, 'formatted_spread': 'Tulane -3.0', 'spread_open': -4.0, 'over_under': 54.5, 'over_under_open': 56.5, 'home_moneyline': -160.0, 'away_moneyline': 135.0}]",-3.0
401282214,2021,4,regular,2021-09-26T00:00:00.000Z,Western Kentucky,Conference USA,31.0,Indiana,Big Ten,33.0,"[{'provider': 'Bovada', 'spread': 9.0, 'formatted_spread': 'Indiana -9.0', 'spread_open': 9.5, 'over_under': 64.0, 'over_under_open': 62.5, 'home_moneyline': 280.0, 'away_moneyline': -360.0}]",9.0
401282212,2021,4,regular,2021-09-26T01:00:00.000Z,UTEP,Conference USA,20.0,New Mexico,Mountain West,13.0,"[{'provider': 'Bovada', 'spread': 2.0, 'formatted_spread': 'New Mexico -2.0', 'spread_open': -1.5, 'over_under': 54.0, 'over_under_open': 53.5, 'home_moneyline': 110.0, 'away_moneyline': -130.0}]",2.0
401282648,2021,5,regular,2021-10-02T19:30:00.000Z,Florida State,ACC,33.0,Syracuse,ACC,30.0,"[{'provider': 'Bovada', 'spread': -5.5, 'formatted_spread': 'Florida State -5.5', 'spread_open': -4.5, 'over_under': 51.0, 'over_under_open': 52.0, 'home_moneyline': -220.0, 'away_moneyline': 180.0}]",-5.5
401282652,2021,6,regular,2021-10-09T16:30:00.000Z,Duke,ACC,27.0,Georgia Tech,ACC,31.0,"[{'provider': 'Bovada', 'spread': 4.5, 'formatted_spread': 'Georgia Tech -4.5', 'spread_open': 3.0, 'over_under': 60.5, 'over_under_open': 59.0, 'home_moneyline': 165.0, 'away_moneyline': -195.0}]",4.5
401282226,2021,6,regular,2021-10-09T18:00:00.000Z,Marshall,Conference USA,20.0,Old Dominion,Conference USA,13.0,"[{'provider': 'Bovada', 'spread': -21.0, 'formatted_spread': 'Marshall -21.0', 'spread_open': -19.5, 'over_under': 62.5, 'over_under_open': 64.0, 'home_moneyline': -1400.0, 'away_moneyline': 750.0}]",-21.0
401282653,2021,6,regular,2021-10-09T19:00:00.000Z,Louisville,ACC,33.0,Virginia,ACC,34.0,"[{'provider': 'Bovada', 'spread': -2.5, 'formatted_spread': 'Louisville -2.5', 'spread_open': -3.0, 'over_under': 70.0, 'over_under_open': 65.5, 'home_moneyline': -135.0, 'away_moneyline': 115.0}]",-2.5
401282225,2021,6,regular,2021-10-09T19:30:00.000Z,UAB,Conference USA,31.0,Florida Atlantic,Conference USA,14.0,"[{'provider': 'Bovada', 'spread': -3.5, 'formatted_spread': 'UAB -3.5', 'spread_open': -6.0, 'over_under': 49.0, 'over_under_open': 49.0, 'home_moneyline': -180.0, 'away_moneyline': 155.0}]",-3.5
401282229,2021,6,regular,2021-10-09T19:30:00.000Z,Liberty,FBS Independents,41.0,Middle Tennessee,Conference USA,13.0,"[{'provider': 'Bovada', 'spread': -19.5, 'formatted_spread': 'Liberty -19.5', 'spread_open': -19.5, 'over_under': 58.5, 'over_under_open': 58.0, 'home_moneyline': -1300.0, 'away_moneyline': 725.0}]",-19.5
401282654,2021,6,regular,2021-10-09T19:30:00.000Z,North Carolina,ACC,25.0,Florida State,ACC,35.0,"[{'provider': 'Bovada', 'spread': -17.5, 'formatted_spread': 'North Carolina -17.5', 'spread_open': -16.5, 'over_under': 64.5, 'over_under_open': 63.5, 'home_moneyline': -900.0, 'away_moneyline': 575.0}]",-17.5
401282101,2021,6,regular,2021-10-09T20:00:00.000Z,Missouri,SEC,48.0,North Texas,Conference USA,35.0,"[{'provider': 'Bovada', 'spread': -19.0, 'formatted_spread': 'Missouri -19.0', 'spread_open': -20.0, 'over_under': 69.5, 'over_under_open': 66.5, 'home_moneyline': -1100.0, 'away_moneyline': 650.0}]",-19.0
401282227,2021,6,regular,2021-10-09T23:00:00.000Z,Southern Mississippi,Conference USA,13.0,UTEP,Conference USA,26.0,"[{'provider': 'Bovada', 'spread': 2.0, 'formatted_spread': 'UTEP -2.0', 'spread_open': -1.0, 'over_under': 45.5, 'over_under_open': 45.5, 'home_moneyline': 105.0, 'away_moneyline': -125.0}]",2.0
401282228,2021,6,regular,2021-10-09T23:00:00.000Z,Western Kentucky,Conference USA,46.0,UT San Antonio,Conference USA,52.0,"[{'provider': 'Bovada', 'spread': -3.5, 'formatted_spread': 'Western Kentucky -3.5', 'spread_open': -3.0, 'over_under': 71.5, 'over_under_open': 68.5, 'home_moneyline': -165.0, 'away_moneyline': 140.0}]",-3.5
401282108,2021,7,regular,2021-10-16T16:00:00.000Z,Missouri,SEC,14.0,Texas A&M,SEC,35.0,"[{'provider': 'Bovada', 'spread': 11.5, 'formatted_spread': 'Texas A&M -11.5', 'spread_open': 9.0, 'over_under': 59.0, 'over_under_open': 61.0, 'home_moneyline': 315.0, 'away_moneyline': -420.0}]",11.5
401282658,2021,7,regular,2021-10-16T23:30:00.000Z,Boston College,ACC,7.0,NC State,ACC,33.0,"[{'provider': 'Bovada', 'spread': 3.0, 'formatted_spread': 'NC State -3.0', 'spread_open': 2.0, 'over_under': 51.0, 'over_under_open': 51.5, 'home_moneyline': 130.0, 'away_moneyline': -150.0}]",3.0
401282796,2021,7,regular,2021-10-16T16:00:00.000Z,Minnesota,Big Ten,30.0,Nebraska,Big Ten,23.0,"[{'provider': 'Bovada', 'spread': 4.5, 'formatted_spread': 'Nebraska -4.5', 'spread_open': 2.5, 'over_under': 48.5, 'over_under_open': 47.5, 'home_moneyline': 165.0, 'away_moneyline': -195.0}]",4.5
401282807,2021,7,regular,2021-10-16T16:00:00.000Z,Northwestern,Big Ten,21.0,Rutgers,Big Ten,7.0,"[{'provider': 'Bovada', 'spread': 2.5, 'formatted_spread': 'Rutgers -2.5', 'spread_open': 0.0, 'over_under': 45.0, 'over_under_open': 47.0, 'home_moneyline': 110.0, 'away_moneyline': -130.0}]",2.5
401282660,2021,7,regular,2021-10-16T16:30:00.000Z,Virginia,ACC,48.0,Duke,ACC,0.0,"[{'provider': 'Bovada', 'spread': -10.5, 'formatted_spread': 'Virginia -10.5', 'spread_open': -11.5, 'over_under': 69.5, 'over_under_open': 69.0, 'home_moneyline': -430.0, 'away_moneyline': 320.0}]",-10.5
401282232,2021,7,regular,2021-10-16T19:30:00.000Z,Old Dominion,Conference USA,20.0,Western Kentucky,Conference USA,43.0,"[{'provider': 'Bovada', 'spread': 13.5, 'formatted_spread': 'Western Kentucky -13.5', 'spread_open': 13.0, 'over_under': 67.0, 'over_under_open': 68.5, 'home_moneyline': 360.0, 'away_moneyline': -500.0}]",13.5
401282234,2021,7,regular,2021-10-16T19:30:00.000Z,Southern Mississippi,Conference USA,0.0,UAB,Conference USA,34.0,"[{'provider': 'Bovada', 'spread': 16.5, 'formatted_spread': 'UAB -16.5', 'spread_open': 16.0, 'over_under': 43.0, 'over_under_open': 43.5, 'home_moneyline': 500.0, 'away_moneyline': -750.0}]",16.5
401282659,2021,7,regular,2021-10-16T19:30:00.000Z,North Carolina,ACC,45.0,Miami,ACC,42.0,"[{'provider': 'Bovada', 'spread': -7.5, 'formatted_spread': 'North Carolina -7.5', 'spread_open': -6.0, 'over_under': 63.5, 'over_under_open': 61.5, 'home_moneyline': -290.0, 'away_moneyline': 240.0}]",-7.5
401282661,2021,7,regular,2021-10-16T19:30:00.000Z,Virginia Tech,ACC,7.0,Pittsburgh,ACC,28.0,"[{'provider': 'Bovada', 'spread': 6.5, 'formatted_spread': 'Pittsburgh -6.5', 'spread_open': 4.5, 'over_under': 56.0, 'over_under_open': 57.0, 'home_moneyline': 175.0, 'away_moneyline': -210.0}]",6.5
401282109,2021,7,regular,2021-10-16T20:00:00.000Z,South Carolina,SEC,21.0,Vanderbilt,SEC,20.0,"[{'provider': 'Bovada', 'spread': -18.5, 'formatted_spread': 'South Carolina -18.5', 'spread_open': -20.0, 'over_under': 51.0, 'over_under_open': 51.0, 'home_moneyline': -1200.0, 'away_moneyline': 700.0}]",-18.5
401282233,2021,7,regular,2021-10-16T22:00:00.000Z,UT San Antonio,Conference USA,45.0,Rice,Conference USA,0.0,"[{'provider': 'Bovada', 'spread': -17.0, 'formatted_spread': 'UT San Antonio -17.0', 'spread_open': -18.5, 'over_under': 52.5, 'over_under_open': 53.5, 'home_moneyline': -1000.0, 'away_moneyline': 625.0}]",-17.0
401282230,2021,7,regular,2021-10-17T01:00:00.000Z,UTEP,Conference USA,19.0,Louisiana Tech,Conference USA,3.0,"[{'provider': 'Bovada', 'spread': 6.5, 'formatted_spread': 'Louisiana Tech -6.5', 'spread_open': 9.0, 'over_under': 55.5, 'over_under_open': 55.0, 'home_moneyline': 220.0, 'away_moneyline': -270.0}]",6.5
401301032,2021,9,regular,2021-10-30T16:00:00.000Z,Tulane,American Athletic,12.0,Cincinnati,American Athletic,31.0,"[{'provider': 'Bovada', 'spread': 28.5, 'formatted_spread': 'Cincinnati -28.5', 'spread_open': 25.0, 'over_under': 61.5, 'over_under_open': 63.0, 'home_moneyline': 1200.0, 'away_moneyline': -3800.0}]",28.5
401282245,2021,9,regular,2021-10-30T19:30:00.000Z,Middle Tennessee,Conference USA,35.0,Southern Mississippi,Conference USA,10.0,"[{'provider': 'Bovada', 'spread': -13.0, 'formatted_spread': 'Middle Tennessee -13.0', 'spread_open': -14.0, 'over_under': 47.0, 'over_under_open': 48.0, 'home_moneyline': -575.0, 'away_moneyline': 405.0}]",-13.0
401282670,2021,9,regular,2021-10-30T19:30:00.000Z,Clemson,ACC,30.0,Florida State,ACC,20.0,"[{'provider': 'Bovada', 'spread': -9.0, 'formatted_spread': 'Clemson -9.0', 'spread_open': -10.0, 'over_under': 47.5, 'over_under_open': 46.0, 'home_moneyline': -360.0, 'away_moneyline': 280.0}]",-9.0
401282675,2021,9,regular,2021-10-30T19:30:00.000Z,Syracuse,ACC,21.0,Boston College,ACC,6.0,"[{'provider': 'Bovada', 'spread': -6.5, 'formatted_spread': 'Syracuse -6.5', 'spread_open': -4.5, 'over_under': 51.0, 'over_under_open': 51.5, 'home_moneyline': -245.0, 'away_moneyline': 205.0}]",-6.5
401282795,2021,9,regular,2021-10-30T19:30:00.000Z,Northwestern,Big Ten,14.0,Minnesota,Big Ten,41.0,"[{'provider': 'Bovada', 'spread': 7.5, 'formatted_spread': 'Minnesota -7.5', 'spread_open': 7.5, 'over_under': 43.5, 'over_under_open': 43.5, 'home_moneyline': 250.0, 'away_moneyline': -300.0}]",7.5
401282801,2021,9,regular,2021-10-30T19:30:00.000Z,Nebraska,Big Ten,23.0,Purdue,Big Ten,28.0,"[{'provider': 'Bovada', 'spread': -7.5, 'formatted_spread': 'Nebraska -7.5', 'spread_open': -7.0, 'over_under': 53.5, 'over_under_open': 48.5, 'home_moneyline': -300.0, 'away_moneyline': 250.0}]",-7.5
401287930,2021,9,regular,2021-10-30T19:30:00.000Z,Kansas State,Big 12,31.0,TCU,Big 12,12.0,"[{'provider': 'Bovada', 'spread': -3.5, 'formatted_spread': 'Kansas State -3.5', 'spread_open': -3.5, 'over_under': 58.0, 'over_under_open': 59.5, 'home_moneyline': -170.0, 'away_moneyline': 145.0}]",-3.5
401282241,2021,9,regular,2021-10-30T20:00:00.000Z,Western Kentucky,Conference USA,45.0,Charlotte,Conference USA,13.0,"[{'provider': 'Bovada', 'spread': -17.5, 'formatted_spread': 'Western Kentucky -17.5', 'spread_open': -18.5, 'over_under': 73.0, 'over_under_open': 73.0, 'home_moneyline': -1000.0, 'away_moneyline': 625.0}]",-17.5
401282243,2021,9,regular,2021-10-30T22:00:00.000Z,Florida Atlantic,Conference USA,28.0,UTEP,Conference USA,25.0,"[{'provider': 'Bovada', 'spread': -11.0, 'formatted_spread': 'Florida Atlantic -11.0', 'spread_open': -12.0, 'over_under': 48.5, 'over_under_open': 48.0, 'home_moneyline': -455.0, 'away_moneyline': 335.0}]",-11.0
401282672,2021,9,regular,2021-10-30T23:30:00.000Z,NC State,ACC,28.0,Louisville,ACC,13.0,"[{'provider': 'Bovada', 'spread': -6.0, 'formatted_spread': 'NC State -6.0', 'spread_open': -7.0, 'over_under': 56.0, 'over_under_open': 59.0, 'home_moneyline': -235.0, 'away_moneyline': 195.0}]",-6.0
401309883,2021,9,regular,2021-10-31T02:30:00.000Z,Stanford,Pac-12,13.0,Washington,Pac-12,20.0,"[{'provider': 'Bovada', 'spread': -3.0, 'formatted_spread': 'Stanford -3.0', 'spread_open': -2.5, 'over_under': 46.0, 'over_under_open': 48.0, 'home_moneyline': -145.0, 'away_moneyline': 125.0}]",-3.0
401282682,2021,10,regular,2021-11-06T16:00:00.000Z,North Carolina,ACC,58.0,Wake Forest,ACC,55.0,"[{'provider': 'Bovada', 'spread': -2.5, 'formatted_spread': 'North Carolina -2.5', 'spread_open': -2.5, 'over_under': 78.0, 'over_under_open': 75.5, 'home_moneyline': -130.0, 'away_moneyline': 110.0}]",-2.5
401282710,2021,10,regular,2021-11-06T19:30:00.000Z,Notre Dame,FBS Independents,34.0,Navy,American Athletic,6.0,"[{'provider': 'Bovada', 'spread': -21.0, 'formatted_spread': 'Notre Dame -21.0', 'spread_open': -21.0, 'over_under': 48.0, 'over_under_open': 47.5, 'home_moneyline': -1600.0, 'away_moneyline': 800.0}]",-21.0
401282679,2021,10,regular,2021-11-06T20:00:00.000Z,Florida State,ACC,14.0,NC State,ACC,28.0,"[{'provider': 'Bovada', 'spread': 3.0, 'formatted_spread': 'NC State -3.0', 'spread_open': 3.0, 'over_under': 55.0, 'over_under_open': 56.0, 'home_moneyline': 125.0, 'away_moneyline': -145.0}]",3.0
401282720,2021,10,regular,2021-11-06T16:00:00.000Z,Minnesota,Big Ten,6.0,Illinois,Big Ten,14.0,"[{'provider': 'Bovada', 'spread': -15.0, 'formatted_spread': 'Minnesota -15.0', 'spread_open': -14.5, 'over_under': 44.0, 'over_under_open': 43.5, 'home_moneyline': -700.0, 'away_moneyline': 475.0}]",-15.0
401282678,2021,10,regular,2021-11-06T16:00:00.000Z,Duke,ACC,29.0,Pittsburgh,ACC,54.0,"[{'provider': 'Bovada', 'spread': 21.5, 'formatted_spread': 'Pittsburgh -21.5', 'spread_open': 20.5, 'over_under': 64.0, 'over_under_open': 64.0, 'home_moneyline': 850.0, 'away_moneyline': -1700.0}]",21.5
401282681,2021,10,regular,2021-11-06T16:30:00.000Z,Miami,ACC,33.0,Georgia Tech,ACC,30.0,"[{'provider': 'Bovada', 'spread': -10.0, 'formatted_spread': 'Miami -10.0', 'spread_open': -9.0, 'over_under': 62.5, 'over_under_open': 63.5, 'home_moneyline': -415.0, 'away_moneyline': 310.0}]",-10.0
401282252,2021,10,regular,2021-11-06T19:00:00.000Z,Southern Mississippi,Conference USA,14.0,North Texas,Conference USA,38.0,"[{'provider': 'Bovada', 'spread': 5.0, 'formatted_spread': 'North Texas -5.0', 'spread_open': 4.5, 'over_under': 49.0, 'over_under_open': 47.0, 'home_moneyline': 180.0, 'away_moneyline': -220.0}]",5.0
401282247,2021,10,regular,2021-11-06T19:30:00.000Z,Charlotte,Conference USA,31.0,Rice,Conference USA,24.0,"[{'provider': 'Bovada', 'spread': -6.5, 'formatted_spread': 'Charlotte -6.5', 'spread_open': -3.5, 'over_under': 52.0, 'over_under_open': 53.0, 'home_moneyline': -245.0, 'away_moneyline': 205.0}]",-6.5
401282680,2021,10,regular,2021-11-06T23:30:00.000Z,Louisville,ACC,24.0,Clemson,ACC,30.0,"[{'provider': 'Bovada', 'spread': 3.5, 'formatted_spread': 'Clemson -3.5', 'spread_open': 3.5, 'over_under': 46.5, 'over_under_open': 45.5, 'home_moneyline': 160.0, 'away_moneyline': -185.0}]",3.5
401282253,2021,10,regular,2021-11-07T02:15:00.000Z,UTEP,Conference USA,23.0,UT San Antonio,Conference USA,44.0,"[{'provider': 'Bovada', 'spread': 11.5, 'formatted_spread': 'UT San Antonio -11.5', 'spread_open': 12.5, 'over_under': 53.0, 'over_under_open': 52.0, 'home_moneyline': 345.0, 'away_moneyline': -470.0}]",11.5
401309892,2021,10,regular,2021-11-07T02:30:00.000Z,Arizona State,Pac-12,31.0,USC,Pac-12,16.0,"[{'provider': 'Bovada', 'spread': -10.0, 'formatted_spread': 'Arizona State -10.0', 'spread_open': -8.0, 'over_under': 61.0, 'over_under_open': 59.0, 'home_moneyline': -340.0, 'away_moneyline': 270.0}]",-10.0
401282812,2021,11,regular,2021-11-13T20:30:00.000Z,Ohio State,Big Ten,59.0,Purdue,Big Ten,31.0,"[{'provider': 'Bovada', 'spread': -19.5, 'formatted_spread': 'Ohio State -19.5', 'spread_open': -20.5, 'over_under': 65.0, 'over_under_open': 61.5, 'home_moneyline': -1300.0, 'away_moneyline': 725.0}]",-19.5
401287938,2021,11,regular,2021-11-13T17:00:00.000Z,Baylor,Big 12,27.0,Oklahoma,Big 12,14.0,"[{'provider': 'Bovada', 'spread': 3.5, 'formatted_spread': 'Oklahoma -3.5', 'spread_open': 6.0, 'over_under': 64.0, 'over_under_open': 64.0, 'home_moneyline': 175.0, 'away_moneyline': -210.0}]",3.5
401282688,2021,11,regular,2021-11-14T00:30:00.000Z,Virginia,ACC,3.0,Notre Dame,FBS Independents,28.0,"[{'provider': 'Bovada', 'spread': 7.5, 'formatted_spread': 'Notre Dame -7.5', 'spread_open': 5.0, 'over_under': 63.0, 'over_under_open': 64.5, 'home_moneyline': 210.0, 'away_moneyline': -250.0}]",7.5
401282690,2021,11,regular,2021-11-14T00:30:00.000Z,Wake Forest,ACC,45.0,NC State,ACC,42.0,"[{'provider': 'Bovada', 'spread': -1.5, 'formatted_spread': 'Wake Forest -1.5', 'spread_open': -3.0, 'over_under': 64.5, 'over_under_open': 66.5, 'home_moneyline': -125.0, 'away_moneyline': 105.0}]",-1.5
401282260,2021,11,regular,2021-11-13T20:30:00.000Z,UT San Antonio,Conference USA,27.0,Southern Mississippi,Conference USA,17.0,"[{'provider': 'Bovada', 'spread': -33.0, 'formatted_spread': 'UT San Antonio -33.0', 'spread_open': -32.5, 'over_under': 54.5, 'over_under_open': 55.0, 'home_moneyline': None, 'away_moneyline': None}]",-33.0
401282684,2021,11,regular,2021-11-13T17:00:00.000Z,Clemson,ACC,44.0,Connecticut,FBS Independents,7.0,"[{'provider': 'Bovada', 'spread': -40.0, 'formatted_spread': 'Clemson -40.0', 'spread_open': -39.5, 'over_under': 51.0, 'over_under_open': 49.0, 'home_moneyline': None, 'away_moneyline': None}]",-40.0
401286304,2021,11,regular,2021-11-13T17:00:00.000Z,UMass,FBS Independents,10.0,Maine,CAA,35.0,"[{'provider': 'Bovada', 'spread': 6.0, 'formatted_spread': 'Maine -6.0', 'spread_open': 4.5, 'over_under': 58.5, 'over_under_open': 58.5, 'home_moneyline': None, 'away_moneyline': None}]",6.0
401282259,2021,11,regular,2021-11-13T19:00:00.000Z,Rice,Conference USA,21.0,Western Kentucky,Conference USA,42.0,"[{'provider': 'Bovada', 'spread': 19.0, 'formatted_spread': 'Western Kentucky -19.0', 'spread_open': 19.0, 'over_under': 61.5, 'over_under_open': 63.0, 'home_moneyline': 700.0, 'away_moneyline': -1200.0}]",19.0
401282256,2021,11,regular,2021-11-13T20:30:00.000Z,Old Dominion,Conference USA,30.0,Florida Atlantic,Conference USA,16.0,"[{'provider': 'Bovada', 'spread': 6.5, 'formatted_spread': 'Florida Atlantic -6.5', 'spread_open': 6.5, 'over_under': 48.0, 'over_under_open': 49.5, 'home_moneyline': 210.0, 'away_moneyline': -250.0}]",6.5
401282257,2021,11,regular,2021-11-13T20:30:00.000Z,Marshall,Conference USA,14.0,UAB,Conference USA,21.0,"[{'provider': 'Bovada', 'spread': -4.5, 'formatted_spread': 'Marshall -4.5', 'spread_open': -6.0, 'over_under': 55.5, 'over_under_open': 55.5, 'home_moneyline': -200.0, 'away_moneyline': 170.0}]",-4.5
401282685,2021,11,regular,2021-11-13T20:30:00.000Z,Florida State,ACC,31.0,Miami,ACC,28.0,"[{'provider': 'Bovada', 'spread': 3.0, 'formatted_spread': 'Miami -3.0', 'spread_open': 2.5, 'over_under': 61.0, 'over_under_open': 60.0, 'home_moneyline': 120.0, 'away_moneyline': -140.0}]",3.0
401282686,2021,11,regular,2021-11-13T20:30:00.000Z,Georgia Tech,ACC,30.0,Boston College,ACC,41.0,"[{'provider': 'Bovada', 'spread': -1.0, 'formatted_spread': 'Georgia Tech -1.0', 'spread_open': -2.0, 'over_under': 55.0, 'over_under_open': 52.0, 'home_moneyline': -115.0, 'away_moneyline': -105.0}]",-1.0
401282689,2021,11,regular,2021-11-13T20:30:00.000Z,Virginia Tech,ACC,48.0,Duke,ACC,17.0,"[{'provider': 'Bovada', 'spread': -11.0, 'formatted_spread': 'Virginia Tech -11.0', 'spread_open': -10.5, 'over_under': 51.5, 'over_under_open': 48.0, 'home_moneyline': -470.0, 'away_moneyline': 345.0}]",-11.0
401282258,2021,11,regular,2021-11-13T21:00:00.000Z,North Texas,Conference USA,20.0,UTEP,Conference USA,17.0,"[{'provider': 'Bovada', 'spread': 1.0, 'formatted_spread': 'UTEP -1.0', 'spread_open': 2.0, 'over_under': 55.0, 'over_under_open': 55.5, 'home_moneyline': -105.0, 'away_moneyline': -115.0}]",1.0
401310745,2021,11,regular,2021-11-13T21:00:00.000Z,UNLV,Mountain West,27.0,Hawai'i,Mountain West,13.0,"[{'provider': 'Bovada', 'spread': 3.5, 'formatted_spread': ""Hawai'i -3.5"", 'spread_open': 1.5, 'over_under': 55.5, 'over_under_open': 57.0, 'home_moneyline': 135.0, 'away_moneyline': -160.0}]",3.5
401310744,2021,11,regular,2021-11-14T03:30:00.000Z,San José State,Mountain West,17.0,Utah State,Mountain West,48.0,"[{'provider': 'Bovada', 'spread': -4.5, 'formatted_spread': 'San José State -4.5', 'spread_open': -4.5, 'over_under': 57.5, 'over_under_open': 56.5, 'home_moneyline': -200.0, 'away_moneyline': 170.0}]",-4.5
401309588,2021,12,regular,2021-11-17T00:30:00.000Z,Eastern Michigan,Mid-American,22.0,Western Michigan,Mid-American,21.0,"[{'provider': 'Bovada', 'spread': 6.0, 'formatted_spread': 'Western Michigan -6.0', 'spread_open': 5.0, 'over_under': 66.0, 'over_under_open': 68.5, 'home_moneyline': 170.0, 'away_moneyline': -200.0}]",6.0
401308841,2021,12,regular,2021-11-17T01:00:00.000Z,Miami (OH),Mid-American,34.0,Bowling Green,Mid-American,7.0,"[{'provider': 'Bovada', 'spread': -17.0, 'formatted_spread': 'Miami (OH) -17.0', 'spread_open': -16.0, 'over_under': 52.0, 'over_under_open': 50.5, 'home_moneyline': -750.0, 'away_moneyline': 500.0}]",-17.0
401309590,2021,12,regular,2021-11-18T00:00:00.000Z,Buffalo,Mid-American,27.0,Northern Illinois,Mid-American,33.0,"[{'provider': 'Bovada', 'spread': 2.0, 'formatted_spread': 'Northern Illinois -2.0', 'spread_open': 2.5, 'over_under': 59.0, 'over_under_open': 64.5, 'home_moneyline': 110.0, 'away_moneyline': -130.0}]",2.0
401309591,2021,12,regular,2021-11-18T00:00:00.000Z,Ball State,Mid-American,17.0,Central Michigan,Mid-American,37.0,"[{'provider': 'Bovada', 'spread': 2.5, 'formatted_spread': 'Central Michigan -2.5', 'spread_open': -2.5, 'over_under': 57.0, 'over_under_open': 62.0, 'home_moneyline': 120.0, 'away_moneyline': -140.0}]",2.5
401282691,2021,12,regular,2021-11-19T00:30:00.000Z,Duke,ACC,22.0,Louisville,ACC,62.0,"[{'provider': 'Bovada', 'spread': 20.5, 'formatted_spread': 'Louisville -20.5', 'spread_open': 19.5, 'over_under': 60.5, 'over_under_open': 59.5, 'home_moneyline': 750.0, 'away_moneyline': -1400.0}]",20.5
401301045,2021,12,regular,2021-11-20T02:00:00.000Z,Houston,American Athletic,31.0,Memphis,American Athletic,13.0,"[{'provider': 'Bovada', 'spread': -9.5, 'formatted_spread': 'Houston -9.5', 'spread_open': -9.5, 'over_under': 60.0, 'over_under_open': 60.5, 'home_moneyline': -370.0, 'away_moneyline': 285.0}]",-9.5
401309899,2021,12,regular,2021-11-20T02:00:00.000Z,Washington State,Pac-12,44.0,Arizona,Pac-12,18.0,"[{'provider': 'Bovada', 'spread': -15.0, 'formatted_spread': 'Washington State -15.0', 'spread_open': -15.0, 'over_under': 52.5, 'over_under_open': 52.5, 'home_moneyline': -665.0, 'away_moneyline': 450.0}]",-15.0
401282136,2021,12,regular,2021-11-20T17:00:00.000Z,Georgia,SEC,56.0,Charleston Southern,Big South,7.0,"[{'provider': 'Bovada', 'spread': -53.0, 'formatted_spread': 'Georgia -53.0', 'spread_open': -51.0, 'over_under': 59.0, 'over_under_open': 58.5, 'home_moneyline': None, 'away_moneyline': None}]",-53.0
401282135,2021,12,regular,2021-11-20T20:30:00.000Z,Alabama,SEC,42.0,Arkansas,SEC,35.0,"[{'provider': 'Bovada', 'spread': -21.0, 'formatted_spread': 'Alabama -21.0', 'spread_open': -20.5, 'over_under': 58.0, 'over_under_open': 56.0, 'home_moneyline': -1400.0, 'away_moneyline': 750.0}]",-21.0
401282137,2021,12,regular,2021-11-20T17:00:00.000Z,Kentucky,SEC,56.0,New Mexico State,FBS Independents,16.0,"[{'provider': 'Bovada', 'spread': -36.0, 'formatted_spread': 'Kentucky -36.0', 'spread_open': -36.0, 'over_under': 61.0, 'over_under_open': 59.5, 'home_moneyline': None, 'away_moneyline': None}]",-36.0
401309904,2021,12,regular,2021-11-20T21:00:00.000Z,USC,Pac-12,33.0,UCLA,Pac-12,62.0,"[{'provider': 'Bovada', 'spread': 3.5, 'formatted_spread': 'UCLA -3.5', 'spread_open': 3.0, 'over_under': 65.5, 'over_under_open': 65.0, 'home_moneyline': 140.0, 'away_moneyline': -165.0}]",3.5
401282143,2021,12,regular,2021-11-21T00:30:00.000Z,Tennessee,SEC,60.0,South Alabama,Sun Belt,14.0,"[{'provider': 'Bovada', 'spread': -28.0, 'formatted_spread': 'Tennessee -28.0', 'spread_open': -27.5, 'over_under': 62.0, 'over_under_open': 64.0, 'home_moneyline': -5000.0, 'away_moneyline': 1275.0}]",-28.0
401282694,2021,12,regular,2021-11-21T00:30:00.000Z,Miami,ACC,38.0,Virginia Tech,ACC,26.0,"[{'provider': 'Bovada', 'spread': -7.0, 'formatted_spread': 'Miami -7.0', 'spread_open': -7.0, 'over_under': 56.0, 'over_under_open': 55.0, 'home_moneyline': -290.0, 'away_moneyline': 240.0}]",-7.0
401310750,2021,12,regular,2021-11-21T01:00:00.000Z,Utah State,Mountain West,17.0,Wyoming,Mountain West,44.0,"[{'provider': 'Bovada', 'spread': -6.0, 'formatted_spread': 'Utah State -6.0', 'spread_open': -6.5, 'over_under': 52.0, 'over_under_open': 53.0, 'home_moneyline': -220.0, 'away_moneyline': 180.0}]",-6.0
401310748,2021,12,regular,2021-11-21T02:00:00.000Z,Boise State,Mountain West,37.0,New Mexico,Mountain West,0.0,"[{'provider': 'Bovada', 'spread': -27.0, 'formatted_spread': 'Boise State -27.0', 'spread_open': -27.5, 'over_under': 48.0, 'over_under_open': 48.0, 'home_moneyline': -4500.0, 'away_moneyline': 1250.0}]",-27.0
401282057,2021,2,regular,2021-09-11T23:00:00.000Z,Arkansas,SEC,40.0,Texas,Big 12,21.0,"[{'provider': 'Bovada', 'spread': 7.0, 'formatted_spread': 'Texas -7.0', 'spread_open': 6.0, 'over_under': 56.5, 'over_under_open': 58.5, 'home_moneyline': 215.0, 'away_moneyline': -260.0}]",7.0
401282058,2021,2,regular,2021-09-11T16:00:00.000Z,Auburn,SEC,62.0,Alabama State,SWAC,0.0,"[{'provider': 'Bovada', 'spread': -49.5, 'formatted_spread': 'Auburn -49.5', 'spread_open': -49.5, 'over_under': 61.0, 'over_under_open': 60.0, 'home_moneyline': None, 'away_moneyline': None}]",-49.5
401309902,2021,12,regular,2021-11-21T03:30:00.000Z,Oregon State,Pac-12,24.0,Arizona State,Pac-12,10.0,"[{'provider': 'Bovada', 'spread': 3.0, 'formatted_spread': 'Arizona State -3.0', 'spread_open': 2.5, 'over_under': 58.5, 'over_under_open': 60.0, 'home_moneyline': 130.0, 'away_moneyline': -150.0}]",3.0
401310749,2021,12,regular,2021-11-21T04:00:00.000Z,Hawai'i,Mountain West,50.0,Colorado State,Mountain West,45.0,"[{'provider': 'Bovada', 'spread': 3.0, 'formatted_spread': 'Colorado State -3.0', 'spread_open': 2.0, 'over_under': 54.0, 'over_under_open': 54.5, 'home_moneyline': 120.0, 'away_moneyline': -140.0}]",3.0
401309593,2021,13,regular,2021-11-24T00:00:00.000Z,Ball State,Mid-American,20.0,Buffalo,Mid-American,3.0,"[{'provider': 'Bovada', 'spread': -6.0, 'formatted_spread': 'Ball State -6.0', 'spread_open': -6.5, 'over_under': 59.5, 'over_under_open': 58.5, 'home_moneyline': -240.0, 'away_moneyline': 200.0}]",-6.0
401309594,2021,13,regular,2021-11-24T00:00:00.000Z,Northern Illinois,Mid-American,21.0,Western Michigan,Mid-American,42.0,"[{'provider': 'Bovada', 'spread': 7.0, 'formatted_spread': 'Western Michigan -7.0', 'spread_open': 3.5, 'over_under': 58.5, 'over_under_open': 62.5, 'home_moneyline': 155.0, 'away_moneyline': -180.0}]",7.0
401310757,2021,13,regular,2021-11-25T20:30:00.000Z,San José State,Mountain West,9.0,Fresno State,Mountain West,40.0,"[{'provider': 'Bovada', 'spread': 7.0, 'formatted_spread': 'Fresno State -7.0', 'spread_open': 7.5, 'over_under': 52.5, 'over_under_open': 52.5, 'home_moneyline': 250.0, 'away_moneyline': -300.0}]",7.0
401282699,2021,13,regular,2021-11-27T00:00:00.000Z,NC State,ACC,34.0,North Carolina,ACC,30.0,"[{'provider': 'Bovada', 'spread': -6.5, 'formatted_spread': 'NC State -6.5', 'spread_open': -7.0, 'over_under': 62.0, 'over_under_open': 63.0, 'home_moneyline': -240.0, 'away_moneyline': 200.0}]",-6.5
401282153,2021,13,regular,2021-11-27T20:45:00.000Z,Tennessee,SEC,45.0,Vanderbilt,SEC,21.0,"[{'provider': 'Bovada', 'spread': -31.5, 'formatted_spread': 'Tennessee -31.5', 'spread_open': -31.0, 'over_under': 64.5, 'over_under_open': 62.5, 'home_moneyline': None, 'away_moneyline': None}]",-31.5
401331159,2021,14,regular,2021-12-04T01:00:00.000Z,Utah,Pac-12,38.0,Oregon,Pac-12,10.0,"[{'provider': 'Bovada', 'spread': -3.0, 'formatted_spread': 'Utah -3.0', 'spread_open': -3.0, 'over_under': 57.5, 'over_under_open': 60.0, 'home_moneyline': -145.0, 'away_moneyline': 125.0}]",-3.0
401282156,2021,14,regular,2021-12-04T00:00:00.000Z,UT San Antonio,Conference USA,49.0,Western Kentucky,Conference USA,41.0,"[{'provider': 'Bovada', 'spread': 3.5, 'formatted_spread': 'Western Kentucky -3.5', 'spread_open': 1.0, 'over_under': 74.5, 'over_under_open': 72.0, 'home_moneyline': 105.0, 'away_moneyline': -120.0}]",3.5
401282154,2021,14,regular,2021-12-04T21:00:00.000Z,Alabama,SEC,41.0,Georgia,SEC,24.0,"[{'provider': 'Bovada', 'spread': 6.5, 'formatted_spread': 'Georgia -6.5', 'spread_open': 4.0, 'over_under': 48.5, 'over_under_open': 52.0, 'home_moneyline': 195.0, 'away_moneyline': -235.0}]",6.5
401331447,2021,14,regular,2021-12-05T01:00:00.000Z,Iowa,Big Ten,3.0,Michigan,Big Ten,42.0,"[{'provider': 'Bovada', 'spread': -12.0, 'formatted_spread': 'Iowa -12.0', 'spread_open': -10.5, 'over_under': 44.0, 'over_under_open': 44.0, 'home_moneyline': -520.0, 'away_moneyline': 375.0}]",-12.0
401331162,2021,14,regular,2021-12-04T21:00:00.000Z,Cincinnati,American Athletic,35.0,Houston,American Athletic,20.0,"[{'provider': 'Bovada', 'spread': -10.5, 'formatted_spread': 'Cincinnati -10.5', 'spread_open': -10.0, 'over_under': 52.5, 'over_under_open': 55.5, 'home_moneyline': -415.0, 'away_moneyline': 310.0}]",-10.5
401287953,2021,14,regular,2021-12-04T17:00:00.000Z,Oklahoma State,Big 12,16.0,Baylor,Big 12,21.0,"[{'provider': 'Bovada', 'spread': -7.0, 'formatted_spread': 'Oklahoma State -7.0', 'spread_open': -6.5, 'over_under': 45.5, 'over_under_open': 48.0, 'home_moneyline': -275.0, 'away_moneyline': 225.0}]",-7.0
401331163,2021,14,regular,2021-12-05T01:00:00.000Z,Wake Forest,ACC,21.0,Pittsburgh,ACC,45.0,"[{'provider': 'Bovada', 'spread': 3.5, 'formatted_spread': 'Pittsburgh -3.5', 'spread_open': 3.0, 'over_under': 73.0, 'over_under_open': 72.0, 'home_moneyline': -160.0, 'away_moneyline': 135.0}]",3.5
401310676,2021,14,regular,2021-12-04T20:00:00.000Z,San Diego State,Mountain West,13.0,Utah State,Mountain West,46.0,"[{'provider': 'Bovada', 'spread': -6.0, 'formatted_spread': 'San Diego State -6.0', 'spread_open': -4.0, 'over_under': 49.5, 'over_under_open': 50.5, 'home_moneyline': -230.0, 'away_moneyline': 190.0}]",-6.0
401331161,2021,14,regular,2021-12-04T20:30:00.000Z,Louisiana,Sun Belt,24.0,Appalachian State,Sun Belt,16.0,"[{'provider': 'Bovada', 'spread': 2.5, 'formatted_spread': 'Appalachian State -2.5', 'spread_open': 2.0, 'over_under': 52.0, 'over_under_open': 52.5, 'home_moneyline': 115.0, 'away_moneyline': -135.0}]",2.5
401331160,2021,14,regular,2021-12-04T17:00:00.000Z,Northern Illinois,Mid-American,41.0,Kent State,Mid-American,23.0,"[{'provider': 'Bovada', 'spread': 4.0, 'formatted_spread': 'Kent State -4.0', 'spread_open': 2.0, 'over_under': 75.5, 'over_under_open': 72.0, 'home_moneyline': 135.0, 'away_moneyline': -160.0}]",4.0
401387250,2021,14,regular,2021-12-05T04:00:00.000Z,California,Pac-12,24.0,USC,Pac-12,14.0,"[{'provider': 'Bovada', 'spread': -4.5, 'formatted_spread': 'California -4.5', 'spread_open': -2.5, 'over_under': 57.5, 'over_under_open': 57.5, 'home_moneyline': -195.0, 'away_moneyline': 165.0}]",-4.5
401301056,2021,15,regular,2021-12-11T20:00:00.000Z,Army,FBS Independents,13.0,Navy,American Athletic,17.0,"[{'provider': 'Bovada', 'spread': -7.0, 'formatted_spread': 'Army -7.0', 'spread_open': -8.5, 'over_under': 35.5, 'over_under_open': 36.0, 'home_moneyline': -300.0, 'away_moneyline': 250.0}]",-7.0
401282050,2021,1,regular,2021-09-01T23:30:00.000Z,Jacksonville State,AWC,0.0,UAB,Conference USA,31.0,"[{'provider': 'Bovada', 'spread': 16.0, 'formatted_spread': 'UAB -16.0', 'spread_open': 16.5, 'over_under': 52.0, 'over_under_open': 51.5, 'home_moneyline': 550.0, 'away_moneyline': -900.0}]",16.0
401282059,2021,2,regular,2021-09-11T17:00:00.000Z,South Florida,American Athletic,20.0,Florida,SEC,42.0,"[{'provider': 'Bovada', 'spread': 29.0, 'formatted_spread': 'Florida -29.0', 'spread_open': 29.0, 'over_under': 58.0, 'over_under_open': 56.5, 'home_moneyline': None, 'away_moneyline': None}]",29.0
401287949,2021,13,regular,2021-11-26T21:30:00.000Z,Iowa State,Big 12,48.0,TCU,Big 12,14.0,"[{'provider': 'Bovada', 'spread': -15.0, 'formatted_spread': 'Iowa State -15.0', 'spread_open': -14.5, 'over_under': 61.0, 'over_under_open': 58.5, 'home_moneyline': -700.0, 'away_moneyline': 475.0}]",-15.0
401282781,2021,13,regular,2021-11-27T17:00:00.000Z,Michigan,Big Ten,42.0,Ohio State,Big Ten,27.0,"[{'provider': 'Bovada', 'spread': 7.0, 'formatted_spread': 'Ohio State -7.0', 'spread_open': 7.5, 'over_under': 64.5, 'over_under_open': 66.0, 'home_moneyline': 240.0, 'away_moneyline': -290.0}]",7.0
401282711,2021,13,regular,2021-11-28T01:00:00.000Z,Stanford,Pac-12,14.0,Notre Dame,FBS Independents,45.0,"[{'provider': 'Bovada', 'spread': 20.0, 'formatted_spread': 'Notre Dame -20.0', 'spread_open': 17.5, 'over_under': 53.0, 'over_under_open': 52.5, 'home_moneyline': 750.0, 'away_moneyline': -1400.0}]",20.0
401287951,2021,13,regular,2021-11-28T00:30:00.000Z,Oklahoma State,Big 12,37.0,Oklahoma,Big 12,33.0,"[{'provider': 'Bovada', 'spread': -4.5, 'formatted_spread': 'Oklahoma State -4.5', 'spread_open': -3.5, 'over_under': 49.0, 'over_under_open': 50.5, 'home_moneyline': -185.0, 'away_moneyline': 160.0}]",-4.5
401287948,2021,13,regular,2021-11-27T17:00:00.000Z,Baylor,Big 12,27.0,Texas Tech,Big 12,24.0,"[{'provider': 'Bovada', 'spread': -14.0, 'formatted_spread': 'Baylor -14.0', 'spread_open': -14.5, 'over_under': 51.5, 'over_under_open': 52.0, 'home_moneyline': -635.0, 'away_moneyline': 435.0}]",-14.0
401282794,2021,13,regular,2021-11-27T21:00:00.000Z,Minnesota,Big Ten,23.0,Wisconsin,Big Ten,13.0,"[{'provider': 'Bovada', 'spread': 7.0, 'formatted_spread': 'Wisconsin -7.0', 'spread_open': 6.5, 'over_under': 39.0, 'over_under_open': 38.5, 'home_moneyline': 225.0, 'away_moneyline': -275.0}]",7.0
401282702,2021,13,regular,2021-11-28T00:30:00.000Z,Syracuse,ACC,14.0,Pittsburgh,ACC,31.0,"[{'provider': 'Bovada', 'spread': 12.5, 'formatted_spread': 'Pittsburgh -12.5', 'spread_open': 11.0, 'over_under': 57.5, 'over_under_open': 58.5, 'home_moneyline': 360.0, 'away_moneyline': -500.0}]",12.5
401282700,2021,13,regular,2021-11-27T17:00:00.000Z,Boston College,ACC,10.0,Wake Forest,ACC,41.0,"[{'provider': 'Bovada', 'spread': 6.5, 'formatted_spread': 'Wake Forest -6.5', 'spread_open': 4.5, 'over_under': 64.0, 'over_under_open': 64.5, 'home_moneyline': 175.0, 'away_moneyline': -210.0}]",6.5
401282766,2021,13,regular,2021-11-27T17:00:00.000Z,Rutgers,Big Ten,16.0,Maryland,Big Ten,40.0,"[{'provider': 'Bovada', 'spread': -2.0, 'formatted_spread': 'Rutgers -2.0', 'spread_open': 1.5, 'over_under': 53.0, 'over_under_open': 53.0, 'home_moneyline': 105.0, 'away_moneyline': -125.0}]",-2.0
401286299,2021,13,regular,2021-11-27T17:00:00.000Z,Liberty,FBS Independents,16.0,Army,FBS Independents,31.0,"[{'provider': 'Bovada', 'spread': -3.0, 'formatted_spread': 'Liberty -3.0', 'spread_open': -4.0, 'over_under': 51.5, 'over_under_open': 54.0, 'home_moneyline': -170.0, 'away_moneyline': 145.0}]",-3.0
401282701,2021,13,regular,2021-11-27T17:30:00.000Z,Duke,ACC,10.0,Miami,ACC,47.0,"[{'provider': 'Bovada', 'spread': 21.0, 'formatted_spread': 'Miami -21.0', 'spread_open': 21.0, 'over_under': 67.0, 'over_under_open': 68.0, 'home_moneyline': 800.0, 'away_moneyline': -1600.0}]",21.0
401286306,2021,13,regular,2021-11-27T20:00:00.000Z,New Mexico State,FBS Independents,44.0,UMass,FBS Independents,27.0,"[{'provider': 'Bovada', 'spread': -7.0, 'formatted_spread': 'New Mexico State -7.0', 'spread_open': -6.0, 'over_under': 59.0, 'over_under_open': 58.0, 'home_moneyline': -260.0, 'away_moneyline': 215.0}]",-7.0
401282722,2021,13,regular,2021-11-27T20:30:00.000Z,Illinois,Big Ten,47.0,Northwestern,Big Ten,14.0,"[{'provider': 'Bovada', 'spread': -6.5, 'formatted_spread': 'Illinois -6.5', 'spread_open': -6.5, 'over_under': 44.5, 'over_under_open': 42.5, 'home_moneyline': -250.0, 'away_moneyline': 210.0}]",-6.5
401282753,2021,13,regular,2021-11-27T20:30:00.000Z,Purdue,Big Ten,44.0,Indiana,Big Ten,7.0,"[{'provider': 'Bovada', 'spread': -15.0, 'formatted_spread': 'Purdue -15.0', 'spread_open': -15.0, 'over_under': 50.5, 'over_under_open': 50.0, 'home_moneyline': -700.0, 'away_moneyline': 475.0}]",-15.0
401282703,2021,13,regular,2021-11-27T20:45:00.000Z,Virginia,ACC,24.0,Virginia Tech,ACC,29.0,"[{'provider': 'Bovada', 'spread': -7.0, 'formatted_spread': 'Virginia -7.0', 'spread_open': -7.5, 'over_under': 64.0, 'over_under_open': 62.5, 'home_moneyline': -275.0, 'away_moneyline': 225.0}]",-7.0
401287950,2021,13,regular,2021-11-28T00:00:00.000Z,Kansas,Big 12,28.0,West Virginia,Big 12,34.0,"[{'provider': 'Bovada', 'spread': 15.5, 'formatted_spread': 'West Virginia -15.5', 'spread_open': 15.0, 'over_under': 55.5, 'over_under_open': 55.5, 'home_moneyline': 475.0, 'away_moneyline': -700.0}]",15.5
401310253,2021,10,regular,2021-11-06T15:30:00.000Z,Air Force,Mountain West,14.0,Army,FBS Independents,21.0,"[{'provider': 'Bovada', 'spread': -2.5, 'formatted_spread': 'Air Force -2.5', 'spread_open': -3.0, 'over_under': 37.5, 'over_under_open': 37.5, 'home_moneyline': -140.0, 'away_moneyline': 120.0}]",-2.5
401282785,2021,13,regular,2021-11-27T20:30:00.000Z,Michigan State,Big Ten,30.0,Penn State,Big Ten,27.0,"[{'provider': 'Bovada', 'spread': 5.5, 'formatted_spread': 'Penn State -5.5', 'spread_open': 0.0, 'over_under': 51.5, 'over_under_open': 52.0, 'home_moneyline': 150.0, 'away_moneyline': -175.0}]",5.5
401282053,2021,1,regular,2021-09-05T00:00:00.000Z,Texas A&M,SEC,41.0,Kent State,Mid-American,10.0,"[{'provider': 'Bovada', 'spread': -29.5, 'formatted_spread': 'Texas A&M -29.5', 'spread_open': -28.5, 'over_under': 67.0, 'over_under_open': 66.0, 'home_moneyline': None, 'away_moneyline': None}]",-29.5
401281948,2021,1,regular,2021-09-05T00:30:00.000Z,UCLA,Pac-12,38.0,LSU,SEC,27.0,"[{'provider': 'Bovada', 'spread': 2.5, 'formatted_spread': 'LSU -2.5', 'spread_open': 4.0, 'over_under': 64.0, 'over_under_open': 69.0, 'home_moneyline': 125.0, 'away_moneyline': -145.0}]",2.5
401309839,2021,1,regular,2021-09-05T00:00:00.000Z,Washington,Pac-12,7.0,Montana,Big Sky,13.0,"[{'provider': 'Bovada', 'spread': -23.0, 'formatted_spread': 'Washington -23.0', 'spread_open': -23.0, 'over_under': 54.0, 'over_under_open': 54.0, 'home_moneyline': None, 'away_moneyline': None}]",-23.0
401282613,2021,1,regular,2021-09-04T23:30:00.000Z,Virginia,ACC,43.0,William & Mary,CAA,0.0,"[{'provider': 'Bovada', 'spread': -31.0, 'formatted_spread': 'Virginia -31.0', 'spread_open': -31.5, 'over_under': 52.5, 'over_under_open': 52.5, 'home_moneyline': None, 'away_moneyline': None}]",-31.0
401282054,2021,1,regular,2021-09-05T00:00:00.000Z,Vanderbilt,SEC,3.0,East Tennessee State,Southern,23.0,"[{'provider': 'Bovada', 'spread': -21.0, 'formatted_spread': 'Vanderbilt -21.0', 'spread_open': -21.0, 'over_under': 45.0, 'over_under_open': 44.5, 'home_moneyline': None, 'away_moneyline': None}]",-21.0
401282177,2021,1,regular,2021-09-05T00:00:00.000Z,South Alabama,Sun Belt,31.0,Southern Mississippi,Conference USA,7.0,"[{'provider': 'Bovada', 'spread': -2.0, 'formatted_spread': 'South Alabama -2.0', 'spread_open': 2.5, 'over_under': 57.0, 'over_under_open': 55.0, 'home_moneyline': -125.0, 'away_moneyline': 105.0}]",-2.0
401287891,2021,1,regular,2021-09-05T00:00:00.000Z,TCU,Big 12,45.0,Duquesne,NEC,3.0,"[{'provider': 'Bovada', 'spread': -43.0, 'formatted_spread': 'TCU -43.0', 'spread_open': -43.0, 'over_under': 54.5, 'over_under_open': 56.0, 'home_moneyline': None, 'away_moneyline': None}]",-43.0
401286187,2021,1,regular,2021-08-28T18:00:00.000Z,Fresno State,Mountain West,45.0,Connecticut,FBS Independents,0.0,"[{'provider': 'Bovada', 'spread': -28.0, 'formatted_spread': 'Fresno State -28.0', 'spread_open': -27.5, 'over_under': 63.5, 'over_under_open': 62.5, 'home_moneyline': -5000.0, 'away_moneyline': 1275.0}]",-28.0
401309833,2021,1,regular,2021-08-28T19:30:00.000Z,UCLA,Pac-12,44.0,Hawai'i,Mountain West,10.0,"[{'provider': 'Bovada', 'spread': -18.0, 'formatted_spread': 'UCLA -18.0', 'spread_open': -14.0, 'over_under': 66.5, 'over_under_open': 70.5, 'home_moneyline': -900.0, 'away_moneyline': 550.0}]",-18.0
401282049,2021,1,regular,2021-08-29T01:30:00.000Z,New Mexico State,FBS Independents,3.0,UTEP,Conference USA,30.0,"[{'provider': 'Bovada', 'spread': 10.0, 'formatted_spread': 'UTEP -10.0', 'spread_open': 8.0, 'over_under': 59.5, 'over_under_open': 54.0, 'home_moneyline': 280.0, 'away_moneyline': -360.0}]",10.0
401310693,2021,1,regular,2021-08-29T02:00:00.000Z,San José State,Mountain West,45.0,Southern Utah,Big Sky,14.0,"[{'provider': 'Bovada', 'spread': -28.5, 'formatted_spread': 'San José State -28.5', 'spread_open': -22.5, 'over_under': 57.5, 'over_under_open': 56.5, 'home_moneyline': None, 'away_moneyline': None}]",-28.5
401282714,2021,1,regular,2021-08-28T17:20:00.000Z,Illinois,Big Ten,30.0,Nebraska,Big Ten,22.0,"[{'provider': 'Bovada', 'spread': 7.0, 'formatted_spread': 'Nebraska -7.0', 'spread_open': 8.5, 'over_under': 52.0, 'over_under_open': 55.0, 'home_moneyline': 220.0, 'away_moneyline': -270.0}]",7.0
401310729,2021,8,regular,2021-10-22T03:00:00.000Z,UNLV,Mountain West,20.0,San José State,Mountain West,27.0,"[{'provider': 'Bovada', 'spread': 5.5, 'formatted_spread': 'San José State -5.5', 'spread_open': 4.5, 'over_under': 44.0, 'over_under_open': 46.5, 'home_moneyline': 155.0, 'away_moneyline': -180.0}]",5.5
401310725,2021,8,regular,2021-10-23T01:30:00.000Z,Utah State,Mountain West,26.0,Colorado State,Mountain West,24.0,"[{'provider': 'Bovada', 'spread': 3.0, 'formatted_spread': 'Colorado State -3.0', 'spread_open': 2.5, 'over_under': 58.5, 'over_under_open': 55.0, 'home_moneyline': 135.0, 'away_moneyline': -160.0}]",3.0
401309879,2021,8,regular,2021-10-23T19:30:00.000Z,UCLA,Pac-12,31.0,Oregon,Pac-12,34.0,"[{'provider': 'Bovada', 'spread': -1.0, 'formatted_spread': 'UCLA -1.0', 'spread_open': -1.5, 'over_under': 61.5, 'over_under_open': 57.5, 'home_moneyline': -115.0, 'away_moneyline': -105.0}]",-1.0
401310724,2021,8,regular,2021-10-23T23:00:00.000Z,Air Force,Mountain West,14.0,San Diego State,Mountain West,20.0,"[{'provider': 'Bovada', 'spread': -2.5, 'formatted_spread': 'Air Force -2.5', 'spread_open': -4.5, 'over_under': 39.0, 'over_under_open': 41.0, 'home_moneyline': -160.0, 'away_moneyline': 135.0}]",-2.5
401309574,2021,8,regular,2021-10-23T16:00:00.000Z,Bowling Green,Mid-American,24.0,Eastern Michigan,Mid-American,55.0,"[{'provider': 'Bovada', 'spread': 4.0, 'formatted_spread': 'Eastern Michigan -4.0', 'spread_open': 3.5, 'over_under': 49.5, 'over_under_open': 49.5, 'home_moneyline': 150.0, 'away_moneyline': -175.0}]",4.0
401309577,2021,8,regular,2021-10-23T16:00:00.000Z,Central Michigan,Mid-American,38.0,Northern Illinois,Mid-American,39.0,"[{'provider': 'Bovada', 'spread': -6.0, 'formatted_spread': 'Central Michigan -6.0', 'spread_open': -5.0, 'over_under': 56.0, 'over_under_open': 58.5, 'home_moneyline': -210.0, 'away_moneyline': 175.0}]",-6.0
401309576,2021,8,regular,2021-10-23T17:00:00.000Z,Ohio,Mid-American,27.0,Kent State,Mid-American,34.0,"[{'provider': 'Bovada', 'spread': 5.0, 'formatted_spread': 'Kent State -5.0', 'spread_open': 6.0, 'over_under': 68.5, 'over_under_open': 62.5, 'home_moneyline': 180.0, 'away_moneyline': -220.0}]",5.0
401309625,2021,8,regular,2021-10-23T18:00:00.000Z,Georgia State,Sun Belt,28.0,Texas State,Sun Belt,16.0,"[{'provider': 'Bovada', 'spread': -10.5, 'formatted_spread': 'Georgia State -10.5', 'spread_open': -10.0, 'over_under': 58.0, 'over_under_open': 61.0, 'home_moneyline': -415.0, 'away_moneyline': 310.0}]",-10.5
401310728,2021,8,regular,2021-10-24T03:59:00.000Z,Hawai'i,Mountain West,48.0,New Mexico State,FBS Independents,34.0,"[{'provider': 'Bovada', 'spread': -19.0, 'formatted_spread': ""Hawai'i -19.0"", 'spread_open': -18.0, 'over_under': 63.0, 'over_under_open': 60.0, 'home_moneyline': -1100.0, 'away_moneyline': 650.0}]",-19.0
401309575,2021,8,regular,2021-10-23T19:30:00.000Z,Akron,Mid-American,10.0,Buffalo,Mid-American,45.0,"[{'provider': 'Bovada', 'spread': 12.5, 'formatted_spread': 'Buffalo -12.5', 'spread_open': 11.0, 'over_under': 57.0, 'over_under_open': 57.0, 'home_moneyline': 340.0, 'away_moneyline': -460.0}]",12.5
401309878,2021,8,regular,2021-10-23T19:30:00.000Z,California,Pac-12,26.0,Colorado,Pac-12,3.0,"[{'provider': 'Bovada', 'spread': -8.0, 'formatted_spread': 'California -8.0', 'spread_open': -10.0, 'over_under': 44.0, 'over_under_open': 43.0, 'home_moneyline': -350.0, 'away_moneyline': 275.0}]",-8.0
401309881,2021,8,regular,2021-10-23T19:30:00.000Z,Washington State,Pac-12,19.0,BYU,FBS Independents,21.0,"[{'provider': 'Bovada', 'spread': 4.0, 'formatted_spread': 'BYU -4.0', 'spread_open': 1.0, 'over_under': 56.5, 'over_under_open': 53.0, 'home_moneyline': 155.0, 'away_moneyline': -180.0}]",4.0
401310726,2021,8,regular,2021-10-23T19:30:00.000Z,Wyoming,Mountain West,3.0,New Mexico,Mountain West,14.0,"[{'provider': 'Bovada', 'spread': -20.0, 'formatted_spread': 'Wyoming -20.0', 'spread_open': -19.0, 'over_under': 41.0, 'over_under_open': 40.0, 'home_moneyline': -1300.0, 'away_moneyline': 725.0}]",-20.0
401309626,2021,8,regular,2021-10-23T23:00:00.000Z,Louisiana Monroe,Sun Belt,41.0,South Alabama,Sun Belt,31.0,"[{'provider': 'Bovada', 'spread': 13.5, 'formatted_spread': 'South Alabama -13.5', 'spread_open': 13.5, 'over_under': 51.0, 'over_under_open': 51.0, 'home_moneyline': 395.0, 'away_moneyline': -555.0}]",13.5
401310727,2021,8,regular,2021-10-23T23:00:00.000Z,Fresno State,Mountain West,34.0,Nevada,Mountain West,32.0,"[{'provider': 'Bovada', 'spread': -3.5, 'formatted_spread': 'Fresno State -3.5', 'spread_open': -4.0, 'over_under': 64.0, 'over_under_open': 61.0, 'home_moneyline': -170.0, 'away_moneyline': 145.0}]",-3.5
401309880,2021,8,regular,2021-10-23T23:30:00.000Z,Oregon State,Pac-12,42.0,Utah,Pac-12,34.0,"[{'provider': 'Bovada', 'spread': 3.0, 'formatted_spread': 'Utah -3.0', 'spread_open': 3.5, 'over_under': 57.0, 'over_under_open': 56.0, 'home_moneyline': 135.0, 'away_moneyline': -160.0}]",3.0
401309627,2021,9,regular,2021-10-28T23:30:00.000Z,Coastal Carolina,Sun Belt,35.0,Troy,Sun Belt,28.0,"[{'provider': 'Bovada', 'spread': -17.0, 'formatted_spread': 'Coastal Carolina -17.0', 'spread_open': -18.5, 'over_under': 50.5, 'over_under_open': 52.0, 'home_moneyline': -1200.0, 'away_moneyline': 700.0}]",-17.0
401301030,2021,9,regular,2021-10-29T23:30:00.000Z,Tulsa,American Athletic,17.0,Navy,American Athletic,20.0,"[{'provider': 'Bovada', 'spread': -11.0, 'formatted_spread': 'Tulsa -11.0', 'spread_open': -10.0, 'over_under': 46.5, 'over_under_open': 48.0, 'home_moneyline': -435.0, 'away_moneyline': 325.0}]",-11.0
401282117,2021,9,regular,2021-10-30T19:30:00.000Z,Florida,SEC,7.0,Georgia,SEC,34.0,"[{'provider': 'Bovada', 'spread': 14.5, 'formatted_spread': 'Georgia -14.5', 'spread_open': 14.5, 'over_under': 51.0, 'over_under_open': 50.0, 'home_moneyline': 425.0, 'away_moneyline': -615.0}]",14.5
401287931,2021,9,regular,2021-10-30T19:30:00.000Z,Oklahoma,Big 12,52.0,Texas Tech,Big 12,21.0,"[{'provider': 'Bovada', 'spread': -19.0, 'formatted_spread': 'Oklahoma -19.0', 'spread_open': -19.0, 'over_under': 67.5, 'over_under_open': 68.5, 'home_moneyline': -1200.0, 'away_moneyline': 700.0}]",-19.0
401282814,2021,9,regular,2021-10-30T23:30:00.000Z,Ohio State,Big Ten,33.0,Penn State,Big Ten,24.0,"[{'provider': 'Bovada', 'spread': -19.5, 'formatted_spread': 'Ohio State -19.5', 'spread_open': -17.5, 'over_under': 60.5, 'over_under_open': 59.5, 'home_moneyline': -1200.0, 'away_moneyline': 700.0}]",-19.5
401282777,2021,9,regular,2021-10-30T16:00:00.000Z,Michigan State,Big Ten,37.0,Michigan,Big Ten,33.0,"[{'provider': 'Bovada', 'spread': 4.0, 'formatted_spread': 'Michigan -4.0', 'spread_open': 4.0, 'over_under': 50.0, 'over_under_open': 51.0, 'home_moneyline': 160.0, 'away_moneyline': -185.0}]",4.0
401282763,2021,9,regular,2021-10-30T16:00:00.000Z,Wisconsin,Big Ten,27.0,Iowa,Big Ten,7.0,"[{'provider': 'Bovada', 'spread': -3.0, 'formatted_spread': 'Wisconsin -3.0', 'spread_open': -3.5, 'over_under': 36.0, 'over_under_open': 37.0, 'home_moneyline': -160.0, 'away_moneyline': 135.0}]",-3.0
401282116,2021,9,regular,2021-10-30T23:00:00.000Z,Auburn,SEC,31.0,Ole Miss,SEC,20.0,"[{'provider': 'Bovada', 'spread': -3.0, 'formatted_spread': 'Auburn -3.0', 'spread_open': -1.0, 'over_under': 67.5, 'over_under_open': 66.5, 'home_moneyline': -145.0, 'away_moneyline': 125.0}]",-3.0
401282673,2021,9,regular,2021-10-30T23:30:00.000Z,Notre Dame,FBS Independents,44.0,North Carolina,ACC,34.0,"[{'provider': 'Bovada', 'spread': -3.5, 'formatted_spread': 'Notre Dame -3.5', 'spread_open': -3.5, 'over_under': 62.5, 'over_under_open': 62.5, 'home_moneyline': -175.0, 'away_moneyline': 150.0}]",-3.5
401282118,2021,9,regular,2021-10-30T23:00:00.000Z,Mississippi State,SEC,31.0,Kentucky,SEC,17.0,"[{'provider': 'Bovada', 'spread': -1.5, 'formatted_spread': 'Mississippi State -1.5', 'spread_open': 1.0, 'over_under': 47.0, 'over_under_open': 47.0, 'home_moneyline': -115.0, 'away_moneyline': -105.0}]",-1.5
401282676,2021,9,regular,2021-10-30T20:00:00.000Z,Wake Forest,ACC,45.0,Duke,ACC,7.0,"[{'provider': 'Bovada', 'spread': -16.5, 'formatted_spread': 'Wake Forest -16.5', 'spread_open': -16.0, 'over_under': 71.5, 'over_under_open': 69.0, 'home_moneyline': -800.0, 'away_moneyline': 525.0}]",-16.5
401287932,2021,9,regular,2021-10-30T23:00:00.000Z,Oklahoma State,Big 12,55.0,Kansas,Big 12,3.0,"[{'provider': 'Bovada', 'spread': -29.0, 'formatted_spread': 'Oklahoma State -29.0', 'spread_open': -31.0, 'over_under': 54.5, 'over_under_open': 57.5, 'home_moneyline': None, 'away_moneyline': None}]",-29.0
401287929,2021,9,regular,2021-10-30T16:00:00.000Z,Baylor,Big 12,31.0,Texas,Big 12,24.0,"[{'provider': 'Bovada', 'spread': -2.5, 'formatted_spread': 'Baylor -2.5', 'spread_open': -2.5, 'over_under': 62.0, 'over_under_open': 62.0, 'home_moneyline': -135.0, 'away_moneyline': 115.0}]",-2.5
401282674,2021,9,regular,2021-10-30T16:00:00.000Z,Pittsburgh,ACC,34.0,Miami,ACC,38.0,"[{'provider': 'Bovada', 'spread': -10.0, 'formatted_spread': 'Pittsburgh -10.0', 'spread_open': -11.5, 'over_under': 61.0, 'over_under_open': 62.0, 'home_moneyline': -370.0, 'away_moneyline': 285.0}]",-10.0
401287933,2021,9,regular,2021-10-30T18:00:00.000Z,West Virginia,Big 12,38.0,Iowa State,Big 12,31.0,"[{'provider': 'Bovada', 'spread': 7.5, 'formatted_spread': 'Iowa State -7.5', 'spread_open': 7.0, 'over_under': 49.0, 'over_under_open': 47.0, 'home_moneyline': 250.0, 'away_moneyline': -300.0}]",7.5
401282669,2021,9,regular,2021-10-31T02:15:00.000Z,BYU,FBS Independents,66.0,Virginia,ACC,49.0,"[{'provider': 'Bovada', 'spread': -2.5, 'formatted_spread': 'BYU -2.5', 'spread_open': -2.5, 'over_under': 66.0, 'over_under_open': 64.0, 'home_moneyline': -130.0, 'away_moneyline': 110.0}]",-2.5
401282671,2021,9,regular,2021-10-30T16:00:00.000Z,Georgia Tech,ACC,17.0,Virginia Tech,ACC,26.0,"[{'provider': 'Bovada', 'spread': -3.5, 'formatted_spread': 'Georgia Tech -3.5', 'spread_open': -3.5, 'over_under': 55.5, 'over_under_open': 55.0, 'home_moneyline': -180.0, 'away_moneyline': 155.0}]",-3.5
401282719,2021,9,regular,2021-10-30T16:00:00.000Z,Illinois,Big Ten,14.0,Rutgers,Big Ten,20.0,"[{'provider': 'Bovada', 'spread': 1.5, 'formatted_spread': 'Rutgers -1.5', 'spread_open': 0.0, 'over_under': 41.0, 'over_under_open': 42.0, 'home_moneyline': 105.0, 'away_moneyline': -125.0}]",1.5
401282726,2021,9,regular,2021-10-30T16:00:00.000Z,Maryland,Big Ten,38.0,Indiana,Big Ten,35.0,"[{'provider': 'Bovada', 'spread': -4.0, 'formatted_spread': 'Maryland -4.0', 'spread_open': -2.5, 'over_under': 48.0, 'over_under_open': 50.5, 'home_moneyline': -185.0, 'away_moneyline': 160.0}]",-4.0
401286297,2021,9,regular,2021-10-30T16:00:00.000Z,Liberty,FBS Independents,62.0,UMass,FBS Independents,17.0,"[{'provider': 'Bovada', 'spread': -35.5, 'formatted_spread': 'Liberty -35.5', 'spread_open': -36.5, 'over_under': 56.0, 'over_under_open': 60.0, 'home_moneyline': None, 'away_moneyline': None}]",-35.5
401301031,2021,9,regular,2021-10-30T16:00:00.000Z,Temple,American Athletic,7.0,UCF,American Athletic,49.0,"[{'provider': 'Bovada', 'spread': 12.0, 'formatted_spread': 'UCF -12.0', 'spread_open': 10.5, 'over_under': 52.0, 'over_under_open': 52.0, 'home_moneyline': 320.0, 'away_moneyline': -430.0}]",12.0
401282246,2021,9,regular,2021-10-30T18:00:00.000Z,Rice,Conference USA,24.0,North Texas,Conference USA,30.0,"[{'provider': 'Bovada', 'spread': -1.5, 'formatted_spread': 'Rice -1.5', 'spread_open': -2.0, 'over_under': 55.0, 'over_under_open': 55.0, 'home_moneyline': -120.0, 'away_moneyline': 110.0}]",-1.5
401282119,2021,9,regular,2021-10-30T19:00:00.000Z,Vanderbilt,SEC,28.0,Missouri,SEC,37.0,"[{'provider': 'Bovada', 'spread': 16.5, 'formatted_spread': 'Missouri -16.5', 'spread_open': 17.0, 'over_under': 62.5, 'over_under_open': 62.5, 'home_moneyline': 525.0, 'away_moneyline': -800.0}]",16.5
401282242,2021,9,regular,2021-10-30T19:30:00.000Z,Marshall,Conference USA,38.0,Florida International,Conference USA,0.0,"[{'provider': 'Bovada', 'spread': -21.5, 'formatted_spread': 'Marshall -21.5', 'spread_open': -22.0, 'over_under': 64.0, 'over_under_open': 66.0, 'home_moneyline': -1700.0, 'away_moneyline': 850.0}]",-21.5
401282244,2021,9,regular,2021-10-30T19:30:00.000Z,Old Dominion,Conference USA,23.0,Louisiana Tech,Conference USA,20.0,"[{'provider': 'Bovada', 'spread': 4.0, 'formatted_spread': 'Louisiana Tech -4.0', 'spread_open': 5.5, 'over_under': 52.0, 'over_under_open': 53.0, 'home_moneyline': 160.0, 'away_moneyline': -185.0}]",4.0
401411101,2022,1,regular,2022-09-06T00:00:00.000Z,Georgia Tech,ACC,10.0,Clemson,ACC,41.0,"[{'provider': 'Bovada', 'spread': 24.5, 'formatted_spread': 'Clemson -24.5', 'spread_open': 21.0, 'over_under': 51.5, 'over_under_open': 51.0, 'home_moneyline': 950.0, 'away_moneyline': -2000.0}]",24.5
401404079,2022,4,regular,2022-09-24T16:00:00.000Z,Kansas,Big 12,35.0,Duke,ACC,27.0,"[{'provider': 'Bovada', 'spread': -7.5, 'formatted_spread': 'Kansas -7.5', 'spread_open': -9.0, 'over_under': 66.0, 'over_under_open': 64.0, 'home_moneyline': -330.0, 'away_moneyline': 265.0}]",-7.5
401403893,2022,4,regular,2022-09-24T23:00:00.000Z,Texas A&M,SEC,23.0,Arkansas,SEC,21.0,"[{'provider': 'Bovada', 'spread': -1.0, 'formatted_spread': 'Texas A&M -1.0', 'spread_open': -2.0, 'over_under': 51.0, 'over_under_open': 48.0, 'home_moneyline': -135.0, 'away_moneyline': 115.0}]",-1.0
401404080,2022,4,regular,2022-09-24T16:00:00.000Z,Iowa State,Big 12,24.0,Baylor,Big 12,31.0,"[{'provider': 'Bovada', 'spread': -2.5, 'formatted_spread': 'Iowa State -2.5', 'spread_open': -1.0, 'over_under': 45.0, 'over_under_open': 44.5, 'home_moneyline': -140.0, 'away_moneyline': 120.0}]",-2.5
401404081,2022,4,regular,2022-09-25T00:00:00.000Z,Oklahoma,Big 12,34.0,Kansas State,Big 12,41.0,"[{'provider': 'Bovada', 'spread': -14.0, 'formatted_spread': 'Oklahoma -14.0', 'spread_open': -13.0, 'over_under': 53.0, 'over_under_open': 53.5, 'home_moneyline': -550.0, 'away_moneyline': 390.0}]",-14.0
401404082,2022,4,regular,2022-09-24T19:30:00.000Z,Texas Tech,Big 12,37.0,Texas,Big 12,34.0,"[{'provider': 'Bovada', 'spread': 7.0, 'formatted_spread': 'Texas -7.0', 'spread_open': 4.5, 'over_under': 60.0, 'over_under_open': 60.5, 'home_moneyline': 220.0, 'away_moneyline': -270.0}]",7.0
401415642,2022,8,regular,2022-10-22T23:30:00.000Z,East Carolina,American Athletic,34.0,UCF,American Athletic,13.0,"[{'provider': 'Bovada', 'spread': 6.0, 'formatted_spread': 'UCF -6.0', 'spread_open': 4.5, 'over_under': 63.0, 'over_under_open': 64.5, 'home_moneyline': 175.0, 'away_moneyline': -210.0}]",6.0
401416624,2022,8,regular,2022-10-22T18:00:00.000Z,Ball State,Mid-American,16.0,Eastern Michigan,Mid-American,20.0,"[{'provider': 'Bovada', 'spread': -2.5, 'formatted_spread': 'Ball State -2.5', 'spread_open': -3.0, 'over_under': 57.5, 'over_under_open': 57.5, 'home_moneyline': -135.0, 'away_moneyline': 115.0}]",-2.5
401416625,2022,8,regular,2022-10-22T18:00:00.000Z,Ohio,Mid-American,24.0,Northern Illinois,Mid-American,17.0,"[{'provider': 'Bovada', 'spread': 2.5, 'formatted_spread': 'Northern Illinois -2.5', 'spread_open': 1.5, 'over_under': 65.5, 'over_under_open': 65.5, 'home_moneyline': 120.0, 'away_moneyline': -140.0}]",2.5
401416626,2022,8,regular,2022-10-22T17:00:00.000Z,Buffalo,Mid-American,34.0,Toledo,Mid-American,27.0,"[{'provider': 'Bovada', 'spread': 7.0, 'formatted_spread': 'Toledo -7.0', 'spread_open': 7.5, 'over_under': 56.0, 'over_under_open': 62.0, 'home_moneyline': 250.0, 'away_moneyline': -300.0}]",7.0
401416627,2022,8,regular,2022-10-22T19:30:00.000Z,Miami (OH),Mid-American,10.0,Western Michigan,Mid-American,16.0,"[{'provider': 'Bovada', 'spread': -7.0, 'formatted_spread': 'Miami (OH) -7.0', 'spread_open': -5.5, 'over_under': 44.0, 'over_under_open': 45.5, 'home_moneyline': -230.0, 'away_moneyline': 190.0}]",-7.0
401416628,2022,8,regular,2022-10-22T16:00:00.000Z,Kent State,Mid-American,33.0,Akron,Mid-American,27.0,"[{'provider': 'Bovada', 'spread': -16.0, 'formatted_spread': 'Kent State -16.0', 'spread_open': -19.5, 'over_under': 65.0, 'over_under_open': 67.0, 'home_moneyline': -800.0, 'away_moneyline': 525.0}]",-16.0
401416629,2022,8,regular,2022-10-22T17:00:00.000Z,Central Michigan,Mid-American,18.0,Bowling Green,Mid-American,34.0,"[{'provider': 'Bovada', 'spread': -5.5, 'formatted_spread': 'Central Michigan -5.5', 'spread_open': -7.5, 'over_under': 51.0, 'over_under_open': 50.5, 'home_moneyline': -250.0, 'away_moneyline': 210.0}]",-5.5
401426355,2022,8,regular,2022-10-22T19:30:00.000Z,James Madison,Sun Belt,12.0,Marshall,Sun Belt,26.0,"[{'provider': 'Bovada', 'spread': -9.5, 'formatted_spread': 'James Madison -9.5', 'spread_open': -12.5, 'over_under': 48.5, 'over_under_open': 55.0, 'home_moneyline': -340.0, 'away_moneyline': 270.0}]",-9.5
401426357,2022,8,regular,2022-10-22T21:00:00.000Z,Louisiana,Sun Belt,38.0,Arkansas State,Sun Belt,18.0,"[{'provider': 'Bovada', 'spread': -6.0, 'formatted_spread': 'Louisiana -6.0', 'spread_open': -7.0, 'over_under': 51.5, 'over_under_open': 51.5, 'home_moneyline': -250.0, 'away_moneyline': 210.0}]",-6.0
401426358,2022,8,regular,2022-10-22T21:00:00.000Z,Texas State,Sun Belt,14.0,Southern Mississippi,Sun Belt,20.0,"[{'provider': 'Bovada', 'spread': 2.5, 'formatted_spread': 'Southern Mississippi -2.5', 'spread_open': 1.0, 'over_under': 43.0, 'over_under_open': 45.0, 'home_moneyline': 110.0, 'away_moneyline': -130.0}]",2.5
401404140,2022,8,regular,2022-10-22T16:00:00.000Z,Army,FBS Independents,48.0,Louisiana Monroe,Sun Belt,24.0,"[{'provider': 'Bovada', 'spread': -6.5, 'formatted_spread': 'Army -6.5', 'spread_open': -7.5, 'over_under': 56.0, 'over_under_open': 56.0, 'home_moneyline': -280.0, 'away_moneyline': 230.0}]",-6.5
401416633,2022,10,regular,2022-11-01T23:30:00.000Z,Ohio,Mid-American,45.0,Buffalo,Mid-American,24.0,"[{'provider': 'Bovada', 'spread': 2.5, 'formatted_spread': 'Buffalo -2.5', 'spread_open': 3.0, 'over_under': 61.5, 'over_under_open': 58.5, 'home_moneyline': 130.0, 'away_moneyline': -150.0}]",2.5
401416634,2022,10,regular,2022-11-02T23:00:00.000Z,Northern Illinois,Mid-American,22.0,Central Michigan,Mid-American,35.0,"[{'provider': 'Bovada', 'spread': -4.5, 'formatted_spread': 'Northern Illinois -4.5', 'spread_open': -4.0, 'over_under': 54.0, 'over_under_open': 55.5, 'home_moneyline': -210.0, 'away_moneyline': 175.0}]",-4.5
401403917,2022,7,regular,2022-10-15T23:00:00.000Z,Florida,SEC,35.0,LSU,SEC,45.0,"[{'provider': 'Bovada', 'spread': -2.0, 'formatted_spread': 'Florida -2.0', 'spread_open': -3.0, 'over_under': 51.5, 'over_under_open': 51.5, 'home_moneyline': -135.0, 'away_moneyline': 115.0}]",-2.0
401403920,2022,7,regular,2022-10-15T16:00:00.000Z,Ole Miss,SEC,48.0,Auburn,SEC,34.0,"[{'provider': 'Bovada', 'spread': -15.5, 'formatted_spread': 'Ole Miss -15.5', 'spread_open': -15.5, 'over_under': 55.0, 'over_under_open': 54.5, 'home_moneyline': -700.0, 'away_moneyline': 475.0}]",-15.5
401403986,2022,3,regular,2022-09-18T03:00:00.000Z,Arizona State,Pac-12,21.0,Eastern Michigan,Mid-American,30.0,"[{'provider': 'Bovada', 'spread': -20.5, 'formatted_spread': 'Arizona State -20.5', 'spread_open': -19.5, 'over_under': 56.5, 'over_under_open': 57.5, 'home_moneyline': -1300.0, 'away_moneyline': 725.0}]",-20.5
401403987,2022,3,regular,2022-09-17T18:30:00.000Z,Notre Dame,FBS Independents,24.0,California,Pac-12,17.0,"[{'provider': 'Bovada', 'spread': -13.5, 'formatted_spread': 'Notre Dame -13.5', 'spread_open': -12.5, 'over_under': 41.0, 'over_under_open': 43.0, 'home_moneyline': -480.0, 'away_moneyline': 350.0}]",-13.5
401403988,2022,3,regular,2022-09-17T19:30:00.000Z,Minnesota,Big Ten,49.0,Colorado,Pac-12,7.0,"[{'provider': 'Bovada', 'spread': -28.0, 'formatted_spread': 'Minnesota -28.0', 'spread_open': -27.0, 'over_under': 47.5, 'over_under_open': 46.5, 'home_moneyline': -6500.0, 'away_moneyline': 1350.0}]",-28.0
401405088,2022,3,regular,2022-09-17T23:00:00.000Z,Ohio State,Big Ten,77.0,Toledo,Mid-American,21.0,"[{'provider': 'Bovada', 'spread': -32.0, 'formatted_spread': 'Ohio State -32.0', 'spread_open': -31.5, 'over_under': 63.0, 'over_under_open': 61.0, 'home_moneyline': None, 'away_moneyline': None}]",-32.0
401405089,2022,3,regular,2022-09-17T18:00:00.000Z,Temple,American Athletic,14.0,Rutgers,Big Ten,16.0,"[{'provider': 'Bovada', 'spread': 18.0, 'formatted_spread': 'Rutgers -18.0', 'spread_open': 17.0, 'over_under': 43.0, 'over_under_open': 44.5, 'home_moneyline': 625.0, 'away_moneyline': -1000.0}]",18.0
401411113,2022,3,regular,2022-09-17T18:00:00.000Z,Virginia,ACC,16.0,Old Dominion,Sun Belt,14.0,"[{'provider': 'Bovada', 'spread': -8.0, 'formatted_spread': 'Virginia -8.0', 'spread_open': -10.5, 'over_under': 52.0, 'over_under_open': 53.0, 'home_moneyline': -330.0, 'away_moneyline': 265.0}]",-8.0
401411115,2022,3,regular,2022-09-17T23:30:00.000Z,Western Michigan,Mid-American,13.0,Pittsburgh,ACC,34.0,"[{'provider': 'Bovada', 'spread': 10.5, 'formatted_spread': 'Pittsburgh -10.5', 'spread_open': 10.0, 'over_under': 46.0, 'over_under_open': 54.5, 'home_moneyline': 315.0, 'away_moneyline': -420.0}]",10.5
401415029,2022,3,regular,2022-09-17T21:00:00.000Z,Bowling Green,Mid-American,34.0,Marshall,Sun Belt,31.0,"[{'provider': 'Bovada', 'spread': 17.0, 'formatted_spread': 'Marshall -17.0', 'spread_open': 18.5, 'over_under': 50.0, 'over_under_open': 53.5, 'home_moneyline': 500.0, 'away_moneyline': -750.0}]",17.0
401415217,2022,3,regular,2022-09-17T00:00:00.000Z,Wyoming,Mountain West,17.0,Air Force,Mountain West,14.0,"[{'provider': 'Bovada', 'spread': 17.0, 'formatted_spread': 'Air Force -17.0', 'spread_open': 15.0, 'over_under': 47.0, 'over_under_open': 50.0, 'home_moneyline': 500.0, 'away_moneyline': -750.0}]",17.0
401415622,2022,3,regular,2022-09-17T23:00:00.000Z,Memphis,American Athletic,44.0,Arkansas State,Sun Belt,32.0,"[{'provider': 'Bovada', 'spread': -14.5, 'formatted_spread': 'Memphis -14.5', 'spread_open': -13.5, 'over_under': 64.0, 'over_under_open': 62.0, 'home_moneyline': -600.0, 'away_moneyline': 425.0}]",-14.5
401416601,2022,3,regular,2022-09-17T17:00:00.000Z,Coastal Carolina,Sun Belt,38.0,Buffalo,Mid-American,26.0,"[{'provider': 'Bovada', 'spread': -11.5, 'formatted_spread': 'Coastal Carolina -11.5', 'spread_open': -18.5, 'over_under': 60.0, 'over_under_open': 58.0, 'home_moneyline': -500.0, 'away_moneyline': 360.0}]",-11.5
401426333,2022,3,regular,2022-09-17T19:30:00.000Z,Appalachian State,Sun Belt,32.0,Troy,Sun Belt,28.0,"[{'provider': 'Bovada', 'spread': -14.0, 'formatted_spread': 'Appalachian State -14.0', 'spread_open': -13.0, 'over_under': 52.0, 'over_under_open': 54.5, 'home_moneyline': -550.0, 'away_moneyline': 390.0}]",-14.0
401426554,2022,3,regular,2022-09-17T23:00:00.000Z,Georgia State,Sun Belt,41.0,Charlotte,Conference USA,42.0,"[{'provider': 'Bovada', 'spread': -19.5, 'formatted_spread': 'Georgia State -19.5', 'spread_open': -19.5, 'over_under': 64.0, 'over_under_open': 60.5, 'home_moneyline': -1500.0, 'away_moneyline': 775.0}]",-19.5
401426555,2022,3,regular,2022-09-17T23:30:00.000Z,Florida Atlantic,Conference USA,14.0,UCF,American Athletic,40.0,"[{'provider': 'Bovada', 'spread': 7.5, 'formatted_spread': 'UCF -7.5', 'spread_open': 9.5, 'over_under': 61.5, 'over_under_open': 58.5, 'home_moneyline': 240.0, 'away_moneyline': -290.0}]",7.5
401426556,2022,3,regular,2022-09-18T00:00:00.000Z,Clemson,ACC,48.0,Louisiana Tech,Conference USA,20.0,"[{'provider': 'Bovada', 'spread': -33.5, 'formatted_spread': 'Clemson -33.5', 'spread_open': -32.0, 'over_under': 54.0, 'over_under_open': 54.5, 'home_moneyline': None, 'away_moneyline': None}]",-33.5
401426558,2022,3,regular,2022-09-17T19:00:00.000Z,UNLV,Mountain West,58.0,North Texas,Conference USA,27.0,"[{'provider': 'Bovada', 'spread': -2.5, 'formatted_spread': 'UNLV -2.5', 'spread_open': -2.5, 'over_under': 62.5, 'over_under_open': 57.5, 'home_moneyline': -135.0, 'away_moneyline': 115.0}]",-2.5
401426559,2022,3,regular,2022-09-17T23:30:00.000Z,Rice,Conference USA,33.0,Louisiana,Sun Belt,21.0,"[{'provider': 'Bovada', 'spread': 11.5, 'formatted_spread': 'Louisiana -11.5', 'spread_open': 11.5, 'over_under': 52.0, 'over_under_open': 53.0, 'home_moneyline': 315.0, 'away_moneyline': -420.0}]",11.5
401426560,2022,3,regular,2022-09-17T19:30:00.000Z,UAB,Conference USA,35.0,Georgia Southern,Sun Belt,21.0,"[{'provider': 'Bovada', 'spread': -11.5, 'formatted_spread': 'UAB -11.5', 'spread_open': -12.0, 'over_under': 59.5, 'over_under_open': 56.0, 'home_moneyline': -440.0, 'away_moneyline': 330.0}]",-11.5
401426604,2022,11,regular,2022-11-13T00:00:00.000Z,Florida International,Conference USA,7.0,Florida Atlantic,Conference USA,52.0,"[{'provider': 'Bovada', 'spread': 15.0, 'formatted_spread': 'Florida Atlantic -15.0', 'spread_open': 15.0, 'over_under': 54.5, 'over_under_open': 54.0, 'home_moneyline': 500.0, 'away_moneyline': -750.0}]",15.0
401426365,2022,10,regular,2022-11-05T20:00:00.000Z,Georgia Southern,Sun Belt,31.0,South Alabama,Sun Belt,38.0,"[{'provider': 'Bovada', 'spread': 3.5, 'formatted_spread': 'South Alabama -3.5', 'spread_open': 5.0, 'over_under': 60.5, 'over_under_open': 60.0, 'home_moneyline': 170.0, 'away_moneyline': -200.0}]",3.5
401426366,2022,10,regular,2022-11-05T18:00:00.000Z,Old Dominion,Sun Belt,0.0,Marshall,Sun Belt,12.0,"[{'provider': 'Bovada', 'spread': 3.5, 'formatted_spread': 'Marshall -3.5', 'spread_open': 2.5, 'over_under': 46.5, 'over_under_open': 46.0, 'home_moneyline': 115.0, 'away_moneyline': -135.0}]",3.5
401426367,2022,10,regular,2022-11-05T21:00:00.000Z,Louisiana,Sun Belt,17.0,Troy,Sun Belt,23.0,"[{'provider': 'Bovada', 'spread': 3.5, 'formatted_spread': 'Troy -3.5', 'spread_open': 4.0, 'over_under': 42.5, 'over_under_open': 43.0, 'home_moneyline': 155.0, 'away_moneyline': -180.0}]",3.5
401426368,2022,10,regular,2022-11-05T21:00:00.000Z,Louisiana Monroe,Sun Belt,31.0,Texas State,Sun Belt,30.0,"[{'provider': 'Bovada', 'spread': -2.5, 'formatted_spread': 'Louisiana Monroe -2.5', 'spread_open': 0.0, 'over_under': 52.5, 'over_under_open': 52.0, 'home_moneyline': None, 'away_moneyline': -120.0}]",-2.5
401426369,2022,10,regular,2022-11-05T19:00:00.000Z,Southern Mississippi,Sun Belt,14.0,Georgia State,Sun Belt,42.0,"[{'provider': 'Bovada', 'spread': -2.5, 'formatted_spread': 'Southern Mississippi -2.5', 'spread_open': -2.5, 'over_under': 48.0, 'over_under_open': 50.5, 'home_moneyline': -135.0, 'away_moneyline': 115.0}]",-2.5
401403914,2022,6,regular,2022-10-08T16:00:00.000Z,Mississippi State,SEC,40.0,Arkansas,SEC,17.0,"[{'provider': 'Bovada', 'spread': -8.5, 'formatted_spread': 'Mississippi State -8.5', 'spread_open': -6.0, 'over_under': 55.5, 'over_under_open': 62.0, 'home_moneyline': -320.0, 'away_moneyline': 260.0}]",-8.5
401411114,2022,3,regular,2022-09-17T15:00:00.000Z,Virginia Tech,ACC,27.0,Wofford,Southern,7.0,"[{'provider': 'Bovada', 'spread': -39.0, 'formatted_spread': 'Virginia Tech -39.0', 'spread_open': -37.0, 'over_under': 45.0, 'over_under_open': 45.0, 'home_moneyline': None, 'away_moneyline': None}]",-39.0
401411163,2022,11,regular,2022-11-12T17:00:00.000Z,Virginia,ACC,7.0,Pittsburgh,ACC,37.0,"[{'provider': 'Bovada', 'spread': 5.5, 'formatted_spread': 'Pittsburgh -5.5', 'spread_open': 4.5, 'over_under': 41.5, 'over_under_open': 41.5, 'home_moneyline': 170.0, 'away_moneyline': -200.0}]",5.5
401416645,2022,12,regular,2022-11-17T01:00:00.000Z,Central Michigan,Mid-American,10.0,Western Michigan,Mid-American,12.0,"[{'provider': 'Bovada', 'spread': -10.0, 'formatted_spread': 'Central Michigan -10.0', 'spread_open': -9.5, 'over_under': 49.0, 'over_under_open': 50.0, 'home_moneyline': -380.0, 'away_moneyline': 290.0}]",-10.0
401413335,2022,3,regular,2022-09-17T17:00:00.000Z,Indiana State,MVFC,14.0,Montana,Big Sky,49.0,"[{'provider': 'Bovada', 'spread': 25.0, 'formatted_spread': 'Montana -25.0', 'spread_open': 25.0, 'over_under': 39.0, 'over_under_open': 39.0, 'home_moneyline': None, 'away_moneyline': None}]",25.0
401423413,2022,3,regular,2022-09-17T17:00:00.000Z,Stetson,Pioneer,14.0,Princeton,Ivy,39.0,"[{'provider': 'Bovada', 'spread': 33.5, 'formatted_spread': 'Princeton -33.5', 'spread_open': 33.5, 'over_under': 56.0, 'over_under_open': 56.0, 'home_moneyline': None, 'away_moneyline': None}]",33.5
401424404,2022,3,regular,2022-09-17T17:00:00.000Z,Monmouth,CAA,45.0,Georgetown,Patriot,6.0,"[{'provider': 'Bovada', 'spread': -17.5, 'formatted_spread': 'Monmouth -17.5', 'spread_open': -17.5, 'over_under': 55.0, 'over_under_open': 55.0, 'home_moneyline': None, 'away_moneyline': None}]",-17.5
401424424,2022,3,regular,2022-09-17T17:00:00.000Z,Rhode Island,CAA,21.0,Delaware,CAA,42.0,"[{'provider': 'Bovada', 'spread': -3.0, 'formatted_spread': 'Rhode Island -3.0', 'spread_open': -3.0, 'over_under': 44.0, 'over_under_open': 43.0, 'home_moneyline': None, 'away_moneyline': None}]",-3.0
401424425,2022,3,regular,2022-09-17T17:00:00.000Z,Fordham,Patriot,48.0,Albany,CAA,45.0,"[{'provider': 'Bovada', 'spread': -7.5, 'formatted_spread': 'Fordham -7.5', 'spread_open': -7.5, 'over_under': 61.0, 'over_under_open': 61.0, 'home_moneyline': None, 'away_moneyline': None}]",-7.5
401415404,2022,3,regular,2022-09-17T17:30:00.000Z,VMI,Southern,22.0,Cornell,Ivy,28.0,"[{'provider': 'Bovada', 'spread': -14.5, 'formatted_spread': 'VMI -14.5', 'spread_open': -15.0, 'over_under': 54.5, 'over_under_open': 54.5, 'home_moneyline': None, 'away_moneyline': None}]",-14.5
401404131,2022,11,regular,2022-11-12T17:00:00.000Z,Navy,American Athletic,32.0,Notre Dame,FBS Independents,35.0,"[{'provider': 'Bovada', 'spread': 17.0, 'formatted_spread': 'Notre Dame -17.0', 'spread_open': 17.0, 'over_under': 40.5, 'over_under_open': 42.5, 'home_moneyline': 575.0, 'away_moneyline': -900.0}]",17.0
401403853,2022,1,regular,2022-08-28T02:30:00.000Z,Hawai'i,Mountain West,10.0,Vanderbilt,SEC,63.0,"[{'provider': 'Bovada', 'spread': 9.5, 'formatted_spread': 'Vanderbilt -9.5', 'spread_open': 4.5, 'over_under': 54.5, 'over_under_open': 55.0, 'home_moneyline': 250.0, 'away_moneyline': -300.0}]",9.5
401404146,2022,1,regular,2022-08-27T20:00:00.000Z,Utah State,Mountain West,31.0,Connecticut,FBS Independents,20.0,"[{'provider': 'Bovada', 'spread': -23.0, 'formatted_spread': 'Utah State -23.0', 'spread_open': -25.0, 'over_under': 59.0, 'over_under_open': 60.5, 'home_moneyline': None, 'away_moneyline': None}]",-23.0
401405058,2022,1,regular,2022-08-27T20:00:00.000Z,Illinois,Big Ten,38.0,Wyoming,Mountain West,6.0,"[{'provider': 'Bovada', 'spread': -14.0, 'formatted_spread': 'Illinois -14.0', 'spread_open': -9.5, 'over_under': 43.0, 'over_under_open': 46.5, 'home_moneyline': -400.0, 'away_moneyline': 300.0}]",-14.0
401404046,2022,13,regular,2022-11-25T21:30:00.000Z,California,Pac-12,28.0,UCLA,Pac-12,35.0,"[{'provider': 'Bovada', 'spread': 11.5, 'formatted_spread': 'UCLA -11.5', 'spread_open': 10.5, 'over_under': 63.0, 'over_under_open': 61.0, 'home_moneyline': 280.0, 'away_moneyline': -360.0}]",11.5
401403958,2022,13,regular,2022-11-26T00:30:00.000Z,Florida State,ACC,45.0,Florida,SEC,38.0,"[{'provider': 'Bovada', 'spread': -10.0, 'formatted_spread': 'Florida State -10.0', 'spread_open': -10.0, 'over_under': 58.0, 'over_under_open': 58.5, 'home_moneyline': -360.0, 'away_moneyline': 280.0}]",-10.0
401437036,2022,14,regular,2022-12-03T21:00:00.000Z,Georgia,SEC,50.0,LSU,SEC,30.0,"[{'provider': 'Bovada', 'spread': -17.0, 'formatted_spread': 'Georgia -17.0', 'spread_open': -15.0, 'over_under': 52.0, 'over_under_open': 50.5, 'home_moneyline': -900.0, 'away_moneyline': 575.0}]",-17.0
401437009,2022,14,regular,2022-12-04T01:00:00.000Z,North Carolina,ACC,10.0,Clemson,ACC,39.0,"[{'provider': 'Bovada', 'spread': 7.0, 'formatted_spread': 'Clemson -7.0', 'spread_open': 7.5, 'over_under': 64.0, 'over_under_open': 62.0, 'home_moneyline': 255.0, 'away_moneyline': -310.0}]",7.0
401405059,2022,1,regular,2022-08-27T16:30:00.000Z,Northwestern,Big Ten,31.0,Nebraska,Big Ten,28.0,"[{'provider': 'Bovada', 'spread': 13.0, 'formatted_spread': 'Nebraska -13', 'spread_open': 10.0, 'over_under': 52.0, 'over_under_open': 52.0, 'home_moneyline': -450.0, 'away_moneyline': 335.0}]",13.0
401415186,2022,3,regular,2022-09-17T16:30:00.000Z,Brown,Ivy,44.0,Bryant,Big South,38.0,"[{'provider': 'Bovada', 'spread': 3.5, 'formatted_spread': 'Bryant -3.5', 'spread_open': 3.0, 'over_under': 68.0, 'over_under_open': 68.0, 'home_moneyline': None, 'away_moneyline': None}]",3.5
401418603,2022,3,regular,2022-09-17T17:30:00.000Z,Dartmouth,Ivy,35.0,Valparaiso,Pioneer,13.0,"[{'provider': 'Bovada', 'spread': -32.5, 'formatted_spread': 'Dartmouth -32.5', 'spread_open': -32.5, 'over_under': 48.5, 'over_under_open': 49.5, 'home_moneyline': None, 'away_moneyline': None}]",-32.5
401420779,2022,3,regular,2022-09-17T16:00:00.000Z,Morgan State,MEAC,24.0,Sacred Heart,NEC,9.0,"[{'provider': 'Bovada', 'spread': 15.0, 'formatted_spread': 'Sacred Heart -15.0', 'spread_open': 15.0, 'over_under': 32.5, 'over_under_open': 32.5, 'home_moneyline': None, 'away_moneyline': None}]",15.0
401415264,2022,12,regular,2022-11-19T02:45:00.000Z,New Mexico,Mountain West,10.0,San Diego State,Mountain West,34.0,"[{'provider': 'Bovada', 'spread': 14.5, 'formatted_spread': 'San Diego State -14.5', 'spread_open': 14.5, 'over_under': 36.0, 'over_under_open': 39.5, 'home_moneyline': 430.0, 'away_moneyline': -625.0}]",14.5
401413213,2022,1,regular,2022-08-27T19:30:00.000Z,Jacksonville State,Atlantic Sun,42.0,Stephen F. Austin,Western Athletic,17.0,"[{'provider': 'Bovada', 'spread': 8.0, 'formatted_spread': 'Stephen F. Austin -8.0', 'spread_open': 6.5, 'over_under': 55.0, 'over_under_open': 51.0, 'home_moneyline': None, 'away_moneyline': None}]",8.0
401422922,2022,1,regular,2022-08-27T23:00:00.000Z,Mercer,Southern,63.0,Morehead State,Pioneer,13.0,"[{'provider': 'Bovada', 'spread': -27.5, 'formatted_spread': 'Mercer -27.5', 'spread_open': -28.5, 'over_under': 58.0, 'over_under_open': 60.5, 'home_moneyline': None, 'away_moneyline': None}]",-27.5
401423448,2022,1,regular,2022-08-27T23:00:00.000Z,Alabama State,SWAC,23.0,Howard,MEAC,13.0,"[{'provider': 'Bovada', 'spread': -2.0, 'formatted_spread': 'Alabama State -2.0', 'spread_open': -2.5, 'over_under': 54.0, 'over_under_open': 53.5, 'home_moneyline': None, 'away_moneyline': None}]",-2.0
401409235,2022,1,regular,2022-08-28T02:00:00.000Z,New Mexico State,FBS Independents,12.0,Nevada,Mountain West,23.0,"[{'provider': 'Bovada', 'spread': 7.5, 'formatted_spread': 'Nevada -7.5', 'spread_open': 14.0, 'over_under': 48.0, 'over_under_open': 55.5, 'home_moneyline': 270.0, 'away_moneyline': -340.0}]",7.5
401426530,2022,1,regular,2022-08-27T23:00:00.000Z,Florida Atlantic,Conference USA,43.0,Charlotte,Conference USA,13.0,"[{'provider': 'Bovada', 'spread': -7.0, 'formatted_spread': 'Florida Atlantic -7.0', 'spread_open': -5.5, 'over_under': 60.0, 'over_under_open': 57.5, 'home_moneyline': -300.0, 'away_moneyline': 250.0}]",-7.0
401426531,2022,1,regular,2022-08-28T01:00:00.000Z,UTEP,Conference USA,13.0,North Texas,Conference USA,31.0,"[{'provider': 'Bovada', 'spread': 1.5, 'formatted_spread': 'North Texas -1.5', 'spread_open': 3.0, 'over_under': 54.0, 'over_under_open': 57.0, 'home_moneyline': 105.0, 'away_moneyline': -125.0}]",1.5
401404109,2022,11,regular,2022-11-13T00:00:00.000Z,Baylor,Big 12,3.0,Kansas State,Big 12,31.0,"[{'provider': 'Bovada', 'spread': -2.5, 'formatted_spread': 'Baylor -2.5', 'spread_open': -3.5, 'over_under': 52.5, 'over_under_open': 53.5, 'home_moneyline': -140.0, 'away_moneyline': 120.0}]",-2.5
401404110,2022,11,regular,2022-11-12T20:30:00.000Z,Oklahoma State,Big 12,20.0,Iowa State,Big 12,14.0,"[{'provider': 'Bovada', 'spread': 3.0, 'formatted_spread': 'Iowa State -3.0', 'spread_open': 2.5, 'over_under': 47.5, 'over_under_open': 47.5, 'home_moneyline': 115.0, 'away_moneyline': -135.0}]",3.0
401404112,2022,11,regular,2022-11-12T17:00:00.000Z,West Virginia,Big 12,23.0,Oklahoma,Big 12,20.0,"[{'provider': 'Bovada', 'spread': 8.5, 'formatted_spread': 'Oklahoma -8.5', 'spread_open': 8.0, 'over_under': 68.5, 'over_under_open': 66.0, 'home_moneyline': 255.0, 'away_moneyline': None}]",8.5
401404113,2022,11,regular,2022-11-13T00:30:00.000Z,Texas,Big 12,10.0,TCU,Big 12,17.0,"[{'provider': 'Bovada', 'spread': -7.5, 'formatted_spread': 'Texas -7.5', 'spread_open': -7.0, 'over_under': 65.5, 'over_under_open': 65.5, 'home_moneyline': -290.0, 'away_moneyline': 240.0}]",-7.5
401405093,2022,4,regular,2022-09-24T23:30:00.000Z,Northwestern,Big Ten,14.0,Miami (OH),Mid-American,17.0,"[{'provider': 'Bovada', 'spread': -7.5, 'formatted_spread': 'Northwestern -7.5', 'spread_open': -6.5, 'over_under': 50.0, 'over_under_open': 50.5, 'home_moneyline': -260.0, 'away_moneyline': 215.0}]",-7.5
401405095,2022,4,regular,2022-09-24T23:30:00.000Z,Ohio State,Big Ten,52.0,Wisconsin,Big Ten,21.0,"[{'provider': 'Bovada', 'spread': -19.0, 'formatted_spread': 'Ohio State -19.0', 'spread_open': -18.0, 'over_under': 57.0, 'over_under_open': 57.0, 'home_moneyline': -1200.0, 'away_moneyline': 700.0}]",-19.0
401415254,2022,10,regular,2022-11-05T23:00:00.000Z,San Diego State,Mountain West,14.0,UNLV,Mountain West,10.0,"[{'provider': 'Bovada', 'spread': -5.0, 'formatted_spread': 'San Diego State -5.0', 'spread_open': -6.5, 'over_under': 47.0, 'over_under_open': 48.0, 'home_moneyline': -250.0, 'away_moneyline': 210.0}]",-5.0
401415648,2022,10,regular,2022-11-05T18:00:00.000Z,Temple,American Athletic,54.0,South Florida,American Athletic,28.0,"[{'provider': 'Bovada', 'spread': 3.5, 'formatted_spread': 'South Florida -3.5', 'spread_open': 3.5, 'over_under': 49.0, 'over_under_open': 51.5, 'home_moneyline': 150.0, 'away_moneyline': -175.0}]",3.5
401415649,2022,10,regular,2022-11-05T16:00:00.000Z,Tulsa,American Athletic,13.0,Tulane,American Athletic,27.0,"[{'provider': 'Bovada', 'spread': 6.5, 'formatted_spread': 'Tulane -6.5', 'spread_open': 8.5, 'over_under': 55.5, 'over_under_open': 58.5, 'home_moneyline': 250.0, 'away_moneyline': -300.0}]",6.5
401404024,2022,9,regular,2022-10-29T19:30:00.000Z,California,Pac-12,24.0,Oregon,Pac-12,42.0,"[{'provider': 'Bovada', 'spread': 17.0, 'formatted_spread': 'Oregon -17.0', 'spread_open': 15.0, 'over_under': 56.5, 'over_under_open': 57.0, 'home_moneyline': 525.0, 'away_moneyline': -800.0}]",17.0
401403899,2022,4,regular,2022-09-24T16:00:00.000Z,Mississippi State,SEC,45.0,Bowling Green,Mid-American,14.0,"[{'provider': 'Bovada', 'spread': -31.0, 'formatted_spread': 'Mississippi State -31.0', 'spread_open': -29.0, 'over_under': 53.0, 'over_under_open': 56.5, 'home_moneyline': None, 'away_moneyline': None}]",-31.0
401403901,2022,4,regular,2022-09-24T19:30:00.000Z,Tennessee,SEC,38.0,Florida,SEC,33.0,"[{'provider': 'Bovada', 'spread': -11.5, 'formatted_spread': 'Tennessee -11.5', 'spread_open': -9.5, 'over_under': 62.0, 'over_under_open': 63.5, 'home_moneyline': -400.0, 'away_moneyline': 300.0}]",-11.5
401403996,2022,4,regular,2022-09-24T21:30:00.000Z,California,Pac-12,49.0,Arizona,Pac-12,31.0,"[{'provider': 'Bovada', 'spread': -3.5, 'formatted_spread': 'California -3.5', 'spread_open': -4.0, 'over_under': 50.5, 'over_under_open': 48.0, 'home_moneyline': -160.0, 'away_moneyline': 135.0}]",-3.5
401403997,2022,4,regular,2022-09-25T02:30:00.000Z,Arizona State,Pac-12,13.0,Utah,Pac-12,34.0,"[{'provider': 'Bovada', 'spread': 17.0, 'formatted_spread': 'Utah -17.0', 'spread_open': 16.0, 'over_under': 53.5, 'over_under_open': 52.0, 'home_moneyline': 430.0, 'away_moneyline': -625.0}]",17.0
401403998,2022,4,regular,2022-09-24T18:00:00.000Z,Colorado,Pac-12,17.0,UCLA,Pac-12,45.0,"[{'provider': 'Bovada', 'spread': 22.5, 'formatted_spread': 'UCLA -22.5', 'spread_open': 21.0, 'over_under': 57.0, 'over_under_open': 58.0, 'home_moneyline': 800.0, 'away_moneyline': -1600.0}]",22.5
401403999,2022,4,regular,2022-09-24T20:00:00.000Z,Washington State,Pac-12,41.0,Oregon,Pac-12,44.0,"[{'provider': 'Bovada', 'spread': 6.5, 'formatted_spread': 'Oregon -6.5', 'spread_open': 6.0, 'over_under': 57.0, 'over_under_open': 53.5, 'home_moneyline': 195.0, 'away_moneyline': -235.0}]",6.5
401404000,2022,4,regular,2022-09-25T01:30:00.000Z,Oregon State,Pac-12,14.0,USC,Pac-12,17.0,"[{'provider': 'Bovada', 'spread': 6.0, 'formatted_spread': 'USC -6.0', 'spread_open': 7.0, 'over_under': 70.0, 'over_under_open': 68.0, 'home_moneyline': 220.0, 'away_moneyline': -270.0}]",6.0
401404001,2022,4,regular,2022-09-25T02:30:00.000Z,Washington,Pac-12,40.0,Stanford,Pac-12,22.0,"[{'provider': 'Bovada', 'spread': -14.0, 'formatted_spread': 'Washington -14.0', 'spread_open': -11.5, 'over_under': 62.0, 'over_under_open': 61.0, 'home_moneyline': -550.0, 'away_moneyline': 390.0}]",-14.0
401405096,2022,4,regular,2022-09-24T19:30:00.000Z,Cincinnati,American Athletic,45.0,Indiana,Big Ten,24.0,"[{'provider': 'Bovada', 'spread': -16.5, 'formatted_spread': 'Cincinnati -16.5', 'spread_open': -14.0, 'over_under': 57.0, 'over_under_open': 54.5, 'home_moneyline': -800.0, 'away_moneyline': 525.0}]",-16.5
401405097,2022,4,regular,2022-09-24T16:00:00.000Z,Michigan,Big Ten,34.0,Maryland,Big Ten,27.0,"[{'provider': 'Bovada', 'spread': -17.0, 'formatted_spread': 'Michigan -17.0', 'spread_open': -17.5, 'over_under': 66.0, 'over_under_open': 62.5, 'home_moneyline': -850.0, 'away_moneyline': 550.0}]",-17.0
401405098,2022,4,regular,2022-09-24T16:00:00.000Z,Penn State,Big Ten,33.0,Central Michigan,Mid-American,14.0,"[{'provider': 'Bovada', 'spread': -28.0, 'formatted_spread': 'Penn State -28.0', 'spread_open': -26.0, 'over_under': 61.5, 'over_under_open': 61.0, 'home_moneyline': -5000.0, 'away_moneyline': 1300.0}]",-28.0
401409237,2022,4,regular,2022-09-25T00:00:00.000Z,New Mexico State,FBS Independents,45.0,Hawai'i,Mountain West,26.0,"[{'provider': 'Bovada', 'spread': -4.5, 'formatted_spread': 'New Mexico State -4.5', 'spread_open': -2.0, 'over_under': 53.0, 'over_under_open': 55.0, 'home_moneyline': -200.0, 'away_moneyline': 170.0}]",-4.5
401411118,2022,4,regular,2022-09-25T00:00:00.000Z,Florida State,ACC,44.0,Boston College,ACC,14.0,"[{'provider': 'Bovada', 'spread': -18.5, 'formatted_spread': 'Florida State -18.5', 'spread_open': -16.5, 'over_under': 49.0, 'over_under_open': 48.5, 'home_moneyline': -1100.0, 'away_moneyline': 650.0}]",-18.5
401426334,2022,4,regular,2022-09-22T23:30:00.000Z,Georgia State,Sun Belt,24.0,Coastal Carolina,Sun Belt,41.0,"[{'provider': 'Bovada', 'spread': 2.5, 'formatted_spread': 'Coastal Carolina -2.5', 'spread_open': 1.5, 'over_under': 63.5, 'over_under_open': 64.0, 'home_moneyline': 110.0, 'away_moneyline': -130.0}]",2.5
401413256,2022,1,regular,2022-08-27T19:30:00.000Z,UNLV,Mountain West,52.0,Idaho State,Big Sky,21.0,"[{'provider': 'Bovada', 'spread': -23.0, 'formatted_spread': 'UNLV -23.0', 'spread_open': -23.5, 'over_under': 50.0, 'over_under_open': 52.5, 'home_moneyline': None, 'away_moneyline': None}]",-23.0
401426532,2022,1,regular,2022-08-27T16:00:00.000Z,Western Kentucky,Conference USA,38.0,Austin Peay,Atlantic Sun,27.0,"[{'provider': 'Bovada', 'spread': -32.5, 'formatted_spread': 'Western Kentucky -32.5', 'spread_open': -27.5, 'over_under': 73.0, 'over_under_open': 64.5, 'home_moneyline': None, 'away_moneyline': None}]",-32.5
401403931,2022,9,regular,2022-10-29T23:30:00.000Z,Texas A&M,SEC,28.0,Ole Miss,SEC,31.0,"[{'provider': 'Bovada', 'spread': 3.0, 'formatted_spread': 'Ole Miss -3.0', 'spread_open': 3.0, 'over_under': 55.0, 'over_under_open': 53.5, 'home_moneyline': 130.0, 'away_moneyline': None}]",3.0
401404022,2022,9,regular,2022-10-29T23:00:00.000Z,Arizona,Pac-12,37.0,USC,Pac-12,45.0,"[{'provider': 'Bovada', 'spread': 14.5, 'formatted_spread': 'USC -14.5', 'spread_open': 15.5, 'over_under': 73.5, 'over_under_open': 77.5, 'home_moneyline': 500.0, 'away_moneyline': -750.0}]",14.5
401404023,2022,9,regular,2022-10-29T23:30:00.000Z,Colorado,Pac-12,34.0,Arizona State,Pac-12,42.0,"[{'provider': 'Bovada', 'spread': 13.0, 'formatted_spread': 'Arizona State -13.0', 'spread_open': 13.0, 'over_under': 48.5, 'over_under_open': 46.5, 'home_moneyline': 375.0, 'away_moneyline': -525.0}]",13.0
401411153,2022,10,regular,2022-11-05T23:30:00.000Z,Miami,ACC,3.0,Florida State,ACC,45.0,"[{'provider': 'Bovada', 'spread': 6.5, 'formatted_spread': 'Florida State -6.5', 'spread_open': 8.5, 'over_under': 54.0, 'over_under_open': 53.0, 'home_moneyline': 190.0, 'away_moneyline': -230.0}]",6.5
401403910,2022,6,regular,2022-10-08T16:00:00.000Z,Florida,SEC,24.0,Missouri,SEC,17.0,"[{'provider': 'Bovada', 'spread': -11.0, 'formatted_spread': 'Florida -11.0', 'spread_open': -10.0, 'over_under': 53.5, 'over_under_open': 54.0, 'home_moneyline': -435.0, 'away_moneyline': 325.0}]",-11.0
401403911,2022,6,regular,2022-10-08T19:30:00.000Z,Georgia,SEC,42.0,Auburn,SEC,10.0,"[{'provider': 'Bovada', 'spread': -27.5, 'formatted_spread': 'Georgia -27.5', 'spread_open': -28.5, 'over_under': 49.5, 'over_under_open': 49.0, 'home_moneyline': None, 'away_moneyline': None}]",-27.5
401403912,2022,6,regular,2022-10-08T23:30:00.000Z,Kentucky,SEC,14.0,South Carolina,SEC,24.0,"[{'provider': 'Bovada', 'spread': -4.5, 'formatted_spread': 'Kentucky -4.5', 'spread_open': -10.5, 'over_under': 44.0, 'over_under_open': 48.5, 'home_moneyline': -195.0, 'away_moneyline': 165.0}]",-4.5
401403913,2022,6,regular,2022-10-08T16:00:00.000Z,LSU,SEC,13.0,Tennessee,SEC,40.0,"[{'provider': 'Bovada', 'spread': 2.5, 'formatted_spread': 'Tennessee -2.5', 'spread_open': 3.0, 'over_under': 63.0, 'over_under_open': 62.0, 'home_moneyline': 130.0, 'away_moneyline': -150.0}]",2.5
401403915,2022,6,regular,2022-10-08T20:00:00.000Z,Vanderbilt,SEC,28.0,Ole Miss,SEC,52.0,"[{'provider': 'Bovada', 'spread': 17.0, 'formatted_spread': 'Ole Miss -17.0', 'spread_open': 18.5, 'over_under': 60.0, 'over_under_open': 60.0, 'home_moneyline': 700.0, 'away_moneyline': -1200.0}]",17.0
401404008,2022,6,regular,2022-10-09T01:00:00.000Z,Arizona,Pac-12,22.0,Oregon,Pac-12,49.0,"[{'provider': 'Bovada', 'spread': 13.5, 'formatted_spread': 'Oregon -13.5', 'spread_open': 11.0, 'over_under': 73.0, 'over_under_open': 69.5, 'home_moneyline': 375.0, 'away_moneyline': -525.0}]",13.5
401404009,2022,6,regular,2022-10-08T20:00:00.000Z,Arizona State,Pac-12,45.0,Washington,Pac-12,38.0,"[{'provider': 'Bovada', 'spread': 13.5, 'formatted_spread': 'Washington -13.5', 'spread_open': 13.0, 'over_under': 55.5, 'over_under_open': 55.5, 'home_moneyline': 390.0, 'away_moneyline': -550.0}]",13.5
401404010,2022,6,regular,2022-10-09T03:00:00.000Z,Stanford,Pac-12,27.0,Oregon State,Pac-12,28.0,"[{'provider': 'Bovada', 'spread': 4.0, 'formatted_spread': 'Oregon State -4.0', 'spread_open': 7.0, 'over_under': 53.0, 'over_under_open': 58.5, 'home_moneyline': 170.0, 'away_moneyline': -200.0}]",4.0
401404016,2022,7,regular,2022-10-15T23:30:00.000Z,Notre Dame,FBS Independents,14.0,Stanford,Pac-12,16.0,"[{'provider': 'Bovada', 'spread': -16.5, 'formatted_spread': 'Notre Dame -16.5', 'spread_open': -15.0, 'over_under': 53.0, 'over_under_open': 52.5, 'home_moneyline': -750.0, 'away_moneyline': 500.0}]",-16.5
401404017,2022,7,regular,2022-10-16T00:00:00.000Z,Utah,Pac-12,43.0,USC,Pac-12,42.0,"[{'provider': 'Bovada', 'spread': -3.5, 'formatted_spread': 'Utah -3.5', 'spread_open': -3.5, 'over_under': 65.0, 'over_under_open': 60.5, 'home_moneyline': -170.0, 'away_moneyline': 145.0}]",-3.5
401404093,2022,7,regular,2022-10-15T16:00:00.000Z,Texas,Big 12,24.0,Iowa State,Big 12,21.0,"[{'provider': 'Bovada', 'spread': -15.5, 'formatted_spread': 'Texas -15.5', 'spread_open': -14.5, 'over_under': 48.5, 'over_under_open': 50.0, 'home_moneyline': -850.0, 'away_moneyline': 550.0}]",-15.5
401404094,2022,7,regular,2022-10-15T16:00:00.000Z,Oklahoma,Big 12,52.0,Kansas,Big 12,42.0,"[{'provider': 'Bovada', 'spread': -10.5, 'formatted_spread': 'Oklahoma -10.5', 'spread_open': -7.0, 'over_under': 66.5, 'over_under_open': 64.0, 'home_moneyline': -350.0, 'away_moneyline': 275.0}]",-10.5
401403867,2022,1,regular,2022-09-04T23:30:00.000Z,Florida State,ACC,24.0,LSU,SEC,23.0,"[{'provider': 'Bovada', 'spread': 4.5, 'formatted_spread': 'LSU -4.5', 'spread_open': 3.0, 'over_under': 51.0, 'over_under_open': 51.5, 'home_moneyline': -165.0, 'away_moneyline': 140.0}]",4.5
401404059,2022,1,regular,2022-09-04T00:00:00.000Z,Texas,Big 12,52.0,Louisiana Monroe,Sun Belt,10.0,"[{'provider': 'Bovada', 'spread': -37.5, 'formatted_spread': 'Texas -37.5', 'spread_open': -38.0, 'over_under': 64.0, 'over_under_open': 67.0, 'home_moneyline': None, 'away_moneyline': None}]",-37.5
401415613,2022,2,regular,2022-09-09T23:30:00.000Z,UCF,American Athletic,14.0,Louisville,ACC,20.0,"[{'provider': 'Bovada', 'spread': -6.0, 'formatted_spread': 'UCF -6.0', 'spread_open': -6.0, 'over_under': 63.0, 'over_under_open': 61.5, 'home_moneyline': -210.0, 'away_moneyline': 175.0}]",-6.0
401426544,2022,2,regular,2022-09-10T23:00:00.000Z,Texas State,Sun Belt,41.0,Florida International,Conference USA,12.0,"[{'provider': 'Bovada', 'spread': -14.0, 'formatted_spread': 'Texas State -14.0', 'spread_open': -10.0, 'over_under': 62.0, 'over_under_open': 55.0, 'home_moneyline': -575.0, 'away_moneyline': 400.0}]",-14.0
401403868,2022,2,regular,2022-09-10T16:00:00.000Z,Texas,Big 12,19.0,Alabama,SEC,20.0,"[{'provider': 'Bovada', 'spread': 21.5, 'formatted_spread': 'Alabama -21.5', 'spread_open': 19.5, 'over_under': 64.5, 'over_under_open': 61.5, 'home_moneyline': 775.0, 'away_moneyline': -1500.0}]",21.5
401404078,2022,4,regular,2022-09-24T16:00:00.000Z,SMU,American Athletic,34.0,TCU,Big 12,42.0,"[{'provider': 'Bovada', 'spread': 2.5, 'formatted_spread': 'TCU -2.5', 'spread_open': 0.0, 'over_under': 72.0, 'over_under_open': 68.5, 'home_moneyline': -120.0, 'away_moneyline': None}]",2.5
401403918,2022,7,regular,2022-10-15T19:30:00.000Z,Georgia,SEC,55.0,Vanderbilt,SEC,0.0,"[{'provider': 'Bovada', 'spread': -37.5, 'formatted_spread': 'Georgia -37.5', 'spread_open': -38.0, 'over_under': 56.5, 'over_under_open': 57.0, 'home_moneyline': None, 'away_moneyline': None}]",-37.5
401403919,2022,7,regular,2022-10-15T23:30:00.000Z,Kentucky,SEC,27.0,Mississippi State,SEC,17.0,"[{'provider': 'Bovada', 'spread': 3.5, 'formatted_spread': 'Mississippi State -3.5', 'spread_open': 6.0, 'over_under': 50.5, 'over_under_open': 47.0, 'home_moneyline': 155.0, 'away_moneyline': -180.0}]",3.5
401415657,2022,11,regular,2022-11-12T20:30:00.000Z,Tulane,American Athletic,31.0,UCF,American Athletic,38.0,"[{'provider': 'Bovada', 'spread': -1.0, 'formatted_spread': 'Tulane -1.0', 'spread_open': -2.0, 'over_under': 54.5, 'over_under_open': 51.5, 'home_moneyline': -125.0, 'away_moneyline': 105.0}]",-1.0
401426371,2022,11,regular,2022-11-13T00:30:00.000Z,Coastal Carolina,Sun Belt,26.0,Southern Mississippi,Sun Belt,23.0,"[{'provider': 'Bovada', 'spread': -5.0, 'formatted_spread': 'Coastal Carolina -5.0', 'spread_open': -11.5, 'over_under': 48.0, 'over_under_open': 54.5, 'home_moneyline': -220.0, 'away_moneyline': 180.0}]",-5.0
401426372,2022,11,regular,2022-11-12T18:00:00.000Z,Georgia State,Sun Belt,28.0,Louisiana Monroe,Sun Belt,31.0,"[{'provider': 'Bovada', 'spread': -13.5, 'formatted_spread': 'Georgia State -13.5', 'spread_open': -13.5, 'over_under': 60.0, 'over_under_open': 59.0, 'home_moneyline': -550.0, 'away_moneyline': 390.0}]",-13.5
401426373,2022,11,regular,2022-11-12T20:30:00.000Z,Marshall,Sun Belt,28.0,Appalachian State,Sun Belt,21.0,"[{'provider': 'Bovada', 'spread': 2.0, 'formatted_spread': 'Appalachian State -2.0', 'spread_open': 0.0, 'over_under': 47.5, 'over_under_open': 46.0, 'home_moneyline': -110.0, 'away_moneyline': -110.0}]",2.0
401426374,2022,11,regular,2022-11-12T18:00:00.000Z,Old Dominion,Sun Belt,3.0,James Madison,Sun Belt,37.0,"[{'provider': 'Bovada', 'spread': 7.5, 'formatted_spread': 'James Madison -7.5', 'spread_open': 7.5, 'over_under': 48.0, 'over_under_open': 48.0, 'home_moneyline': 255.0, 'away_moneyline': -310.0}]",7.5
401426375,2022,11,regular,2022-11-12T22:00:00.000Z,South Alabama,Sun Belt,38.0,Texas State,Sun Belt,21.0,"[{'provider': 'Bovada', 'spread': -16.0, 'formatted_spread': 'South Alabama -16.0', 'spread_open': -16.0, 'over_under': 45.5, 'over_under_open': 47.5, 'home_moneyline': -850.0, 'away_moneyline': 550.0}]",-16.0
401426603,2022,11,regular,2022-11-12T20:30:00.000Z,Middle Tennessee,Conference USA,24.0,Charlotte,Conference USA,14.0,"[{'provider': 'Bovada', 'spread': -10.0, 'formatted_spread': 'Middle Tennessee -10.0', 'spread_open': -11.5, 'over_under': 67.0, 'over_under_open': 68.0, 'home_moneyline': -470.0, 'away_moneyline': 345.0}]",-10.0
401404126,2022,4,regular,2022-09-24T19:30:00.000Z,North Carolina,ACC,32.0,Notre Dame,FBS Independents,45.0,"[{'provider': 'Bovada', 'spread': -3.0, 'formatted_spread': 'North Carolina -3.0', 'spread_open': 1.0, 'over_under': 55.5, 'over_under_open': 59.5, 'home_moneyline': -130.0, 'away_moneyline': 110.0}]",-3.0
401415635,2022,7,regular,2022-10-14T23:30:00.000Z,SMU,American Athletic,40.0,Navy,American Athletic,34.0,"[{'provider': 'Bovada', 'spread': -12.5, 'formatted_spread': 'SMU -12.5', 'spread_open': -11.0, 'over_under': 59.0, 'over_under_open': 57.0, 'home_moneyline': -450.0, 'away_moneyline': 335.0}]",-12.5
401403916,2022,7,regular,2022-10-15T19:30:00.000Z,BYU,FBS Independents,35.0,Arkansas,SEC,52.0,"[{'provider': 'Bovada', 'spread': 0.0, 'formatted_spread': 'Arkansas -0.0', 'spread_open': -3.0, 'over_under': 67.0, 'over_under_open': 59.5, 'home_moneyline': -160.0, 'away_moneyline': 135.0}]",0.0
401404085,2022,5,regular,2022-10-01T16:00:00.000Z,Kansas State,Big 12,37.0,Texas Tech,Big 12,28.0,"[{'provider': 'Bovada', 'spread': -7.5, 'formatted_spread': 'Kansas State -7.5', 'spread_open': -7.5, 'over_under': 56.5, 'over_under_open': 57.5, 'home_moneyline': -300.0, 'away_moneyline': 250.0}]",-7.5
401404086,2022,5,regular,2022-10-01T16:00:00.000Z,TCU,Big 12,55.0,Oklahoma,Big 12,24.0,"[{'provider': 'Bovada', 'spread': 5.0, 'formatted_spread': 'Oklahoma -5.0', 'spread_open': 5.0, 'over_under': 70.0, 'over_under_open': 67.5, 'home_moneyline': 215.0, 'away_moneyline': None}]",5.0
401404087,2022,5,regular,2022-10-01T23:30:00.000Z,Texas,Big 12,38.0,West Virginia,Big 12,20.0,"[{'provider': 'Bovada', 'spread': -7.5, 'formatted_spread': 'Texas -7.5', 'spread_open': -10.0, 'over_under': 61.0, 'over_under_open': 62.0, 'home_moneyline': -290.0, 'away_moneyline': 240.0}]",-7.5
401404137,2022,5,regular,2022-10-01T16:00:00.000Z,Army,FBS Independents,14.0,Georgia State,Sun Belt,31.0,"[{'provider': 'Bovada', 'spread': -9.0, 'formatted_spread': 'Army -9.0', 'spread_open': -9.5, 'over_under': 54.0, 'over_under_open': 58.0, 'home_moneyline': -330.0, 'away_moneyline': 265.0}]",-9.0
401404151,2022,5,regular,2022-10-01T19:30:00.000Z,Connecticut,FBS Independents,19.0,Fresno State,Mountain West,14.0,"[{'provider': 'Bovada', 'spread': 23.0, 'formatted_spread': 'Fresno State -23.0', 'spread_open': 24.0, 'over_under': 51.0, 'over_under_open': 56.0, 'home_moneyline': 1050.0, 'away_moneyline': -2500.0}]",23.0
401404161,2022,5,regular,2022-10-01T22:00:00.000Z,Old Dominion,Sun Belt,24.0,Liberty,FBS Independents,38.0,"[{'provider': 'Bovada', 'spread': 3.5, 'formatted_spread': 'Liberty -3.5', 'spread_open': 2.0, 'over_under': 47.5, 'over_under_open': 48.0, 'home_moneyline': 145.0, 'away_moneyline': -170.0}]",3.5
401405099,2022,5,regular,2022-10-01T16:00:00.000Z,Wisconsin,Big Ten,10.0,Illinois,Big Ten,34.0,"[{'provider': 'Bovada', 'spread': -6.5, 'formatted_spread': 'Wisconsin -6.5', 'spread_open': -8.5, 'over_under': 43.5, 'over_under_open': 44.0, 'home_moneyline': -320.0, 'away_moneyline': 260.0}]",-6.5
401405100,2022,5,regular,2022-10-01T16:00:00.000Z,Iowa,Big Ten,14.0,Michigan,Big Ten,27.0,"[{'provider': 'Bovada', 'spread': 11.0, 'formatted_spread': 'Michigan -11.0', 'spread_open': 10.0, 'over_under': 42.0, 'over_under_open': 43.0, 'home_moneyline': 300.0, 'away_moneyline': -400.0}]",11.0
401405101,2022,5,regular,2022-10-01T16:00:00.000Z,Minnesota,Big Ten,10.0,Purdue,Big Ten,20.0,"[{'provider': 'Bovada', 'spread': -9.0, 'formatted_spread': 'Minnesota -9.0', 'spread_open': -10.0, 'over_under': 53.0, 'over_under_open': 53.5, 'home_moneyline': -350.0, 'away_moneyline': 275.0}]",-9.0
401405102,2022,5,regular,2022-10-01T23:30:00.000Z,Nebraska,Big Ten,35.0,Indiana,Big Ten,21.0,"[{'provider': 'Bovada', 'spread': -7.0, 'formatted_spread': 'Nebraska -7.0', 'spread_open': -3.5, 'over_under': 62.0, 'over_under_open': 61.5, 'home_moneyline': -230.0, 'away_moneyline': 190.0}]",-7.0
401405103,2022,5,regular,2022-10-01T19:30:00.000Z,Maryland,Big Ten,27.0,Michigan State,Big Ten,13.0,"[{'provider': 'Bovada', 'spread': -7.5, 'formatted_spread': 'Maryland -7.5', 'spread_open': -7.5, 'over_under': 58.0, 'over_under_open': 59.5, 'home_moneyline': -290.0, 'away_moneyline': 240.0}]",-7.5
401405104,2022,5,regular,2022-10-01T19:30:00.000Z,Ohio State,Big Ten,49.0,Rutgers,Big Ten,10.0,"[{'provider': 'Bovada', 'spread': -39.0, 'formatted_spread': 'Ohio State -39.0', 'spread_open': -41.0, 'over_under': 58.0, 'over_under_open': 60.0, 'home_moneyline': None, 'away_moneyline': None}]",-39.0
401415212,2022,1,regular,2022-09-03T21:30:00.000Z,Nevada,Mountain West,38.0,Texas State,Sun Belt,14.0,"[{'provider': 'Bovada', 'spread': 2.0, 'formatted_spread': 'Texas State -2.0', 'spread_open': -10.0, 'over_under': 51.5, 'over_under_open': 56.5, 'home_moneyline': -115.0, 'away_moneyline': -120.0}]",2.0
401415612,2022,1,regular,2022-09-03T20:00:00.000Z,South Florida,American Athletic,21.0,BYU,FBS Independents,50.0,"[{'provider': 'Bovada', 'spread': 12.5, 'formatted_spread': 'BYU -12.5', 'spread_open': 12.5, 'over_under': 57.5, 'over_under_open': 57.5, 'home_moneyline': None, 'away_moneyline': None}]",12.5
401403976,2022,2,regular,2022-09-10T20:00:00.000Z,California,Pac-12,20.0,UNLV,Mountain West,14.0,"[{'provider': 'Bovada', 'spread': -12.5, 'formatted_spread': 'California -12.5', 'spread_open': -13.0, 'over_under': 49.5, 'over_under_open': 50.5, 'home_moneyline': -480.0, 'away_moneyline': 350.0}]",-12.5
401403977,2022,2,regular,2022-09-10T19:30:00.000Z,Air Force,Mountain West,41.0,Colorado,Pac-12,10.0,"[{'provider': 'Bovada', 'spread': -17.5, 'formatted_spread': 'Air Force -17.5', 'spread_open': -16.0, 'over_under': 50.0, 'over_under_open': 45.5, 'home_moneyline': -900.0, 'away_moneyline': 575.0}]",-17.5
401403979,2022,2,regular,2022-09-11T02:30:00.000Z,Fresno State,Mountain West,32.0,Oregon State,Pac-12,35.0,"[{'provider': 'Bovada', 'spread': -1.0, 'formatted_spread': 'Fresno State -1.0', 'spread_open': -1.0, 'over_under': 59.0, 'over_under_open': 60.5, 'home_moneyline': -115.0, 'away_moneyline': -105.0}]",-1.0
401403980,2022,2,regular,2022-09-10T23:30:00.000Z,Stanford,Pac-12,28.0,USC,Pac-12,41.0,"[{'provider': 'Bovada', 'spread': 9.5, 'formatted_spread': 'USC -9.5', 'spread_open': 10.0, 'over_under': 67.0, 'over_under_open': 65.0, 'home_moneyline': 255.0, 'away_moneyline': -310.0}]",9.5
401403984,2022,2,regular,2022-09-10T19:30:00.000Z,Wisconsin,Big Ten,14.0,Washington State,Pac-12,17.0,"[{'provider': 'Bovada', 'spread': -17.5, 'formatted_spread': 'Wisconsin -17.5', 'spread_open': -17.0, 'over_under': 49.0, 'over_under_open': 46.5, 'home_moneyline': -1000.0, 'away_moneyline': 625.0}]",-17.5
401404062,2022,2,regular,2022-09-11T02:15:00.000Z,BYU,FBS Independents,26.0,Baylor,Big 12,20.0,"[{'provider': 'Bovada', 'spread': -2.5, 'formatted_spread': 'BYU -2.5', 'spread_open': -2.5, 'over_under': 55.0, 'over_under_open': 53.0, 'home_moneyline': -150.0, 'away_moneyline': 130.0}]",-2.5
401404063,2022,2,regular,2022-09-10T20:00:00.000Z,Texas Tech,Big 12,33.0,Houston,American Athletic,30.0,"[{'provider': 'Bovada', 'spread': -4.0, 'formatted_spread': 'Texas Tech -4.0', 'spread_open': -3.0, 'over_under': 62.5, 'over_under_open': 65.5, 'home_moneyline': -165.0, 'away_moneyline': 140.0}]",-4.0
401426537,2022,1,regular,2022-09-02T00:00:00.000Z,Missouri,SEC,52.0,Louisiana Tech,Conference USA,24.0,"[{'provider': 'Bovada', 'spread': -20.5, 'formatted_spread': 'Missouri -20.5', 'spread_open': -17.0, 'over_under': 62.5, 'over_under_open': 58.5, 'home_moneyline': -1200.0, 'away_moneyline': 700.0}]",-20.5
401405060,2022,1,regular,2022-09-02T01:00:00.000Z,Minnesota,Big Ten,38.0,New Mexico State,FBS Independents,0.0,"[{'provider': 'Bovada', 'spread': -36.0, 'formatted_spread': 'Minnesota -36.0', 'spread_open': -38.0, 'over_under': 52.0, 'over_under_open': 57.5, 'home_moneyline': None, 'away_moneyline': None}]",-36.0
401405064,2022,1,regular,2022-09-02T00:00:00.000Z,Purdue,Big Ten,31.0,Penn State,Big Ten,35.0,"[{'provider': 'Bovada', 'spread': 3.5, 'formatted_spread': 'Penn State -3.5', 'spread_open': 3.0, 'over_under': 53.0, 'over_under_open': 55.0, 'home_moneyline': 140.0, 'away_moneyline': -165.0}]",3.5
401411092,2022,1,regular,2022-09-01T23:00:00.000Z,Pittsburgh,ACC,38.0,West Virginia,Big 12,31.0,"[{'provider': 'Bovada', 'spread': -7.5, 'formatted_spread': 'Pittsburgh -7.5', 'spread_open': -7.0, 'over_under': 50.0, 'over_under_open': 55.0, 'home_moneyline': -270.0, 'away_moneyline': 220.0}]",-7.5
401416569,2022,1,regular,2022-09-01T23:00:00.000Z,Oklahoma State,Big 12,58.0,Central Michigan,Mid-American,44.0,"[{'provider': 'Bovada', 'spread': -20.5, 'formatted_spread': 'Oklahoma State -20.5', 'spread_open': -18.5, 'over_under': 58.0, 'over_under_open': 59.5, 'home_moneyline': -1800.0, 'away_moneyline': 850.0}]",-20.5
401403870,2022,2,regular,2022-09-10T23:30:00.000Z,Auburn,SEC,24.0,San José State,Mountain West,16.0,"[{'provider': 'Bovada', 'spread': -24.0, 'formatted_spread': 'Auburn -24.0', 'spread_open': -23.0, 'over_under': 48.5, 'over_under_open': 51.5, 'home_moneyline': -2800.0, 'away_moneyline': 1100.0}]",-24.0
401403871,2022,2,regular,2022-09-10T23:00:00.000Z,Florida,SEC,16.0,Kentucky,SEC,26.0,"[{'provider': 'Bovada', 'spread': -6.0, 'formatted_spread': 'Florida -6.0', 'spread_open': -4.5, 'over_under': 53.0, 'over_under_open': 51.5, 'home_moneyline': -220.0, 'away_moneyline': 180.0}]",-6.0
401403875,2022,2,regular,2022-09-11T03:00:00.000Z,Arizona,Pac-12,17.0,Mississippi State,SEC,39.0,"[{'provider': 'Bovada', 'spread': 13.0, 'formatted_spread': 'Mississippi State -13.0', 'spread_open': 8.5, 'over_under': 58.5, 'over_under_open': 61.0, 'home_moneyline': 290.0, 'away_moneyline': -380.0}]",13.0
401403876,2022,2,regular,2022-09-10T16:00:00.000Z,Kansas State,Big 12,40.0,Missouri,SEC,12.0,"[{'provider': 'Bovada', 'spread': -7.0, 'formatted_spread': 'Kansas State -7.0', 'spread_open': -8.5, 'over_under': 52.5, 'over_under_open': 55.5, 'home_moneyline': -300.0, 'away_moneyline': 250.0}]",-7.0
401403877,2022,2,regular,2022-09-10T19:30:00.000Z,Pittsburgh,ACC,27.0,Tennessee,SEC,34.0,"[{'provider': 'Bovada', 'spread': 6.0, 'formatted_spread': 'Tennessee -6.0', 'spread_open': 6.0, 'over_under': 63.0, 'over_under_open': 65.0, 'home_moneyline': 185.0, 'away_moneyline': -225.0}]",6.0
401403878,2022,2,regular,2022-09-10T19:30:00.000Z,Texas A&M,SEC,14.0,Appalachian State,Sun Belt,17.0,"[{'provider': 'Bovada', 'spread': -18.0, 'formatted_spread': 'Texas A&M -18.0', 'spread_open': -16.5, 'over_under': 54.0, 'over_under_open': 54.0, 'home_moneyline': -1100.0, 'away_moneyline': 650.0}]",-18.0
401403879,2022,2,regular,2022-09-10T16:00:00.000Z,Vanderbilt,SEC,25.0,Wake Forest,ACC,45.0,"[{'provider': 'Bovada', 'spread': 14.0, 'formatted_spread': 'Wake Forest -14.0', 'spread_open': 6.5, 'over_under': 65.5, 'over_under_open': 61.5, 'home_moneyline': 340.0, 'away_moneyline': -460.0}]",14.0
401403975,2022,2,regular,2022-09-10T23:30:00.000Z,Oklahoma State,Big 12,34.0,Arizona State,Pac-12,17.0,"[{'provider': 'Bovada', 'spread': -12.0, 'formatted_spread': 'Oklahoma State -12.0', 'spread_open': -10.0, 'over_under': 58.5, 'over_under_open': 54.0, 'home_moneyline': -435.0, 'away_moneyline': 325.0}]",-12.0
401416594,2022,2,regular,2022-09-10T18:00:00.000Z,Ball State,Mid-American,30.0,Western Michigan,Mid-American,37.0,"[{'provider': 'Bovada', 'spread': 6.5, 'formatted_spread': 'Western Michigan -6.5', 'spread_open': 6.5, 'over_under': 52.0, 'over_under_open': 55.5, 'home_moneyline': 200.0, 'away_moneyline': -240.0}]",6.5
401416597,2022,2,regular,2022-09-10T17:00:00.000Z,Central Michigan,Mid-American,24.0,South Alabama,Sun Belt,38.0,"[{'provider': 'Bovada', 'spread': -6.0, 'formatted_spread': 'Central Michigan -6.0', 'spread_open': -6.5, 'over_under': 57.5, 'over_under_open': 59.0, 'home_moneyline': -200.0, 'away_moneyline': 170.0}]",-6.0
401416598,2022,2,regular,2022-09-10T23:00:00.000Z,Louisiana,Sun Belt,49.0,Eastern Michigan,Mid-American,21.0,"[{'provider': 'Bovada', 'spread': -11.0, 'formatted_spread': 'Louisiana -11.0', 'spread_open': -11.0, 'over_under': 56.0, 'over_under_open': 56.0, 'home_moneyline': -450.0, 'away_moneyline': 335.0}]",-11.0
401403858,2022,1,regular,2022-09-03T19:30:00.000Z,Georgia,SEC,49.0,Oregon,Pac-12,3.0,"[{'provider': 'Bovada', 'spread': -16.0, 'formatted_spread': 'Georgia -16', 'spread_open': -17.0, 'over_under': 54.0, 'over_under_open': 51.0, 'home_moneyline': -900.0, 'away_moneyline': 575.0}]",-16.0
401403864,2022,1,regular,2022-09-01T23:00:00.000Z,Tennessee,SEC,59.0,Ball State,Mid-American,10.0,"[{'provider': 'Bovada', 'spread': -37.0, 'formatted_spread': 'Tennessee -37.0', 'spread_open': -28.0, 'over_under': 66.0, 'over_under_open': 68.0, 'home_moneyline': None, 'away_moneyline': None}]",-37.0
401424414,2022,1,regular,2022-09-01T23:00:00.000Z,Stony Brook,CAA,14.0,Rhode Island,CAA,35.0,"[{'provider': 'Bovada', 'spread': 0.0, 'formatted_spread': 'Rhode Island -0.0', 'spread_open': 0.0, 'over_under': 46.0, 'over_under_open': 46.0, 'home_moneyline': None, 'away_moneyline': None}]",0.0
401420806,2022,1,regular,2022-09-02T00:00:00.000Z,Central Arkansas,Atlantic Sun,14.0,Missouri State,MVFC,27.0,"[{'provider': 'Bovada', 'spread': 16.5, 'formatted_spread': 'Missouri State -16.5', 'spread_open': 14.5, 'over_under': 65.5, 'over_under_open': 64.0, 'home_moneyline': None, 'away_moneyline': None}]",16.5
401424415,2022,1,regular,2022-09-02T22:00:00.000Z,Villanova,CAA,45.0,Lehigh,Patriot,17.0,"[{'provider': 'Bovada', 'spread': -27.5, 'formatted_spread': 'Villanova -27.5', 'spread_open': -28.0, 'over_under': 43.0, 'over_under_open': 42.5, 'home_moneyline': None, 'away_moneyline': None}]",-27.5
401435072,2022,1,regular,2022-09-02T23:00:00.000Z,Merrimack,NEC,17.0,Holy Cross,Patriot,31.0,"[{'provider': 'Bovada', 'spread': 23.5, 'formatted_spread': 'Holy Cross -23.5', 'spread_open': 23.0, 'over_under': 50.0, 'over_under_open': 50.5, 'home_moneyline': None, 'away_moneyline': None}]",23.5
401411166,2022,12,regular,2022-11-19T17:00:00.000Z,Florida State,ACC,49.0,Louisiana,Sun Belt,17.0,"[{'provider': 'Bovada', 'spread': -25.0, 'formatted_spread': 'Florida State -25.0', 'spread_open': -23.5, 'over_under': 52.0, 'over_under_open': 52.5, 'home_moneyline': -2800.0, 'away_moneyline': 1100.0}]",-25.0
401404025,2022,9,regular,2022-10-30T02:30:00.000Z,UCLA,Pac-12,38.0,Stanford,Pac-12,13.0,"[{'provider': 'Bovada', 'spread': -16.5, 'formatted_spread': 'UCLA -16.5', 'spread_open': -16.0, 'over_under': 64.5, 'over_under_open': 63.5, 'home_moneyline': -800.0, 'away_moneyline': 525.0}]",-16.5
401404026,2022,9,regular,2022-10-28T02:00:00.000Z,Washington State,Pac-12,17.0,Utah,Pac-12,21.0,"[{'provider': 'Bovada', 'spread': 7.5, 'formatted_spread': 'Utah -7.5', 'spread_open': None, 'over_under': 56.5, 'over_under_open': 55.5, 'home_moneyline': None, 'away_moneyline': -330.0}]",7.5
401404101,2022,9,regular,2022-10-29T23:30:00.000Z,Texas Tech,Big 12,17.0,Baylor,Big 12,45.0,"[{'provider': 'Bovada', 'spread': -1.5, 'formatted_spread': 'Texas Tech -1.5', 'spread_open': -2.0, 'over_under': 61.0, 'over_under_open': 61.5, 'home_moneyline': -145.0, 'away_moneyline': 125.0}]",-1.5
401404102,2022,9,regular,2022-10-29T19:30:00.000Z,Kansas State,Big 12,48.0,Oklahoma State,Big 12,0.0,"[{'provider': 'Bovada', 'spread': -2.5, 'formatted_spread': 'Kansas State -2.5', 'spread_open': 1.0, 'over_under': 57.5, 'over_under_open': 58.0, 'home_moneyline': -130.0, 'away_moneyline': 110.0}]",-2.5
401404103,2022,9,regular,2022-10-29T16:00:00.000Z,West Virginia,Big 12,31.0,TCU,Big 12,41.0,"[{'provider': 'Bovada', 'spread': 7.0, 'formatted_spread': 'TCU -7.0', 'spread_open': 6.5, 'over_under': 70.5, 'over_under_open': 70.0, 'home_moneyline': 255.0, 'away_moneyline': -310.0}]",7.0
401415653,2022,11,regular,2022-11-11T00:30:00.000Z,Memphis,American Athletic,26.0,Tulsa,American Athletic,10.0,"[{'provider': 'Bovada', 'spread': -6.5, 'formatted_spread': 'Memphis -6.5', 'spread_open': -6.5, 'over_under': 62.5, 'over_under_open': 62.5, 'home_moneyline': -245.0, 'away_moneyline': 205.0}]",-6.5
401426370,2022,11,regular,2022-11-11T00:30:00.000Z,Louisiana,Sun Belt,36.0,Georgia Southern,Sun Belt,17.0,"[{'provider': 'Bovada', 'spread': -3.5, 'formatted_spread': 'Louisiana -3.5', 'spread_open': -3.5, 'over_under': 63.0, 'over_under_open': 58.5, 'home_moneyline': None, 'away_moneyline': 140.0}]",-3.5
401404033,2022,11,regular,2022-11-12T02:30:00.000Z,USC,Pac-12,55.0,Colorado,Pac-12,17.0,"[{'provider': 'Bovada', 'spread': -34.5, 'formatted_spread': 'USC -34.5', 'spread_open': -34.0, 'over_under': 66.0, 'over_under_open': 64.0, 'home_moneyline': None, 'away_moneyline': None}]",-34.5
401415654,2022,11,regular,2022-11-12T01:00:00.000Z,Cincinnati,American Athletic,27.0,East Carolina,American Athletic,25.0,"[{'provider': 'Bovada', 'spread': -4.5, 'formatted_spread': 'Cincinnati -4.5', 'spread_open': -6.5, 'over_under': 51.0, 'over_under_open': 53.5, 'home_moneyline': -250.0, 'away_moneyline': 210.0}]",-4.5
401403939,2022,11,regular,2022-11-12T17:00:00.000Z,Arkansas,SEC,10.0,LSU,SEC,13.0,"[{'provider': 'Bovada', 'spread': 5.5, 'formatted_spread': 'LSU -5.5', 'spread_open': 3.0, 'over_under': 58.0, 'over_under_open': 62.0, 'home_moneyline': 180.0, 'away_moneyline': -220.0}]",5.5
401403940,2022,11,regular,2022-11-13T00:30:00.000Z,Auburn,SEC,13.0,Texas A&M,SEC,10.0,"[{'provider': 'Bovada', 'spread': -1.5, 'formatted_spread': 'Auburn -1.5', 'spread_open': -1.5, 'over_under': 48.5, 'over_under_open': 49.5, 'home_moneyline': -125.0, 'away_moneyline': 105.0}]",-1.5
401403941,2022,11,regular,2022-11-12T21:00:00.000Z,Florida,SEC,38.0,South Carolina,SEC,6.0,"[{'provider': 'Bovada', 'spread': -8.0, 'formatted_spread': 'Florida -8.0', 'spread_open': -8.0, 'over_under': 58.0, 'over_under_open': 59.0, 'home_moneyline': -330.0, 'away_moneyline': 265.0}]",-8.0
401403942,2022,11,regular,2022-11-12T17:00:00.000Z,Kentucky,SEC,21.0,Vanderbilt,SEC,24.0,"[{'provider': 'Bovada', 'spread': -17.0, 'formatted_spread': 'Kentucky -17.0', 'spread_open': -17.5, 'over_under': 45.5, 'over_under_open': 50.0, 'home_moneyline': -1100.0, 'away_moneyline': 650.0}]",-17.0
401411090,2022,1,regular,2022-08-27T21:00:00.000Z,Florida State,ACC,47.0,Duquesne,NEC,7.0,"[{'provider': 'Bovada', 'spread': -41.5, 'formatted_spread': 'Florida State -41.5', 'spread_open': -43.0, 'over_under': 57.0, 'over_under_open': 55.0, 'home_moneyline': None, 'away_moneyline': None}]",-41.5
401411091,2022,1,regular,2022-08-28T00:15:00.000Z,North Carolina,ACC,56.0,Florida A&M,SWAC,24.0,"[{'provider': 'Bovada', 'spread': -45.0, 'formatted_spread': 'North Carolina -45.0', 'spread_open': -43.0, 'over_under': 55.0, 'over_under_open': 56.0, 'home_moneyline': None, 'away_moneyline': None}]",-45.0
401415643,2022,9,regular,2022-10-29T16:00:00.000Z,Houston,American Athletic,42.0,South Florida,American Athletic,27.0,"[{'provider': 'Bovada', 'spread': -17.5, 'formatted_spread': 'Houston -17.5', 'spread_open': -18.0, 'over_under': 59.5, 'over_under_open': 62.0, 'home_moneyline': -1100.0, 'away_moneyline': 650.0}]",-17.5
401415644,2022,9,regular,2022-10-29T19:30:00.000Z,UCF,American Athletic,25.0,Cincinnati,American Athletic,21.0,"[{'provider': 'Bovada', 'spread': -1.5, 'formatted_spread': 'UCF -1.5', 'spread_open': 0.0, 'over_under': 56.0, 'over_under_open': 55.5, 'home_moneyline': -110.0, 'away_moneyline': -110.0}]",-1.5
401415645,2022,9,regular,2022-10-29T00:00:00.000Z,BYU,FBS Independents,24.0,East Carolina,American Athletic,27.0,"[{'provider': 'Bovada', 'spread': -3.0, 'formatted_spread': 'BYU -3.0', 'spread_open': -3.0, 'over_under': 64.0, 'over_under_open': 60.5, 'home_moneyline': -150.0, 'away_moneyline': 130.0}]",-3.0
401415646,2022,9,regular,2022-10-29T19:30:00.000Z,Navy,American Athletic,27.0,Temple,American Athletic,20.0,"[{'provider': 'Bovada', 'spread': -14.5, 'formatted_spread': 'Navy -14.5', 'spread_open': -13.5, 'over_under': 41.0, 'over_under_open': 39.5, 'home_moneyline': -600.0, 'away_moneyline': 425.0}]",-14.5
401404142,2022,11,regular,2022-11-12T20:30:00.000Z,Troy,Sun Belt,10.0,Army,FBS Independents,9.0,"[{'provider': 'Bovada', 'spread': -8.5, 'formatted_spread': 'Troy -8.5', 'spread_open': -9.0, 'over_under': 45.0, 'over_under_open': 45.5, 'home_moneyline': -340.0, 'away_moneyline': 270.0}]",-8.5
401404156,2022,11,regular,2022-11-12T17:00:00.000Z,Connecticut,FBS Independents,36.0,Liberty,FBS Independents,33.0,"[{'provider': 'Bovada', 'spread': 13.5, 'formatted_spread': 'Liberty -13.5', 'spread_open': 14.5, 'over_under': 45.0, 'over_under_open': 48.0, 'home_moneyline': 425.0, 'away_moneyline': -600.0}]",13.5
401405134,2022,11,regular,2022-11-12T17:00:00.000Z,Illinois,Big Ten,24.0,Purdue,Big Ten,31.0,"[{'provider': 'Bovada', 'spread': -6.0, 'formatted_spread': 'Illinois -6.0', 'spread_open': -6.5, 'over_under': 44.0, 'over_under_open': 46.5, 'home_moneyline': -260.0, 'away_moneyline': 215.0}]",-6.0
401405135,2022,11,regular,2022-11-12T20:30:00.000Z,Iowa,Big Ten,24.0,Wisconsin,Big Ten,10.0,"[{'provider': 'Bovada', 'spread': -1.0, 'formatted_spread': 'Iowa -1.0', 'spread_open': -1.5, 'over_under': 35.5, 'over_under_open': 36.5, 'home_moneyline': -115.0, 'away_moneyline': -105.0}]",-1.0
401405136,2022,11,regular,2022-11-12T20:30:00.000Z,Minnesota,Big Ten,31.0,Northwestern,Big Ten,3.0,"[{'provider': 'Bovada', 'spread': -17.0, 'formatted_spread': 'Minnesota -17.0', 'spread_open': -18.0, 'over_under': 41.0, 'over_under_open': 41.0, 'home_moneyline': -1000.0, 'away_moneyline': 625.0}]",-17.0
401405137,2022,11,regular,2022-11-12T20:30:00.000Z,Michigan,Big Ten,34.0,Nebraska,Big Ten,3.0,"[{'provider': 'Bovada', 'spread': -30.5, 'formatted_spread': 'Michigan -30.5', 'spread_open': -28.5, 'over_under': 50.0, 'over_under_open': 52.0, 'home_moneyline': None, 'away_moneyline': None}]",-30.5
401405138,2022,11,regular,2022-11-12T17:00:00.000Z,Michigan State,Big Ten,27.0,Rutgers,Big Ten,21.0,"[{'provider': 'Bovada', 'spread': -10.0, 'formatted_spread': 'Michigan State -10.0', 'spread_open': -11.5, 'over_under': 41.0, 'over_under_open': 40.0, 'home_moneyline': -450.0, 'away_moneyline': 335.0}]",-10.0
401405139,2022,11,regular,2022-11-12T17:00:00.000Z,Ohio State,Big Ten,56.0,Indiana,Big Ten,14.0,"[{'provider': 'Bovada', 'spread': -40.0, 'formatted_spread': 'Ohio State -40.0', 'spread_open': -40.0, 'over_under': 62.5, 'over_under_open': 57.5, 'home_moneyline': None, 'away_moneyline': None}]",-40.0
401405140,2022,11,regular,2022-11-12T20:30:00.000Z,Penn State,Big Ten,30.0,Maryland,Big Ten,0.0,"[{'provider': 'Bovada', 'spread': -10.5, 'formatted_spread': 'Penn State -10.5', 'spread_open': -11.5, 'over_under': 56.5, 'over_under_open': 57.0, 'home_moneyline': -450.0, 'away_moneyline': 335.0}]",-10.5
401411158,2022,11,regular,2022-11-12T20:30:00.000Z,Clemson,ACC,31.0,Louisville,ACC,16.0,"[{'provider': 'Bovada', 'spread': -7.0, 'formatted_spread': 'Clemson -7.0', 'spread_open': -7.0, 'over_under': 51.5, 'over_under_open': 52.0, 'home_moneyline': -290.0, 'away_moneyline': 240.0}]",-7.0
401411159,2022,11,regular,2022-11-12T17:00:00.000Z,Duke,ACC,24.0,Virginia Tech,ACC,7.0,"[{'provider': 'Bovada', 'spread': -10.0, 'formatted_spread': 'Duke -10.0', 'spread_open': -10.0, 'over_under': 50.0, 'over_under_open': 50.5, 'home_moneyline': -400.0, 'away_moneyline': 300.0}]",-10.0
401411160,2022,11,regular,2022-11-12T20:30:00.000Z,Georgia Tech,ACC,14.0,Miami,ACC,35.0,"[{'provider': 'Bovada', 'spread': -2.0, 'formatted_spread': 'Georgia Tech -2.0', 'spread_open': -1.5, 'over_under': 43.5, 'over_under_open': 45.0, 'home_moneyline': -140.0, 'away_moneyline': 120.0}]",-2.0
401411161,2022,11,regular,2022-11-12T20:30:00.000Z,NC State,ACC,20.0,Boston College,ACC,21.0,"[{'provider': 'Bovada', 'spread': -18.5, 'formatted_spread': 'NC State -18.5', 'spread_open': -19.0, 'over_under': 41.0, 'over_under_open': 42.0, 'home_moneyline': -1300.0, 'away_moneyline': 725.0}]",-18.5
401411162,2022,11,regular,2022-11-13T01:00:00.000Z,Syracuse,ACC,3.0,Florida State,ACC,38.0,"[{'provider': 'Bovada', 'spread': 7.0, 'formatted_spread': 'Florida State -7.0', 'spread_open': 6.5, 'over_under': 51.5, 'over_under_open': 51.5, 'home_moneyline': 240.0, 'away_moneyline': -290.0}]",7.0
401405065,2022,1,regular,2022-09-03T23:00:00.000Z,Wisconsin,Big Ten,38.0,Illinois State,MVFC,0.0,"[{'provider': 'Bovada', 'spread': -36.0, 'formatted_spread': 'Wisconsin -36.0', 'spread_open': -36.5, 'over_under': 42.5, 'over_under_open': 43.0, 'home_moneyline': None, 'away_moneyline': None}]",-36.0
401441990,2022,1,regular,2022-09-01T23:00:00.000Z,Toledo,Mid-American,37.0,Long Island University,NEC,0.0,"[{'provider': 'Bovada', 'spread': -47.0, 'formatted_spread': 'Toledo -47.0', 'spread_open': -47.0, 'over_under': 57.5, 'over_under_open': 55.5, 'home_moneyline': None, 'away_moneyline': None}]",-47.0
401426534,2022,1,regular,2022-09-02T00:00:00.000Z,UAB,Conference USA,59.0,Alabama A&M,SWAC,0.0,"[{'provider': 'Bovada', 'spread': -41.0, 'formatted_spread': 'UAB -41.0', 'spread_open': -41.0, 'over_under': 60.5, 'over_under_open': 63.5, 'home_moneyline': None, 'away_moneyline': None}]",-41.0
401403965,2022,1,regular,2022-09-02T02:00:00.000Z,Arizona State,Pac-12,40.0,Northern Arizona,Big Sky,3.0,"[{'provider': 'Bovada', 'spread': -25.5, 'formatted_spread': 'Arizona State -25.5', 'spread_open': -27.5, 'over_under': 52.5, 'over_under_open': 52.0, 'home_moneyline': None, 'away_moneyline': None}]",-25.5
401404160,2022,4,regular,2022-09-24T22:00:00.000Z,Liberty,FBS Independents,21.0,Akron,Mid-American,12.0,"[{'provider': 'Bovada', 'spread': -26.5, 'formatted_spread': 'Liberty -26.5', 'spread_open': -27.5, 'over_under': 52.5, 'over_under_open': 58.0, 'home_moneyline': -6000.0, 'away_moneyline': 1325.0}]",-26.5
401405091,2022,4,regular,2022-09-24T23:00:00.000Z,Rutgers,Big Ten,10.0,Iowa,Big Ten,27.0,"[{'provider': 'Bovada', 'spread': 7.5, 'formatted_spread': 'Iowa -7.5', 'spread_open': 7.0, 'over_under': 34.5, 'over_under_open': 35.5, 'home_moneyline': 250.0, 'away_moneyline': -300.0}]",7.5
401404002,2022,5,regular,2022-10-02T01:30:00.000Z,Arizona,Pac-12,43.0,Colorado,Pac-12,20.0,"[{'provider': 'Bovada', 'spread': -17.5, 'formatted_spread': 'Arizona -17.5', 'spread_open': -18.0, 'over_under': 58.0, 'over_under_open': 55.5, 'home_moneyline': -1000.0, 'away_moneyline': 625.0}]",-17.5
401404003,2022,5,regular,2022-10-02T02:30:00.000Z,USC,Pac-12,42.0,Arizona State,Pac-12,25.0,"[{'provider': 'Bovada', 'spread': -24.5, 'formatted_spread': 'USC -24.5', 'spread_open': -24.0, 'over_under': 61.0, 'over_under_open': 61.5, 'home_moneyline': -5000.0, 'away_moneyline': 1300.0}]",-24.5
401404004,2022,5,regular,2022-10-01T21:30:00.000Z,Washington State,Pac-12,28.0,California,Pac-12,9.0,"[{'provider': 'Bovada', 'spread': -4.0, 'formatted_spread': 'Washington State -4.0', 'spread_open': -4.5, 'over_under': 52.5, 'over_under_open': 53.0, 'home_moneyline': -195.0, 'away_moneyline': 165.0}]",-4.0
401404005,2022,5,regular,2022-10-02T03:00:00.000Z,Oregon,Pac-12,45.0,Stanford,Pac-12,27.0,"[{'provider': 'Bovada', 'spread': -17.5, 'formatted_spread': 'Oregon -17.5', 'spread_open': -16.0, 'over_under': 63.0, 'over_under_open': 62.5, 'home_moneyline': -750.0, 'away_moneyline': 500.0}]",-17.5
401404006,2022,5,regular,2022-10-01T18:00:00.000Z,Utah,Pac-12,42.0,Oregon State,Pac-12,16.0,"[{'provider': 'Bovada', 'spread': -10.5, 'formatted_spread': 'Utah -10.5', 'spread_open': -11.0, 'over_under': 54.0, 'over_under_open': 56.0, 'home_moneyline': -400.0, 'away_moneyline': 300.0}]",-10.5
401404083,2022,5,regular,2022-10-01T19:30:00.000Z,Baylor,Big 12,25.0,Oklahoma State,Big 12,36.0,"[{'provider': 'Bovada', 'spread': -2.0, 'formatted_spread': 'Baylor -2.0', 'spread_open': -2.5, 'over_under': 56.0, 'over_under_open': 54.5, 'home_moneyline': -135.0, 'away_moneyline': 115.0}]",-2.0
401404084,2022,5,regular,2022-10-01T19:30:00.000Z,Kansas,Big 12,14.0,Iowa State,Big 12,11.0,"[{'provider': 'Bovada', 'spread': 4.0, 'formatted_spread': 'Iowa State -4.0', 'spread_open': 3.0, 'over_under': 59.0, 'over_under_open': 58.0, 'home_moneyline': 140.0, 'away_moneyline': -165.0}]",4.0
401426345,2022,6,regular,2022-10-08T23:00:00.000Z,Texas State,Sun Belt,36.0,Appalachian State,Sun Belt,24.0,"[{'provider': 'Bovada', 'spread': 19.5, 'formatted_spread': 'Appalachian State -19.5', 'spread_open': 19.0, 'over_under': 54.5, 'over_under_open': 55.5, 'home_moneyline': 700.0, 'away_moneyline': -1200.0}]",19.5
401426580,2022,6,regular,2022-10-08T23:00:00.000Z,Louisiana Tech,Conference USA,41.0,UTEP,Conference USA,31.0,"[{'provider': 'Bovada', 'spread': -1.5, 'formatted_spread': 'Louisiana Tech -1.5', 'spread_open': -1.5, 'over_under': 52.0, 'over_under_open': 53.0, 'home_moneyline': -150.0, 'away_moneyline': 130.0}]",-1.5
401415213,2022,1,regular,2022-09-02T02:30:00.000Z,San José State,Mountain West,21.0,Portland State,Big Sky,17.0,"[{'provider': 'Bovada', 'spread': -22.0, 'formatted_spread': 'San José State -22.0', 'spread_open': -22.0, 'over_under': 51.0, 'over_under_open': 54.5, 'home_moneyline': None, 'away_moneyline': None}]",-22.0
401403890,2022,3,regular,2022-09-18T01:00:00.000Z,Texas A&M,SEC,17.0,Miami,ACC,9.0,"[{'provider': 'Bovada', 'spread': -6.5, 'formatted_spread': 'Texas A&M -6.5', 'spread_open': -6.0, 'over_under': 45.5, 'over_under_open': 48.5, 'home_moneyline': -210.0, 'away_moneyline': 175.0}]",-6.5
401403891,2022,3,regular,2022-09-17T19:30:00.000Z,Northern Illinois,Mid-American,28.0,Vanderbilt,SEC,38.0,"[{'provider': 'Bovada', 'spread': -2.5, 'formatted_spread': 'Northern Illinois -2.5', 'spread_open': -1.5, 'over_under': 58.5, 'over_under_open': 61.5, 'home_moneyline': -130.0, 'away_moneyline': 110.0}]",-2.5
401426561,2022,3,regular,2022-09-18T00:00:00.000Z,New Mexico,Mountain West,27.0,UTEP,Conference USA,10.0,"[{'provider': 'Bovada', 'spread': 2.0, 'formatted_spread': 'UTEP -2.0', 'spread_open': 3.5, 'over_under': 38.0, 'over_under_open': 41.0, 'home_moneyline': 115.0, 'away_moneyline': -135.0}]",2.0
401426562,2022,3,regular,2022-09-18T00:00:00.000Z,Texas,Big 12,41.0,UT San Antonio,Conference USA,20.0,"[{'provider': 'Bovada', 'spread': -13.0, 'formatted_spread': 'Texas -13.0', 'spread_open': -13.5, 'over_under': 57.0, 'over_under_open': 59.0, 'home_moneyline': -500.0, 'away_moneyline': 360.0}]",-13.0
401426563,2022,3,regular,2022-09-17T16:00:00.000Z,Indiana,Big Ten,33.0,Western Kentucky,Conference USA,30.0,"[{'provider': 'Bovada', 'spread': -7.0, 'formatted_spread': 'Indiana -7.0', 'spread_open': -7.5, 'over_under': 61.5, 'over_under_open': 59.0, 'home_moneyline': -280.0, 'away_moneyline': 230.0}]",-7.0
401403892,2022,4,regular,2022-09-24T23:30:00.000Z,Alabama,SEC,55.0,Vanderbilt,SEC,3.0,"[{'provider': 'Bovada', 'spread': -40.5, 'formatted_spread': 'Alabama -40.5', 'spread_open': -40.0, 'over_under': 61.0, 'over_under_open': 59.0, 'home_moneyline': None, 'away_moneyline': None}]",-40.5
401426598,2022,10,regular,2022-11-05T16:00:00.000Z,Charlotte,Conference USA,7.0,Western Kentucky,Conference USA,59.0,"[{'provider': 'Bovada', 'spread': 14.5, 'formatted_spread': 'Western Kentucky -14.5', 'spread_open': 16.5, 'over_under': 72.5, 'over_under_open': 71.0, 'home_moneyline': 550.0, 'away_moneyline': -850.0}]",14.5
401403936,2022,10,regular,2022-11-05T16:00:00.000Z,Missouri,SEC,17.0,Kentucky,SEC,21.0,"[{'provider': 'Bovada', 'spread': 0.0, 'formatted_spread': 'Kentucky -0.0', 'spread_open': 2.5, 'over_under': 40.0, 'over_under_open': 43.5, 'home_moneyline': 115.0, 'away_moneyline': -135.0}]",0.0
401403937,2022,10,regular,2022-11-05T16:00:00.000Z,Texas A&M,SEC,24.0,Florida,SEC,41.0,"[{'provider': 'Bovada', 'spread': -1.5, 'formatted_spread': 'Texas A&M -1.5', 'spread_open': -3.0, 'over_under': 53.5, 'over_under_open': 54.5, 'home_moneyline': -160.0, 'away_moneyline': 135.0}]",-1.5
401403938,2022,10,regular,2022-11-05T23:30:00.000Z,Vanderbilt,SEC,27.0,South Carolina,SEC,38.0,"[{'provider': 'Bovada', 'spread': 6.5, 'formatted_spread': 'South Carolina -6.5', 'spread_open': 7.0, 'over_under': 49.0, 'over_under_open': 49.5, 'home_moneyline': 250.0, 'away_moneyline': -300.0}]",6.5
401404027,2022,10,regular,2022-11-05T23:30:00.000Z,Utah,Pac-12,45.0,Arizona,Pac-12,20.0,"[{'provider': 'Bovada', 'spread': -18.0, 'formatted_spread': 'Utah -18.0', 'spread_open': -17.0, 'over_under': 68.0, 'over_under_open': 67.5, 'home_moneyline': -1000.0, 'away_moneyline': 625.0}]",-18.0
401404028,2022,10,regular,2022-11-06T02:30:00.000Z,Arizona State,Pac-12,36.0,UCLA,Pac-12,50.0,"[{'provider': 'Bovada', 'spread': 11.0, 'formatted_spread': 'UCLA -11.0', 'spread_open': 10.5, 'over_under': 67.5, 'over_under_open': 62.0, 'home_moneyline': 300.0, 'away_moneyline': -400.0}]",11.0
401411116,2022,4,regular,2022-09-22T23:30:00.000Z,Virginia Tech,ACC,10.0,West Virginia,Big 12,33.0,"[{'provider': 'Bovada', 'spread': 2.5, 'formatted_spread': 'West Virginia -2.5', 'spread_open': 3.0, 'over_under': 50.0, 'over_under_open': 53.0, 'home_moneyline': 125.0, 'away_moneyline': -145.0}]",2.5
401415037,2022,4,regular,2022-09-24T19:30:00.000Z,Appalachian State,Sun Belt,28.0,James Madison,Sun Belt,32.0,"[{'provider': 'Bovada', 'spread': -6.0, 'formatted_spread': 'Appalachian State -6.0', 'spread_open': -9.0, 'over_under': 57.0, 'over_under_open': 56.5, 'home_moneyline': -285.0, 'away_moneyline': 235.0}]",-6.0
401415040,2022,4,regular,2022-09-24T23:00:00.000Z,Tulane,American Athletic,24.0,Southern Mississippi,Sun Belt,27.0,"[{'provider': 'Bovada', 'spread': -12.0, 'formatted_spread': 'Tulane -12.0', 'spread_open': -11.5, 'over_under': 48.5, 'over_under_open': 49.5, 'home_moneyline': -460.0, 'away_moneyline': 340.0}]",-12.0
401415220,2022,4,regular,2022-09-24T00:00:00.000Z,Air Force,Mountain West,48.0,Nevada,Mountain West,20.0,"[{'provider': 'Bovada', 'spread': -24.0, 'formatted_spread': 'Air Force -24.0', 'spread_open': -25.0, 'over_under': 47.0, 'over_under_open': 48.5, 'home_moneyline': -4500.0, 'away_moneyline': 1250.0}]",-24.0
401415222,2022,4,regular,2022-09-24T23:00:00.000Z,Utah State,Mountain West,24.0,UNLV,Mountain West,34.0,"[{'provider': 'Bovada', 'spread': 3.0, 'formatted_spread': 'UNLV -3.0', 'spread_open': 3.0, 'over_under': 62.0, 'over_under_open': 62.0, 'home_moneyline': 120.0, 'away_moneyline': -140.0}]",3.0
401415223,2022,4,regular,2022-09-25T02:15:00.000Z,BYU,FBS Independents,38.0,Wyoming,Mountain West,24.0,"[{'provider': 'Bovada', 'spread': -21.0, 'formatted_spread': 'BYU -21.0', 'spread_open': -21.0, 'over_under': 49.0, 'over_under_open': 51.5, 'home_moneyline': -1800.0, 'away_moneyline': 850.0}]",-21.0
401415224,2022,4,regular,2022-09-24T19:30:00.000Z,San Diego State,Mountain West,17.0,Toledo,Mid-American,14.0,"[{'provider': 'Bovada', 'spread': 3.0, 'formatted_spread': 'Toledo -3.0', 'spread_open': 0.0, 'over_under': 44.5, 'over_under_open': 46.5, 'home_moneyline': 130.0, 'away_moneyline': -150.0}]",3.0
401415225,2022,4,regular,2022-09-25T02:30:00.000Z,San José State,Mountain West,34.0,Western Michigan,Mid-American,6.0,"[{'provider': 'Bovada', 'spread': -6.5, 'formatted_spread': 'San José State -6.5', 'spread_open': -3.5, 'over_under': 48.5, 'over_under_open': 51.5, 'home_moneyline': -240.0, 'away_moneyline': 200.0}]",-6.5
401415624,2022,4,regular,2022-09-24T22:00:00.000Z,East Carolina,American Athletic,20.0,Navy,American Athletic,23.0,"[{'provider': 'Bovada', 'spread': -16.5, 'formatted_spread': 'East Carolina -16.5', 'spread_open': -17.5, 'over_under': 48.5, 'over_under_open': 48.5, 'home_moneyline': -900.0, 'away_moneyline': 575.0}]",-16.5
401416604,2022,4,regular,2022-09-24T16:00:00.000Z,Eastern Michigan,Mid-American,31.0,Buffalo,Mid-American,50.0,"[{'provider': 'Bovada', 'spread': -7.0, 'formatted_spread': 'Eastern Michigan -7.0', 'spread_open': -4.5, 'over_under': 57.0, 'over_under_open': 60.5, 'home_moneyline': -200.0, 'away_moneyline': 170.0}]",-7.0
401411133,2022,6,regular,2022-10-08T20:00:00.000Z,Miami,ACC,24.0,North Carolina,ACC,27.0,"[{'provider': 'Bovada', 'spread': -4.0, 'formatted_spread': 'Miami -4.0', 'spread_open': -3.0, 'over_under': 68.0, 'over_under_open': 66.0, 'home_moneyline': -170.0, 'away_moneyline': 145.0}]",-4.0
401411134,2022,6,regular,2022-10-09T00:00:00.000Z,NC State,ACC,19.0,Florida State,ACC,17.0,"[{'provider': 'Bovada', 'spread': -3.5, 'formatted_spread': 'NC State -3.5', 'spread_open': -3.5, 'over_under': 50.0, 'over_under_open': 52.0, 'home_moneyline': None, 'away_moneyline': 140.0}]",-3.5
401418782,2022,1,regular,2022-09-02T00:00:00.000Z,Abilene Christian,Western Athletic,28.0,Lamar,Southland,14.0,"[{'provider': 'Bovada', 'spread': -16.0, 'formatted_spread': 'Abilene Christian -16.0', 'spread_open': -16.5, 'over_under': 50.5, 'over_under_open': 50.5, 'home_moneyline': None, 'away_moneyline': None}]",-16.0
401411135,2022,6,regular,2022-10-08T19:30:00.000Z,Pittsburgh,ACC,45.0,Virginia Tech,ACC,29.0,"[{'provider': 'Bovada', 'spread': -14.5, 'formatted_spread': 'Pittsburgh -14.5', 'spread_open': -14.5, 'over_under': 42.0, 'over_under_open': 44.5, 'home_moneyline': -650.0, 'away_moneyline': 450.0}]",-14.5
401411136,2022,6,regular,2022-10-08T16:00:00.000Z,Virginia,ACC,17.0,Louisville,ACC,34.0,"[{'provider': 'Bovada', 'spread': -1.5, 'formatted_spread': 'Virginia -1.5', 'spread_open': 4.5, 'over_under': 47.5, 'over_under_open': 51.5, 'home_moneyline': 125.0, 'away_moneyline': -120.0}]",-1.5
401415231,2022,6,regular,2022-10-08T23:00:00.000Z,Utah State,Mountain West,34.0,Air Force,Mountain West,27.0,"[{'provider': 'Bovada', 'spread': 11.5, 'formatted_spread': 'Air Force -11.5', 'spread_open': 9.0, 'over_under': 54.0, 'over_under_open': 55.5, 'home_moneyline': 290.0, 'away_moneyline': -380.0}]",11.5
401415232,2022,6,regular,2022-10-09T01:45:00.000Z,Boise State,Mountain West,40.0,Fresno State,Mountain West,20.0,"[{'provider': 'Bovada', 'spread': -10.5, 'formatted_spread': 'Boise State -10.5', 'spread_open': -7.0, 'over_under': 45.0, 'over_under_open': 49.0, 'home_moneyline': -290.0, 'away_moneyline': 240.0}]",-10.5
401415233,2022,6,regular,2022-10-08T02:30:00.000Z,Nevada,Mountain West,14.0,Colorado State,Mountain West,17.0,"[{'provider': 'Bovada', 'spread': -3.5, 'formatted_spread': 'Nevada -3.5', 'spread_open': -3.0, 'over_under': 45.0, 'over_under_open': 47.0, 'home_moneyline': -175.0, 'away_moneyline': 150.0}]",-3.5
401415234,2022,6,regular,2022-10-08T23:00:00.000Z,New Mexico,Mountain West,14.0,Wyoming,Mountain West,27.0,"[{'provider': 'Bovada', 'spread': 3.0, 'formatted_spread': 'Wyoming -3.0', 'spread_open': 3.5, 'over_under': 37.0, 'over_under_open': 37.5, 'home_moneyline': 145.0, 'away_moneyline': -170.0}]",3.0
401415235,2022,6,regular,2022-10-09T02:30:00.000Z,San Diego State,Mountain West,16.0,Hawai'i,Mountain West,14.0,"[{'provider': 'Bovada', 'spread': -24.0, 'formatted_spread': 'San Diego State -24.0', 'spread_open': -21.0, 'over_under': 49.0, 'over_under_open': 49.5, 'home_moneyline': -1800.0, 'away_moneyline': 850.0}]",-24.0
401403922,2022,8,regular,2022-10-22T23:00:00.000Z,Alabama,SEC,30.0,Mississippi State,SEC,6.0,"[{'provider': 'Bovada', 'spread': -21.5, 'formatted_spread': 'Alabama -21.5', 'spread_open': -21.5, 'over_under': 61.5, 'over_under_open': 62.0, 'home_moneyline': -1600.0, 'away_moneyline': 800.0}]",-21.5
401403923,2022,8,regular,2022-10-22T19:30:00.000Z,LSU,SEC,45.0,Ole Miss,SEC,20.0,"[{'provider': 'Bovada', 'spread': 0.0, 'formatted_spread': 'Ole Miss -0.0', 'spread_open': 1.5, 'over_under': 64.0, 'over_under_open': 64.0, 'home_moneyline': -125.0, 'away_moneyline': None}]",0.0
401403924,2022,8,regular,2022-10-22T20:00:00.000Z,Missouri,SEC,17.0,Vanderbilt,SEC,14.0,"[{'provider': 'Bovada', 'spread': -14.0, 'formatted_spread': 'Missouri -14.0', 'spread_open': -15.0, 'over_under': 49.0, 'over_under_open': 56.0, 'home_moneyline': -650.0, 'away_moneyline': 450.0}]",-14.0
401403925,2022,8,regular,2022-10-22T23:30:00.000Z,South Carolina,SEC,30.0,Texas A&M,SEC,24.0,"[{'provider': 'Bovada', 'spread': 3.0, 'formatted_spread': 'Texas A&M -3.0', 'spread_open': 3.5, 'over_under': 44.5, 'over_under_open': 46.5, 'home_moneyline': 135.0, 'away_moneyline': -160.0}]",3.0
401404018,2022,8,regular,2022-10-22T20:00:00.000Z,Stanford,Pac-12,15.0,Arizona State,Pac-12,14.0,"[{'provider': 'Bovada', 'spread': -3.0, 'formatted_spread': 'Stanford -3.0', 'spread_open': -3.5, 'over_under': 52.5, 'over_under_open': 54.5, 'home_moneyline': -150.0, 'away_moneyline': 130.0}]",-3.0
401404019,2022,8,regular,2022-10-23T02:30:00.000Z,California,Pac-12,21.0,Washington,Pac-12,28.0,"[{'provider': 'Bovada', 'spread': 7.5, 'formatted_spread': 'Washington -7.5', 'spread_open': 7.5, 'over_under': 55.0, 'over_under_open': 57.0, 'home_moneyline': 250.0, 'away_moneyline': -300.0}]",7.5
401404020,2022,8,regular,2022-10-23T00:00:00.000Z,Oregon State,Pac-12,42.0,Colorado,Pac-12,9.0,"[{'provider': 'Bovada', 'spread': -22.5, 'formatted_spread': 'Oregon State -22.5', 'spread_open': -23.5, 'over_under': 47.5, 'over_under_open': 50.5, 'home_moneyline': -3500.0, 'away_moneyline': 1125.0}]",-22.5
401404021,2022,8,regular,2022-10-22T19:30:00.000Z,Oregon,Pac-12,45.0,UCLA,Pac-12,30.0,"[{'provider': 'Bovada', 'spread': -7.0, 'formatted_spread': 'Oregon -7.0', 'spread_open': -6.0, 'over_under': 71.0, 'over_under_open': 70.5, 'home_moneyline': -230.0, 'away_moneyline': 190.0}]",-7.0
401404096,2022,8,regular,2022-10-22T16:00:00.000Z,Baylor,Big 12,35.0,Kansas,Big 12,23.0,"[{'provider': 'Bovada', 'spread': -10.5, 'formatted_spread': 'Baylor -10.5', 'spread_open': -9.0, 'over_under': 57.0, 'over_under_open': 63.0, 'home_moneyline': -400.0, 'away_moneyline': 300.0}]",-10.5
401404097,2022,8,regular,2022-10-23T00:00:00.000Z,TCU,Big 12,38.0,Kansas State,Big 12,28.0,"[{'provider': 'Bovada', 'spread': -3.0, 'formatted_spread': 'TCU -3.0', 'spread_open': -5.0, 'over_under': 55.0, 'over_under_open': 58.0, 'home_moneyline': -200.0, 'away_moneyline': 170.0}]",-3.0
401404098,2022,8,regular,2022-10-22T19:30:00.000Z,Oklahoma State,Big 12,41.0,Texas,Big 12,34.0,"[{'provider': 'Bovada', 'spread': 6.5, 'formatted_spread': 'Texas -6.5', 'spread_open': 4.0, 'over_under': 58.5, 'over_under_open': 65.0, 'home_moneyline': 170.0, 'away_moneyline': -200.0}]",6.5
401418645,2022,1,regular,2022-09-01T23:00:00.000Z,Samford,Southern,27.0,Kennesaw State,Atlantic Sun,17.0,"[{'provider': 'Bovada', 'spread': 13.5, 'formatted_spread': 'Kennesaw State -13.5', 'spread_open': 10.5, 'over_under': 68.5, 'over_under_open': 68.5, 'home_moneyline': None, 'away_moneyline': None}]",13.5
401418776,2022,1,regular,2022-09-01T22:00:00.000Z,Indiana State,MVFC,17.0,North Alabama,Atlantic Sun,14.0,"[{'provider': 'Bovada', 'spread': -3.5, 'formatted_spread': 'Indiana State -3.5', 'spread_open': -3.0, 'over_under': 51.5, 'over_under_open': 51.5, 'home_moneyline': None, 'away_moneyline': None}]",-3.5
401421137,2022,1,regular,2022-09-01T22:00:00.000Z,Campbell,Big South,29.0,The Citadel,Southern,10.0,"[{'provider': 'Bovada', 'spread': -10.0, 'formatted_spread': 'Campbell -10.0', 'spread_open': -10.0, 'over_under': 56.0, 'over_under_open': 56.0, 'home_moneyline': None, 'away_moneyline': None}]",-10.0
401428480,2022,1,regular,2022-09-01T22:00:00.000Z,Wagner,NEC,31.0,Fordham,Patriot,48.0,"[{'provider': 'Bovada', 'spread': 27.5, 'formatted_spread': 'Fordham -27.5', 'spread_open': 28.5, 'over_under': 64.0, 'over_under_open': 64.0, 'home_moneyline': None, 'away_moneyline': None}]",27.5
401424402,2022,1,regular,2022-09-01T23:00:00.000Z,New Hampshire,CAA,31.0,Monmouth,CAA,21.0,"[{'provider': 'Bovada', 'spread': 1.5, 'formatted_spread': 'Monmouth -1.5', 'spread_open': 1.5, 'over_under': 48.5, 'over_under_open': 48.5, 'home_moneyline': None, 'away_moneyline': None}]",1.5
401415258,2022,11,regular,2022-11-13T00:00:00.000Z,Colorado State,Mountain West,13.0,Wyoming,Mountain West,14.0,"[{'provider': 'Bovada', 'spread': 8.5, 'formatted_spread': 'Wyoming -8.5', 'spread_open': 8.5, 'over_under': 42.5, 'over_under_open': 42.0, 'home_moneyline': 265.0, 'away_moneyline': -330.0}]",8.5
401415259,2022,11,regular,2022-11-12T03:30:00.000Z,UNLV,Mountain West,30.0,Fresno State,Mountain West,37.0,"[{'provider': 'Bovada', 'spread': 8.5, 'formatted_spread': 'Fresno State -8.5', 'spread_open': 8.5, 'over_under': 62.0, 'over_under_open': 58.0, 'home_moneyline': 265.0, 'away_moneyline': -330.0}]",8.5
401415260,2022,11,regular,2022-11-13T03:30:00.000Z,San Diego State,Mountain West,43.0,San José State,Mountain West,27.0,"[{'provider': 'Bovada', 'spread': 2.5, 'formatted_spread': 'San José State -2.5', 'spread_open': 2.0, 'over_under': 41.0, 'over_under_open': 39.5, 'home_moneyline': None, 'away_moneyline': -120.0}]",2.5
401415655,2022,11,regular,2022-11-12T20:00:00.000Z,Houston,American Athletic,43.0,Temple,American Athletic,36.0,"[{'provider': 'Bovada', 'spread': -20.0, 'formatted_spread': 'Houston -20.0', 'spread_open': -20.0, 'over_under': 55.0, 'over_under_open': 58.0, 'home_moneyline': -1400.0, 'away_moneyline': 750.0}]",-20.0
401415656,2022,11,regular,2022-11-12T17:00:00.000Z,South Florida,American Athletic,23.0,SMU,American Athletic,41.0,"[{'provider': 'Bovada', 'spread': 17.5, 'formatted_spread': 'SMU -17.5', 'spread_open': 17.0, 'over_under': 72.5, 'over_under_open': 74.5, 'home_moneyline': 625.0, 'away_moneyline': -1000.0}]",17.5
401415214,2022,2,regular,2022-09-10T01:00:00.000Z,New Mexico,Mountain West,14.0,Boise State,Mountain West,31.0,"[{'provider': 'Bovada', 'spread': 17.0, 'formatted_spread': 'Boise State -17.0', 'spread_open': 17.0, 'over_under': 43.5, 'over_under_open': 46.5, 'home_moneyline': 525.0, 'away_moneyline': -800.0}]",17.0
401415617,2022,2,regular,2022-09-10T19:30:00.000Z,Navy,American Athletic,13.0,Memphis,American Athletic,37.0,"[{'provider': 'Bovada', 'spread': 4.5, 'formatted_spread': 'Memphis -4.5', 'spread_open': 6.5, 'over_under': 47.0, 'over_under_open': 50.0, 'home_moneyline': 170.0, 'away_moneyline': -200.0}]",4.5
401415620,2022,2,regular,2022-09-10T23:00:00.000Z,Tulsa,American Athletic,38.0,Northern Illinois,Mid-American,35.0,"[{'provider': 'Bovada', 'spread': -6.5, 'formatted_spread': 'Tulsa -6.5', 'spread_open': -6.0, 'over_under': 63.0, 'over_under_open': 57.0, 'home_moneyline': -235.0, 'away_moneyline': 195.0}]",-6.5
401426363,2022,9,regular,2022-10-29T20:00:00.000Z,Arkansas State,Sun Belt,3.0,South Alabama,Sun Belt,31.0,"[{'provider': 'Bovada', 'spread': 9.0, 'formatted_spread': 'South Alabama -9.0', 'spread_open': 10.0, 'over_under': 52.0, 'over_under_open': 55.5, 'home_moneyline': 305.0, 'away_moneyline': -410.0}]",9.0
401426593,2022,9,regular,2022-10-29T18:00:00.000Z,Rice,Conference USA,23.0,Charlotte,Conference USA,56.0,"[{'provider': 'Bovada', 'spread': -15.0, 'formatted_spread': 'Rice -15.0', 'spread_open': -16.5, 'over_under': 61.5, 'over_under_open': 63.0, 'home_moneyline': -900.0, 'away_moneyline': 575.0}]",-15.0
401426594,2022,9,regular,2022-10-29T00:00:00.000Z,Florida International,Conference USA,42.0,Louisiana Tech,Conference USA,34.0,"[{'provider': 'Bovada', 'spread': 6.5, 'formatted_spread': 'Louisiana Tech -6.5', 'spread_open': 9.5, 'over_under': 57.0, 'over_under_open': 58.5, 'home_moneyline': 200.0, 'away_moneyline': -240.0}]",6.5
401405073,2022,2,regular,2022-09-10T16:00:00.000Z,Northwestern,Big Ten,23.0,Duke,ACC,31.0,"[{'provider': 'Bovada', 'spread': -10.0, 'formatted_spread': 'Northwestern -10.0', 'spread_open': -9.0, 'over_under': 56.0, 'over_under_open': 56.5, 'home_moneyline': -380.0, 'away_moneyline': 290.0}]",-10.0
401405077,2022,2,regular,2022-09-11T00:00:00.000Z,Michigan,Big Ten,56.0,Hawai'i,Mountain West,10.0,"[{'provider': 'Bovada', 'spread': -53.0, 'formatted_spread': 'Michigan -53.0', 'spread_open': -50.0, 'over_under': 66.5, 'over_under_open': 65.0, 'home_moneyline': None, 'away_moneyline': None}]",-53.0
401405078,2022,2,regular,2022-09-10T20:00:00.000Z,Michigan State,Big Ten,52.0,Akron,Mid-American,0.0,"[{'provider': 'Bovada', 'spread': -34.5, 'formatted_spread': 'Michigan State -34.5', 'spread_open': -34.5, 'over_under': 56.0, 'over_under_open': 56.0, 'home_moneyline': None, 'away_moneyline': None}]",-34.5
401405079,2022,2,regular,2022-09-10T16:00:00.000Z,Ohio State,Big Ten,45.0,Arkansas State,Sun Belt,12.0,"[{'provider': 'Bovada', 'spread': -44.5, 'formatted_spread': 'Ohio State -44.5', 'spread_open': -44.0, 'over_under': 68.5, 'over_under_open': 68.5, 'home_moneyline': None, 'away_moneyline': None}]",-44.5
401405080,2022,2,regular,2022-09-10T16:00:00.000Z,Penn State,Big Ten,46.0,Ohio,Mid-American,10.0,"[{'provider': 'Bovada', 'spread': -28.0, 'formatted_spread': 'Penn State -28.0', 'spread_open': -26.5, 'over_under': 55.0, 'over_under_open': 53.5, 'home_moneyline': -2800.0, 'away_moneyline': 1100.0}]",-28.0
401411103,2022,2,regular,2022-09-10T16:00:00.000Z,Georgia State,Sun Belt,28.0,North Carolina,ACC,35.0,"[{'provider': 'Bovada', 'spread': 7.0, 'formatted_spread': 'North Carolina -7.0', 'spread_open': 9.5, 'over_under': 64.5, 'over_under_open': 68.0, 'home_moneyline': 215.0, 'away_moneyline': -260.0}]",7.0
401411105,2022,2,regular,2022-09-10T16:00:00.000Z,Miami,ACC,30.0,Southern Mississippi,Sun Belt,7.0,"[{'provider': 'Bovada', 'spread': -27.0, 'formatted_spread': 'Miami -27.0', 'spread_open': -27.0, 'over_under': 50.5, 'over_under_open': 57.0, 'home_moneyline': None, 'away_moneyline': None}]",-27.0
401411108,2022,2,regular,2022-09-11T00:00:00.000Z,Virginia Tech,ACC,27.0,Boston College,ACC,10.0,"[{'provider': 'Bovada', 'spread': -3.0, 'formatted_spread': 'Virginia Tech -3.0', 'spread_open': -3.0, 'over_under': 45.0, 'over_under_open': 45.0, 'home_moneyline': -135.0, 'away_moneyline': 115.0}]",-3.0
401414779,2022,2,regular,2022-09-10T23:00:00.000Z,Toledo,Mid-American,55.0,UMass,FBS Independents,10.0,"[{'provider': 'Bovada', 'spread': -28.5, 'formatted_spread': 'Toledo -28.5', 'spread_open': -30.5, 'over_under': 49.0, 'over_under_open': 53.5, 'home_moneyline': None, 'away_moneyline': None}]",-28.5
401415024,2022,2,regular,2022-09-10T22:00:00.000Z,East Carolina,American Athletic,39.0,Old Dominion,Sun Belt,21.0,"[{'provider': 'Bovada', 'spread': -13.5, 'formatted_spread': 'East Carolina -13.5', 'spread_open': -11.0, 'over_under': 49.5, 'over_under_open': 52.0, 'home_moneyline': -500.0, 'away_moneyline': 360.0}]",-13.5
401403889,2022,3,regular,2022-09-17T23:00:00.000Z,Tennessee,SEC,63.0,Akron,Mid-American,6.0,"[{'provider': 'Bovada', 'spread': -47.5, 'formatted_spread': 'Tennessee -47.5', 'spread_open': -47.5, 'over_under': 67.0, 'over_under_open': 65.5, 'home_moneyline': None, 'away_moneyline': None}]",-47.5
401416602,2022,3,regular,2022-09-17T17:00:00.000Z,Central Michigan,Mid-American,41.0,Bucknell,Patriot,0.0,"[{'provider': 'Bovada', 'spread': -41.0, 'formatted_spread': 'Central Michigan -41.0', 'spread_open': -41.0, 'over_under': 59.0, 'over_under_open': 59.0, 'home_moneyline': None, 'away_moneyline': None}]",-41.0
401416600,2022,3,regular,2022-09-17T18:00:00.000Z,Ball State,Mid-American,31.0,Murray State,OVC,0.0,"[{'provider': 'Bovada', 'spread': -21.0, 'formatted_spread': 'Ball State -21.0', 'spread_open': -21.0, 'over_under': 53.0, 'over_under_open': 53.0, 'home_moneyline': None, 'away_moneyline': None}]",-21.0
401415239,2022,7,regular,2022-10-16T02:45:00.000Z,Fresno State,Mountain West,17.0,San José State,Mountain West,10.0,"[{'provider': 'Bovada', 'spread': 7.0, 'formatted_spread': 'San José State -7.0', 'spread_open': 6.5, 'over_under': 47.0, 'over_under_open': 49.5, 'home_moneyline': 210.0, 'away_moneyline': -250.0}]",7.0
401415636,2022,7,regular,2022-10-15T20:00:00.000Z,South Florida,American Athletic,31.0,Tulane,American Athletic,45.0,"[{'provider': 'Bovada', 'spread': 11.5, 'formatted_spread': 'Tulane -11.5', 'spread_open': 10.5, 'over_under': 55.0, 'over_under_open': 55.0, 'home_moneyline': 300.0, 'away_moneyline': -400.0}]",11.5
401415637,2022,7,regular,2022-10-15T23:30:00.000Z,East Carolina,American Athletic,47.0,Memphis,American Athletic,45.0,"[{'provider': 'Bovada', 'spread': -5.5, 'formatted_spread': 'East Carolina -5.5', 'spread_open': -3.5, 'over_under': 62.5, 'over_under_open': 59.5, 'home_moneyline': -175.0, 'away_moneyline': 150.0}]",-5.5
401416619,2022,7,regular,2022-10-15T16:00:00.000Z,Akron,Mid-American,21.0,Central Michigan,Mid-American,28.0,"[{'provider': 'Bovada', 'spread': 12.0, 'formatted_spread': 'Central Michigan -12.0', 'spread_open': 13.5, 'over_under': 60.5, 'over_under_open': 58.5, 'home_moneyline': 390.0, 'away_moneyline': -550.0}]",12.0
401416620,2022,7,regular,2022-10-15T19:30:00.000Z,Eastern Michigan,Mid-American,10.0,Northern Illinois,Mid-American,39.0,"[{'provider': 'Bovada', 'spread': -3.5, 'formatted_spread': 'Eastern Michigan -3.5', 'spread_open': -3.0, 'over_under': 64.0, 'over_under_open': 63.0, 'home_moneyline': -165.0, 'away_moneyline': 140.0}]",-3.5
401416621,2022,7,regular,2022-10-15T19:30:00.000Z,Toledo,Mid-American,52.0,Kent State,Mid-American,31.0,"[{'provider': 'Bovada', 'spread': -7.0, 'formatted_spread': 'Toledo -7.0', 'spread_open': -9.0, 'over_under': 62.5, 'over_under_open': 62.0, 'home_moneyline': -310.0, 'away_moneyline': 255.0}]",-7.0
401416603,2022,3,regular,2022-09-17T16:00:00.000Z,Kent State,Mid-American,63.0,Long Island University,NEC,10.0,"[{'provider': 'Bovada', 'spread': -40.0, 'formatted_spread': 'Kent State -40.0', 'spread_open': -40.0, 'over_under': 65.0, 'over_under_open': 65.0, 'home_moneyline': None, 'away_moneyline': None}]",-40.0
401404073,2022,3,regular,2022-09-17T17:00:00.000Z,West Virginia,Big 12,65.0,Towson,CAA,7.0,"[{'provider': 'Bovada', 'spread': -41.0, 'formatted_spread': 'West Virginia -41.0', 'spread_open': -39.0, 'over_under': 58.5, 'over_under_open': 58.5, 'home_moneyline': None, 'away_moneyline': None}]",-41.0
401404117,2022,12,regular,2022-11-19T19:00:00.000Z,West Virginia,Big 12,31.0,Kansas State,Big 12,48.0,"[{'provider': 'Bovada', 'spread': 8.5, 'formatted_spread': 'Kansas State -8.5', 'spread_open': 7.5, 'over_under': 54.5, 'over_under_open': 55.0, 'home_moneyline': 240.0, 'away_moneyline': -290.0}]",8.5
401404038,2022,11,regular,2022-11-13T03:00:00.000Z,Utah,Pac-12,42.0,Stanford,Pac-12,7.0,"[{'provider': 'Bovada', 'spread': -24.0, 'formatted_spread': 'Utah -24.0', 'spread_open': -23.0, 'over_under': 54.0, 'over_under_open': 53.0, 'home_moneyline': -2800.0, 'away_moneyline': 1100.0}]",-24.0
401415227,2022,5,regular,2022-10-01T16:00:00.000Z,Air Force,Mountain West,13.0,Navy,American Athletic,10.0,"[{'provider': 'Bovada', 'spread': -13.5, 'formatted_spread': 'Air Force -13.5', 'spread_open': -16.0, 'over_under': 38.0, 'over_under_open': 38.0, 'home_moneyline': -700.0, 'away_moneyline': 475.0}]",-13.5
401415228,2022,5,regular,2022-10-01T00:00:00.000Z,Boise State,Mountain West,35.0,San Diego State,Mountain West,13.0,"[{'provider': 'Bovada', 'spread': -6.0, 'formatted_spread': 'Boise State -6.0', 'spread_open': -5.5, 'over_under': 38.0, 'over_under_open': 40.0, 'home_moneyline': -250.0, 'away_moneyline': 210.0}]",-6.0
401415229,2022,5,regular,2022-10-01T03:00:00.000Z,UNLV,Mountain West,31.0,New Mexico,Mountain West,20.0,"[{'provider': 'Bovada', 'spread': -14.0, 'formatted_spread': 'UNLV -14.0', 'spread_open': -16.0, 'over_under': 44.5, 'over_under_open': 45.5, 'home_moneyline': -850.0, 'away_moneyline': 550.0}]",-14.0
401405118,2022,8,regular,2022-10-22T19:30:00.000Z,Maryland,Big Ten,31.0,Northwestern,Big Ten,24.0,"[{'provider': 'Bovada', 'spread': -14.0, 'formatted_spread': 'Maryland -14.0', 'spread_open': -14.0, 'over_under': 51.0, 'over_under_open': 52.0, 'home_moneyline': -575.0, 'away_moneyline': 400.0}]",-14.0
401405119,2022,8,regular,2022-10-22T16:00:00.000Z,Ohio State,Big Ten,54.0,Iowa,Big Ten,10.0,"[{'provider': 'Bovada', 'spread': -30.0, 'formatted_spread': 'Ohio State -30.0', 'spread_open': -29.0, 'over_under': 50.0, 'over_under_open': 49.5, 'home_moneyline': None, 'away_moneyline': None}]",-30.0
401405120,2022,8,regular,2022-10-22T23:30:00.000Z,Penn State,Big Ten,45.0,Minnesota,Big Ten,17.0,"[{'provider': 'Bovada', 'spread': -5.5, 'formatted_spread': 'Penn State -5.5', 'spread_open': -5.0, 'over_under': 43.0, 'over_under_open': 44.0, 'home_moneyline': -210.0, 'away_moneyline': 175.0}]",-5.5
401414780,2022,3,regular,2022-09-17T19:30:00.000Z,UMass,FBS Independents,20.0,Stony Brook,CAA,3.0,"[{'provider': 'Bovada', 'spread': -1.0, 'formatted_spread': 'UMass -1.0', 'spread_open': -1.0, 'over_under': 44.0, 'over_under_open': 44.0, 'home_moneyline': None, 'away_moneyline': None}]",-1.0
401403884,2022,3,regular,2022-09-17T16:00:00.000Z,Kentucky,SEC,31.0,Youngstown State,MVFC,0.0,"[{'provider': 'Bovada', 'spread': -30.0, 'formatted_spread': 'Kentucky -30.0', 'spread_open': -30.0, 'over_under': 49.5, 'over_under_open': 49.5, 'home_moneyline': None, 'away_moneyline': None}]",-30.0
401404136,2022,3,regular,2022-09-17T16:00:00.000Z,Army,FBS Independents,49.0,Villanova,CAA,10.0,"[{'provider': 'Bovada', 'spread': -14.5, 'formatted_spread': 'Army -14.5', 'spread_open': -13.5, 'over_under': 56.0, 'over_under_open': 56.0, 'home_moneyline': None, 'away_moneyline': None}]",-14.5
401405083,2022,3,regular,2022-09-17T16:00:00.000Z,Northwestern,Big Ten,24.0,Southern Illinois,MVFC,31.0,"[{'provider': 'Bovada', 'spread': -14.0, 'formatted_spread': 'Northwestern -14.0', 'spread_open': -13.5, 'over_under': 58.0, 'over_under_open': 58.0, 'home_moneyline': None, 'away_moneyline': None}]",-14.0
401426379,2022,12,regular,2022-11-19T20:30:00.000Z,Southern Mississippi,Sun Belt,20.0,South Alabama,Sun Belt,27.0,"[{'provider': 'Bovada', 'spread': 7.5, 'formatted_spread': 'South Alabama -7.5', 'spread_open': 7.0, 'over_under': 45.0, 'over_under_open': 46.5, 'home_moneyline': 230.0, 'away_moneyline': -280.0}]",7.5
401403869,2022,2,regular,2022-09-10T16:00:00.000Z,Arkansas,SEC,44.0,South Carolina,SEC,30.0,"[{'provider': 'Bovada', 'spread': -9.5, 'formatted_spread': 'Arkansas -9.5', 'spread_open': -9.0, 'over_under': 56.5, 'over_under_open': 53.0, 'home_moneyline': -320.0, 'away_moneyline': 260.0}]",-9.5
401404148,2022,2,regular,2022-09-10T23:00:00.000Z,Connecticut,FBS Independents,14.0,Syracuse,ACC,48.0,"[{'provider': 'Bovada', 'spread': 23.5, 'formatted_spread': 'Syracuse -23.5', 'spread_open': 19.5, 'over_under': 49.5, 'over_under_open': 53.5, 'home_moneyline': 950.0, 'away_moneyline': -2000.0}]",23.5
401405072,2022,2,regular,2022-09-10T23:30:00.000Z,Nebraska,Big Ten,42.0,Georgia Southern,Sun Belt,45.0,"[{'provider': 'Bovada', 'spread': -23.5, 'formatted_spread': 'Nebraska -23.5', 'spread_open': -21.5, 'over_under': 64.0, 'over_under_open': 59.5, 'home_moneyline': -2800.0, 'away_moneyline': 1100.0}]",-23.5
401405085,2022,3,regular,2022-09-17T19:30:00.000Z,Wisconsin,Big Ten,66.0,New Mexico State,FBS Independents,7.0,"[{'provider': 'Bovada', 'spread': -37.5, 'formatted_spread': 'Wisconsin -37.5', 'spread_open': -37.0, 'over_under': 45.0, 'over_under_open': 47.5, 'home_moneyline': None, 'away_moneyline': None}]",-37.5
401411119,2022,4,regular,2022-09-24T16:00:00.000Z,Louisville,ACC,41.0,South Florida,American Athletic,3.0,"[{'provider': 'Bovada', 'spread': -15.5, 'formatted_spread': 'Louisville -15.5', 'spread_open': -13.0, 'over_under': 63.0, 'over_under_open': 64.0, 'home_moneyline': -550.0, 'away_moneyline': 390.0}]",-15.5
401405130,2022,10,regular,2022-11-05T16:00:00.000Z,Purdue,Big Ten,3.0,Iowa,Big Ten,24.0,"[{'provider': 'Bovada', 'spread': -3.5, 'formatted_spread': 'Purdue -3.5', 'spread_open': -4.0, 'over_under': 39.0, 'over_under_open': 43.0, 'home_moneyline': -195.0, 'away_moneyline': 165.0}]",-3.5
401411154,2022,10,regular,2022-11-06T00:00:00.000Z,NC State,ACC,30.0,Wake Forest,ACC,21.0,"[{'provider': 'Bovada', 'spread': 3.0, 'formatted_spread': 'Wake Forest -3.0', 'spread_open': 3.5, 'over_under': 54.0, 'over_under_open': 54.0, 'home_moneyline': 150.0, 'away_moneyline': -175.0}]",3.0
401411155,2022,10,regular,2022-11-05T19:30:00.000Z,Pittsburgh,ACC,19.0,Syracuse,ACC,9.0,"[{'provider': 'Bovada', 'spread': -3.5, 'formatted_spread': 'Pittsburgh -3.5', 'spread_open': -3.5, 'over_under': 47.5, 'over_under_open': 50.5, 'home_moneyline': -175.0, 'away_moneyline': 150.0}]",-3.5
401411156,2022,10,regular,2022-11-05T16:00:00.000Z,Virginia,ACC,28.0,North Carolina,ACC,31.0,"[{'provider': 'Bovada', 'spread': 7.5, 'formatted_spread': 'North Carolina -7.5', 'spread_open': 9.5, 'over_under': 61.5, 'over_under_open': 59.5, 'home_moneyline': 285.0, 'away_moneyline': -370.0}]",7.5
401411157,2022,10,regular,2022-11-05T16:30:00.000Z,Virginia Tech,ACC,27.0,Georgia Tech,ACC,28.0,"[{'provider': 'Bovada', 'spread': -4.0, 'formatted_spread': 'Virginia Tech -4.0', 'spread_open': -4.0, 'over_under': 40.5, 'over_under_open': 41.5, 'home_moneyline': -175.0, 'away_moneyline': 150.0}]",-4.0
401415250,2022,10,regular,2022-11-05T23:00:00.000Z,Boise State,Mountain West,28.0,BYU,FBS Independents,31.0,"[{'provider': 'Bovada', 'spread': -9.0, 'formatted_spread': 'Boise State -9.0', 'spread_open': -8.5, 'over_under': 54.0, 'over_under_open': 55.5, 'home_moneyline': -310.0, 'away_moneyline': 255.0}]",-9.0
401415251,2022,10,regular,2022-11-06T02:30:00.000Z,San José State,Mountain West,28.0,Colorado State,Mountain West,16.0,"[{'provider': 'Bovada', 'spread': -24.0, 'formatted_spread': 'San José State -24.0', 'spread_open': -22.0, 'over_under': 44.5, 'over_under_open': 45.0, 'home_moneyline': -2200.0, 'away_moneyline': 1000.0}]",-24.0
401415252,2022,10,regular,2022-11-05T19:30:00.000Z,Utah State,Mountain West,27.0,New Mexico,Mountain West,10.0,"[{'provider': 'Bovada', 'spread': -14.5, 'formatted_spread': 'Utah State -14.5', 'spread_open': -15.5, 'over_under': 42.5, 'over_under_open': 43.5, 'home_moneyline': -700.0, 'away_moneyline': 475.0}]",-14.5
401411093,2022,1,regular,2022-09-01T23:30:00.000Z,Wake Forest,ACC,44.0,VMI,Southern,10.0,"[{'provider': 'Bovada', 'spread': -33.5, 'formatted_spread': 'Wake Forest -33.5', 'spread_open': -31.5, 'over_under': 66.5, 'over_under_open': 67.5, 'home_moneyline': None, 'away_moneyline': None}]",-33.5
401426533,2022,1,regular,2022-09-01T23:00:00.000Z,Florida International,Conference USA,38.0,Bryant,Big South,37.0,"[{'provider': 'Bovada', 'spread': -10.5, 'formatted_spread': 'Florida International -10.5', 'spread_open': -10.0, 'over_under': 58.5, 'over_under_open': 54.0, 'home_moneyline': None, 'away_moneyline': None}]",-10.5
401415610,2022,1,regular,2022-09-01T23:00:00.000Z,UCF,American Athletic,56.0,South Carolina State,MEAC,10.0,"[{'provider': 'Bovada', 'spread': -43.5, 'formatted_spread': 'UCF -43.5', 'spread_open': -39.5, 'over_under': 58.5, 'over_under_open': 57.0, 'home_moneyline': None, 'away_moneyline': None}]",-43.5
401415253,2022,10,regular,2022-11-06T02:30:00.000Z,Fresno State,Mountain West,55.0,Hawai'i,Mountain West,13.0,"[{'provider': 'Bovada', 'spread': -27.5, 'formatted_spread': 'Fresno State -27.5', 'spread_open': -23.0, 'over_under': 62.0, 'over_under_open': 57.5, 'home_moneyline': -2500.0, 'away_moneyline': 1050.0}]",-27.5
401416608,2022,5,regular,2022-10-01T18:00:00.000Z,Ball State,Mid-American,44.0,Northern Illinois,Mid-American,38.0,"[{'provider': 'Bovada', 'spread': 3.0, 'formatted_spread': 'Northern Illinois -3.0', 'spread_open': 3.5, 'over_under': 58.5, 'over_under_open': 60.0, 'home_moneyline': 135.0, 'away_moneyline': -160.0}]",3.0
401416609,2022,5,regular,2022-10-01T19:30:00.000Z,Akron,Mid-American,28.0,Bowling Green,Mid-American,31.0,"[{'provider': 'Bovada', 'spread': 8.5, 'formatted_spread': 'Bowling Green -8.5', 'spread_open': 6.5, 'over_under': 49.5, 'over_under_open': 52.0, 'home_moneyline': 300.0, 'away_moneyline': -400.0}]",8.5
401416610,2022,5,regular,2022-10-01T19:30:00.000Z,Buffalo,Mid-American,24.0,Miami (OH),Mid-American,20.0,"[{'provider': 'Bovada', 'spread': -3.0, 'formatted_spread': 'Buffalo -3.0', 'spread_open': 1.5, 'over_under': 50.5, 'over_under_open': 52.5, 'home_moneyline': -110.0, 'away_moneyline': -110.0}]",-3.0
401416592,2022,1,regular,2022-09-02T00:00:00.000Z,Northern Illinois,Mid-American,34.0,Eastern Illinois,OVC,27.0,"[{'provider': 'Bovada', 'spread': -35.0, 'formatted_spread': 'Northern Illinois -35.0', 'spread_open': -35.0, 'over_under': 55.5, 'over_under_open': 54.0, 'home_moneyline': None, 'away_moneyline': None}]",-35.0
401413224,2022,1,regular,2022-09-02T02:30:00.000Z,Fresno State,Mountain West,35.0,Cal Poly,Big Sky,7.0,"[{'provider': 'Bovada', 'spread': -43.0, 'formatted_spread': 'Fresno State -43.0', 'spread_open': -41.0, 'over_under': 63.0, 'over_under_open': 59.5, 'home_moneyline': None, 'away_moneyline': None}]",-43.0
401415632,2022,6,regular,2022-10-08T19:30:00.000Z,Navy,American Athletic,53.0,Tulsa,American Athletic,21.0,"[{'provider': 'Bovada', 'spread': 4.5, 'formatted_spread': 'Tulsa -4.5', 'spread_open': 6.0, 'over_under': 45.5, 'over_under_open': 47.0, 'home_moneyline': 165.0, 'away_moneyline': -195.0}]",4.5
401404068,2022,3,regular,2022-09-17T20:00:00.000Z,Houston,American Athletic,30.0,Kansas,Big 12,48.0,"[{'provider': 'Bovada', 'spread': -8.5, 'formatted_spread': 'Houston -8.5', 'spread_open': -10.5, 'over_under': 58.5, 'over_under_open': 62.0, 'home_moneyline': -310.0, 'away_moneyline': 255.0}]",-8.5
401404069,2022,3,regular,2022-09-17T18:00:00.000Z,Iowa State,Big 12,43.0,Ohio,Mid-American,10.0,"[{'provider': 'Bovada', 'spread': -19.5, 'formatted_spread': 'Iowa State -19.5', 'spread_open': -21.5, 'over_under': 47.5, 'over_under_open': 49.0, 'home_moneyline': -1100.0, 'away_moneyline': 650.0}]",-19.5
401416605,2022,4,regular,2022-09-24T22:00:00.000Z,Georgia Southern,Sun Belt,34.0,Ball State,Mid-American,23.0,"[{'provider': 'Bovada', 'spread': -9.5, 'formatted_spread': 'Georgia Southern -9.5', 'spread_open': -8.5, 'over_under': 67.0, 'over_under_open': 61.5, 'home_moneyline': -340.0, 'away_moneyline': 270.0}]",-9.5
401405108,2022,6,regular,2022-10-08T16:00:00.000Z,Indiana,Big Ten,10.0,Michigan,Big Ten,31.0,"[{'provider': 'Bovada', 'spread': 23.5, 'formatted_spread': 'Michigan -23.5', 'spread_open': 21.5, 'over_under': 57.5, 'over_under_open': 57.5, 'home_moneyline': 1000.0, 'away_moneyline': -2200.0}]",23.5
401405109,2022,6,regular,2022-10-08T16:00:00.000Z,Maryland,Big Ten,29.0,Purdue,Big Ten,31.0,"[{'provider': 'Bovada', 'spread': -3.0, 'formatted_spread': 'Maryland -3.0', 'spread_open': -3.5, 'over_under': 59.5, 'over_under_open': 61.0, 'home_moneyline': -150.0, 'away_moneyline': 130.0}]",-3.0
401405110,2022,6,regular,2022-10-08T20:00:00.000Z,Michigan State,Big Ten,20.0,Ohio State,Big Ten,49.0,"[{'provider': 'Bovada', 'spread': 27.5, 'formatted_spread': 'Ohio State -27.5', 'spread_open': 25.5, 'over_under': 65.0, 'over_under_open': 62.0, 'home_moneyline': None, 'away_moneyline': None}]",27.5
401411131,2022,6,regular,2022-10-08T23:30:00.000Z,Boston College,ACC,3.0,Clemson,ACC,31.0,"[{'provider': 'Bovada', 'spread': 21.0, 'formatted_spread': 'Clemson -21.0', 'spread_open': 20.5, 'over_under': 49.0, 'over_under_open': 50.0, 'home_moneyline': 850.0, 'away_moneyline': -1800.0}]",21.0
401411132,2022,6,regular,2022-10-08T20:00:00.000Z,Georgia Tech,ACC,23.0,Duke,ACC,20.0,"[{'provider': 'Bovada', 'spread': 3.5, 'formatted_spread': 'Duke -3.5', 'spread_open': 3.5, 'over_under': 54.0, 'over_under_open': 55.5, 'home_moneyline': 125.0, 'away_moneyline': -145.0}]",3.5
401404099,2022,8,regular,2022-10-22T19:00:00.000Z,Texas Tech,Big 12,48.0,West Virginia,Big 12,10.0,"[{'provider': 'Bovada', 'spread': -4.5, 'formatted_spread': 'Texas Tech -4.5', 'spread_open': -4.0, 'over_under': 65.0, 'over_under_open': 69.0, 'home_moneyline': -280.0, 'away_moneyline': 230.0}]",-4.5
401403921,2022,7,regular,2022-10-15T19:30:00.000Z,Tennessee,SEC,52.0,Alabama,SEC,49.0,"[{'provider': 'Bovada', 'spread': 9.0, 'formatted_spread': 'Alabama -9.0', 'spread_open': 7.0, 'over_under': 68.0, 'over_under_open': 65.5, 'home_moneyline': 260.0, 'away_moneyline': -320.0}]",9.0
401416591,2022,1,regular,2022-09-02T23:00:00.000Z,Michigan State,Big Ten,35.0,Western Michigan,Mid-American,13.0,"[{'provider': 'Bovada', 'spread': -22.0, 'formatted_spread': 'Michigan State -22.0', 'spread_open': -19.0, 'over_under': 54.5, 'over_under_open': 54.5, 'home_moneyline': -1200.0, 'away_moneyline': 700.0}]",-22.0
401426330,2022,1,regular,2022-09-02T23:00:00.000Z,Old Dominion,Sun Belt,20.0,Virginia Tech,ACC,17.0,"[{'provider': 'Bovada', 'spread': 6.0, 'formatted_spread': 'Virginia Tech -6.0', 'spread_open': 7.0, 'over_under': 48.0, 'over_under_open': 52.5, 'home_moneyline': 260.0, 'away_moneyline': -320.0}]",6.0
401403854,2022,1,regular,2022-09-03T23:30:00.000Z,Alabama,SEC,55.0,Utah State,Mountain West,0.0,"[{'provider': 'Bovada', 'spread': -42.5, 'formatted_spread': 'Alabama -42.5', 'spread_open': -34.0, 'over_under': 63.0, 'over_under_open': 62.5, 'home_moneyline': None, 'away_moneyline': None}]",-42.5
401403855,2022,1,regular,2022-09-03T19:30:00.000Z,Arkansas,SEC,31.0,Cincinnati,American Athletic,24.0,"[{'provider': 'Bovada', 'spread': -7.0, 'formatted_spread': 'Arkansas -7.0', 'spread_open': -7.5, 'over_under': 54.5, 'over_under_open': 54.0, 'home_moneyline': -230.0, 'away_moneyline': 190.0}]",-7.0
401403857,2022,1,regular,2022-09-03T23:00:00.000Z,Florida,SEC,29.0,Utah,Pac-12,26.0,"[{'provider': 'Bovada', 'spread': 2.5, 'formatted_spread': 'Utah -2.5', 'spread_open': 0.0, 'over_under': 51.5, 'over_under_open': 52.5, 'home_moneyline': 120.0, 'away_moneyline': -140.0}]",2.5
401403859,2022,1,regular,2022-09-03T23:00:00.000Z,Kentucky,SEC,37.0,Miami (OH),Mid-American,13.0,"[{'provider': 'Bovada', 'spread': -16.0, 'formatted_spread': 'Kentucky -16.0', 'spread_open': -21.0, 'over_under': 55.0, 'over_under_open': 49.5, 'home_moneyline': -1100.0, 'away_moneyline': 650.0}]",-16.0
401403860,2022,1,regular,2022-09-03T20:00:00.000Z,Ole Miss,SEC,28.0,Troy,Sun Belt,10.0,"[{'provider': 'Bovada', 'spread': -21.0, 'formatted_spread': 'Ole Miss -21.0', 'spread_open': -21.0, 'over_under': 57.0, 'over_under_open': 61.0, 'home_moneyline': -2200.0, 'away_moneyline': 1000.0}]",-21.0
401403861,2022,1,regular,2022-09-03T23:30:00.000Z,Mississippi State,SEC,49.0,Memphis,American Athletic,23.0,"[{'provider': 'Bovada', 'spread': -17.0, 'formatted_spread': 'Mississippi State -17.0', 'spread_open': -13.5, 'over_under': 58.0, 'over_under_open': 56.5, 'home_moneyline': -625.0, 'away_moneyline': 430.0}]",-17.0
401403863,2022,1,regular,2022-09-03T23:30:00.000Z,South Carolina,SEC,35.0,Georgia State,Sun Belt,14.0,"[{'provider': 'Bovada', 'spread': -12.5, 'formatted_spread': 'South Carolina -12.5', 'spread_open': -11.0, 'over_under': 54.5, 'over_under_open': 56.0, 'home_moneyline': -480.0, 'away_moneyline': 350.0}]",-12.5
401411122,2022,4,regular,2022-09-24T20:00:00.000Z,UCF,American Athletic,27.0,Georgia Tech,ACC,10.0,"[{'provider': 'Bovada', 'spread': -21.5, 'formatted_spread': 'UCF -21.5', 'spread_open': -18.0, 'over_under': 56.5, 'over_under_open': 57.5, 'home_moneyline': -1200.0, 'away_moneyline': 700.0}]",-21.5
401411123,2022,4,regular,2022-09-24T16:00:00.000Z,Wake Forest,ACC,45.0,Clemson,ACC,51.0,"[{'provider': 'Bovada', 'spread': 8.0, 'formatted_spread': 'Clemson -8.0', 'spread_open': 7.0, 'over_under': 58.0, 'over_under_open': 56.5, 'home_moneyline': 235.0, 'away_moneyline': -285.0}]",8.0
401414781,2022,4,regular,2022-09-24T18:00:00.000Z,Temple,American Athletic,28.0,UMass,FBS Independents,0.0,"[{'provider': 'Bovada', 'spread': -10.5, 'formatted_spread': 'Temple -10.5', 'spread_open': -9.5, 'over_under': 44.0, 'over_under_open': 44.5, 'home_moneyline': -370.0, 'away_moneyline': 285.0}]",-10.5
401426567,2022,4,regular,2022-09-24T23:00:00.000Z,South Alabama,Sun Belt,38.0,Louisiana Tech,Conference USA,14.0,"[{'provider': 'Bovada', 'spread': -13.0, 'formatted_spread': 'South Alabama -13.0', 'spread_open': -12.5, 'over_under': 59.0, 'over_under_open': 60.0, 'home_moneyline': -525.0, 'away_moneyline': 375.0}]",-13.0
401426568,2022,4,regular,2022-09-24T19:30:00.000Z,Miami,ACC,31.0,Middle Tennessee,Conference USA,45.0,"[{'provider': 'Bovada', 'spread': -25.5, 'formatted_spread': 'Miami -25.5', 'spread_open': -26.0, 'over_under': 53.5, 'over_under_open': 53.5, 'home_moneyline': -5000.0, 'away_moneyline': 1300.0}]",-25.5
401426569,2022,4,regular,2022-09-24T19:30:00.000Z,Memphis,American Athletic,44.0,North Texas,Conference USA,34.0,"[{'provider': 'Bovada', 'spread': -13.0, 'formatted_spread': 'Memphis -13.0', 'spread_open': -12.5, 'over_under': 68.5, 'over_under_open': 68.5, 'home_moneyline': -470.0, 'away_moneyline': 345.0}]",-13.0
401426570,2022,4,regular,2022-09-24T22:00:00.000Z,Houston,American Athletic,34.0,Rice,Conference USA,27.0,"[{'provider': 'Bovada', 'spread': -17.5, 'formatted_spread': 'Houston -17.5', 'spread_open': -17.0, 'over_under': 52.5, 'over_under_open': 57.5, 'home_moneyline': -900.0, 'away_moneyline': 575.0}]",-17.5
401426595,2022,9,regular,2022-10-29T23:00:00.000Z,Florida Atlantic,Conference USA,24.0,UAB,Conference USA,17.0,"[{'provider': 'Bovada', 'spread': 5.0, 'formatted_spread': 'UAB -5.0', 'spread_open': 5.0, 'over_under': 45.0, 'over_under_open': 48.0, 'home_moneyline': 200.0, 'away_moneyline': -240.0}]",5.0
401426596,2022,9,regular,2022-10-30T01:00:00.000Z,UTEP,Conference USA,13.0,Middle Tennessee,Conference USA,24.0,"[{'provider': 'Bovada', 'spread': -2.5, 'formatted_spread': 'UTEP -2.5', 'spread_open': -1.5, 'over_under': 52.0, 'over_under_open': 53.5, 'home_moneyline': -115.0, 'away_moneyline': -105.0}]",-2.5
401426597,2022,9,regular,2022-10-29T19:30:00.000Z,Western Kentucky,Conference USA,13.0,North Texas,Conference USA,40.0,"[{'provider': 'Bovada', 'spread': -10.0, 'formatted_spread': 'Western Kentucky -10.0', 'spread_open': -9.5, 'over_under': 70.0, 'over_under_open': 71.5, 'home_moneyline': -360.0, 'away_moneyline': 280.0}]",-10.0
401416632,2022,10,regular,2022-11-01T23:00:00.000Z,Kent State,Mid-American,20.0,Ball State,Mid-American,27.0,"[{'provider': 'Bovada', 'spread': -7.0, 'formatted_spread': 'Kent State -7.0', 'spread_open': -4.0, 'over_under': 62.0, 'over_under_open': 61.5, 'home_moneyline': -270.0, 'away_moneyline': 220.0}]",-7.0
401404107,2022,10,regular,2022-11-05T23:00:00.000Z,Kansas State,Big 12,27.0,Texas,Big 12,34.0,"[{'provider': 'Bovada', 'spread': 3.0, 'formatted_spread': 'Texas -3.0', 'spread_open': 1.5, 'over_under': 55.0, 'over_under_open': 54.5, 'home_moneyline': 125.0, 'away_moneyline': -145.0}]",3.0
401404108,2022,10,regular,2022-11-05T16:00:00.000Z,TCU,Big 12,34.0,Texas Tech,Big 12,24.0,"[{'provider': 'Bovada', 'spread': -8.5, 'formatted_spread': 'TCU -8.5', 'spread_open': -10.0, 'over_under': 69.0, 'over_under_open': 71.0, 'home_moneyline': -400.0, 'away_moneyline': 300.0}]",-8.5
401404130,2022,10,regular,2022-11-05T23:30:00.000Z,Notre Dame,FBS Independents,35.0,Clemson,ACC,14.0,"[{'provider': 'Bovada', 'spread': 4.0, 'formatted_spread': 'Clemson -4.0', 'spread_open': 4.0, 'over_under': 43.5, 'over_under_open': 48.0, 'home_moneyline': 140.0, 'away_moneyline': -165.0}]",4.0
401404116,2022,12,regular,2022-11-19T20:30:00.000Z,Kansas,Big 12,14.0,Texas,Big 12,55.0,"[{'provider': 'Bovada', 'spread': 9.0, 'formatted_spread': 'Texas -9.0', 'spread_open': 9.0, 'over_under': 63.5, 'over_under_open': 64.5, 'home_moneyline': 275.0, 'away_moneyline': -350.0}]",9.0
401422998,2022,3,regular,2022-09-17T16:00:00.000Z,Lehigh,Patriot,6.0,Richmond,CAA,30.0,"[{'provider': 'Bovada', 'spread': 16.0, 'formatted_spread': 'Richmond -16.0', 'spread_open': 16.0, 'over_under': 47.0, 'over_under_open': 47.0, 'home_moneyline': None, 'away_moneyline': None}]",16.0
401423914,2022,3,regular,2022-09-17T17:00:00.000Z,Pennsylvania,Ivy,25.0,Colgate,Patriot,14.0,"[{'provider': 'Bovada', 'spread': -3.0, 'formatted_spread': 'Pennsylvania -3.0', 'spread_open': -3.0, 'over_under': None, 'over_under_open': None, 'home_moneyline': None, 'away_moneyline': None}]",-3.0
401404031,2022,10,regular,2022-11-05T02:30:00.000Z,Washington,Pac-12,24.0,Oregon State,Pac-12,21.0,"[{'provider': 'Bovada', 'spread': -4.5, 'formatted_spread': 'Washington -4.5', 'spread_open': -4.5, 'over_under': 53.5, 'over_under_open': 60.5, 'home_moneyline': -200.0, 'away_moneyline': 170.0}]",-4.5
401426362,2022,9,regular,2022-10-29T23:00:00.000Z,Marshall,Sun Belt,13.0,Coastal Carolina,Sun Belt,24.0,"[{'provider': 'Bovada', 'spread': -2.5, 'formatted_spread': 'Marshall -2.5', 'spread_open': -2.0, 'over_under': 54.0, 'over_under_open': 55.0, 'home_moneyline': -140.0, 'away_moneyline': 120.0}]",-2.5
401405132,2022,10,regular,2022-11-05T19:30:00.000Z,Indiana,Big Ten,14.0,Penn State,Big Ten,45.0,"[{'provider': 'Bovada', 'spread': 13.5, 'formatted_spread': 'Penn State -13.5', 'spread_open': 13.5, 'over_under': 50.5, 'over_under_open': 54.5, 'home_moneyline': 375.0, 'away_moneyline': -525.0}]",13.5
401405133,2022,10,regular,2022-11-05T23:30:00.000Z,Rutgers,Big Ten,17.0,Michigan,Big Ten,52.0,"[{'provider': 'Bovada', 'spread': 26.5, 'formatted_spread': 'Michigan -26.5', 'spread_open': 26.5, 'over_under': 45.0, 'over_under_open': 46.0, 'home_moneyline': 1250.0, 'away_moneyline': -4500.0}]",26.5
401411152,2022,10,regular,2022-11-05T23:30:00.000Z,Louisville,ACC,34.0,James Madison,Sun Belt,10.0,"[{'provider': 'Bovada', 'spread': -6.5, 'formatted_spread': 'Louisville -6.5', 'spread_open': -8.5, 'over_under': 53.5, 'over_under_open': 55.0, 'home_moneyline': -280.0, 'away_moneyline': 230.0}]",-6.5
401426601,2022,10,regular,2022-11-03T23:00:00.000Z,Rice,Conference USA,37.0,UTEP,Conference USA,30.0,"[{'provider': 'Bovada', 'spread': -3.5, 'formatted_spread': 'Rice -3.5', 'spread_open': -3.5, 'over_under': 47.0, 'over_under_open': 48.0, 'home_moneyline': -175.0, 'away_moneyline': 150.0}]",-3.5
401426602,2022,10,regular,2022-11-05T19:30:00.000Z,UAB,Conference USA,38.0,UT San Antonio,Conference USA,44.0,"[{'provider': 'Bovada', 'spread': 2.5, 'formatted_spread': 'UT San Antonio -2.5', 'spread_open': 1.0, 'over_under': 53.0, 'over_under_open': 52.0, 'home_moneyline': 105.0, 'away_moneyline': -125.0}]",2.5
401403991,2022,3,regular,2022-09-17T18:00:00.000Z,UCLA,Pac-12,32.0,South Alabama,Sun Belt,31.0,"[{'provider': 'Bovada', 'spread': -15.5, 'formatted_spread': 'UCLA -15.5', 'spread_open': -14.0, 'over_under': 59.0, 'over_under_open': 59.0, 'home_moneyline': -650.0, 'away_moneyline': 450.0}]",-15.5
401403992,2022,3,regular,2022-09-18T02:30:00.000Z,USC,Pac-12,45.0,Fresno State,Mountain West,17.0,"[{'provider': 'Bovada', 'spread': -12.0, 'formatted_spread': 'USC -12.0', 'spread_open': -13.0, 'over_under': 71.5, 'over_under_open': 71.0, 'home_moneyline': -450.0, 'away_moneyline': 335.0}]",-12.0
401403993,2022,3,regular,2022-09-18T02:00:00.000Z,Utah,Pac-12,35.0,San Diego State,Mountain West,7.0,"[{'provider': 'Bovada', 'spread': -22.5, 'formatted_spread': 'Utah -22.5', 'spread_open': -21.0, 'over_under': 48.5, 'over_under_open': 49.5, 'home_moneyline': -1800.0, 'away_moneyline': 850.0}]",-22.5
401403994,2022,3,regular,2022-09-17T23:30:00.000Z,Washington,Pac-12,39.0,Michigan State,Big Ten,28.0,"[{'provider': 'Bovada', 'spread': -3.5, 'formatted_spread': 'Washington -3.5', 'spread_open': -1.0, 'over_under': 56.5, 'over_under_open': 55.0, 'home_moneyline': -165.0, 'away_moneyline': 140.0}]",-3.5
401403995,2022,3,regular,2022-09-17T21:00:00.000Z,Washington State,Pac-12,38.0,Colorado State,Mountain West,7.0,"[{'provider': 'Bovada', 'spread': -17.0, 'formatted_spread': 'Washington State -17.0', 'spread_open': -16.5, 'over_under': 52.0, 'over_under_open': 53.0, 'home_moneyline': -800.0, 'away_moneyline': 525.0}]",-17.0
401404070,2022,3,regular,2022-09-17T16:00:00.000Z,Nebraska,Big Ten,14.0,Oklahoma,Big 12,49.0,"[{'provider': 'Bovada', 'spread': 10.5, 'formatted_spread': 'Oklahoma -10.5', 'spread_open': 14.0, 'over_under': 65.5, 'over_under_open': 64.5, 'home_moneyline': 325.0, 'away_moneyline': -450.0}]",10.5
401405070,2022,2,regular,2022-09-10T20:00:00.000Z,Illinois,Big Ten,24.0,Virginia,ACC,3.0,"[{'provider': 'Bovada', 'spread': -3.5, 'formatted_spread': 'Illinois -3.5', 'spread_open': -3.5, 'over_under': 55.0, 'over_under_open': 56.5, 'home_moneyline': -175.0, 'away_moneyline': 150.0}]",-3.5
401421121,2022,1,regular,2022-09-03T23:00:00.000Z,Louisiana,Sun Belt,24.0,Southeastern Louisiana,Southland,7.0,"[{'provider': 'Bovada', 'spread': -13.0, 'formatted_spread': 'Louisiana -13.0', 'spread_open': -13.0, 'over_under': 61.0, 'over_under_open': 61.0, 'home_moneyline': -550.0, 'away_moneyline': 390.0}]",-13.0
401424416,2022,1,regular,2022-09-03T23:00:00.000Z,Baylor,Big 12,69.0,Albany,CAA,10.0,"[{'provider': 'Bovada', 'spread': -43.0, 'formatted_spread': 'Baylor -43.0', 'spread_open': -42.5, 'over_under': 47.5, 'over_under_open': 45.5, 'home_moneyline': None, 'away_moneyline': None}]",-43.0
401425418,2022,1,regular,2022-09-03T23:00:00.000Z,Arkansas State,Sun Belt,58.0,Grambling,SWAC,3.0,"[{'provider': 'Bovada', 'spread': -25.5, 'formatted_spread': 'Arkansas State -25.5', 'spread_open': -24.5, 'over_under': 57.0, 'over_under_open': 58.5, 'home_moneyline': None, 'away_moneyline': None}]",-25.5
401403970,2022,1,regular,2022-09-04T00:00:00.000Z,Stanford,Pac-12,41.0,Colgate,Patriot,10.0,"[{'provider': 'Bovada', 'spread': -39.0, 'formatted_spread': 'Stanford -39.0', 'spread_open': -40.0, 'over_under': 52.0, 'over_under_open': 51.0, 'home_moneyline': None, 'away_moneyline': None}]",-39.0
401404055,2022,1,regular,2022-09-04T00:00:00.000Z,Texas Tech,Big 12,63.0,Murray State,OVC,10.0,"[{'provider': 'Bovada', 'spread': -39.0, 'formatted_spread': 'Texas Tech -39.0', 'spread_open': -38.0, 'over_under': 64.5, 'over_under_open': 60.0, 'home_moneyline': None, 'away_moneyline': None}]",-39.0
401403974,2022,1,regular,2022-09-04T01:30:00.000Z,Washington State,Pac-12,24.0,Idaho,Big Sky,17.0,"[{'provider': 'Bovada', 'spread': -29.0, 'formatted_spread': 'Washington State -29.0', 'spread_open': -28.0, 'over_under': 63.5, 'over_under_open': 61.5, 'home_moneyline': None, 'away_moneyline': None}]",-29.0
401415015,2022,1,regular,2022-09-03T19:30:00.000Z,Marshall,Sun Belt,55.0,Norfolk State,MEAC,3.0,"[{'provider': 'Bovada', 'spread': -40.5, 'formatted_spread': 'Marshall -40.5', 'spread_open': -40.5, 'over_under': 59.0, 'over_under_open': 59.0, 'home_moneyline': None, 'away_moneyline': None}]",-40.5
401403968,2022,1,regular,2022-09-03T20:00:00.000Z,California,Pac-12,34.0,UC Davis,Big Sky,13.0,"[{'provider': 'Bovada', 'spread': -14.0, 'formatted_spread': 'California -14.0', 'spread_open': -13.5, 'over_under': 44.0, 'over_under_open': 44.0, 'home_moneyline': -600.0, 'away_moneyline': 425.0}]",-14.0
401421116,2022,1,regular,2022-09-03T21:00:00.000Z,South Alabama,Sun Belt,48.0,Nicholls,Southland,7.0,"[{'provider': 'Bovada', 'spread': -13.5, 'formatted_spread': 'South Alabama -13.5', 'spread_open': -13.5, 'over_under': 53.0, 'over_under_open': 53.0, 'home_moneyline': -575.0, 'away_moneyline': 400.0}]",-13.5
401420777,2022,1,regular,2022-09-03T22:00:00.000Z,Georgia Southern,Sun Belt,59.0,Morgan State,MEAC,7.0,"[{'provider': 'Bovada', 'spread': -39.5, 'formatted_spread': 'Georgia Southern -39.5', 'spread_open': -39.5, 'over_under': 54.0, 'over_under_open': 53.5, 'home_moneyline': None, 'away_moneyline': None}]",-39.5
401403856,2022,1,regular,2022-09-03T23:00:00.000Z,Auburn,SEC,42.0,Mercer,Southern,16.0,"[{'provider': 'Bovada', 'spread': -30.0, 'formatted_spread': 'Auburn -30.0', 'spread_open': -29.0, 'over_under': 51.5, 'over_under_open': 50.0, 'home_moneyline': None, 'away_moneyline': None}]",-30.0
401403866,2022,1,regular,2022-09-03T23:00:00.000Z,Vanderbilt,SEC,42.0,Elon,CAA,31.0,"[{'provider': 'Bovada', 'spread': -20.0, 'formatted_spread': 'Vanderbilt -20.0', 'spread_open': -18.0, 'over_under': 51.0, 'over_under_open': 51.0, 'home_moneyline': None, 'away_moneyline': None}]",-20.0
401404056,2022,1,regular,2022-09-03T23:00:00.000Z,Kansas State,Big 12,34.0,South Dakota,MVFC,0.0,"[{'provider': 'Bovada', 'spread': -27.0, 'formatted_spread': 'Kansas State -27.0', 'spread_open': -25.0, 'over_under': 50.0, 'over_under_open': 47.5, 'home_moneyline': None, 'away_moneyline': None}]",-27.0
401415209,2022,1,regular,2022-09-03T17:00:00.000Z,Air Force,Mountain West,48.0,Northern Iowa,MVFC,17.0,"[{'provider': 'Bovada', 'spread': -16.0, 'formatted_spread': 'Air Force -16.0', 'spread_open': -15.0, 'over_under': 47.0, 'over_under_open': 44.0, 'home_moneyline': None, 'away_moneyline': None}]",-16.0
401415210,2022,1,regular,2022-09-04T00:00:00.000Z,New Mexico,Mountain West,41.0,Maine,CAA,0.0,"[{'provider': 'Bovada', 'spread': -6.5, 'formatted_spread': 'New Mexico -6.5', 'spread_open': -5.0, 'over_under': 42.0, 'over_under_open': 42.0, 'home_moneyline': -210.0, 'away_moneyline': 175.0}]",-6.5
401404147,2022,1,regular,2022-09-03T16:00:00.000Z,Connecticut,FBS Independents,28.0,Central Connecticut,NEC,3.0,"[{'provider': 'Bovada', 'spread': -21.0, 'formatted_spread': 'Connecticut -21.0', 'spread_open': -20.0, 'over_under': 51.0, 'over_under_open': 51.5, 'home_moneyline': None, 'away_moneyline': None}]",-21.0
401404013,2022,7,regular,2022-10-15T21:30:00.000Z,Washington,Pac-12,49.0,Arizona,Pac-12,39.0,"[{'provider': 'Bovada', 'spread': -14.5, 'formatted_spread': 'Washington -14.5', 'spread_open': -15.5, 'over_under': 71.5, 'over_under_open': 73.5, 'home_moneyline': None, 'away_moneyline': 500.0}]",-14.5
401404014,2022,7,regular,2022-10-15T18:00:00.000Z,Colorado,Pac-12,20.0,California,Pac-12,13.0,"[{'provider': 'Bovada', 'spread': 15.0, 'formatted_spread': 'California -15.0', 'spread_open': 14.5, 'over_under': 48.5, 'over_under_open': 49.0, 'home_moneyline': 460.0, 'away_moneyline': -675.0}]",15.0
401426571,2022,4,regular,2022-09-24T01:00:00.000Z,UTEP,Conference USA,27.0,Boise State,Mountain West,10.0,"[{'provider': 'Bovada', 'spread': 16.0, 'formatted_spread': 'Boise State -16.0', 'spread_open': 15.5, 'over_under': 45.0, 'over_under_open': 46.5, 'home_moneyline': 525.0, 'away_moneyline': -800.0}]",16.0
401404155,2022,10,regular,2022-11-04T23:00:00.000Z,Connecticut,FBS Independents,27.0,UMass,FBS Independents,10.0,"[{'provider': 'Bovada', 'spread': -15.5, 'formatted_spread': 'Connecticut -15.5', 'spread_open': -15.5, 'over_under': 39.0, 'over_under_open': 41.0, 'home_moneyline': -750.0, 'away_moneyline': 500.0}]",-15.5
401405127,2022,10,regular,2022-11-05T19:30:00.000Z,Illinois,Big Ten,15.0,Michigan State,Big Ten,23.0,"[{'provider': 'Bovada', 'spread': -16.0, 'formatted_spread': 'Illinois -16.0', 'spread_open': -15.5, 'over_under': 41.0, 'over_under_open': 43.5, 'home_moneyline': -800.0, 'away_moneyline': 525.0}]",-16.0
401405128,2022,10,regular,2022-11-05T16:00:00.000Z,Nebraska,Big Ten,13.0,Minnesota,Big Ten,20.0,"[{'provider': 'Bovada', 'spread': 14.5, 'formatted_spread': 'Minnesota -14.5', 'spread_open': 12.5, 'over_under': 44.5, 'over_under_open': 47.0, 'home_moneyline': 475.0, 'away_moneyline': -700.0}]",14.5
401405129,2022,10,regular,2022-11-05T16:00:00.000Z,Northwestern,Big Ten,7.0,Ohio State,Big Ten,21.0,"[{'provider': 'Bovada', 'spread': 38.0, 'formatted_spread': 'Ohio State -38.0', 'spread_open': 38.5, 'over_under': 55.0, 'over_under_open': 62.5, 'home_moneyline': None, 'away_moneyline': None}]",38.0
401405131,2022,10,regular,2022-11-05T16:00:00.000Z,Wisconsin,Big Ten,23.0,Maryland,Big Ten,10.0,"[{'provider': 'Bovada', 'spread': -5.0, 'formatted_spread': 'Wisconsin -5.0', 'spread_open': -5.5, 'over_under': 47.5, 'over_under_open': 53.0, 'home_moneyline': -210.0, 'away_moneyline': 175.0}]",-5.0
401404150,2022,4,regular,2022-09-24T23:30:00.000Z,NC State,ACC,41.0,Connecticut,FBS Independents,10.0,"[{'provider': 'Bovada', 'spread': -38.5, 'formatted_spread': 'NC State -38.5', 'spread_open': -39.5, 'over_under': 48.0, 'over_under_open': 50.5, 'home_moneyline': None, 'away_moneyline': None}]",-38.5
401405087,2022,3,regular,2022-09-17T23:30:00.000Z,Maryland,Big Ten,34.0,SMU,American Athletic,27.0,"[{'provider': 'Bovada', 'spread': -3.0, 'formatted_spread': 'Maryland -3.0', 'spread_open': -2.5, 'over_under': 74.0, 'over_under_open': 70.0, 'home_moneyline': -145.0, 'away_moneyline': 125.0}]",-3.0
401403887,2022,3,regular,2022-09-17T16:00:00.000Z,Missouri,SEC,34.0,Abilene Christian,Western Athletic,17.0,"[{'provider': 'Bovada', 'spread': -31.5, 'formatted_spread': 'Missouri -31.5', 'spread_open': -31.5, 'over_under': 56.5, 'over_under_open': 56.5, 'home_moneyline': None, 'away_moneyline': None}]",-31.5
401404115,2022,12,regular,2022-11-20T00:00:00.000Z,Iowa State,Big 12,10.0,Texas Tech,Big 12,14.0,"[{'provider': 'Bovada', 'spread': -3.5, 'formatted_spread': 'Iowa State -3.5', 'spread_open': -3.5, 'over_under': 47.0, 'over_under_open': 48.0, 'home_moneyline': -170.0, 'away_moneyline': 145.0}]",-3.5
401426535,2022,1,regular,2022-09-02T23:00:00.000Z,Charlotte,Conference USA,24.0,William & Mary,CAA,41.0,"[{'provider': 'Bovada', 'spread': -4.5, 'formatted_spread': 'Charlotte -4.5', 'spread_open': -2.5, 'over_under': 52.0, 'over_under_open': 52.0, 'home_moneyline': -185.0, 'away_moneyline': 160.0}]",-4.5
401416590,2022,1,regular,2022-09-02T23:00:00.000Z,Eastern Michigan,Mid-American,42.0,Eastern Kentucky,Atlantic Sun,34.0,"[{'provider': 'Bovada', 'spread': -10.5, 'formatted_spread': 'Eastern Michigan -10.5', 'spread_open': -13.0, 'over_under': 58.0, 'over_under_open': 58.0, 'home_moneyline': -435.0, 'away_moneyline': 325.0}]",-10.5
401405061,2022,1,regular,2022-09-03T00:00:00.000Z,Indiana,Big Ten,23.0,Illinois,Big Ten,20.0,"[{'provider': 'Bovada', 'spread': -1.0, 'formatted_spread': 'Indiana -1.0', 'spread_open': -3.0, 'over_under': 48.0, 'over_under_open': 48.5, 'home_moneyline': -115.0, 'away_moneyline': -105.0}]",-1.0
401416611,2022,5,regular,2022-10-01T19:30:00.000Z,Kent State,Mid-American,31.0,Ohio,Mid-American,24.0,"[{'provider': 'Bovada', 'spread': -13.0, 'formatted_spread': 'Kent State -13.0', 'spread_open': -7.0, 'over_under': 65.5, 'over_under_open': 69.0, 'home_moneyline': -390.0, 'away_moneyline': 295.0}]",-13.0
401411094,2022,1,regular,2022-09-02T23:30:00.000Z,Duke,ACC,30.0,Temple,American Athletic,0.0,"[{'provider': 'Bovada', 'spread': -9.5, 'formatted_spread': 'Duke -9.5', 'spread_open': -6.5, 'over_under': 51.0, 'over_under_open': 54.0, 'home_moneyline': -260.0, 'away_moneyline': 215.0}]",-9.5
401426337,2022,5,regular,2022-10-01T23:00:00.000Z,Coastal Carolina,Sun Belt,34.0,Georgia Southern,Sun Belt,30.0,"[{'provider': 'Bovada', 'spread': -9.5, 'formatted_spread': 'Coastal Carolina -9.5', 'spread_open': -10.0, 'over_under': 70.0, 'over_under_open': 68.5, 'home_moneyline': -390.0, 'away_moneyline': 295.0}]",-9.5
401404052,2022,1,regular,2022-09-03T00:00:00.000Z,Kansas,Big 12,56.0,Tennessee Tech,OVC,10.0,"[{'provider': 'Bovada', 'spread': -30.0, 'formatted_spread': 'Kansas -30.0', 'spread_open': -31.0, 'over_under': 62.0, 'over_under_open': 60.0, 'home_moneyline': None, 'away_moneyline': None}]",-30.0
401426338,2022,5,regular,2022-10-01T17:30:00.000Z,James Madison,Sun Belt,40.0,Texas State,Sun Belt,13.0,"[{'provider': 'Bovada', 'spread': -21.5, 'formatted_spread': 'James Madison -21.5', 'spread_open': -20.5, 'over_under': 51.5, 'over_under_open': 55.0, 'home_moneyline': -2500.0, 'away_moneyline': 1050.0}]",-21.5
401403966,2022,1,regular,2022-09-03T02:00:00.000Z,Colorado,Pac-12,13.0,TCU,Big 12,38.0,"[{'provider': 'Bovada', 'spread': 14.0, 'formatted_spread': 'TCU -14.0', 'spread_open': 8.0, 'over_under': 59.5, 'over_under_open': 54.5, 'home_moneyline': 290.0, 'away_moneyline': -380.0}]",14.0
401426340,2022,5,regular,2022-10-01T23:00:00.000Z,Arkansas State,Sun Belt,45.0,Louisiana Monroe,Sun Belt,28.0,"[{'provider': 'Bovada', 'spread': -7.5, 'formatted_spread': 'Arkansas State -7.5', 'spread_open': -7.5, 'over_under': 58.5, 'over_under_open': 60.0, 'home_moneyline': -280.0, 'away_moneyline': 230.0}]",-7.5
401426341,2022,5,regular,2022-10-01T21:00:00.000Z,Louisiana,Sun Belt,17.0,South Alabama,Sun Belt,20.0,"[{'provider': 'Bovada', 'spread': 8.5, 'formatted_spread': 'South Alabama -8.5', 'spread_open': 5.5, 'over_under': 47.0, 'over_under_open': 50.0, 'home_moneyline': 280.0, 'away_moneyline': -360.0}]",8.5
401426573,2022,5,regular,2022-10-01T22:00:00.000Z,Charlotte,Conference USA,35.0,UTEP,Conference USA,41.0,"[{'provider': 'Bovada', 'spread': 3.5, 'formatted_spread': 'UTEP -3.5', 'spread_open': 3.0, 'over_under': 56.0, 'over_under_open': 58.0, 'home_moneyline': 120.0, 'away_moneyline': -140.0}]",3.5
401426574,2022,5,regular,2022-10-02T00:00:00.000Z,New Mexico State,FBS Independents,7.0,Florida International,Conference USA,21.0,"[{'provider': 'Bovada', 'spread': -16.0, 'formatted_spread': 'New Mexico State -16.0', 'spread_open': -15.0, 'over_under': 54.0, 'over_under_open': 55.5, 'home_moneyline': -600.0, 'away_moneyline': 425.0}]",-16.0
401426575,2022,5,regular,2022-10-01T20:00:00.000Z,North Texas,Conference USA,45.0,Florida Atlantic,Conference USA,28.0,"[{'provider': 'Bovada', 'spread': 3.0, 'formatted_spread': 'Florida Atlantic -3.0', 'spread_open': 3.0, 'over_under': 67.5, 'over_under_open': 67.0, 'home_moneyline': 135.0, 'away_moneyline': -160.0}]",3.0
401426576,2022,5,regular,2022-09-30T23:30:00.000Z,Middle Tennessee,Conference USA,30.0,UT San Antonio,Conference USA,45.0,"[{'provider': 'Bovada', 'spread': 4.5, 'formatted_spread': 'UT San Antonio -4.5', 'spread_open': 6.0, 'over_under': 64.0, 'over_under_open': 63.0, 'home_moneyline': 175.0, 'away_moneyline': -190.0}]",4.5
401426577,2022,5,regular,2022-10-01T23:30:00.000Z,Rice,Conference USA,28.0,UAB,Conference USA,24.0,"[{'provider': 'Bovada', 'spread': 10.5, 'formatted_spread': 'UAB -10.5', 'spread_open': 9.5, 'over_under': 51.0, 'over_under_open': 52.0, 'home_moneyline': 295.0, 'away_moneyline': -390.0}]",10.5
401426578,2022,5,regular,2022-10-01T23:00:00.000Z,Western Kentucky,Conference USA,27.0,Troy,Sun Belt,34.0,"[{'provider': 'Bovada', 'spread': -5.0, 'formatted_spread': 'Western Kentucky -5.0', 'spread_open': -6.0, 'over_under': 55.0, 'over_under_open': 57.5, 'home_moneyline': -210.0, 'away_moneyline': 175.0}]",-5.0
401405111,2022,6,regular,2022-10-07T23:00:00.000Z,Rutgers,Big Ten,13.0,Nebraska,Big Ten,14.0,"[{'provider': 'Bovada', 'spread': 3.0, 'formatted_spread': 'Nebraska -3.0', 'spread_open': 2.5, 'over_under': 50.5, 'over_under_open': 51.0, 'home_moneyline': 130.0, 'away_moneyline': -150.0}]",3.0
401415630,2022,6,regular,2022-10-07T23:30:00.000Z,Memphis,American Athletic,32.0,Houston,American Athletic,33.0,"[{'provider': 'Bovada', 'spread': -1.0, 'formatted_spread': 'Memphis -1.0', 'spread_open': -3.0, 'over_under': 58.0, 'over_under_open': 57.5, 'home_moneyline': -145.0, 'away_moneyline': 125.0}]",-1.0
401403909,2022,6,regular,2022-10-09T00:00:00.000Z,Alabama,SEC,24.0,Texas A&M,SEC,20.0,"[{'provider': 'Bovada', 'spread': -24.0, 'formatted_spread': 'Alabama -24.0', 'spread_open': -24.0, 'over_under': 48.5, 'over_under_open': 52.0, 'home_moneyline': -2800.0, 'away_moneyline': 1100.0}]",-24.0
401404095,2022,7,regular,2022-10-15T19:30:00.000Z,TCU,Big 12,43.0,Oklahoma State,Big 12,40.0,"[{'provider': 'Bovada', 'spread': -5.5, 'formatted_spread': 'TCU -5.5', 'spread_open': -3.5, 'over_under': 71.0, 'over_under_open': 68.0, 'home_moneyline': -180.0, 'away_moneyline': 155.0}]",-5.5
401404153,2022,7,regular,2022-10-15T18:00:00.000Z,Ball State,Mid-American,25.0,Connecticut,FBS Independents,21.0,"[{'provider': 'Bovada', 'spread': -9.5, 'formatted_spread': 'Ball State -9.5', 'spread_open': -9.5, 'over_under': 47.5, 'over_under_open': 46.5, 'home_moneyline': -360.0, 'away_moneyline': 280.0}]",-9.5
401405112,2022,7,regular,2022-10-15T16:00:00.000Z,Illinois,Big Ten,26.0,Minnesota,Big Ten,14.0,"[{'provider': 'Bovada', 'spread': 4.5, 'formatted_spread': 'Minnesota -4.5', 'spread_open': 3.5, 'over_under': 40.0, 'over_under_open': 39.0, 'home_moneyline': 170.0, 'away_moneyline': -200.0}]",4.5
401405113,2022,7,regular,2022-10-15T23:30:00.000Z,Purdue,Big Ten,43.0,Nebraska,Big Ten,37.0,"[{'provider': 'Bovada', 'spread': -14.0, 'formatted_spread': 'Purdue -14.0', 'spread_open': -11.5, 'over_under': 56.0, 'over_under_open': 58.0, 'home_moneyline': -450.0, 'away_moneyline': 335.0}]",-14.0
401405114,2022,7,regular,2022-10-15T19:30:00.000Z,Indiana,Big Ten,33.0,Maryland,Big Ten,38.0,"[{'provider': 'Bovada', 'spread': 10.5, 'formatted_spread': 'Maryland -10.5', 'spread_open': 10.5, 'over_under': 63.5, 'over_under_open': 60.5, 'home_moneyline': 300.0, 'away_moneyline': -400.0}]",10.5
401403969,2022,1,regular,2022-09-04T02:30:00.000Z,Oregon State,Pac-12,34.0,Boise State,Mountain West,17.0,"[{'provider': 'Bovada', 'spread': -1.5, 'formatted_spread': 'Oregon State -1.5', 'spread_open': -2.0, 'over_under': 55.5, 'over_under_open': 60.5, 'home_moneyline': -145.0, 'away_moneyline': 125.0}]",-1.5
401435074,2022,3,regular,2022-09-16T23:00:00.000Z,Harvard,Ivy,28.0,Merrimack,NEC,21.0,"[{'provider': 'Bovada', 'spread': -28.5, 'formatted_spread': 'Harvard -28.5', 'spread_open': -28.0, 'over_under': 50.5, 'over_under_open': 52.5, 'home_moneyline': None, 'away_moneyline': None}]",-28.5
401415626,2022,5,regular,2022-10-01T18:30:00.000Z,South Florida,American Athletic,28.0,East Carolina,American Athletic,48.0,"[{'provider': 'Bovada', 'spread': 9.5, 'formatted_spread': 'East Carolina -9.5', 'spread_open': 8.0, 'over_under': 55.5, 'over_under_open': 59.0, 'home_moneyline': 270.0, 'away_moneyline': -340.0}]",9.5
401426542,2022,1,regular,2022-09-03T19:30:00.000Z,UT San Antonio,Conference USA,35.0,Houston,American Athletic,37.0,"[{'provider': 'Bovada', 'spread': 4.0, 'formatted_spread': 'Houston -4.0', 'spread_open': 6.5, 'over_under': 62.0, 'over_under_open': 59.0, 'home_moneyline': 165.0, 'away_moneyline': -195.0}]",4.0
401426543,2022,1,regular,2022-09-04T03:59:00.000Z,Hawai'i,Mountain West,17.0,Western Kentucky,Conference USA,49.0,"[{'provider': 'Bovada', 'spread': 16.5, 'formatted_spread': 'Western Kentucky -16.5', 'spread_open': 9.0, 'over_under': 67.5, 'over_under_open': 62.5, 'home_moneyline': 450.0, 'away_moneyline': -650.0}]",16.5
401405105,2022,5,regular,2022-10-01T19:30:00.000Z,Penn State,Big Ten,17.0,Northwestern,Big Ten,7.0,"[{'provider': 'Bovada', 'spread': -25.0, 'formatted_spread': 'Penn State -25.0', 'spread_open': -25.5, 'over_under': 50.0, 'over_under_open': 52.5, 'home_moneyline': -8000.0, 'away_moneyline': 1450.0}]",-25.0
401411124,2022,5,regular,2022-10-01T16:00:00.000Z,Boston College,ACC,34.0,Louisville,ACC,33.0,"[{'provider': 'Bovada', 'spread': 13.0, 'formatted_spread': 'Louisville -13.0', 'spread_open': 16.0, 'over_under': 48.0, 'over_under_open': 51.0, 'home_moneyline': 500.0, 'away_moneyline': -750.0}]",13.0
401411125,2022,5,regular,2022-10-01T23:30:00.000Z,Clemson,ACC,30.0,NC State,ACC,20.0,"[{'provider': 'Bovada', 'spread': -6.5, 'formatted_spread': 'Clemson -6.5', 'spread_open': -7.0, 'over_under': 46.0, 'over_under_open': 46.0, 'home_moneyline': -270.0, 'away_moneyline': 220.0}]",-6.5
401411126,2022,5,regular,2022-10-01T23:30:00.000Z,Duke,ACC,38.0,Virginia,ACC,17.0,"[{'provider': 'Bovada', 'spread': -2.0, 'formatted_spread': 'Duke -2.0', 'spread_open': -1.5, 'over_under': 55.0, 'over_under_open': 56.0, 'home_moneyline': -130.0, 'away_moneyline': 110.0}]",-2.0
401411127,2022,5,regular,2022-10-01T19:30:00.000Z,Florida State,ACC,21.0,Wake Forest,ACC,31.0,"[{'provider': 'Bovada', 'spread': -6.0, 'formatted_spread': 'Florida State -6.0', 'spread_open': -6.0, 'over_under': 67.5, 'over_under_open': 66.0, 'home_moneyline': -250.0, 'away_moneyline': 210.0}]",-6.0
401411128,2022,5,regular,2022-10-01T19:30:00.000Z,North Carolina,ACC,41.0,Virginia Tech,ACC,10.0,"[{'provider': 'Bovada', 'spread': -9.5, 'formatted_spread': 'North Carolina -9.5', 'spread_open': -8.5, 'over_under': 57.5, 'over_under_open': 57.0, 'home_moneyline': -320.0, 'away_moneyline': 260.0}]",-9.5
401411129,2022,5,regular,2022-10-02T00:00:00.000Z,Pittsburgh,ACC,21.0,Georgia Tech,ACC,26.0,"[{'provider': 'Bovada', 'spread': -21.5, 'formatted_spread': 'Pittsburgh -21.5', 'spread_open': -20.0, 'over_under': 47.0, 'over_under_open': 50.5, 'home_moneyline': -2500.0, 'away_moneyline': 1050.0}]",-21.5
401414782,2022,5,regular,2022-10-01T18:00:00.000Z,Eastern Michigan,Mid-American,20.0,UMass,FBS Independents,13.0,"[{'provider': 'Bovada', 'spread': -19.0, 'formatted_spread': 'Eastern Michigan -19.0', 'spread_open': -20.0, 'over_under': 53.5, 'over_under_open': 56.0, 'home_moneyline': -1500.0, 'away_moneyline': 775.0}]",-19.0
401415230,2022,5,regular,2022-10-01T23:30:00.000Z,Wyoming,Mountain West,16.0,San José State,Mountain West,33.0,"[{'provider': 'Bovada', 'spread': 2.5, 'formatted_spread': 'San José State -2.5', 'spread_open': -1.0, 'over_under': 42.5, 'over_under_open': 43.5, 'home_moneyline': -105.0, 'away_moneyline': -115.0}]",2.5
401416607,2022,5,regular,2022-10-01T19:30:00.000Z,Toledo,Mid-American,38.0,Central Michigan,Mid-American,17.0,"[{'provider': 'Bovada', 'spread': -6.5, 'formatted_spread': 'Toledo -6.5', 'spread_open': -6.5, 'over_under': 55.5, 'over_under_open': 58.5, 'home_moneyline': -280.0, 'away_moneyline': 230.0}]",-6.5
401404124,2022,1,regular,2022-09-03T23:30:00.000Z,Ohio State,Big Ten,21.0,Notre Dame,FBS Independents,10.0,"[{'provider': 'Bovada', 'spread': -17.0, 'formatted_spread': 'Ohio State -17.0', 'spread_open': -14.5, 'over_under': 59.5, 'over_under_open': 58.0, 'home_moneyline': -800.0, 'away_moneyline': 525.0}]",-17.0
401404134,2022,1,regular,2022-09-03T23:00:00.000Z,Coastal Carolina,Sun Belt,38.0,Army,FBS Independents,28.0,"[{'provider': 'Bovada', 'spread': -1.5, 'formatted_spread': 'Coastal Carolina -1.5', 'spread_open': -3.0, 'over_under': 54.0, 'over_under_open': 55.0, 'home_moneyline': -140.0, 'away_moneyline': 120.0}]",-1.5
401404157,2022,1,regular,2022-09-03T23:00:00.000Z,Southern Mississippi,Sun Belt,27.0,Liberty,FBS Independents,29.0,"[{'provider': 'Bovada', 'spread': 3.5, 'formatted_spread': 'Liberty -3.5', 'spread_open': 4.0, 'over_under': 49.5, 'over_under_open': 53.5, 'home_moneyline': 140.0, 'away_moneyline': -165.0}]",3.5
401411096,2022,1,regular,2022-09-03T16:00:00.000Z,East Carolina,American Athletic,20.0,NC State,ACC,21.0,"[{'provider': 'Bovada', 'spread': 12.5, 'formatted_spread': 'NC State -12.5', 'spread_open': 10.5, 'over_under': 52.0, 'over_under_open': 57.5, 'home_moneyline': 300.0, 'away_moneyline': -400.0}]",12.5
401414778,2022,1,regular,2022-09-03T23:00:00.000Z,Tulane,American Athletic,42.0,UMass,FBS Independents,10.0,"[{'provider': 'Bovada', 'spread': -28.5, 'formatted_spread': 'Tulane -28.5', 'spread_open': -31.0, 'over_under': 59.0, 'over_under_open': 60.5, 'home_moneyline': None, 'away_moneyline': None}]",-28.5
401404064,2022,2,regular,2022-09-10T20:00:00.000Z,Iowa,Big Ten,7.0,Iowa State,Big 12,10.0,"[{'provider': 'Bovada', 'spread': -3.5, 'formatted_spread': 'Iowa -3.5', 'spread_open': -3.5, 'over_under': 38.5, 'over_under_open': 41.5, 'home_moneyline': -175.0, 'away_moneyline': 150.0}]",-3.5
401404065,2022,2,regular,2022-09-10T22:00:00.000Z,West Virginia,Big 12,42.0,Kansas,Big 12,55.0,"[{'provider': 'Bovada', 'spread': -14.0, 'formatted_spread': 'West Virginia -14.0', 'spread_open': -13.5, 'over_under': 60.0, 'over_under_open': 57.5, 'home_moneyline': -525.0, 'away_moneyline': 375.0}]",-14.0
401404066,2022,2,regular,2022-09-10T23:00:00.000Z,Oklahoma,Big 12,33.0,Kent State,Mid-American,3.0,"[{'provider': 'Bovada', 'spread': -33.5, 'formatted_spread': 'Oklahoma -33.5', 'spread_open': -32.0, 'over_under': 73.0, 'over_under_open': 71.0, 'home_moneyline': None, 'away_moneyline': None}]",-33.5
401404125,2022,2,regular,2022-09-10T18:30:00.000Z,Notre Dame,FBS Independents,21.0,Marshall,Sun Belt,26.0,"[{'provider': 'Bovada', 'spread': -21.0, 'formatted_spread': 'Notre Dame -21.0', 'spread_open': -19.0, 'over_under': 48.5, 'over_under_open': 52.0, 'home_moneyline': -1800.0, 'away_moneyline': 850.0}]",-21.0
401415650,2022,10,regular,2022-11-05T20:00:00.000Z,Cincinnati,American Athletic,20.0,Navy,American Athletic,10.0,"[{'provider': 'Bovada', 'spread': -18.5, 'formatted_spread': 'Cincinnati -18.5', 'spread_open': -20.5, 'over_under': 43.5, 'over_under_open': 48.5, 'home_moneyline': -1600.0, 'away_moneyline': 800.0}]",-18.5
401415651,2022,10,regular,2022-11-05T19:30:00.000Z,Memphis,American Athletic,28.0,UCF,American Athletic,35.0,"[{'provider': 'Bovada', 'spread': 3.0, 'formatted_spread': 'UCF -3.0', 'spread_open': 5.0, 'over_under': 60.5, 'over_under_open': 61.5, 'home_moneyline': 180.0, 'away_moneyline': -220.0}]",3.0
401415652,2022,10,regular,2022-11-05T23:00:00.000Z,SMU,American Athletic,77.0,Houston,American Athletic,63.0,"[{'provider': 'Bovada', 'spread': -3.5, 'formatted_spread': 'SMU -3.5', 'spread_open': -2.5, 'over_under': 65.5, 'over_under_open': 67.5, 'home_moneyline': -160.0, 'away_moneyline': 135.0}]",-3.5
401405121,2022,8,regular,2022-10-22T16:00:00.000Z,Rutgers,Big Ten,24.0,Indiana,Big Ten,17.0,"[{'provider': 'Bovada', 'spread': -3.0, 'formatted_spread': 'Rutgers -3.0', 'spread_open': -3.0, 'over_under': 48.0, 'over_under_open': 45.5, 'home_moneyline': -145.0, 'away_moneyline': 125.0}]",-3.0
401426539,2022,1,regular,2022-09-03T23:30:00.000Z,North Texas,Conference USA,10.0,SMU,American Athletic,48.0,"[{'provider': 'Bovada', 'spread': 9.5, 'formatted_spread': 'SMU -9.5', 'spread_open': 7.0, 'over_under': 67.5, 'over_under_open': 71.0, 'home_moneyline': 285.0, 'away_moneyline': -370.0}]",9.5
401411142,2022,8,regular,2022-10-22T16:00:00.000Z,Clemson,ACC,27.0,Syracuse,ACC,21.0,"[{'provider': 'Bovada', 'spread': -14.0, 'formatted_spread': 'Clemson -14.0', 'spread_open': -13.0, 'over_under': 50.0, 'over_under_open': 51.5, 'home_moneyline': -575.0, 'away_moneyline': 400.0}]",-14.0
401411143,2022,8,regular,2022-10-23T00:00:00.000Z,Louisville,ACC,24.0,Pittsburgh,ACC,10.0,"[{'provider': 'Bovada', 'spread': -1.5, 'formatted_spread': 'Louisville -1.5', 'spread_open': -1.5, 'over_under': 55.0, 'over_under_open': 57.0, 'home_moneyline': -140.0, 'away_moneyline': 120.0}]",-1.5
401411144,2022,8,regular,2022-10-22T16:30:00.000Z,Miami,ACC,21.0,Duke,ACC,45.0,"[{'provider': 'Bovada', 'spread': -10.0, 'formatted_spread': 'Miami -10.0', 'spread_open': -9.0, 'over_under': 59.0, 'over_under_open': 61.0, 'home_moneyline': -310.0, 'away_moneyline': 255.0}]",-10.0
401411145,2022,8,regular,2022-10-22T19:30:00.000Z,Wake Forest,ACC,43.0,Boston College,ACC,15.0,"[{'provider': 'Bovada', 'spread': -20.0, 'formatted_spread': 'Wake Forest -20.0', 'spread_open': -20.5, 'over_under': 60.0, 'over_under_open': 61.5, 'home_moneyline': -1600.0, 'away_moneyline': 800.0}]",-20.0
401404044,2022,12,regular,2022-11-20T01:00:00.000Z,UCLA,Pac-12,45.0,USC,Pac-12,48.0,"[{'provider': 'Bovada', 'spread': 2.0, 'formatted_spread': 'USC -2.0', 'spread_open': 3.0, 'over_under': 77.5, 'over_under_open': 73.5, 'home_moneyline': 135.0, 'away_moneyline': -160.0}]",2.0
401426361,2022,9,regular,2022-10-29T19:00:00.000Z,Georgia State,Sun Belt,31.0,Old Dominion,Sun Belt,17.0,"[{'provider': 'Bovada', 'spread': -3.5, 'formatted_spread': 'Georgia State -3.5', 'spread_open': -4.0, 'over_under': 53.5, 'over_under_open': 56.5, 'home_moneyline': -180.0, 'away_moneyline': 155.0}]",-3.5
401426605,2022,11,regular,2022-11-12T20:30:00.000Z,UT San Antonio,Conference USA,51.0,Louisiana Tech,Conference USA,7.0,"[{'provider': 'Bovada', 'spread': -17.0, 'formatted_spread': 'UT San Antonio -17.0', 'spread_open': -18.0, 'over_under': 69.0, 'over_under_open': 68.0, 'home_moneyline': -1100.0, 'away_moneyline': 650.0}]",-17.0
401426606,2022,11,regular,2022-11-12T20:30:00.000Z,UAB,Conference USA,41.0,North Texas,Conference USA,21.0,"[{'provider': 'Bovada', 'spread': -6.5, 'formatted_spread': 'UAB -6.5', 'spread_open': -6.0, 'over_under': 58.0, 'over_under_open': 57.5, 'home_moneyline': -230.0, 'away_moneyline': 190.0}]",-6.5
401426607,2022,11,regular,2022-11-12T19:00:00.000Z,Western Kentucky,Conference USA,45.0,Rice,Conference USA,10.0,"[{'provider': 'Bovada', 'spread': -13.5, 'formatted_spread': 'Western Kentucky -13.5', 'spread_open': -13.0, 'over_under': 61.0, 'over_under_open': 62.5, 'home_moneyline': -550.0, 'away_moneyline': 390.0}]",-13.5
401420807,2022,2,regular,2022-09-09T00:00:00.000Z,Missouri State,MVFC,35.0,UT Martin,OVC,30.0,"[{'provider': 'Bovada', 'spread': -14.0, 'formatted_spread': 'Missouri State -14.0', 'spread_open': -11.0, 'over_under': 59.0, 'over_under_open': 56.5, 'home_moneyline': -550.0, 'away_moneyline': 390.0}]",-14.0
401411171,2022,12,regular,2022-11-20T01:00:00.000Z,Wake Forest,ACC,45.0,Syracuse,ACC,35.0,"[{'provider': 'Bovada', 'spread': -9.5, 'formatted_spread': 'Wake Forest -9.5', 'spread_open': -10.0, 'over_under': 59.0, 'over_under_open': 55.5, 'home_moneyline': -380.0, 'away_moneyline': 290.0}]",-9.5
401415266,2022,12,regular,2022-11-20T04:00:00.000Z,Hawai'i,Mountain West,31.0,UNLV,Mountain West,25.0,"[{'provider': 'Bovada', 'spread': 11.0, 'formatted_spread': 'UNLV -11.0', 'spread_open': 10.0, 'over_under': 56.5, 'over_under_open': 59.5, 'home_moneyline': 300.0, 'away_moneyline': -400.0}]",11.0
401405062,2022,1,regular,2022-09-03T16:00:00.000Z,Iowa,Big Ten,7.0,South Dakota State,MVFC,3.0,"[{'provider': 'Bovada', 'spread': -11.0, 'formatted_spread': 'Iowa -11.0', 'spread_open': -10.5, 'over_under': 42.5, 'over_under_open': 42.5, 'home_moneyline': None, 'away_moneyline': None}]",-11.0
401415611,2022,1,regular,2022-09-03T16:00:00.000Z,Navy,American Athletic,7.0,Delaware,CAA,14.0,"[{'provider': 'Bovada', 'spread': -13.0, 'formatted_spread': 'Navy -13.0', 'spread_open': -12.0, 'over_under': 49.5, 'over_under_open': 48.5, 'home_moneyline': None, 'away_moneyline': None}]",-13.0
401405063,2022,1,regular,2022-09-03T19:30:00.000Z,Nebraska,Big Ten,38.0,North Dakota,MVFC,17.0,"[{'provider': 'Bovada', 'spread': -28.0, 'formatted_spread': 'Nebraska -28.0', 'spread_open': -29.5, 'over_under': 62.5, 'over_under_open': 62.5, 'home_moneyline': None, 'away_moneyline': None}]",-28.0
401404118,2022,12,regular,2022-11-20T00:30:00.000Z,Oklahoma,Big 12,28.0,Oklahoma State,Big 12,13.0,"[{'provider': 'Bovada', 'spread': -7.0, 'formatted_spread': 'Oklahoma -7.0', 'spread_open': -6.5, 'over_under': 68.0, 'over_under_open': 64.5, 'home_moneyline': -270.0, 'away_moneyline': 220.0}]",-7.0
401426343,2022,6,regular,2022-10-08T23:00:00.000Z,Arkansas State,Sun Belt,20.0,James Madison,Sun Belt,42.0,"[{'provider': 'Bovada', 'spread': 11.0, 'formatted_spread': 'James Madison -11.0', 'spread_open': 10.5, 'over_under': 55.0, 'over_under_open': 57.5, 'home_moneyline': 295.0, 'away_moneyline': -390.0}]",11.0
401404043,2022,12,regular,2022-11-20T03:30:00.000Z,Oregon,Pac-12,20.0,Utah,Pac-12,17.0,"[{'provider': 'Bovada', 'spread': -1.0, 'formatted_spread': 'Oregon -1.0', 'spread_open': -2.5, 'over_under': 61.5, 'over_under_open': 62.0, 'home_moneyline': -115.0, 'away_moneyline': -105.0}]",-1.0
401415263,2022,12,regular,2022-11-20T03:30:00.000Z,Nevada,Mountain West,14.0,Fresno State,Mountain West,41.0,"[{'provider': 'Bovada', 'spread': 23.0, 'formatted_spread': 'Fresno State -23.0', 'spread_open': 22.5, 'over_under': 54.0, 'over_under_open': 54.5, 'home_moneyline': 1000.0, 'away_moneyline': -2200.0}]",23.0
401416648,2022,13,regular,2022-11-23T00:00:00.000Z,Miami (OH),Mid-American,18.0,Ball State,Mid-American,17.0,"[{'provider': 'Bovada', 'spread': -2.5, 'formatted_spread': 'Miami (OH) -2.5', 'spread_open': -2.0, 'over_under': 45.0, 'over_under_open': 44.5, 'home_moneyline': -135.0, 'away_moneyline': 115.0}]",-2.5
401416649,2022,13,regular,2022-11-23T00:00:00.000Z,Ohio,Mid-American,38.0,Bowling Green,Mid-American,14.0,"[{'provider': 'Bovada', 'spread': -5.5, 'formatted_spread': 'Ohio -5.5', 'spread_open': -7.0, 'over_under': 52.5, 'over_under_open': 55.0, 'home_moneyline': -270.0, 'away_moneyline': 220.0}]",-5.5
401403956,2022,13,regular,2022-11-25T00:00:00.000Z,Ole Miss,SEC,22.0,Mississippi State,SEC,24.0,"[{'provider': 'Bovada', 'spread': -2.5, 'formatted_spread': 'Ole Miss -2.5', 'spread_open': -2.0, 'over_under': 63.0, 'over_under_open': 63.0, 'home_moneyline': -140.0, 'away_moneyline': 120.0}]",-2.5
401415665,2022,13,regular,2022-11-25T17:00:00.000Z,Cincinnati,American Athletic,24.0,Tulane,American Athletic,27.0,"[{'provider': 'Bovada', 'spread': 1.0, 'formatted_spread': 'Tulane -1.0', 'spread_open': -2.5, 'over_under': 44.5, 'over_under_open': 47.5, 'home_moneyline': -105.0, 'away_moneyline': -115.0}]",1.0
401404119,2022,13,regular,2022-11-25T17:00:00.000Z,Texas,Big 12,38.0,Baylor,Big 12,27.0,"[{'provider': 'Bovada', 'spread': -10.0, 'formatted_spread': 'Texas -10.0', 'spread_open': -9.0, 'over_under': 56.0, 'over_under_open': 55.5, 'home_moneyline': -290.0, 'away_moneyline': 240.0}]",-10.0
401415269,2022,13,regular,2022-11-25T17:00:00.000Z,Boise State,Mountain West,42.0,Utah State,Mountain West,23.0,"[{'provider': 'Bovada', 'spread': -16.5, 'formatted_spread': 'Boise State -16.5', 'spread_open': -16.5, 'over_under': 52.0, 'over_under_open': 52.0, 'home_moneyline': -800.0, 'away_moneyline': 525.0}]",-16.5
401416651,2022,13,regular,2022-11-25T17:00:00.000Z,Western Michigan,Mid-American,20.0,Toledo,Mid-American,14.0,"[{'provider': 'Bovada', 'spread': 8.5, 'formatted_spread': 'Toledo -8.5', 'spread_open': 8.0, 'over_under': 50.0, 'over_under_open': 52.5, 'home_moneyline': 255.0, 'away_moneyline': -310.0}]",8.5
401404045,2022,13,regular,2022-11-25T20:00:00.000Z,Arizona,Pac-12,38.0,Arizona State,Pac-12,35.0,"[{'provider': 'Bovada', 'spread': -4.5, 'formatted_spread': 'Arizona -4.5', 'spread_open': -4.0, 'over_under': 66.5, 'over_under_open': 64.0, 'home_moneyline': -195.0, 'away_moneyline': 165.0}]",-4.5
401415268,2022,13,regular,2022-11-25T20:30:00.000Z,Colorado State,Mountain West,17.0,New Mexico,Mountain West,0.0,"[{'provider': 'Bovada', 'spread': -7.5, 'formatted_spread': 'Colorado State -7.5', 'spread_open': -7.0, 'over_under': 36.0, 'over_under_open': 35.5, 'home_moneyline': -290.0, 'away_moneyline': 240.0}]",-7.5
401405148,2022,13,regular,2022-11-25T21:00:00.000Z,Iowa,Big Ten,17.0,Nebraska,Big Ten,24.0,"[{'provider': 'Bovada', 'spread': -10.5, 'formatted_spread': 'Iowa -10.5', 'spread_open': None, 'over_under': 38.0, 'over_under_open': 38.0, 'home_moneyline': -400.0, 'away_moneyline': 300.0}]",-10.5
401415270,2022,13,regular,2022-11-26T03:00:00.000Z,Fresno State,Mountain West,30.0,Wyoming,Mountain West,0.0,"[{'provider': 'Bovada', 'spread': -14.0, 'formatted_spread': 'Fresno State -14.0', 'spread_open': -14.5, 'over_under': 50.5, 'over_under_open': 50.0, 'home_moneyline': -625.0, 'away_moneyline': 430.0}]",-14.0
401403957,2022,13,regular,2022-11-26T20:30:00.000Z,Alabama,SEC,49.0,Auburn,SEC,27.0,"[{'provider': 'Bovada', 'spread': -21.5, 'formatted_spread': 'Alabama -21.5', 'spread_open': -22.0, 'over_under': 51.0, 'over_under_open': 49.5, 'home_moneyline': -2200.0, 'away_moneyline': 1000.0}]",-21.5
401404047,2022,13,regular,2022-11-26T20:30:00.000Z,Oregon State,Pac-12,38.0,Oregon,Pac-12,34.0,"[{'provider': 'Bovada', 'spread': -1.5, 'formatted_spread': 'Oregon State -1.5', 'spread_open': 2.5, 'over_under': 56.5, 'over_under_open': 58.0, 'home_moneyline': 150.0, 'away_moneyline': -175.0}]",-1.5
401403959,2022,13,regular,2022-11-26T17:00:00.000Z,Georgia,SEC,37.0,Georgia Tech,ACC,14.0,"[{'provider': 'Bovada', 'spread': -36.5, 'formatted_spread': 'Georgia -36.5', 'spread_open': -36.5, 'over_under': 49.0, 'over_under_open': 49.0, 'home_moneyline': None, 'away_moneyline': None}]",-36.5
401405153,2022,13,regular,2022-11-26T17:00:00.000Z,Ohio State,Big Ten,23.0,Michigan,Big Ten,45.0,"[{'provider': 'Bovada', 'spread': -9.0, 'formatted_spread': 'Ohio State -9.0', 'spread_open': -7.5, 'over_under': 56.5, 'over_under_open': 57.0, 'home_moneyline': -300.0, 'away_moneyline': 250.0}]",-9.0
401403962,2022,13,regular,2022-11-26T17:00:00.000Z,Clemson,ACC,30.0,South Carolina,SEC,31.0,"[{'provider': 'Bovada', 'spread': -14.0, 'formatted_spread': 'Clemson -14.0', 'spread_open': -14.0, 'over_under': 53.5, 'over_under_open': 50.5, 'home_moneyline': -625.0, 'away_moneyline': 430.0}]",-14.0
401404123,2022,13,regular,2022-11-26T17:00:00.000Z,Oklahoma State,Big 12,19.0,West Virginia,Big 12,24.0,"[{'provider': 'Bovada', 'spread': -5.5, 'formatted_spread': 'Oklahoma State -5.5', 'spread_open': -8.5, 'over_under': 59.5, 'over_under_open': 65.5, 'home_moneyline': -220.0, 'away_moneyline': 180.0}]",-5.5
401404144,2022,13,regular,2022-11-26T17:00:00.000Z,UMass,FBS Independents,7.0,Army,FBS Independents,44.0,"[{'provider': 'Bovada', 'spread': 20.0, 'formatted_spread': 'Army -20.0', 'spread_open': None, 'over_under': 45.5, 'over_under_open': 45.0, 'home_moneyline': 775.0, 'away_moneyline': -1500.0}]",20.0
401404166,2022,13,regular,2022-11-26T17:00:00.000Z,Liberty,FBS Independents,14.0,New Mexico State,FBS Independents,49.0,"[{'provider': 'Bovada', 'spread': -24.0, 'formatted_spread': 'Liberty -24.0', 'spread_open': -24.5, 'over_under': 51.0, 'over_under_open': 51.0, 'home_moneyline': -5000.0, 'away_moneyline': 1300.0}]",-24.0
401405152,2022,13,regular,2022-11-26T17:00:00.000Z,Maryland,Big Ten,37.0,Rutgers,Big Ten,0.0,"[{'provider': 'Bovada', 'spread': -14.5, 'formatted_spread': 'Maryland -14.5', 'spread_open': -14.5, 'over_under': 48.5, 'over_under_open': 48.5, 'home_moneyline': -600.0, 'away_moneyline': 425.0}]",-14.5
401426383,2022,13,regular,2022-11-26T17:00:00.000Z,James Madison,Sun Belt,47.0,Coastal Carolina,Sun Belt,7.0,"[{'provider': 'Bovada', 'spread': -16.0, 'formatted_spread': 'James Madison -16.0', 'spread_open': -14.0, 'over_under': 53.0, 'over_under_open': 53.5, 'home_moneyline': -600.0, 'away_moneyline': 425.0}]",-16.0
401426389,2022,13,regular,2022-11-26T17:00:00.000Z,South Alabama,Sun Belt,27.0,Old Dominion,Sun Belt,20.0,"[{'provider': 'Bovada', 'spread': -16.5, 'formatted_spread': 'South Alabama -16.5', 'spread_open': -15.5, 'over_under': 47.0, 'over_under_open': 47.5, 'home_moneyline': -850.0, 'away_moneyline': 550.0}]",-16.5
401426390,2022,13,regular,2022-11-26T17:00:00.000Z,Marshall,Sun Belt,28.0,Georgia State,Sun Belt,23.0,"[{'provider': 'Bovada', 'spread': -6.5, 'formatted_spread': 'Marshall -6.5', 'spread_open': -6.5, 'over_under': 45.5, 'over_under_open': 47.0, 'home_moneyline': -230.0, 'away_moneyline': 190.0}]",-6.5
401426615,2022,13,regular,2022-11-26T17:00:00.000Z,Florida Atlantic,Conference USA,31.0,Western Kentucky,Conference USA,32.0,"[{'provider': 'Bovada', 'spread': 7.5, 'formatted_spread': 'Western Kentucky -7.5', 'spread_open': 7.5, 'over_under': 62.5, 'over_under_open': 61.5, 'home_moneyline': 230.0, 'away_moneyline': -280.0}]",7.5
401403960,2022,13,regular,2022-11-26T20:00:00.000Z,Kentucky,SEC,26.0,Louisville,ACC,13.0,"[{'provider': 'Bovada', 'spread': -3.5, 'formatted_spread': 'Kentucky -3.5', 'spread_open': -3.5, 'over_under': 42.5, 'over_under_open': 42.5, 'home_moneyline': -175.0, 'away_moneyline': 150.0}]",-3.5
401426614,2022,13,regular,2022-11-26T23:00:00.000Z,Florida International,Conference USA,28.0,Middle Tennessee,Conference USA,33.0,"[{'provider': 'Bovada', 'spread': 19.5, 'formatted_spread': 'Middle Tennessee -19.5', 'spread_open': 19.5, 'over_under': 54.5, 'over_under_open': 55.0, 'home_moneyline': 725.0, 'away_moneyline': -1300.0}]",19.5
401403963,2022,13,regular,2022-11-27T00:00:00.000Z,Texas A&M,SEC,38.0,LSU,SEC,23.0,"[{'provider': 'Bovada', 'spread': 10.0, 'formatted_spread': 'LSU -10.0', 'spread_open': 10.0, 'over_under': 47.5, 'over_under_open': 46.5, 'home_moneyline': 275.0, 'away_moneyline': -350.0}]",10.0
401403964,2022,13,regular,2022-11-27T00:30:00.000Z,Vanderbilt,SEC,0.0,Tennessee,SEC,56.0,"[{'provider': 'Bovada', 'spread': 14.0, 'formatted_spread': 'Tennessee -14.0', 'spread_open': None, 'over_under': 64.0, 'over_under_open': 66.0, 'home_moneyline': 400.0, 'away_moneyline': -575.0}]",14.0
401404133,2022,13,regular,2022-11-27T00:30:00.000Z,USC,Pac-12,38.0,Notre Dame,FBS Independents,27.0,"[{'provider': 'Bovada', 'spread': -4.0, 'formatted_spread': 'USC -4.0', 'spread_open': -5.0, 'over_under': 63.0, 'over_under_open': 63.0, 'home_moneyline': -230.0, 'away_moneyline': 190.0}]",-4.0
401411173,2022,13,regular,2022-11-27T00:30:00.000Z,Boston College,ACC,23.0,Syracuse,ACC,32.0,"[{'provider': 'Bovada', 'spread': 10.0, 'formatted_spread': 'Syracuse -10.0', 'spread_open': 10.0, 'over_under': 47.0, 'over_under_open': 47.0, 'home_moneyline': 300.0, 'away_moneyline': -400.0}]",10.0
401411175,2022,13,regular,2022-11-27T01:00:00.000Z,Miami,ACC,16.0,Pittsburgh,ACC,42.0,"[{'provider': 'Bovada', 'spread': 4.0, 'formatted_spread': 'Pittsburgh -4.0', 'spread_open': 5.5, 'over_under': 44.0, 'over_under_open': 43.5, 'home_moneyline': 165.0, 'away_moneyline': -195.0}]",4.0
401415267,2022,13,regular,2022-11-27T02:00:00.000Z,San Diego State,Mountain West,3.0,Air Force,Mountain West,13.0,"[{'provider': 'Bovada', 'spread': 2.0, 'formatted_spread': 'Air Force -2.0', 'spread_open': 1.5, 'over_under': 43.5, 'over_under_open': 44.5, 'home_moneyline': 110.0, 'away_moneyline': -130.0}]",2.0
401404145,2022,15,regular,2022-12-10T20:00:00.000Z,Army,FBS Independents,20.0,Navy,American Athletic,17.0,"[{'provider': 'Bovada', 'spread': 3.0, 'formatted_spread': 'Navy -3.0', 'spread_open': 1.5, 'over_under': 32.0, 'over_under_open': 34.0, 'home_moneyline': -130.0, 'away_moneyline': 110.0}]",3.0
401403955,2022,12,regular,2022-11-19T17:00:00.000Z,Vanderbilt,SEC,31.0,Florida,SEC,24.0,"[{'provider': 'Bovada', 'spread': 14.0, 'formatted_spread': 'Florida -14.0', 'spread_open': 14.5, 'over_under': 58.5, 'over_under_open': 57.5, 'home_moneyline': 425.0, 'away_moneyline': -600.0}]",14.0
401404040,2022,12,regular,2022-11-19T19:15:00.000Z,Arizona State,Pac-12,7.0,Oregon State,Pac-12,31.0,"[{'provider': 'Bovada', 'spread': 7.5, 'formatted_spread': 'Oregon State -7.5', 'spread_open': 7.0, 'over_under': 53.5, 'over_under_open': 55.0, 'home_moneyline': 255.0, 'away_moneyline': -310.0}]",7.5
401404041,2022,12,regular,2022-11-19T22:30:00.000Z,California,Pac-12,27.0,Stanford,Pac-12,20.0,"[{'provider': 'Bovada', 'spread': -5.0, 'formatted_spread': 'California -5.0', 'spread_open': -5.5, 'over_under': 45.5, 'over_under_open': 46.5, 'home_moneyline': -220.0, 'away_moneyline': 180.0}]",-5.0
401404042,2022,12,regular,2022-11-20T02:00:00.000Z,Washington,Pac-12,54.0,Colorado,Pac-12,7.0,"[{'provider': 'Bovada', 'spread': -30.0, 'formatted_spread': 'Washington -30.0', 'spread_open': -30.5, 'over_under': 60.0, 'over_under_open': 63.0, 'home_moneyline': None, 'away_moneyline': None}]",-30.0
401403947,2022,12,regular,2022-11-20T00:30:00.000Z,Arkansas,SEC,42.0,Ole Miss,SEC,27.0,"[{'provider': 'Bovada', 'spread': 0.0, 'formatted_spread': 'Ole Miss -0.0', 'spread_open': 3.0, 'over_under': 68.0, 'over_under_open': 59.0, 'home_moneyline': 135.0, 'away_moneyline': None}]",0.0
401403949,2022,12,regular,2022-11-19T20:30:00.000Z,Kentucky,SEC,6.0,Georgia,SEC,16.0,"[{'provider': 'Bovada', 'spread': 22.5, 'formatted_spread': 'Georgia -22.5', 'spread_open': 22.5, 'over_under': 47.0, 'over_under_open': 49.0, 'home_moneyline': 1050.0, 'away_moneyline': -2500.0}]",22.5
401403952,2022,12,regular,2022-11-20T00:30:00.000Z,Missouri,SEC,45.0,New Mexico State,FBS Independents,14.0,"[{'provider': 'Bovada', 'spread': -29.0, 'formatted_spread': 'Missouri -29.0', 'spread_open': -27.5, 'over_under': 46.5, 'over_under_open': 47.0, 'home_moneyline': None, 'away_moneyline': None}]",-29.0
401404114,2022,12,regular,2022-11-19T17:00:00.000Z,Baylor,Big 12,28.0,TCU,Big 12,29.0,"[{'provider': 'Bovada', 'spread': 2.0, 'formatted_spread': 'TCU -2.0', 'spread_open': 2.5, 'over_under': 58.5, 'over_under_open': 56.5, 'home_moneyline': 115.0, 'away_moneyline': -135.0}]",2.0
401403953,2022,12,regular,2022-11-20T00:00:00.000Z,South Carolina,SEC,63.0,Tennessee,SEC,38.0,"[{'provider': 'Bovada', 'spread': 23.0, 'formatted_spread': 'Tennessee -23.0', 'spread_open': 21.0, 'over_under': 67.0, 'over_under_open': 66.5, 'home_moneyline': 950.0, 'away_moneyline': -2000.0}]",23.0
401404132,2022,12,regular,2022-11-19T19:30:00.000Z,Notre Dame,FBS Independents,44.0,Boston College,ACC,0.0,"[{'provider': 'Bovada', 'spread': -20.0, 'formatted_spread': 'Notre Dame -20.0', 'spread_open': -21.5, 'over_under': 42.0, 'over_under_open': 47.0, 'home_moneyline': -1600.0, 'away_moneyline': 800.0}]",-20.0
401404143,2022,12,regular,2022-11-19T17:00:00.000Z,Army,FBS Independents,34.0,Connecticut,FBS Independents,17.0,"[{'provider': 'Bovada', 'spread': -10.0, 'formatted_spread': 'Army -10.0', 'spread_open': -10.0, 'over_under': 45.0, 'over_under_open': 43.5, 'home_moneyline': -380.0, 'away_moneyline': 290.0}]",-10.0
401405141,2022,12,regular,2022-11-19T21:00:00.000Z,Minnesota,Big Ten,10.0,Iowa,Big Ten,13.0,"[{'provider': 'Bovada', 'spread': -2.0, 'formatted_spread': 'Minnesota -2.0', 'spread_open': -2.5, 'over_under': 31.5, 'over_under_open': 33.0, 'home_moneyline': -130.0, 'away_moneyline': 110.0}]",-2.0
401404165,2022,12,regular,2022-11-19T17:00:00.000Z,Liberty,FBS Independents,22.0,Virginia Tech,ACC,23.0,"[{'provider': 'Bovada', 'spread': -10.5, 'formatted_spread': 'Liberty -10.5', 'spread_open': -9.5, 'over_under': 46.0, 'over_under_open': 47.0, 'home_moneyline': -360.0, 'away_moneyline': 280.0}]",-10.5
401405143,2022,12,regular,2022-11-19T17:00:00.000Z,Purdue,Big Ten,17.0,Northwestern,Big Ten,9.0,"[{'provider': 'Bovada', 'spread': -17.0, 'formatted_spread': 'Purdue -17.0', 'spread_open': -18.0, 'over_under': 44.0, 'over_under_open': 48.0, 'home_moneyline': -1100.0, 'away_moneyline': 650.0}]",-17.0
401405144,2022,12,regular,2022-11-19T20:30:00.000Z,Maryland,Big Ten,30.0,Ohio State,Big Ten,43.0,"[{'provider': 'Bovada', 'spread': 26.5, 'formatted_spread': 'Ohio State -26.5', 'spread_open': 27.5, 'over_under': 62.5, 'over_under_open': 63.5, 'home_moneyline': 1325.0, 'away_moneyline': -6000.0}]",26.5
401405145,2022,12,regular,2022-11-19T17:00:00.000Z,Michigan,Big Ten,19.0,Illinois,Big Ten,17.0,"[{'provider': 'Bovada', 'spread': -17.0, 'formatted_spread': 'Michigan -17.0', 'spread_open': -17.5, 'over_under': 41.5, 'over_under_open': 44.0, 'home_moneyline': -1000.0, 'away_moneyline': 625.0}]",-17.0
401405146,2022,12,regular,2022-11-19T17:00:00.000Z,Michigan State,Big Ten,31.0,Indiana,Big Ten,39.0,"[{'provider': 'Bovada', 'spread': -12.5, 'formatted_spread': 'Michigan State -12.5', 'spread_open': -11.5, 'over_under': 47.0, 'over_under_open': 46.5, 'home_moneyline': -400.0, 'away_moneyline': 300.0}]",-12.5
401405147,2022,12,regular,2022-11-19T20:30:00.000Z,Rutgers,Big Ten,10.0,Penn State,Big Ten,55.0,"[{'provider': 'Bovada', 'spread': 19.0, 'formatted_spread': 'Penn State -19.0', 'spread_open': 19.0, 'over_under': 45.0, 'over_under_open': 44.0, 'home_moneyline': 725.0, 'away_moneyline': -1300.0}]",19.0
401411165,2022,12,regular,2022-11-19T20:30:00.000Z,Clemson,ACC,40.0,Miami,ACC,10.0,"[{'provider': 'Bovada', 'spread': -18.5, 'formatted_spread': 'Clemson -18.5', 'spread_open': -19.5, 'over_under': 47.5, 'over_under_open': 46.5, 'home_moneyline': -1100.0, 'away_moneyline': 650.0}]",-18.5
401411167,2022,12,regular,2022-11-19T20:30:00.000Z,Louisville,ACC,25.0,NC State,ACC,10.0,"[{'provider': 'Bovada', 'spread': -4.0, 'formatted_spread': 'Louisville -4.0', 'spread_open': -5.5, 'over_under': 43.0, 'over_under_open': 47.0, 'home_moneyline': -150.0, 'away_moneyline': 130.0}]",-4.0
401411168,2022,12,regular,2022-11-19T22:30:00.000Z,North Carolina,ACC,17.0,Georgia Tech,ACC,21.0,"[{'provider': 'Bovada', 'spread': -21.5, 'formatted_spread': 'North Carolina -21.5', 'spread_open': -20.0, 'over_under': 63.0, 'over_under_open': 63.5, 'home_moneyline': -1500.0, 'away_moneyline': 775.0}]",-21.5
401411169,2022,12,regular,2022-11-19T17:00:00.000Z,Pittsburgh,ACC,28.0,Duke,ACC,26.0,"[{'provider': 'Bovada', 'spread': -6.5, 'formatted_spread': 'Pittsburgh -6.5', 'spread_open': -8.0, 'over_under': 49.0, 'over_under_open': 54.5, 'home_moneyline': -290.0, 'away_moneyline': 240.0}]",-6.5
401415261,2022,12,regular,2022-11-20T00:00:00.000Z,Wyoming,Mountain West,17.0,Boise State,Mountain West,20.0,"[{'provider': 'Bovada', 'spread': 14.5, 'formatted_spread': 'Boise State -14.5', 'spread_open': 12.5, 'over_under': 44.5, 'over_under_open': 44.5, 'home_moneyline': 360.0, 'away_moneyline': -500.0}]",14.5
401405142,2022,12,regular,2022-11-19T17:00:00.000Z,Nebraska,Big Ten,14.0,Wisconsin,Big Ten,15.0,"[{'provider': 'Bovada', 'spread': 10.0, 'formatted_spread': 'Wisconsin -10.0', 'spread_open': 13.0, 'over_under': 40.5, 'over_under_open': 41.0, 'home_moneyline': 300.0, 'away_moneyline': -400.0}]",10.0
401415265,2022,12,regular,2022-11-20T02:45:00.000Z,Utah State,Mountain West,35.0,San José State,Mountain West,31.0,"[{'provider': 'Bovada', 'spread': -1.5, 'formatted_spread': 'Utah State -1.5', 'spread_open': 3.0, 'over_under': 51.0, 'over_under_open': 51.5, 'home_moneyline': -120.0, 'away_moneyline': -160.0}]",-1.5
401415659,2022,12,regular,2022-11-19T02:00:00.000Z,Tulsa,American Athletic,48.0,South Florida,American Athletic,42.0,"[{'provider': 'Bovada', 'spread': -14.0, 'formatted_spread': 'Tulsa -14.0', 'spread_open': -12.0, 'over_under': 57.5, 'over_under_open': 60.5, 'home_moneyline': -525.0, 'away_moneyline': 375.0}]",-14.0
401426581,2022,6,regular,2022-10-08T19:30:00.000Z,UAB,Conference USA,41.0,Middle Tennessee,Conference USA,14.0,"[{'provider': 'Bovada', 'spread': -10.0, 'formatted_spread': 'UAB -10.0', 'spread_open': -9.5, 'over_under': 52.5, 'over_under_open': 55.0, 'home_moneyline': -340.0, 'away_moneyline': 270.0}]",-10.0
401426582,2022,6,regular,2022-10-08T22:00:00.000Z,UT San Antonio,Conference USA,31.0,Western Kentucky,Conference USA,28.0,"[{'provider': 'Bovada', 'spread': -6.5, 'formatted_spread': 'UT San Antonio -6.5', 'spread_open': -5.0, 'over_under': 72.5, 'over_under_open': 70.0, 'home_moneyline': -250.0, 'away_moneyline': 210.0}]",-6.5
401426347,2022,7,regular,2022-10-12T23:30:00.000Z,Marshall,Sun Belt,13.0,Louisiana,Sun Belt,23.0,"[{'provider': 'Bovada', 'spread': -9.5, 'formatted_spread': 'Marshall -9.5', 'spread_open': -7.5, 'over_under': 45.0, 'over_under_open': 47.5, 'home_moneyline': -310.0, 'away_moneyline': 255.0}]",-9.5
401404092,2022,7,regular,2022-10-13T23:00:00.000Z,West Virginia,Big 12,43.0,Baylor,Big 12,40.0,"[{'provider': 'Bovada', 'spread': 3.0, 'formatted_spread': 'Baylor -3.0', 'spread_open': 3.5, 'over_under': 55.0, 'over_under_open': 55.0, 'home_moneyline': 145.0, 'away_moneyline': -170.0}]",3.0
401415634,2022,7,regular,2022-10-13T23:00:00.000Z,UCF,American Athletic,70.0,Temple,American Athletic,13.0,"[{'provider': 'Bovada', 'spread': -23.5, 'formatted_spread': 'UCF -23.5', 'spread_open': -24.5, 'over_under': 46.5, 'over_under_open': 46.0, 'home_moneyline': -2800.0, 'away_moneyline': 1100.0}]",-23.5
401405082,2022,3,regular,2022-09-17T23:30:00.000Z,Iowa,Big Ten,27.0,Nevada,Mountain West,0.0,"[{'provider': 'Bovada', 'spread': -23.5, 'formatted_spread': 'Iowa -23.5', 'spread_open': -21.5, 'over_under': 39.5, 'over_under_open': 40.5, 'home_moneyline': -3500.0, 'away_moneyline': 1125.0}]",-23.5
401405084,2022,3,regular,2022-09-17T16:00:00.000Z,Syracuse,ACC,32.0,Purdue,Big Ten,29.0,"[{'provider': 'Bovada', 'spread': -1.5, 'formatted_spread': 'Syracuse -1.5', 'spread_open': 1.0, 'over_under': 60.0, 'over_under_open': 59.0, 'home_moneyline': -120.0, 'away_moneyline': 105.0}]",-1.5
401403954,2022,12,regular,2022-11-19T17:00:00.000Z,Texas A&M,SEC,20.0,UMass,FBS Independents,3.0,"[{'provider': 'Bovada', 'spread': -32.0, 'formatted_spread': 'Texas A&M -32.0', 'spread_open': -34.0, 'over_under': 46.0, 'over_under_open': 50.0, 'home_moneyline': None, 'away_moneyline': None}]",-32.0
401403943,2022,11,regular,2022-11-12T20:30:00.000Z,Ole Miss,SEC,24.0,Alabama,SEC,30.0,"[{'provider': 'Bovada', 'spread': 10.5, 'formatted_spread': 'Alabama -10.5', 'spread_open': 12.0, 'over_under': 65.5, 'over_under_open': 63.5, 'home_moneyline': None, 'away_moneyline': -450.0}]",10.5
401403944,2022,11,regular,2022-11-13T00:00:00.000Z,Mississippi State,SEC,19.0,Georgia,SEC,45.0,"[{'provider': 'Bovada', 'spread': 16.0, 'formatted_spread': 'Georgia -16.0', 'spread_open': 16.5, 'over_under': 53.0, 'over_under_open': 53.5, 'home_moneyline': 550.0, 'away_moneyline': -850.0}]",16.0
401403945,2022,11,regular,2022-11-12T17:00:00.000Z,Tennessee,SEC,66.0,Missouri,SEC,24.0,"[{'provider': 'Bovada', 'spread': -19.0, 'formatted_spread': 'Tennessee -19.0', 'spread_open': -21.0, 'over_under': 57.5, 'over_under_open': 56.5, 'home_moneyline': -1600.0, 'away_moneyline': 800.0}]",-19.0
401404034,2022,11,regular,2022-11-13T03:30:00.000Z,UCLA,Pac-12,28.0,Arizona,Pac-12,34.0,"[{'provider': 'Bovada', 'spread': -20.0, 'formatted_spread': 'UCLA -20.0', 'spread_open': -19.5, 'over_under': 77.5, 'over_under_open': 77.5, 'home_moneyline': -1400.0, 'away_moneyline': 750.0}]",-20.0
401404035,2022,11,regular,2022-11-12T20:30:00.000Z,Washington State,Pac-12,28.0,Arizona State,Pac-12,18.0,"[{'provider': 'Bovada', 'spread': -9.5, 'formatted_spread': 'Washington State -9.5', 'spread_open': -9.0, 'over_under': 59.5, 'over_under_open': 55.5, 'home_moneyline': -360.0, 'away_moneyline': 280.0}]",-9.5
401415256,2022,11,regular,2022-11-12T20:30:00.000Z,Air Force,Mountain West,35.0,New Mexico,Mountain West,3.0,"[{'provider': 'Bovada', 'spread': -21.0, 'formatted_spread': 'Air Force -21.0', 'spread_open': -24.0, 'over_under': 37.5, 'over_under_open': 39.0, 'home_moneyline': -2800.0, 'away_moneyline': 1100.0}]",-21.0
401415257,2022,11,regular,2022-11-13T04:00:00.000Z,Hawai'i,Mountain West,34.0,Utah State,Mountain West,41.0,"[{'provider': 'Bovada', 'spread': 10.5, 'formatted_spread': 'Utah State -10.5', 'spread_open': 11.5, 'over_under': 55.0, 'over_under_open': 55.5, 'home_moneyline': 320.0, 'away_moneyline': -430.0}]",10.5
401426588,2022,8,regular,2022-10-22T19:30:00.000Z,Charlotte,Conference USA,15.0,Florida International,Conference USA,34.0,"[{'provider': 'Bovada', 'spread': -14.0, 'formatted_spread': 'Charlotte -14.0', 'spread_open': -14.5, 'over_under': 63.5, 'over_under_open': 58.0, 'home_moneyline': -650.0, 'away_moneyline': 450.0}]",-14.0
401426589,2022,8,regular,2022-10-22T20:00:00.000Z,UTEP,Conference USA,24.0,Florida Atlantic,Conference USA,21.0,"[{'provider': 'Bovada', 'spread': 3.0, 'formatted_spread': 'Florida Atlantic -3.0', 'spread_open': 4.0, 'over_under': 51.0, 'over_under_open': 51.0, 'home_moneyline': 160.0, 'away_moneyline': -185.0}]",3.0
401426590,2022,8,regular,2022-10-22T19:00:00.000Z,Louisiana Tech,Conference USA,41.0,Rice,Conference USA,42.0,"[{'provider': 'Bovada', 'spread': 3.0, 'formatted_spread': 'Rice -3.0', 'spread_open': 2.5, 'over_under': 57.0, 'over_under_open': 60.0, 'home_moneyline': 130.0, 'away_moneyline': -150.0}]",3.0
401403865,2022,1,regular,2022-09-03T16:00:00.000Z,Texas A&M,SEC,31.0,Sam Houston State,Western Athletic,0.0,"[{'provider': 'Bovada', 'spread': -38.0, 'formatted_spread': 'Texas A&M -38.0', 'spread_open': -33.0, 'over_under': 55.5, 'over_under_open': 53.5, 'home_moneyline': None, 'away_moneyline': None}]",-38.0
401403973,2022,1,regular,2022-09-04T02:30:00.000Z,Washington,Pac-12,45.0,Kent State,Mid-American,20.0,"[{'provider': 'Bovada', 'spread': -24.0, 'formatted_spread': 'Washington -24.0', 'spread_open': -23.0, 'over_under': 61.5, 'over_under_open': 63.0, 'home_moneyline': -2200.0, 'away_moneyline': 1000.0}]",-24.0
401405066,2022,1,regular,2022-09-03T16:00:00.000Z,Maryland,Big Ten,31.0,Buffalo,Mid-American,10.0,"[{'provider': 'Bovada', 'spread': -24.0, 'formatted_spread': 'Maryland -24.0', 'spread_open': -20.5, 'over_under': 66.0, 'over_under_open': 64.5, 'home_moneyline': -2500.0, 'away_moneyline': 1050.0}]",-24.0
401426591,2022,8,regular,2022-10-22T19:30:00.000Z,UT San Antonio,Conference USA,31.0,North Texas,Conference USA,27.0,"[{'provider': 'Bovada', 'spread': -10.0, 'formatted_spread': 'UT San Antonio -10.0', 'spread_open': -9.5, 'over_under': 73.0, 'over_under_open': 70.5, 'home_moneyline': -390.0, 'away_moneyline': 295.0}]",-10.0
401405067,2022,1,regular,2022-09-03T16:00:00.000Z,Michigan,Big Ten,51.0,Colorado State,Mountain West,7.0,"[{'provider': 'Bovada', 'spread': -31.0, 'formatted_spread': 'Michigan -31.0', 'spread_open': -28.5, 'over_under': 61.0, 'over_under_open': 57.5, 'home_moneyline': None, 'away_moneyline': None}]",-31.0
401426592,2022,8,regular,2022-10-22T00:00:00.000Z,Western Kentucky,Conference USA,20.0,UAB,Conference USA,17.0,"[{'provider': 'Bovada', 'spread': -1.0, 'formatted_spread': 'Western Kentucky -1.0', 'spread_open': -2.5, 'over_under': 60.5, 'over_under_open': 57.5, 'home_moneyline': -135.0, 'away_moneyline': 115.0}]",-1.0
401405069,2022,1,regular,2022-09-03T16:00:00.000Z,Boston College,ACC,21.0,Rutgers,Big Ten,22.0,"[{'provider': 'Bovada', 'spread': -9.5, 'formatted_spread': 'Boston College -9.5', 'spread_open': -7.5, 'over_under': 47.0, 'over_under_open': 52.0, 'home_moneyline': -300.0, 'away_moneyline': 250.0}]",-9.5
401426538,2022,1,regular,2022-09-03T22:00:00.000Z,James Madison,Sun Belt,44.0,Middle Tennessee,Conference USA,7.0,"[{'provider': 'Bovada', 'spread': -4.5, 'formatted_spread': 'James Madison -4.5', 'spread_open': -5.0, 'over_under': 59.5, 'over_under_open': 58.5, 'home_moneyline': -250.0, 'away_moneyline': 210.0}]",-4.5
401426545,2022,2,regular,2022-09-10T19:30:00.000Z,Charlotte,Conference USA,21.0,Maryland,Big Ten,56.0,"[{'provider': 'Bovada', 'spread': 28.0, 'formatted_spread': 'Maryland -28.0', 'spread_open': 27.0, 'over_under': 65.0, 'over_under_open': 66.5, 'home_moneyline': None, 'away_moneyline': None}]",28.0
401403971,2022,1,regular,2022-09-03T18:30:00.000Z,UCLA,Pac-12,45.0,Bowling Green,Mid-American,17.0,"[{'provider': 'Bovada', 'spread': -24.0, 'formatted_spread': 'UCLA -24.0', 'spread_open': -30.0, 'over_under': 56.0, 'over_under_open': 55.5, 'home_moneyline': -2800.0, 'away_moneyline': 1100.0}]",-24.0
401411095,2022,1,regular,2022-09-03T16:00:00.000Z,Appalachian State,Sun Belt,61.0,North Carolina,ACC,63.0,"[{'provider': 'Bovada', 'spread': -3.0, 'formatted_spread': 'Appalachian State -3.0', 'spread_open': 3.5, 'over_under': 56.5, 'over_under_open': 57.0, 'home_moneyline': -120.0, 'away_moneyline': -120.0}]",-3.0
401411100,2022,1,regular,2022-09-03T16:30:00.000Z,Virginia,ACC,34.0,Richmond,CAA,17.0,"[{'provider': 'Bovada', 'spread': -22.5, 'formatted_spread': 'Virginia -22.5', 'spread_open': -21.0, 'over_under': 62.0, 'over_under_open': 58.5, 'home_moneyline': None, 'away_moneyline': None}]",-22.5
401426548,2022,2,regular,2022-09-10T20:00:00.000Z,Colorado State,Mountain West,19.0,Middle Tennessee,Conference USA,34.0,"[{'provider': 'Bovada', 'spread': -14.0, 'formatted_spread': 'Colorado State -14.0', 'spread_open': -7.0, 'over_under': 58.0, 'over_under_open': 57.0, 'home_moneyline': -415.0, 'away_moneyline': 310.0}]",-14.0
401426551,2022,2,regular,2022-09-10T22:00:00.000Z,Liberty,FBS Independents,21.0,UAB,Conference USA,14.0,"[{'provider': 'Bovada', 'spread': 6.0, 'formatted_spread': 'UAB -6.0', 'spread_open': 5.0, 'over_under': 50.0, 'over_under_open': 52.0, 'home_moneyline': 200.0, 'away_moneyline': -240.0}]",6.0
401426552,2022,2,regular,2022-09-11T01:00:00.000Z,UTEP,Conference USA,20.0,New Mexico State,FBS Independents,13.0,"[{'provider': 'Bovada', 'spread': -17.0, 'formatted_spread': 'UTEP -17.0', 'spread_open': -13.5, 'over_under': 46.0, 'over_under_open': 46.0, 'home_moneyline': -850.0, 'away_moneyline': 550.0}]",-17.0
401426541,2022,1,regular,2022-09-03T19:30:00.000Z,Oklahoma,Big 12,45.0,UTEP,Conference USA,13.0,"[{'provider': 'Bovada', 'spread': -31.0, 'formatted_spread': 'Oklahoma -31.0', 'spread_open': -37.0, 'over_under': 58.5, 'over_under_open': 56.5, 'home_moneyline': None, 'away_moneyline': None}]",-31.0
401426536,2022,1,regular,2022-09-03T22:00:00.000Z,Ohio,Mid-American,41.0,Florida Atlantic,Conference USA,38.0,"[{'provider': 'Bovada', 'spread': 6.0, 'formatted_spread': 'Florida Atlantic -6.0', 'spread_open': 1.5, 'over_under': 51.5, 'over_under_open': 48.5, 'home_moneyline': 150.0, 'away_moneyline': -175.0}]",6.0
401426553,2022,2,regular,2022-09-10T16:00:00.000Z,Army,FBS Independents,38.0,UT San Antonio,Conference USA,41.0,"[{'provider': 'Bovada', 'spread': 1.5, 'formatted_spread': 'UT San Antonio -1.5', 'spread_open': 1.5, 'over_under': 54.0, 'over_under_open': 54.0, 'home_moneyline': 130.0, 'away_moneyline': -150.0}]",1.5
401403967,2022,1,regular,2022-09-03T19:30:00.000Z,San Diego State,Mountain West,20.0,Arizona,Pac-12,38.0,"[{'provider': 'Bovada', 'spread': -6.5, 'formatted_spread': 'San Diego State -6.5', 'spread_open': -7.0, 'over_under': 46.5, 'over_under_open': 49.5, 'home_moneyline': -235.0, 'away_moneyline': 195.0}]",-6.5
401411109,2022,3,regular,2022-09-16T23:30:00.000Z,Louisville,ACC,31.0,Florida State,ACC,35.0,"[{'provider': 'Bovada', 'spread': 3.0, 'formatted_spread': 'Florida State -3.0', 'spread_open': 1.5, 'over_under': 57.0, 'over_under_open': 54.5, 'home_moneyline': 130.0, 'away_moneyline': -150.0}]",3.0
401415262,2022,12,regular,2022-11-20T02:00:00.000Z,Air Force,Mountain West,24.0,Colorado State,Mountain West,12.0,"[{'provider': 'Bovada', 'spread': -21.5, 'formatted_spread': 'Air Force -21.5', 'spread_open': -22.5, 'over_under': 43.0, 'over_under_open': 44.0, 'home_moneyline': -2200.0, 'away_moneyline': 1000.0}]",-21.5
401415658,2022,12,regular,2022-11-18T00:30:00.000Z,Tulane,American Athletic,59.0,SMU,American Athletic,24.0,"[{'provider': 'Bovada', 'spread': -3.5, 'formatted_spread': 'Tulane -3.5', 'spread_open': -3.0, 'over_under': 65.0, 'over_under_open': 65.0, 'home_moneyline': -150.0, 'away_moneyline': 130.0}]",-3.5
401415660,2022,12,regular,2022-11-19T19:00:00.000Z,East Carolina,American Athletic,3.0,Houston,American Athletic,42.0,"[{'provider': 'Bovada', 'spread': -6.0, 'formatted_spread': 'East Carolina -6.0', 'spread_open': -6.5, 'over_under': 66.5, 'over_under_open': 67.0, 'home_moneyline': -230.0, 'away_moneyline': 190.0}]",-6.0
401415661,2022,12,regular,2022-11-19T16:00:00.000Z,UCF,American Athletic,14.0,Navy,American Athletic,17.0,"[{'provider': 'Bovada', 'spread': -15.0, 'formatted_spread': 'UCF -15.0', 'spread_open': -16.5, 'over_under': 53.0, 'over_under_open': 53.5, 'home_moneyline': -750.0, 'away_moneyline': 500.0}]",-15.0
401415663,2022,12,regular,2022-11-19T21:00:00.000Z,Temple,American Athletic,3.0,Cincinnati,American Athletic,23.0,"[{'provider': 'Bovada', 'spread': 17.0, 'formatted_spread': 'Cincinnati -17.0', 'spread_open': 18.0, 'over_under': 49.0, 'over_under_open': 54.0, 'home_moneyline': 700.0, 'away_moneyline': -1200.0}]",17.0
401416642,2022,12,regular,2022-11-16T00:00:00.000Z,Toledo,Mid-American,35.0,Bowling Green,Mid-American,42.0,"[{'provider': 'Bovada', 'spread': -14.5, 'formatted_spread': 'Toledo -14.5', 'spread_open': -15.0, 'over_under': 46.5, 'over_under_open': 50.5, 'home_moneyline': -650.0, 'away_moneyline': 450.0}]",-14.5
401416643,2022,12,regular,2022-11-16T00:00:00.000Z,Ball State,Mid-American,18.0,Ohio,Mid-American,32.0,"[{'provider': 'Bovada', 'spread': 3.5, 'formatted_spread': 'Ohio -3.5', 'spread_open': 4.5, 'over_under': 57.5, 'over_under_open': 53.0, 'home_moneyline': 170.0, 'away_moneyline': -200.0}]",3.5
401416644,2022,12,regular,2022-11-16T23:00:00.000Z,Kent State,Mid-American,24.0,Eastern Michigan,Mid-American,31.0,"[{'provider': 'Bovada', 'spread': -7.5, 'formatted_spread': 'Kent State -7.5', 'spread_open': -7.0, 'over_under': 60.0, 'over_under_open': 61.5, 'home_moneyline': -270.0, 'away_moneyline': 220.0}]",-7.5
401416646,2022,12,regular,2022-11-17T00:00:00.000Z,Northern Illinois,Mid-American,23.0,Miami (OH),Mid-American,29.0,"[{'provider': 'Bovada', 'spread': 0.0, 'formatted_spread': 'Miami (OH) -0.0', 'spread_open': -3.0, 'over_under': 44.0, 'over_under_open': 48.0, 'home_moneyline': -130.0, 'away_moneyline': 110.0}]",0.0
401426376,2022,12,regular,2022-11-19T19:30:00.000Z,Appalachian State,Sun Belt,27.0,Old Dominion,Sun Belt,14.0,"[{'provider': 'Bovada', 'spread': -16.0, 'formatted_spread': 'Appalachian State -16.0', 'spread_open': -14.5, 'over_under': 50.5, 'over_under_open': 52.0, 'home_moneyline': -750.0, 'away_moneyline': 500.0}]",-16.0
401426377,2022,12,regular,2022-11-19T23:00:00.000Z,Georgia Southern,Sun Belt,10.0,Marshall,Sun Belt,23.0,"[{'provider': 'Bovada', 'spread': 6.0, 'formatted_spread': 'Marshall -6.0', 'spread_open': 3.5, 'over_under': 52.0, 'over_under_open': 54.0, 'home_moneyline': 150.0, 'away_moneyline': -175.0}]",6.0
401426380,2022,12,regular,2022-11-19T22:00:00.000Z,Texas State,Sun Belt,16.0,Arkansas State,Sun Belt,13.0,"[{'provider': 'Bovada', 'spread': -6.0, 'formatted_spread': 'Texas State -6.0', 'spread_open': -5.0, 'over_under': 50.0, 'over_under_open': 51.5, 'home_moneyline': -210.0, 'away_moneyline': 175.0}]",-6.0
401426381,2022,12,regular,2022-11-19T20:30:00.000Z,Troy,Sun Belt,34.0,Louisiana Monroe,Sun Belt,16.0,"[{'provider': 'Bovada', 'spread': -15.0, 'formatted_spread': 'Troy -15.0', 'spread_open': -15.5, 'over_under': 48.5, 'over_under_open': 46.5, 'home_moneyline': -750.0, 'away_moneyline': 500.0}]",-15.0
401426608,2022,12,regular,2022-11-19T20:30:00.000Z,Charlotte,Conference USA,26.0,Louisiana Tech,Conference USA,21.0,"[{'provider': 'Bovada', 'spread': 2.0, 'formatted_spread': 'Louisiana Tech -2.0', 'spread_open': 3.0, 'over_under': 66.5, 'over_under_open': 65.0, 'home_moneyline': 135.0, 'away_moneyline': -160.0}]",2.0
401426609,2022,12,regular,2022-11-19T21:00:00.000Z,UTEP,Conference USA,40.0,Florida International,Conference USA,6.0,"[{'provider': 'Bovada', 'spread': -14.0, 'formatted_spread': 'UTEP -14.0', 'spread_open': -14.5, 'over_under': 50.0, 'over_under_open': 51.0, 'home_moneyline': -650.0, 'away_moneyline': 450.0}]",-14.0
401426610,2022,12,regular,2022-11-19T20:30:00.000Z,Middle Tennessee,Conference USA,49.0,Florida Atlantic,Conference USA,21.0,"[{'provider': 'Bovada', 'spread': 5.0, 'formatted_spread': 'Florida Atlantic -5.0', 'spread_open': 4.5, 'over_under': 51.0, 'over_under_open': 53.5, 'home_moneyline': 170.0, 'away_moneyline': -200.0}]",5.0
401426611,2022,12,regular,2022-11-19T18:00:00.000Z,Rice,Conference USA,7.0,UT San Antonio,Conference USA,41.0,"[{'provider': 'Bovada', 'spread': 14.0, 'formatted_spread': 'UT San Antonio -14.0', 'spread_open': 12.5, 'over_under': 56.0, 'over_under_open': 61.0, 'home_moneyline': 360.0, 'away_moneyline': -500.0}]",14.0
401426612,2022,12,regular,2022-11-20T02:00:00.000Z,LSU,SEC,41.0,UAB,Conference USA,10.0,"[{'provider': 'Bovada', 'spread': -15.5, 'formatted_spread': 'LSU -15.5', 'spread_open': -14.5, 'over_under': 50.5, 'over_under_open': 52.5, 'home_moneyline': -650.0, 'away_moneyline': 450.0}]",-15.5
401426613,2022,12,regular,2022-11-19T21:00:00.000Z,Auburn,SEC,41.0,Western Kentucky,Conference USA,17.0,"[{'provider': 'Bovada', 'spread': -5.0, 'formatted_spread': 'Auburn -5.0', 'spread_open': -6.5, 'over_under': 54.0, 'over_under_open': 52.5, 'home_moneyline': -270.0, 'away_moneyline': 220.0}]",-5.0
401426352,2022,7,regular,2022-10-15T19:30:00.000Z,Troy,Sun Belt,17.0,Texas State,Sun Belt,14.0,"[{'provider': 'Bovada', 'spread': -16.0, 'formatted_spread': 'Troy -16.0', 'spread_open': -16.0, 'over_under': 47.0, 'over_under_open': 48.5, 'home_moneyline': -850.0, 'away_moneyline': 550.0}]",-16.0
401426583,2022,7,regular,2022-10-15T19:30:00.000Z,UAB,Conference USA,34.0,Charlotte,Conference USA,20.0,"[{'provider': 'Bovada', 'spread': -22.0, 'formatted_spread': 'UAB -22.0', 'spread_open': -23.5, 'over_under': 65.0, 'over_under_open': 62.5, 'home_moneyline': -2800.0, 'away_moneyline': 1100.0}]",-22.0
401426584,2022,7,regular,2022-10-15T00:00:00.000Z,Florida International,Conference USA,10.0,UT San Antonio,Conference USA,30.0,"[{'provider': 'Bovada', 'spread': 33.0, 'formatted_spread': 'UT San Antonio -33.0', 'spread_open': 34.0, 'over_under': 64.0, 'over_under_open': 63.5, 'home_moneyline': None, 'away_moneyline': None}]",33.0
401426585,2022,7,regular,2022-10-15T22:00:00.000Z,Florida Atlantic,Conference USA,17.0,Rice,Conference USA,14.0,"[{'provider': 'Bovada', 'spread': -5.5, 'formatted_spread': 'Florida Atlantic -5.5', 'spread_open': -5.0, 'over_under': 54.5, 'over_under_open': 56.0, 'home_moneyline': -210.0, 'away_moneyline': 175.0}]",-5.5
401426587,2022,7,regular,2022-10-15T19:30:00.000Z,Middle Tennessee,Conference USA,17.0,Western Kentucky,Conference USA,35.0,"[{'provider': 'Bovada', 'spread': 7.5, 'formatted_spread': 'Western Kentucky -7.5', 'spread_open': 7.0, 'over_under': 67.5, 'over_under_open': 66.0, 'home_moneyline': 220.0, 'away_moneyline': -270.0}]",7.5
401426353,2022,8,regular,2022-10-19T23:30:00.000Z,Appalachian State,Sun Belt,42.0,Georgia State,Sun Belt,17.0,"[{'provider': 'Bovada', 'spread': -9.0, 'formatted_spread': 'Appalachian State -9.0', 'spread_open': -10.0, 'over_under': 61.0, 'over_under_open': 61.5, 'home_moneyline': -400.0, 'away_moneyline': 300.0}]",-9.0
401411141,2022,8,regular,2022-10-20T23:30:00.000Z,Georgia Tech,ACC,9.0,Virginia,ACC,16.0,"[{'provider': 'Bovada', 'spread': -3.5, 'formatted_spread': 'Georgia Tech -3.5', 'spread_open': -3.5, 'over_under': 48.0, 'over_under_open': 47.0, 'home_moneyline': -150.0, 'away_moneyline': 130.0}]",-3.5
401426354,2022,8,regular,2022-10-20T23:30:00.000Z,South Alabama,Sun Belt,6.0,Troy,Sun Belt,10.0,"[{'provider': 'Bovada', 'spread': -3.0, 'formatted_spread': 'South Alabama -3.0', 'spread_open': -3.5, 'over_under': 47.0, 'over_under_open': 49.0, 'home_moneyline': -165.0, 'away_moneyline': 140.0}]",-3.0
401415638,2022,8,regular,2022-10-21T23:30:00.000Z,Temple,American Athletic,16.0,Tulsa,American Athletic,27.0,"[{'provider': 'Bovada', 'spread': 14.0, 'formatted_spread': 'Tulsa -14.0', 'spread_open': 13.0, 'over_under': 53.5, 'over_under_open': 52.5, 'home_moneyline': 335.0, 'away_moneyline': -450.0}]",14.0
401404163,2022,8,regular,2022-10-22T19:30:00.000Z,Liberty,FBS Independents,41.0,BYU,FBS Independents,14.0,"[{'provider': 'Bovada', 'spread': 7.0, 'formatted_spread': 'BYU -7.0', 'spread_open': 5.5, 'over_under': 58.0, 'over_under_open': 58.0, 'home_moneyline': 220.0, 'away_moneyline': -270.0}]",7.0
401405117,2022,8,regular,2022-10-22T19:30:00.000Z,Wisconsin,Big Ten,35.0,Purdue,Big Ten,24.0,"[{'provider': 'Bovada', 'spread': -1.5, 'formatted_spread': 'Wisconsin -1.5', 'spread_open': -1.5, 'over_under': 51.0, 'over_under_open': 52.5, 'home_moneyline': -130.0, 'away_moneyline': 110.0}]",-1.5
401416650,2022,13,regular,2022-11-25T17:00:00.000Z,Eastern Michigan,Mid-American,38.0,Central Michigan,Mid-American,19.0,"[{'provider': 'Bovada', 'spread': -1.0, 'formatted_spread': 'Eastern Michigan -1.0', 'spread_open': 1.5, 'over_under': 53.0, 'over_under_open': 54.0, 'home_moneyline': 100.0, 'away_moneyline': -120.0}]",-1.0
401411172,2022,13,regular,2022-11-25T20:30:00.000Z,North Carolina,ACC,27.0,NC State,ACC,30.0,"[{'provider': 'Bovada', 'spread': -6.5, 'formatted_spread': 'North Carolina -6.5', 'spread_open': -6.0, 'over_under': 56.5, 'over_under_open': 56.5, 'home_moneyline': -250.0, 'away_moneyline': 210.0}]",-6.5
401403961,2022,13,regular,2022-11-25T20:30:00.000Z,Missouri,SEC,29.0,Arkansas,SEC,27.0,"[{'provider': 'Bovada', 'spread': 3.0, 'formatted_spread': 'Arkansas -3.0', 'spread_open': 3.0, 'over_under': 55.5, 'over_under_open': 55.0, 'home_moneyline': 135.0, 'away_moneyline': -160.0}]",3.0
401404120,2022,13,regular,2022-11-26T21:00:00.000Z,TCU,Big 12,62.0,Iowa State,Big 12,14.0,"[{'provider': 'Bovada', 'spread': -9.5, 'formatted_spread': 'TCU -9.5', 'spread_open': -10.0, 'over_under': 46.0, 'over_under_open': 47.0, 'home_moneyline': -400.0, 'away_moneyline': 300.0}]",-9.5
401404048,2022,13,regular,2022-11-26T21:00:00.000Z,Colorado,Pac-12,21.0,Utah,Pac-12,63.0,"[{'provider': 'Bovada', 'spread': 30.0, 'formatted_spread': 'Utah -30.0', 'spread_open': 30.0, 'over_under': 52.0, 'over_under_open': None, 'home_moneyline': None, 'away_moneyline': None}]",30.0
401405154,2022,13,regular,2022-11-26T21:00:00.000Z,Penn State,Big Ten,35.0,Michigan State,Big Ten,16.0,"[{'provider': 'Bovada', 'spread': -19.5, 'formatted_spread': 'Penn State -19.5', 'spread_open': -18.5, 'over_under': 54.5, 'over_under_open': 52.5, 'home_moneyline': -1100.0, 'away_moneyline': 650.0}]",-19.5
401426386,2022,13,regular,2022-11-26T22:00:00.000Z,Texas State,Sun Belt,13.0,Louisiana,Sun Belt,41.0,"[{'provider': 'Bovada', 'spread': 5.0, 'formatted_spread': 'Louisiana -5.0', 'spread_open': None, 'over_under': 44.0, 'over_under_open': 44.5, 'home_moneyline': 175.0, 'away_moneyline': -210.0}]",5.0
401404121,2022,13,regular,2022-11-27T01:00:00.000Z,Kansas State,Big 12,47.0,Kansas,Big 12,27.0,"[{'provider': 'Bovada', 'spread': -12.5, 'formatted_spread': 'Kansas State -12.5', 'spread_open': -11.5, 'over_under': 63.0, 'over_under_open': 63.0, 'home_moneyline': -480.0, 'away_moneyline': 350.0}]",-12.5
401404051,2022,13,regular,2022-11-27T03:30:00.000Z,Washington State,Pac-12,33.0,Washington,Pac-12,51.0,"[{'provider': 'Bovada', 'spread': 2.5, 'formatted_spread': 'Washington -2.5', 'spread_open': 2.5, 'over_under': 60.0, 'over_under_open': 59.0, 'home_moneyline': 110.0, 'away_moneyline': -130.0}]",2.5
401415242,2022,8,regular,2022-10-22T20:00:00.000Z,Colorado State,Mountain West,17.0,Hawai'i,Mountain West,13.0,"[{'provider': 'Bovada', 'spread': -6.0, 'formatted_spread': 'Colorado State -6.0', 'spread_open': -5.5, 'over_under': 46.0, 'over_under_open': 46.5, 'home_moneyline': -195.0, 'away_moneyline': 165.0}]",-6.0
401507670,2022,15,regular,2022-12-10T03:15:00.000Z,Montana State,Big Sky,55.0,William & Mary,CAA,0.0,"[{'provider': 'Bovada', 'spread': -9.0, 'formatted_spread': 'Montana State -9.0', 'spread_open': -8.0, 'over_under': 65.0, 'over_under_open': 65.0, 'home_moneyline': None, 'away_moneyline': None}]",-9.0
401403883,2022,3,regular,2022-09-17T23:30:00.000Z,Florida,SEC,31.0,South Florida,American Athletic,28.0,"[{'provider': 'Bovada', 'spread': -23.5, 'formatted_spread': 'Florida -23.5', 'spread_open': -24.5, 'over_under': 58.0, 'over_under_open': 59.0, 'home_moneyline': -2800.0, 'away_moneyline': 1100.0}]",-23.5
401403885,2022,3,regular,2022-09-17T22:00:00.000Z,LSU,SEC,31.0,Mississippi State,SEC,16.0,"[{'provider': 'Bovada', 'spread': 3.0, 'formatted_spread': 'Mississippi State -3.0', 'spread_open': 2.5, 'over_under': 53.0, 'over_under_open': 54.0, 'home_moneyline': 120.0, 'away_moneyline': -140.0}]",3.0
401403886,2022,3,regular,2022-09-17T19:30:00.000Z,Georgia Tech,ACC,0.0,Ole Miss,SEC,42.0,"[{'provider': 'Bovada', 'spread': 17.5, 'formatted_spread': 'Ole Miss -17.5', 'spread_open': 14.5, 'over_under': 62.5, 'over_under_open': 60.0, 'home_moneyline': 525.0, 'away_moneyline': -800.0}]",17.5
401404149,2022,3,regular,2022-09-17T16:00:00.000Z,Michigan,Big Ten,59.0,Connecticut,FBS Independents,0.0,"[{'provider': 'Bovada', 'spread': -47.5, 'formatted_spread': 'Michigan -47.5', 'spread_open': -47.0, 'over_under': 58.5, 'over_under_open': 59.5, 'home_moneyline': None, 'away_moneyline': None}]",-47.5
401404159,2022,3,regular,2022-09-17T21:00:00.000Z,Wake Forest,ACC,37.0,Liberty,FBS Independents,36.0,"[{'provider': 'Bovada', 'spread': -18.0, 'formatted_spread': 'Wake Forest -18.0', 'spread_open': -17.0, 'over_under': 65.0, 'over_under_open': 62.5, 'home_moneyline': -750.0, 'away_moneyline': 500.0}]",-18.0
401437132,2022,14,regular,2022-12-03T21:00:00.000Z,Jackson State,SWAC,43.0,Southern,SWAC,24.0,"[{'provider': 'Bovada', 'spread': -20.5, 'formatted_spread': 'Jackson State -20.5', 'spread_open': -14.5, 'over_under': 51.0, 'over_under_open': 49.5, 'home_moneyline': -900.0, 'away_moneyline': 575.0}]",-20.5
401507650,2022,15,regular,2022-12-10T00:00:00.000Z,North Dakota State,MVFC,24.0,Samford,Southern,3.0,"[{'provider': 'Bovada', 'spread': -19.0, 'formatted_spread': 'North Dakota State -19.0', 'spread_open': -17.0, 'over_under': 62.5, 'over_under_open': 62.5, 'home_moneyline': None, 'away_moneyline': None}]",-19.0
401507652,2022,15,regular,2022-12-10T03:30:00.000Z,Sacramento State,Big Sky,63.0,Incarnate Word,Southland,66.0,"[{'provider': 'Bovada', 'spread': -6.5, 'formatted_spread': 'Sacramento State -6.5', 'spread_open': -7.0, 'over_under': 77.5, 'over_under_open': 77.5, 'home_moneyline': None, 'away_moneyline': None}]",-6.5
401507651,2022,15,regular,2022-12-10T17:00:00.000Z,South Dakota State,MVFC,41.0,Holy Cross,Patriot,21.0,"[{'provider': 'Bovada', 'spread': -19.0, 'formatted_spread': 'South Dakota State -19.0', 'spread_open': -17.5, 'over_under': 54.0, 'over_under_open': 54.0, 'home_moneyline': -900.0, 'away_moneyline': 575.0}]",-19.0
401506450,2022,14,regular,2022-12-02T18:00:00.000Z,Buffalo,Mid-American,23.0,Akron,Mid-American,22.0,"[{'provider': 'Bovada', 'spread': -12.0, 'formatted_spread': 'Buffalo -12.0', 'spread_open': -14.5, 'over_under': 55.0, 'over_under_open': 57.5, 'home_moneyline': -550.0, 'away_moneyline': 390.0}]",-12.0
401415236,2022,6,regular,2022-10-08T02:30:00.000Z,San José State,Mountain West,40.0,UNLV,Mountain West,7.0,"[{'provider': 'Bovada', 'spread': -6.5, 'formatted_spread': 'San José State -6.5', 'spread_open': -5.0, 'over_under': 51.5, 'over_under_open': 50.5, 'home_moneyline': -210.0, 'away_moneyline': 175.0}]",-6.5
401415631,2022,6,regular,2022-10-08T19:30:00.000Z,Tulane,American Athletic,24.0,East Carolina,American Athletic,9.0,"[{'provider': 'Bovada', 'spread': -2.5, 'formatted_spread': 'Tulane -2.5', 'spread_open': -3.0, 'over_under': 55.5, 'over_under_open': 54.0, 'home_moneyline': -160.0, 'away_moneyline': 135.0}]",-2.5
401415633,2022,6,regular,2022-10-08T18:30:00.000Z,Cincinnati,American Athletic,28.0,South Florida,American Athletic,24.0,"[{'provider': 'Bovada', 'spread': -27.0, 'formatted_spread': 'Cincinnati -27.0', 'spread_open': -27.5, 'over_under': 58.5, 'over_under_open': 59.0, 'home_moneyline': None, 'away_moneyline': None}]",-27.0
401426344,2022,6,regular,2022-10-09T00:00:00.000Z,Louisiana Monroe,Sun Belt,21.0,Coastal Carolina,Sun Belt,28.0,"[{'provider': 'Bovada', 'spread': 12.5, 'formatted_spread': 'Coastal Carolina -12.5', 'spread_open': 15.0, 'over_under': 57.5, 'over_under_open': 60.0, 'home_moneyline': 425.0, 'away_moneyline': -600.0}]",12.5
401403989,2022,3,regular,2022-09-17T19:30:00.000Z,Oregon,Pac-12,41.0,BYU,FBS Independents,20.0,"[{'provider': 'Bovada', 'spread': -4.0, 'formatted_spread': 'Oregon -4.0', 'spread_open': -4.0, 'over_under': 58.0, 'over_under_open': 56.5, 'home_moneyline': -170.0, 'away_moneyline': 145.0}]",-4.0
401404071,2022,3,regular,2022-09-17T16:00:00.000Z,Baylor,Big 12,42.0,Texas State,Sun Belt,7.0,"[{'provider': 'Bovada', 'spread': -30.0, 'formatted_spread': 'Baylor -30.0', 'spread_open': -30.0, 'over_under': 53.0, 'over_under_open': 53.0, 'home_moneyline': None, 'away_moneyline': None}]",-30.0
401404072,2022,3,regular,2022-09-17T23:00:00.000Z,NC State,ACC,27.0,Texas Tech,Big 12,14.0,"[{'provider': 'Bovada', 'spread': -10.0, 'formatted_spread': 'NC State -10.0', 'spread_open': -10.0, 'over_under': 56.0, 'over_under_open': 55.5, 'home_moneyline': -370.0, 'away_moneyline': 285.0}]",-10.0
401404074,2022,3,regular,2022-09-17T19:00:00.000Z,Kansas State,Big 12,10.0,Tulane,American Athletic,17.0,"[{'provider': 'Bovada', 'spread': -13.5, 'formatted_spread': 'Kansas State -13.5', 'spread_open': -16.5, 'over_under': 49.0, 'over_under_open': 49.0, 'home_moneyline': -625.0, 'away_moneyline': 430.0}]",-13.5
401411117,2022,4,regular,2022-09-23T23:00:00.000Z,Syracuse,ACC,22.0,Virginia,ACC,20.0,"[{'provider': 'Bovada', 'spread': -10.0, 'formatted_spread': 'Syracuse -10.0', 'spread_open': -9.5, 'over_under': 54.0, 'over_under_open': 53.5, 'home_moneyline': -400.0, 'away_moneyline': 300.0}]",-10.0
401426335,2022,4,regular,2022-09-24T22:00:00.000Z,Old Dominion,Sun Belt,29.0,Arkansas State,Sun Belt,26.0,"[{'provider': 'Bovada', 'spread': -5.0, 'formatted_spread': 'Old Dominion -5.0', 'spread_open': -3.5, 'over_under': 55.5, 'over_under_open': 56.5, 'home_moneyline': -220.0, 'away_moneyline': 180.0}]",-5.0
401426565,2022,4,regular,2022-09-24T19:30:00.000Z,Western Kentucky,Conference USA,73.0,Florida International,Conference USA,0.0,"[{'provider': 'Bovada', 'spread': -31.5, 'formatted_spread': 'Western Kentucky -31.5', 'spread_open': -27.5, 'over_under': 65.5, 'over_under_open': 66.5, 'home_moneyline': None, 'away_moneyline': None}]",-31.5
401426579,2022,6,regular,2022-10-08T23:00:00.000Z,Florida International,Conference USA,12.0,Connecticut,FBS Independents,33.0,"[{'provider': 'Bovada', 'spread': 5.5, 'formatted_spread': 'Connecticut -5.5', 'spread_open': 4.5, 'over_under': 46.5, 'over_under_open': 49.5, 'home_moneyline': 170.0, 'away_moneyline': -200.0}]",5.5
401426356,2022,8,regular,2022-10-22T19:30:00.000Z,Old Dominion,Sun Belt,23.0,Georgia Southern,Sun Belt,28.0,"[{'provider': 'Bovada', 'spread': -1.5, 'formatted_spread': 'Old Dominion -1.5', 'spread_open': -2.5, 'over_under': 66.0, 'over_under_open': 68.0, 'home_moneyline': -130.0, 'away_moneyline': 110.0}]",-1.5
401404111,2022,11,regular,2022-11-13T00:00:00.000Z,Texas Tech,Big 12,43.0,Kansas,Big 12,28.0,"[{'provider': 'Bovada', 'spread': -3.5, 'formatted_spread': 'Texas Tech -3.5', 'spread_open': -3.5, 'over_under': 63.5, 'over_under_open': 64.5, 'home_moneyline': -175.0, 'away_moneyline': 150.0}]",-3.5
401405092,2022,4,regular,2022-09-24T19:30:00.000Z,Michigan State,Big Ten,7.0,Minnesota,Big Ten,34.0,"[{'provider': 'Bovada', 'spread': 3.0, 'formatted_spread': 'Minnesota -3.0', 'spread_open': -2.0, 'over_under': 50.0, 'over_under_open': 51.0, 'home_moneyline': None, 'away_moneyline': -120.0}]",3.0
401403880,2022,3,regular,2022-09-17T20:00:00.000Z,Alabama,SEC,63.0,Louisiana Monroe,Sun Belt,7.0,"[{'provider': 'Bovada', 'spread': -49.5, 'formatted_spread': 'Alabama -49.5', 'spread_open': -50.0, 'over_under': 61.5, 'over_under_open': 60.0, 'home_moneyline': None, 'away_moneyline': None}]",-49.5
401415623,2022,3,regular,2022-09-17T16:00:00.000Z,Miami (OH),Mid-American,17.0,Cincinnati,American Athletic,38.0,"[{'provider': 'Bovada', 'spread': 24.0, 'formatted_spread': 'Cincinnati -24.0', 'spread_open': 20.0, 'over_under': 51.0, 'over_under_open': 50.0, 'home_moneyline': 1050.0, 'away_moneyline': -2500.0}]",24.0
401403882,2022,3,regular,2022-09-17T19:30:00.000Z,Auburn,SEC,12.0,Penn State,Big Ten,41.0,"[{'provider': 'Bovada', 'spread': 2.0, 'formatted_spread': 'Penn State -2.0', 'spread_open': 3.0, 'over_under': 47.5, 'over_under_open': 48.5, 'home_moneyline': 120.0, 'away_moneyline': -140.0}]",2.0
401415211,2022,1,regular,2022-09-03T19:30:00.000Z,Wyoming,Mountain West,40.0,Tulsa,American Athletic,37.0,"[{'provider': 'Bovada', 'spread': 6.5, 'formatted_spread': 'Tulsa -6.5', 'spread_open': 2.0, 'over_under': 46.0, 'over_under_open': 46.5, 'home_moneyline': 160.0, 'away_moneyline': -185.0}]",6.5
401426540,2022,1,regular,2022-09-03T22:00:00.000Z,USC,Pac-12,66.0,Rice,Conference USA,14.0,"[{'provider': 'Bovada', 'spread': -33.0, 'formatted_spread': 'USC -33.0', 'spread_open': -34.5, 'over_under': 62.0, 'over_under_open': 64.5, 'home_moneyline': None, 'away_moneyline': None}]",-33.0
401411099,2022,1,regular,2022-09-04T00:00:00.000Z,Syracuse,ACC,31.0,Louisville,ACC,7.0,"[{'provider': 'Bovada', 'spread': 6.0, 'formatted_spread': 'Louisville -6.0', 'spread_open': 4.0, 'over_under': 55.0, 'over_under_open': 59.5, 'home_moneyline': 155.0, 'away_moneyline': -180.0}]",6.0
401405126,2022,9,regular,2022-10-29T16:00:00.000Z,Penn State,Big Ten,31.0,Ohio State,Big Ten,44.0,"[{'provider': 'Bovada', 'spread': 15.5, 'formatted_spread': 'Ohio State -15.5', 'spread_open': 15.0, 'over_under': 61.0, 'over_under_open': 61.5, 'home_moneyline': 475.0, 'away_moneyline': -700.0}]",15.5
401409242,2022,9,regular,2022-10-29T19:30:00.000Z,UMass,FBS Independents,13.0,New Mexico State,FBS Independents,23.0,"[{'provider': 'Bovada', 'spread': 1.0, 'formatted_spread': 'New Mexico State -1.0', 'spread_open': 3.0, 'over_under': 39.0, 'over_under_open': 37.0, 'home_moneyline': 125.0, 'away_moneyline': -145.0}]",1.0
401411147,2022,9,regular,2022-10-29T16:00:00.000Z,Florida State,ACC,41.0,Georgia Tech,ACC,16.0,"[{'provider': 'Bovada', 'spread': -24.0, 'formatted_spread': 'Florida State -24.0', 'spread_open': -20.5, 'over_under': 48.0, 'over_under_open': 48.0, 'home_moneyline': -2800.0, 'away_moneyline': 1100.0}]",-24.0
401411148,2022,9,regular,2022-10-29T19:30:00.000Z,Louisville,ACC,48.0,Wake Forest,ACC,21.0,"[{'provider': 'Bovada', 'spread': 3.0, 'formatted_spread': 'Wake Forest -3.0', 'spread_open': 5.0, 'over_under': 66.5, 'over_under_open': 62.5, 'home_moneyline': 180.0, 'away_moneyline': -220.0}]",3.0
401411149,2022,9,regular,2022-10-30T00:00:00.000Z,North Carolina,ACC,42.0,Pittsburgh,ACC,24.0,"[{'provider': 'Bovada', 'spread': -2.5, 'formatted_spread': 'North Carolina -2.5', 'spread_open': -4.0, 'over_under': 65.5, 'over_under_open': 64.0, 'home_moneyline': -180.0, 'away_moneyline': 155.0}]",-2.5
401404100,2022,9,regular,2022-10-29T16:00:00.000Z,Iowa State,Big 12,13.0,Oklahoma,Big 12,27.0,"[{'provider': 'Bovada', 'spread': 2.0, 'formatted_spread': 'Oklahoma -2.0', 'spread_open': 2.5, 'over_under': 58.5, 'over_under_open': 54.5, 'home_moneyline': None, 'away_moneyline': -120.0}]",2.0
401411146,2022,9,regular,2022-10-27T23:30:00.000Z,NC State,ACC,22.0,Virginia Tech,ACC,21.0,"[{'provider': 'Bovada', 'spread': -13.0, 'formatted_spread': 'NC State -13.0', 'spread_open': -13.5, 'over_under': 39.0, 'over_under_open': 40.0, 'home_moneyline': -585.0, 'away_moneyline': 410.0}]",-13.0
401426359,2022,9,regular,2022-10-27T23:30:00.000Z,Southern Mississippi,Sun Belt,39.0,Louisiana,Sun Belt,24.0,"[{'provider': 'Bovada', 'spread': 2.5, 'formatted_spread': 'Louisiana -2.5', 'spread_open': 2.0, 'over_under': 42.5, 'over_under_open': 43.5, 'home_moneyline': -125.0, 'away_moneyline': 105.0}]",2.5
401403927,2022,9,regular,2022-10-29T16:00:00.000Z,Auburn,SEC,27.0,Arkansas,SEC,41.0,"[{'provider': 'Bovada', 'spread': 4.0, 'formatted_spread': 'Arkansas -4.0', 'spread_open': 4.0, 'over_under': 60.0, 'over_under_open': 60.5, 'home_moneyline': 160.0, 'away_moneyline': -185.0}]",4.0
401403929,2022,9,regular,2022-10-29T20:00:00.000Z,South Carolina,SEC,10.0,Missouri,SEC,23.0,"[{'provider': 'Bovada', 'spread': -3.5, 'formatted_spread': 'South Carolina -3.5', 'spread_open': -6.0, 'over_under': 45.0, 'over_under_open': 47.5, 'home_moneyline': -200.0, 'away_moneyline': 170.0}]",-3.5
401403930,2022,9,regular,2022-10-29T23:00:00.000Z,Tennessee,SEC,44.0,Kentucky,SEC,6.0,"[{'provider': 'Bovada', 'spread': -10.5, 'formatted_spread': 'Tennessee -10.5', 'spread_open': -13.0, 'over_under': 63.0, 'over_under_open': 63.0, 'home_moneyline': -525.0, 'away_moneyline': 375.0}]",-10.5
401403888,2022,3,regular,2022-09-17T16:00:00.000Z,South Carolina,SEC,7.0,Georgia,SEC,48.0,"[{'provider': 'Bovada', 'spread': 25.5, 'formatted_spread': 'Georgia -25.5', 'spread_open': 24.5, 'over_under': 56.0, 'over_under_open': 50.5, 'home_moneyline': 1200.0, 'away_moneyline': -4000.0}]",25.5
401405115,2022,7,regular,2022-10-15T16:00:00.000Z,Michigan,Big Ten,41.0,Penn State,Big Ten,17.0,"[{'provider': 'Bovada', 'spread': -7.0, 'formatted_spread': 'Michigan -7.0', 'spread_open': -7.5, 'over_under': 48.5, 'over_under_open': 51.5, 'home_moneyline': -280.0, 'away_moneyline': 230.0}]",-7.0
401405116,2022,7,regular,2022-10-15T20:00:00.000Z,Michigan State,Big Ten,34.0,Wisconsin,Big Ten,28.0,"[{'provider': 'Bovada', 'spread': 7.0, 'formatted_spread': 'Wisconsin -7.0', 'spread_open': 5.5, 'over_under': 50.0, 'over_under_open': 47.0, 'home_moneyline': 180.0, 'away_moneyline': -220.0}]",7.0
401409239,2022,7,regular,2022-10-16T00:00:00.000Z,New Mexico State,FBS Independents,21.0,New Mexico,Mountain West,9.0,"[{'provider': 'Bovada', 'spread': 7.0, 'formatted_spread': 'New Mexico -7.0', 'spread_open': 6.0, 'over_under': 38.5, 'over_under_open': 38.0, 'home_moneyline': 190.0, 'away_moneyline': -230.0}]",7.0
401404128,2022,8,regular,2022-10-22T18:30:00.000Z,Notre Dame,FBS Independents,44.0,UNLV,Mountain West,21.0,"[{'provider': 'Bovada', 'spread': -26.0, 'formatted_spread': 'Notre Dame -26.0', 'spread_open': -24.0, 'over_under': 46.5, 'over_under_open': 50.0, 'home_moneyline': -5000.0, 'away_moneyline': 1300.0}]",-26.0
401416622,2022,7,regular,2022-10-15T16:00:00.000Z,Bowling Green,Mid-American,17.0,Miami (OH),Mid-American,13.0,"[{'provider': 'Bovada', 'spread': 7.0, 'formatted_spread': 'Miami (OH) -7.0', 'spread_open': 7.0, 'over_under': 45.0, 'over_under_open': 47.5, 'home_moneyline': 210.0, 'away_moneyline': -250.0}]",7.0
401416623,2022,7,regular,2022-10-15T19:30:00.000Z,Western Michigan,Mid-American,14.0,Ohio,Mid-American,33.0,"[{'provider': 'Bovada', 'spread': -2.0, 'formatted_spread': 'Western Michigan -2.0', 'spread_open': -2.0, 'over_under': 61.5, 'over_under_open': 60.0, 'home_moneyline': -125.0, 'away_moneyline': 105.0}]",-2.0
401426348,2022,7,regular,2022-10-15T16:00:00.000Z,Coastal Carolina,Sun Belt,21.0,Old Dominion,Sun Belt,49.0,"[{'provider': 'Bovada', 'spread': -11.0, 'formatted_spread': 'Coastal Carolina -11.0', 'spread_open': -11.0, 'over_under': 58.5, 'over_under_open': 57.0, 'home_moneyline': -450.0, 'away_moneyline': 335.0}]",-11.0
401426349,2022,7,regular,2022-10-15T20:00:00.000Z,Georgia Southern,Sun Belt,45.0,James Madison,Sun Belt,38.0,"[{'provider': 'Bovada', 'spread': 13.0, 'formatted_spread': 'James Madison -13.0', 'spread_open': 10.5, 'over_under': 68.0, 'over_under_open': 63.5, 'home_moneyline': 295.0, 'away_moneyline': -390.0}]",13.0
401403928,2022,9,regular,2022-10-29T19:30:00.000Z,Georgia,SEC,42.0,Florida,SEC,20.0,"[{'provider': 'Bovada', 'spread': -23.0, 'formatted_spread': 'Georgia -23.0', 'spread_open': -22.0, 'over_under': 56.5, 'over_under_open': 57.0, 'home_moneyline': -2500.0, 'away_moneyline': 1050.0}]",-23.0
401426350,2022,7,regular,2022-10-15T23:00:00.000Z,South Alabama,Sun Belt,41.0,Louisiana Monroe,Sun Belt,34.0,"[{'provider': 'Bovada', 'spread': -17.0, 'formatted_spread': 'South Alabama -17.0', 'spread_open': -17.5, 'over_under': 51.0, 'over_under_open': 54.0, 'home_moneyline': -950.0, 'away_moneyline': 600.0}]",-17.0
401426351,2022,7,regular,2022-10-15T23:00:00.000Z,Southern Mississippi,Sun Belt,20.0,Arkansas State,Sun Belt,19.0,"[{'provider': 'Bovada', 'spread': -4.5, 'formatted_spread': 'Southern Mississippi -4.5', 'spread_open': -4.0, 'over_under': 53.0, 'over_under_open': 56.5, 'home_moneyline': -175.0, 'away_moneyline': 150.0}]",-4.5
401416631,2022,9,regular,2022-10-29T16:00:00.000Z,Akron,Mid-American,9.0,Miami (OH),Mid-American,27.0,"[{'provider': 'Bovada', 'spread': 9.5, 'formatted_spread': 'Miami (OH) -9.5', 'spread_open': 9.0, 'over_under': 51.5, 'over_under_open': 46.0, 'home_moneyline': 270.0, 'away_moneyline': -340.0}]",9.5
401403894,2022,4,regular,2022-09-24T16:00:00.000Z,Auburn,SEC,17.0,Missouri,SEC,14.0,"[{'provider': 'Bovada', 'spread': -7.5, 'formatted_spread': 'Auburn -7.5', 'spread_open': -6.5, 'over_under': 51.0, 'over_under_open': 51.5, 'home_moneyline': -280.0, 'away_moneyline': 230.0}]",-7.5
401403895,2022,4,regular,2022-09-24T16:00:00.000Z,Georgia,SEC,39.0,Kent State,Mid-American,22.0,"[{'provider': 'Bovada', 'spread': -46.0, 'formatted_spread': 'Georgia -46.0', 'spread_open': -42.0, 'over_under': 61.0, 'over_under_open': 60.0, 'home_moneyline': None, 'away_moneyline': None}]",-46.0
401403896,2022,4,regular,2022-09-24T23:00:00.000Z,Kentucky,SEC,31.0,Northern Illinois,Mid-American,23.0,"[{'provider': 'Bovada', 'spread': -27.5, 'formatted_spread': 'Kentucky -27.5', 'spread_open': -25.0, 'over_under': 53.0, 'over_under_open': 53.0, 'home_moneyline': -5000.0, 'away_moneyline': 1300.0}]",-27.5
401403897,2022,4,regular,2022-09-24T23:30:00.000Z,LSU,SEC,38.0,New Mexico,Mountain West,0.0,"[{'provider': 'Bovada', 'spread': -31.5, 'formatted_spread': 'LSU -31.5', 'spread_open': -29.0, 'over_under': 44.0, 'over_under_open': 47.0, 'home_moneyline': None, 'away_moneyline': None}]",-31.5
401403898,2022,4,regular,2022-09-24T20:00:00.000Z,Ole Miss,SEC,35.0,Tulsa,American Athletic,27.0,"[{'provider': 'Bovada', 'spread': -21.0, 'formatted_spread': 'Ole Miss -21.0', 'spread_open': -20.5, 'over_under': 66.5, 'over_under_open': 62.5, 'home_moneyline': -1500.0, 'away_moneyline': 775.0}]",-21.0
401415226,2022,5,regular,2022-09-30T00:00:00.000Z,BYU,FBS Independents,38.0,Utah State,Mountain West,26.0,"[{'provider': 'Bovada', 'spread': -26.0, 'formatted_spread': 'BYU -26.0', 'spread_open': -24.0, 'over_under': 60.0, 'over_under_open': 60.5, 'home_moneyline': -4500.0, 'away_moneyline': 1250.0}]",-26.0
401415625,2022,5,regular,2022-09-30T23:00:00.000Z,Houston,American Athletic,24.0,Tulane,American Athletic,27.0,"[{'provider': 'Bovada', 'spread': -5.5, 'formatted_spread': 'Houston -5.5', 'spread_open': -3.0, 'over_under': 52.0, 'over_under_open': 55.0, 'home_moneyline': -220.0, 'away_moneyline': 180.0}]",-5.5
401404007,2022,5,regular,2022-10-01T02:30:00.000Z,UCLA,Pac-12,40.0,Washington,Pac-12,32.0,"[{'provider': 'Bovada', 'spread': 2.5, 'formatted_spread': 'Washington -2.5', 'spread_open': 3.0, 'over_under': 65.0, 'over_under_open': 65.0, 'home_moneyline': 120.0, 'away_moneyline': -140.0}]",2.5
401403902,2022,5,regular,2022-10-01T19:30:00.000Z,Arkansas,SEC,26.0,Alabama,SEC,49.0,"[{'provider': 'Bovada', 'spread': 17.0, 'formatted_spread': 'Alabama -17.0', 'spread_open': 16.0, 'over_under': 61.0, 'over_under_open': 61.5, 'home_moneyline': 550.0, 'away_moneyline': -850.0}]",17.0
401403903,2022,5,regular,2022-10-01T23:00:00.000Z,Auburn,SEC,17.0,LSU,SEC,21.0,"[{'provider': 'Bovada', 'spread': 8.0, 'formatted_spread': 'LSU -8.0', 'spread_open': 7.5, 'over_under': 44.5, 'over_under_open': 45.5, 'home_moneyline': 255.0, 'away_moneyline': -310.0}]",8.0
401403905,2022,5,regular,2022-10-01T16:00:00.000Z,Ole Miss,SEC,22.0,Kentucky,SEC,19.0,"[{'provider': 'Bovada', 'spread': -6.0, 'formatted_spread': 'Ole Miss -6.0', 'spread_open': -6.0, 'over_under': 55.0, 'over_under_open': 55.5, 'home_moneyline': -270.0, 'away_moneyline': 220.0}]",-6.0
401403906,2022,5,regular,2022-10-01T20:00:00.000Z,Mississippi State,SEC,42.0,Texas A&M,SEC,24.0,"[{'provider': 'Bovada', 'spread': -4.0, 'formatted_spread': 'Mississippi State -4.0', 'spread_open': -2.5, 'over_under': 45.0, 'over_under_open': 46.0, 'home_moneyline': -170.0, 'away_moneyline': 145.0}]",-4.0
401403907,2022,5,regular,2022-10-01T23:30:00.000Z,Missouri,SEC,22.0,Georgia,SEC,26.0,"[{'provider': 'Bovada', 'spread': 31.5, 'formatted_spread': 'Georgia -31.5', 'spread_open': 27.5, 'over_under': 54.5, 'over_under_open': 55.5, 'home_moneyline': 1325.0, 'away_moneyline': -6000.0}]",31.5
401404127,2022,6,regular,2022-10-08T23:30:00.000Z,Notre Dame,FBS Independents,28.0,BYU,FBS Independents,20.0,"[{'provider': 'Bovada', 'spread': -3.5, 'formatted_spread': 'Notre Dame -3.5', 'spread_open': -2.5, 'over_under': 51.5, 'over_under_open': 52.0, 'home_moneyline': -195.0, 'away_moneyline': 165.0}]",-3.5
401404090,2022,6,regular,2022-10-08T16:00:00.000Z,Oklahoma,Big 12,0.0,Texas,Big 12,49.0,"[{'provider': 'Bovada', 'spread': 7.5, 'formatted_spread': 'Texas -7.5', 'spread_open': 6.0, 'over_under': 65.5, 'over_under_open': 65.0, 'home_moneyline': 260.0, 'away_moneyline': -320.0}]",7.5
401404011,2022,6,regular,2022-10-08T19:30:00.000Z,UCLA,Pac-12,42.0,Utah,Pac-12,32.0,"[{'provider': 'Bovada', 'spread': 3.5, 'formatted_spread': 'Utah -3.5', 'spread_open': 3.5, 'over_under': 64.5, 'over_under_open': 64.0, 'home_moneyline': 165.0, 'away_moneyline': -195.0}]",3.5
401404012,2022,6,regular,2022-10-08T23:30:00.000Z,USC,Pac-12,30.0,Washington State,Pac-12,14.0,"[{'provider': 'Bovada', 'spread': -12.5, 'formatted_spread': 'USC -12.5', 'spread_open': -11.0, 'over_under': 64.5, 'over_under_open': 61.0, 'home_moneyline': -550.0, 'away_moneyline': None}]",-12.5
401404088,2022,6,regular,2022-10-08T23:30:00.000Z,Iowa State,Big 12,9.0,Kansas State,Big 12,10.0,"[{'provider': 'Bovada', 'spread': 1.0, 'formatted_spread': 'Kansas State -1.0', 'spread_open': 2.0, 'over_under': 45.0, 'over_under_open': 46.0, 'home_moneyline': 110.0, 'away_moneyline': -130.0}]",1.0
401404089,2022,6,regular,2022-10-08T16:00:00.000Z,Kansas,Big 12,31.0,TCU,Big 12,38.0,"[{'provider': 'Bovada', 'spread': 7.0, 'formatted_spread': 'TCU -7.0', 'spread_open': 5.5, 'over_under': 71.0, 'over_under_open': 67.5, 'home_moneyline': 225.0, 'away_moneyline': -275.0}]",7.0
401404015,2022,7,regular,2022-10-16T01:00:00.000Z,Oregon State,Pac-12,24.0,Washington State,Pac-12,10.0,"[{'provider': 'Bovada', 'spread': -3.0, 'formatted_spread': 'Oregon State -3.0', 'spread_open': -3.5, 'over_under': 51.5, 'over_under_open': 52.5, 'home_moneyline': -165.0, 'away_moneyline': 140.0}]",-3.0
401415244,2022,8,regular,2022-10-23T01:45:00.000Z,Wyoming,Mountain West,28.0,Utah State,Mountain West,14.0,"[{'provider': 'Bovada', 'spread': -5.0, 'formatted_spread': 'Wyoming -5.0', 'spread_open': -3.5, 'over_under': 44.5, 'over_under_open': 42.0, 'home_moneyline': -170.0, 'away_moneyline': 145.0}]",-5.0
401415245,2022,8,regular,2022-10-23T02:30:00.000Z,Nevada,Mountain West,7.0,San Diego State,Mountain West,23.0,"[{'provider': 'Bovada', 'spread': 7.0, 'formatted_spread': 'San Diego State -7.0', 'spread_open': 9.0, 'over_under': 36.0, 'over_under_open': 36.5, 'home_moneyline': 240.0, 'away_moneyline': -290.0}]",7.0
401404030,2022,10,regular,2022-11-05T19:30:00.000Z,Colorado,Pac-12,10.0,Oregon,Pac-12,49.0,"[{'provider': 'Bovada', 'spread': 31.0, 'formatted_spread': 'Oregon -31.0', 'spread_open': 31.0, 'over_under': 62.5, 'over_under_open': 60.5, 'home_moneyline': None, 'away_moneyline': None}]",31.0
401404032,2022,10,regular,2022-11-05T19:30:00.000Z,Stanford,Pac-12,14.0,Washington State,Pac-12,52.0,"[{'provider': 'Bovada', 'spread': 3.0, 'formatted_spread': 'Washington State -3.0', 'spread_open': 4.5, 'over_under': 48.0, 'over_under_open': 48.5, 'home_moneyline': 170.0, 'away_moneyline': None}]",3.0
401404104,2022,10,regular,2022-11-05T19:00:00.000Z,Oklahoma,Big 12,35.0,Baylor,Big 12,38.0,"[{'provider': 'Bovada', 'spread': -3.0, 'formatted_spread': 'Oklahoma -3.0', 'spread_open': -3.5, 'over_under': 61.5, 'over_under_open': 58.5, 'home_moneyline': -175.0, 'away_moneyline': 150.0}]",-3.0
401404105,2022,10,regular,2022-11-05T19:30:00.000Z,Iowa State,Big 12,31.0,West Virginia,Big 12,14.0,"[{'provider': 'Bovada', 'spread': -6.5, 'formatted_spread': 'Iowa State -6.5', 'spread_open': -6.5, 'over_under': 49.5, 'over_under_open': 51.0, 'home_moneyline': -250.0, 'away_moneyline': 210.0}]",-6.5
401404106,2022,10,regular,2022-11-05T19:30:00.000Z,Kansas,Big 12,37.0,Oklahoma State,Big 12,16.0,"[{'provider': 'Bovada', 'spread': 2.0, 'formatted_spread': 'Oklahoma State -2.0', 'spread_open': 3.5, 'over_under': 65.5, 'over_under_open': 69.0, 'home_moneyline': 150.0, 'away_moneyline': -175.0}]",2.0
401416635,2022,10,regular,2022-11-02T23:00:00.000Z,Bowling Green,Mid-American,13.0,Western Michigan,Mid-American,9.0,"[{'provider': 'Bovada', 'spread': -5.0, 'formatted_spread': 'Bowling Green -5.0', 'spread_open': -3.5, 'over_under': 47.5, 'over_under_open': 47.0, 'home_moneyline': -175.0, 'away_moneyline': 150.0}]",-5.0
401426364,2022,10,regular,2022-11-03T23:30:00.000Z,Coastal Carolina,Sun Belt,35.0,Appalachian State,Sun Belt,28.0,"[{'provider': 'Bovada', 'spread': 3.0, 'formatted_spread': 'Appalachian State -3.0', 'spread_open': 2.0, 'over_under': 65.0, 'over_under_open': 61.0, 'home_moneyline': 135.0, 'away_moneyline': -160.0}]",3.0
401416636,2022,11,regular,2022-11-09T01:00:00.000Z,Toledo,Mid-American,28.0,Ball State,Mid-American,21.0,"[{'provider': 'Bovada', 'spread': -14.0, 'formatted_spread': 'Toledo -14.0', 'spread_open': -12.0, 'over_under': 53.5, 'over_under_open': 51.5, 'home_moneyline': -500.0, 'away_moneyline': 360.0}]",-14.0
401416637,2022,11,regular,2022-11-09T00:00:00.000Z,Akron,Mid-American,28.0,Eastern Michigan,Mid-American,34.0,"[{'provider': 'Bovada', 'spread': 6.0, 'formatted_spread': 'Eastern Michigan -6.0', 'spread_open': 9.0, 'over_under': 57.0, 'over_under_open': 55.5, 'home_moneyline': 265.0, 'away_moneyline': -330.0}]",6.0
401416638,2022,11,regular,2022-11-09T00:30:00.000Z,Miami (OH),Mid-American,21.0,Ohio,Mid-American,37.0,"[{'provider': 'Bovada', 'spread': 2.5, 'formatted_spread': 'Ohio -2.5', 'spread_open': 1.0, 'over_under': 52.0, 'over_under_open': 50.5, 'home_moneyline': 105.0, 'away_moneyline': -125.0}]",2.5
401416639,2022,11,regular,2022-11-10T00:00:00.000Z,Western Michigan,Mid-American,21.0,Northern Illinois,Mid-American,24.0,"[{'provider': 'Bovada', 'spread': 0.0, 'formatted_spread': 'Northern Illinois -0.0', 'spread_open': 0.0, 'over_under': 49.0, 'over_under_open': 52.0, 'home_moneyline': -110.0, 'away_moneyline': -110.0}]",0.0
401416640,2022,11,regular,2022-11-10T00:00:00.000Z,Central Michigan,Mid-American,31.0,Buffalo,Mid-American,27.0,"[{'provider': 'Bovada', 'spread': -2.5, 'formatted_spread': 'Central Michigan -2.5', 'spread_open': 0.0, 'over_under': 54.0, 'over_under_open': 55.5, 'home_moneyline': -115.0, 'away_moneyline': -105.0}]",-2.5
401411151,2022,10,regular,2022-11-04T23:00:00.000Z,Boston College,ACC,31.0,Duke,ACC,38.0,"[{'provider': 'Bovada', 'spread': 12.5, 'formatted_spread': 'Duke -12.5', 'spread_open': 9.5, 'over_under': 47.0, 'over_under_open': 48.5, 'home_moneyline': 335.0, 'away_moneyline': -450.0}]",12.5
401403932,2022,10,regular,2022-11-05T20:00:00.000Z,Arkansas,SEC,19.0,Liberty,FBS Independents,21.0,"[{'provider': 'Bovada', 'spread': -14.5, 'formatted_spread': 'Arkansas -14.5', 'spread_open': -14.0, 'over_under': 61.0, 'over_under_open': 64.5, 'home_moneyline': -625.0, 'away_moneyline': 430.0}]",-14.5
401403904,2022,5,regular,2022-10-02T16:00:00.000Z,Florida,SEC,52.0,Eastern Washington,Big Sky,17.0,"[{'provider': 'Bovada', 'spread': -32.0, 'formatted_spread': 'Florida -32.0', 'spread_open': -32.0, 'over_under': 69.0, 'over_under_open': 71.5, 'home_moneyline': None, 'away_moneyline': None}]",-32.0
401403933,2022,10,regular,2022-11-05T19:30:00.000Z,Georgia,SEC,27.0,Tennessee,SEC,13.0,"[{'provider': 'Bovada', 'spread': -9.0, 'formatted_spread': 'Georgia -9.0', 'spread_open': -8.5, 'over_under': 65.0, 'over_under_open': 65.5, 'home_moneyline': -310.0, 'away_moneyline': 255.0}]",-9.0
401403934,2022,10,regular,2022-11-05T23:00:00.000Z,LSU,SEC,32.0,Alabama,SEC,31.0,"[{'provider': 'Bovada', 'spread': 13.5, 'formatted_spread': 'Alabama -13.5', 'spread_open': 13.0, 'over_under': 57.0, 'over_under_open': 58.0, 'home_moneyline': 390.0, 'away_moneyline': -550.0}]",13.5
401403935,2022,10,regular,2022-11-05T23:30:00.000Z,Mississippi State,SEC,39.0,Auburn,SEC,33.0,"[{'provider': 'Bovada', 'spread': -12.5, 'formatted_spread': 'Mississippi State -12.5', 'spread_open': -11.0, 'over_under': 50.5, 'over_under_open': 52.5, 'home_moneyline': -525.0, 'away_moneyline': 375.0}]",-12.5
401404029,2022,10,regular,2022-11-06T02:30:00.000Z,USC,Pac-12,41.0,California,Pac-12,35.0,"[{'provider': 'Bovada', 'spread': -21.0, 'formatted_spread': 'USC -21.0', 'spread_open': -19.5, 'over_under': 62.0, 'over_under_open': 58.0, 'home_moneyline': -1800.0, 'away_moneyline': 850.0}]",-21.0
401416641,2022,11,regular,2022-11-10T00:00:00.000Z,Bowling Green,Mid-American,6.0,Kent State,Mid-American,40.0,"[{'provider': 'Bovada', 'spread': 3.0, 'formatted_spread': 'Kent State -3.0', 'spread_open': 2.5, 'over_under': 56.0, 'over_under_open': 57.5, 'home_moneyline': 115.0, 'away_moneyline': -135.0}]",3.0
401404036,2022,11,regular,2022-11-13T02:00:00.000Z,Oregon State,Pac-12,38.0,California,Pac-12,10.0,"[{'provider': 'Bovada', 'spread': -11.5, 'formatted_spread': 'Oregon State -11.5', 'spread_open': -13.5, 'over_under': 47.0, 'over_under_open': 49.0, 'home_moneyline': -575.0, 'away_moneyline': 400.0}]",-11.5
401404037,2022,11,regular,2022-11-13T00:00:00.000Z,Oregon,Pac-12,34.0,Washington,Pac-12,37.0,"[{'provider': 'Bovada', 'spread': -12.0, 'formatted_spread': 'Oregon -12.0', 'spread_open': -12.5, 'over_under': 74.0, 'over_under_open': 68.5, 'home_moneyline': -500.0, 'away_moneyline': 360.0}]",-12.0
401426393,2022,4,regular,2022-09-24T23:00:00.000Z,Troy,Sun Belt,16.0,Marshall,Sun Belt,7.0,"[{'provider': 'Bovada', 'spread': 3.5, 'formatted_spread': 'Marshall -3.5', 'spread_open': 4.0, 'over_under': 51.5, 'over_under_open': 52.5, 'home_moneyline': 135.0, 'away_moneyline': -160.0}]",3.5
401426564,2022,4,regular,2022-09-24T23:30:00.000Z,South Carolina,SEC,56.0,Charlotte,Conference USA,20.0,"[{'provider': 'Bovada', 'spread': -23.5, 'formatted_spread': 'South Carolina -23.5', 'spread_open': -23.0, 'over_under': 67.0, 'over_under_open': 65.5, 'home_moneyline': -2500.0, 'away_moneyline': 1050.0}]",-23.5
401426566,2022,4,regular,2022-09-24T23:30:00.000Z,Purdue,Big Ten,28.0,Florida Atlantic,Conference USA,26.0,"[{'provider': 'Bovada', 'spread': -16.0, 'formatted_spread': 'Purdue -16.0', 'spread_open': -19.5, 'over_under': 57.0, 'over_under_open': 60.5, 'home_moneyline': -1000.0, 'away_moneyline': 625.0}]",-16.0
401426336,2022,4,regular,2022-09-25T00:00:00.000Z,Louisiana Monroe,Sun Belt,21.0,Louisiana,Sun Belt,17.0,"[{'provider': 'Bovada', 'spread': 9.5, 'formatted_spread': 'Louisiana -9.5', 'spread_open': 10.5, 'over_under': 51.0, 'over_under_open': 54.0, 'home_moneyline': 300.0, 'away_moneyline': -400.0}]",9.5
401415628,2022,5,regular,2022-10-01T16:00:00.000Z,Memphis,American Athletic,24.0,Temple,American Athletic,3.0,"[{'provider': 'Bovada', 'spread': -18.0, 'formatted_spread': 'Memphis -18.0', 'spread_open': -20.5, 'over_under': 49.5, 'over_under_open': 53.0, 'home_moneyline': -1600.0, 'away_moneyline': 800.0}]",-18.0
401415627,2022,5,regular,2022-10-01T23:00:00.000Z,Tulsa,American Athletic,21.0,Cincinnati,American Athletic,31.0,"[{'provider': 'Bovada', 'spread': 10.0, 'formatted_spread': 'Cincinnati -10.0', 'spread_open': 12.0, 'over_under': 59.0, 'over_under_open': 60.5, 'home_moneyline': 280.0, 'away_moneyline': -360.0}]",10.0
401415629,2022,6,regular,2022-10-05T23:00:00.000Z,UCF,American Athletic,41.0,SMU,American Athletic,19.0,"[{'provider': 'Bovada', 'spread': -3.0, 'formatted_spread': 'UCF -3.0', 'spread_open': -3.5, 'over_under': 65.0, 'over_under_open': 65.0, 'home_moneyline': -165.0, 'away_moneyline': 140.0}]",-3.0
401404091,2022,6,regular,2022-10-08T19:30:00.000Z,Oklahoma State,Big 12,41.0,Texas Tech,Big 12,31.0,"[{'provider': 'Bovada', 'spread': -11.5, 'formatted_spread': 'Oklahoma State -11.5', 'spread_open': -10.0, 'over_under': 65.5, 'over_under_open': 64.0, 'home_moneyline': -350.0, 'away_moneyline': 275.0}]",-11.5
401404138,2022,6,regular,2022-10-08T23:30:00.000Z,Wake Forest,ACC,45.0,Army,FBS Independents,10.0,"[{'provider': 'Bovada', 'spread': -16.5, 'formatted_spread': 'Wake Forest -16.5', 'spread_open': -15.5, 'over_under': 65.5, 'over_under_open': 65.0, 'home_moneyline': -850.0, 'away_moneyline': 550.0}]",-16.5
401416614,2022,6,regular,2022-10-08T16:00:00.000Z,Western Michigan,Mid-American,23.0,Eastern Michigan,Mid-American,45.0,"[{'provider': 'Bovada', 'spread': -4.5, 'formatted_spread': 'Western Michigan -4.5', 'spread_open': -4.0, 'over_under': 55.5, 'over_under_open': 58.0, 'home_moneyline': -230.0, 'away_moneyline': 190.0}]",-4.5
401416617,2022,6,regular,2022-10-08T16:00:00.000Z,Bowling Green,Mid-American,7.0,Buffalo,Mid-American,38.0,"[{'provider': 'Bovada', 'spread': 2.0, 'formatted_spread': 'Buffalo -2.0', 'spread_open': -1.5, 'over_under': 56.0, 'over_under_open': 55.5, 'home_moneyline': 110.0, 'away_moneyline': -130.0}]",2.0
401416616,2022,6,regular,2022-10-08T18:00:00.000Z,Ohio,Mid-American,55.0,Akron,Mid-American,34.0,"[{'provider': 'Bovada', 'spread': -10.0, 'formatted_spread': 'Ohio -10.0', 'spread_open': -11.5, 'over_under': 59.0, 'over_under_open': 58.5, 'home_moneyline': -430.0, 'away_moneyline': 320.0}]",-10.0
401426342,2022,6,regular,2022-10-08T18:00:00.000Z,Georgia State,Sun Belt,41.0,Georgia Southern,Sun Belt,33.0,"[{'provider': 'Bovada', 'spread': -2.5, 'formatted_spread': 'Georgia State -2.5', 'spread_open': -2.5, 'over_under': 66.5, 'over_under_open': 65.5, 'home_moneyline': -135.0, 'away_moneyline': 115.0}]",-2.5
401404164,2022,6,regular,2022-10-08T19:30:00.000Z,UMass,FBS Independents,24.0,Liberty,FBS Independents,42.0,"[{'provider': 'Bovada', 'spread': 23.0, 'formatted_spread': 'Liberty -23.0', 'spread_open': 25.5, 'over_under': 45.5, 'over_under_open': 50.5, 'home_moneyline': 1125.0, 'away_moneyline': -3000.0}]",23.0
401405107,2022,6,regular,2022-10-08T19:30:00.000Z,Northwestern,Big Ten,7.0,Wisconsin,Big Ten,42.0,"[{'provider': 'Bovada', 'spread': 10.0, 'formatted_spread': 'Wisconsin -10.0', 'spread_open': 9.5, 'over_under': 44.5, 'over_under_open': 44.0, 'home_moneyline': 300.0, 'away_moneyline': -400.0}]",10.0
401416613,2022,6,regular,2022-10-08T19:30:00.000Z,Central Michigan,Mid-American,16.0,Ball State,Mid-American,17.0,"[{'provider': 'Bovada', 'spread': -7.5, 'formatted_spread': 'Central Michigan -7.5', 'spread_open': -9.0, 'over_under': 63.5, 'over_under_open': 64.0, 'home_moneyline': -340.0, 'away_moneyline': 270.0}]",-7.5
401416615,2022,6,regular,2022-10-08T19:30:00.000Z,Northern Illinois,Mid-American,32.0,Toledo,Mid-American,52.0,"[{'provider': 'Bovada', 'spread': 6.5, 'formatted_spread': 'Toledo -6.5', 'spread_open': 6.0, 'over_under': 59.5, 'over_under_open': 60.0, 'home_moneyline': 190.0, 'away_moneyline': -230.0}]",6.5
401416618,2022,6,regular,2022-10-08T19:30:00.000Z,Miami (OH),Mid-American,27.0,Kent State,Mid-American,24.0,"[{'provider': 'Bovada', 'spread': 5.0, 'formatted_spread': 'Kent State -5.0', 'spread_open': 3.5, 'over_under': 56.5, 'over_under_open': 57.5, 'home_moneyline': 190.0, 'away_moneyline': -230.0}]",5.0
401426346,2022,6,regular,2022-10-08T23:00:00.000Z,Troy,Sun Belt,27.0,Southern Mississippi,Sun Belt,10.0,"[{'provider': 'Bovada', 'spread': -7.0, 'formatted_spread': 'Troy -7.0', 'spread_open': -6.5, 'over_under': 44.0, 'over_under_open': 46.0, 'home_moneyline': -250.0, 'away_moneyline': 210.0}]",-7.0
401405106,2022,6,regular,2022-10-08T23:30:00.000Z,Illinois,Big Ten,9.0,Iowa,Big Ten,6.0,"[{'provider': 'Bovada', 'spread': -4.0, 'formatted_spread': 'Illinois -4.0', 'spread_open': -4.0, 'over_under': 36.0, 'over_under_open': 35.5, 'home_moneyline': -175.0, 'away_moneyline': 150.0}]",-4.0
401426586,2022,7,regular,2022-10-15T20:00:00.000Z,North Texas,Conference USA,47.0,Louisiana Tech,Conference USA,27.0,"[{'provider': 'Bovada', 'spread': -6.5, 'formatted_spread': 'North Texas -6.5', 'spread_open': -6.0, 'over_under': 68.0, 'over_under_open': 71.0, 'home_moneyline': -230.0, 'away_moneyline': 190.0}]",-6.5
401415240,2022,7,regular,2022-10-16T03:59:00.000Z,Hawai'i,Mountain West,31.0,Nevada,Mountain West,16.0,"[{'provider': 'Bovada', 'spread': 6.0, 'formatted_spread': 'Nevada -6.0', 'spread_open': 4.5, 'over_under': 51.5, 'over_under_open': 48.5, 'home_moneyline': 170.0, 'away_moneyline': -200.0}]",6.0
401415641,2022,8,regular,2022-10-22T16:00:00.000Z,SMU,American Athletic,27.0,Cincinnati,American Athletic,29.0,"[{'provider': 'Bovada', 'spread': 4.0, 'formatted_spread': 'Cincinnati -4.0', 'spread_open': 3.0, 'over_under': 59.5, 'over_under_open': 62.5, 'home_moneyline': 145.0, 'away_moneyline': -170.0}]",4.0
401415639,2022,8,regular,2022-10-22T19:30:00.000Z,Tulane,American Athletic,38.0,Memphis,American Athletic,28.0,"[{'provider': 'Bovada', 'spread': -7.0, 'formatted_spread': 'Tulane -7.0', 'spread_open': -6.0, 'over_under': 55.5, 'over_under_open': 56.0, 'home_moneyline': -270.0, 'away_moneyline': 220.0}]",-7.0
401415640,2022,8,regular,2022-10-22T16:00:00.000Z,Navy,American Athletic,20.0,Houston,American Athletic,38.0,"[{'provider': 'Bovada', 'spread': 3.0, 'formatted_spread': 'Houston -3.0', 'spread_open': 3.0, 'over_under': 51.0, 'over_under_open': 53.0, 'home_moneyline': 135.0, 'away_moneyline': -160.0}]",3.0
401415243,2022,8,regular,2022-10-22T22:30:00.000Z,New Mexico,Mountain West,9.0,Fresno State,Mountain West,41.0,"[{'provider': 'Bovada', 'spread': 10.0, 'formatted_spread': 'Fresno State -10.0', 'spread_open': 12.5, 'over_under': 40.0, 'over_under_open': 42.5, 'home_moneyline': 360.0, 'away_moneyline': -500.0}]",10.0
401415241,2022,8,regular,2022-10-22T23:00:00.000Z,Air Force,Mountain West,14.0,Boise State,Mountain West,19.0,"[{'provider': 'Bovada', 'spread': -2.0, 'formatted_spread': 'Air Force -2.0', 'spread_open': -4.0, 'over_under': 46.5, 'over_under_open': 48.5, 'home_moneyline': -175.0, 'away_moneyline': 150.0}]",-2.0
401405125,2022,9,regular,2022-10-29T23:30:00.000Z,Michigan,Big Ten,29.0,Michigan State,Big Ten,7.0,"[{'provider': 'Bovada', 'spread': -22.0, 'formatted_spread': 'Michigan -22.0', 'spread_open': -22.5, 'over_under': 55.0, 'over_under_open': 54.5, 'home_moneyline': -2500.0, 'away_moneyline': 1050.0}]",-22.0
401404129,2022,9,regular,2022-10-29T16:00:00.000Z,Syracuse,ACC,24.0,Notre Dame,FBS Independents,41.0,"[{'provider': 'Bovada', 'spread': -1.0, 'formatted_spread': 'Syracuse -1.0', 'spread_open': -2.0, 'over_under': 48.0, 'over_under_open': 46.0, 'home_moneyline': -140.0, 'away_moneyline': 120.0}]",-1.0
401405124,2022,9,regular,2022-10-29T19:30:00.000Z,Nebraska,Big Ten,9.0,Illinois,Big Ten,26.0,"[{'provider': 'Bovada', 'spread': 7.5, 'formatted_spread': 'Illinois -7.5', 'spread_open': 6.0, 'over_under': 51.0, 'over_under_open': 51.5, 'home_moneyline': 230.0, 'away_moneyline': -280.0}]",7.5
401404154,2022,9,regular,2022-10-29T16:00:00.000Z,Connecticut,FBS Independents,13.0,Boston College,ACC,3.0,"[{'provider': 'Bovada', 'spread': 8.0, 'formatted_spread': 'Boston College -8.0', 'spread_open': 9.0, 'over_under': 44.0, 'over_under_open': 46.0, 'home_moneyline': 275.0, 'away_moneyline': -350.0}]",8.0
401416630,2022,9,regular,2022-10-29T16:00:00.000Z,Eastern Michigan,Mid-American,24.0,Toledo,Mid-American,27.0,"[{'provider': 'Bovada', 'spread': 4.0, 'formatted_spread': 'Toledo -4.0', 'spread_open': 8.5, 'over_under': 54.0, 'over_under_open': 58.0, 'home_moneyline': 265.0, 'away_moneyline': -330.0}]",4.0
401411150,2022,9,regular,2022-10-29T16:30:00.000Z,Virginia,ACC,12.0,Miami,ACC,14.0,"[{'provider': 'Bovada', 'spread': 3.0, 'formatted_spread': 'Miami -3.0', 'spread_open': 2.5, 'over_under': 48.5, 'over_under_open': 47.5, 'home_moneyline': 120.0, 'away_moneyline': -140.0}]",3.0
401405123,2022,9,regular,2022-10-29T18:30:00.000Z,Minnesota,Big Ten,31.0,Rutgers,Big Ten,0.0,"[{'provider': 'Bovada', 'spread': -14.0, 'formatted_spread': 'Minnesota -14.0', 'spread_open': -14.0, 'over_under': 40.5, 'over_under_open': 41.0, 'home_moneyline': -600.0, 'away_moneyline': 425.0}]",-14.0
401405122,2022,9,regular,2022-10-29T19:30:00.000Z,Iowa,Big Ten,33.0,Northwestern,Big Ten,13.0,"[{'provider': 'Bovada', 'spread': -11.5, 'formatted_spread': 'Iowa -11.5', 'spread_open': -11.0, 'over_under': 37.5, 'over_under_open': 35.5, 'home_moneyline': -430.0, 'away_moneyline': 320.0}]",-11.5
401415647,2022,9,regular,2022-10-29T19:30:00.000Z,Tulsa,American Athletic,34.0,SMU,American Athletic,45.0,"[{'provider': 'Bovada', 'spread': 1.5, 'formatted_spread': 'SMU -1.5', 'spread_open': 3.0, 'over_under': 63.5, 'over_under_open': 66.5, 'home_moneyline': 135.0, 'away_moneyline': -160.0}]",1.5
401415246,2022,9,regular,2022-10-29T23:00:00.000Z,Boise State,Mountain West,49.0,Colorado State,Mountain West,10.0,"[{'provider': 'Bovada', 'spread': -25.0, 'formatted_spread': 'Boise State -25.0', 'spread_open': -28.0, 'over_under': 42.5, 'over_under_open': 44.0, 'home_moneyline': -8000.0, 'away_moneyline': 1450.0}]",-25.0
401415248,2022,9,regular,2022-10-30T02:30:00.000Z,Fresno State,Mountain West,32.0,San Diego State,Mountain West,28.0,"[{'provider': 'Bovada', 'spread': -11.0, 'formatted_spread': 'Fresno State -11.0', 'spread_open': -8.0, 'over_under': 44.5, 'over_under_open': 39.5, 'home_moneyline': -390.0, 'away_moneyline': 295.0}]",-11.0
401415249,2022,9,regular,2022-10-30T02:30:00.000Z,San José State,Mountain West,35.0,Nevada,Mountain West,28.0,"[{'provider': 'Bovada', 'spread': -24.5, 'formatted_spread': 'San José State -24.5', 'spread_open': -25.0, 'over_under': 44.5, 'over_under_open': 44.0, 'home_moneyline': -4000.0, 'away_moneyline': 1200.0}]",-24.5
401415247,2022,9,regular,2022-10-30T03:59:00.000Z,Hawai'i,Mountain West,20.0,Wyoming,Mountain West,27.0,"[{'provider': 'Bovada', 'spread': 12.0, 'formatted_spread': 'Wyoming -12.0', 'spread_open': 11.0, 'over_under': 51.0, 'over_under_open': 50.5, 'home_moneyline': 325.0, 'away_moneyline': -435.0}]",12.0
401404141,2022,10,regular,2022-11-05T15:30:00.000Z,Army,FBS Independents,7.0,Air Force,Mountain West,13.0,"[{'provider': 'Bovada', 'spread': 7.0, 'formatted_spread': 'Air Force -7.0', 'spread_open': 6.0, 'over_under': 40.5, 'over_under_open': 40.5, 'home_moneyline': 205.0, 'away_moneyline': -245.0}]",7.0
401426600,2022,10,regular,2022-11-05T19:00:00.000Z,Louisiana Tech,Conference USA,40.0,Middle Tennessee,Conference USA,24.0,"[{'provider': 'Bovada', 'spread': 2.5, 'formatted_spread': 'Middle Tennessee -2.5', 'spread_open': 2.5, 'over_under': 63.5, 'over_under_open': 64.0, 'home_moneyline': 110.0, 'away_moneyline': -130.0}]",2.5
401426599,2022,10,regular,2022-11-05T20:00:00.000Z,North Texas,Conference USA,52.0,Florida International,Conference USA,14.0,"[{'provider': 'Bovada', 'spread': -21.5, 'formatted_spread': 'North Texas -21.5', 'spread_open': -21.5, 'over_under': 63.0, 'over_under_open': 63.0, 'home_moneyline': -2200.0, 'away_moneyline': 1000.0}]",-21.5
401411164,2022,11,regular,2022-11-13T00:30:00.000Z,Wake Forest,ACC,34.0,North Carolina,ACC,36.0,"[{'provider': 'Bovada', 'spread': -4.5, 'formatted_spread': 'Wake Forest -4.5', 'spread_open': -3.5, 'over_under': 79.5, 'over_under_open': 76.0, 'home_moneyline': -180.0, 'away_moneyline': 155.0}]",-4.5
401414784,2022,11,regular,2022-11-12T20:00:00.000Z,Arkansas State,Sun Belt,35.0,UMass,FBS Independents,33.0,"[{'provider': 'Bovada', 'spread': -17.0, 'formatted_spread': 'Arkansas State -17.0', 'spread_open': -18.0, 'over_under': 49.5, 'over_under_open': 49.5, 'home_moneyline': -1200.0, 'away_moneyline': 700.0}]",-17.0
401415255,2022,11,regular,2022-11-13T03:30:00.000Z,Nevada,Mountain West,3.0,Boise State,Mountain West,41.0,"[{'provider': 'Bovada', 'spread': 21.0, 'formatted_spread': 'Boise State -21.0', 'spread_open': 20.5, 'over_under': 47.5, 'over_under_open': 48.5, 'home_moneyline': 850.0, 'away_moneyline': -1800.0}]",21.0
401404039,2022,12,regular,2022-11-19T19:00:00.000Z,Arizona,Pac-12,20.0,Washington State,Pac-12,31.0,"[{'provider': 'Bovada', 'spread': 4.0, 'formatted_spread': 'Washington State -4.0', 'spread_open': 4.5, 'over_under': 63.0, 'over_under_open': 63.0, 'home_moneyline': 155.0, 'away_moneyline': -180.0}]",4.0
401426378,2022,12,regular,2022-11-19T19:00:00.000Z,James Madison,Sun Belt,42.0,Georgia State,Sun Belt,40.0,"[{'provider': 'Bovada', 'spread': -10.0, 'formatted_spread': 'James Madison -10.0', 'spread_open': -9.5, 'over_under': 52.0, 'over_under_open': 55.0, 'home_moneyline': -340.0, 'away_moneyline': 270.0}]",-10.0
401415667,2022,13,regular,2022-11-27T00:00:00.000Z,South Florida,American Athletic,39.0,UCF,American Athletic,46.0,"[{'provider': 'Bovada', 'spread': 20.0, 'formatted_spread': 'UCF -20.0', 'spread_open': 20.0, 'over_under': 67.0, 'over_under_open': 69.5, 'home_moneyline': 650.0, 'away_moneyline': -1100.0}]",20.0
401415664,2022,13,regular,2022-11-26T18:00:00.000Z,Temple,American Athletic,46.0,East Carolina,American Athletic,49.0,"[{'provider': 'Bovada', 'spread': 9.5, 'formatted_spread': 'East Carolina -9.5', 'spread_open': 12.5, 'over_under': 52.0, 'over_under_open': 50.5, 'home_moneyline': 360.0, 'away_moneyline': -500.0}]",9.5
401416653,2022,13,regular,2022-11-26T18:00:00.000Z,Buffalo,Mid-American,27.0,Kent State,Mid-American,30.0,"[{'provider': 'Bovada', 'spread': -4.5, 'formatted_spread': 'Buffalo -4.5', 'spread_open': -4.5, 'over_under': 51.0, 'over_under_open': 53.0, 'home_moneyline': -175.0, 'away_moneyline': 150.0}]",-4.5
401416652,2022,13,regular,2022-11-26T18:30:00.000Z,Northern Illinois,Mid-American,12.0,Akron,Mid-American,44.0,"[{'provider': 'Bovada', 'spread': -9.5, 'formatted_spread': 'Northern Illinois -9.5', 'spread_open': -9.5, 'over_under': 51.5, 'over_under_open': 54.0, 'home_moneyline': -370.0, 'away_moneyline': 285.0}]",-9.5
401426617,2022,13,regular,2022-11-26T19:00:00.000Z,North Texas,Conference USA,21.0,Rice,Conference USA,17.0,"[{'provider': 'Bovada', 'spread': -14.5, 'formatted_spread': 'North Texas -14.5', 'spread_open': -14.5, 'over_under': 57.5, 'over_under_open': 61.0, 'home_moneyline': -585.0, 'away_moneyline': 410.0}]",-14.5
401405149,2022,13,regular,2022-11-26T20:30:00.000Z,Northwestern,Big Ten,3.0,Illinois,Big Ten,41.0,"[{'provider': 'Bovada', 'spread': 15.0, 'formatted_spread': 'Illinois -15.0', 'spread_open': 14.0, 'over_under': 38.0, 'over_under_open': 37.0, 'home_moneyline': 390.0, 'away_moneyline': -550.0}]",15.0
401405150,2022,13,regular,2022-11-26T20:30:00.000Z,Wisconsin,Big Ten,16.0,Minnesota,Big Ten,23.0,"[{'provider': 'Bovada', 'spread': -3.0, 'formatted_spread': 'Wisconsin -3.0', 'spread_open': -3.0, 'over_under': 37.0, 'over_under_open': 35.0, 'home_moneyline': -165.0, 'away_moneyline': 140.0}]",-3.0
401405151,2022,13,regular,2022-11-26T20:30:00.000Z,Indiana,Big Ten,16.0,Purdue,Big Ten,30.0,"[{'provider': 'Bovada', 'spread': 10.0, 'formatted_spread': 'Purdue -10.0', 'spread_open': 10.0, 'over_under': 53.0, 'over_under_open': 54.0, 'home_moneyline': 300.0, 'away_moneyline': -400.0}]",10.0
401411174,2022,13,regular,2022-11-26T20:30:00.000Z,Duke,ACC,34.0,Wake Forest,ACC,31.0,"[{'provider': 'Bovada', 'spread': 3.0, 'formatted_spread': 'Wake Forest -3.0', 'spread_open': 3.0, 'over_under': 67.5, 'over_under_open': 66.5, 'home_moneyline': 150.0, 'away_moneyline': -175.0}]",3.0
401415271,2022,13,regular,2022-11-26T20:30:00.000Z,San José State,Mountain West,27.0,Hawai'i,Mountain West,14.0,"[{'provider': 'Bovada', 'spread': -15.5, 'formatted_spread': 'San José State -15.5', 'spread_open': -15.0, 'over_under': 58.0, 'over_under_open': 57.0, 'home_moneyline': -585.0, 'away_moneyline': 410.0}]",-15.5
401415666,2022,13,regular,2022-11-26T20:30:00.000Z,SMU,American Athletic,34.0,Memphis,American Athletic,31.0,"[{'provider': 'Bovada', 'spread': -4.5, 'formatted_spread': 'SMU -4.5', 'spread_open': -4.0, 'over_under': 69.0, 'over_under_open': 71.5, 'home_moneyline': -200.0, 'away_moneyline': 170.0}]",-4.5
401426384,2022,13,regular,2022-11-26T20:30:00.000Z,Arkansas State,Sun Belt,19.0,Troy,Sun Belt,48.0,"[{'provider': 'Bovada', 'spread': 13.5, 'formatted_spread': 'Troy -13.5', 'spread_open': None, 'over_under': 43.5, 'over_under_open': 46.5, 'home_moneyline': 400.0, 'away_moneyline': -575.0}]",13.5
401426616,2022,13,regular,2022-11-26T20:30:00.000Z,Louisiana Tech,Conference USA,27.0,UAB,Conference USA,37.0,"[{'provider': 'Bovada', 'spread': 18.5, 'formatted_spread': 'UAB -18.5', 'spread_open': 17.5, 'over_under': 55.0, 'over_under_open': 56.0, 'home_moneyline': 600.0, 'away_moneyline': -950.0}]",18.5
401426618,2022,13,regular,2022-11-26T20:30:00.000Z,UT San Antonio,Conference USA,34.0,UTEP,Conference USA,31.0,"[{'provider': 'Bovada', 'spread': -16.5, 'formatted_spread': 'UT San Antonio -16.5', 'spread_open': -17.5, 'over_under': 56.5, 'over_under_open': None, 'home_moneyline': -1100.0, 'away_moneyline': 650.0}]",-16.5
401426385,2022,13,regular,2022-11-26T22:00:00.000Z,Louisiana Monroe,Sun Belt,10.0,Southern Mississippi,Sun Belt,20.0,"[{'provider': 'Bovada', 'spread': 3.0, 'formatted_spread': 'Southern Mississippi -3.0', 'spread_open': 3.5, 'over_under': 50.0, 'over_under_open': 51.0, 'home_moneyline': 135.0, 'away_moneyline': -160.0}]",3.0
401415272,2022,13,regular,2022-11-26T23:00:00.000Z,UNLV,Mountain West,27.0,Nevada,Mountain West,22.0,"[{'provider': 'Bovada', 'spread': -12.5, 'formatted_spread': 'UNLV -12.5', 'spread_open': None, 'over_under': 49.0, 'over_under_open': 50.5, 'home_moneyline': -500.0, 'away_moneyline': 360.0}]",-12.5
401426382,2022,13,regular,2022-11-26T23:00:00.000Z,Georgia Southern,Sun Belt,51.0,Appalachian State,Sun Belt,48.0,"[{'provider': 'Bovada', 'spread': 6.5, 'formatted_spread': 'Appalachian State -6.5', 'spread_open': 5.0, 'over_under': 66.0, 'over_under_open': 60.5, 'home_moneyline': 170.0, 'away_moneyline': -200.0}]",6.5
401404122,2022,13,regular,2022-11-27T00:30:00.000Z,Texas Tech,Big 12,51.0,Oklahoma,Big 12,48.0,"[{'provider': 'Bovada', 'spread': 1.5, 'formatted_spread': 'Oklahoma -1.5', 'spread_open': 2.5, 'over_under': 65.5, 'over_under_open': 63.5, 'home_moneyline': 105.0, 'away_moneyline': -125.0}]",1.5
401415668,2022,13,regular,2022-11-27T00:30:00.000Z,Houston,American Athletic,30.0,Tulsa,American Athletic,37.0,"[{'provider': 'Bovada', 'spread': -13.0, 'formatted_spread': 'Houston -13.0', 'spread_open': -12.0, 'over_under': 67.0, 'over_under_open': 67.5, 'home_moneyline': -500.0, 'away_moneyline': 360.0}]",-13.0
401404049,2022,13,regular,2022-11-27T04:00:00.000Z,Stanford,Pac-12,26.0,BYU,FBS Independents,35.0,"[{'provider': 'Bovada', 'spread': 6.5, 'formatted_spread': 'BYU -6.5', 'spread_open': 7.0, 'over_under': 58.0, 'over_under_open': 58.0, 'home_moneyline': 210.0, 'away_moneyline': -250.0}]",6.5
401437035,2022,14,regular,2022-12-03T01:00:00.000Z,USC,Pac-12,24.0,Utah,Pac-12,47.0,"[{'provider': 'Bovada', 'spread': -3.0, 'formatted_spread': 'USC -3.0', 'spread_open': -1.0, 'over_under': 67.5, 'over_under_open': 65.5, 'home_moneyline': -150.0, 'away_moneyline': 130.0}]",-3.0
401411137,2022,7,regular,2022-10-16T00:00:00.000Z,Duke,ACC,35.0,North Carolina,ACC,38.0,"[{'provider': 'Bovada', 'spread': 6.5, 'formatted_spread': 'North Carolina -6.5', 'spread_open': 6.0, 'over_under': 70.0, 'over_under_open': 67.5, 'home_moneyline': 180.0, 'away_moneyline': -220.0}]",6.5
401411138,2022,7,regular,2022-10-15T23:30:00.000Z,Florida State,ACC,28.0,Clemson,ACC,34.0,"[{'provider': 'Bovada', 'spread': 4.5, 'formatted_spread': 'Clemson -4.5', 'spread_open': 4.0, 'over_under': 51.0, 'over_under_open': 51.0, 'home_moneyline': 165.0, 'away_moneyline': -195.0}]",4.5
401411139,2022,7,regular,2022-10-15T19:30:00.000Z,Syracuse,ACC,24.0,NC State,ACC,9.0,"[{'provider': 'Bovada', 'spread': -3.0, 'formatted_spread': 'Syracuse -3.0', 'spread_open': -6.0, 'over_under': 42.0, 'over_under_open': 44.0, 'home_moneyline': -160.0, 'away_moneyline': 135.0}]",-3.0
401411140,2022,7,regular,2022-10-15T16:30:00.000Z,Virginia Tech,ACC,14.0,Miami,ACC,20.0,"[{'provider': 'Bovada', 'spread': 9.0, 'formatted_spread': 'Miami -9.0', 'spread_open': 7.0, 'over_under': 48.5, 'over_under_open': 47.5, 'home_moneyline': 250.0, 'away_moneyline': -300.0}]",9.0
401414783,2022,7,regular,2022-10-15T17:00:00.000Z,UMass,FBS Independents,7.0,Buffalo,Mid-American,34.0,"[{'provider': 'Bovada', 'spread': 16.5, 'formatted_spread': 'Buffalo -16.5', 'spread_open': 16.0, 'over_under': 47.5, 'over_under_open': 47.5, 'home_moneyline': 550.0, 'away_moneyline': -850.0}]",16.5
401415237,2022,7,regular,2022-10-16T02:30:00.000Z,UNLV,Mountain West,7.0,Air Force,Mountain West,42.0,"[{'provider': 'Bovada', 'spread': 10.0, 'formatted_spread': 'Air Force -10.0', 'spread_open': 9.5, 'over_under': 50.0, 'over_under_open': 54.0, 'home_moneyline': 280.0, 'away_moneyline': -360.0}]",10.0
401415238,2022,7,regular,2022-10-15T23:00:00.000Z,Colorado State,Mountain West,13.0,Utah State,Mountain West,17.0,"[{'provider': 'Bovada', 'spread': 14.0, 'formatted_spread': 'Utah State -14.0', 'spread_open': 9.0, 'over_under': 45.5, 'over_under_open': 48.0, 'home_moneyline': 275.0, 'away_moneyline': -350.0}]",14.0
401437032,2022,14,regular,2022-12-03T00:30:00.000Z,UT San Antonio,Conference USA,48.0,North Texas,Conference USA,27.0,"[{'provider': 'Bovada', 'spread': -8.0, 'formatted_spread': 'UT San Antonio -8.0', 'spread_open': -8.5, 'over_under': 70.0, 'over_under_open': 66.5, 'home_moneyline': -310.0, 'away_moneyline': 255.0}]",-8.0
401437031,2022,14,regular,2022-12-04T01:00:00.000Z,Michigan,Big Ten,43.0,Purdue,Big Ten,22.0,"[{'provider': 'Bovada', 'spread': -15.0, 'formatted_spread': 'Michigan -15.0', 'spread_open': -15.5, 'over_under': 54.0, 'over_under_open': 50.0, 'home_moneyline': -850.0, 'away_moneyline': 550.0}]",-15.0
401437030,2022,14,regular,2022-12-03T17:00:00.000Z,TCU,Big 12,28.0,Kansas State,Big 12,31.0,"[{'provider': 'Bovada', 'spread': 1.0, 'formatted_spread': 'Kansas State -1.0', 'spread_open': -1.5, 'over_under': 61.0, 'over_under_open': 60.5, 'home_moneyline': -130.0, 'away_moneyline': 110.0}]",1.0
401437008,2022,14,regular,2022-12-03T21:00:00.000Z,Tulane,American Athletic,45.0,UCF,American Athletic,28.0,"[{'provider': 'Bovada', 'spread': -3.5, 'formatted_spread': 'Tulane -3.5', 'spread_open': -2.5, 'over_under': 57.0, 'over_under_open': 57.5, 'home_moneyline': -160.0, 'away_moneyline': 135.0}]",-3.5
401437033,2022,14,regular,2022-12-03T17:00:00.000Z,Ohio,Mid-American,7.0,Toledo,Mid-American,17.0,"[{'provider': 'Bovada', 'spread': 3.5, 'formatted_spread': 'Toledo -3.5', 'spread_open': 4.0, 'over_under': 54.5, 'over_under_open': 62.0, 'home_moneyline': 105.0, 'away_moneyline': -125.0}]",3.5
401437037,2022,14,regular,2022-12-03T20:30:00.000Z,Troy,Sun Belt,45.0,Coastal Carolina,Sun Belt,26.0,"[{'provider': 'Bovada', 'spread': -6.5, 'formatted_spread': 'Troy -6.5', 'spread_open': -4.5, 'over_under': 49.0, 'over_under_open': 48.5, 'home_moneyline': -280.0, 'away_moneyline': 230.0}]",-6.5
401437034,2022,14,regular,2022-12-03T21:00:00.000Z,Boise State,Mountain West,16.0,Fresno State,Mountain West,28.0,"[{'provider': 'Bovada', 'spread': -3.0, 'formatted_spread': 'Boise State -3.0', 'spread_open': -4.5, 'over_under': 54.5, 'over_under_open': 50.5, 'home_moneyline': -165.0, 'away_moneyline': 140.0}]",-3.0
401525857,2023,6,regular,2023-10-06T23:30:00.000Z,Oklahoma State,Big 12,29.0,Kansas State,Big 12,21.0,"[{'provider': 'Bovada', 'spread': 11.5, 'formatted_spread': 'Kansas State -11.5', 'spread_open': 11.5, 'over_under': 54.0, 'over_under_open': 54.5, 'home_moneyline': 340.0, 'away_moneyline': -460.0}]",11.5
401520340,2023,8,regular,2023-10-21T23:30:00.000Z,Michigan State,Big Ten,0.0,Michigan,Big Ten,49.0,"[{'provider': 'Bovada', 'spread': 25.5, 'formatted_spread': 'Michigan -25.5', 'spread_open': 17.0, 'over_under': 47.0, 'over_under_open': 47.5, 'home_moneyline': 1100.0, 'away_moneyline': -2800.0}]",25.5
401520343,2023,8,regular,2023-10-21T16:00:00.000Z,Ohio State,Big Ten,20.0,Penn State,Big Ten,12.0,"[{'provider': 'Bovada', 'spread': -4.0, 'formatted_spread': 'Ohio State -4.0', 'spread_open': -10.0, 'over_under': 47.0, 'over_under_open': 45.5, 'home_moneyline': -180.0, 'away_moneyline': 155.0}]",-4.0
401525530,2023,8,regular,2023-10-21T23:30:00.000Z,Florida State,ACC,38.0,Duke,ACC,20.0,"[{'provider': 'Bovada', 'spread': -14.0, 'formatted_spread': 'Florida State -14.0', 'spread_open': -13.5, 'over_under': 49.0, 'over_under_open': 48.5, 'home_moneyline': -650.0, 'away_moneyline': 450.0}]",-14.0
401520333,2023,8,regular,2023-10-21T19:30:00.000Z,Alabama,SEC,34.0,Tennessee,SEC,20.0,"[{'provider': 'Bovada', 'spread': -8.5, 'formatted_spread': 'Alabama -8.5', 'spread_open': -8.0, 'over_under': 47.5, 'over_under_open': 49.0, 'home_moneyline': -350.0, 'away_moneyline': 275.0}]",-8.5
401525529,2023,8,regular,2023-10-22T00:00:00.000Z,Miami,ACC,28.0,Clemson,ACC,20.0,"[{'provider': 'Bovada', 'spread': 6.5, 'formatted_spread': 'Clemson -6.5', 'spread_open': 9.5, 'over_under': 44.5, 'over_under_open': 49.0, 'home_moneyline': 130.0, 'away_moneyline': -150.0}]",6.5
401520334,2023,8,regular,2023-10-21T16:00:00.000Z,Arkansas,SEC,3.0,Mississippi State,SEC,7.0,"[{'provider': 'Bovada', 'spread': -7.0, 'formatted_spread': 'Arkansas -7.0', 'spread_open': -6.5, 'over_under': 45.5, 'over_under_open': 48.5, 'home_moneyline': -245.0, 'away_moneyline': 205.0}]",-7.0
401520336,2023,8,regular,2023-10-21T19:30:00.000Z,Illinois,Big Ten,21.0,Wisconsin,Big Ten,25.0,"[{'provider': 'Bovada', 'spread': 3.0, 'formatted_spread': 'Wisconsin -3.0', 'spread_open': 2.0, 'over_under': 41.0, 'over_under_open': 41.5, 'home_moneyline': 130.0, 'away_moneyline': -150.0}]",3.0
401532448,2023,12,regular,2023-11-18T19:00:00.000Z,Ball State,Mid-American,34.0,Kent State,Mid-American,3.0,"[{'provider': 'Bovada', 'spread': -10.5, 'formatted_spread': 'Ball State -10.5', 'spread_open': -11.5, 'over_under': 43.0, 'over_under_open': 41.5, 'home_moneyline': -525.0, 'away_moneyline': 375.0}]",-10.5
401520403,2023,12,regular,2023-11-18T17:00:00.000Z,Army,FBS Independents,28.0,Coastal Carolina,Sun Belt,21.0,"[{'provider': 'Bovada', 'spread': 1.0, 'formatted_spread': 'Coastal Carolina -1.0', 'spread_open': 5.0, 'over_under': 40.5, 'over_under_open': 44.5, 'home_moneyline': 145.0, 'away_moneyline': -170.0}]",1.0
401520412,2023,12,regular,2023-11-18T17:00:00.000Z,Mississippi State,SEC,41.0,Southern Mississippi,Sun Belt,20.0,"[{'provider': 'Bovada', 'spread': -18.5, 'formatted_spread': 'Mississippi State -18.5', 'spread_open': -14.0, 'over_under': 48.5, 'over_under_open': 47.0, 'home_moneyline': -650.0, 'away_moneyline': 450.0}]",-18.5
401532619,2023,12,regular,2023-11-19T00:00:00.000Z,Utah State,Mountain West,10.0,Boise State,Mountain West,45.0,"[{'provider': 'Bovada', 'spread': 5.0, 'formatted_spread': 'Boise State -5.0', 'spread_open': 4.0, 'over_under': 63.5, 'over_under_open': 64.0, 'home_moneyline': 145.0, 'away_moneyline': -170.0}]",5.0
401532623,2023,12,regular,2023-11-19T03:30:00.000Z,San José State,Mountain West,24.0,San Diego State,Mountain West,13.0,"[{'provider': 'Bovada', 'spread': -16.5, 'formatted_spread': 'San José State -16.5', 'spread_open': -14.0, 'over_under': 48.0, 'over_under_open': 49.5, 'home_moneyline': -700.0, 'away_moneyline': 475.0}]",-16.5
401520301,2023,6,regular,2023-10-07T00:00:00.000Z,Illinois,Big Ten,7.0,Nebraska,Big Ten,20.0,"[{'provider': 'Bovada', 'spread': -3.0, 'formatted_spread': 'Illinois -3.0', 'spread_open': -3.0, 'over_under': 41.5, 'over_under_open': 44.0, 'home_moneyline': -170.0, 'away_moneyline': 145.0}]",-3.0
401531380,2023,6,regular,2023-10-07T20:00:00.000Z,UAB,American Athletic,56.0,South Florida,American Athletic,35.0,"[{'provider': 'Bovada', 'spread': 3.0, 'formatted_spread': 'South Florida -3.0', 'spread_open': 4.0, 'over_under': 67.5, 'over_under_open': 67.0, 'home_moneyline': 145.0, 'away_moneyline': -170.0}]",3.0
401520338,2023,8,regular,2023-10-21T19:30:00.000Z,Iowa,Big Ten,10.0,Minnesota,Big Ten,12.0,"[{'provider': 'Bovada', 'spread': -3.0, 'formatted_spread': 'Iowa -3.0', 'spread_open': -4.0, 'over_under': 30.5, 'over_under_open': 32.0, 'home_moneyline': -175.0, 'away_moneyline': 150.0}]",-3.0
401525528,2023,8,regular,2023-10-21T16:00:00.000Z,Georgia Tech,ACC,23.0,Boston College,ACC,38.0,"[{'provider': 'Bovada', 'spread': -6.0, 'formatted_spread': 'Georgia Tech -6.0', 'spread_open': -4.0, 'over_under': 57.0, 'over_under_open': 58.0, 'home_moneyline': -235.0, 'away_moneyline': 195.0}]",-6.0
401525893,2023,12,regular,2023-11-18T17:00:00.000Z,BYU,Big 12,24.0,Oklahoma,Big 12,31.0,"[{'provider': 'Bovada', 'spread': 24.5, 'formatted_spread': 'Oklahoma -24.5', 'spread_open': 24.0, 'over_under': 58.5, 'over_under_open': 57.5, 'home_moneyline': 1100.0, 'away_moneyline': -3300.0}]",24.5
401524062,2023,12,regular,2023-11-18T20:30:00.000Z,USC,Pac-12,20.0,UCLA,Pac-12,38.0,"[{'provider': 'Bovada', 'spread': -5.0, 'formatted_spread': 'USC -5.0', 'spread_open': -12.0, 'over_under': 62.5, 'over_under_open': 65.5, 'home_moneyline': -250.0, 'away_moneyline': 210.0}]",-5.0
401525554,2023,12,regular,2023-11-18T20:30:00.000Z,Clemson,ACC,31.0,North Carolina,ACC,20.0,"[{'provider': 'Bovada', 'spread': -8.0, 'formatted_spread': 'Clemson -8.0', 'spread_open': -10.5, 'over_under': 59.5, 'over_under_open': 58.5, 'home_moneyline': -300.0, 'away_moneyline': 250.0}]",-8.0
401531409,2023,12,regular,2023-11-18T19:00:00.000Z,Charlotte,American Athletic,7.0,Rice,American Athletic,28.0,"[{'provider': 'Bovada', 'spread': 1.0, 'formatted_spread': 'Rice -1.0', 'spread_open': 1.5, 'over_under': 46.5, 'over_under_open': 47.0, 'home_moneyline': 105.0, 'away_moneyline': -125.0}]",1.0
401531431,2023,12,regular,2023-11-18T17:00:00.000Z,Memphis,American Athletic,34.0,SMU,American Athletic,38.0,"[{'provider': 'Bovada', 'spread': 9.5, 'formatted_spread': 'SMU -9.5', 'spread_open': 7.5, 'over_under': 64.5, 'over_under_open': 67.0, 'home_moneyline': 270.0, 'away_moneyline': -340.0}]",9.5
401531917,2023,12,regular,2023-11-18T23:00:00.000Z,Georgia Southern,Sun Belt,17.0,Old Dominion,Sun Belt,20.0,"[{'provider': 'Bovada', 'spread': -5.5, 'formatted_spread': 'Georgia Southern -5.5', 'spread_open': -7.0, 'over_under': 62.5, 'over_under_open': 62.0, 'home_moneyline': -235.0, 'away_moneyline': 195.0}]",-5.5
401520416,2023,12,regular,2023-11-18T17:00:00.000Z,Ole Miss,SEC,35.0,Louisiana Monroe,Sun Belt,3.0,"[{'provider': 'Bovada', 'spread': -36.0, 'formatted_spread': 'Ole Miss -36.0', 'spread_open': -36.5, 'over_under': 60.5, 'over_under_open': 61.5, 'home_moneyline': None, 'away_moneyline': None}]",-36.0
401525558,2023,12,regular,2023-11-18T17:00:00.000Z,Miami,ACC,31.0,Louisville,ACC,38.0,"[{'provider': 'Bovada', 'spread': -1.0, 'formatted_spread': 'Miami -1.0', 'spread_open': 2.0, 'over_under': 46.0, 'over_under_open': 46.5, 'home_moneyline': -115.0, 'away_moneyline': -105.0}]",-1.0
401525555,2023,12,regular,2023-11-18T20:00:00.000Z,Virginia,ACC,30.0,Duke,ACC,27.0,"[{'provider': 'Bovada', 'spread': 3.0, 'formatted_spread': 'Duke -3.0', 'spread_open': 3.5, 'over_under': 45.5, 'over_under_open': 47.0, 'home_moneyline': 150.0, 'away_moneyline': -175.0}]",3.0
401520409,2023,12,regular,2023-11-19T01:00:00.000Z,LSU,SEC,56.0,Georgia State,Sun Belt,14.0,"[{'provider': 'Bovada', 'spread': -32.0, 'formatted_spread': 'LSU -32.0', 'spread_open': -31.0, 'over_under': 75.0, 'over_under_open': 72.5, 'home_moneyline': -20000.0, 'away_moneyline': 2400.0}]",-32.0
401525896,2023,12,regular,2023-11-19T00:00:00.000Z,Kansas,Big 12,27.0,Kansas State,Big 12,31.0,"[{'provider': 'Bovada', 'spread': 7.0, 'formatted_spread': 'Kansas State -7.0', 'spread_open': 6.0, 'over_under': 60.5, 'over_under_open': 55.5, 'home_moneyline': 275.0, 'away_moneyline': -350.0}]",7.0
401525830,2023,2,regular,2023-09-09T22:00:00.000Z,Oklahoma,Big 12,28.0,SMU,American Athletic,11.0,"[{'provider': 'Bovada', 'spread': -16.5, 'formatted_spread': 'Oklahoma -16.5', 'spread_open': -14.0, 'over_under': 68.5, 'over_under_open': 70.5, 'home_moneyline': -950.0, 'away_moneyline': 600.0}]",-16.5
401520314,2023,7,regular,2023-10-11T23:30:00.000Z,Florida International,Conference USA,14.0,UTEP,Conference USA,27.0,"[{'provider': 'Bovada', 'spread': -3.5, 'formatted_spread': 'Florida International -3.5', 'spread_open': 1.5, 'over_under': 43.0, 'over_under_open': 44.0, 'home_moneyline': -105.0, 'away_moneyline': -115.0}]",-3.5
401520315,2023,7,regular,2023-10-12T01:00:00.000Z,New Mexico State,Conference USA,27.0,Sam Houston State,Conference USA,13.0,"[{'provider': 'Bovada', 'spread': -4.0, 'formatted_spread': 'New Mexico State -4.0', 'spread_open': -6.0, 'over_under': 42.5, 'over_under_open': 43.0, 'home_moneyline': -170.0, 'away_moneyline': 145.0}]",-4.0
401540213,2023,1,regular,2023-09-03T00:00:00.000Z,McNeese,Southland,34.0,Tarleton State,UAC,52.0,"[{'provider': 'Bovada', 'spread': 3.5, 'formatted_spread': 'Tarleton State -3.5', 'spread_open': -1.5, 'over_under': 54.5, 'over_under_open': 54.5, 'home_moneyline': None, 'away_moneyline': None}]",3.5
401531371,2023,7,regular,2023-10-13T23:00:00.000Z,Memphis,American Athletic,21.0,Tulane,American Athletic,31.0,"[{'provider': 'Bovada', 'spread': 4.5, 'formatted_spread': 'Tulane -4.5', 'spread_open': 3.0, 'over_under': 54.5, 'over_under_open': 56.5, 'home_moneyline': 135.0, 'away_moneyline': -160.0}]",4.5
401524029,2023,7,regular,2023-10-14T02:00:00.000Z,Colorado,Pac-12,43.0,Stanford,Pac-12,46.0,"[{'provider': 'Bovada', 'spread': -13.0, 'formatted_spread': 'Colorado -13.0', 'spread_open': -11.5, 'over_under': 59.0, 'over_under_open': 59.0, 'home_moneyline': -460.0, 'away_moneyline': 340.0}]",-13.0
401520327,2023,7,regular,2023-10-14T16:00:00.000Z,Vanderbilt,SEC,20.0,Georgia,SEC,37.0,"[{'provider': 'Bovada', 'spread': 32.5, 'formatted_spread': 'Georgia -32.5', 'spread_open': 32.0, 'over_under': 55.0, 'over_under_open': 57.0, 'home_moneyline': 2500.0, 'away_moneyline': -20000.0}]",32.5
401520321,2023,7,regular,2023-10-14T16:00:00.000Z,Michigan,Big Ten,52.0,Indiana,Big Ten,7.0,"[{'provider': 'Bovada', 'spread': -33.5, 'formatted_spread': 'Michigan -33.5', 'spread_open': -34.0, 'over_under': 45.5, 'over_under_open': 49.5, 'home_moneyline': None, 'away_moneyline': None}]",-33.5
401520158,2023,1,regular,2023-09-02T18:00:00.000Z,Jacksonville State,Conference USA,49.0,East Tennessee State,Southern,3.0,"[{'provider': 'Bovada', 'spread': -20.0, 'formatted_spread': 'Jacksonville State -20.0', 'spread_open': -13.5, 'over_under': 55.0, 'over_under_open': 54.5, 'home_moneyline': -675.0, 'away_moneyline': 460.0}]",-20.0
401539978,2023,1,regular,2023-09-02T22:00:00.000Z,Richmond,CAA,10.0,Morgan State,MEAC,17.0,"[{'provider': 'Bovada', 'spread': -25.5, 'formatted_spread': 'Richmond -25.5', 'spread_open': -25.5, 'over_under': 43.5, 'over_under_open': 47.0, 'home_moneyline': None, 'away_moneyline': None}]",-25.5
401540027,2023,1,regular,2023-09-02T22:00:00.000Z,Sacred Heart,NEC,14.0,Lafayette,Patriot,19.0,"[{'provider': 'Bovada', 'spread': -5.5, 'formatted_spread': 'Sacred Heart -5.5', 'spread_open': -6.5, 'over_under': 38.5, 'over_under_open': 41.5, 'home_moneyline': -270.0, 'away_moneyline': 220.0}]",-5.5
401540043,2023,1,regular,2023-09-02T22:00:00.000Z,Fordham,Patriot,46.0,Wagner,NEC,16.0,"[{'provider': 'Bovada', 'spread': -28.0, 'formatted_spread': 'Fordham -28.0', 'spread_open': -27.0, 'over_under': 56.5, 'over_under_open': 58.0, 'home_moneyline': None, 'away_moneyline': None}]",-28.0
401540286,2023,2,regular,2023-09-10T02:00:00.000Z,Sacramento State,Big Sky,34.0,Texas A&M-Commerce,Southland,6.0,"[{'provider': 'Bovada', 'spread': -34.5, 'formatted_spread': 'Sacramento State -34.5', 'spread_open': -34.5, 'over_under': None, 'over_under_open': None, 'home_moneyline': None, 'away_moneyline': None}]",-34.5
401540099,2023,1,regular,2023-09-02T17:00:00.000Z,Illinois State,MVFC,41.0,Dayton,Pioneer,0.0,"[{'provider': 'Bovada', 'spread': -19.0, 'formatted_spread': 'Illinois State -19.0', 'spread_open': -21.5, 'over_under': 45.0, 'over_under_open': 45.0, 'home_moneyline': None, 'away_moneyline': None}]",-19.0
401531415,2023,7,regular,2023-10-12T23:30:00.000Z,East Carolina,American Athletic,10.0,SMU,American Athletic,31.0,"[{'provider': 'Bovada', 'spread': 11.5, 'formatted_spread': 'SMU -11.5', 'spread_open': 9.0, 'over_under': 48.5, 'over_under_open': 50.5, 'home_moneyline': 330.0, 'away_moneyline': -440.0}]",11.5
401524041,2023,9,regular,2023-10-28T20:00:00.000Z,California,Pac-12,49.0,USC,Pac-12,50.0,"[{'provider': 'Bovada', 'spread': 10.5, 'formatted_spread': 'USC -10.5', 'spread_open': 10.5, 'over_under': 67.5, 'over_under_open': 67.0, 'home_moneyline': 305.0, 'away_moneyline': -410.0}]",10.5
401539481,2023,14,regular,2023-12-02T17:00:00.000Z,Toledo,Mid-American,14.0,Miami (OH),Mid-American,23.0,"[{'provider': 'Bovada', 'spread': -7.0, 'formatted_spread': 'Toledo -7.0', 'spread_open': -7.5, 'over_under': 43.0, 'over_under_open': 46.5, 'home_moneyline': -320.0, 'away_moneyline': 260.0}]",-7.0
401539483,2023,14,regular,2023-12-02T21:00:00.000Z,Alabama,SEC,27.0,Georgia,SEC,24.0,"[{'provider': 'Bovada', 'spread': 5.0, 'formatted_spread': 'Georgia -5.0', 'spread_open': 4.5, 'over_under': 53.5, 'over_under_open': 56.0, 'home_moneyline': 175.0, 'away_moneyline': -210.0}]",5.0
401520323,2023,7,regular,2023-10-14T16:00:00.000Z,Purdue,Big Ten,7.0,Ohio State,Big Ten,41.0,"[{'provider': 'Bovada', 'spread': 17.5, 'formatted_spread': 'Ohio State -17.5', 'spread_open': 21.0, 'over_under': 53.0, 'over_under_open': 51.5, 'home_moneyline': 700.0, 'away_moneyline': -1200.0}]",17.5
401525524,2023,7,regular,2023-10-14T16:00:00.000Z,Florida State,ACC,41.0,Syracuse,ACC,3.0,"[{'provider': 'Bovada', 'spread': -19.5, 'formatted_spread': 'Florida State -19.5', 'spread_open': -18.0, 'over_under': 53.0, 'over_under_open': 56.5, 'home_moneyline': -900.0, 'away_moneyline': 575.0}]",-19.5
401524033,2023,7,regular,2023-10-14T19:00:00.000Z,Utah,Pac-12,34.0,California,Pac-12,14.0,"[{'provider': 'Bovada', 'spread': -9.0, 'formatted_spread': 'Utah -9.0', 'spread_open': -13.5, 'over_under': 42.5, 'over_under_open': 45.0, 'home_moneyline': -525.0, 'away_moneyline': 375.0}]",-9.0
401524034,2023,7,regular,2023-10-14T19:30:00.000Z,Washington,Pac-12,36.0,Oregon,Pac-12,33.0,"[{'provider': 'Bovada', 'spread': -3.5, 'formatted_spread': 'Washington -3.5', 'spread_open': -1.5, 'over_under': 67.0, 'over_under_open': 67.5, 'home_moneyline': -150.0, 'away_moneyline': 130.0}]",-3.5
401520326,2023,7,regular,2023-10-14T19:30:00.000Z,Tennessee,SEC,20.0,Texas A&M,SEC,13.0,"[{'provider': 'Bovada', 'spread': -3.0, 'formatted_spread': 'Tennessee -3.0', 'spread_open': -3.5, 'over_under': 54.0, 'over_under_open': 56.5, 'home_moneyline': -160.0, 'away_moneyline': 135.0}]",-3.0
401525525,2023,7,regular,2023-10-14T22:30:00.000Z,Pittsburgh,ACC,38.0,Louisville,ACC,21.0,"[{'provider': 'Bovada', 'spread': 7.0, 'formatted_spread': 'Louisville -7.0', 'spread_open': 9.5, 'over_under': 45.0, 'over_under_open': 47.5, 'home_moneyline': 260.0, 'away_moneyline': -320.0}]",7.0
401525526,2023,7,regular,2023-10-14T23:30:00.000Z,North Carolina,ACC,41.0,Miami,ACC,31.0,"[{'provider': 'Bovada', 'spread': -2.5, 'formatted_spread': 'North Carolina -2.5', 'spread_open': -4.0, 'over_under': 57.5, 'over_under_open': 56.0, 'home_moneyline': -185.0, 'away_moneyline': 160.0}]",-2.5
401525523,2023,7,regular,2023-10-15T00:00:00.000Z,Duke,ACC,24.0,NC State,ACC,3.0,"[{'provider': 'Bovada', 'spread': -3.5, 'formatted_spread': 'Duke -3.5', 'spread_open': -3.5, 'over_under': 42.5, 'over_under_open': 48.0, 'home_moneyline': -175.0, 'away_moneyline': 150.0}]",-3.5
401520325,2023,7,regular,2023-10-14T19:30:00.000Z,South Carolina,SEC,39.0,Florida,SEC,41.0,"[{'provider': 'Bovada', 'spread': 1.0, 'formatted_spread': 'Florida -1.0', 'spread_open': -2.5, 'over_under': 50.0, 'over_under_open': 53.5, 'home_moneyline': -125.0, 'away_moneyline': 105.0}]",1.0
401525899,2023,12,regular,2023-11-18T19:30:00.000Z,West Virginia,Big 12,42.0,Cincinnati,Big 12,21.0,"[{'provider': 'Bovada', 'spread': -5.0, 'formatted_spread': 'West Virginia -5.0', 'spread_open': -6.0, 'over_under': 52.0, 'over_under_open': 54.5, 'home_moneyline': -245.0, 'away_moneyline': 205.0}]",-5.0
401531345,2023,12,regular,2023-11-18T20:00:00.000Z,Tulsa,American Athletic,28.0,North Texas,American Athletic,35.0,"[{'provider': 'Bovada', 'spread': 2.0, 'formatted_spread': 'North Texas -2.0', 'spread_open': 2.5, 'over_under': 69.5, 'over_under_open': 68.0, 'home_moneyline': 100.0, 'away_moneyline': -120.0}]",2.0
401531375,2023,12,regular,2023-11-18T17:00:00.000Z,Florida Atlantic,American Athletic,8.0,Tulane,American Athletic,24.0,"[{'provider': 'Bovada', 'spread': 9.0, 'formatted_spread': 'Tulane -9.0', 'spread_open': 9.5, 'over_under': 47.0, 'over_under_open': 48.0, 'home_moneyline': 270.0, 'away_moneyline': -340.0}]",9.0
401531385,2023,12,regular,2023-11-18T20:00:00.000Z,UAB,American Athletic,34.0,Temple,American Athletic,24.0,"[{'provider': 'Bovada', 'spread': -8.5, 'formatted_spread': 'UAB -8.5', 'spread_open': -7.5, 'over_under': 61.0, 'over_under_open': 64.5, 'home_moneyline': -290.0, 'away_moneyline': 240.0}]",-8.5
401531918,2023,12,regular,2023-11-18T19:00:00.000Z,James Madison,Sun Belt,23.0,Appalachian State,Sun Belt,26.0,"[{'provider': 'Bovada', 'spread': -10.0, 'formatted_spread': 'James Madison -10.0', 'spread_open': -12.0, 'over_under': 56.5, 'over_under_open': 55.5, 'home_moneyline': -400.0, 'away_moneyline': 300.0}]",-10.0
401532622,2023,12,regular,2023-11-19T03:30:00.000Z,Fresno State,Mountain West,17.0,New Mexico,Mountain West,25.0,"[{'provider': 'Bovada', 'spread': -22.0, 'formatted_spread': 'Fresno State -22.0', 'spread_open': -24.0, 'over_under': 58.5, 'over_under_open': 57.0, 'home_moneyline': -2500.0, 'away_moneyline': 1000.0}]",-22.0
401531417,2023,12,regular,2023-11-18T17:00:00.000Z,Navy,American Athletic,10.0,East Carolina,American Athletic,0.0,"[{'provider': 'Bovada', 'spread': -2.0, 'formatted_spread': 'Navy -2.0', 'spread_open': -3.0, 'over_under': 30.5, 'over_under_open': 32.5, 'home_moneyline': -145.0, 'away_moneyline': 125.0}]",-2.0
401520408,2023,12,regular,2023-11-18T18:00:00.000Z,Liberty,Conference USA,49.0,UMass,FBS Independents,25.0,"[{'provider': 'Bovada', 'spread': -25.5, 'formatted_spread': 'Liberty -25.5', 'spread_open': -28.0, 'over_under': 63.5, 'over_under_open': 63.0, 'home_moneyline': -10000.0, 'away_moneyline': 1600.0}]",-25.5
401532620,2023,12,regular,2023-11-18T19:00:00.000Z,Wyoming,Mountain West,42.0,Hawai'i,Mountain West,9.0,"[{'provider': 'Bovada', 'spread': -13.0, 'formatted_spread': 'Wyoming -13.0', 'spread_open': -14.0, 'over_under': 45.0, 'over_under_open': 45.5, 'home_moneyline': -585.0, 'away_moneyline': 410.0}]",-13.0
401531919,2023,12,regular,2023-11-18T20:00:00.000Z,Arkansas State,Sun Belt,77.0,Texas State,Sun Belt,31.0,"[{'provider': 'Bovada', 'spread': 3.0, 'formatted_spread': 'Texas State -3.0', 'spread_open': 3.5, 'over_under': 59.5, 'over_under_open': 59.0, 'home_moneyline': 150.0, 'away_moneyline': -175.0}]",3.0
401532621,2023,12,regular,2023-11-18T20:00:00.000Z,Colorado State,Mountain West,30.0,Nevada,Mountain West,20.0,"[{'provider': 'Bovada', 'spread': -12.5, 'formatted_spread': 'Colorado State -12.5', 'spread_open': -11.0, 'over_under': 45.0, 'over_under_open': 47.5, 'home_moneyline': -480.0, 'away_moneyline': 350.0}]",-12.5
401525442,2023,12,regular,2023-11-18T20:30:00.000Z,Notre Dame,FBS Independents,45.0,Wake Forest,ACC,7.0,"[{'provider': 'Bovada', 'spread': -23.5, 'formatted_spread': 'Notre Dame -23.5', 'spread_open': -25.0, 'over_under': 47.5, 'over_under_open': 47.0, 'home_moneyline': -3500.0, 'away_moneyline': 1100.0}]",-23.5
401531921,2023,12,regular,2023-11-18T20:30:00.000Z,Troy,Sun Belt,31.0,Louisiana,Sun Belt,24.0,"[{'provider': 'Bovada', 'spread': -15.5, 'formatted_spread': 'Troy -15.5', 'spread_open': -15.0, 'over_under': 47.5, 'over_under_open': 47.0, 'home_moneyline': -800.0, 'away_moneyline': 525.0}]",-15.5
401532624,2023,12,regular,2023-11-18T20:30:00.000Z,Air Force,Mountain West,27.0,UNLV,Mountain West,31.0,"[{'provider': 'Bovada', 'spread': -3.0, 'formatted_spread': 'Air Force -3.0', 'spread_open': -4.0, 'over_under': 46.5, 'over_under_open': 46.5, 'home_moneyline': -150.0, 'away_moneyline': 130.0}]",-3.0
401531920,2023,12,regular,2023-11-18T22:00:00.000Z,South Alabama,Sun Belt,28.0,Marshall,Sun Belt,0.0,"[{'provider': 'Bovada', 'spread': -10.0, 'formatted_spread': 'South Alabama -10.0', 'spread_open': -8.5, 'over_under': 45.0, 'over_under_open': 50.0, 'home_moneyline': -430.0, 'away_moneyline': 320.0}]",-10.0
401531899,2023,9,regular,2023-10-28T22:00:00.000Z,Coastal Carolina,Sun Belt,34.0,Marshall,Sun Belt,6.0,"[{'provider': 'Bovada', 'spread': 3.5, 'formatted_spread': 'Marshall -3.5', 'spread_open': 3.5, 'over_under': 47.0, 'over_under_open': 48.0, 'home_moneyline': 140.0, 'away_moneyline': -165.0}]",3.5
401520202,2023,2,regular,2023-09-09T19:30:00.000Z,Michigan,Big Ten,35.0,UNLV,Mountain West,7.0,"[{'provider': 'Bovada', 'spread': -37.5, 'formatted_spread': 'Michigan -37.5', 'spread_open': -36.0, 'over_under': 57.5, 'over_under_open': 58.5, 'home_moneyline': None, 'away_moneyline': None}]",-37.5
401520182,2023,1,regular,2023-09-03T23:30:00.000Z,Florida State,ACC,45.0,LSU,SEC,24.0,"[{'provider': 'Bovada', 'spread': 1.5, 'formatted_spread': 'LSU -1.5', 'spread_open': 2.0, 'over_under': 57.0, 'over_under_open': 56.5, 'home_moneyline': 125.0, 'away_moneyline': -145.0}]",1.5
401525543,2023,10,regular,2023-11-04T19:30:00.000Z,Louisville,ACC,34.0,Virginia Tech,ACC,3.0,"[{'provider': 'Bovada', 'spread': -10.0, 'formatted_spread': 'Louisville -10.0', 'spread_open': -10.5, 'over_under': 48.5, 'over_under_open': 48.5, 'home_moneyline': -390.0, 'away_moneyline': 295.0}]",-10.0
401539482,2023,14,regular,2023-12-02T20:00:00.000Z,UNLV,Mountain West,20.0,Boise State,Mountain West,44.0,"[{'provider': 'Bovada', 'spread': 2.5, 'formatted_spread': 'Boise State -2.5', 'spread_open': 2.5, 'over_under': 62.0, 'over_under_open': 59.0, 'home_moneyline': 130.0, 'away_moneyline': -150.0}]",2.5
401540291,2023,4,regular,2023-09-22T23:00:00.000Z,Harvard,Ivy,34.0,Brown,Ivy,31.0,"[{'provider': 'Bovada', 'spread': -16.5, 'formatted_spread': 'Harvard -16.5', 'spread_open': -18.5, 'over_under': 54.5, 'over_under_open': 56.5, 'home_moneyline': None, 'away_moneyline': None}]",-16.5
401520276,2023,5,regular,2023-09-29T00:00:00.000Z,Sam Houston State,Conference USA,28.0,Jacksonville State,Conference USA,35.0,"[{'provider': 'Bovada', 'spread': 6.5, 'formatted_spread': 'Jacksonville State -6.5', 'spread_open': 6.0, 'over_under': 36.0, 'over_under_open': 36.5, 'home_moneyline': 210.0, 'away_moneyline': -250.0}]",6.5
401520148,2023,1,regular,2023-09-01T00:00:00.000Z,Minnesota,Big Ten,13.0,Nebraska,Big Ten,10.0,"[{'provider': 'Bovada', 'spread': -7.5, 'formatted_spread': 'Minnesota -7.5', 'spread_open': -6.5, 'over_under': 43.0, 'over_under_open': 47.0, 'home_moneyline': -300.0, 'away_moneyline': 250.0}]",-7.5
401523992,2023,1,regular,2023-09-02T19:00:00.000Z,Oregon,Pac-12,81.0,Portland State,Big Sky,7.0,"[{'provider': 'Bovada', 'spread': -48.5, 'formatted_spread': 'Oregon -48.5', 'spread_open': -48.0, 'over_under': 65.0, 'over_under_open': 64.5, 'home_moneyline': None, 'away_moneyline': None}]",-48.5
401523994,2023,1,regular,2023-09-02T16:00:00.000Z,TCU,Big 12,42.0,Colorado,Pac-12,45.0,"[{'provider': 'Bovada', 'spread': -21.0, 'formatted_spread': 'TCU -21.0', 'spread_open': -21.0, 'over_under': 63.5, 'over_under_open': 59.0, 'home_moneyline': -900.0, 'away_moneyline': 575.0}]",-21.0
401520180,2023,1,regular,2023-09-02T19:30:00.000Z,Wisconsin,Big Ten,38.0,Buffalo,Mid-American,17.0,"[{'provider': 'Bovada', 'spread': -28.5, 'formatted_spread': 'Wisconsin -28.5', 'spread_open': -24.5, 'over_under': 52.5, 'over_under_open': 54.5, 'home_moneyline': -7500.0, 'away_moneyline': 1400.0}]",-28.5
401525822,2023,1,regular,2023-09-02T16:00:00.000Z,Oklahoma,Big 12,73.0,Arkansas State,Sun Belt,0.0,"[{'provider': 'Bovada', 'spread': -36.5, 'formatted_spread': 'Oklahoma -36.5', 'spread_open': -35.5, 'over_under': 58.0, 'over_under_open': 61.0, 'home_moneyline': -20000.0, 'away_moneyline': 3000.0}]",-36.5
401520167,2023,1,regular,2023-09-02T23:30:00.000Z,North Carolina,ACC,31.0,South Carolina,SEC,17.0,"[{'provider': 'Bovada', 'spread': -2.0, 'formatted_spread': 'North Carolina -2', 'spread_open': -3.0, 'over_under': 63.5, 'over_under_open': 62.5, 'home_moneyline': 105.0, 'away_moneyline': -125.0}]",-2.0
401520168,2023,1,regular,2023-09-02T18:00:00.000Z,Ole Miss,SEC,73.0,Mercer,Southern,7.0,"[{'provider': 'Bovada', 'spread': -34.0, 'formatted_spread': 'Ole Miss -34.0', 'spread_open': -31.5, 'over_under': 58.5, 'over_under_open': 55.0, 'home_moneyline': None, 'away_moneyline': None}]",-34.0
401520173,2023,1,regular,2023-09-02T23:00:00.000Z,Texas A&M,SEC,52.0,New Mexico,Mountain West,10.0,"[{'provider': 'Bovada', 'spread': -38.0, 'formatted_spread': 'Texas A&M -38.0', 'spread_open': -38.5, 'over_under': 49.0, 'over_under_open': 49.0, 'home_moneyline': None, 'away_moneyline': None}]",-38.0
401531347,2023,1,regular,2023-09-03T00:00:00.000Z,Tulane,American Athletic,37.0,South Alabama,Sun Belt,17.0,"[{'provider': 'Bovada', 'spread': -6.0, 'formatted_spread': 'Tulane -6.0', 'spread_open': -7.0, 'over_under': 51.0, 'over_under_open': 55.0, 'home_moneyline': -250.0, 'away_moneyline': 210.0}]",-6.0
401520157,2023,1,regular,2023-09-02T16:00:00.000Z,Iowa,Big Ten,24.0,Utah State,Mountain West,14.0,"[{'provider': 'Bovada', 'spread': -24.0, 'formatted_spread': 'Iowa -24.0', 'spread_open': -26.0, 'over_under': 43.5, 'over_under_open': 43.5, 'home_moneyline': -2800.0, 'away_moneyline': 1100.0}]",-24.0
401520159,2023,1,regular,2023-09-02T16:00:00.000Z,Kentucky,SEC,44.0,Ball State,Mid-American,14.0,"[{'provider': 'Bovada', 'spread': -25.5, 'formatted_spread': 'Kentucky -25.5', 'spread_open': -26.0, 'over_under': 48.5, 'over_under_open': 49.0, 'home_moneyline': -5000.0, 'away_moneyline': 1200.0}]",-25.5
401520160,2023,1,regular,2023-09-02T16:00:00.000Z,Liberty,Conference USA,34.0,Bowling Green,Mid-American,24.0,"[{'provider': 'Bovada', 'spread': -7.0, 'formatted_spread': 'Liberty -7.0', 'spread_open': -12.5, 'over_under': 48.0, 'over_under_open': 50.0, 'home_moneyline': -500.0, 'away_moneyline': 360.0}]",-7.0
401520170,2023,1,regular,2023-09-02T16:00:00.000Z,Purdue,Big Ten,35.0,Fresno State,Mountain West,39.0,"[{'provider': 'Bovada', 'spread': -4.0, 'formatted_spread': 'Purdue -4.0', 'spread_open': -5.5, 'over_under': 46.5, 'over_under_open': 51.5, 'home_moneyline': -180.0, 'away_moneyline': 155.0}]",-4.0
401520172,2023,1,regular,2023-09-02T16:00:00.000Z,SMU,American Athletic,38.0,Louisiana Tech,Conference USA,14.0,"[{'provider': 'Bovada', 'spread': -21.0, 'formatted_spread': 'SMU -21.0', 'spread_open': -17.0, 'over_under': 66.5, 'over_under_open': 65.5, 'home_moneyline': -1000.0, 'away_moneyline': 625.0}]",-21.0
401525464,2023,1,regular,2023-09-02T16:00:00.000Z,Boston College,ACC,24.0,Northern Illinois,Mid-American,27.0,"[{'provider': 'Bovada', 'spread': -8.0, 'formatted_spread': 'Boston College -8.0', 'spread_open': -9.5, 'over_under': 50.0, 'over_under_open': 52.0, 'home_moneyline': -360.0, 'away_moneyline': 280.0}]",-8.0
401532395,2023,1,regular,2023-09-02T18:00:00.000Z,Ohio,Mid-American,27.0,Long Island University,NEC,10.0,"[{'provider': 'Bovada', 'spread': -35.5, 'formatted_spread': 'Ohio -35.5', 'spread_open': -38.0, 'over_under': 57.5, 'over_under_open': 57.5, 'home_moneyline': None, 'away_moneyline': None}]",-35.5
401532570,2023,1,regular,2023-09-02T17:00:00.000Z,Air Force,Mountain West,42.0,Robert Morris,Big South-OVC,7.0,"[{'provider': 'Bovada', 'spread': -46.0, 'formatted_spread': 'Air Force -46.0', 'spread_open': -46.0, 'over_under': 51.5, 'over_under_open': 51.0, 'home_moneyline': None, 'away_moneyline': None}]",-46.0
401525820,2023,1,regular,2023-09-02T18:00:00.000Z,Iowa State,Big 12,30.0,Northern Iowa,MVFC,9.0,"[{'provider': 'Bovada', 'spread': -7.5, 'formatted_spread': 'Iowa State -7.5', 'spread_open': -8.5, 'over_under': 41.5, 'over_under_open': 42.5, 'home_moneyline': -370.0, 'away_moneyline': 285.0}]",-7.5
401531387,2023,1,regular,2023-09-02T18:00:00.000Z,Temple,American Athletic,24.0,Akron,Mid-American,21.0,"[{'provider': 'Bovada', 'spread': -9.5, 'formatted_spread': 'Temple -9.5', 'spread_open': -9.5, 'over_under': 55.0, 'over_under_open': 55.0, 'home_moneyline': -420.0, 'away_moneyline': 315.0}]",-9.5
401520151,2023,1,regular,2023-09-02T19:30:00.000Z,Auburn,SEC,59.0,UMass,FBS Independents,14.0,"[{'provider': 'Bovada', 'spread': -35.0, 'formatted_spread': 'Auburn -35.0', 'spread_open': -37.0, 'over_under': 51.0, 'over_under_open': 51.5, 'home_moneyline': None, 'away_moneyline': None}]",-35.0
401520161,2023,1,regular,2023-09-02T19:30:00.000Z,Maryland,Big Ten,38.0,Towson,CAA,6.0,"[{'provider': 'Bovada', 'spread': -38.5, 'formatted_spread': 'Maryland -38.5', 'spread_open': -38.5, 'over_under': 56.5, 'over_under_open': 49.0, 'home_moneyline': None, 'away_moneyline': None}]",-38.5
401520181,2023,1,regular,2023-09-02T19:30:00.000Z,Western Kentucky,Conference USA,41.0,South Florida,American Athletic,24.0,"[{'provider': 'Bovada', 'spread': -13.0, 'formatted_spread': 'Western Kentucky -13.0', 'spread_open': -11.5, 'over_under': 71.5, 'over_under_open': 70.0, 'home_moneyline': -480.0, 'away_moneyline': 350.0}]",-13.0
401525465,2023,1,regular,2023-09-02T19:30:00.000Z,Pittsburgh,ACC,45.0,Wofford,Southern,7.0,"[{'provider': 'Bovada', 'spread': -37.5, 'formatted_spread': 'Pittsburgh -37.5', 'spread_open': -38.5, 'over_under': 48.5, 'over_under_open': 52.0, 'home_moneyline': None, 'away_moneyline': None}]",-37.5
401523991,2023,1,regular,2023-09-02T20:00:00.000Z,North Texas,American Athletic,21.0,California,Pac-12,58.0,"[{'provider': 'Bovada', 'spread': 4.5, 'formatted_spread': 'California -4.5', 'spread_open': 9.0, 'over_under': 53.5, 'over_under_open': 56.0, 'home_moneyline': 240.0, 'away_moneyline': -290.0}]",4.5
401520175,2023,1,regular,2023-09-02T23:00:00.000Z,Louisiana Monroe,Sun Belt,17.0,Army,FBS Independents,13.0,"[{'provider': 'Bovada', 'spread': 8.5, 'formatted_spread': 'Army -8.5', 'spread_open': 10.0, 'over_under': 47.5, 'over_under_open': 47.5, 'home_moneyline': 240.0, 'away_moneyline': -290.0}]",8.5
401523990,2023,1,regular,2023-09-02T23:00:00.000Z,Colorado State,Mountain West,24.0,Washington State,Pac-12,50.0,"[{'provider': 'Bovada', 'spread': 8.5, 'formatted_spread': 'Washington State -8.5', 'spread_open': 14.5, 'over_under': 53.5, 'over_under_open': 54.5, 'home_moneyline': 360.0, 'away_moneyline': -500.0}]",8.5
401525817,2023,1,regular,2023-09-02T23:00:00.000Z,Baylor,Big 12,31.0,Texas State,Sun Belt,42.0,"[{'provider': 'Bovada', 'spread': -27.0, 'formatted_spread': 'Baylor -27.0', 'spread_open': -26.5, 'over_under': 59.0, 'over_under_open': 58.5, 'home_moneyline': -5000.0, 'away_moneyline': 1300.0}]",-27.0
401525819,2023,1,regular,2023-09-02T23:00:00.000Z,Houston,Big 12,17.0,UT San Antonio,American Athletic,14.0,"[{'provider': 'Bovada', 'spread': 2.5, 'formatted_spread': 'UT San Antonio -2.5', 'spread_open': 1.5, 'over_under': 59.0, 'over_under_open': 59.5, 'home_moneyline': 100.0, 'away_moneyline': -120.0}]",2.5
401520155,2023,1,regular,2023-09-02T23:30:00.000Z,Illinois,Big Ten,30.0,Toledo,Mid-American,28.0,"[{'provider': 'Bovada', 'spread': -7.5, 'formatted_spread': 'Illinois -7.5', 'spread_open': -9.5, 'over_under': 45.0, 'over_under_open': 46.0, 'home_moneyline': -370.0, 'away_moneyline': 285.0}]",-7.5
401523995,2023,1,regular,2023-09-03T02:30:00.000Z,UCLA,Pac-12,27.0,Coastal Carolina,Sun Belt,13.0,"[{'provider': 'Bovada', 'spread': -15.5, 'formatted_spread': 'UCLA -15.5', 'spread_open': -15.5, 'over_under': 67.5, 'over_under_open': 65.0, 'home_moneyline': -750.0, 'away_moneyline': 500.0}]",-15.5
401532573,2023,1,regular,2023-09-03T19:30:00.000Z,San José State,Mountain West,17.0,Oregon State,Pac-12,42.0,"[{'provider': 'Bovada', 'spread': 14.0, 'formatted_spread': 'Oregon State -14.0', 'spread_open': 16.5, 'over_under': 56.5, 'over_under_open': 55.0, 'home_moneyline': 600.0, 'away_moneyline': -950.0}]",14.0
401520171,2023,1,regular,2023-09-03T16:00:00.000Z,Rutgers,Big Ten,24.0,Northwestern,Big Ten,7.0,"[{'provider': 'Bovada', 'spread': -5.0, 'formatted_spread': 'Rutgers -5.0', 'spread_open': -6.0, 'over_under': 38.0, 'over_under_open': 40.5, 'home_moneyline': -270.0, 'away_moneyline': 220.0}]",-5.0
401525468,2023,1,regular,2023-09-05T00:00:00.000Z,Duke,ACC,28.0,Clemson,ACC,7.0,"[{'provider': 'Bovada', 'spread': 12.5, 'formatted_spread': 'Clemson -12.5', 'spread_open': 13.5, 'over_under': 55.0, 'over_under_open': 55.5, 'home_moneyline': 400.0, 'away_moneyline': -575.0}]",12.5
401520191,2023,2,regular,2023-09-09T16:00:00.000Z,Georgia,SEC,45.0,Ball State,Mid-American,3.0,"[{'provider': 'Bovada', 'spread': -42.0, 'formatted_spread': 'Georgia -42.0', 'spread_open': -41.5, 'over_under': 53.0, 'over_under_open': 53.0, 'home_moneyline': None, 'away_moneyline': None}]",-42.0
401524004,2023,2,regular,2023-09-09T21:00:00.000Z,Washington,Pac-12,43.0,Tulsa,American Athletic,10.0,"[{'provider': 'Bovada', 'spread': -34.0, 'formatted_spread': 'Washington -34.0', 'spread_open': -35.5, 'over_under': 67.0, 'over_under_open': 64.5, 'home_moneyline': None, 'away_moneyline': None}]",-34.0
401525436,2023,2,regular,2023-09-09T16:00:00.000Z,NC State,ACC,24.0,Notre Dame,FBS Independents,45.0,"[{'provider': 'Bovada', 'spread': 7.0, 'formatted_spread': 'Notre Dame -7.0', 'spread_open': 7.5, 'over_under': 49.0, 'over_under_open': 50.5, 'home_moneyline': 270.0, 'away_moneyline': -340.0}]",7.0
401523999,2023,2,regular,2023-09-09T16:00:00.000Z,Baylor,Big 12,13.0,Utah,Pac-12,20.0,"[{'provider': 'Bovada', 'spread': 7.0, 'formatted_spread': 'Utah -7.0', 'spread_open': 7.0, 'over_under': 45.5, 'over_under_open': 51.0, 'home_moneyline': 250.0, 'away_moneyline': -300.0}]",7.0
401525829,2023,2,regular,2023-09-09T16:00:00.000Z,Kansas State,Big 12,42.0,Troy,Sun Belt,13.0,"[{'provider': 'Bovada', 'spread': -15.0, 'formatted_spread': 'Kansas State -15.0', 'spread_open': -17.0, 'over_under': 50.0, 'over_under_open': 50.0, 'home_moneyline': -850.0, 'away_moneyline': 550.0}]",-15.0
401525495,2023,2,regular,2023-09-09T21:15:00.000Z,North Carolina,ACC,40.0,Appalachian State,Sun Belt,34.0,"[{'provider': 'Bovada', 'spread': -19.5, 'formatted_spread': 'North Carolina -19.5', 'spread_open': -14.5, 'over_under': 58.0, 'over_under_open': 61.0, 'home_moneyline': -800.0, 'away_moneyline': 525.0}]",-19.5
401520214,2023,2,regular,2023-09-09T19:30:00.000Z,Tulane,American Athletic,20.0,Ole Miss,SEC,37.0,"[{'provider': 'Bovada', 'spread': 13.0, 'formatted_spread': 'Ole Miss -13.0', 'spread_open': 3.5, 'over_under': 61.0, 'over_under_open': 62.5, 'home_moneyline': 310.0, 'away_moneyline': -415.0}]",13.0
401520188,2023,2,regular,2023-09-09T16:00:00.000Z,Colorado,Pac-12,36.0,Nebraska,Big Ten,14.0,"[{'provider': 'Bovada', 'spread': -3.0, 'formatted_spread': 'Colorado -3.0', 'spread_open': -2.5, 'over_under': 56.5, 'over_under_open': 58.5, 'home_moneyline': -150.0, 'away_moneyline': 130.0}]",-3.0
401520189,2023,2,regular,2023-09-09T22:30:00.000Z,Florida International,Conference USA,46.0,North Texas,American Athletic,39.0,"[{'provider': 'Bovada', 'spread': 10.5, 'formatted_spread': 'North Texas -10.5', 'spread_open': 14.0, 'over_under': 51.5, 'over_under_open': 53.5, 'home_moneyline': 410.0, 'away_moneyline': -585.0}]",10.5
401520192,2023,2,regular,2023-09-09T23:00:00.000Z,Georgia State,Sun Belt,35.0,Connecticut,FBS Independents,14.0,"[{'provider': 'Bovada', 'spread': -3.0, 'formatted_spread': 'Georgia State -3.0', 'spread_open': -5.0, 'over_under': 54.5, 'over_under_open': 54.5, 'home_moneyline': -160.0, 'away_moneyline': 135.0}]",-3.0
401525862,2023,7,regular,2023-10-12T23:00:00.000Z,Houston,Big 12,41.0,West Virginia,Big 12,39.0,"[{'provider': 'Bovada', 'spread': 3.0, 'formatted_spread': 'West Virginia -3.0', 'spread_open': 3.0, 'over_under': 49.5, 'over_under_open': 52.5, 'home_moneyline': 120.0, 'away_moneyline': -140.0}]",3.0
401539480,2023,14,regular,2023-12-03T01:00:00.000Z,Iowa,Big Ten,0.0,Michigan,Big Ten,26.0,"[{'provider': 'Bovada', 'spread': 21.0, 'formatted_spread': 'Michigan -21.0', 'spread_open': 23.5, 'over_under': 36.0, 'over_under_open': 35.0, 'home_moneyline': 1000.0, 'away_moneyline': -2200.0}]",21.0
401539477,2023,14,regular,2023-12-02T21:00:00.000Z,Tulane,American Athletic,14.0,SMU,American Athletic,26.0,"[{'provider': 'Bovada', 'spread': -2.5, 'formatted_spread': 'Tulane -2.5', 'spread_open': -3.0, 'over_under': 47.5, 'over_under_open': 52.5, 'home_moneyline': -185.0, 'away_moneyline': 160.0}]",-2.5
401539479,2023,14,regular,2023-12-02T17:00:00.000Z,Texas,Big 12,49.0,Oklahoma State,Big 12,21.0,"[{'provider': 'Bovada', 'spread': -14.5, 'formatted_spread': 'Texas -14.5', 'spread_open': -11.5, 'over_under': 57.5, 'over_under_open': 53.5, 'home_moneyline': -625.0, 'away_moneyline': 430.0}]",-14.5
401539475,2023,14,regular,2023-12-02T01:00:00.000Z,Washington,Pac-12,34.0,Oregon,Pac-12,31.0,"[{'provider': 'Bovada', 'spread': 10.0, 'formatted_spread': 'Oregon -10.0', 'spread_open': 9.0, 'over_under': 65.5, 'over_under_open': 67.0, 'home_moneyline': 270.0, 'away_moneyline': -340.0}]",10.0
401520341,2023,8,regular,2023-10-21T19:30:00.000Z,Missouri,SEC,34.0,South Carolina,SEC,12.0,"[{'provider': 'Bovada', 'spread': -7.0, 'formatted_spread': 'Missouri -7.0', 'spread_open': -7.5, 'over_under': 57.5, 'over_under_open': 59.5, 'home_moneyline': -300.0, 'away_moneyline': 250.0}]",-7.0
401531372,2023,8,regular,2023-10-21T19:30:00.000Z,Tulane,American Athletic,35.0,North Texas,American Athletic,28.0,"[{'provider': 'Bovada', 'spread': -20.5, 'formatted_spread': 'Tulane -20.5', 'spread_open': -20.0, 'over_under': 64.5, 'over_under_open': 63.5, 'home_moneyline': -1400.0, 'away_moneyline': 750.0}]",-20.5
401525868,2023,8,regular,2023-10-21T16:00:00.000Z,Cincinnati,Big 12,29.0,Baylor,Big 12,32.0,"[{'provider': 'Bovada', 'spread': -2.5, 'formatted_spread': 'Cincinnati -2.5', 'spread_open': -3.0, 'over_under': 50.5, 'over_under_open': 50.0, 'home_moneyline': -145.0, 'away_moneyline': 125.0}]",-2.5
401531382,2023,8,regular,2023-10-21T16:00:00.000Z,UAB,American Athletic,21.0,Memphis,American Athletic,45.0,"[{'provider': 'Bovada', 'spread': 7.5, 'formatted_spread': 'Memphis -7.5', 'spread_open': 6.5, 'over_under': 62.0, 'over_under_open': 62.0, 'home_moneyline': 250.0, 'away_moneyline': -300.0}]",7.5
401520342,2023,8,regular,2023-10-21T19:30:00.000Z,Nebraska,Big Ten,17.0,Northwestern,Big Ten,9.0,"[{'provider': 'Bovada', 'spread': -10.5, 'formatted_spread': 'Nebraska -10.5', 'spread_open': -12.0, 'over_under': 40.0, 'over_under_open': 41.0, 'home_moneyline': -460.0, 'away_moneyline': 340.0}]",-10.5
401525836,2023,3,regular,2023-09-17T00:00:00.000Z,Houston,Big 12,13.0,TCU,Big 12,36.0,"[{'provider': 'Bovada', 'spread': 7.0, 'formatted_spread': 'TCU -7.0', 'spread_open': 8.0, 'over_under': 64.0, 'over_under_open': 62.0, 'home_moneyline': 260.0, 'away_moneyline': -320.0}]",7.0
401524005,2023,3,regular,2023-09-17T02:30:00.000Z,Arizona State,Pac-12,0.0,Fresno State,Mountain West,29.0,"[{'provider': 'Bovada', 'spread': 3.5, 'formatted_spread': 'Fresno State -3.5', 'spread_open': 2.5, 'over_under': 48.0, 'over_under_open': 51.5, 'home_moneyline': 145.0, 'away_moneyline': -170.0}]",3.5
401525837,2023,3,regular,2023-09-17T02:30:00.000Z,Nevada,Mountain West,24.0,Kansas,Big 12,31.0,"[{'provider': 'Bovada', 'spread': 28.5, 'formatted_spread': 'Kansas -28.5', 'spread_open': 28.0, 'over_under': 58.0, 'over_under_open': 60.5, 'home_moneyline': None, 'away_moneyline': None}]",28.5
401531849,2023,4,regular,2023-09-21T23:30:00.000Z,Coastal Carolina,Sun Belt,17.0,Georgia State,Sun Belt,30.0,"[{'provider': 'Bovada', 'spread': -6.5, 'formatted_spread': 'Coastal Carolina -6.5', 'spread_open': -6.5, 'over_under': 63.0, 'over_under_open': 61.0, 'home_moneyline': -240.0, 'away_moneyline': 200.0}]",-6.5
401525844,2023,4,regular,2023-09-23T23:30:00.000Z,Baylor,Big 12,6.0,Texas,Big 12,38.0,"[{'provider': 'Bovada', 'spread': 17.5, 'formatted_spread': 'Texas -17.5', 'spread_open': 14.5, 'over_under': 49.5, 'over_under_open': 52.0, 'home_moneyline': 425.0, 'away_moneyline': -600.0}]",17.5
401525507,2023,4,regular,2023-09-23T16:00:00.000Z,Clemson,ACC,24.0,Florida State,ACC,31.0,"[{'provider': 'Bovada', 'spread': 2.0, 'formatted_spread': 'Florida State -2.0', 'spread_open': 1.5, 'over_under': 55.0, 'over_under_open': 55.0, 'home_moneyline': 105.0, 'away_moneyline': -125.0}]",2.0
401524014,2023,4,regular,2023-09-24T02:30:00.000Z,Arizona State,Pac-12,28.0,USC,Pac-12,42.0,"[{'provider': 'Bovada', 'spread': 34.0, 'formatted_spread': 'USC -34.0', 'spread_open': 33.0, 'over_under': 62.0, 'over_under_open': 61.5, 'home_moneyline': None, 'away_moneyline': None}]",34.0
401525845,2023,4,regular,2023-09-23T16:00:00.000Z,Cincinnati,Big 12,6.0,Oklahoma,Big 12,20.0,"[{'provider': 'Bovada', 'spread': 14.0, 'formatted_spread': 'Oklahoma -14.0', 'spread_open': 13.5, 'over_under': 57.0, 'over_under_open': 61.0, 'home_moneyline': 375.0, 'away_moneyline': -525.0}]",14.0
401525510,2023,4,regular,2023-09-24T00:00:00.000Z,Pittsburgh,ACC,24.0,North Carolina,ACC,41.0,"[{'provider': 'Bovada', 'spread': 7.0, 'formatted_spread': 'North Carolina -7.0', 'spread_open': 5.5, 'over_under': 49.5, 'over_under_open': 50.0, 'home_moneyline': 200.0, 'away_moneyline': -240.0}]",7.0
401520269,2023,4,regular,2023-09-23T20:00:00.000Z,Tennessee,SEC,45.0,UT San Antonio,American Athletic,14.0,"[{'provider': 'Bovada', 'spread': -24.5, 'formatted_spread': 'Tennessee -24.5', 'spread_open': -20.0, 'over_under': 59.5, 'over_under_open': 56.0, 'home_moneyline': -1400.0, 'away_moneyline': 750.0}]",-24.5
401520270,2023,4,regular,2023-09-23T16:00:00.000Z,Texas A&M,SEC,27.0,Auburn,SEC,10.0,"[{'provider': 'Bovada', 'spread': -9.0, 'formatted_spread': 'Texas A&M -9.0', 'spread_open': -7.0, 'over_under': 51.5, 'over_under_open': 52.0, 'home_moneyline': -275.0, 'away_moneyline': 225.0}]",-9.0
401520255,2023,4,regular,2023-09-23T19:30:00.000Z,Illinois,Big Ten,23.0,Florida Atlantic,American Athletic,17.0,"[{'provider': 'Bovada', 'spread': -16.5, 'formatted_spread': 'Illinois -16.5', 'spread_open': -12.0, 'over_under': 45.5, 'over_under_open': 49.0, 'home_moneyline': -585.0, 'away_moneyline': 410.0}]",-16.5
401520256,2023,4,regular,2023-09-23T23:30:00.000Z,Indiana,Big Ten,29.0,Akron,Mid-American,27.0,"[{'provider': 'Bovada', 'spread': -16.5, 'formatted_spread': 'Indiana -16.5', 'spread_open': -17.5, 'over_under': 46.0, 'over_under_open': 45.0, 'home_moneyline': -900.0, 'away_moneyline': 575.0}]",-16.5
401520259,2023,4,regular,2023-09-23T23:30:00.000Z,Missouri,SEC,34.0,Memphis,American Athletic,27.0,"[{'provider': 'Bovada', 'spread': -6.5, 'formatted_spread': 'Missouri -6.5', 'spread_open': -6.5, 'over_under': 52.5, 'over_under_open': 53.0, 'home_moneyline': -275.0, 'away_moneyline': 225.0}]",-6.5
401525848,2023,4,regular,2023-09-24T00:00:00.000Z,Kansas State,Big 12,44.0,UCF,Big 12,31.0,"[{'provider': 'Bovada', 'spread': -6.5, 'formatted_spread': 'Kansas State -6.5', 'spread_open': -7.0, 'over_under': 52.5, 'over_under_open': 57.0, 'home_moneyline': -260.0, 'away_moneyline': 215.0}]",-6.5
401525851,2023,5,regular,2023-09-30T02:15:00.000Z,BYU,Big 12,35.0,Cincinnati,Big 12,27.0,"[{'provider': 'Bovada', 'spread': -2.5, 'formatted_spread': 'BYU -2.5', 'spread_open': -3.0, 'over_under': 48.0, 'over_under_open': 50.0, 'home_moneyline': -135.0, 'away_moneyline': 115.0}]",-2.5
401524023,2023,5,regular,2023-09-30T16:00:00.000Z,Colorado,Pac-12,41.0,USC,Pac-12,48.0,"[{'provider': 'Bovada', 'spread': 21.5, 'formatted_spread': 'USC -21.5', 'spread_open': 27.0, 'over_under': 74.5, 'over_under_open': 73.5, 'home_moneyline': 750.0, 'away_moneyline': -1400.0}]",21.5
401524024,2023,5,regular,2023-09-30T22:30:00.000Z,Stanford,Pac-12,6.0,Oregon,Pac-12,42.0,"[{'provider': 'Bovada', 'spread': 27.0, 'formatted_spread': 'Oregon -27.0', 'spread_open': 27.0, 'over_under': 61.0, 'over_under_open': 61.0, 'home_moneyline': 1200.0, 'away_moneyline': -4000.0}]",27.0
401525438,2023,5,regular,2023-09-30T23:30:00.000Z,Duke,ACC,14.0,Notre Dame,FBS Independents,21.0,"[{'provider': 'Bovada', 'spread': 5.5, 'formatted_spread': 'Notre Dame -5.5', 'spread_open': 6.5, 'over_under': 52.5, 'over_under_open': 51.5, 'home_moneyline': 180.0, 'away_moneyline': -220.0}]",5.5
401525514,2023,5,regular,2023-09-30T16:00:00.000Z,Syracuse,ACC,14.0,Clemson,ACC,31.0,"[{'provider': 'Bovada', 'spread': 7.0, 'formatted_spread': 'Clemson -7.0', 'spread_open': 7.5, 'over_under': 53.5, 'over_under_open': 52.5, 'home_moneyline': 220.0, 'away_moneyline': -270.0}]",7.0
401525513,2023,5,regular,2023-09-30T18:00:00.000Z,Boston College,ACC,27.0,Virginia,ACC,24.0,"[{'provider': 'Bovada', 'spread': -3.0, 'formatted_spread': 'Boston College -3.0', 'spread_open': -2.0, 'over_under': 55.0, 'over_under_open': 56.0, 'home_moneyline': -160.0, 'away_moneyline': 135.0}]",-3.0
401524022,2023,5,regular,2023-09-30T19:00:00.000Z,California,Pac-12,24.0,Arizona State,Pac-12,21.0,"[{'provider': 'Bovada', 'spread': -11.5, 'formatted_spread': 'California -11.5', 'spread_open': -11.5, 'over_under': 49.5, 'over_under_open': 50.5, 'home_moneyline': -440.0, 'away_moneyline': 330.0}]",-11.5
401532589,2023,5,regular,2023-10-01T00:00:00.000Z,Air Force,Mountain West,49.0,San Diego State,Mountain West,10.0,"[{'provider': 'Bovada', 'spread': -11.0, 'formatted_spread': 'Air Force -11.0', 'spread_open': -10.0, 'over_under': 44.0, 'over_under_open': 43.0, 'home_moneyline': -430.0, 'away_moneyline': 320.0}]",-11.0
401525520,2023,6,regular,2023-10-07T19:30:00.000Z,North Carolina,ACC,40.0,Syracuse,ACC,7.0,"[{'provider': 'Bovada', 'spread': -9.0, 'formatted_spread': 'North Carolina -9.0', 'spread_open': -8.5, 'over_under': 59.0, 'over_under_open': 58.0, 'home_moneyline': -370.0, 'away_moneyline': 285.0}]",-9.0
401525519,2023,6,regular,2023-10-08T00:00:00.000Z,Miami,ACC,20.0,Georgia Tech,ACC,23.0,"[{'provider': 'Bovada', 'spread': -19.0, 'formatted_spread': 'Miami -19.0', 'spread_open': -20.5, 'over_under': 57.0, 'over_under_open': 59.0, 'home_moneyline': -1300.0, 'away_moneyline': 725.0}]",-19.0
401525521,2023,6,regular,2023-10-07T18:00:00.000Z,NC State,ACC,48.0,Marshall,Sun Belt,41.0,"[{'provider': 'Bovada', 'spread': -6.5, 'formatted_spread': 'NC State -6.5', 'spread_open': -6.5, 'over_under': 44.0, 'over_under_open': 45.5, 'home_moneyline': -250.0, 'away_moneyline': 210.0}]",-6.5
401531389,2023,6,regular,2023-10-07T18:00:00.000Z,Temple,American Athletic,34.0,UT San Antonio,American Athletic,49.0,"[{'provider': 'Bovada', 'spread': 14.0, 'formatted_spread': 'UT San Antonio -14.0', 'spread_open': 13.5, 'over_under': 56.5, 'over_under_open': 56.0, 'home_moneyline': 425.0, 'away_moneyline': -600.0}]",14.0
401531884,2023,6,regular,2023-10-07T19:30:00.000Z,Louisiana,Sun Belt,34.0,Texas State,Sun Belt,30.0,"[{'provider': 'Bovada', 'spread': -1.0, 'formatted_spread': 'Louisiana -1.0', 'spread_open': -2.5, 'over_under': 66.5, 'over_under_open': 67.0, 'home_moneyline': -135.0, 'away_moneyline': 115.0}]",-1.0
401525860,2023,6,regular,2023-10-07T20:00:00.000Z,Kansas,Big 12,51.0,UCF,Big 12,22.0,"[{'provider': 'Bovada', 'spread': 2.0, 'formatted_spread': 'UCF -2.0', 'spread_open': -3.0, 'over_under': 64.5, 'over_under_open': 62.0, 'home_moneyline': 105.0, 'away_moneyline': -125.0}]",2.0
401531340,2023,6,regular,2023-10-07T22:00:00.000Z,Florida Atlantic,American Athletic,20.0,Tulsa,American Athletic,17.0,"[{'provider': 'Bovada', 'spread': -2.5, 'formatted_spread': 'Florida Atlantic -2.5', 'spread_open': -4.0, 'over_under': 54.5, 'over_under_open': 55.0, 'home_moneyline': -150.0, 'away_moneyline': 130.0}]",-2.5
401531885,2023,6,regular,2023-10-07T23:00:00.000Z,Louisiana Monroe,Sun Belt,7.0,South Alabama,Sun Belt,55.0,"[{'provider': 'Bovada', 'spread': 11.0, 'formatted_spread': 'South Alabama -11.0', 'spread_open': 12.0, 'over_under': 50.5, 'over_under_open': 51.5, 'home_moneyline': 315.0, 'away_moneyline': -420.0}]",11.0
401525858,2023,6,regular,2023-10-08T00:00:00.000Z,Baylor,Big 12,14.0,Texas Tech,Big 12,39.0,"[{'provider': 'Bovada', 'spread': 2.5, 'formatted_spread': 'Texas Tech -2.5', 'spread_open': 1.5, 'over_under': 59.5, 'over_under_open': 60.0, 'home_moneyline': 100.0, 'away_moneyline': -120.0}]",2.5
401525859,2023,6,regular,2023-10-08T00:00:00.000Z,Iowa State,Big 12,27.0,TCU,Big 12,14.0,"[{'provider': 'Bovada', 'spread': 6.5, 'formatted_spread': 'TCU -6.5', 'spread_open': 7.0, 'over_under': 52.5, 'over_under_open': 51.0, 'home_moneyline': 210.0, 'away_moneyline': -250.0}]",6.5
401524030,2023,7,regular,2023-10-14T23:00:00.000Z,Washington State,Pac-12,6.0,Arizona,Pac-12,44.0,"[{'provider': 'Bovada', 'spread': -8.0, 'formatted_spread': 'Washington State -8.0', 'spread_open': -9.0, 'over_under': 56.5, 'over_under_open': 60.5, 'home_moneyline': -300.0, 'away_moneyline': 250.0}]",-8.0
401520328,2023,7,regular,2023-10-14T20:00:00.000Z,Wisconsin,Big Ten,6.0,Iowa,Big Ten,15.0,"[{'provider': 'Bovada', 'spread': -8.0, 'formatted_spread': 'Wisconsin -8.0', 'spread_open': -10.0, 'over_under': 33.5, 'over_under_open': 37.0, 'home_moneyline': -380.0, 'away_moneyline': 290.0}]",-8.0
401520335,2023,8,regular,2023-10-21T23:00:00.000Z,Auburn,SEC,21.0,Ole Miss,SEC,28.0,"[{'provider': 'Bovada', 'spread': 6.5, 'formatted_spread': 'Ole Miss -6.5', 'spread_open': 7.0, 'over_under': 55.5, 'over_under_open': 57.0, 'home_moneyline': 190.0, 'away_moneyline': -230.0}]",6.5
401524037,2023,8,regular,2023-10-22T00:00:00.000Z,USC,Pac-12,32.0,Utah,Pac-12,34.0,"[{'provider': 'Bovada', 'spread': -7.0, 'formatted_spread': 'USC -7.0', 'spread_open': -6.0, 'over_under': 52.0, 'over_under_open': 56.0, 'home_moneyline': -245.0, 'away_moneyline': 205.0}]",-7.0
401520339,2023,8,regular,2023-10-21T23:30:00.000Z,LSU,SEC,62.0,Army,FBS Independents,0.0,"[{'provider': 'Bovada', 'spread': -33.0, 'formatted_spread': 'LSU -33.0', 'spread_open': -30.5, 'over_under': 60.5, 'over_under_open': 58.5, 'home_moneyline': -10000.0, 'away_moneyline': 1600.0}]",-33.0
401525880,2023,10,regular,2023-11-04T19:30:00.000Z,Baylor,Big 12,24.0,Houston,Big 12,25.0,"[{'provider': 'Bovada', 'spread': -2.5, 'formatted_spread': 'Baylor -2.5', 'spread_open': -3.0, 'over_under': 58.5, 'over_under_open': 57.5, 'home_moneyline': -170.0, 'away_moneyline': 145.0}]",-2.5
401525881,2023,10,regular,2023-11-04T19:30:00.000Z,Cincinnati,Big 12,26.0,UCF,Big 12,28.0,"[{'provider': 'Bovada', 'spread': 3.5, 'formatted_spread': 'UCF -3.5', 'spread_open': 4.5, 'over_under': 60.0, 'over_under_open': 59.0, 'home_moneyline': 170.0, 'away_moneyline': -200.0}]",3.5
401520379,2023,10,regular,2023-11-04T20:00:00.000Z,Vanderbilt,SEC,15.0,Auburn,SEC,31.0,"[{'provider': 'Bovada', 'spread': 12.5, 'formatted_spread': 'Auburn -12.5', 'spread_open': 12.5, 'over_under': 50.0, 'over_under_open': 49.0, 'home_moneyline': 360.0, 'away_moneyline': -500.0}]",12.5
401520366,2023,10,regular,2023-11-04T22:00:00.000Z,Liberty,Conference USA,56.0,Louisiana Tech,Conference USA,30.0,"[{'provider': 'Bovada', 'spread': -14.0, 'formatted_spread': 'Liberty -14.0', 'spread_open': -17.0, 'over_under': 59.0, 'over_under_open': 57.0, 'home_moneyline': -900.0, 'away_moneyline': 575.0}]",-14.0
401525544,2023,10,regular,2023-11-05T00:00:00.000Z,NC State,ACC,20.0,Miami,ACC,6.0,"[{'provider': 'Bovada', 'spread': 6.5, 'formatted_spread': 'Miami -6.5', 'spread_open': 3.5, 'over_under': 44.0, 'over_under_open': 45.5, 'home_moneyline': 160.0, 'away_moneyline': -185.0}]",6.5
401520378,2023,10,regular,2023-11-05T01:00:00.000Z,UTEP,Conference USA,13.0,Western Kentucky,Conference USA,21.0,"[{'provider': 'Bovada', 'spread': 10.0, 'formatted_spread': 'Western Kentucky -10.0', 'spread_open': 10.5, 'over_under': 54.0, 'over_under_open': 54.5, 'home_moneyline': 275.0, 'away_moneyline': -350.0}]",10.0
401532437,2023,11,regular,2023-11-08T00:00:00.000Z,Northern Illinois,Mid-American,17.0,Ball State,Mid-American,20.0,"[{'provider': 'Bovada', 'spread': -8.0, 'formatted_spread': 'Northern Illinois -8.0', 'spread_open': -10.0, 'over_under': 43.0, 'over_under_open': 43.0, 'home_moneyline': -390.0, 'away_moneyline': 295.0}]",-8.0
401532439,2023,11,regular,2023-11-08T00:30:00.000Z,Buffalo,Mid-American,10.0,Ohio,Mid-American,20.0,"[{'provider': 'Bovada', 'spread': 9.5, 'formatted_spread': 'Ohio -9.5', 'spread_open': 6.5, 'over_under': 45.0, 'over_under_open': 44.0, 'home_moneyline': 240.0, 'away_moneyline': -290.0}]",9.5
401532441,2023,11,regular,2023-11-09T00:00:00.000Z,Miami (OH),Mid-American,19.0,Akron,Mid-American,0.0,"[{'provider': 'Bovada', 'spread': -17.0, 'formatted_spread': 'Miami (OH) -17.0', 'spread_open': -17.0, 'over_under': 37.5, 'over_under_open': 43.5, 'home_moneyline': -900.0, 'away_moneyline': 575.0}]",-17.0
401532442,2023,11,regular,2023-11-09T00:00:00.000Z,Kent State,Mid-American,19.0,Bowling Green,Mid-American,49.0,"[{'provider': 'Bovada', 'spread': 11.0, 'formatted_spread': 'Bowling Green -11.0', 'spread_open': 8.5, 'over_under': 41.5, 'over_under_open': 41.0, 'home_moneyline': 250.0, 'away_moneyline': -300.0}]",11.0
401532440,2023,11,regular,2023-11-09T00:30:00.000Z,Toledo,Mid-American,49.0,Eastern Michigan,Mid-American,23.0,"[{'provider': 'Bovada', 'spread': -20.0, 'formatted_spread': 'Toledo -20.0', 'spread_open': -18.0, 'over_under': 45.0, 'over_under_open': 46.5, 'home_moneyline': -1100.0, 'away_moneyline': 650.0}]",-20.0
401525546,2023,11,regular,2023-11-10T00:30:00.000Z,Louisville,ACC,31.0,Virginia,ACC,24.0,"[{'provider': 'Bovada', 'spread': -20.0, 'formatted_spread': 'Louisville -20.0', 'spread_open': -19.5, 'over_under': 49.5, 'over_under_open': 51.5, 'home_moneyline': -1300.0, 'away_moneyline': 725.0}]",-20.0
401531911,2023,11,regular,2023-11-10T00:30:00.000Z,Louisiana,Sun Belt,31.0,Southern Mississippi,Sun Belt,34.0,"[{'provider': 'Bovada', 'spread': -7.5, 'formatted_spread': 'Louisiana -7.5', 'spread_open': -12.0, 'over_under': 52.5, 'over_under_open': 53.5, 'home_moneyline': -470.0, 'away_moneyline': 345.0}]",-7.5
401531437,2023,11,regular,2023-11-11T02:00:00.000Z,SMU,American Athletic,45.0,North Texas,American Athletic,21.0,"[{'provider': 'Bovada', 'spread': -20.5, 'formatted_spread': 'SMU -20.5', 'spread_open': -15.5, 'over_under': 67.0, 'over_under_open': 67.5, 'home_moneyline': -750.0, 'away_moneyline': 500.0}]",-20.5
401524053,2023,11,regular,2023-11-12T03:30:00.000Z,Oregon,Pac-12,36.0,USC,Pac-12,27.0,"[{'provider': 'Bovada', 'spread': -16.5, 'formatted_spread': 'Oregon -16.5', 'spread_open': -3.0, 'over_under': 77.5, 'over_under_open': 74.0, 'home_moneyline': -800.0, 'away_moneyline': 525.0}]",-16.5
401520395,2023,11,regular,2023-11-11T20:30:00.000Z,Purdue,Big Ten,49.0,Minnesota,Big Ten,30.0,"[{'provider': 'Bovada', 'spread': 2.0, 'formatted_spread': 'Minnesota -2.0', 'spread_open': 0.0, 'over_under': 48.5, 'over_under_open': 46.5, 'home_moneyline': 105.0, 'away_moneyline': -125.0}]",2.0
401520398,2023,11,regular,2023-11-11T20:30:00.000Z,Wisconsin,Big Ten,10.0,Northwestern,Big Ten,24.0,"[{'provider': 'Bovada', 'spread': -12.0, 'formatted_spread': 'Wisconsin -12.0', 'spread_open': -11.5, 'over_under': 44.0, 'over_under_open': 42.5, 'home_moneyline': -460.0, 'away_moneyline': 340.0}]",-12.0
401520399,2023,11,regular,2023-11-11T20:30:00.000Z,Western Kentucky,Conference USA,29.0,New Mexico State,Conference USA,38.0,"[{'provider': 'Bovada', 'spread': -5.0, 'formatted_spread': 'Western Kentucky -5.0', 'spread_open': -5.5, 'over_under': 53.5, 'over_under_open': 57.5, 'home_moneyline': -200.0, 'away_moneyline': 170.0}]",-5.0
401532617,2023,11,regular,2023-11-12T00:00:00.000Z,Colorado State,Mountain West,22.0,San Diego State,Mountain West,19.0,"[{'provider': 'Bovada', 'spread': -3.5, 'formatted_spread': 'Colorado State -3.5', 'spread_open': -4.0, 'over_under': 46.5, 'over_under_open': 47.5, 'home_moneyline': -175.0, 'away_moneyline': 150.0}]",-3.5
401520397,2023,11,regular,2023-11-12T00:30:00.000Z,Texas A&M,SEC,51.0,Mississippi State,SEC,10.0,"[{'provider': 'Bovada', 'spread': -16.5, 'formatted_spread': 'Texas A&M -16.5', 'spread_open': -18.0, 'over_under': 40.5, 'over_under_open': 44.5, 'home_moneyline': -1100.0, 'away_moneyline': 650.0}]",-16.5
401532443,2023,12,regular,2023-11-15T00:00:00.000Z,Bowling Green,Mid-American,31.0,Toledo,Mid-American,32.0,"[{'provider': 'Bovada', 'spread': 10.0, 'formatted_spread': 'Toledo -10.0', 'spread_open': 10.0, 'over_under': 49.5, 'over_under_open': 52.0, 'home_moneyline': 315.0, 'away_moneyline': -420.0}]",10.0
401532444,2023,12,regular,2023-11-15T00:00:00.000Z,Northern Illinois,Mid-American,24.0,Western Michigan,Mid-American,0.0,"[{'provider': 'Bovada', 'spread': -4.0, 'formatted_spread': 'Northern Illinois -4.0', 'spread_open': -3.0, 'over_under': 56.5, 'over_under_open': 55.5, 'home_moneyline': -210.0, 'away_moneyline': 175.0}]",-4.0
401532445,2023,12,regular,2023-11-15T00:00:00.000Z,Eastern Michigan,Mid-American,30.0,Akron,Mid-American,27.0,"[{'provider': 'Bovada', 'spread': -3.0, 'formatted_spread': 'Eastern Michigan -3.0', 'spread_open': -4.5, 'over_under': 39.5, 'over_under_open': 39.0, 'home_moneyline': -185.0, 'away_moneyline': 160.0}]",-3.0
401532446,2023,12,regular,2023-11-16T00:00:00.000Z,Ohio,Mid-American,34.0,Central Michigan,Mid-American,20.0,"[{'provider': 'Bovada', 'spread': -10.5, 'formatted_spread': 'Ohio -10.5', 'spread_open': -8.5, 'over_under': 50.0, 'over_under_open': 46.0, 'home_moneyline': -390.0, 'away_moneyline': 295.0}]",-10.5
401525894,2023,12,regular,2023-11-18T21:00:00.000Z,Houston,Big 12,30.0,Oklahoma State,Big 12,43.0,"[{'provider': 'Bovada', 'spread': 6.5, 'formatted_spread': 'Oklahoma State -6.5', 'spread_open': 7.5, 'over_under': 57.5, 'over_under_open': 59.0, 'home_moneyline': 195.0, 'away_moneyline': -235.0}]",6.5
401520407,2023,12,regular,2023-11-18T19:00:00.000Z,Jacksonville State,Conference USA,56.0,Louisiana Tech,Conference USA,17.0,"[{'provider': 'Bovada', 'spread': -9.5, 'formatted_spread': 'Jacksonville State -9.5', 'spread_open': -8.0, 'over_under': 54.5, 'over_under_open': 55.5, 'home_moneyline': -330.0, 'away_moneyline': 265.0}]",-9.5
401520411,2023,12,regular,2023-11-18T19:00:00.000Z,Middle Tennessee,Conference USA,34.0,UTEP,Conference USA,30.0,"[{'provider': 'Bovada', 'spread': -8.0, 'formatted_spread': 'Middle Tennessee -8.0', 'spread_open': -7.5, 'over_under': 48.5, 'over_under_open': 48.0, 'home_moneyline': -300.0, 'away_moneyline': 250.0}]",-8.0
401520423,2023,12,regular,2023-11-18T20:30:00.000Z,Western Kentucky,Conference USA,28.0,Sam Houston State,Conference USA,23.0,"[{'provider': 'Bovada', 'spread': -9.5, 'formatted_spread': 'Western Kentucky -9.5', 'spread_open': -13.0, 'over_under': 52.5, 'over_under_open': 51.5, 'home_moneyline': -525.0, 'away_moneyline': 375.0}]",-9.5
401525559,2023,12,regular,2023-11-18T20:30:00.000Z,Virginia Tech,ACC,28.0,NC State,ACC,35.0,"[{'provider': 'Bovada', 'spread': -2.5, 'formatted_spread': 'Virginia Tech -2.5', 'spread_open': -3.0, 'over_under': 41.0, 'over_under_open': 44.0, 'home_moneyline': -140.0, 'away_moneyline': 120.0}]",-2.5
401525897,2023,12,regular,2023-11-18T20:30:00.000Z,TCU,Big 12,42.0,Baylor,Big 12,17.0,"[{'provider': 'Bovada', 'spread': -13.0, 'formatted_spread': 'TCU -13.0', 'spread_open': -3.5, 'over_under': 62.0, 'over_under_open': 58.5, 'home_moneyline': -575.0, 'away_moneyline': 400.0}]",-13.0
401520404,2023,12,regular,2023-11-18T21:00:00.000Z,Auburn,SEC,10.0,New Mexico State,Conference USA,31.0,"[{'provider': 'Bovada', 'spread': -25.0, 'formatted_spread': 'Auburn -25.0', 'spread_open': -22.0, 'over_under': 48.0, 'over_under_open': 48.5, 'home_moneyline': -2800.0, 'away_moneyline': 1100.0}]",-25.0
401525898,2023,12,regular,2023-11-18T22:00:00.000Z,Texas Tech,Big 12,24.0,UCF,Big 12,23.0,"[{'provider': 'Bovada', 'spread': -2.0, 'formatted_spread': 'Texas Tech -2.0', 'spread_open': -3.0, 'over_under': 59.0, 'over_under_open': 59.5, 'home_moneyline': -135.0, 'away_moneyline': 115.0}]",-2.0
401524061,2023,12,regular,2023-11-18T23:30:00.000Z,Stanford,Pac-12,15.0,California,Pac-12,27.0,"[{'provider': 'Bovada', 'spread': 7.0, 'formatted_spread': 'California -7.0', 'spread_open': 4.5, 'over_under': 53.5, 'over_under_open': 57.5, 'home_moneyline': 210.0, 'away_moneyline': -250.0}]",7.0
401520402,2023,12,regular,2023-11-19T00:30:00.000Z,Arkansas,SEC,44.0,Florida International,Conference USA,20.0,"[{'provider': 'Bovada', 'spread': -26.5, 'formatted_spread': 'Arkansas -26.5', 'spread_open': -31.5, 'over_under': 49.5, 'over_under_open': 51.5, 'home_moneyline': -10000.0, 'away_moneyline': 1600.0}]",-26.5
401520418,2023,12,regular,2023-11-19T00:30:00.000Z,South Carolina,SEC,17.0,Kentucky,SEC,14.0,"[{'provider': 'Bovada', 'spread': -2.5, 'formatted_spread': 'South Carolina -2.5', 'spread_open': 2.0, 'over_under': 52.5, 'over_under_open': 54.5, 'home_moneyline': -105.0, 'away_moneyline': -115.0}]",-2.5
401520422,2023,12,regular,2023-11-19T00:30:00.000Z,Wisconsin,Big Ten,24.0,Nebraska,Big Ten,17.0,"[{'provider': 'Bovada', 'spread': -7.0, 'formatted_spread': 'Wisconsin -7.0', 'spread_open': -5.0, 'over_under': 36.5, 'over_under_open': 37.5, 'home_moneyline': -225.0, 'away_moneyline': 185.0}]",-7.0
401525557,2023,12,regular,2023-11-19T01:00:00.000Z,Georgia Tech,ACC,31.0,Syracuse,ACC,22.0,"[{'provider': 'Bovada', 'spread': -6.0, 'formatted_spread': 'Georgia Tech -6.0', 'spread_open': -6.0, 'over_under': 51.5, 'over_under_open': 52.5, 'home_moneyline': -245.0, 'away_moneyline': 205.0}]",-6.0
401532450,2023,13,regular,2023-11-22T00:00:00.000Z,Western Michigan,Mid-American,10.0,Bowling Green,Mid-American,34.0,"[{'provider': 'Bovada', 'spread': 3.0, 'formatted_spread': 'Bowling Green -3.0', 'spread_open': 1.5, 'over_under': 51.5, 'over_under_open': 54.0, 'home_moneyline': 100.0, 'away_moneyline': -120.0}]",3.0
401532449,2023,13,regular,2023-11-22T00:30:00.000Z,Buffalo,Mid-American,11.0,Eastern Michigan,Mid-American,24.0,"[{'provider': 'Bovada', 'spread': -5.5, 'formatted_spread': 'Buffalo -5.5', 'spread_open': -6.5, 'over_under': 38.0, 'over_under_open': 41.0, 'home_moneyline': -240.0, 'away_moneyline': 200.0}]",-5.5
401520424,2023,13,regular,2023-11-24T00:30:00.000Z,Mississippi State,SEC,7.0,Ole Miss,SEC,17.0,"[{'provider': 'Bovada', 'spread': 10.0, 'formatted_spread': 'Ole Miss -10.0', 'spread_open': 1.5, 'over_under': 55.0, 'over_under_open': 56.0, 'home_moneyline': 335.0, 'away_moneyline': -450.0}]",10.0
401524063,2023,13,regular,2023-11-25T01:30:00.000Z,Oregon,Pac-12,31.0,Oregon State,Pac-12,7.0,"[{'provider': 'Bovada', 'spread': -14.0, 'formatted_spread': 'Oregon -14.0', 'spread_open': -8.0, 'over_under': 61.0, 'over_under_open': 62.5, 'home_moneyline': -650.0, 'away_moneyline': 450.0}]",-14.0
401525901,2023,13,regular,2023-11-25T00:30:00.000Z,Texas,Big 12,57.0,Texas Tech,Big 12,7.0,"[{'provider': 'Bovada', 'spread': -16.0, 'formatted_spread': 'Texas -16.0', 'spread_open': -14.0, 'over_under': 53.5, 'over_under_open': 53.5, 'home_moneyline': -625.0, 'away_moneyline': 430.0}]",-16.0
401525900,2023,13,regular,2023-11-24T17:00:00.000Z,Oklahoma,Big 12,69.0,TCU,Big 12,45.0,"[{'provider': 'Bovada', 'spread': -10.0, 'formatted_spread': 'Oklahoma -10.0', 'spread_open': -7.0, 'over_under': 65.5, 'over_under_open': 63.0, 'home_moneyline': -400.0, 'away_moneyline': 300.0}]",-10.0
401520425,2023,13,regular,2023-11-24T17:00:00.000Z,Nebraska,Big Ten,10.0,Iowa,Big Ten,13.0,"[{'provider': 'Bovada', 'spread': -3.0, 'formatted_spread': 'Nebraska -3.0', 'spread_open': 0.0, 'over_under': 26.0, 'over_under_open': 27.5, 'home_moneyline': -120.0, 'away_moneyline': 100.0}]",-3.0
401525560,2023,13,regular,2023-11-24T17:00:00.000Z,Boston College,ACC,20.0,Miami,ACC,45.0,"[{'provider': 'Bovada', 'spread': 10.0, 'formatted_spread': 'Miami -10.0', 'spread_open': 9.0, 'over_under': 50.0, 'over_under_open': 48.5, 'home_moneyline': 275.0, 'away_moneyline': -350.0}]",10.0
401532451,2023,13,regular,2023-11-24T17:00:00.000Z,Central Michigan,Mid-American,17.0,Toledo,Mid-American,32.0,"[{'provider': 'Bovada', 'spread': 10.0, 'formatted_spread': 'Toledo -10.0', 'spread_open': 12.5, 'over_under': 54.5, 'over_under_open': 55.5, 'home_moneyline': 360.0, 'away_moneyline': -500.0}]",10.0
401532452,2023,13,regular,2023-11-24T17:00:00.000Z,Akron,Mid-American,14.0,Ohio,Mid-American,25.0,"[{'provider': 'Bovada', 'spread': 16.0, 'formatted_spread': 'Ohio -16.0', 'spread_open': 14.0, 'over_under': 42.0, 'over_under_open': 41.0, 'home_moneyline': 430.0, 'away_moneyline': -625.0}]",16.0
401532625,2023,13,regular,2023-11-24T21:00:00.000Z,Boise State,Mountain West,27.0,Air Force,Mountain West,19.0,"[{'provider': 'Bovada', 'spread': -6.5, 'formatted_spread': 'Boise State -6.5', 'spread_open': -6.0, 'over_under': 45.0, 'over_under_open': 46.0, 'home_moneyline': -220.0, 'away_moneyline': 180.0}]",-6.5
401520430,2023,13,regular,2023-11-26T00:30:00.000Z,Georgia Tech,ACC,23.0,Georgia,SEC,31.0,"[{'provider': 'Bovada', 'spread': 25.0, 'formatted_spread': 'Georgia -25.0', 'spread_open': 23.0, 'over_under': 59.5, 'over_under_open': 60.0, 'home_moneyline': 1000.0, 'away_moneyline': -2500.0}]",25.0
401520443,2023,13,regular,2023-11-25T17:00:00.000Z,UMass,FBS Independents,18.0,Connecticut,FBS Independents,31.0,"[{'provider': 'Bovada', 'spread': -2.5, 'formatted_spread': 'UMass -2.5', 'spread_open': 2.5, 'over_under': 51.0, 'over_under_open': 50.5, 'home_moneyline': None, 'away_moneyline': -130.0}]",-2.5
401525561,2023,13,regular,2023-11-25T17:00:00.000Z,Duke,ACC,30.0,Pittsburgh,ACC,19.0,"[{'provider': 'Bovada', 'spread': -4.5, 'formatted_spread': 'Duke -4.5', 'spread_open': -6.0, 'over_under': 41.0, 'over_under_open': 42.5, 'home_moneyline': -230.0, 'away_moneyline': 190.0}]",-4.5
401525906,2023,13,regular,2023-11-25T17:00:00.000Z,UCF,Big 12,27.0,Houston,Big 12,13.0,"[{'provider': 'Bovada', 'spread': -15.5, 'formatted_spread': 'UCF -15.5', 'spread_open': -13.0, 'over_under': 61.0, 'over_under_open': 60.5, 'home_moneyline': -575.0, 'away_moneyline': 400.0}]",-15.5
401531435,2023,13,regular,2023-11-25T17:00:00.000Z,SMU,American Athletic,59.0,Navy,American Athletic,14.0,"[{'provider': 'Bovada', 'spread': -20.5, 'formatted_spread': 'SMU -20.5', 'spread_open': -20.0, 'over_under': 46.0, 'over_under_open': 45.5, 'home_moneyline': -1600.0, 'away_moneyline': 800.0}]",-20.5
401531927,2023,13,regular,2023-11-25T17:00:00.000Z,Southern Mississippi,Sun Belt,17.0,Troy,Sun Belt,35.0,"[{'provider': 'Bovada', 'spread': 17.5, 'formatted_spread': 'Troy -17.5', 'spread_open': 17.0, 'over_under': 48.5, 'over_under_open': 48.0, 'home_moneyline': 550.0, 'away_moneyline': -850.0}]",17.5
401532454,2023,13,regular,2023-11-25T17:00:00.000Z,Ball State,Mid-American,15.0,Miami (OH),Mid-American,17.0,"[{'provider': 'Bovada', 'spread': 4.0, 'formatted_spread': 'Miami (OH) -4.0', 'spread_open': 7.0, 'over_under': 34.0, 'over_under_open': 36.0, 'home_moneyline': 200.0, 'away_moneyline': -240.0}]",4.0
401531421,2023,13,regular,2023-11-25T18:00:00.000Z,Rice,American Athletic,24.0,Florida Atlantic,American Athletic,21.0,"[{'provider': 'Bovada', 'spread': -3.0, 'formatted_spread': 'Rice -3.0', 'spread_open': -5.0, 'over_under': 47.0, 'over_under_open': 48.5, 'home_moneyline': -150.0, 'away_moneyline': 130.0}]",-3.0
401525563,2023,13,regular,2023-11-25T19:00:00.000Z,Syracuse,ACC,35.0,Wake Forest,ACC,31.0,"[{'provider': 'Bovada', 'spread': -2.0, 'formatted_spread': 'Syracuse -2.0', 'spread_open': -2.5, 'over_under': 43.5, 'over_under_open': 44.0, 'home_moneyline': -130.0, 'away_moneyline': 110.0}]",-2.0
401531346,2023,13,regular,2023-11-25T19:00:00.000Z,East Carolina,American Athletic,27.0,Tulsa,American Athletic,29.0,"[{'provider': 'Bovada', 'spread': -3.0, 'formatted_spread': 'East Carolina -3.0', 'spread_open': -3.0, 'over_under': 44.0, 'over_under_open': 44.5, 'home_moneyline': -165.0, 'away_moneyline': 140.0}]",-3.0
401531386,2023,13,regular,2023-11-25T19:00:00.000Z,North Texas,American Athletic,45.0,UAB,American Athletic,42.0,"[{'provider': 'Bovada', 'spread': -2.5, 'formatted_spread': 'North Texas -2.5', 'spread_open': -3.0, 'over_under': 73.5, 'over_under_open': 73.5, 'home_moneyline': -150.0, 'away_moneyline': 130.0}]",-2.5
401531925,2023,13,regular,2023-11-25T19:00:00.000Z,Old Dominion,Sun Belt,25.0,Georgia State,Sun Belt,24.0,"[{'provider': 'Bovada', 'spread': -1.5, 'formatted_spread': 'Old Dominion -1.5', 'spread_open': -2.0, 'over_under': 50.5, 'over_under_open': 54.5, 'home_moneyline': -150.0, 'away_moneyline': 130.0}]",-1.5
401524067,2023,13,regular,2023-11-25T20:00:00.000Z,Utah,Pac-12,23.0,Colorado,Pac-12,17.0,"[{'provider': 'Bovada', 'spread': -21.5, 'formatted_spread': 'Utah -21.5', 'spread_open': -22.0, 'over_under': 43.5, 'over_under_open': 52.5, 'home_moneyline': -2800.0, 'away_moneyline': 1100.0}]",-21.5
401531926,2023,13,regular,2023-11-25T20:00:00.000Z,Louisiana,Sun Belt,52.0,Louisiana Monroe,Sun Belt,21.0,"[{'provider': 'Bovada', 'spread': -12.5, 'formatted_spread': 'Louisiana -12.5', 'spread_open': -12.0, 'over_under': 53.0, 'over_under_open': 52.0, 'home_moneyline': -525.0, 'away_moneyline': 375.0}]",-12.5
401520431,2023,13,regular,2023-11-25T20:30:00.000Z,Illinois,Big Ten,43.0,Northwestern,Big Ten,45.0,"[{'provider': 'Bovada', 'spread': -6.0, 'formatted_spread': 'Illinois -6.0', 'spread_open': -5.5, 'over_under': 47.0, 'over_under_open': 47.0, 'home_moneyline': -220.0, 'away_moneyline': 180.0}]",-6.0
401520436,2023,13,regular,2023-11-25T20:30:00.000Z,Minnesota,Big Ten,14.0,Wisconsin,Big Ten,28.0,"[{'provider': 'Bovada', 'spread': 3.0, 'formatted_spread': 'Wisconsin -3.0', 'spread_open': 2.0, 'over_under': 46.0, 'over_under_open': 42.0, 'home_moneyline': 105.0, 'away_moneyline': -125.0}]",3.0
401525564,2023,13,regular,2023-11-25T20:30:00.000Z,Virginia,ACC,17.0,Virginia Tech,ACC,55.0,"[{'provider': 'Bovada', 'spread': 1.0, 'formatted_spread': 'Virginia Tech -1.0', 'spread_open': 2.5, 'over_under': 53.5, 'over_under_open': 53.0, 'home_moneyline': 105.0, 'away_moneyline': -125.0}]",1.0
401531922,2023,13,regular,2023-11-25T20:30:00.000Z,Appalachian State,Sun Belt,55.0,Georgia Southern,Sun Belt,27.0,"[{'provider': 'Bovada', 'spread': -10.5, 'formatted_spread': 'Appalachian State -10.5', 'spread_open': -8.0, 'over_under': 63.5, 'over_under_open': 63.0, 'home_moneyline': -350.0, 'away_moneyline': 275.0}]",-10.5
401531923,2023,13,regular,2023-11-25T20:30:00.000Z,Coastal Carolina,Sun Belt,14.0,James Madison,Sun Belt,56.0,"[{'provider': 'Bovada', 'spread': 4.0, 'formatted_spread': 'James Madison -4.0', 'spread_open': 9.5, 'over_under': 51.0, 'over_under_open': 50.5, 'home_moneyline': 275.0, 'away_moneyline': -350.0}]",4.0
401531924,2023,13,regular,2023-11-25T20:30:00.000Z,Marshall,Sun Belt,35.0,Arkansas State,Sun Belt,21.0,"[{'provider': 'Bovada', 'spread': 1.0, 'formatted_spread': 'Arkansas State -1.0', 'spread_open': -3.0, 'over_under': 52.0, 'over_under_open': 54.0, 'home_moneyline': -140.0, 'away_moneyline': 120.0}]",1.0
401520437,2023,13,regular,2023-11-25T21:00:00.000Z,New Mexico State,Conference USA,20.0,Jacksonville State,Conference USA,17.0,"[{'provider': 'Bovada', 'spread': 2.5, 'formatted_spread': 'Jacksonville State -2.5', 'spread_open': -2.5, 'over_under': 48.5, 'over_under_open': 50.0, 'home_moneyline': -120.0, 'away_moneyline': 100.0}]",2.5
401525902,2023,13,regular,2023-11-26T00:00:00.000Z,Baylor,Big 12,31.0,West Virginia,Big 12,34.0,"[{'provider': 'Bovada', 'spread': 13.0, 'formatted_spread': 'West Virginia -13.0', 'spread_open': 6.5, 'over_under': 54.5, 'over_under_open': 57.0, 'home_moneyline': 215.0, 'away_moneyline': -260.0}]",13.0
401531928,2023,13,regular,2023-11-26T00:00:00.000Z,Texas State,Sun Belt,52.0,South Alabama,Sun Belt,44.0,"[{'provider': 'Bovada', 'spread': 6.5, 'formatted_spread': 'South Alabama -6.5', 'spread_open': 5.0, 'over_under': 57.0, 'over_under_open': 58.0, 'home_moneyline': 180.0, 'away_moneyline': -220.0}]",6.5
401525903,2023,13,regular,2023-11-26T00:30:00.000Z,Cincinnati,Big 12,16.0,Kansas,Big 12,49.0,"[{'provider': 'Bovada', 'spread': 7.5, 'formatted_spread': 'Kansas -7.5', 'spread_open': 6.0, 'over_under': 59.0, 'over_under_open': 58.0, 'home_moneyline': 190.0, 'away_moneyline': -230.0}]",7.5
401531410,2023,13,regular,2023-11-26T00:30:00.000Z,South Florida,American Athletic,48.0,Charlotte,American Athletic,14.0,"[{'provider': 'Bovada', 'spread': -7.0, 'formatted_spread': 'South Florida -7.0', 'spread_open': -5.0, 'over_under': 57.0, 'over_under_open': 56.5, 'home_moneyline': -200.0, 'away_moneyline': 170.0}]",-7.0
401524066,2023,13,regular,2023-11-26T03:30:00.000Z,UCLA,Pac-12,7.0,California,Pac-12,33.0,"[{'provider': 'Bovada', 'spread': -9.5, 'formatted_spread': 'UCLA -9.5', 'spread_open': -10.0, 'over_under': 50.5, 'over_under_open': 52.0, 'home_moneyline': -430.0, 'away_moneyline': 320.0}]",-9.5
401532626,2023,13,regular,2023-11-26T04:00:00.000Z,Hawai'i,Mountain West,27.0,Colorado State,Mountain West,24.0,"[{'provider': 'Bovada', 'spread': 5.5, 'formatted_spread': 'Colorado State -5.5', 'spread_open': 6.0, 'over_under': 54.0, 'over_under_open': 54.5, 'home_moneyline': 180.0, 'away_moneyline': -220.0}]",5.5
401539476,2023,14,regular,2023-12-02T00:00:00.000Z,Liberty,Conference USA,49.0,New Mexico State,Conference USA,35.0,"[{'provider': 'Bovada', 'spread': -9.5, 'formatted_spread': 'Liberty -9.5', 'spread_open': -10.0, 'over_under': 58.0, 'over_under_open': 53.5, 'home_moneyline': -410.0, 'away_moneyline': 305.0}]",-9.5
401539478,2023,14,regular,2023-12-03T01:00:00.000Z,Florida State,ACC,16.0,Louisville,ACC,6.0,"[{'provider': 'Bovada', 'spread': 1.5, 'formatted_spread': 'Louisville -1.5', 'spread_open': -5.0, 'over_under': 45.5, 'over_under_open': 53.5, 'home_moneyline': -165.0, 'away_moneyline': 140.0}]",1.5
401539484,2023,14,regular,2023-12-02T21:00:00.000Z,Troy,Sun Belt,49.0,Appalachian State,Sun Belt,23.0,"[{'provider': 'Bovada', 'spread': -5.5, 'formatted_spread': 'Troy -5.5', 'spread_open': -6.5, 'over_under': 53.0, 'over_under_open': 51.5, 'home_moneyline': -240.0, 'away_moneyline': 200.0}]",-5.5
401525532,2023,8,regular,2023-10-21T19:30:00.000Z,Wake Forest,ACC,21.0,Pittsburgh,ACC,17.0,"[{'provider': 'Bovada', 'spread': 3.0, 'formatted_spread': 'Pittsburgh -3.0', 'spread_open': -1.0, 'over_under': 45.0, 'over_under_open': 47.0, 'home_moneyline': -105.0, 'away_moneyline': -115.0}]",3.0
401525872,2023,8,regular,2023-10-21T19:30:00.000Z,West Virginia,Big 12,34.0,Oklahoma State,Big 12,48.0,"[{'provider': 'Bovada', 'spread': -3.0, 'formatted_spread': 'West Virginia -3.0', 'spread_open': -3.0, 'over_under': 48.5, 'over_under_open': 50.0, 'home_moneyline': -150.0, 'away_moneyline': 130.0}]",-3.0
401532430,2023,8,regular,2023-10-21T19:30:00.000Z,Kent State,Mid-American,6.0,Buffalo,Mid-American,24.0,"[{'provider': 'Bovada', 'spread': 6.5, 'formatted_spread': 'Buffalo -6.5', 'spread_open': None, 'over_under': 44.0, 'over_under_open': 44.5, 'home_moneyline': 210.0, 'away_moneyline': -250.0}]",6.5
401531397,2023,8,regular,2023-10-21T22:00:00.000Z,Florida Atlantic,American Athletic,10.0,UT San Antonio,American Athletic,36.0,"[{'provider': 'Bovada', 'spread': 2.5, 'formatted_spread': 'UT San Antonio -2.5', 'spread_open': 3.0, 'over_under': 59.0, 'over_under_open': 59.5, 'home_moneyline': 120.0, 'away_moneyline': -140.0}]",2.5
401532600,2023,8,regular,2023-10-21T22:00:00.000Z,New Mexico,Mountain West,42.0,Hawai'i,Mountain West,21.0,"[{'provider': 'Bovada', 'spread': 1.5, 'formatted_spread': ""Hawai'i -1.5"", 'spread_open': 2.0, 'over_under': 59.5, 'over_under_open': 60.0, 'home_moneyline': 115.0, 'away_moneyline': -135.0}]",1.5
401525867,2023,8,regular,2023-10-21T23:00:00.000Z,BYU,Big 12,27.0,Texas Tech,Big 12,14.0,"[{'provider': 'Bovada', 'spread': 3.0, 'formatted_spread': 'Texas Tech -3.0', 'spread_open': 4.0, 'over_under': 50.0, 'over_under_open': 51.5, 'home_moneyline': 130.0, 'away_moneyline': -150.0}]",3.0
401525870,2023,8,regular,2023-10-21T23:00:00.000Z,Kansas State,Big 12,41.0,TCU,Big 12,3.0,"[{'provider': 'Bovada', 'spread': -5.5, 'formatted_spread': 'Kansas State -5.5', 'spread_open': -5.0, 'over_under': 60.0, 'over_under_open': 58.5, 'home_moneyline': -230.0, 'away_moneyline': 190.0}]",-5.5
401532599,2023,8,regular,2023-10-21T23:00:00.000Z,UNLV,Mountain West,25.0,Colorado State,Mountain West,23.0,"[{'provider': 'Bovada', 'spread': -6.5, 'formatted_spread': 'UNLV -6.5', 'spread_open': -8.0, 'over_under': 60.0, 'over_under_open': 63.0, 'home_moneyline': -275.0, 'away_moneyline': 225.0}]",-6.5
401532602,2023,8,regular,2023-10-21T23:00:00.000Z,San José State,Mountain West,42.0,Utah State,Mountain West,21.0,"[{'provider': 'Bovada', 'spread': -4.0, 'formatted_spread': 'San José State -4.0', 'spread_open': -3.5, 'over_under': 64.5, 'over_under_open': 65.5, 'home_moneyline': -185.0, 'away_moneyline': 160.0}]",-4.0
401532601,2023,8,regular,2023-10-22T01:00:00.000Z,San Diego State,Mountain West,0.0,Nevada,Mountain West,6.0,"[{'provider': 'Bovada', 'spread': -11.0, 'formatted_spread': 'San Diego State -11.0', 'spread_open': -12.5, 'over_under': 48.5, 'over_under_open': 47.5, 'home_moneyline': -480.0, 'away_moneyline': 350.0}]",-11.0
401520345,2023,9,regular,2023-10-24T23:00:00.000Z,Louisiana Tech,Conference USA,24.0,New Mexico State,Conference USA,27.0,"[{'provider': 'Bovada', 'spread': -3.0, 'formatted_spread': 'Louisiana Tech -3.0', 'spread_open': -2.0, 'over_under': 55.0, 'over_under_open': 51.5, 'home_moneyline': -130.0, 'away_moneyline': 110.0}]",-3.0
401520346,2023,9,regular,2023-10-24T23:30:00.000Z,Western Kentucky,Conference USA,29.0,Liberty,Conference USA,42.0,"[{'provider': 'Bovada', 'spread': 4.0, 'formatted_spread': 'Liberty -4.0', 'spread_open': 3.0, 'over_under': 61.5, 'over_under_open': 60.5, 'home_moneyline': 185.0, 'away_moneyline': -225.0}]",4.0
401520347,2023,9,regular,2023-10-25T23:00:00.000Z,Florida International,Conference USA,16.0,Jacksonville State,Conference USA,41.0,"[{'provider': 'Bovada', 'spread': 9.5, 'formatted_spread': 'Jacksonville State -9.5', 'spread_open': 7.5, 'over_under': 48.0, 'over_under_open': 44.0, 'home_moneyline': 260.0, 'away_moneyline': -320.0}]",9.5
401520348,2023,9,regular,2023-10-26T00:00:00.000Z,Sam Houston State,Conference USA,34.0,UTEP,Conference USA,37.0,"[{'provider': 'Bovada', 'spread': -4.0, 'formatted_spread': 'Sam Houston State -4.0', 'spread_open': -3.0, 'over_under': 38.0, 'over_under_open': 36.0, 'home_moneyline': -185.0, 'away_moneyline': 160.0}]",-4.0
401525533,2023,9,regular,2023-10-26T23:30:00.000Z,Virginia Tech,ACC,38.0,Syracuse,ACC,10.0,"[{'provider': 'Bovada', 'spread': -2.5, 'formatted_spread': 'Virginia Tech -2.5', 'spread_open': -3.0, 'over_under': 47.0, 'over_under_open': 47.0, 'home_moneyline': -145.0, 'away_moneyline': 125.0}]",-2.5
401531929,2023,9,regular,2023-10-26T23:30:00.000Z,Georgia Southern,Sun Belt,44.0,Georgia State,Sun Belt,27.0,"[{'provider': 'Bovada', 'spread': 1.0, 'formatted_spread': 'Georgia State -1.0', 'spread_open': -2.5, 'over_under': 63.5, 'over_under_open': 62.0, 'home_moneyline': -110.0, 'away_moneyline': -110.0}]",1.0
401531407,2023,9,regular,2023-10-27T23:30:00.000Z,Charlotte,American Athletic,16.0,Florida Atlantic,American Athletic,38.0,"[{'provider': 'Bovada', 'spread': 3.5, 'formatted_spread': 'Florida Atlantic -3.5', 'spread_open': 6.0, 'over_under': 45.0, 'over_under_open': 42.0, 'home_moneyline': 145.0, 'away_moneyline': -170.0}]",3.5
401520360,2023,9,regular,2023-10-28T23:30:00.000Z,Wisconsin,Big Ten,10.0,Ohio State,Big Ten,24.0,"[{'provider': 'Bovada', 'spread': 14.5, 'formatted_spread': 'Ohio State -14.5', 'spread_open': 9.5, 'over_under': 48.0, 'over_under_open': 44.0, 'home_moneyline': 450.0, 'away_moneyline': -650.0}]",14.5
401524043,2023,9,regular,2023-10-28T23:30:00.000Z,UCLA,Pac-12,28.0,Colorado,Pac-12,16.0,"[{'provider': 'Bovada', 'spread': -14.0, 'formatted_spread': 'UCLA -14.0', 'spread_open': -17.0, 'over_under': 60.5, 'over_under_open': 64.0, 'home_moneyline': -750.0, 'away_moneyline': 500.0}]",-14.0
401531900,2023,9,regular,2023-10-29T00:00:00.000Z,James Madison,Sun Belt,30.0,Old Dominion,Sun Belt,27.0,"[{'provider': 'Bovada', 'spread': -19.5, 'formatted_spread': 'James Madison -19.5', 'spread_open': -17.5, 'over_under': 48.0, 'over_under_open': 49.0, 'home_moneyline': -1400.0, 'away_moneyline': 750.0}]",-19.5
401525875,2023,9,regular,2023-10-28T16:00:00.000Z,Kansas State,Big 12,41.0,Houston,Big 12,0.0,"[{'provider': 'Bovada', 'spread': -18.5, 'formatted_spread': 'Kansas State -18.5', 'spread_open': -17.0, 'over_under': 60.5, 'over_under_open': 60.5, 'home_moneyline': -950.0, 'away_moneyline': 600.0}]",-18.5
401525878,2023,9,regular,2023-10-28T16:00:00.000Z,UCF,Big 12,28.0,West Virginia,Big 12,41.0,"[{'provider': 'Bovada', 'spread': -6.5, 'formatted_spread': 'UCF -6.5', 'spread_open': -6.0, 'over_under': 59.0, 'over_under_open': 59.5, 'home_moneyline': -275.0, 'away_moneyline': 225.0}]",-6.5
401531342,2023,9,regular,2023-10-28T16:00:00.000Z,SMU,American Athletic,69.0,Tulsa,American Athletic,10.0,"[{'provider': 'Bovada', 'spread': -20.5, 'formatted_spread': 'SMU -20.5', 'spread_open': -19.5, 'over_under': 55.0, 'over_under_open': 57.0, 'home_moneyline': -1300.0, 'away_moneyline': 725.0}]",-20.5
401525534,2023,9,regular,2023-10-28T18:00:00.000Z,NC State,ACC,24.0,Clemson,ACC,17.0,"[{'provider': 'Bovada', 'spread': 10.0, 'formatted_spread': 'Clemson -10.0', 'spread_open': 10.0, 'over_under': 44.5, 'over_under_open': 43.5, 'home_moneyline': 275.0, 'away_moneyline': -350.0}]",10.0
401531430,2023,9,regular,2023-10-28T19:00:00.000Z,North Texas,American Athletic,42.0,Memphis,American Athletic,45.0,"[{'provider': 'Bovada', 'spread': 6.5, 'formatted_spread': 'Memphis -6.5', 'spread_open': 7.5, 'over_under': 69.5, 'over_under_open': 67.5, 'home_moneyline': 220.0, 'away_moneyline': -270.0}]",6.5
401520354,2023,9,regular,2023-10-28T19:30:00.000Z,Minnesota,Big Ten,27.0,Michigan State,Big Ten,12.0,"[{'provider': 'Bovada', 'spread': -6.5, 'formatted_spread': 'Minnesota -6.5', 'spread_open': -7.0, 'over_under': 41.0, 'over_under_open': 40.5, 'home_moneyline': -270.0, 'away_moneyline': 220.0}]",-6.5
401520355,2023,9,regular,2023-10-28T19:30:00.000Z,Nebraska,Big Ten,31.0,Purdue,Big Ten,14.0,"[{'provider': 'Bovada', 'spread': 1.5, 'formatted_spread': 'Purdue -1.5', 'spread_open': -3.0, 'over_under': 39.5, 'over_under_open': 42.0, 'home_moneyline': 100.0, 'away_moneyline': -120.0}]",1.5
401525538,2023,9,regular,2023-10-28T19:30:00.000Z,Miami,ACC,29.0,Virginia,ACC,26.0,"[{'provider': 'Bovada', 'spread': -19.0, 'formatted_spread': 'Miami -19.0', 'spread_open': -18.0, 'over_under': 48.0, 'over_under_open': 50.0, 'home_moneyline': -1100.0, 'away_moneyline': 650.0}]",-19.0
401525873,2023,9,regular,2023-10-28T19:30:00.000Z,Baylor,Big 12,18.0,Iowa State,Big 12,30.0,"[{'provider': 'Bovada', 'spread': 3.0, 'formatted_spread': 'Iowa State -3.0', 'spread_open': -1.5, 'over_under': 46.5, 'over_under_open': 47.0, 'home_moneyline': 130.0, 'away_moneyline': -150.0}]",3.0
401531398,2023,9,regular,2023-10-28T19:30:00.000Z,UT San Antonio,American Athletic,41.0,East Carolina,American Athletic,27.0,"[{'provider': 'Bovada', 'spread': -17.5, 'formatted_spread': 'UT San Antonio -17.5', 'spread_open': -17.5, 'over_under': 48.0, 'over_under_open': 46.0, 'home_moneyline': -1000.0, 'away_moneyline': 625.0}]",-17.5
401531898,2023,9,regular,2023-10-28T19:30:00.000Z,Appalachian State,Sun Belt,48.0,Southern Mississippi,Sun Belt,38.0,"[{'provider': 'Bovada', 'spread': -16.0, 'formatted_spread': 'Appalachian State -16.0', 'spread_open': -17.0, 'over_under': 55.5, 'over_under_open': 55.5, 'home_moneyline': -850.0, 'away_moneyline': 550.0}]",-16.0
401532432,2023,9,regular,2023-10-28T19:30:00.000Z,Ohio,Mid-American,16.0,Miami (OH),Mid-American,30.0,"[{'provider': 'Bovada', 'spread': -7.5, 'formatted_spread': 'Ohio -7.5', 'spread_open': -7.0, 'over_under': 39.0, 'over_under_open': 40.0, 'home_moneyline': -300.0, 'away_moneyline': 250.0}]",-7.5
401531901,2023,9,regular,2023-10-28T21:00:00.000Z,Louisiana Monroe,Sun Belt,24.0,Arkansas State,Sun Belt,34.0,"[{'provider': 'Bovada', 'spread': -1.0, 'formatted_spread': 'Louisiana Monroe -1.0', 'spread_open': -1.5, 'over_under': 55.5, 'over_under_open': 58.5, 'home_moneyline': -120.0, 'away_moneyline': 100.0}]",-1.0
401531902,2023,9,regular,2023-10-28T21:00:00.000Z,South Alabama,Sun Belt,20.0,Louisiana,Sun Belt,33.0,"[{'provider': 'Bovada', 'spread': -11.5, 'formatted_spread': 'South Alabama -11.5', 'spread_open': -9.5, 'over_under': 55.0, 'over_under_open': 52.0, 'home_moneyline': -440.0, 'away_moneyline': 330.0}]",-11.5
401532607,2023,9,regular,2023-10-28T21:30:00.000Z,Boise State,Mountain West,32.0,Wyoming,Mountain West,7.0,"[{'provider': 'Bovada', 'spread': -4.5, 'formatted_spread': 'Boise State -4.5', 'spread_open': -5.0, 'over_under': 48.5, 'over_under_open': 49.0, 'home_moneyline': -185.0, 'away_moneyline': 160.0}]",-4.5
401531903,2023,9,regular,2023-10-28T23:00:00.000Z,Texas State,Sun Belt,13.0,Troy,Sun Belt,31.0,"[{'provider': 'Bovada', 'spread': 6.5, 'formatted_spread': 'Troy -6.5', 'spread_open': 5.5, 'over_under': 53.5, 'over_under_open': 52.5, 'home_moneyline': 220.0, 'away_moneyline': -270.0}]",6.5
401524040,2023,9,regular,2023-10-29T00:00:00.000Z,Arizona State,Pac-12,38.0,Washington State,Pac-12,27.0,"[{'provider': 'Bovada', 'spread': 4.0, 'formatted_spread': 'Washington State -4.0', 'spread_open': 6.5, 'over_under': 48.5, 'over_under_open': 51.5, 'home_moneyline': 175.0, 'away_moneyline': -210.0}]",4.0
401525876,2023,9,regular,2023-10-29T00:00:00.000Z,Oklahoma State,Big 12,45.0,Cincinnati,Big 12,13.0,"[{'provider': 'Bovada', 'spread': -7.5, 'formatted_spread': 'Oklahoma State -7.5', 'spread_open': -8.0, 'over_under': 53.0, 'over_under_open': 54.5, 'home_moneyline': -310.0, 'away_moneyline': 255.0}]",-7.5
401532604,2023,9,regular,2023-10-29T02:30:00.000Z,Nevada,Mountain West,34.0,New Mexico,Mountain West,24.0,"[{'provider': 'Bovada', 'spread': 1.0, 'formatted_spread': 'New Mexico -1.0', 'spread_open': -1.0, 'over_under': 49.5, 'over_under_open': 51.0, 'home_moneyline': 100.0, 'away_moneyline': -120.0}]",1.0
401532606,2023,9,regular,2023-10-29T02:30:00.000Z,Fresno State,Mountain West,31.0,UNLV,Mountain West,24.0,"[{'provider': 'Bovada', 'spread': -10.5, 'formatted_spread': 'Fresno State -10.5', 'spread_open': -8.5, 'over_under': 55.5, 'over_under_open': 58.5, 'home_moneyline': -340.0, 'away_moneyline': 270.0}]",-10.5
401532605,2023,9,regular,2023-10-29T03:59:00.000Z,Hawai'i,Mountain West,0.0,San José State,Mountain West,35.0,"[{'provider': 'Bovada', 'spread': 10.0, 'formatted_spread': 'San José State -10.0', 'spread_open': 8.5, 'over_under': 57.0, 'over_under_open': 61.0, 'home_moneyline': 315.0, 'away_moneyline': -420.0}]",10.0
401532433,2023,10,regular,2023-10-31T23:00:00.000Z,Central Michigan,Mid-American,37.0,Northern Illinois,Mid-American,31.0,"[{'provider': 'Bovada', 'spread': 6.5, 'formatted_spread': 'Northern Illinois -6.5', 'spread_open': 3.5, 'over_under': 48.0, 'over_under_open': 45.5, 'home_moneyline': 180.0, 'away_moneyline': -220.0}]",6.5
401532434,2023,10,regular,2023-10-31T23:30:00.000Z,Toledo,Mid-American,31.0,Buffalo,Mid-American,13.0,"[{'provider': 'Bovada', 'spread': -14.5, 'formatted_spread': 'Toledo -14.5', 'spread_open': -15.5, 'over_under': 47.0, 'over_under_open': 52.5, 'home_moneyline': -750.0, 'away_moneyline': 500.0}]",-14.5
401532435,2023,10,regular,2023-11-01T23:00:00.000Z,Bowling Green,Mid-American,24.0,Ball State,Mid-American,21.0,"[{'provider': 'Bovada', 'spread': -4.5, 'formatted_spread': 'Bowling Green -4.5', 'spread_open': -6.5, 'over_under': 39.5, 'over_under_open': 39.5, 'home_moneyline': -220.0, 'away_moneyline': 180.0}]",-4.5
401532436,2023,10,regular,2023-11-01T23:30:00.000Z,Akron,Mid-American,31.0,Kent State,Mid-American,27.0,"[{'provider': 'Bovada', 'spread': -3.5, 'formatted_spread': 'Akron -3.5', 'spread_open': -4.5, 'over_under': 39.0, 'over_under_open': 39.0, 'home_moneyline': -170.0, 'away_moneyline': 145.0}]",-3.5
401525879,2023,10,regular,2023-11-02T23:00:00.000Z,Texas Tech,Big 12,35.0,TCU,Big 12,28.0,"[{'provider': 'Bovada', 'spread': -2.5, 'formatted_spread': 'Texas Tech -2.5', 'spread_open': -3.0, 'over_under': 59.0, 'over_under_open': 59.0, 'home_moneyline': -150.0, 'away_moneyline': 130.0}]",-2.5
401525539,2023,10,regular,2023-11-02T23:30:00.000Z,Duke,ACC,24.0,Wake Forest,ACC,21.0,"[{'provider': 'Bovada', 'spread': -7.0, 'formatted_spread': 'Duke -7.0', 'spread_open': -12.5, 'over_under': 41.0, 'over_under_open': 45.5, 'home_moneyline': -270.0, 'away_moneyline': 220.0}]",-7.0
401524046,2023,10,regular,2023-11-05T02:00:00.000Z,Colorado,Pac-12,19.0,Oregon State,Pac-12,26.0,"[{'provider': 'Bovada', 'spread': 13.0, 'formatted_spread': 'Oregon State -13.0', 'spread_open': -23.5, 'over_under': 60.5, 'over_under_open': 59.0, 'home_moneyline': 390.0, 'away_moneyline': -550.0}]",13.0
401520377,2023,10,regular,2023-11-04T16:00:00.000Z,Tennessee,SEC,59.0,Connecticut,FBS Independents,3.0,"[{'provider': 'Bovada', 'spread': -35.0, 'formatted_spread': 'Tennessee -35.0', 'spread_open': -35.5, 'over_under': 55.5, 'over_under_open': 53.0, 'home_moneyline': None, 'away_moneyline': None}]",-35.0
401524049,2023,10,regular,2023-11-04T18:00:00.000Z,Utah,Pac-12,55.0,Arizona State,Pac-12,3.0,"[{'provider': 'Bovada', 'spread': -10.5, 'formatted_spread': 'Utah -10.5', 'spread_open': -11.5, 'over_under': 39.0, 'over_under_open': 41.5, 'home_moneyline': -430.0, 'away_moneyline': 320.0}]",-10.5
401524045,2023,10,regular,2023-11-05T02:30:00.000Z,Arizona,Pac-12,27.0,UCLA,Pac-12,10.0,"[{'provider': 'Bovada', 'spread': 2.5, 'formatted_spread': 'UCLA -2.5', 'spread_open': 2.5, 'over_under': 49.0, 'over_under_open': 53.5, 'home_moneyline': 120.0, 'away_moneyline': -140.0}]",2.5
401525882,2023,10,regular,2023-11-04T23:00:00.000Z,Iowa State,Big 12,21.0,Kansas,Big 12,28.0,"[{'provider': 'Bovada', 'spread': -2.5, 'formatted_spread': 'Iowa State -2.5', 'spread_open': -2.5, 'over_under': 53.5, 'over_under_open': 54.0, 'home_moneyline': -135.0, 'away_moneyline': 115.0}]",-2.5
401520361,2023,10,regular,2023-11-04T18:30:00.000Z,Air Force,Mountain West,3.0,Army,FBS Independents,23.0,"[{'provider': 'Bovada', 'spread': -18.0, 'formatted_spread': 'Air Force -18.0', 'spread_open': -19.0, 'over_under': 32.0, 'over_under_open': 35.0, 'home_moneyline': -1200.0, 'away_moneyline': 700.0}]",-18.0
401520365,2023,10,regular,2023-11-04T16:00:00.000Z,Indiana,Big Ten,20.0,Wisconsin,Big Ten,14.0,"[{'provider': 'Bovada', 'spread': 9.5, 'formatted_spread': 'Wisconsin -9.5', 'spread_open': 9.5, 'over_under': 45.5, 'over_under_open': 44.5, 'home_moneyline': 275.0, 'away_moneyline': -350.0}]",9.5
401520376,2023,10,regular,2023-11-04T16:00:00.000Z,South Carolina,SEC,38.0,Jacksonville State,Conference USA,28.0,"[{'provider': 'Bovada', 'spread': -15.5, 'formatted_spread': 'South Carolina -15.5', 'spread_open': -14.5, 'over_under': 55.0, 'over_under_open': 55.0, 'home_moneyline': -700.0, 'away_moneyline': 475.0}]",-15.5
401525542,2023,10,regular,2023-11-04T18:00:00.000Z,Virginia,ACC,17.0,Georgia Tech,ACC,45.0,"[{'provider': 'Bovada', 'spread': -1.0, 'formatted_spread': 'Virginia -1.0', 'spread_open': -2.5, 'over_under': 56.0, 'over_under_open': 54.5, 'home_moneyline': -125.0, 'away_moneyline': 105.0}]",-1.0
401540432,2023,8,regular,2023-10-20T00:00:00.000Z,Northwestern State,Southland,20.0,Southeastern Louisiana,Southland,37.0,"[{'provider': 'Bovada', 'spread': 12.5, 'formatted_spread': 'Southeastern Louisiana -12.5', 'spread_open': 12.0, 'over_under': 51.0, 'over_under_open': 51.0, 'home_moneyline': None, 'away_moneyline': None}]",12.5
401540115,2023,1,regular,2023-09-02T22:00:00.000Z,Alabama State,SWAC,14.0,Southern,SWAC,10.0,"[{'provider': 'Bovada', 'spread': 2.5, 'formatted_spread': 'Southern -2.5', 'spread_open': 6.0, 'over_under': 42.5, 'over_under_open': 42.5, 'home_moneyline': 200.0, 'away_moneyline': -240.0}]",2.5
401520153,2023,1,regular,2023-09-02T22:30:00.000Z,Florida International,Conference USA,14.0,Maine,CAA,12.0,"[{'provider': 'Bovada', 'spread': -15.0, 'formatted_spread': 'Florida International -15.0', 'spread_open': -10.0, 'over_under': 46.5, 'over_under_open': 49.5, 'home_moneyline': -415.0, 'away_moneyline': 310.0}]",-15.0
401520178,2023,1,regular,2023-09-02T23:00:00.000Z,Vanderbilt,SEC,47.0,Alabama A&M,SWAC,13.0,"[{'provider': 'Bovada', 'spread': -35.0, 'formatted_spread': 'Vanderbilt -35.0', 'spread_open': -36.0, 'over_under': 53.5, 'over_under_open': 57.0, 'home_moneyline': None, 'away_moneyline': None}]",-35.0
401520152,2023,1,regular,2023-09-03T02:15:00.000Z,BYU,Big 12,14.0,Sam Houston State,Conference USA,0.0,"[{'provider': 'Bovada', 'spread': -20.0, 'formatted_spread': 'BYU -20.0', 'spread_open': -20.0, 'over_under': 46.5, 'over_under_open': 51.0, 'home_moneyline': -2000.0, 'away_moneyline': 950.0}]",-20.0
401525494,2023,2,regular,2023-09-09T17:00:00.000Z,Georgia Tech,ACC,48.0,South Carolina State,MEAC,13.0,"[{'provider': 'Bovada', 'spread': -41.0, 'formatted_spread': 'Georgia Tech -41.0', 'spread_open': -41.0, 'over_under': 52.5, 'over_under_open': 52.5, 'home_moneyline': None, 'away_moneyline': None}]",-41.0
401523989,2023,1,regular,2023-09-03T02:00:00.000Z,Arizona,Pac-12,38.0,Northern Arizona,Big Sky,3.0,"[{'provider': 'Bovada', 'spread': -28.5, 'formatted_spread': 'Arizona -28.5', 'spread_open': -28.0, 'over_under': 61.0, 'over_under_open': 60.0, 'home_moneyline': None, 'away_moneyline': None}]",-28.5
401540508,2023,1,regular,2023-09-02T17:00:00.000Z,Stonehill,NEC,17.0,New Hampshire,CAA,51.0,"[{'provider': 'Bovada', 'spread': 21.0, 'formatted_spread': 'New Hampshire -21.0', 'spread_open': 21.0, 'over_under': 53.0, 'over_under_open': 53.0, 'home_moneyline': None, 'away_moneyline': None}]",21.0
401531377,2023,1,regular,2023-09-01T00:00:00.000Z,UAB,American Athletic,35.0,North Carolina A&T,CAA,6.0,"[{'provider': 'Bovada', 'spread': -24.0, 'formatted_spread': 'UAB -24.0', 'spread_open': -22.5, 'over_under': 50.5, 'over_under_open': 50.5, 'home_moneyline': -2200.0, 'away_moneyline': 1000.0}]",-24.0
401532571,2023,1,regular,2023-09-03T02:30:00.000Z,San Diego State,Mountain West,36.0,Idaho State,Big Sky,28.0,"[{'provider': 'Bovada', 'spread': -34.5, 'formatted_spread': 'San Diego State -34.5', 'spread_open': -34.0, 'over_under': 51.5, 'over_under_open': 46.5, 'home_moneyline': None, 'away_moneyline': None}]",-34.5
401540148,2023,1,regular,2023-09-03T19:00:00.000Z,Florida A&M,SWAC,28.0,Jackson State,SWAC,10.0,"[{'provider': 'Bovada', 'spread': 3.5, 'formatted_spread': 'Jackson State -3.5', 'spread_open': 4.5, 'over_under': 47.5, 'over_under_open': 49.0, 'home_moneyline': 160.0, 'away_moneyline': -185.0}]",3.5
401540200,2023,1,regular,2023-09-02T23:00:00.000Z,North Alabama,UAC,41.0,Chattanooga,Southern,27.0,"[{'provider': 'Bovada', 'spread': 19.5, 'formatted_spread': 'Chattanooga -19.5', 'spread_open': 21.0, 'over_under': 52.5, 'over_under_open': 53.0, 'home_moneyline': None, 'away_moneyline': None}]",19.5
401531839,2023,1,regular,2023-09-02T23:30:00.000Z,Louisiana,Sun Belt,38.0,Northwestern State,Southland,13.0,"[{'provider': 'Bovada', 'spread': -35.0, 'formatted_spread': 'Louisiana -35.0', 'spread_open': -35.0, 'over_under': 54.5, 'over_under_open': 54.5, 'home_moneyline': None, 'away_moneyline': None}]",-35.0
401525466,2023,1,regular,2023-09-02T20:00:00.000Z,Syracuse,ACC,65.0,Colgate,Patriot,0.0,"[{'provider': 'Bovada', 'spread': -40.0, 'formatted_spread': 'Syracuse -40.0', 'spread_open': -37.0, 'over_under': 49.5, 'over_under_open': 49.5, 'home_moneyline': None, 'away_moneyline': None}]",-40.0
401540057,2023,1,regular,2023-09-02T16:30:00.000Z,Georgetown,Patriot,49.0,Marist,Pioneer,7.0,"[{'provider': 'Bovada', 'spread': -7.0, 'formatted_spread': 'Georgetown -7.0', 'spread_open': -7.5, 'over_under': 46.0, 'over_under_open': 50.0, 'home_moneyline': None, 'away_moneyline': None}]",-7.0
401520177,2023,1,regular,2023-09-03T01:00:00.000Z,UTEP,Conference USA,28.0,Incarnate Word,Southland,14.0,"[{'provider': 'Bovada', 'spread': -7.5, 'formatted_spread': 'UTEP -7.5', 'spread_open': -7.0, 'over_under': 57.5, 'over_under_open': 57.5, 'home_moneyline': -280.0, 'away_moneyline': 230.0}]",-7.5
401520150,2023,1,regular,2023-09-02T20:00:00.000Z,Arkansas,SEC,56.0,Western Carolina,Southern,13.0,"[{'provider': 'Bovada', 'spread': -38.0, 'formatted_spread': 'Arkansas -38.0', 'spread_open': -35.0, 'over_under': 61.5, 'over_under_open': 61.5, 'home_moneyline': -20000.0, 'away_moneyline': 1800.0}]",-38.0
401524002,2023,2,regular,2023-09-09T23:00:00.000Z,Texas Tech,Big 12,30.0,Oregon,Pac-12,38.0,"[{'provider': 'Bovada', 'spread': 4.5, 'formatted_spread': 'Oregon -4.5', 'spread_open': 7.5, 'over_under': 68.5, 'over_under_open': 67.0, 'home_moneyline': 205.0, 'away_moneyline': -245.0}]",4.5
401520187,2023,2,regular,2023-09-09T23:00:00.000Z,Coastal Carolina,Sun Belt,30.0,Jacksonville State,Conference USA,16.0,"[{'provider': 'Bovada', 'spread': -14.0, 'formatted_spread': 'Coastal Carolina -14.0', 'spread_open': -13.0, 'over_under': 61.0, 'over_under_open': 56.5, 'home_moneyline': -550.0, 'away_moneyline': 390.0}]",-14.0
401520206,2023,2,regular,2023-09-09T23:00:00.000Z,Missouri,SEC,23.0,Middle Tennessee,Conference USA,19.0,"[{'provider': 'Bovada', 'spread': -21.0, 'formatted_spread': 'Missouri -21.0', 'spread_open': -20.5, 'over_under': 47.0, 'over_under_open': 51.0, 'home_moneyline': -1600.0, 'away_moneyline': 800.0}]",-21.0
401525827,2023,2,regular,2023-09-09T23:00:00.000Z,Boise State,Mountain West,16.0,UCF,Big 12,18.0,"[{'provider': 'Bovada', 'spread': 3.0, 'formatted_spread': 'UCF -3.0', 'spread_open': 2.0, 'over_under': 58.5, 'over_under_open': 58.5, 'home_moneyline': 135.0, 'away_moneyline': -160.0}]",3.0
401525831,2023,2,regular,2023-09-09T23:00:00.000Z,Rice,American Athletic,43.0,Houston,Big 12,41.0,"[{'provider': 'Bovada', 'spread': 7.0, 'formatted_spread': 'Houston -7.0', 'spread_open': 9.0, 'over_under': 51.0, 'over_under_open': 52.5, 'home_moneyline': 275.0, 'away_moneyline': -350.0}]",7.0
401531427,2023,2,regular,2023-09-09T23:00:00.000Z,Arkansas State,Sun Belt,3.0,Memphis,American Athletic,37.0,"[{'provider': 'Bovada', 'spread': 21.0, 'formatted_spread': 'Memphis -21.0', 'spread_open': 21.5, 'over_under': 57.5, 'over_under_open': 58.5, 'home_moneyline': 800.0, 'away_moneyline': -1600.0}]",21.0
401520211,2023,2,regular,2023-09-10T00:00:00.000Z,Sam Houston State,Conference USA,3.0,Air Force,Mountain West,13.0,"[{'provider': 'Bovada', 'spread': 12.5, 'formatted_spread': 'Air Force -12.5', 'spread_open': 15.0, 'over_under': 36.5, 'over_under_open': 37.0, 'home_moneyline': 475.0, 'away_moneyline': -700.0}]",12.5
401531412,2023,3,regular,2023-09-16T19:30:00.000Z,Appalachian State,Sun Belt,43.0,East Carolina,American Athletic,28.0,"[{'provider': 'Bovada', 'spread': -7.5, 'formatted_spread': 'Appalachian State -7.5', 'spread_open': -9.5, 'over_under': 48.0, 'over_under_open': 50.5, 'home_moneyline': -370.0, 'away_moneyline': 285.0}]",-7.5
401520245,2023,3,regular,2023-09-16T20:00:00.000Z,Texas A&M,SEC,47.0,Louisiana Monroe,Sun Belt,3.0,"[{'provider': 'Bovada', 'spread': -36.5, 'formatted_spread': 'Texas A&M -36.5', 'spread_open': -32.0, 'over_under': 53.5, 'over_under_open': 53.5, 'home_moneyline': -20000.0, 'away_moneyline': 2500.0}]",-36.5
401531348,2023,3,regular,2023-09-16T20:00:00.000Z,Southern Mississippi,Sun Belt,3.0,Tulane,American Athletic,21.0,"[{'provider': 'Bovada', 'spread': 7.5, 'formatted_spread': 'Tulane -7.5', 'spread_open': 11.0, 'over_under': 47.5, 'over_under_open': 52.5, 'home_moneyline': 360.0, 'away_moneyline': -500.0}]",7.5
401531403,2023,3,regular,2023-09-16T22:00:00.000Z,Charlotte,American Athletic,25.0,Georgia State,Sun Belt,41.0,"[{'provider': 'Bovada', 'spread': 6.0, 'formatted_spread': 'Georgia State -6.0', 'spread_open': 8.5, 'over_under': 52.0, 'over_under_open': 55.5, 'home_moneyline': 205.0, 'away_moneyline': -245.0}]",6.0
401520224,2023,3,regular,2023-09-16T23:00:00.000Z,Florida,SEC,29.0,Tennessee,SEC,16.0,"[{'provider': 'Bovada', 'spread': 5.0, 'formatted_spread': 'Tennessee -5.0', 'spread_open': 7.5, 'over_under': 56.0, 'over_under_open': 57.5, 'home_moneyline': 215.0, 'away_moneyline': -260.0}]",5.0
401525835,2023,3,regular,2023-09-16T23:00:00.000Z,Cincinnati,Big 12,24.0,Miami (OH),Mid-American,31.0,"[{'provider': 'Bovada', 'spread': -14.0, 'formatted_spread': 'Cincinnati -14.0', 'spread_open': -16.5, 'over_under': 44.0, 'over_under_open': 47.5, 'home_moneyline': -625.0, 'away_moneyline': 430.0}]",-14.0
401525839,2023,3,regular,2023-09-16T23:00:00.000Z,Oklahoma State,Big 12,7.0,South Alabama,Sun Belt,33.0,"[{'provider': 'Bovada', 'spread': -7.0, 'formatted_spread': 'Oklahoma State -7.0', 'spread_open': -9.0, 'over_under': 49.0, 'over_under_open': 47.5, 'home_moneyline': -290.0, 'away_moneyline': 240.0}]",-7.0
401531379,2023,3,regular,2023-09-16T23:00:00.000Z,UAB,American Athletic,21.0,Louisiana,Sun Belt,41.0,"[{'provider': 'Bovada', 'spread': -2.0, 'formatted_spread': 'UAB -2.0', 'spread_open': -1.0, 'over_under': 59.0, 'over_under_open': 58.0, 'home_moneyline': -130.0, 'away_moneyline': 100.0}]",-2.0
401531848,2023,3,regular,2023-09-16T23:00:00.000Z,Troy,Sun Belt,14.0,James Madison,Sun Belt,16.0,"[{'provider': 'Bovada', 'spread': -2.5, 'formatted_spread': 'Troy -2.5', 'spread_open': -1.0, 'over_under': 46.0, 'over_under_open': 49.5, 'home_moneyline': -125.0, 'away_moneyline': 105.0}]",-2.5
401532403,2023,3,regular,2023-09-16T23:00:00.000Z,Toledo,Mid-American,21.0,San José State,Mountain West,17.0,"[{'provider': 'Bovada', 'spread': -9.0, 'formatted_spread': 'Toledo -9.0', 'spread_open': -7.5, 'over_under': 56.5, 'over_under_open': 57.0, 'home_moneyline': -300.0, 'away_moneyline': 250.0}]",-9.0
401520220,2023,3,regular,2023-09-16T23:30:00.000Z,Arkansas,SEC,31.0,BYU,Big 12,38.0,"[{'provider': 'Bovada', 'spread': -7.5, 'formatted_spread': 'Arkansas -7.5', 'spread_open': -10.0, 'over_under': 47.5, 'over_under_open': 52.0, 'home_moneyline': -390.0, 'away_moneyline': 295.0}]",-7.5
401525840,2023,3,regular,2023-09-17T00:00:00.000Z,Texas,Big 12,31.0,Wyoming,Mountain West,10.0,"[{'provider': 'Bovada', 'spread': -31.0, 'formatted_spread': 'Texas -31.0', 'spread_open': -28.0, 'over_under': 48.5, 'over_under_open': 49.0, 'home_moneyline': -10000.0, 'away_moneyline': 1600.0}]",-31.0
401524008,2023,3,regular,2023-09-17T00:00:00.000Z,Oregon,Pac-12,55.0,Hawai'i,Mountain West,10.0,"[{'provider': 'Bovada', 'spread': -38.0, 'formatted_spread': 'Oregon -38.0', 'spread_open': -37.0, 'over_under': 68.0, 'over_under_open': 68.0, 'home_moneyline': None, 'away_moneyline': None}]",-38.0
401524007,2023,3,regular,2023-09-17T02:00:00.000Z,Colorado,Pac-12,43.0,Colorado State,Mountain West,35.0,"[{'provider': 'Bovada', 'spread': -24.0, 'formatted_spread': 'Colorado -24.0', 'spread_open': -21.0, 'over_under': 63.5, 'over_under_open': 59.5, 'home_moneyline': -2200.0, 'away_moneyline': 1000.0}]",-24.0
401540235,2023,1,regular,2023-09-02T19:30:00.000Z,North Dakota State,MVFC,35.0,Eastern Washington,Big Sky,10.0,"[{'provider': 'Bovada', 'spread': -23.0, 'formatted_spread': 'North Dakota State -23.0', 'spread_open': -20.5, 'over_under': 59.0, 'over_under_open': 59.0, 'home_moneyline': None, 'away_moneyline': None}]",-23.0
401520263,2023,4,regular,2023-09-23T19:30:00.000Z,Nebraska,Big Ten,28.0,Louisiana Tech,Conference USA,14.0,"[{'provider': 'Bovada', 'spread': -21.0, 'formatted_spread': 'Nebraska -21.0', 'spread_open': -19.5, 'over_under': 45.0, 'over_under_open': 48.5, 'home_moneyline': -1000.0, 'away_moneyline': 625.0}]",-21.0
401520264,2023,4,regular,2023-09-23T23:30:00.000Z,Northwestern,Big Ten,37.0,Minnesota,Big Ten,34.0,"[{'provider': 'Bovada', 'spread': 10.5, 'formatted_spread': 'Minnesota -10.5', 'spread_open': 13.0, 'over_under': 39.5, 'over_under_open': 39.0, 'home_moneyline': 350.0, 'away_moneyline': -480.0}]",10.5
401520267,2023,4,regular,2023-09-23T23:30:00.000Z,South Carolina,SEC,37.0,Mississippi State,SEC,30.0,"[{'provider': 'Bovada', 'spread': -6.0, 'formatted_spread': 'South Carolina -6.0', 'spread_open': -5.0, 'over_under': 47.0, 'over_under_open': 51.0, 'home_moneyline': -210.0, 'away_moneyline': 175.0}]",-6.0
401520268,2023,4,regular,2023-09-23T16:00:00.000Z,Syracuse,ACC,29.0,Army,FBS Independents,16.0,"[{'provider': 'Bovada', 'spread': -13.0, 'formatted_spread': 'Syracuse -13.0', 'spread_open': -13.0, 'over_under': 50.5, 'over_under_open': 50.5, 'home_moneyline': -550.0, 'away_moneyline': 390.0}]",-13.0
401520274,2023,4,regular,2023-09-23T16:00:00.000Z,Vanderbilt,SEC,28.0,Kentucky,SEC,45.0,"[{'provider': 'Bovada', 'spread': 13.0, 'formatted_spread': 'Kentucky -13.0', 'spread_open': 13.5, 'over_under': 50.0, 'over_under_open': 51.0, 'home_moneyline': 400.0, 'away_moneyline': -575.0}]",13.0
401524016,2023,4,regular,2023-09-23T23:00:00.000Z,Stanford,Pac-12,20.0,Arizona,Pac-12,21.0,"[{'provider': 'Bovada', 'spread': 13.0, 'formatted_spread': 'Arizona -13.0', 'spread_open': 10.0, 'over_under': 59.5, 'over_under_open': 59.0, 'home_moneyline': 290.0, 'away_moneyline': -380.0}]",13.0
401525506,2023,4,regular,2023-09-23T19:30:00.000Z,Louisville,ACC,56.0,Boston College,ACC,28.0,"[{'provider': 'Bovada', 'spread': -13.5, 'formatted_spread': 'Louisville -13.5', 'spread_open': -13.5, 'over_under': 53.5, 'over_under_open': 55.0, 'home_moneyline': -625.0, 'away_moneyline': 430.0}]",-13.5
401525508,2023,4,regular,2023-09-23T22:30:00.000Z,Wake Forest,ACC,16.0,Georgia Tech,ACC,30.0,"[{'provider': 'Bovada', 'spread': -3.5, 'formatted_spread': 'Wake Forest -3.5', 'spread_open': -7.0, 'over_under': 58.5, 'over_under_open': 60.5, 'home_moneyline': -240.0, 'away_moneyline': 200.0}]",-3.5
401525509,2023,4,regular,2023-09-23T19:30:00.000Z,Temple,American Athletic,7.0,Miami,ACC,41.0,"[{'provider': 'Bovada', 'spread': 23.5, 'formatted_spread': 'Miami -23.5', 'spread_open': 25.0, 'over_under': 46.0, 'over_under_open': 52.5, 'home_moneyline': 1100.0, 'away_moneyline': -3300.0}]",23.5
401525511,2023,4,regular,2023-09-23T16:00:00.000Z,Marshall,Sun Belt,24.0,Virginia Tech,ACC,17.0,"[{'provider': 'Bovada', 'spread': -6.0, 'formatted_spread': 'Marshall -6.0', 'spread_open': -7.5, 'over_under': 41.5, 'over_under_open': 41.5, 'home_moneyline': -300.0, 'away_moneyline': 250.0}]",-6.0
401525846,2023,4,regular,2023-09-23T20:00:00.000Z,Iowa State,Big 12,34.0,Oklahoma State,Big 12,27.0,"[{'provider': 'Bovada', 'spread': -3.5, 'formatted_spread': 'Iowa State -3.5', 'spread_open': -2.5, 'over_under': 36.0, 'over_under_open': 37.0, 'home_moneyline': -150.0, 'away_moneyline': 130.0}]",-3.5
401525847,2023,4,regular,2023-09-23T19:30:00.000Z,Kansas,Big 12,38.0,BYU,Big 12,27.0,"[{'provider': 'Bovada', 'spread': -9.5, 'formatted_spread': 'Kansas -9.5', 'spread_open': -8.0, 'over_under': 54.5, 'over_under_open': 55.5, 'home_moneyline': -320.0, 'away_moneyline': 260.0}]",-9.5
401525849,2023,4,regular,2023-09-23T16:00:00.000Z,TCU,Big 12,34.0,SMU,American Athletic,17.0,"[{'provider': 'Bovada', 'spread': -7.0, 'formatted_spread': 'TCU -7.0', 'spread_open': -6.0, 'over_under': 63.0, 'over_under_open': 64.0, 'home_moneyline': -230.0, 'away_moneyline': 190.0}]",-7.0
401525850,2023,4,regular,2023-09-23T19:30:00.000Z,West Virginia,Big 12,20.0,Texas Tech,Big 12,13.0,"[{'provider': 'Bovada', 'spread': 5.5, 'formatted_spread': 'Texas Tech -5.5', 'spread_open': 5.0, 'over_under': 54.5, 'over_under_open': 55.0, 'home_moneyline': 170.0, 'away_moneyline': -200.0}]",5.5
401526835,2023,4,regular,2023-09-23T19:30:00.000Z,UMass,FBS Independents,31.0,New Mexico,Mountain West,34.0,"[{'provider': 'Bovada', 'spread': -3.5, 'formatted_spread': 'UMass -3.5', 'spread_open': -1.0, 'over_under': 48.5, 'over_under_open': 49.5, 'home_moneyline': -130.0, 'away_moneyline': 110.0}]",-3.5
401520257,2023,4,regular,2023-09-23T21:00:00.000Z,Jacksonville State,Conference USA,21.0,Eastern Michigan,Mid-American,0.0,"[{'provider': 'Bovada', 'spread': -6.5, 'formatted_spread': 'Jacksonville State -6.5', 'spread_open': -4.5, 'over_under': 51.0, 'over_under_open': 50.5, 'home_moneyline': -200.0, 'away_moneyline': 170.0}]",-6.5
401520271,2023,4,regular,2023-09-23T16:00:00.000Z,Troy,Sun Belt,27.0,Western Kentucky,Conference USA,24.0,"[{'provider': 'Bovada', 'spread': -3.5, 'formatted_spread': 'Troy -3.5', 'spread_open': -3.0, 'over_under': 57.0, 'over_under_open': 57.0, 'home_moneyline': -150.0, 'away_moneyline': 130.0}]",-3.5
401520273,2023,4,regular,2023-09-24T01:00:00.000Z,UTEP,Conference USA,28.0,UNLV,Mountain West,45.0,"[{'provider': 'Bovada', 'spread': -2.0, 'formatted_spread': 'UTEP -2.0', 'spread_open': 3.0, 'over_under': 49.5, 'over_under_open': 50.5, 'home_moneyline': 120.0, 'away_moneyline': -140.0}]",-2.0
401525518,2023,6,regular,2023-10-07T19:30:00.000Z,Florida State,ACC,39.0,Virginia Tech,ACC,17.0,"[{'provider': 'Bovada', 'spread': -24.0, 'formatted_spread': 'Florida State -24.0', 'spread_open': -24.0, 'over_under': 52.5, 'over_under_open': 52.5, 'home_moneyline': -2800.0, 'away_moneyline': 1100.0}]",-24.0
401525861,2023,6,regular,2023-10-07T16:00:00.000Z,Texas,Big 12,30.0,Oklahoma,Big 12,34.0,"[{'provider': 'Bovada', 'spread': -4.0, 'formatted_spread': 'Texas -4.0', 'spread_open': 6.0, 'over_under': 61.5, 'over_under_open': 60.0, 'home_moneyline': -230.0, 'away_moneyline': 190.0}]",-4.0
401531835,2023,1,regular,2023-09-02T19:30:00.000Z,Appalachian State,Sun Belt,45.0,Gardner-Webb,Big South-OVC,24.0,"[{'provider': 'Bovada', 'spread': -22.5, 'formatted_spread': 'Appalachian State -22.5', 'spread_open': -23.0, 'over_under': 51.5, 'over_under_open': 57.0, 'home_moneyline': None, 'away_moneyline': None}]",-22.5
401532593,2023,7,regular,2023-10-15T01:45:00.000Z,Colorado State,Mountain West,31.0,Boise State,Mountain West,30.0,"[{'provider': 'Bovada', 'spread': 7.5, 'formatted_spread': 'Boise State -7.5', 'spread_open': 7.0, 'over_under': 59.0, 'over_under_open': 62.5, 'home_moneyline': 250.0, 'away_moneyline': -300.0}]",7.5
401520324,2023,7,regular,2023-10-14T16:00:00.000Z,Rutgers,Big Ten,27.0,Michigan State,Big Ten,24.0,"[{'provider': 'Bovada', 'spread': -4.5, 'formatted_spread': 'Rutgers -4.5', 'spread_open': -5.0, 'over_under': 40.0, 'over_under_open': 41.5, 'home_moneyline': -220.0, 'away_moneyline': 180.0}]",-4.5
401520322,2023,7,regular,2023-10-14T19:30:00.000Z,Penn State,Big Ten,63.0,UMass,FBS Independents,0.0,"[{'provider': 'Bovada', 'spread': -42.0, 'formatted_spread': 'Penn State -42.0', 'spread_open': -42.5, 'over_under': 54.5, 'over_under_open': 58.0, 'home_moneyline': None, 'away_moneyline': None}]",-42.0
401520317,2023,7,regular,2023-10-14T19:30:00.000Z,Army,FBS Independents,0.0,Troy,Sun Belt,19.0,"[{'provider': 'Bovada', 'spread': 6.5, 'formatted_spread': 'Troy -6.5', 'spread_open': 3.0, 'over_under': 42.0, 'over_under_open': 44.0, 'home_moneyline': 170.0, 'away_moneyline': -200.0}]",6.5
401532420,2023,7,regular,2023-10-14T19:30:00.000Z,Central Michigan,Mid-American,17.0,Akron,Mid-American,10.0,"[{'provider': 'Bovada', 'spread': -10.5, 'formatted_spread': 'Central Michigan -10.5', 'spread_open': -13.0, 'over_under': 44.0, 'over_under_open': 48.0, 'home_moneyline': -470.0, 'away_moneyline': 345.0}]",-10.5
401532421,2023,7,regular,2023-10-14T19:30:00.000Z,Buffalo,Mid-American,14.0,Bowling Green,Mid-American,24.0,"[{'provider': 'Bovada', 'spread': -3.0, 'formatted_spread': 'Buffalo -3.0', 'spread_open': -6.0, 'over_under': 44.5, 'over_under_open': 49.0, 'home_moneyline': -220.0, 'away_moneyline': 180.0}]",-3.0
401532423,2023,7,regular,2023-10-14T19:30:00.000Z,Western Michigan,Mid-American,21.0,Miami (OH),Mid-American,34.0,"[{'provider': 'Bovada', 'spread': 7.5, 'formatted_spread': 'Miami (OH) -7.5', 'spread_open': 9.5, 'over_under': 44.5, 'over_under_open': 53.5, 'home_moneyline': 260.0, 'away_moneyline': -320.0}]",7.5
401532424,2023,7,regular,2023-10-14T20:00:00.000Z,Northern Illinois,Mid-American,23.0,Ohio,Mid-American,13.0,"[{'provider': 'Bovada', 'spread': 5.5, 'formatted_spread': 'Ohio -5.5', 'spread_open': 7.0, 'over_under': 45.0, 'over_under_open': 47.0, 'home_moneyline': 220.0, 'away_moneyline': -270.0}]",5.5
401532596,2023,7,regular,2023-10-14T22:00:00.000Z,New Mexico,Mountain West,24.0,San José State,Mountain West,52.0,"[{'provider': 'Bovada', 'spread': 6.0, 'formatted_spread': 'San José State -6.0', 'spread_open': 9.0, 'over_under': 54.5, 'over_under_open': 57.5, 'home_moneyline': 255.0, 'away_moneyline': -310.0}]",6.0
401531891,2023,7,regular,2023-10-14T23:00:00.000Z,Texas State,Sun Belt,21.0,Louisiana Monroe,Sun Belt,20.0,"[{'provider': 'Bovada', 'spread': -19.0, 'formatted_spread': 'Texas State -19.0', 'spread_open': -15.5, 'over_under': 64.5, 'over_under_open': 62.0, 'home_moneyline': -800.0, 'away_moneyline': 525.0}]",-19.0
401532428,2023,8,regular,2023-10-21T16:00:00.000Z,Ohio,Mid-American,20.0,Western Michigan,Mid-American,17.0,"[{'provider': 'Bovada', 'spread': -16.5, 'formatted_spread': 'Ohio -16.5', 'spread_open': -17.5, 'over_under': 52.0, 'over_under_open': 53.0, 'home_moneyline': -750.0, 'away_moneyline': 500.0}]",-16.5
401532429,2023,8,regular,2023-10-21T18:00:00.000Z,Bowling Green,Mid-American,41.0,Akron,Mid-American,14.0,"[{'provider': 'Bovada', 'spread': -7.0, 'formatted_spread': 'Bowling Green -7.0', 'spread_open': -8.0, 'over_under': 37.0, 'over_under_open': 39.5, 'home_moneyline': -320.0, 'away_moneyline': 260.0}]",-7.0
401520337,2023,8,regular,2023-10-21T16:00:00.000Z,Indiana,Big Ten,14.0,Rutgers,Big Ten,31.0,"[{'provider': 'Bovada', 'spread': 6.0, 'formatted_spread': 'Rutgers -6.0', 'spread_open': 5.5, 'over_under': 39.5, 'over_under_open': 39.5, 'home_moneyline': 185.0, 'away_moneyline': -225.0}]",6.0
401531434,2023,8,regular,2023-10-21T16:00:00.000Z,Navy,American Athletic,6.0,Air Force,Mountain West,17.0,"[{'provider': 'Bovada', 'spread': 10.5, 'formatted_spread': 'Air Force -10.5', 'spread_open': 10.5, 'over_under': 34.5, 'over_under_open': 36.5, 'home_moneyline': 325.0, 'away_moneyline': -435.0}]",10.5
401531894,2023,8,regular,2023-10-21T18:00:00.000Z,Georgia Southern,Sun Belt,38.0,Louisiana Monroe,Sun Belt,28.0,"[{'provider': 'Bovada', 'spread': -16.0, 'formatted_spread': 'Georgia Southern -16.0', 'spread_open': -16.5, 'over_under': 61.0, 'over_under_open': 60.0, 'home_moneyline': -800.0, 'away_moneyline': 525.0}]",-16.0
401520344,2023,8,regular,2023-10-21T19:30:00.000Z,Connecticut,FBS Independents,21.0,South Florida,American Athletic,24.0,"[{'provider': 'Bovada', 'spread': -1.0, 'formatted_spread': 'Connecticut -1.0', 'spread_open': 1.5, 'over_under': 57.0, 'over_under_open': 54.5, 'home_moneyline': -110.0, 'away_moneyline': -110.0}]",-1.0
401532425,2023,8,regular,2023-10-21T19:30:00.000Z,Ball State,Mid-American,24.0,Central Michigan,Mid-American,17.0,"[{'provider': 'Bovada', 'spread': 5.0, 'formatted_spread': 'Central Michigan -5.0', 'spread_open': 5.5, 'over_under': 42.0, 'over_under_open': 40.5, 'home_moneyline': 180.0, 'away_moneyline': -220.0}]",5.0
401525818,2023,1,regular,2023-09-02T19:30:00.000Z,Cincinnati,Big 12,66.0,Eastern Kentucky,UAC,13.0,"[{'provider': 'Bovada', 'spread': -21.5, 'formatted_spread': 'Cincinnati -21.5', 'spread_open': -23.5, 'over_under': 58.0, 'over_under_open': 55.5, 'home_moneyline': -2500.0, 'away_moneyline': 1000.0}]",-21.5
401532438,2023,11,regular,2023-11-08T00:00:00.000Z,Western Michigan,Mid-American,38.0,Central Michigan,Mid-American,28.0,"[{'provider': 'Bovada', 'spread': -3.0, 'formatted_spread': 'Western Michigan -3.0', 'spread_open': -3.5, 'over_under': 58.0, 'over_under_open': 56.0, 'home_moneyline': -175.0, 'away_moneyline': 150.0}]",-3.0
401539994,2023,2,regular,2023-09-09T23:00:00.000Z,North Carolina A&T,CAA,16.0,North Carolina Central,MEAC,30.0,"[{'provider': 'Bovada', 'spread': -6.5, 'formatted_spread': 'North Carolina A&T -6.5', 'spread_open': -6.5, 'over_under': 57.5, 'over_under_open': 57.5, 'home_moneyline': -260.0, 'away_moneyline': 215.0}]",-6.5
401532572,2023,1,regular,2023-09-02T20:00:00.000Z,UNLV,Mountain West,44.0,Bryant,Big South-OVC,14.0,"[{'provider': 'Bovada', 'spread': -17.0, 'formatted_spread': 'UNLV -17.0', 'spread_open': -16.5, 'over_under': 66.0, 'over_under_open': 58.0, 'home_moneyline': -800.0, 'away_moneyline': 525.0}]",-17.0
401540369,2023,1,regular,2023-09-02T20:00:00.000Z,North Dakota,MVFC,55.0,Drake,Pioneer,7.0,"[{'provider': 'Bovada', 'spread': -34.5, 'formatted_spread': 'North Dakota -34.5', 'spread_open': -34.5, 'over_under': 50.5, 'over_under_open': 50.5, 'home_moneyline': None, 'away_moneyline': None}]",-34.5
401531837,2023,1,regular,2023-09-02T22:00:00.000Z,James Madison,Sun Belt,38.0,Bucknell,Patriot,3.0,"[{'provider': 'Bovada', 'spread': -47.5, 'formatted_spread': 'James Madison -47.5', 'spread_open': -46.5, 'over_under': 53.5, 'over_under_open': 50.0, 'home_moneyline': None, 'away_moneyline': None}]",-47.5
401531836,2023,1,regular,2023-09-02T22:00:00.000Z,Georgia Southern,Sun Belt,34.0,The Citadel,Southern,0.0,"[{'provider': 'Bovada', 'spread': -34.5, 'formatted_spread': 'Georgia Southern -34.5', 'spread_open': -30.0, 'over_under': 53.5, 'over_under_open': 53.5, 'home_moneyline': None, 'away_moneyline': None}]",-34.5
401531838,2023,1,regular,2023-09-02T22:00:00.000Z,Marshall,Sun Belt,21.0,Albany,CAA,17.0,"[{'provider': 'Bovada', 'spread': -22.0, 'formatted_spread': 'Marshall -22.0', 'spread_open': -24.5, 'over_under': 48.0, 'over_under_open': 46.5, 'home_moneyline': None, 'away_moneyline': None}]",-22.0
401520154,2023,1,regular,2023-09-02T22:00:00.000Z,Georgia,SEC,48.0,UT Martin,Big South-OVC,7.0,"[{'provider': 'Bovada', 'spread': -51.0, 'formatted_spread': 'Georgia -51.0', 'spread_open': -50.0, 'over_under': 58.0, 'over_under_open': 55.5, 'home_moneyline': None, 'away_moneyline': None}]",-51.0
401531402,2023,1,regular,2023-09-02T22:00:00.000Z,Charlotte,American Athletic,24.0,South Carolina State,MEAC,3.0,"[{'provider': 'Bovada', 'spread': -23.5, 'formatted_spread': 'Charlotte -23.5', 'spread_open': -28.0, 'over_under': 44.5, 'over_under_open': 48.5, 'home_moneyline': None, 'away_moneyline': None}]",-23.5
401531418,2023,1,regular,2023-09-02T22:00:00.000Z,Florida Atlantic,American Athletic,42.0,Monmouth,CAA,20.0,"[{'provider': 'Bovada', 'spread': -26.0, 'formatted_spread': 'Florida Atlantic -26.0', 'spread_open': -21.5, 'over_under': 56.0, 'over_under_open': 59.5, 'home_moneyline': None, 'away_moneyline': None}]",-26.0
401531841,2023,1,regular,2023-09-02T23:00:00.000Z,Troy,Sun Belt,48.0,Stephen F. Austin,UAC,30.0,"[{'provider': 'Bovada', 'spread': -26.0, 'formatted_spread': 'Troy -26.0', 'spread_open': -27.0, 'over_under': 48.0, 'over_under_open': 49.5, 'home_moneyline': None, 'away_moneyline': None}]",-26.0
401525823,2023,1,regular,2023-09-02T23:00:00.000Z,Oklahoma State,Big 12,27.0,Central Arkansas,UAC,13.0,"[{'provider': 'Bovada', 'spread': -26.5, 'formatted_spread': 'Oklahoma State -26.5', 'spread_open': -27.0, 'over_under': 59.5, 'over_under_open': 60.0, 'home_moneyline': -6500.0, 'away_moneyline': 1300.0}]",-26.5
401540363,2023,1,regular,2023-09-02T23:00:00.000Z,Murray State,MVFC,41.0,Presbyterian College,Pioneer,10.0,"[{'provider': 'Bovada', 'spread': -28.5, 'formatted_spread': 'Murray State -28.5', 'spread_open': -25.5, 'over_under': 54.5, 'over_under_open': 54.5, 'home_moneyline': None, 'away_moneyline': None}]",-28.5
401523986,2023,1,regular,2023-08-27T00:00:00.000Z,USC,Pac-12,56.0,San José State,Mountain West,28.0,"[{'provider': 'Bovada', 'spread': -30.5, 'formatted_spread': 'USC -30.5', 'spread_open': -31.0, 'over_under': 66.5, 'over_under_open': 63.5, 'home_moneyline': -10000.0, 'away_moneyline': 1600.0}]",-30.5
401525434,2023,1,regular,2023-08-26T18:30:00.000Z,Notre Dame,FBS Independents,42.0,Navy,American Athletic,3.0,"[{'provider': 'Bovada', 'spread': -20.5, 'formatted_spread': 'Notre Dame -20.5', 'spread_open': -19.5, 'over_under': 50.5, 'over_under_open': 49.0, 'home_moneyline': -1500.0, 'away_moneyline': 775.0}]",-20.5
401525450,2023,1,regular,2023-08-26T23:00:00.000Z,New Mexico State,Conference USA,30.0,UMass,FBS Independents,41.0,"[{'provider': 'Bovada', 'spread': -7.5, 'formatted_spread': 'New Mexico State -7.5', 'spread_open': -8.5, 'over_under': 45.5, 'over_under_open': 44.5, 'home_moneyline': -310.0, 'away_moneyline': 255.0}]",-7.5
401532392,2023,1,regular,2023-08-26T23:00:00.000Z,San Diego State,Mountain West,20.0,Ohio,Mid-American,13.0,"[{'provider': 'Bovada', 'spread': -2.5, 'formatted_spread': 'San Diego State -2.5', 'spread_open': -3.0, 'over_under': 48.5, 'over_under_open': 50.0, 'home_moneyline': -135.0, 'away_moneyline': 115.0}]",-2.5
401520145,2023,1,regular,2023-08-26T21:30:00.000Z,Jacksonville State,Conference USA,17.0,UTEP,Conference USA,14.0,"[{'provider': 'Bovada', 'spread': 1.0, 'formatted_spread': 'UTEP -1.0', 'spread_open': -2.5, 'over_under': 53.5, 'over_under_open': 52.5, 'home_moneyline': -105.0, 'away_moneyline': -115.0}]",1.0
401523987,2023,1,regular,2023-09-01T02:00:00.000Z,Arizona State,Pac-12,24.0,Southern Utah,UAC,21.0,"[{'provider': 'Bovada', 'spread': -31.0, 'formatted_spread': 'Arizona State -31.0', 'spread_open': -31.5, 'over_under': 53.0, 'over_under_open': 53.5, 'home_moneyline': None, 'away_moneyline': None}]",-31.0
401525461,2023,1,regular,2023-08-31T23:00:00.000Z,Wake Forest,ACC,37.0,Elon,CAA,17.0,"[{'provider': 'Bovada', 'spread': -30.5, 'formatted_spread': 'Wake Forest -30.5', 'spread_open': -28.5, 'over_under': 56.0, 'over_under_open': 55.5, 'home_moneyline': -8000.0, 'away_moneyline': 1400.0}]",-30.5
401525816,2023,1,regular,2023-08-31T23:00:00.000Z,UCF,Big 12,56.0,Kent State,Mid-American,6.0,"[{'provider': 'Bovada', 'spread': -35.5, 'formatted_spread': 'UCF -35.5', 'spread_open': -36.5, 'over_under': 53.5, 'over_under_open': 59.0, 'home_moneyline': None, 'away_moneyline': None}]",-35.5
401520162,2023,1,regular,2023-09-02T16:00:00.000Z,Michigan,Big Ten,30.0,East Carolina,American Athletic,3.0,"[{'provider': 'Bovada', 'spread': -35.5, 'formatted_spread': 'Michigan -35.5', 'spread_open': -34.0, 'over_under': 53.5, 'over_under_open': 52.0, 'home_moneyline': None, 'away_moneyline': None}]",-35.5
401520163,2023,1,regular,2023-09-01T23:00:00.000Z,Michigan State,Big Ten,31.0,Central Michigan,Mid-American,7.0,"[{'provider': 'Bovada', 'spread': -14.0, 'formatted_spread': 'Michigan State -14.0', 'spread_open': -14.0, 'over_under': 44.5, 'over_under_open': 52.0, 'home_moneyline': -675.0, 'away_moneyline': 460.0}]",-14.0
401520164,2023,1,regular,2023-09-02T20:00:00.000Z,Mississippi State,SEC,48.0,Southeastern Louisiana,Southland,7.0,"[{'provider': 'Bovada', 'spread': -31.5, 'formatted_spread': 'Mississippi State -31.5', 'spread_open': -28.0, 'over_under': 59.5, 'over_under_open': 58.5, 'home_moneyline': None, 'away_moneyline': None}]",-31.5
401520166,2023,1,regular,2023-09-03T01:00:00.000Z,New Mexico State,Conference USA,58.0,Western Illinois,MVFC,21.0,"[{'provider': 'Bovada', 'spread': -21.0, 'formatted_spread': 'New Mexico State -21.0', 'spread_open': -17.0, 'over_under': 55.0, 'over_under_open': 53.0, 'home_moneyline': -1200.0, 'away_moneyline': 700.0}]",-21.0
401520227,2023,3,regular,2023-09-16T19:30:00.000Z,Iowa,Big Ten,41.0,Western Michigan,Mid-American,10.0,"[{'provider': 'Bovada', 'spread': -28.5, 'formatted_spread': 'Iowa -28.5', 'spread_open': -25.0, 'over_under': 43.0, 'over_under_open': 43.5, 'home_moneyline': -6500.0, 'away_moneyline': 1300.0}]",-28.5
401520228,2023,3,regular,2023-09-16T23:30:00.000Z,Kentucky,SEC,35.0,Akron,Mid-American,3.0,"[{'provider': 'Bovada', 'spread': -25.5, 'formatted_spread': 'Kentucky -25.5', 'spread_open': -24.5, 'over_under': 48.5, 'over_under_open': 50.5, 'home_moneyline': -3500.0, 'away_moneyline': 1100.0}]",-25.5
401520229,2023,3,regular,2023-09-16T23:00:00.000Z,Louisiana Tech,Conference USA,37.0,North Texas,American Athletic,40.0,"[{'provider': 'Bovada', 'spread': -4.5, 'formatted_spread': 'Louisiana Tech -4.5', 'spread_open': -3.0, 'over_under': 66.5, 'over_under_open': 68.5, 'home_moneyline': -180.0, 'away_moneyline': 155.0}]",-4.5
401520231,2023,3,regular,2023-09-15T23:00:00.000Z,Maryland,Big Ten,42.0,Virginia,ACC,14.0,"[{'provider': 'Bovada', 'spread': -16.0, 'formatted_spread': 'Maryland -16.0', 'spread_open': -14.0, 'over_under': 48.0, 'over_under_open': 50.0, 'home_moneyline': -625.0, 'away_moneyline': 430.0}]",-16.0
401520232,2023,3,regular,2023-09-16T23:30:00.000Z,Michigan,Big Ten,31.0,Bowling Green,Mid-American,6.0,"[{'provider': 'Bovada', 'spread': -41.0, 'formatted_spread': 'Michigan -41.0', 'spread_open': -40.0, 'over_under': 53.5, 'over_under_open': 51.0, 'home_moneyline': None, 'away_moneyline': None}]",-41.0
401520233,2023,3,regular,2023-09-16T21:00:00.000Z,Michigan State,Big Ten,7.0,Washington,Pac-12,41.0,"[{'provider': 'Bovada', 'spread': 15.0, 'formatted_spread': 'Washington -15.0', 'spread_open': 12.0, 'over_under': 57.5, 'over_under_open': 58.0, 'home_moneyline': 500.0, 'away_moneyline': -750.0}]",15.0
401520236,2023,3,regular,2023-09-16T16:00:00.000Z,Missouri,SEC,30.0,Kansas State,Big 12,27.0,"[{'provider': 'Bovada', 'spread': 3.5, 'formatted_spread': 'Kansas State -3.5', 'spread_open': 5.5, 'over_under': 49.0, 'over_under_open': 46.0, 'home_moneyline': 190.0, 'away_moneyline': -230.0}]",3.5
401531871,2023,4,regular,2023-09-23T18:00:00.000Z,Ball State,Mid-American,3.0,Georgia Southern,Sun Belt,40.0,"[{'provider': 'Bovada', 'spread': 6.0, 'formatted_spread': 'Georgia Southern -6.0', 'spread_open': 7.0, 'over_under': 61.5, 'over_under_open': 58.5, 'home_moneyline': 225.0, 'away_moneyline': -275.0}]",6.0
401531872,2023,4,regular,2023-09-24T00:00:00.000Z,Utah State,Mountain West,38.0,James Madison,Sun Belt,45.0,"[{'provider': 'Bovada', 'spread': 5.0, 'formatted_spread': 'James Madison -5.0', 'spread_open': 6.5, 'over_under': 52.5, 'over_under_open': 53.5, 'home_moneyline': 190.0, 'away_moneyline': -230.0}]",5.0
401531874,2023,4,regular,2023-09-23T23:00:00.000Z,Arkansas State,Sun Belt,44.0,Southern Mississippi,Sun Belt,37.0,"[{'provider': 'Bovada', 'spread': 7.0, 'formatted_spread': 'Southern Mississippi -7.0', 'spread_open': 5.0, 'over_under': 46.5, 'over_under_open': 48.5, 'home_moneyline': 190.0, 'away_moneyline': -230.0}]",7.0
401531875,2023,4,regular,2023-09-23T23:30:00.000Z,Louisiana,Sun Belt,45.0,Buffalo,Mid-American,38.0,"[{'provider': 'Bovada', 'spread': -10.5, 'formatted_spread': 'Louisiana -10.5', 'spread_open': -9.5, 'over_under': 57.5, 'over_under_open': 58.0, 'home_moneyline': -340.0, 'away_moneyline': 270.0}]",-10.5
401531876,2023,4,regular,2023-09-23T21:00:00.000Z,South Alabama,Sun Belt,30.0,Central Michigan,Mid-American,34.0,"[{'provider': 'Bovada', 'spread': -16.0, 'formatted_spread': 'South Alabama -16.0', 'spread_open': -14.5, 'over_under': 47.5, 'over_under_open': 52.5, 'home_moneyline': -700.0, 'away_moneyline': 475.0}]",-16.0
401531877,2023,4,regular,2023-09-23T23:00:00.000Z,Texas State,Sun Belt,35.0,Nevada,Mountain West,24.0,"[{'provider': 'Bovada', 'spread': -17.0, 'formatted_spread': 'Texas State -17.0', 'spread_open': -16.5, 'over_under': 59.5, 'over_under_open': 62.0, 'home_moneyline': -800.0, 'away_moneyline': 525.0}]",-17.0
401532405,2023,4,regular,2023-09-23T19:30:00.000Z,Bowling Green,Mid-American,7.0,Ohio,Mid-American,38.0,"[{'provider': 'Bovada', 'spread': 13.0, 'formatted_spread': 'Ohio -13.0', 'spread_open': 9.0, 'over_under': 45.0, 'over_under_open': 46.0, 'home_moneyline': 280.0, 'away_moneyline': -360.0}]",13.0
401532406,2023,4,regular,2023-09-23T17:30:00.000Z,Toledo,Mid-American,49.0,Western Michigan,Mid-American,31.0,"[{'provider': 'Bovada', 'spread': -21.5, 'formatted_spread': 'Toledo -21.5', 'spread_open': -20.5, 'over_under': 52.0, 'over_under_open': 55.0, 'home_moneyline': -1200.0, 'away_moneyline': 700.0}]",-21.5
401532407,2023,4,regular,2023-09-24T02:30:00.000Z,Fresno State,Mountain West,53.0,Kent State,Mid-American,10.0,"[{'provider': 'Bovada', 'spread': -27.0, 'formatted_spread': 'Fresno State -27.0', 'spread_open': -27.0, 'over_under': 47.0, 'over_under_open': 51.0, 'home_moneyline': -5000.0, 'away_moneyline': 1300.0}]",-27.0
401532584,2023,4,regular,2023-09-23T02:30:00.000Z,San José State,Mountain West,20.0,Air Force,Mountain West,45.0,"[{'provider': 'Bovada', 'spread': 6.5, 'formatted_spread': 'Air Force -6.5', 'spread_open': 4.0, 'over_under': 45.0, 'over_under_open': 47.0, 'home_moneyline': 160.0, 'away_moneyline': -185.0}]",6.5
401520250,2023,4,regular,2023-09-23T19:30:00.000Z,Alabama,SEC,24.0,Ole Miss,SEC,10.0,"[{'provider': 'Bovada', 'spread': -7.0, 'formatted_spread': 'Alabama -7.0', 'spread_open': -14.5, 'over_under': 55.5, 'over_under_open': 55.0, 'home_moneyline': -260.0, 'away_moneyline': 215.0}]",-7.0
401520251,2023,4,regular,2023-09-23T23:00:00.000Z,Florida,SEC,22.0,Charlotte,American Athletic,7.0,"[{'provider': 'Bovada', 'spread': -27.5, 'formatted_spread': 'Florida -27.5', 'spread_open': -27.0, 'over_under': 48.5, 'over_under_open': 51.0, 'home_moneyline': -6500.0, 'away_moneyline': 1300.0}]",-27.5
401520252,2023,4,regular,2023-09-23T23:30:00.000Z,Georgia,SEC,49.0,UAB,American Athletic,21.0,"[{'provider': 'Bovada', 'spread': -41.0, 'formatted_spread': 'Georgia -41.0', 'spread_open': -39.5, 'over_under': 57.0, 'over_under_open': 53.5, 'home_moneyline': None, 'away_moneyline': None}]",-41.0
401520253,2023,4,regular,2023-09-24T03:59:00.000Z,Hawai'i,Mountain West,20.0,New Mexico State,Conference USA,17.0,"[{'provider': 'Bovada', 'spread': -4.0, 'formatted_spread': ""Hawai'i -4.0"", 'spread_open': -3.0, 'over_under': 55.0, 'over_under_open': 58.5, 'home_moneyline': -140.0, 'away_moneyline': 120.0}]",-4.0
401531881,2023,5,regular,2023-09-30T19:30:00.000Z,Marshall,Sun Belt,41.0,Old Dominion,Sun Belt,35.0,"[{'provider': 'Bovada', 'spread': -14.0, 'formatted_spread': 'Marshall -14.0', 'spread_open': -13.0, 'over_under': 47.0, 'over_under_open': 46.5, 'home_moneyline': -585.0, 'away_moneyline': 410.0}]",-14.0
401531882,2023,5,regular,2023-10-01T00:00:00.000Z,Louisiana Monroe,Sun Belt,40.0,Appalachian State,Sun Belt,41.0,"[{'provider': 'Bovada', 'spread': 13.5, 'formatted_spread': 'Appalachian State -13.5', 'spread_open': 13.5, 'over_under': 53.0, 'over_under_open': 53.5, 'home_moneyline': 390.0, 'away_moneyline': -550.0}]",13.5
401531883,2023,5,regular,2023-09-30T23:00:00.000Z,Southern Mississippi,Sun Belt,36.0,Texas State,Sun Belt,50.0,"[{'provider': 'Bovada', 'spread': 7.0, 'formatted_spread': 'Texas State -7.0', 'spread_open': 7.5, 'over_under': 60.5, 'over_under_open': 62.5, 'home_moneyline': 215.0, 'away_moneyline': -260.0}]",7.0
401532409,2023,5,regular,2023-09-30T19:30:00.000Z,Western Michigan,Mid-American,42.0,Ball State,Mid-American,24.0,"[{'provider': 'Bovada', 'spread': -1.0, 'formatted_spread': 'Western Michigan -1.0', 'spread_open': -1.0, 'over_under': 52.0, 'over_under_open': 53.0, 'home_moneyline': -115.0, 'away_moneyline': -105.0}]",-1.0
401532410,2023,5,regular,2023-09-30T17:30:00.000Z,Central Michigan,Mid-American,26.0,Eastern Michigan,Mid-American,23.0,"[{'provider': 'Bovada', 'spread': -7.5, 'formatted_spread': 'Central Michigan -7.5', 'spread_open': -6.0, 'over_under': 47.5, 'over_under_open': 47.5, 'home_moneyline': -300.0, 'away_moneyline': 250.0}]",-7.5
401532411,2023,5,regular,2023-09-30T19:30:00.000Z,Toledo,Mid-American,35.0,Northern Illinois,Mid-American,33.0,"[{'provider': 'Bovada', 'spread': -13.5, 'formatted_spread': 'Toledo -13.5', 'spread_open': -14.0, 'over_under': 50.0, 'over_under_open': 50.0, 'home_moneyline': -525.0, 'away_moneyline': 375.0}]",-13.5
401532412,2023,5,regular,2023-09-30T16:00:00.000Z,Akron,Mid-American,10.0,Buffalo,Mid-American,13.0,"[{'provider': 'Bovada', 'spread': -2.5, 'formatted_spread': 'Akron -2.5', 'spread_open': -1.5, 'over_under': 55.5, 'over_under_open': 56.0, 'home_moneyline': -140.0, 'away_moneyline': 120.0}]",-2.5
401532413,2023,5,regular,2023-09-30T18:30:00.000Z,Kent State,Mid-American,3.0,Miami (OH),Mid-American,23.0,"[{'provider': 'Bovada', 'spread': 14.5, 'formatted_spread': 'Miami (OH) -14.5', 'spread_open': 15.5, 'over_under': 49.5, 'over_under_open': 51.5, 'home_moneyline': 430.0, 'away_moneyline': -625.0}]",14.5
401532586,2023,5,regular,2023-09-30T20:00:00.000Z,UNLV,Mountain West,44.0,Hawai'i,Mountain West,20.0,"[{'provider': 'Bovada', 'spread': -11.0, 'formatted_spread': 'UNLV -11.0', 'spread_open': -10.0, 'over_under': 59.0, 'over_under_open': 61.0, 'home_moneyline': -440.0, 'away_moneyline': 330.0}]",-11.0
401532587,2023,5,regular,2023-10-01T02:30:00.000Z,Fresno State,Mountain West,27.0,Nevada,Mountain West,9.0,"[{'provider': 'Bovada', 'spread': -24.5, 'formatted_spread': 'Fresno State -24.5', 'spread_open': -23.0, 'over_under': 53.0, 'over_under_open': 54.0, 'home_moneyline': -2200.0, 'away_moneyline': 1000.0}]",-24.5
401532588,2023,5,regular,2023-09-30T20:00:00.000Z,Wyoming,Mountain West,35.0,New Mexico,Mountain West,26.0,"[{'provider': 'Bovada', 'spread': -14.0, 'formatted_spread': 'Wyoming -14.0', 'spread_open': -12.0, 'over_under': 41.0, 'over_under_open': 41.0, 'home_moneyline': None, 'away_moneyline': None}]",-14.0
401520280,2023,5,regular,2023-09-30T19:30:00.000Z,Auburn,SEC,20.0,Georgia,SEC,27.0,"[{'provider': 'Bovada', 'spread': 14.5, 'formatted_spread': 'Georgia -14.5', 'spread_open': 18.0, 'over_under': 47.0, 'over_under_open': 47.0, 'home_moneyline': 475.0, 'away_moneyline': -700.0}]",14.5
401520281,2023,5,regular,2023-09-30T23:30:00.000Z,Iowa,Big Ten,26.0,Michigan State,Big Ten,16.0,"[{'provider': 'Bovada', 'spread': -12.0, 'formatted_spread': 'Iowa -12.0', 'spread_open': -10.0, 'over_under': 36.5, 'over_under_open': 36.0, 'home_moneyline': -470.0, 'away_moneyline': 345.0}]",-12.0
401520282,2023,5,regular,2023-09-30T16:00:00.000Z,Kentucky,SEC,33.0,Florida,SEC,14.0,"[{'provider': 'Bovada', 'spread': -2.5, 'formatted_spread': 'Kentucky -2.5', 'spread_open': -3.0, 'over_under': 46.5, 'over_under_open': 46.0, 'home_moneyline': -140.0, 'away_moneyline': 120.0}]",-2.5
401520285,2023,5,regular,2023-10-01T01:00:00.000Z,Mississippi State,SEC,17.0,Alabama,SEC,40.0,"[{'provider': 'Bovada', 'spread': 14.0, 'formatted_spread': 'Alabama -14.0', 'spread_open': 15.0, 'over_under': 46.5, 'over_under_open': 48.5, 'home_moneyline': 430.0, 'away_moneyline': -625.0}]",14.0
401520289,2023,5,regular,2023-09-30T19:30:00.000Z,Purdue,Big Ten,44.0,Illinois,Big Ten,19.0,"[{'provider': 'Bovada', 'spread': -1.0, 'formatted_spread': 'Purdue -1.0', 'spread_open': -1.5, 'over_under': 53.0, 'over_under_open': 53.5, 'home_moneyline': -115.0, 'away_moneyline': -105.0}]",-1.0
401520291,2023,5,regular,2023-09-30T23:30:00.000Z,Tennessee,SEC,41.0,South Carolina,SEC,20.0,"[{'provider': 'Bovada', 'spread': -13.0, 'formatted_spread': 'Tennessee -13.0', 'spread_open': -11.0, 'over_under': 63.0, 'over_under_open': 62.5, 'home_moneyline': -490.0, 'away_moneyline': 355.0}]",-13.0
401520292,2023,5,regular,2023-09-30T16:00:00.000Z,Connecticut,FBS Independents,33.0,Utah State,Mountain West,34.0,"[{'provider': 'Bovada', 'spread': 4.5, 'formatted_spread': 'Utah State -4.5', 'spread_open': 6.0, 'over_under': 51.0, 'over_under_open': 51.0, 'home_moneyline': 165.0, 'away_moneyline': -195.0}]",4.5
401520294,2023,6,regular,2023-10-05T00:00:00.000Z,Middle Tennessee,Conference USA,30.0,Jacksonville State,Conference USA,45.0,"[{'provider': 'Bovada', 'spread': -3.0, 'formatted_spread': 'Middle Tennessee -3.0', 'spread_open': -4.0, 'over_under': 52.0, 'over_under_open': 51.0, 'home_moneyline': -165.0, 'away_moneyline': 140.0}]",-3.0
401520297,2023,6,regular,2023-10-05T01:00:00.000Z,New Mexico State,Conference USA,34.0,Florida International,Conference USA,17.0,"[{'provider': 'Bovada', 'spread': -6.5, 'formatted_spread': 'New Mexico State -6.5', 'spread_open': -6.0, 'over_under': 49.5, 'over_under_open': 50.0, 'home_moneyline': -235.0, 'away_moneyline': 195.0}]",-6.5
401520295,2023,6,regular,2023-10-06T00:00:00.000Z,Louisiana Tech,Conference USA,28.0,Western Kentucky,Conference USA,35.0,"[{'provider': 'Bovada', 'spread': 6.0, 'formatted_spread': 'Western Kentucky -6.0', 'spread_open': 5.0, 'over_under': 59.0, 'over_under_open': 58.5, 'home_moneyline': 185.0, 'away_moneyline': -225.0}]",6.0
401520296,2023,6,regular,2023-10-05T23:00:00.000Z,Liberty,Conference USA,21.0,Sam Houston State,Conference USA,16.0,"[{'provider': 'Bovada', 'spread': -21.5, 'formatted_spread': 'Liberty -21.5', 'spread_open': -18.5, 'over_under': 46.5, 'over_under_open': 47.0, 'home_moneyline': -1000.0, 'away_moneyline': 625.0}]",-21.5
401524025,2023,6,regular,2023-10-08T02:30:00.000Z,USC,Pac-12,43.0,Arizona,Pac-12,41.0,"[{'provider': 'Bovada', 'spread': -21.0, 'formatted_spread': 'USC -21.0', 'spread_open': -22.0, 'over_under': 69.5, 'over_under_open': 71.0, 'home_moneyline': -1900.0, 'away_moneyline': 900.0}]",-21.0
401520298,2023,6,regular,2023-10-07T16:00:00.000Z,Army,FBS Independents,24.0,Boston College,ACC,27.0,"[{'provider': 'Bovada', 'spread': -2.0, 'formatted_spread': 'Army -2.0', 'spread_open': -3.0, 'over_under': 47.0, 'over_under_open': 51.0, 'home_moneyline': -145.0, 'away_moneyline': 125.0}]",-2.0
401520300,2023,6,regular,2023-10-07T23:00:00.000Z,Georgia,SEC,51.0,Kentucky,SEC,13.0,"[{'provider': 'Bovada', 'spread': -14.5, 'formatted_spread': 'Georgia -14.5', 'spread_open': -14.0, 'over_under': 46.5, 'over_under_open': 47.5, 'home_moneyline': -675.0, 'away_moneyline': 460.0}]",-14.5
401520302,2023,6,regular,2023-10-07T19:30:00.000Z,Iowa,Big Ten,20.0,Purdue,Big Ten,14.0,"[{'provider': 'Bovada', 'spread': -2.0, 'formatted_spread': 'Iowa -2.0', 'spread_open': -2.0, 'over_under': 38.5, 'over_under_open': 41.0, 'home_moneyline': -130.0, 'away_moneyline': 110.0}]",-2.0
401520305,2023,6,regular,2023-10-07T16:00:00.000Z,Missouri,SEC,39.0,LSU,SEC,49.0,"[{'provider': 'Bovada', 'spread': 6.5, 'formatted_spread': 'LSU -6.5', 'spread_open': 6.0, 'over_under': 63.5, 'over_under_open': 63.5, 'home_moneyline': 165.0, 'away_moneyline': -195.0}]",6.5
401520308,2023,6,regular,2023-10-07T23:30:00.000Z,Ole Miss,SEC,27.0,Arkansas,SEC,20.0,"[{'provider': 'Bovada', 'spread': -13.5, 'formatted_spread': 'Ole Miss -13.5', 'spread_open': -11.5, 'over_under': 62.0, 'over_under_open': 62.5, 'home_moneyline': -460.0, 'away_moneyline': 340.0}]",-13.5
401520309,2023,6,regular,2023-10-07T21:00:00.000Z,Rice,American Athletic,31.0,Connecticut,FBS Independents,38.0,"[{'provider': 'Bovada', 'spread': -10.0, 'formatted_spread': 'Rice -10.0', 'spread_open': -10.0, 'over_under': 47.5, 'over_under_open': 49.5, 'home_moneyline': -380.0, 'away_moneyline': 290.0}]",-10.0
401520311,2023,6,regular,2023-10-07T16:00:00.000Z,Wisconsin,Big Ten,24.0,Rutgers,Big Ten,13.0,"[{'provider': 'Bovada', 'spread': -13.0, 'formatted_spread': 'Wisconsin -13.0', 'spread_open': -13.5, 'over_under': 44.0, 'over_under_open': 46.5, 'home_moneyline': -525.0, 'away_moneyline': 375.0}]",-13.0
401524026,2023,6,regular,2023-10-07T22:30:00.000Z,Arizona State,Pac-12,24.0,Colorado,Pac-12,27.0,"[{'provider': 'Bovada', 'spread': 3.0, 'formatted_spread': 'Colorado -3.0', 'spread_open': 4.0, 'over_under': 58.5, 'over_under_open': 59.0, 'home_moneyline': 150.0, 'away_moneyline': -175.0}]",3.0
401524027,2023,6,regular,2023-10-08T02:00:00.000Z,California,Pac-12,40.0,Oregon State,Pac-12,52.0,"[{'provider': 'Bovada', 'spread': 7.5, 'formatted_spread': 'Oregon State -7.5', 'spread_open': 9.5, 'over_under': 51.0, 'over_under_open': 51.0, 'home_moneyline': 275.0, 'away_moneyline': -350.0}]",7.5
401524028,2023,6,regular,2023-10-07T19:00:00.000Z,UCLA,Pac-12,25.0,Washington State,Pac-12,17.0,"[{'provider': 'Bovada', 'spread': -3.5, 'formatted_spread': 'UCLA -3.5', 'spread_open': -4.0, 'over_under': 59.5, 'over_under_open': 60.0, 'home_moneyline': -150.0, 'away_moneyline': 130.0}]",-3.5
401525439,2023,6,regular,2023-10-07T23:37:00.000Z,Louisville,ACC,33.0,Notre Dame,FBS Independents,20.0,"[{'provider': 'Bovada', 'spread': 6.0, 'formatted_spread': 'Notre Dame -6.0', 'spread_open': 7.0, 'over_under': 54.5, 'over_under_open': 51.5, 'home_moneyline': 200.0, 'away_moneyline': -240.0}]",6.0
401520352,2023,9,regular,2023-10-28T19:30:00.000Z,Florida,SEC,20.0,Georgia,SEC,43.0,"[{'provider': 'Bovada', 'spread': 14.0, 'formatted_spread': 'Georgia -14.0', 'spread_open': 14.5, 'over_under': 50.5, 'over_under_open': 49.0, 'home_moneyline': 430.0, 'away_moneyline': -625.0}]",14.0
401520357,2023,9,regular,2023-10-28T23:30:00.000Z,Ole Miss,SEC,33.0,Vanderbilt,SEC,7.0,"[{'provider': 'Bovada', 'spread': -24.0, 'formatted_spread': 'Ole Miss -24.0', 'spread_open': -25.0, 'over_under': 63.0, 'over_under_open': 63.5, 'home_moneyline': -3300.0, 'away_moneyline': 1100.0}]",-24.0
401524039,2023,9,regular,2023-10-29T02:30:00.000Z,Arizona,Pac-12,27.0,Oregon State,Pac-12,24.0,"[{'provider': 'Bovada', 'spread': 3.0, 'formatted_spread': 'Oregon State -3.0', 'spread_open': 4.0, 'over_under': 57.5, 'over_under_open': 57.0, 'home_moneyline': 130.0, 'away_moneyline': -150.0}]",3.0
401524042,2023,9,regular,2023-10-28T23:00:00.000Z,Stanford,Pac-12,33.0,Washington,Pac-12,42.0,"[{'provider': 'Bovada', 'spread': 28.0, 'formatted_spread': 'Washington -28.0', 'spread_open': 26.5, 'over_under': 62.0, 'over_under_open': 59.5, 'home_moneyline': 1300.0, 'away_moneyline': -5000.0}]",28.0
401524044,2023,9,regular,2023-10-28T19:30:00.000Z,Utah,Pac-12,6.0,Oregon,Pac-12,35.0,"[{'provider': 'Bovada', 'spread': 6.5, 'formatted_spread': 'Oregon -6.5', 'spread_open': 5.0, 'over_under': 47.5, 'over_under_open': 49.0, 'home_moneyline': 195.0, 'away_moneyline': -235.0}]",6.5
401525440,2023,9,regular,2023-10-28T19:30:00.000Z,Notre Dame,FBS Independents,58.0,Pittsburgh,ACC,7.0,"[{'provider': 'Bovada', 'spread': -21.0, 'formatted_spread': 'Notre Dame -21.0', 'spread_open': -18.0, 'over_under': 46.5, 'over_under_open': 46.5, 'home_moneyline': -1500.0, 'away_moneyline': 775.0}]",-21.0
401525535,2023,9,regular,2023-10-28T19:30:00.000Z,Louisville,ACC,23.0,Duke,ACC,0.0,"[{'provider': 'Bovada', 'spread': -5.0, 'formatted_spread': 'Louisville -5.0', 'spread_open': -4.0, 'over_under': 47.0, 'over_under_open': 47.0, 'home_moneyline': -235.0, 'away_moneyline': 195.0}]",-5.0
401525536,2023,9,regular,2023-10-28T16:00:00.000Z,Wake Forest,ACC,16.0,Florida State,ACC,41.0,"[{'provider': 'Bovada', 'spread': 21.0, 'formatted_spread': 'Florida State -21.0', 'spread_open': 20.0, 'over_under': 53.0, 'over_under_open': 53.0, 'home_moneyline': 775.0, 'away_moneyline': -1500.0}]",21.0
401525537,2023,9,regular,2023-10-29T00:00:00.000Z,Georgia Tech,ACC,46.0,North Carolina,ACC,42.0,"[{'provider': 'Bovada', 'spread': 12.5, 'formatted_spread': 'North Carolina -12.5', 'spread_open': 12.0, 'over_under': 65.0, 'over_under_open': 63.5, 'home_moneyline': 350.0, 'away_moneyline': -480.0}]",12.5
401525874,2023,9,regular,2023-10-28T16:00:00.000Z,Kansas,Big 12,38.0,Oklahoma,Big 12,33.0,"[{'provider': 'Bovada', 'spread': 7.0, 'formatted_spread': 'Oklahoma -7.0', 'spread_open': 7.0, 'over_under': 67.0, 'over_under_open': 66.0, 'home_moneyline': 280.0, 'away_moneyline': -360.0}]",7.0
401525877,2023,9,regular,2023-10-28T19:30:00.000Z,Texas,Big 12,35.0,BYU,Big 12,6.0,"[{'provider': 'Bovada', 'spread': -20.5, 'formatted_spread': 'Texas -20.5', 'spread_open': -19.0, 'over_under': 49.5, 'over_under_open': 50.5, 'home_moneyline': -1200.0, 'away_moneyline': 700.0}]",-20.5
401531373,2023,9,regular,2023-10-28T20:00:00.000Z,Rice,American Athletic,28.0,Tulane,American Athletic,30.0,"[{'provider': 'Bovada', 'spread': 10.0, 'formatted_spread': 'Tulane -10.0', 'spread_open': 10.5, 'over_under': 55.0, 'over_under_open': 54.5, 'home_moneyline': 320.0, 'away_moneyline': -430.0}]",10.0
401520288,2023,5,regular,2023-09-30T22:00:00.000Z,Ole Miss,SEC,55.0,LSU,SEC,49.0,"[{'provider': 'Bovada', 'spread': 3.0, 'formatted_spread': 'LSU -3.0', 'spread_open': 2.5, 'over_under': 65.5, 'over_under_open': 63.5, 'home_moneyline': 130.0, 'away_moneyline': -150.0}]",3.0
401531904,2023,10,regular,2023-11-02T23:30:00.000Z,Troy,Sun Belt,28.0,South Alabama,Sun Belt,10.0,"[{'provider': 'Bovada', 'spread': -6.5, 'formatted_spread': 'Troy -6.5', 'spread_open': -5.5, 'over_under': 43.5, 'over_under_open': 46.5, 'home_moneyline': -210.0, 'away_moneyline': 175.0}]",-6.5
401525540,2023,10,regular,2023-11-03T23:30:00.000Z,Syracuse,ACC,10.0,Boston College,ACC,17.0,"[{'provider': 'Bovada', 'spread': 1.0, 'formatted_spread': 'Boston College -1.0', 'spread_open': -3.0, 'over_under': 47.0, 'over_under_open': 51.0, 'home_moneyline': -140.0, 'away_moneyline': 120.0}]",1.0
401520364,2023,10,regular,2023-11-04T19:30:00.000Z,Georgia,SEC,30.0,Missouri,SEC,21.0,"[{'provider': 'Bovada', 'spread': -14.5, 'formatted_spread': 'Georgia -14.5', 'spread_open': -16.0, 'over_under': 55.5, 'over_under_open': 56.0, 'home_moneyline': -700.0, 'away_moneyline': 475.0}]",-14.5
401520373,2023,10,regular,2023-11-04T19:30:00.000Z,Northwestern,Big Ten,7.0,Iowa,Big Ten,10.0,"[{'provider': 'Bovada', 'spread': 5.0, 'formatted_spread': 'Iowa -5.0', 'spread_open': 5.5, 'over_under': 31.0, 'over_under_open': 31.0, 'home_moneyline': 175.0, 'away_moneyline': -210.0}]",5.0
401520374,2023,10,regular,2023-11-04T16:00:00.000Z,Ole Miss,SEC,38.0,Texas A&M,SEC,35.0,"[{'provider': 'Bovada', 'spread': -3.0, 'formatted_spread': 'Ole Miss -3.0', 'spread_open': -4.5, 'over_under': 52.5, 'over_under_open': 53.5, 'home_moneyline': -160.0, 'away_moneyline': 135.0}]",-3.0
401520375,2023,10,regular,2023-11-04T16:00:00.000Z,Rutgers,Big Ten,16.0,Ohio State,Big Ten,35.0,"[{'provider': 'Bovada', 'spread': 19.0, 'formatted_spread': 'Ohio State -19.0', 'spread_open': 18.0, 'over_under': 43.0, 'over_under_open': 43.5, 'home_moneyline': 650.0, 'away_moneyline': -1100.0}]",19.0
401524047,2023,10,regular,2023-11-04T21:30:00.000Z,Oregon,Pac-12,63.0,California,Pac-12,19.0,"[{'provider': 'Bovada', 'spread': -26.5, 'formatted_spread': 'Oregon -26.5', 'spread_open': -24.0, 'over_under': 61.5, 'over_under_open': 59.0, 'home_moneyline': -2200.0, 'away_moneyline': 1000.0}]",-26.5
401524048,2023,10,regular,2023-11-04T23:30:00.000Z,USC,Pac-12,42.0,Washington,Pac-12,52.0,"[{'provider': 'Bovada', 'spread': 3.0, 'formatted_spread': 'Washington -3.0', 'spread_open': -6.0, 'over_under': 76.0, 'over_under_open': 76.5, 'home_moneyline': 140.0, 'away_moneyline': -165.0}]",3.0
401525441,2023,10,regular,2023-11-04T16:00:00.000Z,Clemson,ACC,31.0,Notre Dame,FBS Independents,23.0,"[{'provider': 'Bovada', 'spread': 3.0, 'formatted_spread': 'Notre Dame -3.0', 'spread_open': -5.0, 'over_under': 44.5, 'over_under_open': 46.0, 'home_moneyline': 135.0, 'away_moneyline': -160.0}]",3.0
401525541,2023,10,regular,2023-11-04T19:30:00.000Z,Pittsburgh,ACC,7.0,Florida State,ACC,24.0,"[{'provider': 'Bovada', 'spread': 21.5, 'formatted_spread': 'Florida State -21.5', 'spread_open': 21.5, 'over_under': 50.0, 'over_under_open': 51.5, 'home_moneyline': 800.0, 'away_moneyline': -1600.0}]",21.5
401525883,2023,10,regular,2023-11-04T19:30:00.000Z,Oklahoma State,Big 12,27.0,Oklahoma,Big 12,24.0,"[{'provider': 'Bovada', 'spread': 5.0, 'formatted_spread': 'Oklahoma -5.0', 'spread_open': 8.0, 'over_under': 62.5, 'over_under_open': 62.0, 'home_moneyline': 180.0, 'away_moneyline': -220.0}]",5.0
401524050,2023,10,regular,2023-11-05T01:00:00.000Z,Washington State,Pac-12,7.0,Stanford,Pac-12,10.0,"[{'provider': 'Bovada', 'spread': -14.0, 'formatted_spread': 'Washington State -14.0', 'spread_open': -13.5, 'over_under': 58.0, 'over_under_open': 61.0, 'home_moneyline': -575.0, 'away_moneyline': 400.0}]",-14.0
401525884,2023,10,regular,2023-11-04T16:00:00.000Z,Texas,Big 12,33.0,Kansas State,Big 12,30.0,"[{'provider': 'Bovada', 'spread': -3.5, 'formatted_spread': 'Texas -3.5', 'spread_open': -8.5, 'over_under': 49.0, 'over_under_open': 51.5, 'home_moneyline': -210.0, 'away_moneyline': 175.0}]",-3.5
401525885,2023,10,regular,2023-11-04T23:00:00.000Z,West Virginia,Big 12,37.0,BYU,Big 12,7.0,"[{'provider': 'Bovada', 'spread': -12.5, 'formatted_spread': 'West Virginia -12.5', 'spread_open': -9.0, 'over_under': 49.0, 'over_under_open': 51.0, 'home_moneyline': -410.0, 'away_moneyline': 305.0}]",-12.5
401531343,2023,10,regular,2023-11-04T20:00:00.000Z,Tulsa,American Athletic,26.0,Charlotte,American Athletic,33.0,"[{'provider': 'Bovada', 'spread': -4.0, 'formatted_spread': 'Tulsa -4.0', 'spread_open': -3.5, 'over_under': 48.0, 'over_under_open': 49.0, 'home_moneyline': -175.0, 'away_moneyline': 150.0}]",-4.0
401520237,2023,3,regular,2023-09-16T23:00:00.000Z,Nebraska,Big Ten,35.0,Northern Illinois,Mid-American,11.0,"[{'provider': 'Bovada', 'spread': -11.5, 'formatted_spread': 'Nebraska -11.5', 'spread_open': -13.0, 'over_under': 43.0, 'over_under_open': 46.0, 'home_moneyline': -500.0, 'away_moneyline': 360.0}]",-11.5
401520239,2023,3,regular,2023-09-16T19:30:00.000Z,North Carolina,ACC,31.0,Minnesota,Big Ten,13.0,"[{'provider': 'Bovada', 'spread': -7.0, 'formatted_spread': 'North Carolina -7.0', 'spread_open': -6.5, 'over_under': 52.0, 'over_under_open': 49.0, 'home_moneyline': -285.0, 'away_moneyline': 235.0}]",-7.0
401520240,2023,3,regular,2023-09-16T20:00:00.000Z,Ohio State,Big Ten,63.0,Western Kentucky,Conference USA,10.0,"[{'provider': 'Bovada', 'spread': -29.5, 'formatted_spread': 'Ohio State -29.5', 'spread_open': -27.5, 'over_under': 64.5, 'over_under_open': 64.0, 'home_moneyline': -6500.0, 'away_moneyline': 1300.0}]",-29.5
401520241,2023,3,regular,2023-09-16T23:30:00.000Z,Ole Miss,SEC,48.0,Georgia Tech,ACC,23.0,"[{'provider': 'Bovada', 'spread': -17.0, 'formatted_spread': 'Ole Miss -17.0', 'spread_open': -19.0, 'over_under': 61.5, 'over_under_open': 63.0, 'home_moneyline': -1400.0, 'away_moneyline': 750.0}]",-17.0
401520243,2023,3,regular,2023-09-16T19:30:00.000Z,Rutgers,Big Ten,35.0,Virginia Tech,ACC,16.0,"[{'provider': 'Bovada', 'spread': -6.5, 'formatted_spread': 'Rutgers -6.5', 'spread_open': -4.5, 'over_under': 37.5, 'over_under_open': 39.5, 'home_moneyline': -185.0, 'away_moneyline': 160.0}]",-6.5
401520247,2023,3,regular,2023-09-16T23:00:00.000Z,UNLV,Mountain West,40.0,Vanderbilt,SEC,37.0,"[{'provider': 'Bovada', 'spread': 4.5, 'formatted_spread': 'Vanderbilt -4.5', 'spread_open': 4.0, 'over_under': 57.0, 'over_under_open': 57.0, 'home_moneyline': 175.0, 'away_moneyline': -210.0}]",4.5
401520249,2023,3,regular,2023-09-16T16:00:00.000Z,Wisconsin,Big Ten,35.0,Georgia Southern,Sun Belt,14.0,"[{'provider': 'Bovada', 'spread': -20.5, 'formatted_spread': 'Wisconsin -20.5', 'spread_open': -15.0, 'over_under': 65.5, 'over_under_open': 63.0, 'home_moneyline': -900.0, 'away_moneyline': 575.0}]",-20.5
401532608,2023,10,regular,2023-11-05T02:00:00.000Z,Fresno State,Mountain West,37.0,Boise State,Mountain West,30.0,"[{'provider': 'Bovada', 'spread': -2.5, 'formatted_spread': 'Fresno State -2.5', 'spread_open': -3.0, 'over_under': 53.5, 'over_under_open': 55.0, 'home_moneyline': -150.0, 'away_moneyline': 130.0}]",-2.5
401532609,2023,10,regular,2023-11-04T00:00:00.000Z,Wyoming,Mountain West,24.0,Colorado State,Mountain West,15.0,"[{'provider': 'Bovada', 'spread': -6.0, 'formatted_spread': 'Wyoming -6.0', 'spread_open': -7.0, 'over_under': 44.0, 'over_under_open': 43.5, 'home_moneyline': -235.0, 'away_moneyline': 195.0}]",-6.0
401532610,2023,10,regular,2023-11-04T20:00:00.000Z,Nevada,Mountain West,14.0,Hawai'i,Mountain West,27.0,"[{'provider': 'Bovada', 'spread': -3.0, 'formatted_spread': 'Nevada -3.0', 'spread_open': -3.5, 'over_under': 50.0, 'over_under_open': 50.5, 'home_moneyline': -180.0, 'away_moneyline': 155.0}]",-3.0
401532611,2023,10,regular,2023-11-04T22:00:00.000Z,New Mexico,Mountain West,14.0,UNLV,Mountain West,56.0,"[{'provider': 'Bovada', 'spread': 15.0, 'formatted_spread': 'UNLV -15.0', 'spread_open': 10.0, 'over_under': 58.0, 'over_under_open': 61.5, 'home_moneyline': 295.0, 'away_moneyline': -390.0}]",15.0
401532612,2023,10,regular,2023-11-04T23:00:00.000Z,San Diego State,Mountain West,24.0,Utah State,Mountain West,32.0,"[{'provider': 'Bovada', 'spread': 2.0, 'formatted_spread': 'Utah State -2.0', 'spread_open': 2.5, 'over_under': 56.5, 'over_under_open': 56.0, 'home_moneyline': 115.0, 'away_moneyline': -135.0}]",2.0
401520362,2023,10,regular,2023-11-04T23:45:00.000Z,Alabama,SEC,42.0,LSU,SEC,28.0,"[{'provider': 'Bovada', 'spread': -3.0, 'formatted_spread': 'Alabama -3.0', 'spread_open': -6.5, 'over_under': 60.5, 'over_under_open': 60.0, 'home_moneyline': -150.0, 'away_moneyline': 130.0}]",-3.0
401520363,2023,10,regular,2023-11-04T16:00:00.000Z,Florida,SEC,36.0,Arkansas,SEC,39.0,"[{'provider': 'Bovada', 'spread': -3.0, 'formatted_spread': 'Florida -3.0', 'spread_open': -6.0, 'over_under': 49.0, 'over_under_open': 49.0, 'home_moneyline': -235.0, 'away_moneyline': 195.0}]",-3.0
401520367,2023,10,regular,2023-11-04T19:30:00.000Z,Maryland,Big Ten,15.0,Penn State,Big Ten,51.0,"[{'provider': 'Bovada', 'spread': 8.5, 'formatted_spread': 'Penn State -8.5', 'spread_open': 10.0, 'over_under': 50.5, 'over_under_open': 50.0, 'home_moneyline': 310.0, 'away_moneyline': -415.0}]",8.5
401520368,2023,10,regular,2023-11-04T23:30:00.000Z,Michigan,Big Ten,41.0,Purdue,Big Ten,13.0,"[{'provider': 'Bovada', 'spread': -31.0, 'formatted_spread': 'Michigan -31.0', 'spread_open': -32.5, 'over_under': 54.0, 'over_under_open': 48.5, 'home_moneyline': -20000.0, 'away_moneyline': 3000.0}]",-31.0
401520369,2023,10,regular,2023-11-04T16:00:00.000Z,Michigan State,Big Ten,20.0,Nebraska,Big Ten,17.0,"[{'provider': 'Bovada', 'spread': 3.0, 'formatted_spread': 'Nebraska -3.0', 'spread_open': 3.5, 'over_under': 34.5, 'over_under_open': 35.0, 'home_moneyline': 120.0, 'away_moneyline': -140.0}]",3.0
401520370,2023,10,regular,2023-11-04T19:30:00.000Z,Minnesota,Big Ten,26.0,Illinois,Big Ten,27.0,"[{'provider': 'Bovada', 'spread': -2.0, 'formatted_spread': 'Minnesota -2.0', 'spread_open': -3.0, 'over_under': 44.0, 'over_under_open': 42.5, 'home_moneyline': -120.0, 'away_moneyline': 100.0}]",-2.0
401520371,2023,10,regular,2023-11-04T23:30:00.000Z,Mississippi State,SEC,3.0,Kentucky,SEC,24.0,"[{'provider': 'Bovada', 'spread': 5.5, 'formatted_spread': 'Kentucky -5.5', 'spread_open': 3.5, 'over_under': 44.5, 'over_under_open': 46.0, 'home_moneyline': 155.0, 'away_moneyline': -180.0}]",5.5
401520372,2023,10,regular,2023-11-04T22:00:00.000Z,New Mexico State,Conference USA,13.0,Middle Tennessee,Conference USA,7.0,"[{'provider': 'Bovada', 'spread': -3.0, 'formatted_spread': 'New Mexico State -3.0', 'spread_open': -3.0, 'over_under': 55.5, 'over_under_open': 56.5, 'home_moneyline': -160.0, 'away_moneyline': 135.0}]",-3.0
401540173,2023,1,regular,2023-09-02T23:00:00.000Z,Southern Illinois,MVFC,49.0,Austin Peay,UAC,23.0,"[{'provider': 'Bovada', 'spread': -7.5, 'formatted_spread': 'Southern Illinois -7.5', 'spread_open': -6.0, 'over_under': 55.0, 'over_under_open': 54.0, 'home_moneyline': None, 'away_moneyline': None}]",-7.5
401520435,2023,13,regular,2023-11-25T00:30:00.000Z,Michigan State,Big Ten,0.0,Penn State,Big Ten,42.0,"[{'provider': 'Bovada', 'spread': 23.5, 'formatted_spread': 'Penn State -23.5', 'spread_open': 10.5, 'over_under': 43.0, 'over_under_open': 43.0, 'home_moneyline': 750.0, 'away_moneyline': -1400.0}]",23.5
401520432,2023,13,regular,2023-11-25T17:00:00.000Z,Louisville,ACC,31.0,Kentucky,SEC,38.0,"[{'provider': 'Bovada', 'spread': -7.5, 'formatted_spread': 'Louisville -7.5', 'spread_open': -7.0, 'over_under': 47.5, 'over_under_open': 51.0, 'home_moneyline': -285.0, 'away_moneyline': 235.0}]",-7.5
401520439,2023,13,regular,2023-11-25T20:30:00.000Z,Rutgers,Big Ten,24.0,Maryland,Big Ten,42.0,"[{'provider': 'Bovada', 'spread': 2.0, 'formatted_spread': 'Maryland -2.0', 'spread_open': 1.5, 'over_under': 45.5, 'over_under_open': 45.5, 'home_moneyline': 105.0, 'away_moneyline': -125.0}]",2.0
401520442,2023,13,regular,2023-11-25T20:30:00.000Z,Tennessee,SEC,48.0,Vanderbilt,SEC,24.0,"[{'provider': 'Bovada', 'spread': -27.0, 'formatted_spread': 'Tennessee -27.0', 'spread_open': -25.5, 'over_under': 58.0, 'over_under_open': 56.5, 'home_moneyline': -5000.0, 'away_moneyline': 1300.0}]",-27.0
401524064,2023,13,regular,2023-11-25T20:30:00.000Z,Arizona State,Pac-12,23.0,Arizona,Pac-12,59.0,"[{'provider': 'Bovada', 'spread': 13.0, 'formatted_spread': 'Arizona -13.0', 'spread_open': 12.5, 'over_under': 50.0, 'over_under_open': 51.0, 'home_moneyline': 370.0, 'away_moneyline': -510.0}]",13.0
401524065,2023,13,regular,2023-11-26T00:00:00.000Z,Stanford,Pac-12,23.0,Notre Dame,FBS Independents,56.0,"[{'provider': 'Bovada', 'spread': 26.0, 'formatted_spread': 'Notre Dame -26.0', 'spread_open': 24.5, 'over_under': 50.5, 'over_under_open': 52.0, 'home_moneyline': 1100.0, 'away_moneyline': -3300.0}]",26.0
401524068,2023,13,regular,2023-11-25T21:00:00.000Z,Washington,Pac-12,24.0,Washington State,Pac-12,21.0,"[{'provider': 'Bovada', 'spread': -14.5, 'formatted_spread': 'Washington -14.5', 'spread_open': -16.5, 'over_under': 64.5, 'over_under_open': 68.0, 'home_moneyline': -950.0, 'away_moneyline': 600.0}]",-14.5
401525562,2023,13,regular,2023-11-26T01:00:00.000Z,NC State,ACC,39.0,North Carolina,ACC,20.0,"[{'provider': 'Bovada', 'spread': 3.0, 'formatted_spread': 'North Carolina -3.0', 'spread_open': 4.0, 'over_under': 56.0, 'over_under_open': 55.0, 'home_moneyline': 115.0, 'away_moneyline': -135.0}]",3.0
401525904,2023,13,regular,2023-11-26T01:00:00.000Z,Kansas State,Big 12,35.0,Iowa State,Big 12,42.0,"[{'provider': 'Bovada', 'spread': -9.5, 'formatted_spread': 'Kansas State -9.5', 'spread_open': -11.0, 'over_under': 46.0, 'over_under_open': 48.0, 'home_moneyline': -480.0, 'away_moneyline': 350.0}]",-9.5
401525905,2023,13,regular,2023-11-25T20:30:00.000Z,Oklahoma State,Big 12,40.0,BYU,Big 12,34.0,"[{'provider': 'Bovada', 'spread': -15.5, 'formatted_spread': 'Oklahoma State -15.5', 'spread_open': -17.5, 'over_under': 55.5, 'over_under_open': 57.0, 'home_moneyline': -950.0, 'away_moneyline': 600.0}]",-15.5
401531376,2023,13,regular,2023-11-24T20:30:00.000Z,Tulane,American Athletic,29.0,UT San Antonio,American Athletic,16.0,"[{'provider': 'Bovada', 'spread': -3.5, 'formatted_spread': 'Tulane -3.5', 'spread_open': -2.5, 'over_under': 53.5, 'over_under_open': 52.0, 'home_moneyline': -145.0, 'away_moneyline': 125.0}]",-3.5
401531394,2023,13,regular,2023-11-24T17:00:00.000Z,Temple,American Athletic,21.0,Memphis,American Athletic,45.0,"[{'provider': 'Bovada', 'spread': 13.5, 'formatted_spread': 'Memphis -13.5', 'spread_open': 11.0, 'over_under': 65.0, 'over_under_open': 65.0, 'home_moneyline': 350.0, 'away_moneyline': -480.0}]",13.5
401531834,2023,1,regular,2023-08-31T23:00:00.000Z,Georgia State,Sun Belt,42.0,Rhode Island,CAA,35.0,"[{'provider': 'Bovada', 'spread': -16.5, 'formatted_spread': 'Georgia State -16.5', 'spread_open': -19.0, 'over_under': 56.0, 'over_under_open': 55.5, 'home_moneyline': -1200.0, 'away_moneyline': 700.0}]",-16.5
401520195,2023,2,regular,2023-09-08T23:30:00.000Z,Kansas,Big 12,34.0,Illinois,Big Ten,23.0,"[{'provider': 'Bovada', 'spread': -4.0, 'formatted_spread': 'Kansas -4.0', 'spread_open': -3.0, 'over_under': 57.5, 'over_under_open': 55.5, 'home_moneyline': -180.0, 'away_moneyline': 155.0}]",-4.0
401520219,2023,3,regular,2023-09-17T03:00:00.000Z,Arizona,Pac-12,31.0,UTEP,Conference USA,10.0,"[{'provider': 'Bovada', 'spread': -18.5, 'formatted_spread': 'Arizona -18.5', 'spread_open': -17.0, 'over_under': 57.5, 'over_under_open': 55.5, 'home_moneyline': -950.0, 'away_moneyline': 600.0}]",-18.5
401520222,2023,3,regular,2023-09-16T16:00:00.000Z,Buffalo,Mid-American,27.0,Liberty,Conference USA,55.0,"[{'provider': 'Bovada', 'spread': 3.0, 'formatted_spread': 'Liberty -3.0', 'spread_open': 4.5, 'over_under': 54.0, 'over_under_open': 56.5, 'home_moneyline': 150.0, 'away_moneyline': -175.0}]",3.0
401520225,2023,3,regular,2023-09-16T19:30:00.000Z,Georgia,SEC,24.0,South Carolina,SEC,14.0,"[{'provider': 'Bovada', 'spread': -26.5, 'formatted_spread': 'Georgia -26.5', 'spread_open': -27.0, 'over_under': 53.5, 'over_under_open': 55.0, 'home_moneyline': -7000.0, 'away_moneyline': 1300.0}]",-26.5
401525505,2023,4,regular,2023-09-22T23:30:00.000Z,Virginia,ACC,21.0,NC State,ACC,24.0,"[{'provider': 'Bovada', 'spread': 8.0, 'formatted_spread': 'NC State -8.0', 'spread_open': 9.0, 'over_under': 47.0, 'over_under_open': 45.5, 'home_moneyline': 285.0, 'away_moneyline': -370.0}]",8.0
401532583,2023,4,regular,2023-09-23T02:30:00.000Z,San Diego State,Mountain West,31.0,Boise State,Mountain West,34.0,"[{'provider': 'Bovada', 'spread': 4.5, 'formatted_spread': 'Boise State -4.5', 'spread_open': 7.0, 'over_under': 47.5, 'over_under_open': 45.5, 'home_moneyline': 225.0, 'away_moneyline': -275.0}]",4.5
401520266,2023,4,regular,2023-09-22T23:00:00.000Z,Purdue,Big Ten,17.0,Wisconsin,Big Ten,38.0,"[{'provider': 'Bovada', 'spread': 6.0, 'formatted_spread': 'Wisconsin -6.0', 'spread_open': 7.0, 'over_under': 54.0, 'over_under_open': 54.0, 'home_moneyline': 220.0, 'away_moneyline': -270.0}]",6.0
401531339,2023,5,regular,2023-09-28T23:30:00.000Z,Tulsa,American Athletic,48.0,Temple,American Athletic,26.0,"[{'provider': 'Bovada', 'spread': -3.5, 'formatted_spread': 'Tulsa -3.5', 'spread_open': -4.5, 'over_under': 54.5, 'over_under_open': 54.5, 'home_moneyline': -170.0, 'away_moneyline': 145.0}]",-3.5
401520277,2023,5,regular,2023-09-28T23:30:00.000Z,Western Kentucky,Conference USA,31.0,Middle Tennessee,Conference USA,10.0,"[{'provider': 'Bovada', 'spread': -5.5, 'formatted_spread': 'Western Kentucky -5.5', 'spread_open': -8.0, 'over_under': 60.0, 'over_under_open': 60.0, 'home_moneyline': -225.0, 'away_moneyline': 185.0}]",-5.5
401524020,2023,5,regular,2023-09-30T01:00:00.000Z,Oregon State,Pac-12,21.0,Utah,Pac-12,7.0,"[{'provider': 'Bovada', 'spread': -3.0, 'formatted_spread': 'Oregon State -3.0', 'spread_open': 1.0, 'over_under': 44.5, 'over_under_open': 45.5, 'home_moneyline': -150.0, 'away_moneyline': 130.0}]",-3.0
401525512,2023,5,regular,2023-09-29T23:00:00.000Z,NC State,ACC,10.0,Louisville,ACC,13.0,"[{'provider': 'Bovada', 'spread': 3.0, 'formatted_spread': 'Louisville -3.0', 'spread_open': 3.0, 'over_under': 55.5, 'over_under_open': 55.5, 'home_moneyline': 145.0, 'away_moneyline': -170.0}]",3.0
401520278,2023,5,regular,2023-09-30T01:00:00.000Z,UTEP,Conference USA,10.0,Louisiana Tech,Conference USA,24.0,"[{'provider': 'Bovada', 'spread': 1.0, 'formatted_spread': 'Louisiana Tech -1.0', 'spread_open': -1.0, 'over_under': 52.5, 'over_under_open': 52.5, 'home_moneyline': -110.0, 'away_moneyline': -110.0}]",1.0
401520279,2023,5,regular,2023-09-30T16:00:00.000Z,Arkansas,SEC,22.0,Texas A&M,SEC,34.0,"[{'provider': 'Bovada', 'spread': 6.5, 'formatted_spread': 'Texas A&M -6.5', 'spread_open': 6.5, 'over_under': 54.5, 'over_under_open': 55.5, 'home_moneyline': 210.0, 'away_moneyline': -250.0}]",6.5
401520283,2023,5,regular,2023-09-30T19:30:00.000Z,Maryland,Big Ten,44.0,Indiana,Big Ten,17.0,"[{'provider': 'Bovada', 'spread': -14.0, 'formatted_spread': 'Maryland -14.0', 'spread_open': -14.5, 'over_under': 50.0, 'over_under_open': 50.0, 'home_moneyline': -625.0, 'away_moneyline': 430.0}]",-14.0
401520286,2023,5,regular,2023-09-30T19:30:00.000Z,Nebraska,Big Ten,7.0,Michigan,Big Ten,45.0,"[{'provider': 'Bovada', 'spread': 17.5, 'formatted_spread': 'Michigan -17.5', 'spread_open': None, 'over_under': 40.0, 'over_under_open': 40.5, 'home_moneyline': 575.0, 'away_moneyline': -900.0}]",17.5
401520287,2023,5,regular,2023-09-30T16:00:00.000Z,Northwestern,Big Ten,13.0,Penn State,Big Ten,41.0,"[{'provider': 'Bovada', 'spread': 25.5, 'formatted_spread': 'Penn State -25.5', 'spread_open': 25.5, 'over_under': 46.0, 'over_under_open': 46.0, 'home_moneyline': 1100.0, 'away_moneyline': -3300.0}]",25.5
401520293,2023,5,regular,2023-09-30T20:00:00.000Z,Vanderbilt,SEC,21.0,Missouri,SEC,38.0,"[{'provider': 'Bovada', 'spread': 13.5, 'formatted_spread': 'Missouri -13.5', 'spread_open': 12.0, 'over_under': 56.0, 'over_under_open': 56.5, 'home_moneyline': 390.0, 'away_moneyline': -550.0}]",13.5
401524021,2023,5,regular,2023-10-01T02:00:00.000Z,Arizona,Pac-12,24.0,Washington,Pac-12,31.0,"[{'provider': 'Bovada', 'spread': 17.5, 'formatted_spread': 'Washington -17.5', 'spread_open': 18.5, 'over_under': 68.5, 'over_under_open': 69.5, 'home_moneyline': 575.0, 'away_moneyline': -900.0}]",17.5
401520275,2023,4,regular,2023-09-23T22:30:00.000Z,Florida International,Conference USA,6.0,Liberty,Conference USA,38.0,"[{'provider': 'Bovada', 'spread': 10.0, 'formatted_spread': 'Liberty -10.0', 'spread_open': 13.0, 'over_under': 52.0, 'over_under_open': 54.0, 'home_moneyline': 305.0, 'away_moneyline': -410.0}]",10.0
401532594,2023,7,regular,2023-10-14T00:00:00.000Z,Utah State,Mountain West,32.0,Fresno State,Mountain West,37.0,"[{'provider': 'Bovada', 'spread': 5.5, 'formatted_spread': 'Fresno State -5.5', 'spread_open': 7.0, 'over_under': 55.5, 'over_under_open': 61.5, 'home_moneyline': 215.0, 'away_moneyline': -260.0}]",5.5
401520316,2023,7,regular,2023-10-14T16:00:00.000Z,Alabama,SEC,24.0,Arkansas,SEC,21.0,"[{'provider': 'Bovada', 'spread': -19.5, 'formatted_spread': 'Alabama -19.5', 'spread_open': -19.0, 'over_under': 45.5, 'over_under_open': 48.5, 'home_moneyline': -1200.0, 'away_moneyline': 700.0}]",-19.5
401520318,2023,7,regular,2023-10-14T23:30:00.000Z,Kentucky,SEC,21.0,Missouri,SEC,38.0,"[{'provider': 'Bovada', 'spread': -2.0, 'formatted_spread': 'Kentucky -2.0', 'spread_open': -3.0, 'over_under': 50.5, 'over_under_open': 53.5, 'home_moneyline': -135.0, 'away_moneyline': 115.0}]",-2.0
401520319,2023,7,regular,2023-10-14T23:00:00.000Z,LSU,SEC,48.0,Auburn,SEC,18.0,"[{'provider': 'Bovada', 'spread': -11.0, 'formatted_spread': 'LSU -11.0', 'spread_open': -16.0, 'over_under': 60.0, 'over_under_open': 63.5, 'home_moneyline': -440.0, 'away_moneyline': 330.0}]",-11.0
401520320,2023,7,regular,2023-10-14T19:30:00.000Z,Maryland,Big Ten,24.0,Illinois,Big Ten,27.0,"[{'provider': 'Bovada', 'spread': -13.0, 'formatted_spread': 'Maryland -13.0', 'spread_open': -14.5, 'over_under': 52.0, 'over_under_open': 52.5, 'home_moneyline': -600.0, 'away_moneyline': 425.0}]",-13.0
401525548,2023,11,regular,2023-11-11T17:00:00.000Z,Clemson,ACC,42.0,Georgia Tech,ACC,21.0,"[{'provider': 'Bovada', 'spread': -14.5, 'formatted_spread': 'Clemson -14.5', 'spread_open': -14.5, 'over_under': 53.5, 'over_under_open': 55.5, 'home_moneyline': -675.0, 'away_moneyline': 460.0}]",-14.5
401525549,2023,11,regular,2023-11-12T01:00:00.000Z,North Carolina,ACC,47.0,Duke,ACC,45.0,"[{'provider': 'Bovada', 'spread': -10.0, 'formatted_spread': 'North Carolina -10.0', 'spread_open': -8.5, 'over_under': 53.5, 'over_under_open': 50.5, 'home_moneyline': -525.0, 'away_moneyline': 375.0}]",-10.0
401525550,2023,11,regular,2023-11-11T20:30:00.000Z,Florida State,ACC,27.0,Miami,ACC,20.0,"[{'provider': 'Bovada', 'spread': -14.5, 'formatted_spread': 'Florida State -14.5', 'spread_open': -15.5, 'over_under': 50.5, 'over_under_open': 50.0, 'home_moneyline': -650.0, 'away_moneyline': 450.0}]",-14.5
401525551,2023,11,regular,2023-11-11T19:00:00.000Z,Wake Forest,ACC,6.0,NC State,ACC,26.0,"[{'provider': 'Bovada', 'spread': 2.0, 'formatted_spread': 'NC State -2.0', 'spread_open': 2.5, 'over_under': 43.5, 'over_under_open': 45.0, 'home_moneyline': 100.0, 'away_moneyline': -120.0}]",2.0
401525552,2023,11,regular,2023-11-11T20:30:00.000Z,Syracuse,ACC,28.0,Pittsburgh,ACC,13.0,"[{'provider': 'Bovada', 'spread': 3.0, 'formatted_spread': 'Pittsburgh -3.0', 'spread_open': 1.5, 'over_under': 38.0, 'over_under_open': 37.5, 'home_moneyline': 130.0, 'away_moneyline': -150.0}]",3.0
401525886,2023,11,regular,2023-11-12T03:15:00.000Z,BYU,Big 12,13.0,Iowa State,Big 12,45.0,"[{'provider': 'Bovada', 'spread': 7.5, 'formatted_spread': 'Iowa State -7.5', 'spread_open': 7.0, 'over_under': 41.5, 'over_under_open': 42.5, 'home_moneyline': 240.0, 'away_moneyline': -290.0}]",7.5
401525887,2023,11,regular,2023-11-12T00:00:00.000Z,Houston,Big 12,14.0,Cincinnati,Big 12,24.0,"[{'provider': 'Bovada', 'spread': -3.0, 'formatted_spread': 'Houston -3.0', 'spread_open': -2.0, 'over_under': 54.0, 'over_under_open': 55.5, 'home_moneyline': -160.0, 'away_moneyline': 135.0}]",-3.0
401525888,2023,11,regular,2023-11-11T17:00:00.000Z,Kansas,Big 12,13.0,Texas Tech,Big 12,16.0,"[{'provider': 'Bovada', 'spread': -3.5, 'formatted_spread': 'Kansas -3.5', 'spread_open': -3.5, 'over_under': 62.5, 'over_under_open': 60.5, 'home_moneyline': -195.0, 'away_moneyline': 165.0}]",-3.5
401525889,2023,11,regular,2023-11-11T20:00:00.000Z,Kansas State,Big 12,59.0,Baylor,Big 12,25.0,"[{'provider': 'Bovada', 'spread': -21.0, 'formatted_spread': 'Kansas State -21.0', 'spread_open': -20.0, 'over_under': 55.5, 'over_under_open': 55.0, 'home_moneyline': -1800.0, 'away_moneyline': 850.0}]",-21.0
401525890,2023,11,regular,2023-11-12T00:00:00.000Z,Oklahoma,Big 12,59.0,West Virginia,Big 12,20.0,"[{'provider': 'Bovada', 'spread': -13.0, 'formatted_spread': 'Oklahoma -13.0', 'spread_open': -13.0, 'over_under': 59.5, 'over_under_open': 58.0, 'home_moneyline': -490.0, 'away_moneyline': 355.0}]",-13.0
401525891,2023,11,regular,2023-11-12T00:30:00.000Z,TCU,Big 12,26.0,Texas,Big 12,29.0,"[{'provider': 'Bovada', 'spread': 13.0, 'formatted_spread': 'Texas -13.0', 'spread_open': 5.0, 'over_under': 56.0, 'over_under_open': 53.0, 'home_moneyline': 350.0, 'away_moneyline': -480.0}]",13.0
401525892,2023,11,regular,2023-11-11T20:30:00.000Z,UCF,Big 12,45.0,Oklahoma State,Big 12,3.0,"[{'provider': 'Bovada', 'spread': 2.0, 'formatted_spread': 'Oklahoma State -2.0', 'spread_open': 2.5, 'over_under': 64.0, 'over_under_open': 64.0, 'home_moneyline': 115.0, 'away_moneyline': -135.0}]",2.0
401531344,2023,11,regular,2023-11-11T17:00:00.000Z,Tulane,American Athletic,24.0,Tulsa,American Athletic,22.0,"[{'provider': 'Bovada', 'spread': -25.0, 'formatted_spread': 'Tulane -25.0', 'spread_open': -22.5, 'over_under': 53.0, 'over_under_open': 53.5, 'home_moneyline': -2500.0, 'away_moneyline': 1000.0}]",-25.0
401531384,2023,11,regular,2023-11-11T20:30:00.000Z,Navy,American Athletic,31.0,UAB,American Athletic,6.0,"[{'provider': 'Bovada', 'spread': 3.0, 'formatted_spread': 'UAB -3.0', 'spread_open': 5.0, 'over_under': 51.5, 'over_under_open': 54.0, 'home_moneyline': 120.0, 'away_moneyline': -140.0}]",3.0
401531393,2023,11,regular,2023-11-11T17:00:00.000Z,South Florida,American Athletic,27.0,Temple,American Athletic,23.0,"[{'provider': 'Bovada', 'spread': -7.0, 'formatted_spread': 'South Florida -7.0', 'spread_open': -8.0, 'over_under': 69.5, 'over_under_open': 66.5, 'home_moneyline': -285.0, 'away_moneyline': 235.0}]",-7.0
401531400,2023,11,regular,2023-11-12T00:30:00.000Z,UT San Antonio,American Athletic,34.0,Rice,American Athletic,14.0,"[{'provider': 'Bovada', 'spread': -13.5, 'formatted_spread': 'UT San Antonio -13.5', 'spread_open': -12.5, 'over_under': 55.0, 'over_under_open': 60.0, 'home_moneyline': -550.0, 'away_moneyline': 390.0}]",-13.5
401531408,2023,11,regular,2023-11-11T19:00:00.000Z,Charlotte,American Athletic,38.0,Memphis,American Athletic,44.0,"[{'provider': 'Bovada', 'spread': 10.0, 'formatted_spread': 'Memphis -10.0', 'spread_open': 11.5, 'over_under': 51.5, 'over_under_open': 53.0, 'home_moneyline': 315.0, 'away_moneyline': -420.0}]",10.0
401531416,2023,11,regular,2023-11-11T21:00:00.000Z,Florida Atlantic,American Athletic,7.0,East Carolina,American Athletic,22.0,"[{'provider': 'Bovada', 'spread': -7.5, 'formatted_spread': 'Florida Atlantic -7.5', 'spread_open': -10.0, 'over_under': 45.0, 'over_under_open': 45.5, 'home_moneyline': -310.0, 'away_moneyline': 255.0}]",-7.5
401531912,2023,11,regular,2023-11-11T20:30:00.000Z,Coastal Carolina,Sun Belt,31.0,Texas State,Sun Belt,23.0,"[{'provider': 'Bovada', 'spread': 3.0, 'formatted_spread': 'Texas State -3.0', 'spread_open': -1.5, 'over_under': 55.5, 'over_under_open': 60.5, 'home_moneyline': 110.0, 'away_moneyline': -130.0}]",3.0
401531913,2023,11,regular,2023-11-11T19:00:00.000Z,Georgia State,Sun Belt,14.0,Appalachian State,Sun Belt,42.0,"[{'provider': 'Bovada', 'spread': -3.0, 'formatted_spread': 'Georgia State -3.0', 'spread_open': -2.0, 'over_under': 62.5, 'over_under_open': 60.0, 'home_moneyline': -145.0, 'away_moneyline': 125.0}]",-3.0
401531914,2023,11,regular,2023-11-12T00:00:00.000Z,Marshall,Sun Belt,38.0,Georgia Southern,Sun Belt,33.0,"[{'provider': 'Bovada', 'spread': 1.5, 'formatted_spread': 'Georgia Southern -1.5', 'spread_open': 1.5, 'over_under': 56.5, 'over_under_open': 56.5, 'home_moneyline': 100.0, 'away_moneyline': -120.0}]",1.5
401531915,2023,11,regular,2023-11-11T19:00:00.000Z,Louisiana Monroe,Sun Belt,14.0,Troy,Sun Belt,45.0,"[{'provider': 'Bovada', 'spread': 21.5, 'formatted_spread': 'Troy -21.5', 'spread_open': 20.5, 'over_under': 46.0, 'over_under_open': 45.5, 'home_moneyline': 900.0, 'away_moneyline': -1900.0}]",21.5
401531916,2023,11,regular,2023-11-11T22:00:00.000Z,South Alabama,Sun Belt,21.0,Arkansas State,Sun Belt,14.0,"[{'provider': 'Bovada', 'spread': -15.0, 'formatted_spread': 'South Alabama -15.0', 'spread_open': -11.0, 'over_under': 55.5, 'over_under_open': 55.0, 'home_moneyline': -575.0, 'away_moneyline': 400.0}]",-15.0
401532613,2023,11,regular,2023-11-12T04:00:00.000Z,Hawai'i,Mountain West,27.0,Air Force,Mountain West,13.0,"[{'provider': 'Bovada', 'spread': 20.5, 'formatted_spread': 'Air Force -20.5', 'spread_open': 19.0, 'over_under': 46.5, 'over_under_open': 49.5, 'home_moneyline': 725.0, 'away_moneyline': -1300.0}]",20.5
401532614,2023,11,regular,2023-11-12T03:30:00.000Z,San José State,Mountain West,42.0,Fresno State,Mountain West,18.0,"[{'provider': 'Bovada', 'spread': -2.5, 'formatted_spread': 'San José State -2.5', 'spread_open': 1.0, 'over_under': 51.5, 'over_under_open': 56.0, 'home_moneyline': -130.0, 'away_moneyline': 110.0}]",-2.5
401532615,2023,11,regular,2023-11-11T20:00:00.000Z,Utah State,Mountain West,41.0,Nevada,Mountain West,24.0,"[{'provider': 'Bovada', 'spread': -14.5, 'formatted_spread': 'Utah State -14.5', 'spread_open': -16.0, 'over_under': 54.0, 'over_under_open': 56.0, 'home_moneyline': -800.0, 'away_moneyline': 525.0}]",-14.5
401532616,2023,11,regular,2023-11-12T03:00:00.000Z,Boise State,Mountain West,42.0,New Mexico,Mountain West,14.0,"[{'provider': 'Bovada', 'spread': -27.5, 'formatted_spread': 'Boise State -27.5', 'spread_open': -25.0, 'over_under': 59.5, 'over_under_open': 60.5, 'home_moneyline': -7000.0, 'away_moneyline': 1300.0}]",-27.5
401532618,2023,11,regular,2023-11-11T03:45:00.000Z,UNLV,Mountain West,34.0,Wyoming,Mountain West,14.0,"[{'provider': 'Bovada', 'spread': -3.0, 'formatted_spread': 'UNLV -3.0', 'spread_open': -3.0, 'over_under': 48.0, 'over_under_open': 51.5, 'home_moneyline': -200.0, 'away_moneyline': 170.0}]",-3.0
401520380,2023,11,regular,2023-11-11T21:00:00.000Z,Arkansas,SEC,10.0,Auburn,SEC,48.0,"[{'provider': 'Bovada', 'spread': -2.0, 'formatted_spread': 'Arkansas -2.0', 'spread_open': -3.0, 'over_under': 47.0, 'over_under_open': 51.0, 'home_moneyline': -125.0, 'away_moneyline': 105.0}]",-2.0
401520382,2023,11,regular,2023-11-12T00:00:00.000Z,Georgia,SEC,52.0,Ole Miss,SEC,17.0,"[{'provider': 'Bovada', 'spread': -11.0, 'formatted_spread': 'Georgia -11.0', 'spread_open': -19.5, 'over_under': 59.0, 'over_under_open': 58.5, 'home_moneyline': -440.0, 'away_moneyline': 330.0}]",-11.0
401520383,2023,11,regular,2023-11-11T17:00:00.000Z,Illinois,Big Ten,48.0,Indiana,Big Ten,45.0,"[{'provider': 'Bovada', 'spread': -4.5, 'formatted_spread': 'Illinois -4.5', 'spread_open': -5.5, 'over_under': 44.0, 'over_under_open': 43.5, 'home_moneyline': -210.0, 'away_moneyline': 175.0}]",-4.5
401520384,2023,11,regular,2023-11-11T20:30:00.000Z,Iowa,Big Ten,22.0,Rutgers,Big Ten,0.0,"[{'provider': 'Bovada', 'spread': -1.0, 'formatted_spread': 'Iowa -1.0', 'spread_open': -2.5, 'over_under': 27.5, 'over_under_open': 29.0, 'home_moneyline': -120.0, 'away_moneyline': 100.0}]",-1.0
401531374,2023,10,regular,2023-11-04T19:30:00.000Z,East Carolina,American Athletic,10.0,Tulane,American Athletic,13.0,"[{'provider': 'Bovada', 'spread': 17.0, 'formatted_spread': 'Tulane -17.0', 'spread_open': 16.5, 'over_under': 44.5, 'over_under_open': 48.0, 'home_moneyline': 525.0, 'away_moneyline': -800.0}]",17.0
401531383,2023,10,regular,2023-11-04T19:00:00.000Z,UAB,American Athletic,45.0,Florida Atlantic,American Athletic,42.0,"[{'provider': 'Bovada', 'spread': 1.0, 'formatted_spread': 'Florida Atlantic -1.0', 'spread_open': 2.0, 'over_under': 59.0, 'over_under_open': 60.0, 'home_moneyline': -105.0, 'away_moneyline': -115.0}]",1.0
401531392,2023,10,regular,2023-11-04T18:00:00.000Z,Temple,American Athletic,32.0,Navy,American Athletic,18.0,"[{'provider': 'Bovada', 'spread': 7.0, 'formatted_spread': 'Navy -7.0', 'spread_open': 7.0, 'over_under': 46.0, 'over_under_open': 41.5, 'home_moneyline': 210.0, 'away_moneyline': -250.0}]",7.0
401531399,2023,10,regular,2023-11-04T19:00:00.000Z,North Texas,American Athletic,29.0,UT San Antonio,American Athletic,37.0,"[{'provider': 'Bovada', 'spread': 7.5, 'formatted_spread': 'UT San Antonio -7.5', 'spread_open': 8.0, 'over_under': 71.0, 'over_under_open': 70.0, 'home_moneyline': 260.0, 'away_moneyline': -320.0}]",7.5
401531425,2023,10,regular,2023-11-04T19:00:00.000Z,Memphis,American Athletic,59.0,South Florida,American Athletic,50.0,"[{'provider': 'Bovada', 'spread': -13.5, 'formatted_spread': 'Memphis -13.5', 'spread_open': -13.5, 'over_under': 68.0, 'over_under_open': 67.0, 'home_moneyline': -550.0, 'away_moneyline': 390.0}]",-13.5
401531440,2023,10,regular,2023-11-04T23:30:00.000Z,Rice,American Athletic,31.0,SMU,American Athletic,36.0,"[{'provider': 'Bovada', 'spread': 13.0, 'formatted_spread': 'SMU -13.0', 'spread_open': 11.0, 'over_under': 59.0, 'over_under_open': 58.5, 'home_moneyline': 335.0, 'away_moneyline': -450.0}]",13.0
401531905,2023,10,regular,2023-11-04T22:00:00.000Z,Appalachian State,Sun Belt,31.0,Marshall,Sun Belt,9.0,"[{'provider': 'Bovada', 'spread': -3.0, 'formatted_spread': 'Appalachian State -3.0', 'spread_open': -3.5, 'over_under': 57.5, 'over_under_open': 55.5, 'home_moneyline': -175.0, 'away_moneyline': 150.0}]",-3.0
401531906,2023,10,regular,2023-11-04T19:30:00.000Z,Georgia State,Sun Belt,14.0,James Madison,Sun Belt,42.0,"[{'provider': 'Bovada', 'spread': 6.0, 'formatted_spread': 'James Madison -6.0', 'spread_open': 5.5, 'over_under': 53.0, 'over_under_open': 55.0, 'home_moneyline': 180.0, 'away_moneyline': -220.0}]",6.0
401531907,2023,10,regular,2023-11-04T19:30:00.000Z,Old Dominion,Sun Belt,24.0,Coastal Carolina,Sun Belt,28.0,"[{'provider': 'Bovada', 'spread': -1.0, 'formatted_spread': 'Old Dominion -1.0', 'spread_open': -35.0, 'over_under': 51.5, 'over_under_open': 53.0, 'home_moneyline': -110.0, 'away_moneyline': -110.0}]",-1.0
401531908,2023,10,regular,2023-11-04T19:00:00.000Z,Arkansas State,Sun Belt,37.0,Louisiana,Sun Belt,17.0,"[{'provider': 'Bovada', 'spread': 7.0, 'formatted_spread': 'Louisiana -7.0', 'spread_open': 9.5, 'over_under': 59.5, 'over_under_open': 60.5, 'home_moneyline': 290.0, 'away_moneyline': -380.0}]",7.0
401531909,2023,10,regular,2023-11-04T20:00:00.000Z,Southern Mississippi,Sun Belt,24.0,Louisiana Monroe,Sun Belt,7.0,"[{'provider': 'Bovada', 'spread': -3.0, 'formatted_spread': 'Southern Mississippi -3.0', 'spread_open': -2.5, 'over_under': 56.0, 'over_under_open': 55.0, 'home_moneyline': -135.0, 'away_moneyline': 115.0}]",-3.0
401531910,2023,10,regular,2023-11-04T21:00:00.000Z,Texas State,Sun Belt,45.0,Georgia Southern,Sun Belt,24.0,"[{'provider': 'Bovada', 'spread': -2.5, 'formatted_spread': 'Texas State -2.5', 'spread_open': 1.5, 'over_under': 68.5, 'over_under_open': 71.0, 'home_moneyline': 105.0, 'away_moneyline': -125.0}]",-2.5
401532627,2023,13,regular,2023-11-26T03:30:00.000Z,San Diego State,Mountain West,33.0,Fresno State,Mountain West,18.0,"[{'provider': 'Bovada', 'spread': 4.5, 'formatted_spread': 'Fresno State -4.5', 'spread_open': 6.0, 'over_under': 47.0, 'over_under_open': 46.0, 'home_moneyline': 175.0, 'away_moneyline': -210.0}]",4.5
401532628,2023,13,regular,2023-11-25T20:00:00.000Z,UNLV,Mountain West,31.0,San José State,Mountain West,37.0,"[{'provider': 'Bovada', 'spread': -1.0, 'formatted_spread': 'UNLV -1.0', 'spread_open': -3.0, 'over_under': 58.0, 'over_under_open': 58.0, 'home_moneyline': -160.0, 'away_moneyline': 135.0}]",-1.0
401532629,2023,13,regular,2023-11-24T20:30:00.000Z,New Mexico,Mountain West,41.0,Utah State,Mountain West,44.0,"[{'provider': 'Bovada', 'spread': 4.5, 'formatted_spread': 'Utah State -4.5', 'spread_open': 8.5, 'over_under': 58.5, 'over_under_open': 62.0, 'home_moneyline': 275.0, 'away_moneyline': -350.0}]",4.5
401532630,2023,13,regular,2023-11-26T02:00:00.000Z,Nevada,Mountain West,6.0,Wyoming,Mountain West,42.0,"[{'provider': 'Bovada', 'spread': 11.5, 'formatted_spread': 'Wyoming -11.5', 'spread_open': 11.0, 'over_under': 42.0, 'over_under_open': 41.5, 'home_moneyline': 335.0, 'away_moneyline': -450.0}]",11.5
401520426,2023,13,regular,2023-11-24T21:00:00.000Z,Arkansas,SEC,14.0,Missouri,SEC,48.0,"[{'provider': 'Bovada', 'spread': 10.0, 'formatted_spread': 'Missouri -10.0', 'spread_open': 7.5, 'over_under': 53.5, 'over_under_open': 55.0, 'home_moneyline': 250.0, 'away_moneyline': -300.0}]",10.0
401520427,2023,13,regular,2023-11-25T20:30:00.000Z,Auburn,SEC,24.0,Alabama,SEC,27.0,"[{'provider': 'Bovada', 'spread': 14.0, 'formatted_spread': 'Alabama -14.0', 'spread_open': 13.0, 'over_under': 48.0, 'over_under_open': 49.0, 'home_moneyline': 475.0, 'away_moneyline': -700.0}]",14.0
401520428,2023,13,regular,2023-11-25T20:00:00.000Z,Florida International,Conference USA,28.0,Western Kentucky,Conference USA,41.0,"[{'provider': 'Bovada', 'spread': 11.5, 'formatted_spread': 'Western Kentucky -11.5', 'spread_open': 10.0, 'over_under': 54.0, 'over_under_open': 55.0, 'home_moneyline': 290.0, 'away_moneyline': -380.0}]",11.5
401520429,2023,13,regular,2023-11-26T00:00:00.000Z,Florida,SEC,15.0,Florida State,ACC,24.0,"[{'provider': 'Bovada', 'spread': 6.5, 'formatted_spread': 'Florida State -6.5', 'spread_open': 9.5, 'over_under': 48.5, 'over_under_open': 51.0, 'home_moneyline': 205.0, 'away_moneyline': -245.0}]",6.5
401520433,2023,13,regular,2023-11-25T17:00:00.000Z,LSU,SEC,42.0,Texas A&M,SEC,30.0,"[{'provider': 'Bovada', 'spread': -11.0, 'formatted_spread': 'LSU -11.0', 'spread_open': -10.5, 'over_under': 68.0, 'over_under_open': 66.0, 'home_moneyline': -415.0, 'away_moneyline': 310.0}]",-11.0
401520434,2023,13,regular,2023-11-25T17:00:00.000Z,Michigan,Big Ten,30.0,Ohio State,Big Ten,24.0,"[{'provider': 'Bovada', 'spread': -3.0, 'formatted_spread': 'Michigan -3.0', 'spread_open': -3.0, 'over_under': 47.0, 'over_under_open': 46.5, 'home_moneyline': -180.0, 'away_moneyline': 155.0}]",-3.0
401520438,2023,13,regular,2023-11-25T17:00:00.000Z,Purdue,Big Ten,35.0,Indiana,Big Ten,31.0,"[{'provider': 'Bovada', 'spread': -6.5, 'formatted_spread': 'Purdue -6.5', 'spread_open': -2.5, 'over_under': 55.5, 'over_under_open': 50.0, 'home_moneyline': -130.0, 'away_moneyline': 110.0}]",-6.5
401520440,2023,13,regular,2023-11-25T17:00:00.000Z,Sam Houston State,Conference USA,23.0,Middle Tennessee,Conference USA,20.0,"[{'provider': 'Bovada', 'spread': 3.5, 'formatted_spread': 'Middle Tennessee -3.5', 'spread_open': 4.5, 'over_under': 50.5, 'over_under_open': 49.0, 'home_moneyline': 150.0, 'away_moneyline': -175.0}]",3.5
401520441,2023,13,regular,2023-11-26T00:30:00.000Z,South Carolina,SEC,7.0,Clemson,ACC,16.0,"[{'provider': 'Bovada', 'spread': 7.5, 'formatted_spread': 'Clemson -7.5', 'spread_open': 6.5, 'over_under': 48.0, 'over_under_open': 52.0, 'home_moneyline': 235.0, 'away_moneyline': -285.0}]",7.5
401520444,2023,13,regular,2023-11-25T20:30:00.000Z,UTEP,Conference USA,28.0,Liberty,Conference USA,42.0,"[{'provider': 'Bovada', 'spread': 18.0, 'formatted_spread': 'Liberty -18.0', 'spread_open': 16.0, 'over_under': 54.5, 'over_under_open': 59.0, 'home_moneyline': 600.0, 'away_moneyline': -950.0}]",18.0
401520445,2023,15,regular,2023-12-09T20:00:00.000Z,Army,FBS Independents,17.0,Navy,American Athletic,11.0,"[{'provider': 'Bovada', 'spread': -2.5, 'formatted_spread': 'Army -2.5', 'spread_open': -1.5, 'over_under': 28.0, 'over_under_open': 30.5, 'home_moneyline': 130.0, 'away_moneyline': -150.0}]",-2.5
401520174,2023,1,regular,2023-08-31T23:30:00.000Z,Connecticut,FBS Independents,14.0,NC State,ACC,24.0,"[{'provider': 'Bovada', 'spread': 14.5, 'formatted_spread': 'NC State -14.5', 'spread_open': 16.0, 'over_under': 48.0, 'over_under_open': 50.0, 'home_moneyline': 500.0, 'away_moneyline': -750.0}]",14.5
401520165,2023,1,regular,2023-09-01T00:00:00.000Z,Missouri,SEC,35.0,South Dakota,MVFC,10.0,"[{'provider': 'Bovada', 'spread': -28.0, 'formatted_spread': 'Missouri -28.0', 'spread_open': -29.0, 'over_under': 45.5, 'over_under_open': 46.5, 'home_moneyline': -10000.0, 'away_moneyline': 1600.0}]",-28.0
401520176,2023,1,regular,2023-09-01T00:00:00.000Z,Utah,Pac-12,24.0,Florida,SEC,11.0,"[{'provider': 'Bovada', 'spread': -5.5, 'formatted_spread': 'Utah -5.5', 'spread_open': -8.5, 'over_under': 44.0, 'over_under_open': 51.0, 'home_moneyline': -230.0, 'away_moneyline': 190.0}]",-5.5
401531337,2023,1,regular,2023-09-01T00:00:00.000Z,Tulsa,American Athletic,42.0,Arkansas-Pine Bluff,SWAC,7.0,"[{'provider': 'Bovada', 'spread': -38.5, 'formatted_spread': 'Tulsa -38.5', 'spread_open': -37.0, 'over_under': 55.0, 'over_under_open': 55.0, 'home_moneyline': None, 'away_moneyline': None}]",-38.5
401525463,2023,1,regular,2023-09-01T23:00:00.000Z,Miami,ACC,38.0,Miami (OH),Mid-American,3.0,"[{'provider': 'Bovada', 'spread': -16.5, 'formatted_spread': 'Miami -16.5', 'spread_open': -17.5, 'over_under': 45.0, 'over_under_open': 48.5, 'home_moneyline': -900.0, 'away_moneyline': 575.0}]",-16.5
401525462,2023,1,regular,2023-09-01T23:30:00.000Z,Georgia Tech,ACC,34.0,Louisville,ACC,39.0,"[{'provider': 'Bovada', 'spread': 7.5, 'formatted_spread': 'Louisville -7.5', 'spread_open': 8.0, 'over_under': 49.5, 'over_under_open': 52.0, 'home_moneyline': 250.0, 'away_moneyline': -300.0}]",7.5
401523988,2023,1,regular,2023-09-02T03:00:00.000Z,Hawai'i,Mountain West,24.0,Stanford,Pac-12,37.0,"[{'provider': 'Bovada', 'spread': 2.5, 'formatted_spread': 'Stanford -2.5', 'spread_open': 8.0, 'over_under': 54.5, 'over_under_open': 58.5, 'home_moneyline': 235.0, 'away_moneyline': -285.0}]",2.5
401520179,2023,1,regular,2023-09-02T16:00:00.000Z,Tennessee,SEC,49.0,Virginia,ACC,13.0,"[{'provider': 'Bovada', 'spread': -27.0, 'formatted_spread': 'Tennessee -27.0', 'spread_open': -27.5, 'over_under': 55.5, 'over_under_open': 56.5, 'home_moneyline': None, 'away_moneyline': None}]",-27.0
401520156,2023,1,regular,2023-09-02T19:30:00.000Z,Indiana,Big Ten,3.0,Ohio State,Big Ten,23.0,"[{'provider': 'Bovada', 'spread': 30.0, 'formatted_spread': 'Ohio State -30.0', 'spread_open': 28.0, 'over_under': 59.5, 'over_under_open': 59.5, 'home_moneyline': 1600.0, 'away_moneyline': -10000.0}]",30.0
401523997,2023,1,regular,2023-09-02T19:30:00.000Z,Washington,Pac-12,56.0,Boise State,Mountain West,19.0,"[{'provider': 'Bovada', 'spread': -14.5, 'formatted_spread': 'Washington -14.5', 'spread_open': -14.5, 'over_under': 59.0, 'over_under_open': 58.5, 'home_moneyline': -675.0, 'away_moneyline': 460.0}]",-14.5
401525435,2023,1,regular,2023-09-02T19:30:00.000Z,Notre Dame,FBS Independents,56.0,Tennessee State,Big South-OVC,3.0,"[{'provider': 'Bovada', 'spread': -48.0, 'formatted_spread': 'Notre Dame -48.0', 'spread_open': -48.0, 'over_under': 54.5, 'over_under_open': 52.5, 'home_moneyline': None, 'away_moneyline': None}]",-48.0
401525895,2023,12,regular,2023-11-19T01:00:00.000Z,Iowa State,Big 12,16.0,Texas,Big 12,26.0,"[{'provider': 'Bovada', 'spread': 6.5, 'formatted_spread': 'Texas -6.5', 'spread_open': 8.5, 'over_under': 44.5, 'over_under_open': 47.5, 'home_moneyline': 255.0, 'away_moneyline': -310.0}]",6.5
401531840,2023,1,regular,2023-09-02T23:00:00.000Z,Southern Mississippi,Sun Belt,40.0,Alcorn State,SWAC,14.0,"[{'provider': 'Bovada', 'spread': -24.5, 'formatted_spread': 'Southern Mississippi -24.5', 'spread_open': -24.0, 'over_under': 47.5, 'over_under_open': 46.5, 'home_moneyline': -5000.0, 'away_moneyline': 1300.0}]",-24.5
401525824,2023,1,regular,2023-09-02T19:30:00.000Z,Texas,Big 12,37.0,Rice,American Athletic,10.0,"[{'provider': 'Bovada', 'spread': -35.5, 'formatted_spread': 'Texas -35.5', 'spread_open': -35.0, 'over_under': 58.5, 'over_under_open': 59.0, 'home_moneyline': None, 'away_moneyline': None}]",-35.5
401523996,2023,1,regular,2023-09-02T22:30:00.000Z,USC,Pac-12,66.0,Nevada,Mountain West,14.0,"[{'provider': 'Bovada', 'spread': -38.0, 'formatted_spread': 'USC -38.0', 'spread_open': -38.0, 'over_under': 63.5, 'over_under_open': 66.0, 'home_moneyline': None, 'away_moneyline': None}]",-38.0
401520149,2023,1,regular,2023-09-02T23:30:00.000Z,Alabama,SEC,56.0,Middle Tennessee,Conference USA,7.0,"[{'provider': 'Bovada', 'spread': -39.5, 'formatted_spread': 'Alabama -39.5', 'spread_open': -39.0, 'over_under': 51.5, 'over_under_open': 54.0, 'home_moneyline': None, 'away_moneyline': None}]",-39.5
401520169,2023,1,regular,2023-09-02T23:30:00.000Z,Penn State,Big Ten,38.0,West Virginia,Big 12,15.0,"[{'provider': 'Bovada', 'spread': -20.5, 'formatted_spread': 'Penn State -20.5', 'spread_open': -20.0, 'over_under': 48.0, 'over_under_open': 53.5, 'home_moneyline': -1400.0, 'away_moneyline': 750.0}]",-20.5
401520200,2023,2,regular,2023-09-09T23:30:00.000Z,Maryland,Big Ten,38.0,Charlotte,American Athletic,20.0,"[{'provider': 'Bovada', 'spread': -24.5, 'formatted_spread': 'Maryland -24.5', 'spread_open': -24.5, 'over_under': 50.0, 'over_under_open': 50.5, 'home_moneyline': -3500.0, 'away_moneyline': 1100.0}]",-24.5
401520204,2023,2,regular,2023-09-09T23:30:00.000Z,Minnesota,Big Ten,25.0,Eastern Michigan,Mid-American,6.0,"[{'provider': 'Bovada', 'spread': -19.5, 'formatted_spread': 'Minnesota -19.5', 'spread_open': -19.5, 'over_under': 48.0, 'over_under_open': 47.0, 'home_moneyline': -1300.0, 'away_moneyline': 725.0}]",-19.5
401520205,2023,2,regular,2023-09-09T23:30:00.000Z,Mississippi State,SEC,31.0,Arizona,Pac-12,24.0,"[{'provider': 'Bovada', 'spread': -9.0, 'formatted_spread': 'Mississippi State -9.0', 'spread_open': -13.0, 'over_under': 60.0, 'over_under_open': 58.0, 'home_moneyline': -420.0, 'away_moneyline': 315.0}]",-9.0
401520210,2023,2,regular,2023-09-09T23:30:00.000Z,Rutgers,Big Ten,36.0,Temple,American Athletic,7.0,"[{'provider': 'Bovada', 'spread': -7.5, 'formatted_spread': 'Rutgers -7.5', 'spread_open': -10.0, 'over_under': 43.5, 'over_under_open': 46.5, 'home_moneyline': -400.0, 'away_moneyline': 300.0}]",-7.5
401520217,2023,2,regular,2023-09-09T23:30:00.000Z,Washington State,Pac-12,31.0,Wisconsin,Big Ten,22.0,"[{'provider': 'Bovada', 'spread': 5.5, 'formatted_spread': 'Wisconsin -5.5', 'spread_open': 4.5, 'over_under': 57.5, 'over_under_open': 55.0, 'home_moneyline': 155.0, 'away_moneyline': -180.0}]",5.5
401524001,2023,2,regular,2023-09-09T23:30:00.000Z,San Diego State,Mountain West,10.0,UCLA,Pac-12,35.0,"[{'provider': 'Bovada', 'spread': 13.5, 'formatted_spread': 'UCLA -13.5', 'spread_open': 13.0, 'over_under': 49.0, 'over_under_open': 49.0, 'home_moneyline': 400.0, 'away_moneyline': -575.0}]",13.5
401531338,2023,4,regular,2023-09-23T16:00:00.000Z,Northern Illinois,Mid-American,14.0,Tulsa,American Athletic,22.0,"[{'provider': 'Bovada', 'spread': -4.0, 'formatted_spread': 'Northern Illinois -4.0', 'spread_open': -3.0, 'over_under': 54.5, 'over_under_open': 53.5, 'home_moneyline': -175.0, 'away_moneyline': 150.0}]",-4.0
401531423,2023,4,regular,2023-09-23T20:00:00.000Z,South Florida,American Athletic,42.0,Rice,American Athletic,29.0,"[{'provider': 'Bovada', 'spread': 2.5, 'formatted_spread': 'Rice -2.5', 'spread_open': 2.0, 'over_under': 57.5, 'over_under_open': 55.5, 'home_moneyline': 105.0, 'away_moneyline': -125.0}]",2.5
401520260,2023,4,regular,2023-09-23T16:00:00.000Z,Michigan,Big Ten,31.0,Rutgers,Big Ten,7.0,"[{'provider': 'Bovada', 'spread': -23.5, 'formatted_spread': 'Michigan -23.5', 'spread_open': -26.0, 'over_under': 43.0, 'over_under_open': 45.0, 'home_moneyline': -2800.0, 'away_moneyline': 1100.0}]",-23.5
401520261,2023,4,regular,2023-09-23T19:30:00.000Z,Michigan State,Big Ten,9.0,Maryland,Big Ten,31.0,"[{'provider': 'Bovada', 'spread': 7.5, 'formatted_spread': 'Maryland -7.5', 'spread_open': 6.0, 'over_under': 52.5, 'over_under_open': 53.0, 'home_moneyline': 180.0, 'away_moneyline': -220.0}]",7.5
401520272,2023,4,regular,2023-09-23T19:30:00.000Z,Connecticut,FBS Independents,7.0,Duke,ACC,41.0,"[{'provider': 'Bovada', 'spread': 22.0, 'formatted_spread': 'Duke -22.0', 'spread_open': 22.5, 'over_under': 45.0, 'over_under_open': 47.0, 'home_moneyline': 850.0, 'away_moneyline': -1800.0}]",22.0
401520254,2023,4,regular,2023-09-23T23:00:00.000Z,Houston,Big 12,38.0,Sam Houston State,Conference USA,7.0,"[{'provider': 'Bovada', 'spread': -11.5, 'formatted_spread': 'Houston -11.5', 'spread_open': -14.0, 'over_under': 37.0, 'over_under_open': 39.0, 'home_moneyline': -440.0, 'away_moneyline': 330.0}]",-11.5
401520262,2023,4,regular,2023-09-23T23:00:00.000Z,Middle Tennessee,Conference USA,23.0,Colorado State,Mountain West,31.0,"[{'provider': 'Bovada', 'spread': -4.0, 'formatted_spread': 'Middle Tennessee -4.0', 'spread_open': -2.0, 'over_under': 50.0, 'over_under_open': 53.0, 'home_moneyline': -130.0, 'away_moneyline': 110.0}]",-4.0
401531870,2023,4,regular,2023-09-23T23:00:00.000Z,Wyoming,Mountain West,22.0,Appalachian State,Sun Belt,19.0,"[{'provider': 'Bovada', 'spread': -3.0, 'formatted_spread': 'Wyoming -3.0', 'spread_open': -1.5, 'over_under': 45.0, 'over_under_open': 44.0, 'home_moneyline': -130.0, 'away_moneyline': 110.0}]",-3.0
401520265,2023,4,regular,2023-09-23T23:30:00.000Z,Penn State,Big Ten,31.0,Iowa,Big Ten,0.0,"[{'provider': 'Bovada', 'spread': -14.0, 'formatted_spread': 'Penn State -14.0', 'spread_open': -14.0, 'over_under': 38.0, 'over_under_open': 42.0, 'home_moneyline': -575.0, 'away_moneyline': 400.0}]",-14.0
401521330,2023,4,regular,2023-09-23T23:30:00.000Z,Notre Dame,FBS Independents,14.0,Ohio State,Big Ten,17.0,"[{'provider': 'Bovada', 'spread': 3.0, 'formatted_spread': 'Ohio State -3.0', 'spread_open': 7.5, 'over_under': 55.5, 'over_under_open': 54.0, 'home_moneyline': 130.0, 'away_moneyline': -150.0}]",3.0
401525515,2023,5,regular,2023-09-30T19:30:00.000Z,Georgia Tech,ACC,27.0,Bowling Green,Mid-American,38.0,"[{'provider': 'Bovada', 'spread': -22.5, 'formatted_spread': 'Georgia Tech -22.5', 'spread_open': -20.0, 'over_under': 52.5, 'over_under_open': 54.5, 'home_moneyline': -1200.0, 'away_moneyline': 700.0}]",-22.5
401525516,2023,5,regular,2023-10-01T00:00:00.000Z,Virginia Tech,ACC,38.0,Pittsburgh,ACC,21.0,"[{'provider': 'Bovada', 'spread': 2.5, 'formatted_spread': 'Pittsburgh -2.5', 'spread_open': 2.0, 'over_under': 40.0, 'over_under_open': 42.5, 'home_moneyline': 110.0, 'away_moneyline': -130.0}]",2.5
401525852,2023,5,regular,2023-09-30T23:00:00.000Z,Oklahoma,Big 12,50.0,Iowa State,Big 12,20.0,"[{'provider': 'Bovada', 'spread': -20.0, 'formatted_spread': 'Oklahoma -20.0', 'spread_open': -21.0, 'over_under': 48.5, 'over_under_open': 48.5, 'home_moneyline': -1300.0, 'away_moneyline': 725.0}]",-20.0
401525853,2023,5,regular,2023-10-01T00:00:00.000Z,TCU,Big 12,21.0,West Virginia,Big 12,24.0,"[{'provider': 'Bovada', 'spread': -11.0, 'formatted_spread': 'TCU -11.0', 'spread_open': -10.0, 'over_under': 51.0, 'over_under_open': 51.0, 'home_moneyline': -435.0, 'away_moneyline': 325.0}]",-11.0
401525854,2023,5,regular,2023-09-30T19:30:00.000Z,Texas,Big 12,40.0,Kansas,Big 12,14.0,"[{'provider': 'Bovada', 'spread': -17.0, 'formatted_spread': 'Texas -17.0', 'spread_open': -18.5, 'over_under': 63.0, 'over_under_open': 62.0, 'home_moneyline': -800.0, 'away_moneyline': 525.0}]",-17.0
401525855,2023,5,regular,2023-09-30T19:30:00.000Z,Texas Tech,Big 12,49.0,Houston,Big 12,28.0,"[{'provider': 'Bovada', 'spread': -10.0, 'formatted_spread': 'Texas Tech -10.0', 'spread_open': -10.0, 'over_under': 51.5, 'over_under_open': 56.0, 'home_moneyline': -390.0, 'away_moneyline': 295.0}]",-10.0
401525856,2023,5,regular,2023-09-30T19:30:00.000Z,UCF,Big 12,35.0,Baylor,Big 12,36.0,"[{'provider': 'Bovada', 'spread': -11.5, 'formatted_spread': 'UCF -11.5', 'spread_open': -12.0, 'over_under': 56.0, 'over_under_open': 56.0, 'home_moneyline': -450.0, 'away_moneyline': 335.0}]",-11.5
401526836,2023,5,regular,2023-09-30T19:30:00.000Z,UMass,FBS Independents,28.0,Arkansas State,Sun Belt,52.0,"[{'provider': 'Bovada', 'spread': -1.5, 'formatted_spread': 'UMass -1.5', 'spread_open': 0.0, 'over_under': 55.0, 'over_under_open': 55.5, 'home_moneyline': -120.0, 'away_moneyline': 100.0}]",-1.5
401531370,2023,5,regular,2023-09-30T16:00:00.000Z,Tulane,American Athletic,35.0,UAB,American Athletic,23.0,"[{'provider': 'Bovada', 'spread': -22.0, 'formatted_spread': 'Tulane -22.0', 'spread_open': -20.0, 'over_under': 57.0, 'over_under_open': 57.0, 'home_moneyline': -1400.0, 'away_moneyline': 750.0}]",-22.0
401531404,2023,5,regular,2023-09-30T23:30:00.000Z,SMU,American Athletic,34.0,Charlotte,American Athletic,16.0,"[{'provider': 'Bovada', 'spread': -23.5, 'formatted_spread': 'SMU -23.5', 'spread_open': -23.0, 'over_under': 56.0, 'over_under_open': 56.5, 'home_moneyline': -1800.0, 'away_moneyline': 850.0}]",-23.5
401531414,2023,5,regular,2023-09-30T23:00:00.000Z,Rice,American Athletic,24.0,East Carolina,American Athletic,17.0,"[{'provider': 'Bovada', 'spread': -3.0, 'formatted_spread': 'Rice -3.0', 'spread_open': -5.5, 'over_under': 48.5, 'over_under_open': 51.5, 'home_moneyline': -145.0, 'away_moneyline': 125.0}]",-3.0
401531429,2023,5,regular,2023-09-30T20:00:00.000Z,Memphis,American Athletic,35.0,Boise State,Mountain West,32.0,"[{'provider': 'Bovada', 'spread': -3.5, 'formatted_spread': 'Memphis -3.5', 'spread_open': -1.0, 'over_under': 59.5, 'over_under_open': 60.0, 'home_moneyline': -170.0, 'away_moneyline': 145.0}]",-3.5
401531878,2023,5,regular,2023-09-30T23:00:00.000Z,Georgia Southern,Sun Belt,38.0,Coastal Carolina,Sun Belt,28.0,"[{'provider': 'Bovada', 'spread': -6.0, 'formatted_spread': 'Georgia Southern -6.0', 'spread_open': -5.0, 'over_under': 62.0, 'over_under_open': 62.5, 'home_moneyline': -230.0, 'away_moneyline': 190.0}]",-6.0
401531879,2023,5,regular,2023-09-30T23:00:00.000Z,Georgia State,Sun Belt,7.0,Troy,Sun Belt,28.0,"[{'provider': 'Bovada', 'spread': -1.0, 'formatted_spread': 'Georgia State -1.0', 'spread_open': -3.5, 'over_under': 51.5, 'over_under_open': 52.0, 'home_moneyline': -115.0, 'away_moneyline': -105.0}]",-1.0
401531880,2023,5,regular,2023-09-30T16:00:00.000Z,James Madison,Sun Belt,31.0,South Alabama,Sun Belt,23.0,"[{'provider': 'Bovada', 'spread': -3.5, 'formatted_spread': 'James Madison -3.5', 'spread_open': -5.0, 'over_under': 52.0, 'over_under_open': 52.0, 'home_moneyline': -165.0, 'away_moneyline': 140.0}]",-3.5
401520284,2023,5,regular,2023-09-30T16:00:00.000Z,Minnesota,Big Ten,35.0,Louisiana,Sun Belt,24.0,"[{'provider': 'Bovada', 'spread': -10.0, 'formatted_spread': 'Minnesota -10.0', 'spread_open': -9.5, 'over_under': 47.5, 'over_under_open': 47.0, 'home_moneyline': None, 'away_moneyline': None}]",-10.0
401531424,2023,5,regular,2023-09-30T19:30:00.000Z,Navy,American Athletic,30.0,South Florida,American Athletic,44.0,"[{'provider': 'Bovada', 'spread': -4.0, 'formatted_spread': 'Navy -4.0', 'spread_open': -4.0, 'over_under': 54.5, 'over_under_open': 53.0, 'home_moneyline': -185.0, 'away_moneyline': 160.0}]",-4.0
401520299,2023,6,regular,2023-10-07T20:00:00.000Z,Florida,SEC,38.0,Vanderbilt,SEC,14.0,"[{'provider': 'Bovada', 'spread': -18.5, 'formatted_spread': 'Florida -18.5', 'spread_open': -18.0, 'over_under': 51.0, 'over_under_open': 53.5, 'home_moneyline': -1000.0, 'away_moneyline': 625.0}]",-18.5
401520303,2023,6,regular,2023-10-07T23:30:00.000Z,Minnesota,Big Ten,10.0,Michigan,Big Ten,52.0,"[{'provider': 'Bovada', 'spread': 18.5, 'formatted_spread': 'Michigan -18.5', 'spread_open': 20.0, 'over_under': 46.0, 'over_under_open': 46.0, 'home_moneyline': 750.0, 'away_moneyline': -1400.0}]",18.5
401520304,2023,6,regular,2023-10-07T16:00:00.000Z,Mississippi State,SEC,41.0,Western Michigan,Mid-American,28.0,"[{'provider': 'Bovada', 'spread': -21.0, 'formatted_spread': 'Mississippi State -21.0', 'spread_open': -20.0, 'over_under': 55.0, 'over_under_open': 56.0, 'home_moneyline': -1500.0, 'away_moneyline': 775.0}]",-21.0
401520307,2023,6,regular,2023-10-07T16:00:00.000Z,Ohio State,Big Ten,37.0,Maryland,Big Ten,17.0,"[{'provider': 'Bovada', 'spread': -17.0, 'formatted_spread': 'Ohio State -17.0', 'spread_open': -18.0, 'over_under': 57.0, 'over_under_open': 55.0, 'home_moneyline': -1200.0, 'away_moneyline': 700.0}]",-17.0
401520310,2023,6,regular,2023-10-07T19:30:00.000Z,Texas A&M,SEC,20.0,Alabama,SEC,26.0,"[{'provider': 'Bovada', 'spread': 2.5, 'formatted_spread': 'Alabama -2.5', 'spread_open': 3.0, 'over_under': 45.5, 'over_under_open': 49.5, 'home_moneyline': -105.0, 'away_moneyline': -115.0}]",2.5
401525517,2023,6,regular,2023-10-07T19:30:00.000Z,Clemson,ACC,17.0,Wake Forest,ACC,12.0,"[{'provider': 'Bovada', 'spread': -21.0, 'formatted_spread': 'Clemson -21.0', 'spread_open': -21.0, 'over_under': 53.0, 'over_under_open': 51.5, 'home_moneyline': -1500.0, 'away_moneyline': 775.0}]",-21.0
401532597,2023,7,regular,2023-10-14T21:00:00.000Z,Nevada,Mountain West,27.0,UNLV,Mountain West,45.0,"[{'provider': 'Bovada', 'spread': 7.5, 'formatted_spread': 'UNLV -7.5', 'spread_open': 9.5, 'over_under': 51.5, 'over_under_open': 56.0, 'home_moneyline': 290.0, 'away_moneyline': -380.0}]",7.5
401532598,2023,7,regular,2023-10-14T23:00:00.000Z,Air Force,Mountain West,34.0,Wyoming,Mountain West,27.0,"[{'provider': 'Bovada', 'spread': -13.0, 'formatted_spread': 'Air Force -13.0', 'spread_open': -10.0, 'over_under': 41.0, 'over_under_open': 45.0, 'home_moneyline': -415.0, 'away_moneyline': 310.0}]",-13.0
401524031,2023,7,regular,2023-10-14T23:30:00.000Z,Notre Dame,FBS Independents,48.0,USC,Pac-12,20.0,"[{'provider': 'Bovada', 'spread': -3.0, 'formatted_spread': 'Notre Dame -3.0', 'spread_open': 0.0, 'over_under': 61.0, 'over_under_open': 62.5, 'home_moneyline': -125.0, 'away_moneyline': 105.0}]",-3.0
401532595,2023,7,regular,2023-10-15T03:00:00.000Z,Hawai'i,Mountain West,34.0,San Diego State,Mountain West,41.0,"[{'provider': 'Bovada', 'spread': 6.0, 'formatted_spread': 'San Diego State -6.0', 'spread_open': 5.0, 'over_under': 52.0, 'over_under_open': 52.0, 'home_moneyline': 190.0, 'away_moneyline': -230.0}]",6.0
401520330,2023,8,regular,2023-10-17T23:00:00.000Z,Liberty,Conference USA,42.0,Middle Tennessee,Conference USA,35.0,"[{'provider': 'Bovada', 'spread': -16.0, 'formatted_spread': 'Liberty -16.0', 'spread_open': -14.5, 'over_under': 56.5, 'over_under_open': 56.5, 'home_moneyline': -675.0, 'away_moneyline': 460.0}]",-16.0
401520329,2023,8,regular,2023-10-17T23:30:00.000Z,Jacksonville State,Conference USA,20.0,Western Kentucky,Conference USA,17.0,"[{'provider': 'Bovada', 'spread': 7.5, 'formatted_spread': 'Western Kentucky -7.5', 'spread_open': 8.0, 'over_under': 60.5, 'over_under_open': 59.0, 'home_moneyline': 270.0, 'away_moneyline': -340.0}]",7.5
401531892,2023,8,regular,2023-10-17T23:30:00.000Z,South Alabama,Sun Belt,55.0,Southern Mississippi,Sun Belt,3.0,"[{'provider': 'Bovada', 'spread': -18.5, 'formatted_spread': 'South Alabama -18.5', 'spread_open': -19.0, 'over_under': 51.0, 'over_under_open': 51.5, 'home_moneyline': -1100.0, 'away_moneyline': 650.0}]",-18.5
401520331,2023,8,regular,2023-10-18T23:00:00.000Z,Sam Houston State,Conference USA,27.0,Florida International,Conference USA,33.0,"[{'provider': 'Bovada', 'spread': -5.5, 'formatted_spread': 'Sam Houston State -5.5', 'spread_open': -5.5, 'over_under': 42.0, 'over_under_open': 41.0, 'home_moneyline': -210.0, 'away_moneyline': 175.0}]",-5.5
401520332,2023,8,regular,2023-10-19T01:00:00.000Z,UTEP,Conference USA,7.0,New Mexico State,Conference USA,28.0,"[{'provider': 'Bovada', 'spread': 3.0, 'formatted_spread': 'New Mexico State -3.0', 'spread_open': 3.0, 'over_under': 49.0, 'over_under_open': 48.0, 'home_moneyline': 125.0, 'away_moneyline': -145.0}]",3.0
401531341,2023,8,regular,2023-10-19T23:00:00.000Z,Tulsa,American Athletic,10.0,Rice,American Athletic,42.0,"[{'provider': 'Bovada', 'spread': -3.5, 'formatted_spread': 'Tulsa -3.5', 'spread_open': -3.0, 'over_under': 56.5, 'over_under_open': 57.5, 'home_moneyline': -160.0, 'away_moneyline': 135.0}]",-3.5
401531893,2023,8,regular,2023-10-19T23:00:00.000Z,Marshall,Sun Belt,9.0,James Madison,Sun Belt,20.0,"[{'provider': 'Bovada', 'spread': 5.0, 'formatted_spread': 'James Madison -5.0', 'spread_open': 4.0, 'over_under': 49.5, 'over_under_open': 51.0, 'home_moneyline': 145.0, 'away_moneyline': -170.0}]",5.0
401531391,2023,8,regular,2023-10-20T23:00:00.000Z,Temple,American Athletic,0.0,SMU,American Athletic,55.0,"[{'provider': 'Bovada', 'spread': 24.0, 'formatted_spread': 'SMU -24.0', 'spread_open': 20.5, 'over_under': 53.0, 'over_under_open': 54.5, 'home_moneyline': 700.0, 'away_moneyline': -1200.0}]",24.0
401524035,2023,8,regular,2023-10-21T19:30:00.000Z,Oregon,Pac-12,38.0,Washington State,Pac-12,24.0,"[{'provider': 'Bovada', 'spread': -19.0, 'formatted_spread': 'Oregon -19.0', 'spread_open': -19.5, 'over_under': 61.5, 'over_under_open': 62.5, 'home_moneyline': -1300.0, 'away_moneyline': 725.0}]",-19.0
401524036,2023,8,regular,2023-10-22T02:30:00.000Z,Stanford,Pac-12,7.0,UCLA,Pac-12,42.0,"[{'provider': 'Bovada', 'spread': 17.0, 'formatted_spread': 'UCLA -17.0', 'spread_open': 16.5, 'over_under': 51.5, 'over_under_open': 54.0, 'home_moneyline': 550.0, 'away_moneyline': -850.0}]",17.0
401524038,2023,8,regular,2023-10-22T02:30:00.000Z,Washington,Pac-12,15.0,Arizona State,Pac-12,7.0,"[{'provider': 'Bovada', 'spread': -28.0, 'formatted_spread': 'Washington -28.0', 'spread_open': -27.5, 'over_under': 60.0, 'over_under_open': 59.0, 'home_moneyline': -10000.0, 'away_moneyline': 1600.0}]",-28.0
401525531,2023,8,regular,2023-10-21T22:30:00.000Z,North Carolina,ACC,27.0,Virginia,ACC,31.0,"[{'provider': 'Bovada', 'spread': -24.0, 'formatted_spread': 'North Carolina -24.0', 'spread_open': -23.5, 'over_under': 57.5, 'over_under_open': 56.5, 'home_moneyline': -2200.0, 'away_moneyline': 1000.0}]",-24.0
401525869,2023,8,regular,2023-10-21T20:00:00.000Z,Houston,Big 12,24.0,Texas,Big 12,31.0,"[{'provider': 'Bovada', 'spread': 23.0, 'formatted_spread': 'Texas -23.0', 'spread_open': 23.0, 'over_under': 60.5, 'over_under_open': 61.0, 'home_moneyline': 900.0, 'away_moneyline': -1900.0}]",23.0
401525871,2023,8,regular,2023-10-21T16:00:00.000Z,Oklahoma,Big 12,31.0,UCF,Big 12,29.0,"[{'provider': 'Bovada', 'spread': -17.0, 'formatted_spread': 'Oklahoma -17.0', 'spread_open': -19.5, 'over_under': 68.0, 'over_under_open': 65.0, 'home_moneyline': -1000.0, 'away_moneyline': 625.0}]",-17.0
401531895,2023,8,regular,2023-10-21T23:00:00.000Z,Old Dominion,Sun Belt,28.0,Appalachian State,Sun Belt,21.0,"[{'provider': 'Bovada', 'spread': 6.0, 'formatted_spread': 'Appalachian State -6.0', 'spread_open': 6.5, 'over_under': 56.5, 'over_under_open': 54.0, 'home_moneyline': 180.0, 'away_moneyline': -220.0}]",6.0
401531896,2023,8,regular,2023-10-21T23:00:00.000Z,Arkansas State,Sun Belt,17.0,Coastal Carolina,Sun Belt,27.0,"[{'provider': 'Bovada', 'spread': 8.5, 'formatted_spread': 'Coastal Carolina -8.5', 'spread_open': 10.0, 'over_under': 59.5, 'over_under_open': 59.0, 'home_moneyline': 270.0, 'away_moneyline': -340.0}]",8.5
401531897,2023,8,regular,2023-10-22T00:00:00.000Z,Louisiana,Sun Belt,17.0,Georgia State,Sun Belt,20.0,"[{'provider': 'Bovada', 'spread': -3.0, 'formatted_spread': 'Louisiana -3.0', 'spread_open': -3.5, 'over_under': 62.0, 'over_under_open': 62.5, 'home_moneyline': -170.0, 'away_moneyline': 145.0}]",-3.0
401532426,2023,8,regular,2023-10-21T19:30:00.000Z,Northern Illinois,Mid-American,20.0,Eastern Michigan,Mid-American,13.0,"[{'provider': 'Bovada', 'spread': -12.0, 'formatted_spread': 'Northern Illinois -12.0', 'spread_open': -11.5, 'over_under': 43.0, 'over_under_open': 45.5, 'home_moneyline': -480.0, 'away_moneyline': 350.0}]",-12.0
401532427,2023,8,regular,2023-10-21T20:00:00.000Z,Miami (OH),Mid-American,17.0,Toledo,Mid-American,21.0,"[{'provider': 'Bovada', 'spread': 2.5, 'formatted_spread': 'Toledo -2.5', 'spread_open': 1.0, 'over_under': 46.5, 'over_under_open': 48.0, 'home_moneyline': 100.0, 'away_moneyline': -120.0}]",2.5
401532447,2023,12,regular,2023-11-16T00:00:00.000Z,Miami (OH),Mid-American,23.0,Buffalo,Mid-American,10.0,"[{'provider': 'Bovada', 'spread': -7.5, 'formatted_spread': 'Miami (OH) -7.5', 'spread_open': -9.0, 'over_under': 37.0, 'over_under_open': 41.5, 'home_moneyline': -350.0, 'away_moneyline': 275.0}]",-7.5
401525553,2023,12,regular,2023-11-17T00:00:00.000Z,Pittsburgh,ACC,24.0,Boston College,ACC,16.0,"[{'provider': 'Bovada', 'spread': -2.5, 'formatted_spread': 'Pittsburgh -2.5', 'spread_open': -2.0, 'over_under': 46.5, 'over_under_open': 47.5, 'home_moneyline': -140.0, 'away_moneyline': 120.0}]",-2.5
401531401,2023,12,regular,2023-11-18T02:00:00.000Z,UT San Antonio,American Athletic,49.0,South Florida,American Athletic,21.0,"[{'provider': 'Bovada', 'spread': -14.5, 'formatted_spread': 'UT San Antonio -14.5', 'spread_open': -16.0, 'over_under': 66.5, 'over_under_open': 66.5, 'home_moneyline': -800.0, 'away_moneyline': 525.0}]",-14.5
401524057,2023,12,regular,2023-11-18T03:30:00.000Z,Washington State,Pac-12,56.0,Colorado,Pac-12,14.0,"[{'provider': 'Bovada', 'spread': -4.0, 'formatted_spread': 'Washington State -4.0', 'spread_open': -5.0, 'over_under': 59.0, 'over_under_open': 64.0, 'home_moneyline': -185.0, 'away_moneyline': 160.0}]",-4.0
401520405,2023,12,regular,2023-11-18T17:00:00.000Z,Indiana,Big Ten,21.0,Michigan State,Big Ten,24.0,"[{'provider': 'Bovada', 'spread': -3.5, 'formatted_spread': 'Indiana -3.5', 'spread_open': -5.0, 'over_under': 46.5, 'over_under_open': 46.5, 'home_moneyline': -165.0, 'away_moneyline': 140.0}]",-3.5
401520406,2023,12,regular,2023-11-18T20:30:00.000Z,Iowa,Big Ten,15.0,Illinois,Big Ten,13.0,"[{'provider': 'Bovada', 'spread': -3.0, 'formatted_spread': 'Iowa -3.0', 'spread_open': -4.0, 'over_under': 33.5, 'over_under_open': 31.5, 'home_moneyline': -145.0, 'away_moneyline': 125.0}]",-3.0
401520410,2023,12,regular,2023-11-18T17:00:00.000Z,Maryland,Big Ten,24.0,Michigan,Big Ten,31.0,"[{'provider': 'Bovada', 'spread': 17.5, 'formatted_spread': 'Michigan -17.5', 'spread_open': 21.0, 'over_under': 51.0, 'over_under_open': 50.5, 'home_moneyline': 750.0, 'away_moneyline': -1400.0}]",17.5
401520413,2023,12,regular,2023-11-19T00:30:00.000Z,Missouri,SEC,33.0,Florida,SEC,31.0,"[{'provider': 'Bovada', 'spread': -12.5, 'formatted_spread': 'Missouri -12.5', 'spread_open': -11.0, 'over_under': 55.0, 'over_under_open': 57.5, 'home_moneyline': -460.0, 'away_moneyline': 340.0}]",-12.5
401520414,2023,12,regular,2023-11-18T17:00:00.000Z,Northwestern,Big Ten,23.0,Purdue,Big Ten,15.0,"[{'provider': 'Bovada', 'spread': -2.5, 'formatted_spread': 'Northwestern -2.5', 'spread_open': -1.5, 'over_under': 47.5, 'over_under_open': 47.5, 'home_moneyline': 115.0, 'away_moneyline': -135.0}]",-2.5
401520415,2023,12,regular,2023-11-18T21:00:00.000Z,Ohio State,Big Ten,37.0,Minnesota,Big Ten,3.0,"[{'provider': 'Bovada', 'spread': -27.5, 'formatted_spread': 'Ohio State -27.5', 'spread_open': -28.5, 'over_under': 51.5, 'over_under_open': 49.0, 'home_moneyline': -10000.0, 'away_moneyline': 1600.0}]",-27.5
401520417,2023,12,regular,2023-11-18T17:00:00.000Z,Penn State,Big Ten,27.0,Rutgers,Big Ten,6.0,"[{'provider': 'Bovada', 'spread': -19.5, 'formatted_spread': 'Penn State -19.5', 'spread_open': -19.0, 'over_under': 40.0, 'over_under_open': 43.0, 'home_moneyline': -1200.0, 'away_moneyline': 700.0}]",-19.5
401520419,2023,12,regular,2023-11-18T20:30:00.000Z,Tennessee,SEC,10.0,Georgia,SEC,38.0,"[{'provider': 'Bovada', 'spread': 9.0, 'formatted_spread': 'Georgia -9.0', 'spread_open': 7.5, 'over_under': 59.0, 'over_under_open': 59.5, 'home_moneyline': 300.0, 'away_moneyline': -400.0}]",9.0
401524058,2023,12,regular,2023-11-18T19:30:00.000Z,Arizona,Pac-12,42.0,Utah,Pac-12,18.0,"[{'provider': 'Bovada', 'spread': -2.5, 'formatted_spread': 'Arizona -2.5', 'spread_open': 0.0, 'over_under': 47.0, 'over_under_open': 46.0, 'home_moneyline': -115.0, 'away_moneyline': -105.0}]",-2.5
401524059,2023,12,regular,2023-11-18T21:00:00.000Z,Arizona State,Pac-12,13.0,Oregon,Pac-12,49.0,"[{'provider': 'Bovada', 'spread': 24.5, 'formatted_spread': 'Oregon -24.5', 'spread_open': 22.5, 'over_under': 53.5, 'over_under_open': 54.5, 'home_moneyline': 1000.0, 'away_moneyline': -2500.0}]",24.5
401524060,2023,12,regular,2023-11-19T00:30:00.000Z,Oregon State,Pac-12,20.0,Washington,Pac-12,22.0,"[{'provider': 'Bovada', 'spread': -1.0, 'formatted_spread': 'Oregon State -1.0', 'spread_open': -1.0, 'over_under': 62.0, 'over_under_open': 64.0, 'home_moneyline': -120.0, 'away_moneyline': 100.0}]",-1.0
401532453,2023,13,regular,2023-11-25T17:00:00.000Z,Kent State,Mid-American,27.0,Northern Illinois,Mid-American,37.0,"[{'provider': 'Bovada', 'spread': 20.5, 'formatted_spread': 'Northern Illinois -20.5', 'spread_open': 18.0, 'over_under': 45.0, 'over_under_open': 44.5, 'home_moneyline': 600.0, 'away_moneyline': -950.0}]",20.5
401525493,2023,2,regular,2023-09-10T00:30:00.000Z,Florida State,ACC,66.0,Southern Mississippi,Sun Belt,13.0,"[{'provider': 'Bovada', 'spread': -31.0, 'formatted_spread': 'Florida State -31.0', 'spread_open': -28.0, 'over_under': 54.0, 'over_under_open': 52.0, 'home_moneyline': -10000.0, 'away_moneyline': 1600.0}]",-31.0
401520186,2023,2,regular,2023-09-10T02:30:00.000Z,California,Pac-12,10.0,Auburn,SEC,14.0,"[{'provider': 'Bovada', 'spread': 5.0, 'formatted_spread': 'Auburn -5.0', 'spread_open': 7.0, 'over_under': 55.5, 'over_under_open': 57.0, 'home_moneyline': 225.0, 'away_moneyline': -275.0}]",5.0
401523998,2023,2,regular,2023-09-10T02:30:00.000Z,Arizona State,Pac-12,15.0,Oklahoma State,Big 12,27.0,"[{'provider': 'Bovada', 'spread': 2.5, 'formatted_spread': 'Oklahoma State -2.5', 'spread_open': 3.5, 'over_under': 53.5, 'over_under_open': 53.0, 'home_moneyline': 145.0, 'away_moneyline': -170.0}]",2.5
401524003,2023,2,regular,2023-09-10T02:30:00.000Z,USC,Pac-12,56.0,Stanford,Pac-12,10.0,"[{'provider': 'Bovada', 'spread': -28.5, 'formatted_spread': 'USC -28.5', 'spread_open': -30.0, 'over_under': 70.0, 'over_under_open': 71.0, 'home_moneyline': -10000.0, 'away_moneyline': 1600.0}]",-28.5
401531428,2023,3,regular,2023-09-14T23:30:00.000Z,Memphis,American Athletic,28.0,Navy,American Athletic,24.0,"[{'provider': 'Bovada', 'spread': -12.0, 'formatted_spread': 'Memphis -12.0', 'spread_open': -16.0, 'over_under': 46.5, 'over_under_open': 47.0, 'home_moneyline': -650.0, 'away_moneyline': 450.0}]",-12.0
401531396,2023,3,regular,2023-09-15T23:00:00.000Z,UT San Antonio,American Athletic,29.0,Army,FBS Independents,37.0,"[{'provider': 'Bovada', 'spread': -7.0, 'formatted_spread': 'UT San Antonio -7.0', 'spread_open': -10.0, 'over_under': 41.5, 'over_under_open': 46.5, 'home_moneyline': -285.0, 'away_moneyline': 235.0}]",-7.0
401532581,2023,3,regular,2023-09-16T00:00:00.000Z,Air Force,Mountain West,39.0,Utah State,Mountain West,21.0,"[{'provider': 'Bovada', 'spread': -8.5, 'formatted_spread': 'Air Force -8.5', 'spread_open': -8.5, 'over_under': 45.5, 'over_under_open': 47.0, 'home_moneyline': -380.0, 'away_moneyline': 290.0}]",-8.5
401520226,2023,3,regular,2023-09-16T16:00:00.000Z,Illinois,Big Ten,13.0,Penn State,Big Ten,30.0,"[{'provider': 'Bovada', 'spread': 14.0, 'formatted_spread': 'Penn State -14.0', 'spread_open': 15.0, 'over_under': 47.5, 'over_under_open': 48.0, 'home_moneyline': 475.0, 'away_moneyline': -700.0}]",14.0
401520230,2023,3,regular,2023-09-16T16:00:00.000Z,Indiana,Big Ten,14.0,Louisville,ACC,21.0,"[{'provider': 'Bovada', 'spread': 10.0, 'formatted_spread': 'Louisville -10.0', 'spread_open': 9.5, 'over_under': 50.0, 'over_under_open': 54.0, 'home_moneyline': 280.0, 'away_moneyline': -360.0}]",10.0
401520235,2023,3,regular,2023-09-16T16:00:00.000Z,Mississippi State,SEC,14.0,LSU,SEC,41.0,"[{'provider': 'Bovada', 'spread': 9.5, 'formatted_spread': 'LSU -9.5', 'spread_open': 9.0, 'over_under': 54.0, 'over_under_open': 54.5, 'home_moneyline': 300.0, 'away_moneyline': -400.0}]",9.5
401525500,2023,3,regular,2023-09-16T16:00:00.000Z,Boston College,ACC,29.0,Florida State,ACC,31.0,"[{'provider': 'Bovada', 'spread': 25.0, 'formatted_spread': 'Florida State -25.0', 'spread_open': 28.5, 'over_under': 47.5, 'over_under_open': 56.5, 'home_moneyline': 1600.0, 'away_moneyline': -10000.0}]",25.0
401525504,2023,3,regular,2023-09-16T16:00:00.000Z,Old Dominion,Sun Belt,24.0,Wake Forest,ACC,27.0,"[{'provider': 'Bovada', 'spread': 14.0, 'formatted_spread': 'Wake Forest -14.0', 'spread_open': 14.0, 'over_under': 61.0, 'over_under_open': 59.5, 'home_moneyline': 475.0, 'away_moneyline': -700.0}]",14.0
401525838,2023,3,regular,2023-09-16T16:00:00.000Z,Ohio,Mid-American,10.0,Iowa State,Big 12,7.0,"[{'provider': 'Bovada', 'spread': 2.5, 'formatted_spread': 'Iowa State -2.5', 'spread_open': 2.0, 'over_under': 41.5, 'over_under_open': 44.5, 'home_moneyline': 110.0, 'away_moneyline': -130.0}]",2.5
401526834,2023,3,regular,2023-09-16T18:00:00.000Z,Eastern Michigan,Mid-American,19.0,UMass,FBS Independents,17.0,"[{'provider': 'Bovada', 'spread': -8.0, 'formatted_spread': 'Eastern Michigan -8.0', 'spread_open': -10.0, 'over_under': 49.5, 'over_under_open': 53.0, 'home_moneyline': -410.0, 'away_moneyline': 305.0}]",-8.0
401525437,2023,3,regular,2023-09-16T18:30:00.000Z,Notre Dame,FBS Independents,41.0,Central Michigan,Mid-American,17.0,"[{'provider': 'Bovada', 'spread': -35.0, 'formatted_spread': 'Notre Dame -35.0', 'spread_open': -33.0, 'over_under': 51.0, 'over_under_open': 55.0, 'home_moneyline': None, 'away_moneyline': None}]",-35.0
401520223,2023,3,regular,2023-09-16T19:30:00.000Z,Duke,ACC,38.0,Northwestern,Big Ten,14.0,"[{'provider': 'Bovada', 'spread': -17.0, 'formatted_spread': 'Duke -17.0', 'spread_open': -19.0, 'over_under': 48.0, 'over_under_open': 46.5, 'home_moneyline': -1200.0, 'away_moneyline': 700.0}]",-17.0
401520244,2023,3,regular,2023-09-16T19:30:00.000Z,South Florida,American Athletic,3.0,Alabama,SEC,17.0,"[{'provider': 'Bovada', 'spread': 34.5, 'formatted_spread': 'Alabama -34.5', 'spread_open': 31.5, 'over_under': 60.5, 'over_under_open': 61.5, 'home_moneyline': 2500.0, 'away_moneyline': -20000.0}]",34.5
401520246,2023,3,regular,2023-09-16T19:30:00.000Z,Connecticut,FBS Independents,17.0,Florida International,Conference USA,24.0,"[{'provider': 'Bovada', 'spread': -7.0, 'formatted_spread': 'Connecticut -7.0', 'spread_open': -10.0, 'over_under': 44.0, 'over_under_open': 46.5, 'home_moneyline': -410.0, 'away_moneyline': 305.0}]",-7.0
401524009,2023,3,regular,2023-09-16T19:30:00.000Z,Oregon State,Pac-12,26.0,San Diego State,Mountain West,9.0,"[{'provider': 'Bovada', 'spread': -24.5, 'formatted_spread': 'Oregon State -24.5', 'spread_open': -22.0, 'over_under': 48.5, 'over_under_open': 47.5, 'home_moneyline': -2500.0, 'away_moneyline': 1000.0}]",-24.5
401525842,2023,3,regular,2023-09-16T19:30:00.000Z,Tulsa,American Athletic,17.0,Oklahoma,Big 12,66.0,"[{'provider': 'Bovada', 'spread': 28.0, 'formatted_spread': 'Oklahoma -28.0', 'spread_open': 26.0, 'over_under': 59.0, 'over_under_open': 59.5, 'home_moneyline': 1200.0, 'away_moneyline': -5000.0}]",28.0
401531406,2023,8,regular,2023-10-21T18:00:00.000Z,East Carolina,American Athletic,7.0,Charlotte,American Athletic,10.0,"[{'provider': 'Bovada', 'spread': -6.0, 'formatted_spread': 'East Carolina -6.0', 'spread_open': -6.5, 'over_under': 38.5, 'over_under_open': 40.5, 'home_moneyline': -245.0, 'away_moneyline': 205.0}]",-6.0
401520183,2023,2,regular,2023-09-09T23:00:00.000Z,Alabama,SEC,24.0,Texas,Big 12,34.0,"[{'provider': 'Bovada', 'spread': -7.5, 'formatted_spread': 'Alabama -7.5', 'spread_open': -6.5, 'over_under': 53.5, 'over_under_open': 56.0, 'home_moneyline': -300.0, 'away_moneyline': 250.0}]",-7.5
401525496,2023,2,regular,2023-09-09T22:30:00.000Z,Pittsburgh,ACC,21.0,Cincinnati,Big 12,27.0,"[{'provider': 'Bovada', 'spread': -6.5, 'formatted_spread': 'Pittsburgh -6.5', 'spread_open': -7.0, 'over_under': 44.5, 'over_under_open': 48.5, 'home_moneyline': -300.0, 'away_moneyline': 250.0}]",-6.5
401524018,2023,4,regular,2023-09-24T02:30:00.000Z,Washington,Pac-12,59.0,California,Pac-12,32.0,"[{'provider': 'Bovada', 'spread': -20.0, 'formatted_spread': 'Washington -20.0', 'spread_open': -21.5, 'over_under': 55.5, 'over_under_open': 63.0, 'home_moneyline': -1500.0, 'away_moneyline': 775.0}]",-20.0
401524017,2023,4,regular,2023-09-23T19:30:00.000Z,Utah,Pac-12,14.0,UCLA,Pac-12,7.0,"[{'provider': 'Bovada', 'spread': -3.0, 'formatted_spread': 'Utah -3.0', 'spread_open': -5.0, 'over_under': 51.0, 'over_under_open': 51.0, 'home_moneyline': -240.0, 'away_moneyline': 200.0}]",-3.0
401524015,2023,4,regular,2023-09-23T19:30:00.000Z,Oregon,Pac-12,42.0,Colorado,Pac-12,6.0,"[{'provider': 'Bovada', 'spread': -21.0, 'formatted_spread': 'Oregon -21.0', 'spread_open': -16.5, 'over_under': 70.0, 'over_under_open': 71.5, 'home_moneyline': -1200.0, 'away_moneyline': 700.0}]",-21.0
401520258,2023,4,regular,2023-09-23T23:00:00.000Z,LSU,SEC,34.0,Arkansas,SEC,31.0,"[{'provider': 'Bovada', 'spread': -18.0, 'formatted_spread': 'LSU -18.0', 'spread_open': -12.5, 'over_under': 56.0, 'over_under_open': 56.0, 'home_moneyline': -950.0, 'away_moneyline': 600.0}]",-18.0
401524019,2023,4,regular,2023-09-23T23:00:00.000Z,Washington State,Pac-12,38.0,Oregon State,Pac-12,35.0,"[{'provider': 'Bovada', 'spread': 3.0, 'formatted_spread': 'Oregon State -3.0', 'spread_open': 2.5, 'over_under': 58.0, 'over_under_open': 55.5, 'home_moneyline': 110.0, 'away_moneyline': -130.0}]",3.0
401524032,2023,7,regular,2023-10-15T00:00:00.000Z,Oregon State,Pac-12,36.0,UCLA,Pac-12,24.0,"[{'provider': 'Bovada', 'spread': -4.0, 'formatted_spread': 'Oregon State -4.0', 'spread_open': -5.0, 'over_under': 53.5, 'over_under_open': 53.5, 'home_moneyline': -185.0, 'away_moneyline': 160.0}]",-4.0
401520147,2023,1,regular,2023-08-26T23:30:00.000Z,Vanderbilt,SEC,35.0,Hawai'i,Mountain West,28.0,"[{'provider': 'Bovada', 'spread': -18.0, 'formatted_spread': 'Vanderbilt -18.0', 'spread_open': -18.0, 'over_under': 56.0, 'over_under_open': 56.0, 'home_moneyline': -1000.0, 'away_moneyline': 625.0}]",-18.0
401520146,2023,1,regular,2023-08-27T01:00:00.000Z,Louisiana Tech,Conference USA,22.0,Florida International,Conference USA,17.0,"[{'provider': 'Bovada', 'spread': -11.0, 'formatted_spread': 'Louisiana Tech -11.0', 'spread_open': -9.5, 'over_under': 58.5, 'over_under_open': 59.0, 'home_moneyline': -450.0, 'away_moneyline': 335.0}]",-11.0
401520238,2023,3,regular,2023-09-17T00:00:00.000Z,New Mexico,Mountain West,17.0,New Mexico State,Conference USA,27.0,"[{'provider': 'Bovada', 'spread': -3.0, 'formatted_spread': 'New Mexico -3.0', 'spread_open': -1.5, 'over_under': 52.5, 'over_under_open': 51.0, 'home_moneyline': -110.0, 'away_moneyline': -110.0}]",-3.0
401525501,2023,3,regular,2023-09-17T00:00:00.000Z,Clemson,ACC,48.0,Florida Atlantic,American Athletic,14.0,"[{'provider': 'Bovada', 'spread': -25.0, 'formatted_spread': 'Clemson -25.0', 'spread_open': -24.0, 'over_under': 51.5, 'over_under_open': 52.5, 'home_moneyline': -2500.0, 'away_moneyline': 1050.0}]",-25.0
401520242,2023,3,regular,2023-09-16T23:30:00.000Z,Purdue,Big Ten,20.0,Syracuse,ACC,35.0,"[{'provider': 'Bovada', 'spread': 1.0, 'formatted_spread': 'Syracuse -1.0', 'spread_open': 0.0, 'over_under': 56.5, 'over_under_open': 57.0, 'home_moneyline': 120.0, 'away_moneyline': -140.0}]",1.0
401525503,2023,3,regular,2023-09-16T23:30:00.000Z,West Virginia,Big 12,17.0,Pittsburgh,ACC,6.0,"[{'provider': 'Bovada', 'spread': -2.5, 'formatted_spread': 'West Virginia -2.5', 'spread_open': 1.5, 'over_under': 47.5, 'over_under_open': 50.0, 'home_moneyline': 105.0, 'away_moneyline': -125.0}]",-2.5
401531886,2023,6,regular,2023-10-07T23:00:00.000Z,Southern Mississippi,Sun Belt,13.0,Old Dominion,Sun Belt,17.0,"[{'provider': 'Bovada', 'spread': -3.0, 'formatted_spread': 'Southern Mississippi -3.0', 'spread_open': -1.5, 'over_under': 56.5, 'over_under_open': 57.5, 'home_moneyline': -125.0, 'away_moneyline': 105.0}]",-3.0
401532415,2023,6,regular,2023-10-07T18:00:00.000Z,Buffalo,Mid-American,37.0,Central Michigan,Mid-American,13.0,"[{'provider': 'Bovada', 'spread': 2.5, 'formatted_spread': 'Central Michigan -2.5', 'spread_open': 3.0, 'over_under': 52.0, 'over_under_open': 57.0, 'home_moneyline': 125.0, 'away_moneyline': -145.0}]",2.5
401532591,2023,6,regular,2023-10-08T00:00:00.000Z,Wyoming,Mountain West,24.0,Fresno State,Mountain West,19.0,"[{'provider': 'Bovada', 'spread': 6.0, 'formatted_spread': 'Fresno State -6.0', 'spread_open': 6.0, 'over_under': 42.5, 'over_under_open': 46.0, 'home_moneyline': 180.0, 'away_moneyline': -220.0}]",6.0
401526837,2023,6,regular,2023-10-07T16:00:00.000Z,UMass,FBS Independents,24.0,Toledo,Mid-American,41.0,"[{'provider': 'Bovada', 'spread': 19.0, 'formatted_spread': 'Toledo -19.0', 'spread_open': 18.5, 'over_under': 55.5, 'over_under_open': 59.5, 'home_moneyline': 650.0, 'away_moneyline': -1100.0}]",19.0
401531433,2023,6,regular,2023-10-07T19:30:00.000Z,Navy,American Athletic,27.0,North Texas,American Athletic,24.0,"[{'provider': 'Bovada', 'spread': -6.5, 'formatted_spread': 'Navy -6.5', 'spread_open': -6.5, 'over_under': 60.0, 'over_under_open': 61.5, 'home_moneyline': -240.0, 'away_moneyline': 200.0}]",-6.5
401532414,2023,6,regular,2023-10-07T19:30:00.000Z,Eastern Michigan,Mid-American,24.0,Ball State,Mid-American,10.0,"[{'provider': 'Bovada', 'spread': -2.0, 'formatted_spread': 'Eastern Michigan -2.0', 'spread_open': -3.0, 'over_under': 43.5, 'over_under_open': 42.5, 'home_moneyline': -130.0, 'away_moneyline': 110.0}]",-2.0
401532416,2023,6,regular,2023-10-07T19:30:00.000Z,Miami (OH),Mid-American,27.0,Bowling Green,Mid-American,0.0,"[{'provider': 'Bovada', 'spread': -7.5, 'formatted_spread': 'Miami (OH) -7.5', 'spread_open': -11.0, 'over_under': 43.0, 'over_under_open': 48.0, 'home_moneyline': -410.0, 'away_moneyline': 305.0}]",-7.5
401532417,2023,6,regular,2023-10-07T19:30:00.000Z,Ohio,Mid-American,42.0,Kent State,Mid-American,17.0,"[{'provider': 'Bovada', 'spread': -24.0, 'formatted_spread': 'Ohio -24.0', 'spread_open': -26.0, 'over_under': 45.5, 'over_under_open': 45.5, 'home_moneyline': -4000.0, 'away_moneyline': 1200.0}]",-24.0
401532418,2023,6,regular,2023-10-07T19:30:00.000Z,Akron,Mid-American,14.0,Northern Illinois,Mid-American,55.0,"[{'provider': 'Bovada', 'spread': 4.0, 'formatted_spread': 'Northern Illinois -4.0', 'spread_open': 5.0, 'over_under': 42.5, 'over_under_open': 44.5, 'home_moneyline': 160.0, 'away_moneyline': -185.0}]",4.0
401531887,2023,6,regular,2023-10-07T20:00:00.000Z,Troy,Sun Belt,37.0,Arkansas State,Sun Belt,3.0,"[{'provider': 'Bovada', 'spread': -15.5, 'formatted_spread': 'Troy -15.5', 'spread_open': -16.0, 'over_under': 52.5, 'over_under_open': 52.0, 'home_moneyline': -800.0, 'away_moneyline': 525.0}]",-15.5
401532590,2023,6,regular,2023-10-08T00:00:00.000Z,Utah State,Mountain West,44.0,Colorado State,Mountain West,24.0,"[{'provider': 'Bovada', 'spread': 3.0, 'formatted_spread': 'Colorado State -3.0', 'spread_open': 1.0, 'over_under': 62.0, 'over_under_open': 64.0, 'home_moneyline': 125.0, 'away_moneyline': -145.0}]",3.0
401532592,2023,6,regular,2023-10-08T00:00:00.000Z,Boise State,Mountain West,35.0,San José State,Mountain West,27.0,"[{'provider': 'Bovada', 'spread': -7.5, 'formatted_spread': 'Boise State -7.5', 'spread_open': -9.5, 'over_under': 57.0, 'over_under_open': 57.5, 'home_moneyline': -350.0, 'away_moneyline': 275.0}]",-7.5
401520313,2023,7,regular,2023-10-10T23:00:00.000Z,Middle Tennessee,Conference USA,31.0,Louisiana Tech,Conference USA,23.0,"[{'provider': 'Bovada', 'spread': -3.0, 'formatted_spread': 'Middle Tennessee -3.0', 'spread_open': -2.5, 'over_under': 54.0, 'over_under_open': 54.5, 'home_moneyline': -150.0, 'away_moneyline': 130.0}]",-3.0
401520312,2023,7,regular,2023-10-10T23:30:00.000Z,Jacksonville State,Conference USA,13.0,Liberty,Conference USA,31.0,"[{'provider': 'Bovada', 'spread': 7.0, 'formatted_spread': 'Liberty -7.0', 'spread_open': 6.5, 'over_under': 59.0, 'over_under_open': 56.0, 'home_moneyline': 185.0, 'away_moneyline': -225.0}]",7.0
401531888,2023,7,regular,2023-10-10T23:30:00.000Z,Appalachian State,Sun Belt,24.0,Coastal Carolina,Sun Belt,27.0,"[{'provider': 'Bovada', 'spread': -4.5, 'formatted_spread': 'Appalachian State -4.5', 'spread_open': -6.0, 'over_under': 59.0, 'over_under_open': 63.0, 'home_moneyline': -225.0, 'away_moneyline': 185.0}]",-4.5
401525527,2023,7,regular,2023-10-14T19:30:00.000Z,Virginia Tech,ACC,30.0,Wake Forest,ACC,13.0,"[{'provider': 'Bovada', 'spread': -1.5, 'formatted_spread': 'Virginia Tech -1.5', 'spread_open': 1.0, 'over_under': 48.5, 'over_under_open': 49.0, 'home_moneyline': -120.0, 'away_moneyline': 100.0}]",-1.5
401525863,2023,7,regular,2023-10-14T16:00:00.000Z,Cincinnati,Big 12,10.0,Iowa State,Big 12,30.0,"[{'provider': 'Bovada', 'spread': -5.0, 'formatted_spread': 'Cincinnati -5.0', 'spread_open': -3.5, 'over_under': 43.0, 'over_under_open': 49.0, 'home_moneyline': -185.0, 'away_moneyline': 160.0}]",-5.0
401525864,2023,7,regular,2023-10-14T19:30:00.000Z,Oklahoma State,Big 12,39.0,Kansas,Big 12,32.0,"[{'provider': 'Bovada', 'spread': 3.0, 'formatted_spread': 'Kansas -3.0', 'spread_open': 3.5, 'over_under': 53.5, 'over_under_open': 58.0, 'home_moneyline': 150.0, 'away_moneyline': -175.0}]",3.0
401525865,2023,7,regular,2023-10-14T19:30:00.000Z,TCU,Big 12,44.0,BYU,Big 12,11.0,"[{'provider': 'Bovada', 'spread': -5.0, 'formatted_spread': 'TCU -5.0', 'spread_open': -5.0, 'over_under': 53.5, 'over_under_open': 52.0, 'home_moneyline': -210.0, 'away_moneyline': 175.0}]",-5.0
401525866,2023,7,regular,2023-10-14T23:00:00.000Z,Texas Tech,Big 12,21.0,Kansas State,Big 12,38.0,"[{'provider': 'Bovada', 'spread': -1.0, 'formatted_spread': 'Texas Tech -1.0', 'spread_open': -1.0, 'over_under': 57.5, 'over_under_open': 56.0, 'home_moneyline': -115.0, 'away_moneyline': -105.0}]",-1.0
401531381,2023,7,regular,2023-10-15T00:00:00.000Z,UT San Antonio,American Athletic,41.0,UAB,American Athletic,20.0,"[{'provider': 'Bovada', 'spread': -8.5, 'formatted_spread': 'UT San Antonio -8.5', 'spread_open': -8.5, 'over_under': 66.5, 'over_under_open': 64.5, 'home_moneyline': -330.0, 'away_moneyline': 265.0}]",-8.5
401531390,2023,7,regular,2023-10-14T16:00:00.000Z,North Texas,American Athletic,45.0,Temple,American Athletic,14.0,"[{'provider': 'Bovada', 'spread': -6.0, 'formatted_spread': 'North Texas -6.0', 'spread_open': -8.0, 'over_under': 68.0, 'over_under_open': 70.5, 'home_moneyline': -270.0, 'away_moneyline': 220.0}]",-6.0
401531405,2023,7,regular,2023-10-14T18:00:00.000Z,Charlotte,American Athletic,0.0,Navy,American Athletic,14.0,"[{'provider': 'Bovada', 'spread': 3.0, 'formatted_spread': 'Navy -3.0', 'spread_open': 4.5, 'over_under': 44.5, 'over_under_open': 45.0, 'home_moneyline': 135.0, 'away_moneyline': -160.0}]",3.0
401531420,2023,7,regular,2023-10-14T19:30:00.000Z,South Florida,American Athletic,14.0,Florida Atlantic,American Athletic,56.0,"[{'provider': 'Bovada', 'spread': -2.5, 'formatted_spread': 'South Florida -2.5', 'spread_open': -2.0, 'over_under': 61.5, 'over_under_open': 59.5, 'home_moneyline': -140.0, 'away_moneyline': 120.0}]",-2.5
401531889,2023,7,regular,2023-10-14T23:00:00.000Z,Georgia State,Sun Belt,41.0,Marshall,Sun Belt,24.0,"[{'provider': 'Bovada', 'spread': -1.5, 'formatted_spread': 'Georgia State -1.5', 'spread_open': -1.0, 'over_under': 54.5, 'over_under_open': 57.0, 'home_moneyline': -105.0, 'away_moneyline': -115.0}]",-1.5
401531890,2023,7,regular,2023-10-14T16:00:00.000Z,James Madison,Sun Belt,41.0,Georgia Southern,Sun Belt,13.0,"[{'provider': 'Bovada', 'spread': -6.0, 'formatted_spread': 'James Madison -6.0', 'spread_open': -3.5, 'over_under': 59.5, 'over_under_open': 58.5, 'home_moneyline': -175.0, 'away_moneyline': 150.0}]",-6.0
401532419,2023,7,regular,2023-10-14T18:00:00.000Z,Ball State,Mid-American,6.0,Toledo,Mid-American,13.0,"[{'provider': 'Bovada', 'spread': 17.5, 'formatted_spread': 'Toledo -17.5', 'spread_open': 16.0, 'over_under': 48.0, 'over_under_open': 52.0, 'home_moneyline': 525.0, 'away_moneyline': -800.0}]",17.5
401532422,2023,7,regular,2023-10-14T16:00:00.000Z,Eastern Michigan,Mid-American,28.0,Kent State,Mid-American,14.0,"[{'provider': 'Bovada', 'spread': -7.5, 'formatted_spread': 'Eastern Michigan -7.5', 'spread_open': -11.0, 'over_under': 40.0, 'over_under_open': 45.0, 'home_moneyline': -400.0, 'away_moneyline': 300.0}]",-7.5
401520358,2023,9,regular,2023-10-28T16:00:00.000Z,Penn State,Big Ten,33.0,Indiana,Big Ten,24.0,"[{'provider': 'Bovada', 'spread': -31.0, 'formatted_spread': 'Penn State -31.0', 'spread_open': -31.0, 'over_under': 45.0, 'over_under_open': 44.5, 'home_moneyline': -10000.0, 'away_moneyline': 1600.0}]",-31.0
401520353,2023,9,regular,2023-10-28T23:00:00.000Z,Kentucky,SEC,27.0,Tennessee,SEC,33.0,"[{'provider': 'Bovada', 'spread': 3.5, 'formatted_spread': 'Tennessee -3.5', 'spread_open': 4.0, 'over_under': 50.0, 'over_under_open': 51.5, 'home_moneyline': 150.0, 'away_moneyline': -175.0}]",3.5
401520350,2023,9,regular,2023-10-28T19:30:00.000Z,Auburn,SEC,27.0,Mississippi State,SEC,13.0,"[{'provider': 'Bovada', 'spread': -6.5, 'formatted_spread': 'Auburn -6.5', 'spread_open': -6.0, 'over_under': 40.0, 'over_under_open': 43.0, 'home_moneyline': -245.0, 'away_moneyline': 205.0}]",-6.5
401520351,2023,9,regular,2023-10-28T16:00:00.000Z,Boston College,ACC,21.0,Connecticut,FBS Independents,14.0,"[{'provider': 'Bovada', 'spread': -14.5, 'formatted_spread': 'Boston College -14.5', 'spread_open': -12.0, 'over_under': 49.0, 'over_under_open': 52.5, 'home_moneyline': -650.0, 'away_moneyline': 450.0}]",-14.5
401520356,2023,9,regular,2023-10-28T16:00:00.000Z,Northwestern,Big Ten,33.0,Maryland,Big Ten,27.0,"[{'provider': 'Bovada', 'spread': 14.5, 'formatted_spread': 'Maryland -14.5', 'spread_open': 13.0, 'over_under': 49.0, 'over_under_open': 48.5, 'home_moneyline': 430.0, 'away_moneyline': -625.0}]",14.5
401520359,2023,9,regular,2023-10-28T16:00:00.000Z,Texas A&M,SEC,30.0,South Carolina,SEC,17.0,"[{'provider': 'Bovada', 'spread': -17.0, 'formatted_spread': 'Texas A&M -17.0', 'spread_open': -13.5, 'over_under': 51.5, 'over_under_open': 54.5, 'home_moneyline': -750.0, 'away_moneyline': 500.0}]",-17.0
401532431,2023,9,regular,2023-10-28T17:00:00.000Z,Eastern Michigan,Mid-American,21.0,Western Michigan,Mid-American,45.0,"[{'provider': 'Bovada', 'spread': 3.0, 'formatted_spread': 'Western Michigan -3.0', 'spread_open': 0.0, 'over_under': 49.5, 'over_under_open': 44.5, 'home_moneyline': 130.0, 'away_moneyline': -150.0}]",3.0
401520349,2023,9,regular,2023-10-28T16:00:00.000Z,Army,FBS Independents,14.0,UMass,FBS Independents,21.0,"[{'provider': 'Bovada', 'spread': -10.0, 'formatted_spread': 'Army -10.0', 'spread_open': -9.0, 'over_under': 49.0, 'over_under_open': 48.0, 'home_moneyline': -360.0, 'away_moneyline': 280.0}]",-10.0
401532603,2023,9,regular,2023-10-28T23:00:00.000Z,Colorado State,Mountain West,13.0,Air Force,Mountain West,30.0,"[{'provider': 'Bovada', 'spread': 14.5, 'formatted_spread': 'Air Force -14.5', 'spread_open': 11.5, 'over_under': 47.5, 'over_under_open': 50.0, 'home_moneyline': 430.0, 'away_moneyline': -625.0}]",14.5
401524056,2023,11,regular,2023-11-11T20:30:00.000Z,Washington,Pac-12,35.0,Utah,Pac-12,28.0,"[{'provider': 'Bovada', 'spread': -9.5, 'formatted_spread': 'Washington -9.5', 'spread_open': -3.5, 'over_under': 48.5, 'over_under_open': 54.5, 'home_moneyline': -320.0, 'away_moneyline': 260.0}]",-9.5
401520389,2023,11,regular,2023-11-12T00:30:00.000Z,LSU,SEC,52.0,Florida,SEC,35.0,"[{'provider': 'Bovada', 'spread': -16.0, 'formatted_spread': 'LSU -16.0', 'spread_open': -15.5, 'over_under': 67.5, 'over_under_open': 63.0, 'home_moneyline': -750.0, 'away_moneyline': 500.0}]",-16.0
401520386,2023,11,regular,2023-11-11T17:00:00.000Z,Kentucky,SEC,21.0,Alabama,SEC,49.0,"[{'provider': 'Bovada', 'spread': 10.5, 'formatted_spread': 'Alabama -10.5', 'spread_open': -3.0, 'over_under': 47.0, 'over_under_open': 49.0, 'home_moneyline': 360.0, 'away_moneyline': -500.0}]",10.5
401524054,2023,11,regular,2023-11-11T22:30:00.000Z,Oregon State,Pac-12,62.0,Stanford,Pac-12,17.0,"[{'provider': 'Bovada', 'spread': -21.5, 'formatted_spread': 'Oregon State -21.5', 'spread_open': -20.5, 'over_under': 52.5, 'over_under_open': 54.5, 'home_moneyline': -1800.0, 'away_moneyline': 850.0}]",-21.5
401524052,2023,11,regular,2023-11-11T19:00:00.000Z,Colorado,Pac-12,31.0,Arizona,Pac-12,34.0,"[{'provider': 'Bovada', 'spread': 8.0, 'formatted_spread': 'Arizona -8.0', 'spread_open': 10.0, 'over_under': 55.5, 'over_under_open': 55.5, 'home_moneyline': 275.0, 'away_moneyline': -350.0}]",8.0
401524051,2023,11,regular,2023-11-11T21:00:00.000Z,California,Pac-12,42.0,Washington State,Pac-12,39.0,"[{'provider': 'Bovada', 'spread': -2.0, 'formatted_spread': 'California -2.0', 'spread_open': 0.0, 'over_under': 60.0, 'over_under_open': 58.5, 'home_moneyline': -125.0, 'away_moneyline': 105.0}]",-2.0
401524055,2023,11,regular,2023-11-12T02:00:00.000Z,UCLA,Pac-12,7.0,Arizona State,Pac-12,17.0,"[{'provider': 'Bovada', 'spread': -14.0, 'formatted_spread': 'UCLA -14.0', 'spread_open': -16.5, 'over_under': 45.5, 'over_under_open': 47.5, 'home_moneyline': -850.0, 'away_moneyline': 550.0}]",-14.0
401520391,2023,11,regular,2023-11-11T20:30:00.000Z,Missouri,SEC,36.0,Tennessee,SEC,7.0,"[{'provider': 'Bovada', 'spread': 2.0, 'formatted_spread': 'Tennessee -2.0', 'spread_open': 1.0, 'over_under': 59.0, 'over_under_open': 58.5, 'home_moneyline': 115.0, 'away_moneyline': -135.0}]",2.0
401520385,2023,11,regular,2023-11-11T19:00:00.000Z,James Madison,Sun Belt,44.0,Connecticut,FBS Independents,6.0,"[{'provider': 'Bovada', 'spread': -25.0, 'formatted_spread': 'James Madison -25.0', 'spread_open': -27.0, 'over_under': 47.5, 'over_under_open': 49.0, 'home_moneyline': -6500.0, 'away_moneyline': 1300.0}]",-25.0
401520392,2023,11,regular,2023-11-11T17:00:00.000Z,Nebraska,Big Ten,10.0,Maryland,Big Ten,13.0,"[{'provider': 'Bovada', 'spread': 1.5, 'formatted_spread': 'Maryland -1.5', 'spread_open': 1.0, 'over_under': 42.5, 'over_under_open': 45.5, 'home_moneyline': 105.0, 'away_moneyline': -125.0}]",1.5
401520396,2023,11,regular,2023-11-11T17:00:00.000Z,South Carolina,SEC,47.0,Vanderbilt,SEC,6.0,"[{'provider': 'Bovada', 'spread': -13.0, 'formatted_spread': 'South Carolina -13.0', 'spread_open': -14.5, 'over_under': 53.5, 'over_under_open': 58.0, 'home_moneyline': -575.0, 'away_moneyline': 400.0}]",-13.0
401525547,2023,11,regular,2023-11-11T17:00:00.000Z,Boston College,ACC,22.0,Virginia Tech,ACC,48.0,"[{'provider': 'Bovada', 'spread': 2.5, 'formatted_spread': 'Virginia Tech -2.5', 'spread_open': -2.5, 'over_under': 48.0, 'over_under_open': 49.5, 'home_moneyline': 125.0, 'away_moneyline': -145.0}]",2.5
401520394,2023,11,regular,2023-11-11T17:00:00.000Z,Penn State,Big Ten,15.0,Michigan,Big Ten,24.0,"[{'provider': 'Bovada', 'spread': 4.0, 'formatted_spread': 'Michigan -4.0', 'spread_open': 3.0, 'over_under': 44.5, 'over_under_open': 43.5, 'home_moneyline': 180.0, 'away_moneyline': -220.0}]",4.0
401520388,2023,11,regular,2023-11-11T18:00:00.000Z,Liberty,Conference USA,38.0,Old Dominion,Sun Belt,10.0,"[{'provider': 'Bovada', 'spread': -14.0, 'formatted_spread': 'Liberty -14.0', 'spread_open': -13.0, 'over_under': 59.5, 'over_under_open': 58.5, 'home_moneyline': -585.0, 'away_moneyline': 410.0}]",-14.0
401520387,2023,11,regular,2023-11-11T20:00:00.000Z,Louisiana Tech,Conference USA,27.0,Sam Houston State,Conference USA,42.0,"[{'provider': 'Bovada', 'spread': -8.0, 'formatted_spread': 'Louisiana Tech -8.0', 'spread_open': -7.5, 'over_under': 49.0, 'over_under_open': 49.0, 'home_moneyline': -310.0, 'away_moneyline': 255.0}]",-8.0
401520390,2023,11,regular,2023-11-11T20:30:00.000Z,Middle Tennessee,Conference USA,40.0,Florida International,Conference USA,6.0,"[{'provider': 'Bovada', 'spread': -10.5, 'formatted_spread': 'Middle Tennessee -10.5', 'spread_open': -11.0, 'over_under': 51.5, 'over_under_open': 52.5, 'home_moneyline': -430.0, 'away_moneyline': 320.0}]",-10.5
401520393,2023,11,regular,2023-11-12T00:30:00.000Z,Ohio State,Big Ten,38.0,Michigan State,Big Ten,3.0,"[{'provider': 'Bovada', 'spread': -32.0, 'formatted_spread': 'Ohio State -32.0', 'spread_open': -25.0, 'over_under': 48.0, 'over_under_open': 46.5, 'home_moneyline': -20000.0, 'away_moneyline': 2400.0}]",-32.0
401525467,2023,1,regular,2023-09-03T00:00:00.000Z,Virginia Tech,ACC,36.0,Old Dominion,Sun Belt,17.0,"[{'provider': 'Bovada', 'spread': -17.0, 'formatted_spread': 'Virginia Tech -17.0', 'spread_open': -14.0, 'over_under': 47.5, 'over_under_open': 49.5, 'home_moneyline': -750.0, 'away_moneyline': 500.0}]",-17.0
401525825,2023,1,regular,2023-09-02T23:30:00.000Z,Wyoming,Mountain West,35.0,Texas Tech,Big 12,33.0,"[{'provider': 'Bovada', 'spread': 13.5, 'formatted_spread': 'Texas Tech -13.5', 'spread_open': 13.5, 'over_under': 50.5, 'over_under_open': 52.5, 'home_moneyline': 460.0, 'away_moneyline': -675.0}]",13.5
401520201,2023,2,regular,2023-09-09T19:30:00.000Z,Miami,ACC,48.0,Texas A&M,SEC,33.0,"[{'provider': 'Bovada', 'spread': 2.5, 'formatted_spread': 'Texas A&M -2.5', 'spread_open': 4.5, 'over_under': 50.0, 'over_under_open': 49.5, 'home_moneyline': 175.0, 'away_moneyline': -210.0}]",2.5
401520216,2023,2,regular,2023-09-09T15:00:00.000Z,Wake Forest,ACC,36.0,Vanderbilt,SEC,20.0,"[{'provider': 'Bovada', 'spread': -9.5, 'formatted_spread': 'Wake Forest -9.5', 'spread_open': -10.0, 'over_under': 56.5, 'over_under_open': 58.5, 'home_moneyline': -470.0, 'away_moneyline': 345.0}]",-9.5
401520215,2023,2,regular,2023-09-09T16:00:00.000Z,Virginia Tech,ACC,17.0,Purdue,Big Ten,24.0,"[{'provider': 'Bovada', 'spread': -1.5, 'formatted_spread': 'Virginia Tech -1.5', 'spread_open': 0.0, 'over_under': 49.0, 'over_under_open': 50.0, 'home_moneyline': -130.0, 'away_moneyline': 110.0}]",-1.5
401525498,2023,2,regular,2023-09-09T16:00:00.000Z,Virginia,ACC,35.0,James Madison,Sun Belt,36.0,"[{'provider': 'Bovada', 'spread': 6.0, 'formatted_spread': 'James Madison -6.0', 'spread_open': 6.0, 'over_under': 39.5, 'over_under_open': 44.0, 'home_moneyline': 210.0, 'away_moneyline': -250.0}]",6.0
401520194,2023,2,regular,2023-09-09T19:30:00.000Z,Iowa State,Big 12,13.0,Iowa,Big Ten,20.0,"[{'provider': 'Bovada', 'spread': 3.5, 'formatted_spread': 'Iowa -3.5', 'spread_open': 3.5, 'over_under': 35.5, 'over_under_open': 36.0, 'home_moneyline': 160.0, 'away_moneyline': -185.0}]",3.5
401520207,2023,2,regular,2023-09-09T19:30:00.000Z,Northwestern,Big Ten,38.0,UTEP,Conference USA,7.0,"[{'provider': 'Bovada', 'spread': -1.0, 'formatted_spread': 'Northwestern -1.0', 'spread_open': 0.0, 'over_under': 39.5, 'over_under_open': 37.5, 'home_moneyline': -115.0, 'away_moneyline': -105.0}]",-1.0
401525497,2023,2,regular,2023-09-09T19:30:00.000Z,Syracuse,ACC,48.0,Western Michigan,Mid-American,7.0,"[{'provider': 'Bovada', 'spread': -24.5, 'formatted_spread': 'Syracuse -24.5', 'spread_open': -21.0, 'over_under': 56.5, 'over_under_open': 52.5, 'home_moneyline': -1600.0, 'away_moneyline': 800.0}]",-24.5
401526833,2023,2,regular,2023-09-09T19:30:00.000Z,UMass,FBS Independents,28.0,Miami (OH),Mid-American,41.0,"[{'provider': 'Bovada', 'spread': 7.0, 'formatted_spread': 'Miami (OH) -7.0', 'spread_open': 6.5, 'over_under': 44.0, 'over_under_open': 47.0, 'home_moneyline': 175.0, 'away_moneyline': -210.0}]",7.0
401531395,2023,2,regular,2023-09-09T19:30:00.000Z,UT San Antonio,American Athletic,20.0,Texas State,Sun Belt,13.0,"[{'provider': 'Bovada', 'spread': -14.0, 'formatted_spread': 'UT San Antonio -14.0', 'spread_open': -11.0, 'over_under': 66.5, 'over_under_open': 62.0, 'home_moneyline': None, 'away_moneyline': 335.0}]",-14.0
401520184,2023,2,regular,2023-09-09T20:00:00.000Z,Arkansas,SEC,28.0,Kent State,Mid-American,6.0,"[{'provider': 'Bovada', 'spread': -38.5, 'formatted_spread': 'Arkansas -38.5', 'spread_open': -38.0, 'over_under': 57.5, 'over_under_open': 59.5, 'home_moneyline': None, 'away_moneyline': None}]",-38.5
401531411,2023,2,regular,2023-09-09T20:00:00.000Z,East Carolina,American Athletic,13.0,Marshall,Sun Belt,31.0,"[{'provider': 'Bovada', 'spread': 3.0, 'formatted_spread': 'Marshall -3.0', 'spread_open': 0.0, 'over_under': 43.5, 'over_under_open': 46.5, 'home_moneyline': -105.0, 'away_moneyline': -115.0}]",3.0
401520198,2023,2,regular,2023-09-09T22:00:00.000Z,Liberty,Conference USA,33.0,New Mexico State,Conference USA,17.0,"[{'provider': 'Bovada', 'spread': -9.5, 'formatted_spread': 'Liberty -9.5', 'spread_open': -13.0, 'over_under': 54.5, 'over_under_open': 56.5, 'home_moneyline': -550.0, 'away_moneyline': 390.0}]",-9.5
401531378,2023,2,regular,2023-09-09T22:00:00.000Z,Georgia Southern,Sun Belt,49.0,UAB,American Athletic,35.0,"[{'provider': 'Bovada', 'spread': -6.5, 'formatted_spread': 'Georgia Southern -6.5', 'spread_open': -5.0, 'over_under': 63.5, 'over_under_open': 59.0, 'home_moneyline': -230.0, 'away_moneyline': 190.0}]",-6.5
401531419,2023,2,regular,2023-09-09T22:00:00.000Z,Florida Atlantic,American Athletic,10.0,Ohio,Mid-American,17.0,"[{'provider': 'Bovada', 'spread': -3.5, 'formatted_spread': 'Florida Atlantic -3.5', 'spread_open': -5.0, 'over_under': 62.0, 'over_under_open': 59.0, 'home_moneyline': -200.0, 'away_moneyline': 170.0}]",-3.5
401531842,2023,2,regular,2023-09-09T22:00:00.000Z,Old Dominion,Sun Belt,38.0,Louisiana,Sun Belt,31.0,"[{'provider': 'Bovada', 'spread': 6.5, 'formatted_spread': 'Louisiana -6.5', 'spread_open': 8.0, 'over_under': 51.0, 'over_under_open': 48.5, 'home_moneyline': 220.0, 'away_moneyline': None}]",6.5
401635525,2024,1,regular,2024-08-24T16:00:00.000Z,Georgia Tech,ACC,,Florida State,ACC,,"[{'provider': 'Bovada', 'spread': 11.0, 'formatted_spread': 'Florida State -11.0', 'spread_open': 12.0, 'over_under': 57.0, 'over_under_open': 57.0, 'home_moneyline': 375.0, 'away_moneyline': -525.0}]",11.0
401628448,2024,1,regular,2024-08-30T00:00:00.000Z,Minnesota,Big Ten,,North Carolina,ACC,,"[{'provider': 'Bovada', 'spread': -2.5, 'formatted_spread': 'Minnesota -2.5', 'spread_open': -2.5, 'over_under': 50.5, 'over_under_open': None, 'home_moneyline': -130.0, 'away_moneyline': 110.0}]",-2.5
401634300,2024,1,regular,2024-08-31T02:30:00.000Z,Stanford,ACC,,TCU,Big 12,,"[{'provider': 'Bovada', 'spread': 8.0, 'formatted_spread': 'TCU -8.0', 'spread_open': None, 'over_under': 61.5, 'over_under_open': None, 'home_moneyline': 240.0, 'away_moneyline': -290.0}]",8.0
401628324,2024,1,regular,2024-08-31T23:45:00.000Z,Kentucky,SEC,,Southern Mississippi,Sun Belt,,"[{'provider': 'Bovada', 'spread': -26.0, 'formatted_spread': 'Kentucky -26.0', 'spread_open': None, 'over_under': 50.5, 'over_under_open': None, 'home_moneyline': None, 'away_moneyline': None}]",-26.0
401628328,2024,1,regular,2024-08-30T23:00:00.000Z,Oklahoma,SEC,,Temple,American Athletic,,"[{'provider': 'Bovada', 'spread': -42.5, 'formatted_spread': 'Oklahoma -42.5', 'spread_open': None, 'over_under': 59.5, 'over_under_open': None, 'home_moneyline': None, 'away_moneyline': None}]",-42.5
401628329,2024,1,regular,2024-08-31T20:15:00.000Z,South Carolina,SEC,,Old Dominion,Sun Belt,,"[{'provider': 'Bovada', 'spread': -20.0, 'formatted_spread': 'South Carolina -20.0', 'spread_open': None, 'over_under': 54.0, 'over_under_open': 54.0, 'home_moneyline': None, 'away_moneyline': None}]",-20.0
401628333,2024,1,regular,2024-08-31T16:00:00.000Z,Vanderbilt,SEC,,Virginia Tech,ACC,,"[{'provider': 'Bovada', 'spread': 13.5, 'formatted_spread': 'Virginia Tech -13.5', 'spread_open': 13.0, 'over_under': 54.0, 'over_under_open': None, 'home_moneyline': 410.0, 'away_moneyline': -585.0}]",13.5
401628449,2024,1,regular,2024-08-31T19:30:00.000Z,Indiana,Big Ten,,Florida International,Conference USA,,"[{'provider': 'Bovada', 'spread': -21.0, 'formatted_spread': 'Indiana -21.0', 'spread_open': -21.0, 'over_under': 50.5, 'over_under_open': None, 'home_moneyline': None, 'away_moneyline': None}]",-21.0
401628451,2024,1,regular,2024-08-31T16:00:00.000Z,Maryland,Big Ten,,Connecticut,FBS Independents,,"[{'provider': 'Bovada', 'spread': -20.5, 'formatted_spread': 'Maryland -20.5', 'spread_open': None, 'over_under': 48.0, 'over_under_open': None, 'home_moneyline': None, 'away_moneyline': None}]",-20.5
401628452,2024,1,regular,2024-08-31T23:30:00.000Z,Michigan,Big Ten,,Fresno State,Mountain West,,"[{'provider': 'Bovada', 'spread': -21.0, 'formatted_spread': 'Michigan -21.0', 'spread_open': -21.0, 'over_under': 48.0, 'over_under_open': None, 'home_moneyline': None, 'away_moneyline': None}]",-21.0
401628453,2024,1,regular,2024-08-30T23:00:00.000Z,Michigan State,Big Ten,,Florida Atlantic,American Athletic,,"[{'provider': 'Bovada', 'spread': -11.5, 'formatted_spread': 'Michigan State -11.5', 'spread_open': -11.5, 'over_under': 46.5, 'over_under_open': 46.5, 'home_moneyline': -510.0, 'away_moneyline': 370.0}]",-11.5
401628454,2024,1,regular,2024-08-31T19:30:00.000Z,Nebraska,Big Ten,,UTEP,Conference USA,,"[{'provider': 'Bovada', 'spread': -27.5, 'formatted_spread': 'Nebraska -27.5', 'spread_open': None, 'over_under': 49.0, 'over_under_open': None, 'home_moneyline': None, 'away_moneyline': None}]",-27.5
401628455,2024,1,regular,2024-08-31T19:30:00.000Z,Ohio State,Big Ten,,Akron,Mid-American,,"[{'provider': 'Bovada', 'spread': -50.0, 'formatted_spread': 'Ohio State -50.0', 'spread_open': None, 'over_under': 58.5, 'over_under_open': None, 'home_moneyline': None, 'away_moneyline': None}]",-50.0
401634206,2024,1,regular,2024-08-30T00:00:00.000Z,Colorado,Big 12,,North Dakota State,MVFC,,"[{'provider': 'Bovada', 'spread': -8.5, 'formatted_spread': 'Colorado -8.5', 'spread_open': None, 'over_under': 58.5, 'over_under_open': None, 'home_moneyline': -290.0, 'away_moneyline': 240.0}]",-8.5
401628369,2024,4,regular,2024-09-21T04:00:00.000Z,Oklahoma,SEC,,Tennessee,SEC,,"[{'provider': 'Bovada', 'spread': -3.0, 'formatted_spread': 'Oklahoma -3.0', 'spread_open': None, 'over_under': None, 'over_under_open': None, 'home_moneyline': None, 'away_moneyline': None}]",-3.0
401628489,2024,4,regular,2024-09-21T19:30:00.000Z,Michigan,Big Ten,,USC,Big Ten,,"[{'provider': 'Bovada', 'spread': -8.5, 'formatted_spread': 'Michigan -8.5', 'spread_open': None, 'over_under': 53.5, 'over_under_open': None, 'home_moneyline': -300.0, 'away_moneyline': 250.0}]",-8.5
401635552,2024,4,regular,2024-09-21T04:00:00.000Z,Clemson,ACC,,NC State,ACC,,"[{'provider': 'Bovada', 'spread': -7.5, 'formatted_spread': 'Clemson -7.5', 'spread_open': None, 'over_under': 48.5, 'over_under_open': None, 'home_moneyline': -270.0, 'away_moneyline': 220.0}]",-7.5
401636876,2024,4,regular,2024-09-21T04:00:00.000Z,Oklahoma State,Big 12,,Utah,Big 12,,"[{'provider': 'Bovada', 'spread': 1.0, 'formatted_spread': 'Utah -1.0', 'spread_open': None, 'over_under': None, 'over_under_open': None, 'home_moneyline': None, 'away_moneyline': None}]",1.0
401635622,2024,14,regular,2024-11-30T05:00:00.000Z,Wake Forest,ACC,,Duke,ACC,,"[{'provider': 'Bovada', 'spread': 2.5, 'formatted_spread': 'Duke -2.5', 'spread_open': None, 'over_under': 51.5, 'over_under_open': None, 'home_moneyline': 115.0, 'away_moneyline': -135.0}]",2.5
401635624,2024,14,regular,2024-11-30T05:00:00.000Z,North Carolina,ACC,,NC State,ACC,,"[{'provider': 'Bovada', 'spread': 3.5, 'formatted_spread': 'NC State -3.5', 'spread_open': None, 'over_under': 55.5, 'over_under_open': None, 'home_moneyline': 155.0, 'away_moneyline': -180.0}]",3.5
401643696,2024,1,regular,2024-08-25T00:00:00.000Z,Nevada,Mountain West,,SMU,ACC,,"[{'provider': 'Bovada', 'spread': 27.5, 'formatted_spread': 'SMU -27.5', 'spread_open': 25.5, 'over_under': 57.5, 'over_under_open': 57.5, 'home_moneyline': None, 'away_moneyline': None}]",27.5
401628457,2024,1,regular,2024-08-31T16:00:00.000Z,West Virginia,Big 12,,Penn State,Big Ten,,"[{'provider': 'Bovada', 'spread': 10.0, 'formatted_spread': 'Penn State -10.0', 'spread_open': 10.0, 'over_under': 51.5, 'over_under_open': None, 'home_moneyline': 295.0, 'away_moneyline': -390.0}]",10.0
401628459,2024,1,regular,2024-08-31T23:30:00.000Z,Hawai'i,Mountain West,,UCLA,Big Ten,,"[{'provider': 'Bovada', 'spread': 13.5, 'formatted_spread': 'UCLA -13.5', 'spread_open': None, 'over_under': 55.5, 'over_under_open': None, 'home_moneyline': None, 'away_moneyline': None}]",13.5
401628461,2024,1,regular,2024-08-31T01:00:00.000Z,Wisconsin,Big Ten,,Western Michigan,Mid-American,,"[{'provider': 'Bovada', 'spread': -24.0, 'formatted_spread': 'Wisconsin -24.0', 'spread_open': -24.0, 'over_under': 56.5, 'over_under_open': 56.5, 'home_moneyline': None, 'away_moneyline': None}]",-24.0
401629039,2024,1,regular,2024-08-31T19:30:00.000Z,UMass,FBS Independents,,Eastern Michigan,Mid-American,,"[{'provider': 'Bovada', 'spread': -2.5, 'formatted_spread': 'UMass -2.5', 'spread_open': -1.0, 'over_under': 49.5, 'over_under_open': None, 'home_moneyline': -105.0, 'away_moneyline': -115.0}]",-2.5
401634212,2024,1,regular,2024-08-31T18:00:00.000Z,Oklahoma State,Big 12,,South Dakota State,MVFC,,"[{'provider': 'Bovada', 'spread': -9.5, 'formatted_spread': 'Oklahoma State -9.5', 'spread_open': -9.5, 'over_under': 54.5, 'over_under_open': 54.5, 'home_moneyline': None, 'away_moneyline': None}]",-9.5
401636883,2024,5,regular,2024-09-28T04:00:00.000Z,Kansas State,Big 12,,Oklahoma State,Big 12,,"[{'provider': 'Bovada', 'spread': -5.5, 'formatted_spread': 'Kansas State -5.5', 'spread_open': None, 'over_under': None, 'over_under_open': None, 'home_moneyline': None, 'away_moneyline': None}]",-5.5
401636886,2024,5,regular,2024-09-28T04:00:00.000Z,Utah,Big 12,,Arizona,Big 12,,"[{'provider': 'Bovada', 'spread': -9.5, 'formatted_spread': 'Utah -9.5', 'spread_open': None, 'over_under': None, 'over_under_open': None, 'home_moneyline': None, 'away_moneyline': None}]",-9.5
401628381,2024,6,regular,2024-10-05T04:00:00.000Z,Georgia,SEC,,Auburn,SEC,,"[{'provider': 'Bovada', 'spread': -23.5, 'formatted_spread': 'Georgia -23.5', 'spread_open': None, 'over_under': None, 'over_under_open': None, 'home_moneyline': None, 'away_moneyline': None}]",-23.5
401628383,2024,6,regular,2024-10-05T16:00:00.000Z,Texas A&M,SEC,,Missouri,SEC,,"[{'provider': 'Bovada', 'spread': -4.0, 'formatted_spread': 'Texas A&M -4.0', 'spread_open': None, 'over_under': None, 'over_under_open': None, 'home_moneyline': None, 'away_moneyline': None}]",-4.0
401628504,2024,6,regular,2024-10-05T04:00:00.000Z,Ohio State,Big Ten,,Iowa,Big Ten,,"[{'provider': 'Bovada', 'spread': -24.0, 'formatted_spread': 'Ohio State -24.0', 'spread_open': None, 'over_under': None, 'over_under_open': None, 'home_moneyline': None, 'away_moneyline': None}]",-24.0
401628505,2024,6,regular,2024-10-05T04:00:00.000Z,Washington,Big Ten,,Michigan,Big Ten,,"[{'provider': 'Bovada', 'spread': 8.5, 'formatted_spread': 'Michigan -8.5', 'spread_open': None, 'over_under': 51.5, 'over_under_open': None, 'home_moneyline': 255.0, 'away_moneyline': -310.0}]",8.5
401635589,2024,8,regular,2024-10-19T04:00:00.000Z,Louisville,ACC,,Miami,ACC,,"[{'provider': 'Bovada', 'spread': -1.0, 'formatted_spread': 'Louisville -1.0', 'spread_open': None, 'over_under': None, 'over_under_open': None, 'home_moneyline': None, 'away_moneyline': None}]",-1.0
401628566,2024,14,regular,2024-11-30T17:00:00.000Z,Ohio State,Big Ten,,Michigan,Big Ten,,"[{'provider': 'Bovada', 'spread': -9.5, 'formatted_spread': 'Ohio State -9.5', 'spread_open': None, 'over_under': 47.5, 'over_under_open': None, 'home_moneyline': -415.0, 'away_moneyline': 310.0}]",-9.5
401640998,2024,1,regular,2024-08-30T00:00:00.000Z,Jacksonville State,Conference USA,,Coastal Carolina,Sun Belt,,"[{'provider': 'Bovada', 'spread': -3.5, 'formatted_spread': 'Jacksonville State -3.5', 'spread_open': -3.5, 'over_under': 57.0, 'over_under_open': None, 'home_moneyline': -165.0, 'away_moneyline': 140.0}]",-3.5
401628323,2024,1,regular,2024-08-31T16:00:00.000Z,Georgia,SEC,,Clemson,ACC,,"[{'provider': 'Bovada', 'spread': -14.0, 'formatted_spread': 'Georgia -14.0', 'spread_open': None, 'over_under': 49.0, 'over_under_open': 49.0, 'home_moneyline': -650.0, 'away_moneyline': 450.0}]",-14.0
401634305,2024,1,regular,2024-08-31T16:00:00.000Z,Pittsburgh,ACC,,Kent State,Mid-American,,"[{'provider': 'Bovada', 'spread': -24.0, 'formatted_spread': 'Pittsburgh -24.0', 'spread_open': -24.0, 'over_under': 54.5, 'over_under_open': 54.0, 'home_moneyline': None, 'away_moneyline': None}]",-24.0
401628322,2024,1,regular,2024-08-31T19:30:00.000Z,Florida,SEC,,Miami,ACC,,"[{'provider': 'Bovada', 'spread': 2.0, 'formatted_spread': 'Miami -2.0', 'spread_open': None, 'over_under': 54.0, 'over_under_open': None, 'home_moneyline': 110.0, 'away_moneyline': -130.0}]",2.0
401628331,2024,1,regular,2024-08-31T19:30:00.000Z,Texas,SEC,,Colorado State,Mountain West,,"[{'provider': 'Bovada', 'spread': -35.0, 'formatted_spread': 'Texas -35.0', 'spread_open': None, 'over_under': 59.0, 'over_under_open': None, 'home_moneyline': None, 'away_moneyline': None}]",-35.0
401634304,2024,1,regular,2024-08-31T19:30:00.000Z,Syracuse,ACC,,Ohio,Mid-American,,"[{'provider': 'Bovada', 'spread': -17.0, 'formatted_spread': 'Syracuse -17.0', 'spread_open': None, 'over_under': 47.5, 'over_under_open': None, 'home_moneyline': None, 'away_moneyline': None}]",-17.0
401641015,2024,1,regular,2024-08-31T19:30:00.000Z,UT San Antonio,American Athletic,,Kennesaw State,Conference USA,,"[{'provider': 'Bovada', 'spread': -24.0, 'formatted_spread': 'UT San Antonio -24.0', 'spread_open': None, 'over_under': 49.5, 'over_under_open': None, 'home_moneyline': None, 'away_moneyline': None}]",-24.0
401644683,2024,1,regular,2024-08-31T19:30:00.000Z,Northwestern,Big Ten,,Miami (OH),Mid-American,,"[{'provider': 'Bovada', 'spread': -4.0, 'formatted_spread': 'Northwestern -4.0', 'spread_open': None, 'over_under': 43.0, 'over_under_open': None, 'home_moneyline': -195.0, 'away_moneyline': 165.0}]",-4.0
401643700,2024,1,regular,2024-08-31T20:00:00.000Z,Georgia Southern,Sun Belt,,Boise State,Mountain West,,"[{'provider': 'Bovada', 'spread': 11.5, 'formatted_spread': 'Boise State -11.5', 'spread_open': None, 'over_under': 57.5, 'over_under_open': None, 'home_moneyline': 310.0, 'away_moneyline': -415.0}]",11.5
401643775,2024,1,regular,2024-08-31T21:00:00.000Z,South Alabama,Sun Belt,,North Texas,American Athletic,,"[{'provider': 'Bovada', 'spread': -6.0, 'formatted_spread': 'South Alabama -6.0', 'spread_open': -6.0, 'over_under': 65.0, 'over_under_open': None, 'home_moneyline': -260.0, 'away_moneyline': 215.0}]",-6.0
401628319,2024,1,regular,2024-08-31T23:00:00.000Z,Alabama,SEC,,Western Kentucky,Conference USA,,"[{'provider': 'Bovada', 'spread': -31.0, 'formatted_spread': 'Alabama -31.0', 'spread_open': None, 'over_under': 59.5, 'over_under_open': None, 'home_moneyline': None, 'away_moneyline': None}]",-31.0
401636611,2024,1,regular,2024-08-31T23:00:00.000Z,Houston,Big 12,,UNLV,Mountain West,,"[{'provider': 'Bovada', 'spread': -2.5, 'formatted_spread': 'Houston -2.5', 'spread_open': None, 'over_under': 54.5, 'over_under_open': 54.0, 'home_moneyline': -140.0, 'away_moneyline': 120.0}]",-2.5
401641039,2024,1,regular,2024-08-31T23:00:00.000Z,Rice,American Athletic,,Sam Houston State,Conference USA,,"[{'provider': 'Bovada', 'spread': -10.5, 'formatted_spread': 'Rice -10.5', 'spread_open': -10.5, 'over_under': 49.0, 'over_under_open': None, 'home_moneyline': -435.0, 'away_moneyline': 325.0}]",-10.5
401643701,2024,1,regular,2024-08-31T23:00:00.000Z,Troy,Sun Belt,,Nevada,Mountain West,,"[{'provider': 'Bovada', 'spread': -15.5, 'formatted_spread': 'Troy -15.5', 'spread_open': None, 'over_under': 47.0, 'over_under_open': None, 'home_moneyline': None, 'away_moneyline': None}]",-15.5
401628332,2024,1,regular,2024-08-31T23:30:00.000Z,Texas A&M,SEC,,Notre Dame,FBS Independents,,"[{'provider': 'Bovada', 'spread': -2.5, 'formatted_spread': 'Texas A&M -2.5', 'spread_open': -2.5, 'over_under': 46.5, 'over_under_open': 46.5, 'home_moneyline': -115.0, 'away_moneyline': -105.0}]",-2.5
401634302,2024,1,regular,2024-09-01T00:00:00.000Z,Georgia Tech,ACC,,Georgia State,Sun Belt,,"[{'provider': 'Bovada', 'spread': -20.5, 'formatted_spread': 'Georgia Tech -20.5', 'spread_open': None, 'over_under': 57.5, 'over_under_open': None, 'home_moneyline': None, 'away_moneyline': None}]",-20.5
401643774,2024,1,regular,2024-09-01T00:00:00.000Z,Charlotte,American Athletic,,James Madison,Sun Belt,,"[{'provider': 'Bovada', 'spread': 7.5, 'formatted_spread': 'James Madison -7.5', 'spread_open': 7.5, 'over_under': 51.5, 'over_under_open': None, 'home_moneyline': 260.0, 'away_moneyline': -320.0}]",7.5
401636608,2024,1,regular,2024-09-01T02:30:00.000Z,Arizona,Big 12,,New Mexico,Mountain West,,"[{'provider': 'Bovada', 'spread': -30.0, 'formatted_spread': 'Arizona -30.0', 'spread_open': None, 'over_under': 54.5, 'over_under_open': None, 'home_moneyline': None, 'away_moneyline': None}]",-30.0
401636609,2024,1,regular,2024-09-01T02:30:00.000Z,Arizona State,Big 12,,Wyoming,Mountain West,,"[{'provider': 'Bovada', 'spread': -6.5, 'formatted_spread': 'Arizona State -6.5', 'spread_open': -6.0, 'over_under': 46.5, 'over_under_open': None, 'home_moneyline': -260.0, 'away_moneyline': 215.0}]",-6.5
401628334,2024,1,regular,2024-09-01T23:30:00.000Z,LSU,SEC,,USC,Big Ten,,"[{'provider': 'Bovada', 'spread': -6.0, 'formatted_spread': 'LSU -6', 'spread_open': None, 'over_under': 63.0, 'over_under_open': 63.0, 'home_moneyline': 175.0, 'away_moneyline': -210.0}]",-6.0
401634306,2024,1,regular,2024-09-02T23:30:00.000Z,Florida State,ACC,,Boston College,ACC,,"[{'provider': 'Bovada', 'spread': -21.5, 'formatted_spread': 'Florida State -21.5', 'spread_open': None, 'over_under': 51.5, 'over_under_open': None, 'home_moneyline': None, 'away_moneyline': None}]",-21.5
401628347,2024,2,regular,2024-09-07T16:00:00.000Z,Michigan,Big Ten,,Texas,SEC,,"[{'provider': 'Bovada', 'spread': 3.5, 'formatted_spread': 'Texas -3.5', 'spread_open': None, 'over_under': 48.5, 'over_under_open': None, 'home_moneyline': 135.0, 'away_moneyline': -160.0}]",3.5
401628464,2024,2,regular,2024-09-07T19:30:00.000Z,Iowa,Big Ten,,Iowa State,Big 12,,"[{'provider': 'Bovada', 'spread': -2.5, 'formatted_spread': 'Iowa -2.5', 'spread_open': None, 'over_under': 37.5, 'over_under_open': None, 'home_moneyline': -135.0, 'away_moneyline': 115.0}]",-2.5
401628346,2024,2,regular,2024-09-07T23:30:00.000Z,NC State,ACC,,Tennessee,SEC,,"[{'provider': 'Bovada', 'spread': 4.5, 'formatted_spread': 'Tennessee -4.5', 'spread_open': None, 'over_under': 56.5, 'over_under_open': None, 'home_moneyline': 160.0, 'away_moneyline': -185.0}]",4.5
401628467,2024,2,regular,2024-09-07T23:30:00.000Z,Nebraska,Big Ten,,Colorado,Big 12,,"[{'provider': 'Bovada', 'spread': -6.5, 'formatted_spread': 'Nebraska -6.5', 'spread_open': None, 'over_under': 56.5, 'over_under_open': None, 'home_moneyline': -225.0, 'away_moneyline': 185.0}]",-6.5
401628483,2024,3,regular,2024-09-14T19:30:00.000Z,Oregon State,Pac-12,,Oregon,Big Ten,,"[{'provider': 'Bovada', 'spread': 20.5, 'formatted_spread': 'Oregon -20.5', 'spread_open': None, 'over_under': None, 'over_under_open': None, 'home_moneyline': None, 'away_moneyline': None}]",20.5
401628484,2024,3,regular,2024-09-14T19:30:00.000Z,Washington,Big Ten,,Washington State,Pac-12,,"[{'provider': 'Bovada', 'spread': -8.0, 'formatted_spread': 'Washington -8.0', 'spread_open': None, 'over_under': None, 'over_under_open': None, 'home_moneyline': None, 'away_moneyline': None}]",-8.0
401636864,2024,3,regular,2024-09-14T00:00:00.000Z,Kansas State,Big 12,,Arizona,Big 12,,"[{'provider': 'Bovada', 'spread': -8.5, 'formatted_spread': 'Kansas State -8.5', 'spread_open': None, 'over_under': 54.5, 'over_under_open': None, 'home_moneyline': -280.0, 'away_moneyline': 230.0}]",-8.5
401628350,2024,3,regular,2024-09-14T16:00:00.000Z,Wisconsin,Big Ten,,Alabama,SEC,,"[{'provider': 'Bovada', 'spread': 9.0, 'formatted_spread': 'Alabama -9.0', 'spread_open': None, 'over_under': None, 'over_under_open': None, 'home_moneyline': None, 'away_moneyline': None}]",9.0
401628353,2024,3,regular,2024-09-14T19:30:00.000Z,Florida,SEC,,Texas A&M,SEC,,"[{'provider': 'Bovada', 'spread': 4.0, 'formatted_spread': 'Texas A&M -4.0', 'spread_open': None, 'over_under': None, 'over_under_open': None, 'home_moneyline': None, 'away_moneyline': None}]",4.0
401635547,2024,3,regular,2024-09-14T19:30:00.000Z,Pittsburgh,ACC,,West Virginia,Big 12,,"[{'provider': 'Bovada', 'spread': 4.5, 'formatted_spread': 'West Virginia -4.5', 'spread_open': None, 'over_under': None, 'over_under_open': None, 'home_moneyline': None, 'away_moneyline': None}]",4.5
401636861,2024,3,regular,2024-09-14T23:30:00.000Z,Colorado State,Mountain West,,Colorado,Big 12,,"[{'provider': 'Bovada', 'spread': 7.5, 'formatted_spread': 'Colorado -7.5', 'spread_open': None, 'over_under': None, 'over_under_open': None, 'home_moneyline': None, 'away_moneyline': None}]",7.5
401634767,2024,5,regular,2024-09-27T23:30:00.000Z,Miami,ACC,,Virginia Tech,ACC,,"[{'provider': 'Bovada', 'spread': -7.5, 'formatted_spread': 'Miami -7.5', 'spread_open': None, 'over_under': None, 'over_under_open': None, 'home_moneyline': None, 'away_moneyline': None}]",-7.5
401628373,2024,5,regular,2024-09-28T04:00:00.000Z,Texas A&M,SEC,,Arkansas,SEC,,"[{'provider': 'Bovada', 'spread': -10.5, 'formatted_spread': 'Texas A&M -10.5', 'spread_open': None, 'over_under': None, 'over_under_open': None, 'home_moneyline': None, 'away_moneyline': None}]",-10.5
401628375,2024,5,regular,2024-09-28T04:00:00.000Z,Auburn,SEC,,Oklahoma,SEC,,"[{'provider': 'Bovada', 'spread': 2.5, 'formatted_spread': 'Oklahoma -2.5', 'spread_open': None, 'over_under': None, 'over_under_open': None, 'home_moneyline': None, 'away_moneyline': None}]",2.5
401635562,2024,5,regular,2024-09-28T04:00:00.000Z,Duke,ACC,,North Carolina,ACC,,"[{'provider': 'Bovada', 'spread': 3.0, 'formatted_spread': 'North Carolina -3.0', 'spread_open': None, 'over_under': 57.5, 'over_under_open': None, 'home_moneyline': None, 'away_moneyline': None}]",3.0
401628980,2024,5,regular,2024-09-28T19:30:00.000Z,Notre Dame,FBS Independents,,Louisville,ACC,,"[{'provider': 'Bovada', 'spread': -9.5, 'formatted_spread': 'Notre Dame -9.5', 'spread_open': None, 'over_under': 48.5, 'over_under_open': None, 'home_moneyline': -340.0, 'away_moneyline': 270.0}]",-9.5
401628374,2024,5,regular,2024-09-28T23:30:00.000Z,Alabama,SEC,,Georgia,SEC,,"[{'provider': 'Bovada', 'spread': 3.5, 'formatted_spread': 'Georgia -3.5', 'spread_open': None, 'over_under': 54.5, 'over_under_open': None, 'home_moneyline': 145.0, 'away_moneyline': -170.0}]",3.5
401635569,2024,6,regular,2024-10-05T04:00:00.000Z,Florida State,ACC,,Clemson,ACC,,"[{'provider': 'Bovada', 'spread': -3.5, 'formatted_spread': 'Florida State -3.5', 'spread_open': None, 'over_under': 47.5, 'over_under_open': None, 'home_moneyline': -160.0, 'away_moneyline': 135.0}]",-3.5
401628388,2024,7,regular,2024-10-12T04:00:00.000Z,LSU,SEC,,Ole Miss,SEC,,"[{'provider': 'Bovada', 'spread': -2.5, 'formatted_spread': 'LSU -2.5', 'spread_open': None, 'over_under': None, 'over_under_open': None, 'home_moneyline': None, 'away_moneyline': None}]",-2.5
401628391,2024,7,regular,2024-10-12T04:00:00.000Z,Tennessee,SEC,,Florida,SEC,,"[{'provider': 'Bovada', 'spread': -10.0, 'formatted_spread': 'Tennessee -10.0', 'spread_open': None, 'over_under': None, 'over_under_open': None, 'home_moneyline': None, 'away_moneyline': None}]",-10.0
401628515,2024,7,regular,2024-10-12T04:00:00.000Z,Oregon,Big Ten,,Ohio State,Big Ten,,"[{'provider': 'Bovada', 'spread': -1.0, 'formatted_spread': 'Oregon -1.0', 'spread_open': None, 'over_under': 56.5, 'over_under_open': None, 'home_moneyline': -110.0, 'away_moneyline': -110.0}]",-1.0
401628516,2024,7,regular,2024-10-12T04:00:00.000Z,USC,Big Ten,,Penn State,Big Ten,,"[{'provider': 'Bovada', 'spread': 4.0, 'formatted_spread': 'Penn State -4.0', 'spread_open': None, 'over_under': None, 'over_under_open': None, 'home_moneyline': None, 'away_moneyline': None}]",4.0
401636894,2024,7,regular,2024-10-12T04:00:00.000Z,Colorado,Big 12,,Kansas State,Big 12,,"[{'provider': 'Bovada', 'spread': 6.0, 'formatted_spread': 'Kansas State -6.0', 'spread_open': None, 'over_under': None, 'over_under_open': None, 'home_moneyline': None, 'away_moneyline': None}]",6.0
401628390,2024,7,regular,2024-10-12T19:30:00.000Z,Oklahoma,SEC,,Texas,SEC,,"[{'provider': 'Bovada', 'spread': 8.5, 'formatted_spread': 'Texas -8.5', 'spread_open': 7.5, 'over_under': 60.5, 'over_under_open': 60.5, 'home_moneyline': 255.0, 'away_moneyline': -310.0}]",8.5
401628392,2024,8,regular,2024-10-19T04:00:00.000Z,Arkansas,SEC,,LSU,SEC,,"[{'provider': 'Bovada', 'spread': 9.5, 'formatted_spread': 'LSU -9.5', 'spread_open': None, 'over_under': None, 'over_under_open': None, 'home_moneyline': None, 'away_moneyline': None}]",9.5
401628397,2024,8,regular,2024-10-19T04:00:00.000Z,Tennessee,SEC,,Alabama,SEC,,"[{'provider': 'Bovada', 'spread': 2.5, 'formatted_spread': 'Alabama -2.5', 'spread_open': None, 'over_under': None, 'over_under_open': None, 'home_moneyline': None, 'away_moneyline': None}]",2.5
401628398,2024,8,regular,2024-10-19T04:00:00.000Z,Texas,SEC,,Georgia,SEC,,"[{'provider': 'Bovada', 'spread': 2.0, 'formatted_spread': 'Georgia -2.0', 'spread_open': None, 'over_under': 55.5, 'over_under_open': None, 'home_moneyline': 115.0, 'away_moneyline': -135.0}]",2.0
401628413,2024,11,regular,2024-11-09T05:00:00.000Z,LSU,SEC,,Alabama,SEC,,"[{'provider': 'Bovada', 'spread': -1.0, 'formatted_spread': 'LSU -1.0', 'spread_open': None, 'over_under': 59.5, 'over_under_open': None, 'home_moneyline': -125.0, 'away_moneyline': 105.0}]",-1.0
401628414,2024,11,regular,2024-11-09T05:00:00.000Z,Ole Miss,SEC,,Georgia,SEC,,"[{'provider': 'Bovada', 'spread': 6.5, 'formatted_spread': 'Georgia -6.5', 'spread_open': None, 'over_under': 54.5, 'over_under_open': None, 'home_moneyline': 190.0, 'away_moneyline': -230.0}]",6.5
401635607,2024,11,regular,2024-11-09T05:00:00.000Z,Virginia Tech,ACC,,Clemson,ACC,,"[{'provider': 'Bovada', 'spread': 4.5, 'formatted_spread': 'Clemson -4.5', 'spread_open': None, 'over_under': None, 'over_under_open': None, 'home_moneyline': None, 'away_moneyline': None}]",4.5
401636922,2024,11,regular,2024-11-09T05:00:00.000Z,Utah,Big 12,,BYU,Big 12,,"[{'provider': 'Bovada', 'spread': -16.5, 'formatted_spread': 'Utah -16.5', 'spread_open': None, 'over_under': None, 'over_under_open': None, 'home_moneyline': None, 'away_moneyline': None}]",-16.5
401628984,2024,11,regular,2024-11-10T00:30:00.000Z,Notre Dame,FBS Independents,,Florida State,ACC,,"[{'provider': 'Bovada', 'spread': -4.5, 'formatted_spread': 'Notre Dame -4.5', 'spread_open': None, 'over_under': 47.5, 'over_under_open': None, 'home_moneyline': -195.0, 'away_moneyline': 165.0}]",-4.5
401628421,2024,12,regular,2024-11-16T05:00:00.000Z,Georgia,SEC,,Tennessee,SEC,,"[{'provider': 'Bovada', 'spread': -16.5, 'formatted_spread': 'Georgia -16.5', 'spread_open': None, 'over_under': 54.5, 'over_under_open': None, 'home_moneyline': None, 'away_moneyline': None}]",-16.5
401628551,2024,12,regular,2024-11-16T05:00:00.000Z,Wisconsin,Big Ten,,Oregon,Big Ten,,"[{'provider': 'Bovada', 'spread': 11.0, 'formatted_spread': 'Oregon -11.0', 'spread_open': None, 'over_under': None, 'over_under_open': None, 'home_moneyline': None, 'away_moneyline': None}]",11.0
401636925,2024,12,regular,2024-11-16T05:00:00.000Z,Colorado,Big 12,,Utah,Big 12,,"[{'provider': 'Bovada', 'spread': 8.0, 'formatted_spread': 'Utah -8.0', 'spread_open': None, 'over_under': 59.5, 'over_under_open': None, 'home_moneyline': 240.0, 'away_moneyline': -290.0}]",8.0
401628536,2024,10,regular,2024-11-02T04:00:00.000Z,Michigan,Big Ten,,Oregon,Big Ten,,"[{'provider': 'Bovada', 'spread': 3.5, 'formatted_spread': 'Oregon -3.5', 'spread_open': None, 'over_under': 52.5, 'over_under_open': None, 'home_moneyline': 130.0, 'away_moneyline': -150.0}]",3.5
401628539,2024,10,regular,2024-11-02T04:00:00.000Z,Penn State,Big Ten,,Ohio State,Big Ten,,"[{'provider': 'Bovada', 'spread': 3.5, 'formatted_spread': 'Ohio State -3.5', 'spread_open': None, 'over_under': 47.5, 'over_under_open': None, 'home_moneyline': 150.0, 'away_moneyline': -175.0}]",3.5
401635600,2024,10,regular,2024-11-02T04:00:00.000Z,Clemson,ACC,,Louisville,ACC,,"[{'provider': 'Bovada', 'spread': -8.0, 'formatted_spread': 'Clemson -8.0', 'spread_open': None, 'over_under': None, 'over_under_open': None, 'home_moneyline': None, 'away_moneyline': None}]",-8.0
