id,season,week,home_team,away_team,home_points,away_points,home_division,away_division,home_pregame_elo,away_pregame_elo,neutral_site,point_diff,winner
401282714,2021,1,Illinois,Nebraska,30,22,fbs,fbs,1392.0,1503.0,False,-8,Illinois
401286187,2021,1,Fresno State,Connecticut,45,0,fbs,fbs,1465.0,1223.0,False,-45,Fresno State
401329133,2021,1,Central State,Kentucky State,6,20,ii,ii,,,True,14,Kentucky State
401309833,2021,1,UCLA,Hawai'i,44,10,fbs,fbs,1517.0,1466.0,False,-34,UCLA
401328337,2021,1,Indiana State,Eastern Illinois,26,21,fcs,fcs,,,False,-5,Indiana State
401327539,2021,1,North Carolina Central,Alcorn State,23,14,fcs,fcs,,,True,-9,North Carolina Central
401282049,2021,1,New Mexico State,UTEP,3,30,fbs,fbs,1261.0,1222.0,False,27,UTEP
401310693,2021,1,San José State,Southern Utah,45,14,fbs,fcs,,,False,-31,San José State
401282050,2021,1,Jacksonville State,UAB,0,31,fcs,fbs,,,True,31,UAB
401328215,2021,1,Wingate,Shaw,30,7,ii,ii,,,False,-23,Wingate
401328989,2021,1,Wayne State (MI),Slippery Rock,21,24,ii,ii,,,False,3,Slippery Rock
401328204,2021,1,Stony Brook,New Hampshire,21,27,fcs,fcs,,,False,6,New Hampshire
401329651,2021,1,Mars Hill,Chowan,24,30,ii,ii,,,False,6,Chowan
401332315,2021,1,Drake,WV Wesleyan,45,3,fcs,ii,,,False,-42,Drake
401328276,2021,1,Arkansas Tech,Southeastern Oklahoma,20,38,ii,ii,,,False,18,Southeastern Oklahoma
401328309,2021,1,Arkansas-Monticello,Southern Nazarene,30,23,ii,ii,,,False,-7,Arkansas-Monticello
401328397,2021,1,Southwestern Oklahoma,Henderson State,13,31,ii,ii,,,False,18,Henderson State
401328432,2021,1,Northwestern Oklahoma State,Southern Arkansas,13,32,ii,ii,,,False,19,Southern Arkansas
401328466,2021,1,Ouachita Baptist,Oklahoma Baptist,38,31,ii,ii,,,False,-7,Ouachita Baptist
401328605,2021,1,Lindenwood,Angelo State,20,40,ii,ii,,,False,20,Angelo State
401328973,2021,1,Northwood (MI),Gannon,21,28,ii,ii,,,False,7,Gannon
401329015,2021,1,Delta State,Bethel (TN),48,14,ii,,,,False,-34,Delta State
401329020,2021,1,Mississippi College,Albany State (GA),0,24,ii,ii,,,False,24,Albany State (GA)
401329056,2021,1,Carson-Newman,West Georgia,7,45,ii,ii,,,False,38,West Georgia
401329270,2021,1,Seton Hill College,Wheeling Jesuit,16,14,ii,ii,,,False,-2,Seton Hill College
401329357,2021,1,Ohio Dominican,Shepherd,30,35,ii,ii,,,False,5,Shepherd
401329425,2021,1,Millersville,American International,9,14,ii,ii,,,False,5,American International
401329443,2021,1,Lincoln (MO),Washburn,12,76,ii,ii,,,False,64,Washburn
401329491,2021,1,Minnesota State,Northern State,40,34,ii,ii,,,False,-6,Minnesota State
401329503,2021,1,Sioux Falls,Bemidji State,16,24,ii,ii,,,False,8,Bemidji State
401329689,2021,1,Upper Iowa,Minnesota-Duluth,14,41,ii,ii,,,False,27,Minnesota-Duluth
401334756,2021,1,Kentucky Wesleyan,Frostburg State,13,20,ii,ii,,,False,7,Frostburg State
401334786,2021,1,Wayne State (NE),University of Mary,34,27,ii,ii,,,False,-7,Wayne State (NE)
401334787,2021,1,Fairmont State,California (PA),14,23,ii,ii,,,False,9,California (PA)
401337471,2021,1,West Liberty,Walsh,6,27,ii,ii,,,False,21,Walsh
401357797,2021,1,Mercer,Point University,69,0,fcs,,,,False,-69,Mercer
401328458,2021,1,Samford,Tennessee Tech,52,14,fcs,fcs,,,False,-38,Samford
401328388,2021,1,Youngstown State,Incarnate Word,44,41,fcs,fcs,,,False,-3,Youngstown State
401328175,2021,1,Maine,Delaware,24,34,fcs,fcs,,,False,10,Delaware
401328545,2021,1,Coastal Carolina,The Citadel,52,14,fbs,fcs,,,False,-38,Coastal Carolina
401309540,2021,1,Ball State,Western Illinois,31,21,fbs,fcs,,,False,-10,Ball State
401309542,2021,1,Buffalo,Wagner,69,7,fbs,fcs,,,False,-62,Buffalo
401300995,2021,1,UCF,Boise State,36,31,fbs,fbs,1648.0,1602.0,False,-5,UCF
401329660,2021,1,East Stroudsburg,Pace,35,14,ii,ii,,,False,-21,East Stroudsburg
401328768,2021,1,Ferris State,Findlay,54,14,ii,ii,,,False,-40,Ferris State
401328383,2021,1,Southeast Missouri State,Southern Illinois,21,47,fcs,fcs,,,False,26,Southern Illinois
401300993,2021,1,Appalachian State,East Carolina,33,19,fbs,fbs,1659.0,1403.0,False,-14,Appalachian State
401309834,2021,1,Utah,Weber State,40,17,fbs,fcs,,,False,-23,Utah
401282607,2021,1,NC State,South Florida,45,0,fbs,fbs,1460.0,1251.0,False,-45,NC State
401328404,2021,1,Chattanooga,Austin Peay,20,30,fcs,fcs,,,False,10,Austin Peay
401300994,2021,1,Tulsa,UC Davis,17,19,fbs,fcs,,,False,2,UC Davis
401282789,2021,1,Minnesota,Ohio State,31,45,fbs,fbs,1585.0,1905.0,False,14,Ohio State
401310696,2021,1,New Mexico,Houston Christian,27,17,fbs,fcs,,,False,-10,New Mexico
401282180,2021,1,Western Kentucky,UT Martin,59,21,fbs,fcs,,,False,-38,Western Kentucky
401281952,2021,1,Tennessee,Bowling Green,38,6,fbs,fbs,1489.0,1041.0,False,-32,Tennessee
401328420,2021,1,Murray State,Mississippi Valley State,35,0,fcs,fcs,,,False,-35,Murray State
401329404,2021,1,Fort Hays State,Northwest Missouri State,7,15,ii,ii,,,False,8,Northwest Missouri State
401329456,2021,1,Nebraska-Kearney,Missouri Southern State,38,0,ii,ii,,,False,-38,Nebraska-Kearney
401329374,2021,1,Central Oklahoma,Missouri Western,24,20,ii,ii,,,False,-4,Central Oklahoma
401329340,2021,1,Central Missouri State,Pittsburg State,16,35,ii,ii,,,False,19,Pittsburg State
401329058,2021,1,Winona State,Concordia-St. Paul,47,6,ii,ii,,,False,-41,Winona State
401329153,2021,1,Colorado State-Pueblo,Texas A&M-Commerce,6,12,ii,ii,,,False,6,Texas A&M-Commerce
401330245,2021,1,Eastern New Mexico,Central Washington,24,66,ii,ii,,,False,42,Central Washington
401329037,2021,1,Southwest Minnesota State,Minnesota St-Moorhead,21,33,ii,ii,,,False,12,Minnesota St-Moorhead
401328138,2021,1,Kennesaw State,Reinhardt,35,25,fcs,,,,False,-10,Kennesaw State
401329312,2021,1,Colorado Mesa,William Jewell College,40,3,ii,ii,,,False,-37,Colorado Mesa
401328681,2021,1,South Dakota Mines,Missouri S&T,34,31,ii,ii,,,False,-3,South Dakota Mines
401329048,2021,1,Colorado Mines,Western Oregon,42,3,ii,ii,,,False,-39,Colorado Mines
401282051,2021,1,Florida International,Long Island University,48,10,fbs,fcs,,,False,-38,Florida International
401328011,2021,1,Northern Arizona,Sam Houston State,16,42,fcs,fcs,,,False,26,Sam Houston State
401329450,2021,1,West Texas A&M,Texas College,73,0,ii,,,,False,-73,West Texas A&M
401310694,2021,1,UNLV,Eastern Washington,33,35,fbs,fcs,,,False,2,Eastern Washington
401309835,2021,1,Arizona State,Southern Utah,41,14,fbs,fcs,,,False,-27,Arizona State
401309937,2021,1,Virginia Tech,North Carolina,17,10,fbs,fbs,1535.0,1725.0,False,-7,Virginia Tech
401335299,2021,1,Central Connecticut,Southern Connecticut State,21,28,fcs,ii,,,False,7,Southern Connecticut State
401344437,2021,1,Bentley,West Chester,41,17,ii,ii,,,False,-24,Bentley
401282052,2021,1,Charlotte,Duke,31,28,fbs,fbs,1366.0,1295.0,False,-3,Charlotte
401282608,2021,1,Wake Forest,Old Dominion,42,10,fbs,fbs,1519.0,1303.0,False,-32,Wake Forest
401309541,2021,1,Eastern Michigan,St Francis (PA),35,15,fbs,fcs,,,False,-20,Eastern Michigan
401287888,2021,1,Kansas,South Dakota,17,14,fbs,fcs,,,False,-3,Kansas
401310695,2021,1,Colorado State,South Dakota State,23,42,fbs,fcs,,,False,19,South Dakota State
401309836,2021,1,Colorado,Northern Colorado,35,7,fbs,fcs,,,False,-28,Colorado
401282782,2021,1,Northwestern,Michigan State,21,38,fbs,fbs,1639.0,1424.0,False,17,Michigan State
401286188,2021,1,Connecticut,Holy Cross,28,38,fbs,fcs,,,False,10,Holy Cross
401282609,2021,1,Boston College,Colgate,51,0,fbs,fcs,,,False,-51,Boston College
401282822,2021,1,Rutgers,Temple,61,14,fbs,fbs,1393.0,1304.0,False,-47,Rutgers
401287894,2021,1,Oklahoma,Tulane,40,35,fbs,fbs,1875.0,1597.0,False,-5,Oklahoma
401282815,2021,1,Wisconsin,Penn State,10,16,fbs,fbs,1745.0,1668.0,False,6,Penn State
401328233,2021,1,Lehigh,Villanova,3,47,fcs,fcs,,,False,44,Villanova
401287889,2021,1,Kansas State,Stanford,24,7,fbs,fbs,1447.0,1491.0,True,-17,Kansas State
401309601,2021,1,Georgia State,Army,10,43,fbs,fbs,1410.0,1549.0,False,33,Army
401327913,2021,1,Nebraska,Fordham,52,7,fbs,fcs,,,False,-45,Nebraska
401281947,2021,1,Kentucky,Louisiana Monroe,45,10,fbs,fbs,1550.0,1101.0,False,-35,Kentucky
401282772,2021,1,Michigan,Western Michigan,47,14,fbs,fbs,1591.0,1510.0,False,-33,Michigan
401328990,2021,1,Shorter,Brevard College,38,14,ii,iii,,,False,-24,Shorter
401329633,2021,1,UVA-Wise,Virginia Lynchburg,54,0,ii,,,,False,-54,UVA-Wise
401328713,2021,1,Notre Dame College,Ashland,42,35,ii,ii,,,False,-7,Notre Dame College
401328706,2021,1,Davenport,Truman State,14,31,ii,ii,,,False,17,Truman State
401363390,2021,1,Southwest Baptist,University of Texas of the Permian Basin,16,24,ii,ii,,,False,8,University of Texas of the Permian Basin
401332385,2021,1,Bluefield,Lawrence Tech,14,21,ii,,,,False,7,Lawrence Tech
401329210,2021,1,Kutztown,Assumption,19,0,ii,ii,,,False,-19,Kutztown
401328924,2021,1,New Haven,Franklin Pierce,30,14,ii,ii,,,False,-16,New Haven
401359753,2021,1,MARIAN (IN,Tiffin,10,34,,ii,,,False,24,Tiffin
401328169,2021,1,St. Augustine's,Tusculum,14,58,ii,ii,,,False,44,Tusculum
401334669,2021,1,Shippensburg,West Virginia State,25,17,ii,ii,,,False,-8,Shippensburg
401331758,2021,1,Catawba,Erskine,37,27,ii,ii,,,False,-10,Catawba
401329325,2021,1,Merrimack,St. Anselm,55,23,fcs,ii,,,False,-32,Merrimack
401328585,2021,1,McNeese,West Florida,36,42,fcs,ii,,,False,6,West Florida
401328566,2021,1,VMI,Davidson,45,24,fcs,fcs,,,False,-21,VMI
401328183,2021,1,Elon,Wofford,22,24,fcs,fcs,,,False,2,Wofford
401329337,2021,1,Fort Lewis,New Mexico Highlands,7,44,ii,ii,,,False,37,New Mexico Highlands
401329143,2021,1,Augustana (SD),Minot State,49,0,ii,ii,,,False,-49,Augustana (SD)
401329106,2021,1,Quincy,Midwestern State,27,48,ii,ii,,,False,21,Midwestern State
401328954,2021,1,Michigan Tech,Hillsdale,14,10,ii,ii,,,False,-4,Michigan Tech
401328647,2021,1,McKendree,Northern Michigan,20,27,ii,ii,,,False,7,Northern Michigan
401348214,2021,1,Barton College,Newberry,7,31,ii,ii,,,False,24,Newberry
401328220,2021,1,Richmond,Howard,38,14,fcs,fcs,,,False,-24,Richmond
401328150,2021,1,Furman,North Carolina A&T,29,18,fcs,fcs,,,False,-11,Furman
401309838,2021,1,Oregon,Fresno State,31,24,fbs,fbs,1698.0,1566.0,False,-7,Oregon
401310861,2021,1,Air Force,Lafayette,35,14,fbs,fcs,,,False,-21,Air Force
401281943,2021,1,Arkansas,Rice,38,17,fbs,fbs,1417.0,1447.0,False,-21,Arkansas
401329179,2021,1,Stonehill,Bloomsburg,35,13,ii,ii,,,False,-22,Stonehill
401328057,2021,1,Idaho State,North Dakota,14,35,fcs,fcs,,,False,21,North Dakota
401329305,2021,1,Western State,Chadron State,23,10,ii,ii,,,False,-13,Western State
401328159,2021,1,North Dakota State,Albany,28,6,fcs,fcs,,,False,-22,North Dakota State
401282764,2021,1,Maryland,West Virginia,30,24,fbs,fbs,1380.0,1549.0,False,-6,Maryland
401282174,2021,1,Navy,Marshall,7,49,fbs,fbs,1380.0,1535.0,False,42,Marshall
401281942,2021,1,Miami,Alabama,13,44,fbs,fbs,1607.0,2099.0,True,31,Alabama
401300996,2021,1,Cincinnati,Miami (OH),49,14,fbs,fbs,1784.0,1426.0,False,-35,Cincinnati
401282723,2021,1,Iowa,Indiana,34,6,fbs,fbs,1805.0,1650.0,False,-28,Iowa
401281950,2021,1,Missouri,Central Michigan,34,24,fbs,fbs,1503.0,1438.0,False,-10,Missouri
401282612,2021,1,Pittsburgh,UMass,51,7,fbs,fbs,1543.0,1061.0,False,-44,Pittsburgh
401310697,2021,1,Wyoming,Montana State,19,16,fbs,fcs,,,False,-3,Wyoming
401281949,2021,1,Mississippi State,Louisiana Tech,35,34,fbs,fbs,1513.0,1337.0,False,-1,Mississippi State
401337368,2021,1,Presbyterian College,St. Andrews,84,43,fcs,,,,False,-41,Presbyterian College
401327924,2021,1,Elizabeth City State,Fayetteville State,6,47,ii,ii,,,False,41,Fayetteville State
401348514,2021,1,Idaho,Simon Fraser,68,0,fcs,ii,,,False,-68,Idaho
401328028,2021,1,San Diego,Cal Poly,17,28,fcs,fcs,,,False,11,Cal Poly
401327914,2021,1,Delaware State,Bowie State,32,24,fcs,ii,,,False,-8,Delaware State
401328230,2021,1,Morgan State,Towson,0,31,fcs,fcs,,,False,31,Towson
401287887,2021,1,Iowa State,Northern Iowa,16,10,fbs,fcs,,,False,-6,Iowa State
401287892,2021,1,Texas,Louisiana,38,18,fbs,fbs,1767.0,1645.0,False,-20,Texas
401309842,2021,1,USC,San José State,30,7,fbs,fbs,1628.0,1513.0,False,-23,USC
401286294,2021,1,Liberty,Campbell,48,7,fbs,fcs,,,False,-41,Liberty
401309600,2021,1,Georgia Southern,Gardner-Webb,30,25,fbs,fcs,,,False,-5,Georgia Southern
401328616,2021,1,Alabama State,Miles,14,13,fcs,ii,,,False,-1,Alabama State
401357798,2021,1,Stetson,Warner,54,14,fcs,,,,False,-40,Stetson
401328527,2021,1,Indiana Wesleyan,Valparaiso,28,10,,fcs,,,False,-18,Indiana Wesleyan
401327988,2021,1,Western Carolina,Eastern Kentucky,28,31,fcs,fcs,,,False,3,Eastern Kentucky
401328192,2021,1,James Madison,Morehead State,68,10,fcs,fcs,,,False,-58,James Madison
401328210,2021,1,Rhode Island,Bryant,45,21,fcs,fcs,,,False,-24,Rhode Island
401332299,2021,1,Sacred Heart,Bucknell,21,0,fcs,fcs,,,False,-21,Sacred Heart
401327953,2021,1,Lincoln (PA),Lock Haven,0,20,ii,ii,,,False,20,Lock Haven
401327961,2021,1,Virginia State,Lenoir-Rhyne,7,48,ii,ii,,,False,41,Lenoir-Rhyne
401329085,2021,1,Benedict College,Allen,45,12,ii,ii,,,False,-33,Benedict College
401329092,2021,1,Livingstone,Clark Atlanta,10,13,ii,ii,,,False,3,Clark Atlanta
401329190,2021,1,Clarion,Lake Erie College,26,31,ii,ii,,,False,5,Lake Erie College
401332022,2021,1,Mercyhurst,Alderson-Broaddus,18,3,ii,ii,,,False,-15,Mercyhurst
401328015,2021,1,Hampton,Virginia Union,42,28,fcs,ii,,,False,-14,Hampton
401329000,2021,1,West Alabama,Morehouse,48,7,ii,ii,,,False,-41,West Alabama
401328977,2021,1,Saginaw Valley,Texas A&M-Kingsville,13,9,ii,ii,,,False,-4,Saginaw Valley
401329707,2021,1,St. Xavier (IL),Indianapolis,10,34,,ii,,,False,24,Indianapolis
401328345,2021,1,Harding,East Central,28,0,ii,ii,,,False,-28,Harding
401328944,2021,1,Valdosta State,Savannah State,53,7,ii,ii,,,False,-46,Valdosta State
401328022,2021,1,Stephen F. Austin,Tarleton State,20,10,fcs,fcs,,,False,-10,Stephen F. Austin
401328144,2021,1,North Alabama,Southeastern Louisiana,28,49,fcs,fcs,,,False,21,Southeastern Louisiana
401328323,2021,1,Alabama A&M,South Carolina State,42,41,fcs,fcs,,,False,-1,Alabama A&M
401329394,2021,1,Northeastern State,Emporia State,7,38,ii,ii,,,False,31,Emporia State
401329023,2021,1,Adams State,Western New Mexico,17,35,ii,ii,,,False,18,Western New Mexico
401329008,2021,1,North Greenville,Limestone,37,16,ii,ii,,,False,-21,North Greenville
401309598,2021,1,Arkansas State,Central Arkansas,40,21,fbs,fcs,,,False,-19,Arkansas State
401328634,2021,1,Arkansas-Pine Bluff,Lane,34,16,fcs,ii,,,False,-18,Arkansas-Pine Bluff
401282173,2021,1,Middle Tennessee,Monmouth,50,15,fbs,fcs,,,False,-35,Middle Tennessee
401281951,2021,1,South Carolina,Eastern Illinois,46,0,fbs,fcs,,,False,-46,South Carolina
401281944,2021,1,Auburn,Akron,60,10,fbs,fbs,1665.0,1103.0,False,-50,Auburn
401300998,2021,1,SMU,Abilene Christian,56,9,fbs,fcs,,,False,-47,SMU
401309543,2021,1,Toledo,Norfolk State,49,10,fbs,fcs,,,False,-39,Toledo
401282611,2021,1,Ohio,Syracuse,9,29,fbs,fbs,1564.0,1358.0,False,20,Syracuse
401282819,2021,1,Purdue,Oregon State,30,21,fbs,fbs,1470.0,1449.0,False,-9,Purdue
401287886,2021,1,Houston,Texas Tech,21,38,fbs,fbs,1495.0,1455.0,True,17,Texas Tech
401287890,2021,1,Oklahoma State,Missouri State,23,16,fbs,fcs,,,False,-7,Oklahoma State
401287893,2021,1,Texas State,Baylor,20,29,fbs,fbs,1269.0,1525.0,False,9,Baylor
401300997,2021,1,Memphis,Nicholls,42,17,fbs,fcs,,,False,-25,Memphis
401309602,2021,1,Troy,Southern,55,3,fbs,fcs,,,False,-52,Troy
401282175,2021,1,North Texas,Northwestern State,44,14,fbs,fcs,,,False,-30,North Texas
401282610,2021,1,Georgia Tech,Northern Illinois,21,22,fbs,fbs,1370.0,1304.0,False,1,Northern Illinois
401281945,2021,1,Florida,Florida Atlantic,35,14,fbs,fbs,1700.0,1505.0,False,-21,Florida
401282179,2021,1,Illinois,UT San Antonio,30,37,fbs,fbs,1411.0,1445.0,False,7,UT San Antonio
401281946,2021,1,Clemson,Georgia,3,10,fbs,fbs,1942.0,1800.0,True,7,Georgia
401328327,2021,1,Illinois State,Butler,49,7,fcs,fcs,,,False,-42,Illinois State
401282613,2021,1,Virginia,William & Mary,43,0,fbs,fcs,,,False,-43,Virginia
401282054,2021,1,Vanderbilt,East Tennessee State,3,23,fbs,fcs,,,False,20,East Tennessee State
401282053,2021,1,Texas A&M,Kent State,41,10,fbs,fbs,1745.0,1441.0,False,-31,Texas A&M
401287891,2021,1,TCU,Duquesne,45,3,fbs,fcs,,,False,-42,TCU
401282177,2021,1,South Alabama,Southern Mississippi,31,7,fbs,fbs,1266.0,1360.0,False,-24,South Alabama
401309839,2021,1,Washington,Montana,7,13,fbs,fcs,,,False,6,Montana
401328678,2021,1,Texas Southern,Prairie View,17,40,fcs,fcs,,,False,23,Prairie View
401281948,2021,1,UCLA,LSU,38,27,fbs,fbs,1605.0,1671.0,False,-11,UCLA
401282178,2021,1,UTEP,Bethune-Cookman,38,28,fbs,fcs,,,False,-10,UTEP
401327977,2021,1,Utah Tech,Sacramento State,7,19,fcs,fcs,,,False,12,Sacramento State
401309837,2021,1,California,Nevada,17,22,fbs,fbs,1461.0,1488.0,False,5,Nevada
401309841,2021,1,Arizona,BYU,16,24,fbs,fbs,1278.0,1837.0,True,8,BYU
401310699,2021,1,San Diego State,New Mexico State,28,10,fbs,fbs,1578.0,1182.0,False,-18,San Diego State
401309840,2021,1,Washington State,Utah State,23,26,fbs,fbs,1511.0,1319.0,False,3,Utah State
401310698,2021,1,Hawai'i,Portland State,49,35,fbs,fcs,,,False,-14,Hawai'i
401328657,2021,1,Florida A&M,Jackson State,6,7,fcs,fcs,,,False,1,Jackson State
401328426,2021,1,Grambling,Tennessee State,16,10,fcs,fcs,,,False,-6,Grambling
401329118,2021,1,Tuskegee,Fort Valley State,0,30,ii,ii,,,False,30,Fort Valley State
401282614,2021,1,Florida State,Notre Dame,38,41,fbs,fbs,1355.0,1783.0,False,3,Notre Dame
401282055,2021,1,Ole Miss,Louisville,43,24,fbs,fbs,1576.0,1559.0,True,-19,Ole Miss
401329384,2021,2,Glenville State,Concord,17,10,ii,ii,,,False,-7,Glenville State
401329652,2021,2,Mars Hill,Virginia Lynchburg,50,14,ii,,,,False,-36,Mars Hill
401341940,2021,2,Charleston (WV),Fairmont State,27,6,ii,ii,,,False,-21,Charleston (WV)
401329341,2021,2,Washburn,Central Missouri State,29,10,ii,ii,,,False,-19,Washburn
401329412,2021,2,Wheeling Jesuit,Notre Dame College,15,31,ii,ii,,,False,16,Notre Dame College
401329086,2021,2,Benedict College,Edward Waters,44,3,ii,ii,,,False,-41,Benedict College
401329405,2021,2,Missouri Western,Fort Hays State,38,31,ii,ii,,,False,-7,Missouri Western
401347693,2021,2,Pace,American International,33,40,ii,ii,,,False,7,American International
401287896,2021,2,Coastal Carolina,Kansas,49,22,fbs,fbs,1636.0,1161.0,False,-27,Coastal Carolina
401282616,2021,2,Duke,North Carolina A&T,45,17,fbs,fcs,,,False,-28,Duke
401282191,2021,2,Boise State,UTEP,54,13,fbs,fbs,1599.0,1301.0,False,-41,Boise State
401310701,2021,2,Utah State,North Dakota,48,24,fbs,fcs,,,False,-24,Utah State
401282624,2021,2,Virginia,Illinois,42,14,fbs,fbs,1509.0,1400.0,False,-28,Virginia
401309545,2021,2,Kent State,VMI,60,10,fbs,fcs,,,False,-50,Kent State
401282193,2021,2,Army,Western Kentucky,38,35,fbs,fbs,1625.0,1399.0,False,-3,Army
401282809,2021,2,Ohio State,Oregon,28,35,fbs,fbs,1908.0,1700.0,False,7,Oregon
401282804,2021,2,Northwestern,Indiana State,24,6,fbs,fcs,,,False,-18,Northwestern
401282790,2021,2,Minnesota,Miami (OH),31,26,fbs,fbs,1582.0,1373.0,False,-5,Minnesota
401282783,2021,2,Michigan State,Youngstown State,42,14,fbs,fcs,,,False,-28,Michigan State
401282625,2021,2,Wake Forest,Norfolk State,41,16,fbs,fcs,,,False,-25,Wake Forest
401282065,2021,2,East Carolina,South Carolina,17,20,fbs,fbs,1396.0,1390.0,False,3,South Carolina
401282618,2021,2,Georgia Tech,Kennesaw State,45,17,fbs,fcs,,,False,-28,Georgia Tech
401287899,2021,2,Oklahoma State,Tulsa,28,23,fbs,fbs,1661.0,1525.0,False,-5,Oklahoma State
401282058,2021,2,Auburn,Alabama State,62,0,fbs,fcs,,,False,-62,Auburn
401282066,2021,2,Tennessee,Pittsburgh,34,41,fbs,fbs,1524.0,1609.0,False,7,Pittsburgh
401329358,2021,2,Gannon,Shepherd,26,56,ii,ii,,,False,30,Shepherd
401329366,2021,2,Edinboro,Shippensburg,9,30,ii,ii,,,False,21,Shippensburg
401329419,2021,2,Mercyhurst,West Chester,10,56,ii,ii,,,False,46,West Chester
401328707,2021,2,Wayne State (MI),Truman State,9,27,ii,ii,,,False,18,Truman State
401327954,2021,2,Lincoln (PA),Central State,7,19,ii,ii,,,False,12,Central State
401327915,2021,2,Bowie State,Saginaw Valley,28,19,ii,ii,,,False,-9,Bowie State
401282059,2021,2,South Florida,Florida,20,42,fbs,fbs,1146.0,1730.0,False,22,Florida
401328226,2021,2,Colgate,Stony Brook,3,24,fcs,fcs,,,False,21,Stony Brook
401334788,2021,2,California (PA),Lock Haven,59,0,ii,ii,,,False,-59,California (PA)
401334757,2021,2,Kentucky State,Kentucky Wesleyan,25,26,ii,ii,,,False,1,Kentucky Wesleyan
401329474,2021,2,Franklin Pierce,Lake Erie College,20,31,ii,ii,,,False,11,Lake Erie College
401329191,2021,2,Clarion,Millersville,17,21,ii,ii,,,False,4,Millersville
401329152,2021,2,Concordia-St. Paul,Upper Iowa,24,6,ii,ii,,,False,-18,Concordia-St. Paul
401329038,2021,2,Minnesota St-Moorhead,Winona State,13,27,ii,ii,,,False,14,Winona State
401328974,2021,2,Tiffin,Northwood (MI),40,6,ii,ii,,,False,-34,Tiffin
401328968,2021,2,Northern Michigan,UW-Oshkosh,10,28,ii,iii,,,False,18,UW-Oshkosh
401328413,2021,2,Dayton,Eastern Illinois,17,10,fcs,fcs,,,False,-7,Dayton
401332383,2021,2,Tusculum,Chowan,38,46,ii,ii,,,False,8,Chowan
401348193,2021,2,Ohio Dominican,Virginia State,10,7,ii,ii,,,False,-3,Ohio Dominican
401341491,2021,2,Erskine,Barton College,25,38,ii,ii,,,False,13,Barton College
401332023,2021,2,Alderson-Broaddus,West Liberty,0,24,ii,ii,,,False,24,West Liberty
401301000,2021,2,Tulane,Morgan State,69,20,fbs,fcs,,,False,-49,Tulane
401344438,2021,2,Assumption,Bentley,28,40,ii,ii,,,False,12,Bentley
401328955,2021,2,Michigan Tech,St. Thomas (MN),9,12,ii,fcs,,,False,3,St. Thomas (MN)
401327925,2021,2,Elizabeth City State,Bluefield,27,35,ii,ii,,,False,8,Bluefield
401309547,2021,2,Northern Illinois,Wyoming,43,50,fbs,fbs,1308.0,1556.0,False,7,Wyoming
401328287,2021,2,Delaware State,Georgetown,14,20,fcs,fcs,,,False,6,Georgetown
401309753,2021,2,Ohio,Duquesne,26,28,fbs,fcs,,,False,2,Duquesne
401282622,2021,2,Syracuse,Rutgers,7,17,fbs,fbs,1433.0,1523.0,False,10,Rutgers
401328521,2021,2,Morehead State,Point University,62,9,fcs,,,,False,-53,Morehead State
401282186,2021,2,Virginia Tech,Middle Tennessee,35,14,fbs,fbs,1556.0,1315.0,False,-21,Virginia Tech
401328532,2021,2,Southern Nazarene,Ouachita Baptist,3,41,ii,ii,,,False,38,Ouachita Baptist
401329001,2021,2,Tuskegee,West Alabama,7,33,ii,ii,,,False,26,West Alabama
401329201,2021,2,Indiana (PA),Kutztown,29,26,ii,ii,,,False,-3,Indiana (PA)
401329319,2021,2,Colorado Mines,New Mexico Highlands,31,21,ii,ii,,,False,-10,Colorado Mines
401329462,2021,2,Western New Mexico,Western State,14,49,ii,ii,,,False,35,Western State
401332007,2021,2,Quincy,Iowa Wesleyan,59,27,ii,,,,False,-32,Quincy
401341944,2021,2,West Virginia State,Frostburg State,21,34,ii,ii,,,False,13,Frostburg State
401328485,2021,2,Holy Cross,Merrimack,21,35,fcs,fcs,,,False,14,Merrimack
401328221,2021,2,Richmond,Lehigh,31,3,fcs,fcs,,,False,-28,Richmond
401328119,2021,2,The Citadel,Charleston Southern,21,38,fcs,fcs,,,False,17,Charleston Southern
401328075,2021,2,South Dakota,Northern Arizona,34,7,fcs,fcs,,,False,-27,South Dakota
401282705,2021,2,Notre Dame,Toledo,32,29,fbs,fbs,1764.0,1443.0,False,-3,Notre Dame
401328459,2021,2,Tennessee Tech,Furman,0,26,fcs,fcs,,,False,26,Furman
401309548,2021,2,Central Michigan,Robert Morris,45,0,fbs,fcs,,,False,-45,Central Michigan
401333045,2021,2,Bemidji State,Wayne State (NE),38,28,ii,ii,,,False,-10,Bemidji State
401329457,2021,2,Missouri Southern State,Northeastern State,17,21,ii,ii,,,False,4,Northeastern State
401282820,2021,2,Connecticut,Purdue,0,49,fbs,fbs,1122.0,1483.0,False,49,Purdue
401332310,2021,2,Wagner,Central Connecticut,19,21,fcs,fcs,,,False,2,Central Connecticut
401329126,2021,2,University of Mary,Augustana (SD),20,43,ii,ii,,,False,23,Augustana (SD)
401359755,2021,2,Chadron State,Angelo State,24,28,ii,ii,,,False,4,Angelo State
401359754,2021,2,Missouri S&T,Arkansas Baptist,71,0,ii,,,,False,-71,Missouri S&T
401301004,2021,2,Navy,Air Force,3,23,fbs,fbs,1275.0,1617.0,False,20,Air Force
401328367,2021,2,North Dakota State,Valparaiso,64,0,fcs,fcs,,,False,-64,North Dakota State
401282067,2021,2,Colorado,Texas A&M,7,10,fbs,fbs,1446.0,1792.0,True,3,Texas A&M
401282816,2021,2,Penn State,Ball State,44,13,fbs,fbs,1685.0,1559.0,False,-31,Penn State
401301002,2021,2,Cincinnati,Murray State,42,7,fbs,fcs,,,False,-35,Cincinnati
401300999,2021,2,Akron,Temple,24,45,fbs,fbs,1028.0,1174.0,False,21,Temple
401287900,2021,2,TCU,California,34,32,fbs,fbs,1646.0,1454.0,False,-2,TCU
401282797,2021,2,Nebraska,Buffalo,28,3,fbs,fbs,1484.0,1645.0,False,-25,Nebraska
401282623,2021,2,UMass,Boston College,28,45,fbs,fbs,995.0,1503.0,False,17,Boston College
401282183,2021,2,Florida Atlantic,Georgia Southern,38,6,fbs,fbs,1475.0,1570.0,False,-32,Florida Atlantic
401282060,2021,2,Georgia,UAB,56,7,fbs,fbs,1818.0,1521.0,False,-49,Georgia
401282056,2021,2,Alabama,Mercer,48,14,fbs,fcs,,,False,-34,Alabama
401309546,2021,2,Bowling Green,South Alabama,19,22,fbs,fbs,1006.0,1337.0,False,3,South Alabama
401328099,2021,2,San Diego,UC Davis,7,53,fcs,fcs,,,False,46,UC Davis
401328193,2021,2,James Madison,Maine,55,7,fcs,fcs,,,False,-48,James Madison
401329113,2021,2,Clark Atlanta,Lane,26,35,ii,ii,,,False,9,Lane
401329713,2021,2,Linfield,Simon Fraser,56,20,iii,ii,,,False,-36,Linfield
401356953,2021,2,Presbyterian College,UFTL,68,3,fcs,,,,False,-65,Presbyterian College
401328038,2021,2,Eastern Washington,Central Washington,63,14,fcs,ii,,,False,-49,Eastern Washington
401282754,2021,2,Iowa State,Iowa,17,27,fbs,fbs,1791.0,1860.0,False,10,Iowa
401309544,2021,2,Western Michigan,Illinois State,28,0,fbs,fcs,,,False,-28,Western Michigan
401287902,2021,2,West Virginia,Long Island University,66,0,fbs,fcs,,,False,-66,West Virginia
401328016,2021,2,Virginia Union,Valdosta State,7,51,ii,ii,,,False,44,Valdosta State
401282615,2021,2,Clemson,South Carolina State,49,3,fbs,fcs,,,False,-46,Clemson
401332050,2021,2,Fordham,Monmouth,23,26,fcs,fcs,,,False,3,Monmouth
401357799,2021,2,Stetson,Ave Maria,49,16,fcs,,,,False,-33,Stetson
401328236,2021,2,William & Mary,Lafayette,24,3,fcs,fcs,,,False,-21,William & Mary
401328658,2021,2,Florida A&M,Fort Valley State,34,7,fcs,ii,,,False,-27,Florida A&M
401328497,2021,2,Butler,DePauw,49,24,fcs,iii,,,False,-25,Butler
401329009,2021,2,Newberry,North Greenville,14,24,ii,ii,,,False,10,North Greenville
401329057,2021,2,West Georgia,Morehouse,47,0,ii,ii,,,False,-47,West Georgia
401329180,2021,2,Seton Hill College,Bloomsburg,13,7,ii,ii,,,False,-6,Seton Hill College
401329372,2021,2,Slippery Rock,East Stroudsburg,22,7,ii,ii,,,False,-15,Slippery Rock
401347701,2021,2,Stonehill,Southern Connecticut State,54,21,ii,ii,,,False,-33,Stonehill
401366015,2021,2,Findlay,UNC Pembroke,34,28,ii,ii,,,False,-6,Findlay
401282192,2021,2,UT San Antonio,Lamar,54,0,fbs,fcs,,,False,-54,UT San Antonio
401328205,2021,2,New Hampshire,Towson,26,14,fcs,fcs,,,False,-12,New Hampshire
401282181,2021,2,Charlotte,Gardner-Webb,38,10,fbs,fcs,,,False,-28,Charlotte
401328108,2021,2,Campbell,Elon,23,24,fcs,fcs,,,False,1,Elon
401328085,2021,2,Wingate,Fayetteville State,40,21,ii,ii,,,False,-19,Wingate
401328102,2021,2,Johnson C Smith,Allen,19,20,ii,ii,,,False,1,Allen
401328945,2021,2,Savannah State,Livingstone,50,6,ii,ii,,,False,-44,Savannah State
401309845,2021,2,Washington State,Portland State,44,24,fbs,fcs,,,False,-20,Washington State
401328234,2021,2,Villanova,Bucknell,55,3,fcs,fcs,,,False,-52,Villanova
401328176,2021,2,Delaware,St Francis (PA),27,10,fcs,fcs,,,False,-17,Delaware
401282189,2021,2,Rice,Houston,7,44,fbs,fbs,1394.0,1457.0,False,37,Houston
401282185,2021,2,Marshall,North Carolina Central,44,10,fbs,fcs,,,False,-34,Marshall
401301001,2021,2,UCF,Bethune-Cookman,63,14,fbs,fcs,,,False,-49,UCF
401282184,2021,2,Louisiana Tech,Southeastern Louisiana,45,42,fbs,fcs,,,False,-3,Louisiana Tech
401282064,2021,2,Mississippi State,NC State,24,10,fbs,fbs,1508.0,1565.0,False,-14,Mississippi State
401310700,2021,2,New Mexico,New Mexico State,34,25,fbs,fbs,1309.0,1178.0,False,-9,New Mexico
401282057,2021,2,Arkansas,Texas,40,21,fbs,fbs,1470.0,1801.0,False,-19,Arkansas
401282187,2021,2,SMU,North Texas,35,12,fbs,fbs,1521.0,1295.0,False,-23,SMU
401282188,2021,2,Old Dominion,Hampton,47,7,fbs,fcs,,,False,-40,Old Dominion
401282190,2021,2,Southern Mississippi,Grambling,37,0,fbs,fcs,,,False,-37,Southern Mississippi
401328258,2021,2,Catawba,Winston-Salem,28,6,ii,ii,,,False,-22,Catawba
401328277,2021,2,East Central,Arkansas Tech,13,10,ii,ii,,,False,-3,East Central
401328310,2021,2,Oklahoma Baptist,Arkansas-Monticello,45,20,ii,ii,,,False,-25,Oklahoma Baptist
401328389,2021,2,Southeastern Oklahoma,Harding,32,31,ii,ii,,,False,-1,Southeastern Oklahoma
401328398,2021,2,Henderson State,Northwestern Oklahoma State,55,7,ii,ii,,,False,-48,Henderson State
401328535,2021,2,Southern Arkansas,Southwestern Oklahoma,42,27,ii,ii,,,False,-15,Southern Arkansas
401328648,2021,2,Delta State,McKendree,45,17,ii,ii,,,False,-28,Delta State
401328696,2021,2,West Florida,Southwest Baptist,63,14,ii,ii,,,False,-49,West Florida
401328714,2021,2,Ashland,Ferris State,19,45,ii,ii,,,False,26,Ferris State
401328936,2021,2,Grand Valley State,Colorado State-Pueblo,34,14,ii,ii,,,False,-20,Grand Valley State
401328991,2021,2,Albany State (GA),Shorter,28,12,ii,ii,,,False,-16,Albany State (GA)
401329069,2021,2,Northern State,Southwest Minnesota State,30,13,ii,ii,,,False,-17,Northern State
401329351,2021,2,South Dakota Mines,Mayville State,52,7,ii,,,,False,-45,South Dakota Mines
401329451,2021,2,University of Texas of the Permian Basin,West Texas A&M,42,31,ii,ii,,,False,-11,University of Texas of the Permian Basin
401329492,2021,2,Minnesota-Duluth,Minnesota State,30,10,ii,ii,,,False,-20,Minnesota-Duluth
401329708,2021,2,Hillsdale,Indianapolis,31,35,ii,ii,,,False,4,Indianapolis
401330018,2021,2,Texas A&M-Commerce,Midwestern State,30,31,ii,ii,,,False,1,Midwestern State
401282182,2021,2,Florida International,Texas State,17,23,fbs,fbs,1375.0,1271.0,False,6,Texas State
401282619,2021,2,Louisville,Eastern Kentucky,30,3,fbs,fcs,,,False,-27,Louisville
401287897,2021,2,Kansas State,Southern Illinois,31,23,fbs,fcs,,,False,-8,Kansas State
401287895,2021,2,Baylor,Texas Southern,66,7,fbs,fcs,,,False,-59,Baylor
401286295,2021,2,Troy,Liberty,13,21,fbs,fbs,1461.0,1563.0,False,8,Liberty
401309603,2021,2,Louisiana,Nicholls,27,24,fbs,fcs,,,False,-3,Louisiana
401282825,2021,2,Wisconsin,Eastern Michigan,34,7,fbs,fbs,1728.0,1421.0,False,-27,Wisconsin
401287898,2021,2,Oklahoma,Western Carolina,76,0,fbs,fcs,,,False,-76,Oklahoma
401282620,2021,2,Miami,Appalachian State,25,23,fbs,fbs,1585.0,1666.0,False,-2,Miami
401328216,2021,2,Davidson,Shaw,28,26,fcs,ii,,,False,-2,Davidson
401328606,2021,2,South Dakota State,Lindenwood,52,7,fcs,ii,,,False,-45,South Dakota State
401328690,2021,2,Southern,Miles,41,24,fcs,ii,,,False,-17,Southern
401328012,2021,2,Sam Houston State,Southeast Missouri State,52,14,fcs,fcs,,,False,-38,Sam Houston State
401328080,2021,2,Houston Christian,Northern Colorado,13,45,fcs,fcs,,,False,32,Northern Colorado
401328145,2021,2,North Alabama,Chattanooga,0,20,fcs,fcs,,,False,20,Chattanooga
401328160,2021,2,Albany,Rhode Island,14,16,fcs,fcs,,,False,2,Rhode Island
401328427,2021,2,Jackson State,Tennessee State,38,16,fcs,fcs,,,False,-22,Jackson State
401328463,2021,2,UT Martin,Samford,33,27,fcs,fcs,,,False,-6,UT Martin
401328599,2021,2,Alcorn State,Northwestern State,13,10,fcs,fcs,,,False,-3,Alcorn State
401332300,2021,2,Bryant,Sacred Heart,17,6,fcs,fcs,,,False,-11,Bryant
401301003,2021,2,Arkansas State,Memphis,50,55,fbs,fbs,1370.0,1555.0,False,5,Memphis
401287901,2021,2,Texas Tech,Stephen F. Austin,28,22,fbs,fcs,,,False,-6,Texas Tech
401328703,2021,2,Abilene Christian,Louisiana College,62,7,fcs,,,,False,-55,Abilene Christian
401328023,2021,2,Tarleton State,Fort Lewis,54,7,fcs,ii,,,False,-47,Tarleton State
401328694,2021,2,East Tennessee State,UVA-Wise,45,14,fcs,ii,,,False,-31,East Tennessee State
401282724,2021,2,Indiana,Idaho,56,14,fbs,fcs,,,False,-42,Indiana
401286207,2021,2,Maryland,Howard,62,0,fbs,fcs,,,False,-62,Maryland
401282621,2021,2,North Carolina,Georgia State,59,17,fbs,fbs,1704.0,1334.0,False,-42,North Carolina
401282063,2021,2,Ole Miss,Austin Peay,54,17,fbs,fcs,,,False,-37,Ole Miss
401282061,2021,2,Kentucky,Missouri,35,28,fbs,fbs,1593.0,1515.0,False,-7,Kentucky
401282617,2021,2,Florida State,Jacksonville State,17,20,fbs,fcs,,,False,3,Jacksonville State
401330250,2021,2,Texas A&M-Kingsville,Western Oregon,24,10,ii,ii,,,False,-14,Texas A&M-Kingsville
401329487,2021,2,Pittsburg State,Nebraska-Kearney,17,28,ii,ii,,,False,11,Nebraska-Kearney
401282062,2021,2,LSU,McNeese,34,7,fbs,fcs,,,False,-27,LSU
401329395,2021,2,Emporia State,Central Oklahoma,31,21,ii,ii,,,False,-10,Emporia State
401329024,2021,2,Eastern New Mexico,Adams State,42,14,ii,ii,,,False,-28,Eastern New Mexico
401328064,2021,2,Montana State,Drake,45,7,fcs,fcs,,,False,-38,Montana State
401327967,2021,2,Missouri State,Central Arkansas,43,34,fcs,fcs,,,False,-9,Missouri State
401328679,2021,2,Incarnate Word,Prairie View,40,9,fcs,fcs,,,False,-31,Incarnate Word
401282773,2021,2,Michigan,Washington,31,10,fbs,fbs,1672.0,1649.0,False,-21,Michigan
401328070,2021,2,Montana,Western Illinois,42,7,fcs,fcs,,,False,-35,Montana
401328095,2021,2,Sacramento State,Northern Iowa,16,34,fcs,fcs,,,False,18,Northern Iowa
401327978,2021,2,Utah Tech,Weber State,3,41,fcs,fcs,,,False,38,Weber State
401310702,2021,2,Fresno State,Cal Poly,63,10,fbs,fcs,,,False,-53,Fresno State
401309846,2021,2,Arizona,San Diego State,14,38,fbs,fbs,1304.0,1582.0,False,24,San Diego State
401282068,2021,2,Colorado State,Vanderbilt,21,24,fbs,fbs,1396.0,1225.0,False,3,Vanderbilt
401309848,2021,2,BYU,Utah,26,17,fbs,fbs,1811.0,1639.0,False,-9,BYU
401309843,2021,2,USC,Stanford,28,42,fbs,fbs,1672.0,1441.0,False,14,Stanford
401310703,2021,2,Nevada,Idaho State,49,10,fbs,fcs,,,False,-39,Nevada
401309847,2021,2,Arizona State,UNLV,37,10,fbs,fbs,1643.0,1256.0,False,-27,Arizona State
401309844,2021,2,Oregon State,Hawai'i,45,27,fbs,fbs,1436.0,1378.0,False,-18,Oregon State
401341945,2021,3,Frostburg State,Charleston (WV),30,24,ii,ii,,,False,-6,Frostburg State
401328641,2021,3,Bethune-Cookman,Alabama A&M,27,30,fcs,fcs,,,False,3,Alabama A&M
401309606,2021,3,Louisiana,Ohio,49,14,fbs,fbs,1611.0,1489.0,False,-35,Louisiana
401347702,2021,3,Southern Connecticut State,St. Anselm,34,31,ii,ii,,,False,-3,Southern Connecticut State
401282626,2021,3,Louisville,UCF,42,35,fbs,fbs,1509.0,1651.0,False,-7,Louisville
401282715,2021,3,Illinois,Maryland,17,20,fbs,fbs,1340.0,1396.0,False,3,Maryland
401282636,2021,3,West Virginia,Virginia Tech,27,21,fbs,fbs,1533.0,1581.0,False,-6,West Virginia
401328992,2021,3,Clark Atlanta,Shorter,17,38,ii,ii,,,False,21,Shorter
401282629,2021,3,Miami,Michigan State,17,38,fbs,fbs,1587.0,1489.0,False,21,Michigan State
401282774,2021,3,Michigan,Northern Illinois,63,10,fbs,fbs,1719.0,1313.0,False,-53,Michigan
401282632,2021,3,Pittsburgh,Western Michigan,41,44,fbs,fbs,1616.0,1429.0,False,3,Western Michigan
401282634,2021,3,Temple,Boston College,3,28,fbs,fbs,1211.0,1496.0,False,25,Boston College
401282073,2021,3,Kentucky,Chattanooga,28,23,fbs,fcs,,,False,-5,Kentucky
401286189,2021,3,Army,Connecticut,52,21,fbs,fbs,1623.0,1022.0,False,-31,Army
401329420,2021,3,West Chester,Edinboro,41,37,ii,ii,,,False,-4,West Chester
401282633,2021,3,Syracuse,Albany,62,24,fbs,fcs,,,False,-38,Syracuse
401282077,2021,3,Missouri,Southeast Missouri State,59,28,fbs,fcs,,,False,-31,Missouri
401282798,2021,3,Oklahoma,Nebraska,23,16,fbs,fbs,1869.0,1567.0,False,-7,Oklahoma
401282078,2021,3,Tennessee,Tennessee Tech,56,0,fbs,fcs,,,False,-56,Tennessee
401282725,2021,3,Indiana,Cincinnati,24,38,fbs,fbs,1595.0,1837.0,False,14,Cincinnati
401282079,2021,3,Texas A&M,New Mexico,34,0,fbs,fbs,1778.0,1315.0,False,-34,Texas A&M
401328486,2021,3,Yale,Holy Cross,17,20,fcs,fcs,,,False,3,Holy Cross
401328132,2021,3,Howard,Hampton,32,48,fcs,fcs,,,True,16,Hampton
401332306,2021,3,St Francis (PA),Wagner,39,24,fcs,fcs,,,False,-15,St Francis (PA)
401328603,2021,3,Central Connecticut,Southeastern Louisiana,10,56,fcs,fcs,,,False,46,Southeastern Louisiana
401328199,2021,3,Maine,Merrimack,31,26,fcs,fcs,,,False,-5,Maine
401309552,2021,3,Buffalo,Coastal Carolina,25,28,fbs,fbs,1562.0,1655.0,False,3,Coastal Carolina
401339818,2021,3,Lehigh,Princeton,0,32,fcs,fcs,,,False,32,Princeton
401329211,2021,3,Kutztown,Seton Hill College,14,3,ii,ii,,,False,-11,Kutztown
401328479,2021,3,Georgetown,Harvard,9,44,fcs,fcs,,,False,35,Harvard
401328211,2021,3,Brown,Rhode Island,24,45,fcs,fcs,,,False,21,Rhode Island
401328206,2021,3,Lafayette,New Hampshire,13,19,fcs,fcs,,,False,6,New Hampshire
401328297,2021,3,Sacred Heart,Morgan State,21,7,fcs,fcs,,,False,-14,Sacred Heart
401328237,2021,3,Colgate,William & Mary,7,27,fcs,fcs,,,False,20,William & Mary
401328238,2021,3,Columbia,Marist,37,14,fcs,fcs,,,False,-23,Columbia
401329643,2021,3,Carson-Newman,Wingate,3,25,ii,ii,,,False,22,Wingate
401347698,2021,3,Assumption,Pace,32,21,ii,ii,,,False,-11,Assumption
401328217,2021,3,Shaw,Central State,52,0,ii,ii,,,False,-52,Shaw
401327916,2021,3,New Haven,Bowie State,13,27,ii,ii,,,False,14,Bowie State
401329634,2021,3,Mars Hill,UVA-Wise,44,9,ii,ii,,,False,-35,Mars Hill
401282791,2021,3,Colorado,Minnesota,0,30,fbs,fbs,1460.0,1579.0,False,30,Minnesota
401331759,2021,3,Catawba,Barton College,17,10,ii,ii,,,False,-7,Catawba
401329426,2021,3,California (PA),Millersville,30,0,ii,ii,,,False,-30,California (PA)
401341941,2021,3,Fairmont State,West Virginia State,23,30,ii,ii,,,False,7,West Virginia State
401333034,2021,3,Chowan,Erskine,49,19,ii,ii,,,False,-30,Chowan
401329192,2021,3,Clarion,Shippensburg,33,62,ii,ii,,,False,29,Shippensburg
401332024,2021,3,Wheeling Jesuit,Alderson-Broaddus,28,6,ii,ii,,,False,-22,Wheeling Jesuit
401328724,2021,3,Northern Michigan,Davenport,20,14,ii,ii,,,False,-6,Northern Michigan
401328708,2021,3,Truman State,Hillsdale,38,24,ii,ii,,,False,-14,Truman State
401332010,2021,3,William Jewell College,Ohio Dominican,25,35,ii,ii,,,False,10,Ohio Dominican
401329661,2021,3,East Stroudsburg,Mercyhurst,17,7,ii,ii,,,False,-10,East Stroudsburg
401328682,2021,3,Missouri S&T,Wayne State (MI),51,45,ii,ii,,,False,-6,Missouri S&T
401287905,2021,3,Kansas State,Nevada,38,17,fbs,fbs,1497.0,1495.0,False,-21,Kansas State
401359793,2021,3,Tuskegee,Edward Waters,23,6,ii,ii,,,False,-17,Tuskegee
401344439,2021,3,Bentley,Stonehill,24,14,ii,ii,,,False,-10,Bentley
401334760,2021,3,Concord,WV Wesleyan,28,25,ii,ii,,,False,-3,Concord
401328649,2021,3,McKendree,Lake Erie College,10,17,ii,ii,,,False,7,Lake Erie College
401332008,2021,3,Quincy,Walsh,38,17,ii,ii,,,False,-21,Quincy
401330246,2021,3,Eastern New Mexico,Texas A&M-Kingsville,10,36,ii,ii,,,False,26,Texas A&M-Kingsville
401329488,2021,3,Nebraska-Kearney,Washburn,28,24,ii,ii,,,False,-4,Nebraska-Kearney
401329433,2021,3,West Liberty,Notre Dame College,10,51,ii,ii,,,False,41,Notre Dame College
401329342,2021,3,Central Missouri State,Northwest Missouri State,7,47,ii,ii,,,False,40,Northwest Missouri State
401329320,2021,3,Fort Lewis,Colorado Mines,0,76,ii,ii,,,False,76,Colorado Mines
401329313,2021,3,New Mexico Highlands,Colorado Mesa,37,56,ii,ii,,,False,19,Colorado Mesa
401329202,2021,3,Indiana (PA),Shepherd,21,37,ii,ii,,,False,16,Shepherd
401329181,2021,3,Bloomsburg,Gannon,31,27,ii,ii,,,False,-4,Bloomsburg
401329173,2021,3,Sioux Falls,Concordia-St. Paul,50,14,ii,ii,,,False,-36,Sioux Falls
401329119,2021,3,Fort Valley State,Lane,24,27,ii,ii,,,False,3,Lane
401329059,2021,3,Winona State,Minnesota-Duluth,23,29,ii,ii,,,False,6,Minnesota-Duluth
401329039,2021,3,Augustana (SD),Minnesota St-Moorhead,43,17,ii,ii,,,False,-26,Augustana (SD)
401328960,2021,3,Morehouse,Miles,14,37,ii,ii,,,False,23,Miles
401328697,2021,3,Southwest Baptist,Findlay,41,62,ii,ii,,,False,21,Findlay
401328262,2021,3,Valparaiso,Dartmouth,18,28,fcs,fcs,,,False,10,Dartmouth
401328248,2021,3,Cornell,VMI,21,31,fcs,fcs,,,False,10,VMI
401328561,2021,3,Western Carolina,Samford,37,42,fcs,fcs,,,False,5,Samford
401282706,2021,3,Notre Dame,Purdue,27,13,fbs,fbs,1761.0,1583.0,False,-14,Notre Dame
401328937,2021,3,Grand Valley State,Wisconsin-La Crosse,45,24,ii,iii,,,False,-21,Grand Valley State
401329297,2021,3,Colorado State-Pueblo,Black Hills State,19,16,ii,ii,,,False,-3,Colorado State-Pueblo
401359751,2021,3,Mississippi College,UFTL,63,0,ii,,,,False,-63,Mississippi College
401331754,2021,3,Tusculum,Limestone,24,21,ii,ii,,,False,-3,Tusculum
401328428,2021,3,Tennessee State,Kentucky State,41,7,fcs,ii,,,False,-34,Tennessee State
401328405,2021,3,Austin Peay,Morehead State,59,35,fcs,fcs,,,False,-24,Austin Peay
401328065,2021,3,Montana State,San Diego,52,10,fcs,fcs,,,False,-42,Montana State
401328222,2021,3,Villanova,Richmond,34,27,fcs,fcs,,,False,-7,Villanova
401282071,2021,3,Florida,Alabama,29,31,fbs,fbs,1727.0,2121.0,False,2,Alabama
401287904,2021,3,Kansas,Baylor,7,45,fbs,fbs,1142.0,1523.0,False,38,Baylor
401286300,2021,3,UMass,Eastern Michigan,28,42,fbs,fbs,1002.0,1386.0,False,14,Eastern Michigan
401282810,2021,3,Ohio State,Tulsa,41,20,fbs,fbs,1878.0,1525.0,False,-21,Ohio State
401282627,2021,3,Clemson,Georgia Tech,14,8,fbs,fbs,1924.0,1366.0,False,-6,Clemson
401282755,2021,3,Iowa,Kent State,30,7,fbs,fbs,1875.0,1394.0,False,-23,Iowa
401309604,2021,3,Appalachian State,Elon,44,10,fbs,fcs,,,False,-34,Appalachian State
401309852,2021,3,Washington State,USC,14,45,fbs,fbs,1494.0,1616.0,False,31,USC
401309851,2021,3,Oregon State,Idaho,42,0,fbs,fcs,,,False,-42,Oregon State
401309550,2021,3,Akron,Bryant,35,14,fbs,fcs,,,False,-21,Akron
401282823,2021,3,Rutgers,Delaware,45,13,fbs,fcs,,,False,-32,Rutgers
401308843,2021,3,Miami (OH),Long Island University,42,7,fbs,fcs,,,False,-35,Miami (OH)
401282199,2021,3,Louisiana Tech,SMU,37,39,fbs,fbs,1342.0,1553.0,False,2,SMU
401282635,2021,3,Wake Forest,Florida State,35,14,fbs,fbs,1580.0,1374.0,False,-21,Wake Forest
401282076,2021,3,Memphis,Mississippi State,31,29,fbs,fbs,1551.0,1541.0,False,-2,Memphis
401309553,2021,3,Toledo,Colorado State,6,22,fbs,fbs,1446.0,1381.0,False,16,Colorado State
401309849,2021,3,California,Sacramento State,42,30,fbs,fcs,,,False,-12,California
401309549,2021,3,Wyoming,Ball State,45,12,fbs,fbs,1551.0,1491.0,False,-33,Wyoming
401282628,2021,3,Duke,Northwestern,30,23,fbs,fbs,1295.0,1574.0,False,-7,Duke
401282069,2021,3,Arkansas,Georgia Southern,45,10,fbs,fbs,1550.0,1470.0,False,-35,Arkansas
401328039,2021,3,Western Illinois,Eastern Washington,56,62,fcs,fcs,,,False,6,Eastern Washington
401328005,2021,3,Northern Colorado,Lamar,10,17,fcs,fcs,,,False,7,Lamar
401309605,2021,3,Washington,Arkansas State,52,3,fbs,fbs,1602.0,1374.0,False,-49,Washington
401309551,2021,3,Bowling Green,Murray State,27,10,fbs,fcs,,,False,-17,Bowling Green
401329493,2021,3,Minnesota State,Bemidji State,45,24,ii,ii,,,False,-21,Minnesota State
401328372,2021,3,Northern Iowa,St. Thomas (MN),44,3,fcs,fcs,,,False,-41,Northern Iowa
401328091,2021,3,Portland State,Western Oregon,21,7,fcs,ii,,,False,-14,Portland State
401328360,2021,3,North Dakota,Drake,38,0,fcs,fcs,,,False,-38,North Dakota
401328109,2021,3,Campbell,Presbyterian College,72,0,fcs,fcs,,,False,-72,Campbell
401328231,2021,3,Towson,North Dakota State,7,35,fcs,fcs,,,False,28,North Dakota State
401328546,2021,3,The Citadel,North Greenville,45,13,fcs,ii,,,False,-32,The Citadel
401328259,2021,3,North Carolina Central,Winston-Salem,20,13,fcs,ii,,,False,-7,North Carolina Central
401327955,2021,3,Gardner-Webb,Lincoln (PA),56,0,fcs,ii,,,False,-56,Gardner-Webb
401328120,2021,3,Charleston Southern,Monmouth,14,41,fcs,fcs,,,False,27,Monmouth
401327926,2021,3,Norfolk State,Elizabeth City State,63,26,fcs,ii,,,False,-37,Norfolk State
401328139,2021,3,Wofford,Kennesaw State,10,31,fcs,fcs,,,False,21,Kennesaw State
401328269,2021,3,Bucknell,Pennsylvania,6,30,fcs,fcs,,,False,24,Pennsylvania
401328017,2021,3,Virginia Union,Virginia Lynchburg,49,7,ii,,,,False,-42,Virginia Union
401282198,2021,3,Florida Atlantic,Fordham,45,14,fbs,fcs,,,False,-31,Florida Atlantic
401282201,2021,3,Liberty,Old Dominion,45,17,fbs,fbs,1570.0,1242.0,False,-28,Liberty
401282200,2021,3,Marshall,East Carolina,38,42,fbs,fbs,1640.0,1391.0,False,4,East Carolina
401329385,2021,3,UNC Pembroke,Glenville State,36,22,ii,ii,,,False,-14,UNC Pembroke
401329413,2021,3,Slippery Rock,Lock Haven,57,7,ii,ii,,,False,-50,Slippery Rock
401328946,2021,3,Savannah State,Benedict College,41,34,ii,ii,,,False,-7,Savannah State
401348513,2021,3,Johnson C Smith,Bluefield,12,20,ii,ii,,,False,8,Bluefield
401334780,2021,3,Franklin Pierce,American International,19,38,ii,ii,,,False,19,American International
401329692,2021,3,Newberry,Lenoir-Rhyne,28,21,ii,ii,,,False,-7,Newberry
401329016,2021,3,West Georgia,Delta State,27,26,ii,ii,,,False,-1,West Georgia
401329481,2021,3,Indianapolis,Tiffin,17,20,ii,ii,,,False,3,Tiffin
401379550,2021,3,Allen,Livingstone,34,32,ii,ii,,,False,-2,Allen
401282194,2021,3,UT San Antonio,Middle Tennessee,27,13,fbs,fbs,1456.0,1290.0,False,-14,UT San Antonio
401329396,2021,3,Missouri Western,Emporia State,38,37,ii,ii,,,False,-1,Missouri Western
401327997,2021,3,Jacksonville State,North Alabama,27,24,fcs,fcs,,,False,-3,Jacksonville State
401328024,2021,3,Tarleton State,Southern Utah,35,40,fcs,fcs,,,False,5,Southern Utah
401301006,2021,3,South Florida,Florida A&M,38,17,fbs,fcs,,,False,-21,South Florida
401301005,2021,3,Houston,Grambling,45,0,fbs,fcs,,,False,-45,Houston
401328346,2021,3,East Central,Southern Nazarene,40,13,ii,ii,,,False,-27,East Central
401328311,2021,3,Arkansas-Monticello,Henderson State,18,58,ii,ii,,,False,40,Henderson State
401328278,2021,3,Ouachita Baptist,Arkansas Tech,38,24,ii,ii,,,False,-14,Ouachita Baptist
401329034,2021,3,Texas A&M-Commerce,West Florida,17,35,ii,ii,,,False,18,West Florida
401328453,2021,3,Oklahoma Baptist,Northwestern Oklahoma State,56,42,ii,ii,,,False,-14,Oklahoma Baptist
401328390,2021,3,Southern Arkansas,Harding,6,37,ii,ii,,,False,31,Harding
401282197,2021,3,Texas Tech,Florida International,54,21,fbs,fbs,1493.0,1356.0,False,-33,Texas Tech
401282196,2021,3,Georgia State,Charlotte,20,9,fbs,fbs,1260.0,1366.0,False,-11,Georgia State
401329070,2021,3,Upper Iowa,Northern State,22,40,ii,ii,,,False,18,Northern State
401282072,2021,3,Georgia,South Carolina,40,13,fbs,fbs,1925.0,1395.0,False,-27,Georgia
401328464,2021,3,Northwestern State,UT Martin,10,35,fcs,fcs,,,False,25,UT Martin
401328576,2021,3,Prairie View,Houston Christian,37,27,fcs,fcs,,,False,-10,Prairie View
401328498,2021,3,Taylor,Butler,24,77,,fcs,,,False,53,Butler
401328981,2021,3,Valdosta State,Albany State (GA),21,3,ii,ii,,,False,-18,Valdosta State
401282203,2021,3,Southern Mississippi,Troy,9,21,fbs,fbs,1289.0,1454.0,False,12,Troy
401329093,2021,3,Angelo State,Midwestern State,17,35,ii,ii,,,False,18,Midwestern State
401329127,2021,3,Southwest Minnesota State,University of Mary,23,45,ii,ii,,,False,22,University of Mary
401309856,2021,3,San Diego State,Utah,33,31,fbs,fbs,1614.0,1636.0,False,-2,San Diego State
401348213,2021,3,Wayne State (NE),Minot State,48,0,ii,ii,,,False,-48,Wayne State (NE)
401329499,2021,3,Northeastern State,Pittsburg State,13,48,ii,ii,,,False,35,Pittsburg State
401328328,2021,3,Eastern Illinois,Illinois State,24,31,fcs,fcs,,,False,7,Illinois State
401328384,2021,3,Southern Illinois,Dayton,55,3,fcs,fcs,,,False,-52,Southern Illinois
401328673,2021,3,Stephen F. Austin,Mississippi Valley State,58,13,fcs,fcs,,,False,-45,Stephen F. Austin
401309609,2021,3,Texas State,Incarnate Word,34,42,fbs,fcs,,,False,8,Incarnate Word
401328769,2021,3,Ferris State,Saginaw Valley,47,45,ii,ii,,,False,-2,Ferris State
401328493,2021,3,Southeastern Oklahoma,Southwestern Oklahoma,37,28,ii,ii,,,False,-9,Southeastern Oklahoma
401328586,2021,3,Southern,McNeese,24,31,fcs,fcs,,,False,7,McNeese
401327968,2021,3,Central Arkansas,Arkansas-Pine Bluff,45,23,fcs,fcs,,,False,-22,Central Arkansas
401327989,2021,3,Eastern Kentucky,Indiana State,21,23,fcs,fcs,,,False,2,Indiana State
401328704,2021,3,Abilene Christian,University of Texas of the Permian Basin,34,9,fcs,ii,,,False,-25,Abilene Christian
401282195,2021,3,North Texas,UAB,6,40,fbs,fbs,1263.0,1414.0,False,34,UAB
401282630,2021,3,NC State,Furman,45,7,fbs,fcs,,,False,-38,NC State
401282631,2021,3,North Carolina,Virginia,59,39,fbs,fbs,1778.0,1569.0,False,-20,North Carolina
401282070,2021,3,Penn State,Auburn,28,20,fbs,fbs,1753.0,1740.0,False,-8,Penn State
401310704,2021,3,Air Force,Utah State,45,49,fbs,fbs,1632.0,1336.0,False,4,Utah State
401282074,2021,3,LSU,Central Michigan,49,21,fbs,fbs,1646.0,1426.0,False,-28,LSU
401328288,2021,3,East Tennessee State,Delaware State,38,6,fcs,fcs,,,False,-32,East Tennessee State
401309850,2021,3,Oregon,Stony Brook,48,7,fbs,fcs,,,False,-41,Oregon
401282075,2021,3,Ole Miss,Tulane,61,21,fbs,fbs,1626.0,1603.0,False,-40,Ole Miss
401282202,2021,3,Texas,Rice,58,0,fbs,fbs,1721.0,1293.0,False,-58,Texas
401309607,2021,3,Louisiana Monroe,Jackson State,12,7,fbs,fcs,,,False,-5,Louisiana Monroe
401309608,2021,3,South Alabama,Alcorn State,28,21,fbs,fcs,,,False,-7,South Alabama
401282080,2021,3,Vanderbilt,Stanford,23,41,fbs,fbs,1240.0,1497.0,False,18,Stanford
401328607,2021,3,Lindenwood,Kentucky Wesleyan,56,34,ii,ii,,,False,-22,Lindenwood
401329376,2021,3,Central Oklahoma,Missouri Southern State,10,14,ii,ii,,,False,4,Missouri Southern State
401329406,2021,3,Fort Hays State,Lincoln (MO),72,0,ii,ii,,,False,-72,Fort Hays State
401329452,2021,3,West Texas A&M,Western New Mexico,42,14,ii,ii,,,False,-28,West Texas A&M
401319455,2021,3,New Mexico State,South Carolina State,43,35,fbs,fcs,,,False,-8,New Mexico State
401328101,2021,3,Weber State,James Madison,24,37,fcs,fcs,,,False,13,James Madison
401328029,2021,3,Cal Poly,South Dakota,14,48,fcs,fcs,,,False,34,South Dakota
401329306,2021,3,Chadron State,South Dakota Mines,31,20,ii,ii,,,False,-11,Chadron State
401287903,2021,3,Boise State,Oklahoma State,20,21,fbs,fbs,1679.0,1661.0,False,1,Oklahoma State
401329025,2021,3,Adams State,Western State,10,24,ii,ii,,,False,14,Western State
401332019,2021,3,Simon Fraser,Central Washington,14,36,ii,ii,,,False,22,Central Washington
401309853,2021,3,Arizona,Northern Arizona,19,21,fbs,fcs,,,False,2,Northern Arizona
401327979,2021,3,UC Davis,Utah Tech,60,27,fcs,fcs,,,False,-33,UC Davis
401309854,2021,3,BYU,Arizona State,27,17,fbs,fbs,1814.0,1670.0,False,-10,BYU
401287906,2021,3,UNLV,Iowa State,3,48,fbs,fbs,1229.0,1776.0,False,45,Iowa State
401309855,2021,3,UCLA,Fresno State,37,40,fbs,fbs,1630.0,1564.0,False,3,Fresno State
401310705,2021,3,Hawai'i,San José State,13,17,fbs,fbs,1343.0,1469.0,False,4,San José State
401282208,2021,4,Appalachian State,Marshall,31,30,fbs,fbs,1664.0,1616.0,False,-1,Appalachian State
401328626,2021,4,Arkansas-Pine Bluff,Alcorn State,38,39,fcs,fcs,,,False,1,Alcorn State
401282204,2021,4,Charlotte,Middle Tennessee,42,39,fbs,fbs,1338.0,1276.0,False,-3,Charlotte
401282638,2021,4,Virginia,Wake Forest,17,37,fbs,fbs,1543.0,1609.0,False,20,Wake Forest
401344143,2021,4,Harvard,Brown,49,17,fcs,fcs,,,False,-32,Harvard
401282637,2021,4,Syracuse,Liberty,24,21,fbs,fbs,1420.0,1606.0,False,-3,Syracuse
401310707,2021,4,Fresno State,UNLV,38,30,fbs,fbs,1573.0,1166.0,False,-8,Fresno State
401310706,2021,4,Utah State,Boise State,3,27,fbs,fbs,1364.0,1677.0,False,24,Boise State
401282644,2021,4,Pittsburgh,New Hampshire,77,7,fbs,fcs,,,False,-70,Pittsburgh
401282088,2021,4,Vanderbilt,Georgia,0,62,fbs,fbs,1222.0,1938.0,False,62,Georgia
401329212,2021,4,Shepherd,Kutztown,29,37,ii,ii,,,False,8,Kutztown
401329386,2021,4,Glenville State,Wheeling Jesuit,10,27,ii,ii,,,False,17,Wheeling Jesuit
401329434,2021,4,Notre Dame College,West Virginia State,38,14,ii,ii,,,False,-24,Notre Dame College
401332011,2021,4,Kentucky Wesleyan,William Jewell College,41,21,ii,ii,,,False,-20,Kentucky Wesleyan
401282086,2021,4,Boston College,Missouri,41,34,fbs,fbs,1530.0,1510.0,False,-7,Boston College
401282085,2021,4,Mississippi State,LSU,25,28,fbs,fbs,1540.0,1694.0,False,3,LSU
401331762,2021,4,Edinboro,California (PA),12,20,ii,ii,,,False,8,California (PA)
401329635,2021,4,UVA-Wise,Carson-Newman,33,7,ii,ii,,,False,-26,UVA-Wise
401328608,2021,4,Findlay,Lindenwood,16,28,ii,ii,,,False,12,Lindenwood
401282206,2021,4,Central Michigan,Florida International,31,27,fbs,fbs,1378.0,1283.0,False,-4,Central Michigan
401344440,2021,4,American International,Bentley,27,35,ii,ii,,,False,8,Bentley
401282805,2021,4,Northwestern,Ohio,35,6,fbs,fbs,1547.0,1407.0,False,-29,Northwestern
401282792,2021,4,Minnesota,Bowling Green,10,14,fbs,fbs,1648.0,1020.0,False,4,Bowling Green
401282645,2021,4,Virginia Tech,Richmond,21,10,fbs,fcs,,,False,-11,Virginia Tech
401282707,2021,4,Wisconsin,Notre Dame,13,41,fbs,fbs,1763.0,1774.0,True,28,Notre Dame
401301010,2021,4,Temple,Wagner,41,7,fbs,fcs,,,False,-34,Temple
401308834,2021,4,Army,Miami (OH),23,10,fbs,fbs,1639.0,1376.0,False,-13,Army
401282817,2021,4,Penn State,Villanova,38,17,fbs,fcs,,,False,-21,Penn State
401287910,2021,4,TCU,SMU,34,42,fbs,fbs,1644.0,1545.0,False,8,SMU
401328587,2021,4,Incarnate Word,McNeese,31,0,fcs,fcs,,,False,-31,Incarnate Word
401328304,2021,4,St Francis (PA),Norfolk State,16,28,fcs,fcs,,,False,12,Norfolk State
401334821,2021,4,Davidson,San Diego,28,16,fcs,fcs,,,False,-12,Davidson
401328249,2021,4,Yale,Cornell,23,17,fcs,fcs,,,False,-6,Yale
401328157,2021,4,Robert Morris,Howard,22,16,fcs,fcs,,,False,-6,Robert Morris
401287911,2021,4,Texas,Texas Tech,70,35,fbs,fbs,1840.0,1566.0,False,-35,Texas
401282642,2021,4,Miami,Central Connecticut,69,0,fbs,fcs,,,False,-69,Miami
401334775,2021,4,WV Wesleyan,West Liberty,0,31,ii,ii,,,False,31,West Liberty
401327956,2021,4,Lincoln (PA),Shaw,6,41,ii,ii,,,False,35,Shaw
401329040,2021,4,Minnesota St-Moorhead,Upper Iowa,33,28,ii,ii,,,False,-5,Minnesota St-Moorhead
401329174,2021,4,Concordia-St. Paul,Southwest Minnesota State,24,34,ii,ii,,,False,10,Southwest Minnesota State
401329182,2021,4,Shippensburg,Bloomsburg,51,7,ii,ii,,,False,-44,Shippensburg
401329193,2021,4,Gannon,Clarion,56,21,ii,ii,,,False,-35,Gannon
401329203,2021,4,Mercyhurst,Indiana (PA),13,48,ii,ii,,,False,35,Indiana (PA)
401328018,2021,4,Johnson C Smith,Virginia Union,7,43,ii,ii,,,False,36,Virginia Union
401328171,2021,4,St. Augustine's,Chowan,12,59,ii,ii,,,False,47,Chowan
401328715,2021,4,Ashland,Quincy,63,23,ii,ii,,,False,-40,Ashland
401328925,2021,4,New Haven,Southern Connecticut State,38,9,ii,ii,,,False,-29,New Haven
401328938,2021,4,Michigan Tech,Grand Valley State,21,44,ii,ii,,,False,23,Grand Valley State
401328969,2021,4,Northwood (MI),Northern Michigan,37,20,ii,ii,,,False,-17,Northwood (MI)
401328993,2021,4,Shorter,West Georgia,0,56,ii,ii,,,False,56,West Georgia
401329010,2021,4,Erskine,North Greenville,7,38,ii,ii,,,False,31,North Greenville
401329709,2021,4,Indianapolis,Ohio Dominican,16,19,ii,ii,,,False,3,Ohio Dominican
401330257,2021,4,St. Anselm,Franklin Pierce,42,7,ii,ii,,,False,-35,St. Anselm
401332025,2021,4,Alderson-Broaddus,Charleston (WV),7,69,ii,ii,,,False,62,Charleston (WV)
401334761,2021,4,Concord,Frostburg State,23,42,ii,ii,,,False,19,Frostburg State
401334769,2021,4,UNC Pembroke,Fairmont State,27,30,ii,ii,,,False,3,Fairmont State
401286301,2021,4,Coastal Carolina,UMass,53,3,fbs,fbs,1654.0,1005.0,False,-50,Coastal Carolina
401328528,2021,4,Drake,Valparaiso,21,24,fcs,fcs,,,False,3,Valparaiso
401328239,2021,4,Columbia,Georgetown,35,24,fcs,fcs,,,False,-11,Columbia
401328338,2021,4,Indiana State,South Dakota State,0,44,fcs,fcs,,,False,44,South Dakota State
401328471,2021,4,Colgate,Lehigh,30,3,fcs,fcs,,,False,-27,Colgate
401328487,2021,4,Monmouth,Holy Cross,15,45,fcs,fcs,,,False,30,Holy Cross
401332052,2021,4,Duquesne,Virginia Lynchburg,56,7,fcs,,,,False,-49,Duquesne
401328499,2021,4,St. Thomas (MN),Butler,36,0,fcs,fcs,,,False,-36,St. Thomas (MN)
401328507,2021,4,Dayton,Presbyterian College,63,43,fcs,fcs,,,False,-20,Dayton
401344330,2021,4,Princeton,Stetson,63,0,fcs,fcs,,,False,-63,Princeton
401328263,2021,4,Dartmouth,Sacred Heart,41,3,fcs,fcs,,,False,-38,Dartmouth
401328567,2021,4,VMI,Wofford,31,23,fcs,fcs,,,False,-8,VMI
401327927,2021,4,Winston-Salem,Elizabeth City State,14,19,ii,ii,,,False,5,Elizabeth City State
401332329,2021,4,Tusculum,Newberry,19,24,ii,ii,,,False,5,Newberry
401309554,2021,4,Western Michigan,San José State,23,3,fbs,fbs,1445.0,1467.0,False,-20,Western Michigan
401329343,2021,4,Central Missouri State,Nebraska-Kearney,28,31,ii,ii,,,False,3,Nebraska-Kearney
401309557,2021,4,Eastern Michigan,Texas State,59,21,fbs,fbs,1383.0,1290.0,False,-38,Eastern Michigan
401329468,2021,4,Washburn,Missouri Western,47,41,ii,ii,,,False,-6,Washburn
401329445,2021,4,Lincoln (MO),Northeastern State,48,49,ii,ii,,,False,1,Northeastern State
401309555,2021,4,Ball State,Toledo,12,22,fbs,fbs,1408.0,1401.0,False,10,Toledo
401328289,2021,4,Delaware State,Merrimack,10,47,fcs,fcs,,,False,37,Merrimack
401328184,2021,4,Elon,William & Mary,31,34,fcs,fcs,,,False,3,William & Mary
401328555,2021,4,Furman,Mercer,3,24,fcs,fcs,,,False,21,Mercer
401328414,2021,4,Tennessee Tech,Eastern Illinois,14,28,fcs,fcs,,,False,14,Eastern Illinois
401309556,2021,4,Northern Illinois,Maine,41,14,fbs,fcs,,,False,-27,Northern Illinois
401309861,2021,4,Utah,Washington State,24,13,fbs,fbs,1635.0,1422.0,False,-11,Utah
401329377,2021,4,Northwest Missouri State,Central Oklahoma,38,0,ii,ii,,,False,-38,Northwest Missouri State
401329026,2021,4,Black Hills State,Adams State,51,48,ii,ii,,,False,-3,Black Hills State
401329060,2021,4,University of Mary,Winona State,38,48,ii,ii,,,False,10,Winona State
401329087,2021,4,Kentucky State,Benedict College,34,28,ii,ii,,,False,-6,Kentucky State
401329144,2021,4,Bemidji State,Augustana (SD),24,52,ii,ii,,,False,28,Augustana (SD)
401329307,2021,4,Colorado Mesa,Chadron State,24,17,ii,ii,,,False,-7,Colorado Mesa
401329338,2021,4,Western State,Fort Lewis,42,0,ii,ii,,,False,-42,Western State
401329407,2021,4,Missouri Southern State,Fort Hays State,21,42,ii,ii,,,False,21,Fort Hays State
401328725,2021,4,Ferris State,Davenport,38,0,ii,ii,,,False,-38,Ferris State
401328709,2021,4,Tiffin,Truman State,35,38,ii,ii,,,False,3,Truman State
401328494,2021,4,Southern Nazarene,Southeastern Oklahoma,10,31,ii,ii,,,False,21,Southeastern Oklahoma
401328076,2021,4,Northern Colorado,Northern Arizona,17,10,fcs,fcs,,,False,-7,Northern Colorado
401328058,2021,4,Idaho State,Sacramento State,21,23,fcs,fcs,,,False,2,Sacramento State
401328030,2021,4,Montana,Cal Poly,39,7,fcs,fcs,,,False,-32,Montana
401327990,2021,4,Eastern Kentucky,Austin Peay,35,27,fcs,fcs,,,False,-8,Eastern Kentucky
401328667,2021,4,Jackson State,Delta State,24,17,fcs,ii,,,False,-7,Jackson State
401328562,2021,4,Samford,East Tennessee State,48,55,fcs,fcs,,,False,7,East Tennessee State
401328429,2021,4,Southeast Missouri State,Tennessee State,47,14,fcs,fcs,,,False,-33,Southeast Missouri State
401328329,2021,4,Southern Illinois,Illinois State,35,17,fcs,fcs,,,False,-18,Southern Illinois
401328270,2021,4,Lafayette,Pennsylvania,24,14,fcs,fcs,,,False,-10,Lafayette
401282643,2021,4,NC State,Clemson,27,21,fbs,fbs,1532.0,1907.0,False,-6,NC State
401282082,2021,4,Arkansas,Texas A&M,20,10,fbs,fbs,1638.0,1817.0,True,-10,Arkansas
401282756,2021,4,Iowa,Colorado State,24,14,fbs,fbs,1883.0,1426.0,False,-10,Iowa
401282775,2021,4,Michigan,Rutgers,20,13,fbs,fbs,1824.0,1536.0,False,-7,Michigan
401310709,2021,4,San Diego State,Towson,48,21,fbs,fcs,,,False,-27,San Diego State
401287907,2021,4,Baylor,Iowa State,31,29,fbs,fbs,1585.0,1839.0,False,-2,Baylor
401282716,2021,4,Purdue,Illinois,13,9,fbs,fbs,1570.0,1339.0,False,-4,Purdue
401282765,2021,4,Maryland,Kent State,37,16,fbs,fbs,1397.0,1386.0,False,-21,Maryland
401286190,2021,4,Connecticut,Wyoming,22,24,fbs,fbs,1006.0,1634.0,False,2,Wyoming
401282213,2021,4,Memphis,UT San Antonio,28,31,fbs,fbs,1552.0,1470.0,False,3,UT San Antonio
401282640,2021,4,Florida State,Louisville,23,31,fbs,fbs,1345.0,1527.0,False,8,Louisville
401282639,2021,4,Duke,Kansas,52,33,fbs,fbs,1322.0,1080.0,False,-19,Duke
401327917,2021,4,Livingstone,Bowie State,0,49,ii,ii,,,False,49,Bowie State
401282083,2021,4,Auburn,Georgia State,34,24,fbs,fbs,1729.0,1288.0,False,-10,Auburn
401329421,2021,4,Millersville,West Chester,14,42,ii,ii,,,False,28,West Chester
401328683,2021,4,Hillsdale,Missouri S&T,38,31,ii,ii,,,False,-7,Hillsdale
401327998,2021,4,Jacksonville State,UT Martin,31,34,fcs,fcs,,,False,3,UT Martin
401328146,2021,4,Nicholls,North Alabama,31,14,fcs,fcs,,,False,-17,Nicholls
401328227,2021,4,Stony Brook,Fordham,14,31,fcs,fcs,,,False,17,Fordham
401327969,2021,4,Central Arkansas,Sam Houston State,35,45,fcs,fcs,,,False,10,Sam Houston State
401346619,2021,4,Alabama A&M,Tuskegee,45,35,fcs,ii,,,False,-10,Alabama A&M
401328663,2021,4,Prairie View,Grambling,24,10,fcs,fcs,,,False,-14,Prairie View
401328066,2021,4,Portland State,Montana State,17,30,fcs,fcs,,,False,13,Montana State
401301011,2021,4,Tulsa,Arkansas State,41,34,fbs,fbs,1510.0,1257.0,False,-7,Tulsa
401328978,2021,4,Wayne State (MI),Saginaw Valley,21,41,ii,ii,,,False,20,Saginaw Valley
401328947,2021,4,Savannah State,Morehouse,29,10,ii,ii,,,False,-19,Savannah State
401328698,2021,4,Lake Erie College,Southwest Baptist,20,28,ii,ii,,,False,8,Southwest Baptist
401329120,2021,4,Allen,Fort Valley State,20,56,ii,ii,,,False,36,Fort Valley State
401282209,2021,4,Old Dominion,Buffalo,34,35,fbs,fbs,1206.0,1563.0,False,1,Buffalo
401347706,2021,4,Stonehill,Assumption,27,26,ii,ii,,,False,-1,Stonehill
401329271,2021,4,Seton Hill College,Slippery Rock,17,41,ii,ii,,,False,24,Slippery Rock
401329139,2021,4,Edward Waters,Lane,35,45,ii,ii,,,False,10,Lane
401329333,2021,4,South Dakota Mines,Colorado State-Pueblo,7,49,ii,ii,,,False,42,Colorado State-Pueblo
401329653,2021,4,Lenoir-Rhyne,Mars Hill,31,16,ii,ii,,,False,-15,Lenoir-Rhyne
401309610,2021,4,Georgia Southern,Louisiana,20,28,fbs,fbs,1382.0,1693.0,False,8,Louisiana
401309858,2021,4,Stanford,UCLA,24,35,fbs,fbs,1515.0,1621.0,False,11,UCLA
401329662,2021,4,Lock Haven,East Stroudsburg,21,45,ii,ii,,,False,24,East Stroudsburg
401301007,2021,4,East Carolina,Charleston Southern,31,28,fbs,fcs,,,False,-3,East Carolina
401328387,2021,4,Youngstown State,Western Illinois,35,38,fcs,fcs,,,False,3,Western Illinois
401328126,2021,4,Gardner-Webb,Western Carolina,52,34,fcs,fcs,,,False,-18,Gardner-Webb
401328514,2021,4,Marist,Bryant,17,34,fcs,fcs,,,False,17,Bryant
401328617,2021,4,Alabama State,Bethune-Cookman,38,24,fcs,fcs,,,False,-14,Alabama State
401328152,2021,4,North Carolina A&T,North Carolina Central,37,14,fcs,fcs,,,False,-23,North Carolina A&T
401282210,2021,4,Rice,Texas Southern,48,34,fbs,fcs,,,False,-14,Rice
401282087,2021,4,South Carolina,Kentucky,10,16,fbs,fbs,1382.0,1598.0,False,6,Kentucky
401282784,2021,4,Michigan State,Nebraska,23,20,fbs,fbs,1554.0,1573.0,False,-3,Michigan State
401333047,2021,4,Minnesota-Duluth,Wayne State (NE),28,31,ii,ii,,,False,3,Wayne State (NE)
401333439,2021,4,Stephen F. Austin,Lincoln University (CA),61,13,fcs,,,,False,-48,Stephen F. Austin
401327963,2021,4,Fayetteville State,Virginia State,28,14,ii,ii,,,False,-14,Fayetteville State
401328279,2021,4,Arkansas Tech,Arkansas-Monticello,20,27,ii,ii,,,False,7,Arkansas-Monticello
401328347,2021,4,Northwestern Oklahoma State,East Central,17,20,ii,ii,,,False,3,East Central
401328391,2021,4,Harding,Ouachita Baptist,38,21,ii,ii,,,False,-17,Harding
401328399,2021,4,Henderson State,Southern Arkansas,56,49,ii,ii,,,False,-7,Henderson State
401328467,2021,4,Southwestern Oklahoma,Oklahoma Baptist,27,31,ii,ii,,,False,4,Oklahoma Baptist
401328961,2021,4,Miles,Central State,55,4,ii,ii,,,False,-51,Miles
401329071,2021,4,Northern State,Sioux Falls,41,10,ii,ii,,,False,-31,Northern State
401282084,2021,4,Florida,Tennessee,38,14,fbs,fbs,1744.0,1517.0,False,-24,Florida
401329494,2021,4,Minot State,Minnesota State,10,68,ii,ii,,,False,58,Minnesota State
401329094,2021,4,Central Washington,Angelo State,9,14,ii,ii,,,False,5,Angelo State
401329080,2021,4,Albany State (GA),Clark Atlanta,49,0,ii,ii,,,False,-49,Albany State (GA)
401282205,2021,4,Louisiana Tech,North Texas,24,17,fbs,fbs,1350.0,1185.0,False,-7,Louisiana Tech
401331755,2021,4,Limestone,Barton College,7,45,ii,ii,,,False,38,Barton College
401301008,2021,4,Houston,Navy,28,20,fbs,fbs,1558.0,1260.0,False,-8,Houston
401287909,2021,4,Oklahoma State,Kansas State,31,20,fbs,fbs,1663.0,1547.0,False,-11,Oklahoma State
401328025,2021,4,Tarleton State,New Mexico Highlands,40,21,fcs,ii,,,False,-19,Tarleton State
401328006,2021,4,Lamar,Abilene Christian,0,56,fcs,fcs,,,False,56,Abilene Christian
401282641,2021,4,Georgia Tech,North Carolina,45,22,fbs,fbs,1383.0,1804.0,True,-23,Georgia Tech
401282811,2021,4,Ohio State,Akron,59,7,fbs,fbs,1893.0,991.0,False,-52,Ohio State
401287908,2021,4,Oklahoma,West Virginia,16,13,fbs,fbs,1863.0,1543.0,False,-3,Oklahoma
401282081,2021,4,Alabama,Southern Mississippi,63,14,fbs,fbs,2104.0,1278.0,False,-49,Alabama
401329397,2021,4,Pittsburg State,Emporia State,30,28,ii,ii,,,False,-2,Pittsburg State
401282207,2021,4,Air Force,Florida Atlantic,31,7,fbs,fbs,1604.0,1575.0,False,-24,Air Force
401309611,2021,4,Louisiana Monroe,Troy,29,16,fbs,fbs,1058.0,1465.0,False,-13,Louisiana Monroe
401310708,2021,4,New Mexico State,Hawai'i,21,41,fbs,fbs,1172.0,1345.0,False,20,Hawai'i
401329002,2021,4,Mississippi College,West Alabama,28,31,ii,ii,,,False,3,West Alabama
401329107,2021,4,Midwestern State,Eastern New Mexico,31,24,ii,ii,,,False,-7,Midwestern State
401329154,2021,4,Texas A&M-Kingsville,Texas A&M-Commerce,10,35,ii,ii,,,False,25,Texas A&M-Commerce
401329321,2021,4,West Texas A&M,Colorado Mines,13,21,ii,ii,,,False,8,Colorado Mines
401329463,2021,4,Western New Mexico,University of Texas of the Permian Basin,19,27,ii,ii,,,False,8,University of Texas of the Permian Basin
401282214,2021,4,Western Kentucky,Indiana,31,33,fbs,fbs,1401.0,1586.0,False,2,Indiana
401282211,2021,4,Tulane,UAB,21,28,fbs,fbs,1490.0,1492.0,False,7,UAB
401328354,2021,4,Missouri State,South Dakota,31,23,fcs,fcs,,,False,-8,Missouri State
401328040,2021,4,Southern Utah,Eastern Washington,21,50,fcs,fcs,,,False,29,Eastern Washington
401328100,2021,4,Weber State,UC Davis,14,17,fcs,fcs,,,False,3,UC Davis
401329050,2021,4,Simon Fraser,Western Oregon,7,24,ii,ii,,,False,17,Western Oregon
401282212,2021,4,UTEP,New Mexico,20,13,fbs,fbs,1221.0,1276.0,False,-7,UTEP
401309857,2021,4,Washington,California,31,24,fbs,fbs,1719.0,1456.0,False,-7,Washington
401301009,2021,4,BYU,South Florida,35,27,fbs,fbs,1821.0,1149.0,False,-8,BYU
401309859,2021,4,Oregon,Arizona,41,19,fbs,fbs,1730.0,1272.0,False,-22,Oregon
401309860,2021,4,USC,Oregon State,27,45,fbs,fbs,1688.0,1471.0,False,18,Oregon State
401309862,2021,4,Arizona State,Colorado,35,13,fbs,fbs,1663.0,1391.0,False,-22,Arizona State
401328674,2021,5,Mississippi Valley State,Southern,25,38,fcs,fcs,,,True,13,Southern
401328716,2021,5,Walsh,Ashland,10,35,ii,ii,,,False,25,Ashland
401282646,2021,5,Miami,Virginia,28,30,fbs,fbs,1522.0,1500.0,False,2,Virginia
401328635,2021,5,Prairie View,Arkansas-Pine Bluff,27,17,fcs,fcs,,,False,-10,Prairie View
401328264,2021,5,Pennsylvania,Dartmouth,7,31,fcs,fcs,,,False,24,Dartmouth
401347703,2021,5,Southern Connecticut State,American International,23,7,ii,ii,,,False,-16,Southern Connecticut State
401301012,2021,5,Tulsa,Houston,10,45,fbs,fbs,1506.0,1553.0,False,35,Houston
401282759,2021,5,Maryland,Iowa,14,51,fbs,fbs,1446.0,1870.0,False,37,Iowa
401309912,2021,5,Utah State,BYU,20,34,fbs,fbs,1336.0,1797.0,False,14,BYU
401301015,2021,5,Temple,Memphis,34,31,fbs,fbs,1177.0,1542.0,False,-3,Temple
401309561,2021,5,Buffalo,Western Michigan,17,24,fbs,fbs,1548.0,1494.0,False,7,Western Michigan
401282776,2021,5,Wisconsin,Michigan,17,38,fbs,fbs,1696.0,1818.0,False,21,Michigan
401282093,2021,5,Missouri,Tennessee,24,62,fbs,fbs,1502.0,1482.0,False,38,Tennessee
401282649,2021,5,Georgia Tech,Pittsburgh,21,52,fbs,fbs,1503.0,1600.0,False,31,Pittsburgh
401282650,2021,5,North Carolina,Duke,38,7,fbs,fbs,1684.0,1342.0,False,-31,North Carolina
401282090,2021,5,Georgia,Arkansas,37,0,fbs,fbs,2033.0,1677.0,False,-37,Georgia
401329435,2021,5,Charleston (WV),Notre Dame College,38,28,ii,ii,,,False,-10,Charleston (WV)
401329427,2021,5,Millersville,Lock Haven,31,29,ii,ii,,,False,-2,Millersville
401329359,2021,5,Shepherd,Shippensburg,59,27,ii,ii,,,False,-32,Shepherd
401328926,2021,5,Pace,New Haven,14,28,ii,ii,,,False,14,New Haven
401286302,2021,5,UMass,Toledo,7,45,fbs,fbs,941.0,1422.0,False,38,Toledo
401282793,2021,5,Purdue,Minnesota,13,20,fbs,fbs,1566.0,1592.0,False,7,Minnesota
401287915,2021,5,TCU,Texas,27,32,fbs,fbs,1620.0,1903.0,False,5,Texas
401328212,2021,5,Rhode Island,Stony Brook,27,20,fcs,fcs,,,False,-7,Rhode Island
401328298,2021,5,Morgan State,St Francis (PA),14,27,fcs,fcs,,,False,13,St Francis (PA)
401328500,2021,5,Butler,Drake,3,6,fcs,fcs,,,False,3,Drake
401339819,2021,5,Lehigh,Yale,0,34,fcs,fcs,,,False,34,Yale
401282219,2021,5,Illinois,Charlotte,24,14,fbs,fbs,1343.0,1338.0,False,-10,Illinois
401329233,2021,5,Kutztown,East Stroudsburg,21,14,ii,ii,,,False,-7,Kutztown
401282651,2021,5,Wake Forest,Louisville,37,34,fbs,fbs,1652.0,1528.0,False,-3,Wake Forest
401328472,2021,5,Georgetown,Colgate,21,28,fcs,fcs,,,False,7,Colgate
401334781,2021,5,Franklin Pierce,Assumption,28,35,ii,ii,,,False,7,Assumption
401328153,2021,5,North Carolina A&T,Robert Morris,41,14,fcs,fcs,,,False,-27,North Carolina A&T
401328588,2021,5,McNeese,Southeastern Louisiana,35,38,fcs,fcs,,,False,3,Southeastern Louisiana
401328515,2021,5,Valparaiso,Marist,24,27,fcs,fcs,,,False,3,Marist
401328240,2021,5,Princeton,Columbia,24,7,fcs,fcs,,,False,-17,Princeton
401328127,2021,5,Monmouth,Gardner-Webb,54,17,fcs,fcs,,,False,-37,Monmouth
401337825,2021,5,Stetson,Davidson,28,35,fcs,fcs,,,False,7,Davidson
401332301,2021,5,Howard,Sacred Heart,22,17,fcs,fcs,,,False,-5,Howard
401329326,2021,5,Merrimack,Duquesne,14,37,fcs,fcs,,,False,23,Duquesne
401329387,2021,5,West Liberty,Glenville State,20,19,ii,ii,,,False,-1,West Liberty
401334770,2021,5,Frostburg State,UNC Pembroke,51,21,ii,ii,,,False,-30,Frostburg State
401328948,2021,5,Kentucky State,Savannah State,17,21,ii,ii,,,False,4,Savannah State
401328770,2021,5,Northwood (MI),Ferris State,25,67,ii,ii,,,False,42,Ferris State
401328726,2021,5,Michigan Tech,Davenport,31,7,ii,ii,,,False,-24,Michigan Tech
401328454,2021,5,Ouachita Baptist,Northwestern Oklahoma State,64,17,ii,ii,,,False,-47,Ouachita Baptist
401329654,2021,5,Mars Hill,Newberry,28,22,ii,ii,,,False,-6,Mars Hill
401334758,2021,5,Kentucky Wesleyan,Ohio Dominican,30,32,ii,ii,,,False,2,Ohio Dominican
401328019,2021,5,Virginia Union,Shaw,7,27,ii,ii,,,False,20,Shaw
401329134,2021,5,Central State,Allen,34,46,ii,ii,,,False,12,Allen
401329041,2021,5,Minnesota St-Moorhead,Minnesota-Duluth,21,26,ii,ii,,,False,5,Minnesota-Duluth
401328488,2021,5,Holy Cross,Harvard,13,38,fcs,fcs,,,False,25,Harvard
401328324,2021,5,South Carolina State,Bethune-Cookman,42,35,fcs,fcs,,,False,-7,South Carolina State
401328537,2021,5,Chattanooga,Western Carolina,45,17,fcs,fcs,,,False,-28,Chattanooga
401328330,2021,5,Illinois State,Missouri State,20,41,fcs,fcs,,,False,21,Missouri State
401328185,2021,5,Richmond,Elon,7,20,fcs,fcs,,,False,13,Elon
401328133,2021,5,Hampton,Norfolk State,44,47,fcs,fcs,,,False,3,Norfolk State
401329204,2021,5,Indiana (PA),Gannon,28,23,ii,ii,,,False,-5,Indiana (PA)
401329298,2021,5,Fort Lewis,Black Hills State,17,45,ii,ii,,,False,28,Black Hills State
401329308,2021,5,New Mexico Highlands,Chadron State,16,46,ii,ii,,,False,30,Chadron State
401329322,2021,5,Colorado Mines,Western State,20,14,ii,ii,,,False,-6,Colorado Mines
401329398,2021,5,Emporia State,Washburn,35,30,ii,ii,,,False,-5,Emporia State
401329636,2021,5,UVA-Wise,Lenoir-Rhyne,35,28,ii,ii,,,False,-7,UVA-Wise
401329644,2021,5,Barton College,Carson-Newman,31,17,ii,ii,,,False,-14,Barton College
401334762,2021,5,Fairmont State,Concord,31,27,ii,ii,,,False,-4,Fairmont State
401334776,2021,5,Wheeling Jesuit,WV Wesleyan,38,0,ii,ii,,,False,-38,Wheeling Jesuit
401328547,2021,5,The Citadel,VMI,35,24,fcs,fcs,,,False,-11,The Citadel
401341492,2021,5,Erskine,Virginia Lynchburg,59,13,ii,,,,False,-46,Erskine
401328508,2021,5,Morehead State,Dayton,45,38,fcs,fcs,,,False,-7,Morehead State
401327918,2021,5,Bowie State,Johnson C Smith,44,7,ii,ii,,,False,-37,Bowie State
401328280,2021,5,Southern Nazarene,Arkansas Tech,41,51,ii,ii,,,False,10,Arkansas Tech
401328684,2021,5,Quincy,Missouri S&T,31,28,ii,ii,,,False,-3,Quincy
401328699,2021,5,Southwest Baptist,Indianapolis,10,77,ii,ii,,,False,67,Indianapolis
401328939,2021,5,Saginaw Valley,Grand Valley State,17,49,ii,ii,,,False,32,Grand Valley State
401329061,2021,5,Wayne State (NE),Winona State,38,21,ii,ii,,,False,-17,Wayne State (NE)
401329088,2021,5,Benedict College,Fort Valley State,14,24,ii,ii,,,False,10,Fort Valley State
401329114,2021,5,Tuskegee,Clark Atlanta,21,0,ii,ii,,,False,-21,Tuskegee
401329123,2021,5,Morehouse,Edward Waters,13,37,ii,ii,,,False,24,Edward Waters
401329145,2021,5,Sioux Falls,Augustana (SD),28,26,ii,ii,,,False,-2,Sioux Falls
401329183,2021,5,West Chester,Bloomsburg,21,20,ii,ii,,,False,-1,West Chester
401309612,2021,5,Georgia State,Appalachian State,16,45,fbs,fbs,1300.0,1663.0,False,29,Appalachian State
401309867,2021,5,Colorado,USC,14,37,fbs,fbs,1366.0,1619.0,False,23,USC
401282708,2021,5,Notre Dame,Cincinnati,13,24,fbs,fbs,1841.0,1846.0,False,11,Cincinnati
401309558,2021,5,Northern Illinois,Eastern Michigan,27,20,fbs,fbs,1208.0,1479.0,False,-7,Northern Illinois
401309614,2021,5,Coastal Carolina,Louisiana Monroe,59,6,fbs,fbs,1718.0,1122.0,False,-53,Coastal Carolina
401327928,2021,5,Elizabeth City State,Livingstone,19,13,ii,ii,,,False,-6,Elizabeth City State
401328460,2021,5,Tennessee Tech,Southeast Missouri State,28,17,fcs,fcs,,,False,-11,Tennessee Tech
401328312,2021,5,Arkansas-Monticello,Southwestern Oklahoma,18,16,ii,ii,,,False,-2,Arkansas-Monticello
401327991,2021,5,Eastern Kentucky,Tarleton State,20,3,fcs,fcs,,,False,-17,Eastern Kentucky
401327999,2021,5,Kennesaw State,Jacksonville State,31,6,fcs,fcs,,,False,-25,Kennesaw State
401328067,2021,5,Montana State,Northern Colorado,40,7,fcs,fcs,,,False,-33,Montana State
401328161,2021,5,Delaware,Albany,20,15,fcs,fcs,,,False,-5,Delaware
401328339,2021,5,South Dakota,Indiana State,38,10,fcs,fcs,,,False,-28,South Dakota
401328361,2021,5,North Dakota,North Dakota State,10,16,fcs,fcs,,,False,6,North Dakota State
401328664,2021,5,Grambling,Alabama A&M,37,28,fcs,fcs,,,False,-9,Grambling
401328348,2021,5,East Central,Southern Arkansas,38,17,ii,ii,,,False,-21,East Central
401328392,2021,5,Oklahoma Baptist,Harding,7,31,ii,ii,,,False,24,Harding
401328400,2021,5,Southeastern Oklahoma,Henderson State,24,27,ii,ii,,,False,3,Henderson State
401329011,2021,5,North Greenville,Mississippi College,21,42,ii,ii,,,False,21,Mississippi College
401329027,2021,5,Adams State,South Dakota Mines,42,45,ii,ii,,,False,3,South Dakota Mines
401329072,2021,5,Northern State,University of Mary,42,49,ii,ii,,,False,7,University of Mary
401329140,2021,5,Lane,Texas College,71,0,ii,,,,False,-71,Lane
401329175,2021,5,Minnesota State,Concordia-St. Paul,58,10,ii,ii,,,False,-48,Minnesota State
401329344,2021,5,Northeastern State,Central Missouri State,10,41,ii,ii,,,False,31,Central Missouri State
401329378,2021,5,Central Oklahoma,Lincoln (MO),69,28,ii,ii,,,False,-41,Central Oklahoma
401329458,2021,5,Missouri Southern State,Pittsburg State,16,20,ii,ii,,,False,4,Pittsburg State
401329475,2021,5,Lake Erie College,Findlay,10,37,ii,ii,,,False,27,Findlay
401332326,2021,5,Bemidji State,Minot State,49,35,ii,ii,,,False,-14,Bemidji State
401334789,2021,5,California (PA),Mercyhurst,37,0,ii,ii,,,False,-37,California (PA)
401282215,2021,5,Florida Atlantic,Florida International,58,21,fbs,fbs,1519.0,1283.0,False,-37,Florida Atlantic
401328574,2021,5,East Tennessee State,Wofford,27,21,fcs,fcs,,,False,-6,East Tennessee State
401328194,2021,5,New Hampshire,James Madison,21,23,fcs,fcs,,,False,2,James Madison
401335300,2021,5,Lafayette,Fordham,41,42,fcs,fcs,,,False,1,Fordham
401330258,2021,5,St. Anselm,Bentley,21,34,ii,ii,,,False,13,Bentley
401328250,2021,5,Bucknell,Cornell,21,10,fcs,fcs,,,False,-11,Bucknell
401308835,2021,5,Miami (OH),Central Michigan,28,17,fbs,fbs,1371.0,1378.0,False,-11,Miami (OH)
401310711,2021,5,Boise State,Nevada,31,41,fbs,fbs,1705.0,1445.0,False,10,Nevada
401282089,2021,5,Alabama,Ole Miss,42,21,fbs,fbs,2145.0,1739.0,False,-21,Alabama
401301013,2021,5,Navy,UCF,34,30,fbs,fbs,1265.0,1633.0,False,-4,Navy
401282648,2021,5,Florida State,Syracuse,33,30,fbs,fbs,1344.0,1424.0,False,-3,Florida State
401287913,2021,5,Kansas State,Oklahoma,31,37,fbs,fbs,1536.0,1860.0,False,6,Oklahoma
401282094,2021,5,South Carolina,Troy,23,14,fbs,fbs,1387.0,1401.0,False,-9,South Carolina
401309864,2021,5,Stanford,Oregon,31,24,fbs,fbs,1501.0,1738.0,False,-7,Stanford
401287916,2021,5,West Virginia,Texas Tech,20,23,fbs,fbs,1546.0,1503.0,False,3,Texas Tech
401282813,2021,5,Rutgers,Ohio State,13,52,fbs,fbs,1542.0,1934.0,False,39,Ohio State
401301014,2021,5,East Carolina,Tulane,52,29,fbs,fbs,1415.0,1477.0,False,-23,East Carolina
401309560,2021,5,Akron,Ohio,17,34,fbs,fbs,950.0,1347.0,False,17,Ohio
401309562,2021,5,Kent State,Bowling Green,27,20,fbs,fbs,1337.0,1076.0,False,-7,Kent State
401309613,2021,5,Georgia Southern,Arkansas State,59,33,fbs,fbs,1390.0,1261.0,False,-26,Georgia Southern
401301016,2021,5,SMU,South Florida,41,17,fbs,fbs,1569.0,1173.0,False,-24,SMU
401329686,2021,5,Upper Iowa,Southwest Minnesota State,14,20,ii,ii,,,False,6,Southwest Minnesota State
401328059,2021,5,Northern Arizona,Idaho State,48,17,fcs,fcs,,,False,-31,Northern Arizona
401339816,2021,5,Bryant,Brown,36,29,fcs,fcs,,,False,-7,Bryant
401328970,2021,5,Northern Michigan,Wayne State (MI),26,19,ii,ii,,,False,-7,Northern Michigan
401329272,2021,5,Seton Hill College,Edinboro,7,17,ii,ii,,,False,10,Edinboro
401329314,2021,5,Colorado State-Pueblo,Colorado Mesa,19,13,ii,ii,,,False,-6,Colorado State-Pueblo
401329482,2021,5,Tiffin,Hillsdale,21,24,ii,ii,,,False,3,Hillsdale
401328319,2021,5,Mississippi Valley State,North Carolina Central,17,16,fcs,fcs,,,False,-1,Mississippi Valley State
401328385,2021,5,Western Illinois,Southern Illinois,30,31,fcs,fcs,,,False,1,Southern Illinois
401328577,2021,5,Nicholls,Houston Christian,48,17,fcs,fcs,,,False,-31,Nicholls
401332321,2021,5,San Diego,St. Thomas (MN),27,24,fcs,fcs,,,False,-3,San Diego
401329051,2021,5,Western Oregon,West Texas A&M,41,38,ii,ii,,,False,-3,Western Oregon
401328290,2021,5,Wagner,Delaware State,27,33,fcs,fcs,,,False,6,Delaware State
401328373,2021,5,Northern Iowa,Youngstown State,34,7,fcs,fcs,,,False,-27,Northern Iowa
401328415,2021,5,Murray State,Eastern Illinois,22,6,fcs,fcs,,,False,-16,Murray State
401328021,2021,5,Stephen F. Austin,Sam Houston State,20,21,fcs,fcs,,,False,1,Sam Houston State
401309559,2021,5,Ball State,Army,28,16,fbs,fbs,1387.0,1644.0,False,-12,Ball State
401309863,2021,5,California,Washington State,6,21,fbs,fbs,1461.0,1418.0,False,15,Washington State
401282091,2021,5,Kentucky,Florida,20,13,fbs,fbs,1593.0,1779.0,False,-7,Kentucky
401328260,2021,5,Chowan,Winston-Salem,73,7,ii,ii,,,False,-66,Chowan
401282222,2021,5,UT San Antonio,UNLV,24,17,fbs,fbs,1480.0,1177.0,False,-7,UT San Antonio
401282220,2021,5,NC State,Louisiana Tech,34,27,fbs,fbs,1560.0,1351.0,False,-7,NC State
401331750,2021,5,Wingate,Tusculum,43,35,ii,ii,,,False,-8,Wingate
401329194,2021,5,Slippery Rock,Clarion,75,0,ii,ii,,,False,-75,Slippery Rock
401329003,2021,5,West Georgia,West Alabama,20,38,ii,ii,,,False,18,West Alabama
401328618,2021,5,Florida A&M,Alabama State,28,0,fcs,fcs,,,False,-28,Florida A&M
401327964,2021,5,Virginia State,St. Augustine's,33,9,ii,ii,,,False,-24,Virginia State
401328563,2021,5,Mercer,Samford,45,42,fcs,fcs,,,False,-3,Mercer
401282218,2021,5,Rice,Southern Mississippi,24,19,fbs,fbs,1174.0,1237.0,False,-5,Rice
401310710,2021,5,New Mexico,Air Force,10,38,fbs,fbs,1263.0,1660.0,False,28,Air Force
401287912,2021,5,Iowa State,Kansas,59,7,fbs,fbs,1835.0,1060.0,False,-52,Iowa State
401282095,2021,5,Texas A&M,Mississippi State,22,26,fbs,fbs,1778.0,1545.0,False,4,Mississippi State
401287914,2021,5,Oklahoma State,Baylor,24,14,fbs,fbs,1674.0,1589.0,False,-10,Oklahoma State
401328962,2021,5,Miles,Albany State (GA),3,31,ii,ii,,,False,28,Albany State (GA)
401328982,2021,5,Valdosta State,Shorter,49,13,ii,ii,,,False,-36,Valdosta State
401329017,2021,5,Delta State,West Florida,33,39,ii,ii,,,False,6,West Florida
401329095,2021,5,Angelo State,Western New Mexico,62,3,ii,ii,,,False,-59,Angelo State
401329155,2021,5,Texas A&M-Commerce,UFTL,72,6,ii,,,,False,-66,Texas A&M-Commerce
401329469,2021,5,Missouri Western,Northwest Missouri State,7,30,ii,ii,,,False,23,Northwest Missouri State
401332026,2021,5,West Virginia State,Alderson-Broaddus,45,13,ii,ii,,,False,-32,West Virginia State
401327970,2021,5,Abilene Christian,Central Arkansas,21,42,fcs,fcs,,,False,21,Central Arkansas
401327980,2021,5,South Dakota State,Utah Tech,55,7,fcs,fcs,,,False,-48,South Dakota State
401328110,2021,5,North Alabama,Campbell,31,48,fcs,fcs,,,False,17,Campbell
401328601,2021,5,Northwestern State,Incarnate Word,27,38,fcs,fcs,,,False,11,Incarnate Word
401282221,2021,5,UAB,Liberty,12,36,fbs,fbs,1505.0,1602.0,False,24,Liberty
401327957,2021,5,Fayetteville State,Lincoln (PA),46,9,ii,ii,,,False,-37,Fayetteville State
401282216,2021,5,Middle Tennessee,Marshall,34,28,fbs,fbs,1276.0,1617.0,False,-6,Middle Tennessee
401328609,2021,5,Truman State,Lindenwood,21,31,ii,ii,,,False,10,Lindenwood
401282647,2021,5,Clemson,Boston College,19,13,fbs,fbs,1879.0,1538.0,False,-6,Clemson
401282223,2021,5,Michigan State,Western Kentucky,48,31,fbs,fbs,1555.0,1408.0,False,-17,Michigan State
401282729,2021,5,Penn State,Indiana,24,0,fbs,fbs,1764.0,1579.0,False,-24,Penn State
401282096,2021,5,Vanderbilt,Connecticut,30,28,fbs,fbs,1127.0,1033.0,False,-2,Vanderbilt
401282800,2021,5,Nebraska,Northwestern,56,7,fbs,fbs,1572.0,1607.0,False,-49,Nebraska
401309615,2021,5,South Alabama,Louisiana,18,20,fbs,fbs,1323.0,1685.0,False,2,Louisiana
401329408,2021,5,Fort Hays State,Nebraska-Kearney,42,35,ii,ii,,,False,-7,Fort Hays State
401330247,2021,5,Eastern New Mexico,Lincoln University (CA),52,6,ii,,,,False,-46,Eastern New Mexico
401328406,2021,5,Austin Peay,Tennessee State,22,24,fcs,fcs,,,False,2,Tennessee State
401328092,2021,5,Southern Utah,Portland State,13,20,fcs,fcs,,,False,7,Portland State
401328031,2021,5,Cal Poly,Weber State,7,38,fcs,fcs,,,False,31,Weber State
401282217,2021,5,UTEP,Old Dominion,28,21,fbs,fbs,1234.0,1221.0,False,-7,UTEP
401329108,2021,5,Central Washington,Midwestern State,30,20,ii,ii,,,False,-10,Central Washington
401282092,2021,5,LSU,Auburn,19,24,fbs,fbs,1689.0,1717.0,False,5,Auburn
401309865,2021,5,Oregon State,Washington,27,24,fbs,fbs,1540.0,1714.0,False,-3,Oregon State
401328050,2021,5,UC Davis,Idaho,27,20,fcs,fcs,,,False,-7,UC Davis
401328041,2021,5,Eastern Washington,Montana,34,28,fcs,fcs,,,False,-6,Eastern Washington
401310713,2021,5,San José State,New Mexico State,37,31,fbs,fbs,1418.0,1140.0,False,-6,San José State
401309866,2021,5,UCLA,Arizona State,23,42,fbs,fbs,1635.0,1688.0,False,19,Arizona State
401310712,2021,5,Hawai'i,Fresno State,27,24,fbs,fbs,1377.0,1562.0,False,-3,Hawai'i
401301017,2021,6,Tulane,Houston,22,40,fbs,fbs,1413.0,1649.0,False,18,Houston
401309616,2021,6,Arkansas State,Coastal Carolina,20,52,fbs,fbs,1209.0,1798.0,False,32,Coastal Carolina
401329500,2021,6,Northeastern State,Central Oklahoma,9,49,ii,ii,,,False,40,Central Oklahoma
401347913,2021,6,Assumption,Southern Connecticut State,26,0,ii,ii,,,False,-26,Assumption
401301018,2021,6,Cincinnati,Temple,52,3,fbs,fbs,1869.0,1183.0,False,-49,Cincinnati
401282224,2021,6,Florida International,Charlotte,33,45,fbs,fbs,1209.0,1321.0,False,12,Charlotte
401328299,2021,6,Howard,Morgan State,27,0,fcs,fcs,,,False,-27,Howard
401309868,2021,6,Arizona State,Stanford,28,10,fbs,fbs,1729.0,1525.0,False,-18,Arizona State
401309564,2021,6,Toledo,Northern Illinois,20,22,fbs,fbs,1472.0,1234.0,False,2,Northern Illinois
401282098,2021,6,Florida,Vanderbilt,42,0,fbs,fbs,1758.0,1126.0,False,-42,Florida
401282788,2021,6,Rutgers,Michigan State,13,31,fbs,fbs,1478.0,1579.0,False,18,Michigan State
401282769,2021,6,Ohio State,Maryland,66,17,fbs,fbs,1998.0,1392.0,False,-49,Ohio State
401282100,2021,6,Ole Miss,Arkansas,52,51,fbs,fbs,1729.0,1617.0,False,-1,Ole Miss
401287917,2021,6,Baylor,West Virginia,45,20,fbs,fbs,1578.0,1539.0,False,-25,Baylor
401309566,2021,6,Bowling Green,Akron,20,35,fbs,fbs,1080.0,948.0,False,15,Akron
401328186,2021,6,Maine,Elon,23,33,fcs,fcs,,,False,10,Elon
401347695,2021,6,American International,Stonehill,0,25,ii,ii,,,False,25,Stonehill
401334790,2021,6,Gannon,California (PA),17,38,ii,ii,,,False,21,California (PA)
401334771,2021,6,UNC Pembroke,Wheeling Jesuit,34,28,ii,ii,,,False,-6,UNC Pembroke
401329637,2021,6,UVA-Wise,Newberry,14,37,ii,ii,,,False,23,Newberry
401329436,2021,6,Notre Dame College,Frostburg State,23,21,ii,ii,,,False,-2,Notre Dame College
401329353,2021,6,Mercyhurst,Seton Hill College,17,19,ii,ii,,,False,2,Seton Hill College
401328727,2021,6,Davenport,Northern Michigan,18,13,ii,ii,,,False,-5,Davenport
401287918,2021,6,Texas,Oklahoma,48,55,fbs,fbs,1893.0,1848.0,True,7,Oklahoma
401282102,2021,6,Tennessee,South Carolina,45,20,fbs,fbs,1598.0,1402.0,False,-25,Tennessee
401332293,2021,6,Duquesne,Bryant,39,34,fcs,fcs,,,False,-5,Duquesne
401328516,2021,6,Marist,Stetson,34,3,fcs,fcs,,,False,-31,Marist
401328501,2021,6,Butler,San Diego,21,52,fcs,fcs,,,False,31,San Diego
401328473,2021,6,Brown,Colgate,31,10,fcs,fcs,,,False,-21,Brown
401282652,2021,6,Duke,Georgia Tech,27,31,fbs,fbs,1299.0,1428.0,False,4,Georgia Tech
401335301,2021,6,Lafayette,Bucknell,27,0,fcs,fcs,,,False,-27,Lafayette
401328177,2021,6,Rhode Island,Delaware,22,15,fcs,fcs,,,False,-7,Rhode Island
401328241,2021,6,Central Connecticut,Columbia,20,22,fcs,fcs,,,False,2,Columbia
401328251,2021,6,Harvard,Cornell,24,10,fcs,fcs,,,False,-14,Harvard
401328271,2021,6,Pennsylvania,Lehigh,20,0,fcs,fcs,,,False,-20,Pennsylvania
401328147,2021,6,North Carolina A&T,North Alabama,38,34,fcs,fcs,,,False,-4,North Carolina A&T
401329693,2021,6,Lenoir-Rhyne,Tusculum,38,31,ii,ii,,,False,-7,Lenoir-Rhyne
401344441,2021,6,Bentley,Pace,26,0,ii,ii,,,False,-26,Bentley
401332311,2021,6,Fordham,Wagner,56,7,fcs,fcs,,,False,-49,Fordham
401332307,2021,6,St Francis (PA),Long Island University,55,10,fcs,fcs,,,False,-45,St Francis (PA)
401332051,2021,6,Monmouth,Princeton,28,31,fcs,fcs,,,False,3,Princeton
401328594,2021,6,Nicholls,Southeastern Louisiana,48,58,fcs,fcs,,,False,10,Southeastern Louisiana
401328522,2021,6,Presbyterian College,Morehead State,30,38,fcs,fcs,,,False,8,Morehead State
401328509,2021,6,Drake,Dayton,10,28,fcs,fcs,,,False,18,Dayton
401328340,2021,6,Indiana State,Western Illinois,37,27,fcs,fcs,,,False,-10,Indiana State
401328104,2021,6,Johnson C Smith,Winston-Salem,12,26,ii,ii,,,False,14,Winston-Salem
401328086,2021,6,Shaw,Fayetteville State,12,15,ii,ii,,,False,3,Fayetteville State
401327958,2021,6,Virginia Union,Lincoln (PA),32,0,ii,ii,,,False,-32,Virginia Union
401334763,2021,6,Concord,West Liberty,20,16,ii,ii,,,False,-4,Concord
401332386,2021,6,Bluefield,UFTL,23,9,ii,,,,False,-14,Bluefield
401331751,2021,6,Limestone,Wingate,17,35,ii,ii,,,False,18,Wingate
401329645,2021,6,Catawba,Carson-Newman,33,27,ii,ii,,,False,-6,Catawba
401329388,2021,6,Glenville State,Charleston (WV),9,20,ii,ii,,,False,11,Charleston (WV)
401329367,2021,6,Shippensburg,West Chester,34,18,ii,ii,,,False,-16,Shippensburg
401329360,2021,6,Lock Haven,Shepherd,21,75,ii,ii,,,False,54,Shepherd
401329176,2021,6,Concordia-St. Paul,Bemidji State,14,42,ii,ii,,,False,28,Bemidji State
401328994,2021,6,Shorter,West Alabama,7,44,ii,ii,,,False,37,West Alabama
401327919,2021,6,Chowan,Bowie State,3,14,ii,ii,,,False,11,Bowie State
401328927,2021,6,New Haven,St. Anselm,56,7,ii,ii,,,False,-49,New Haven
401328538,2021,6,VMI,Chattanooga,37,34,fcs,fcs,,,False,-3,VMI
401334777,2021,6,WV Wesleyan,West Virginia State,3,38,ii,ii,,,False,35,West Virginia State
401329655,2021,6,Mars Hill,Barton College,40,32,ii,ii,,,False,-8,Mars Hill
401328172,2021,6,Livingstone,St. Augustine's,21,7,ii,ii,,,False,-14,Livingstone
401328556,2021,6,Wofford,Furman,20,42,fcs,fcs,,,False,22,Furman
401328265,2021,6,Dartmouth,Yale,24,17,fcs,fcs,,,False,-7,Dartmouth
401329345,2021,6,Central Missouri State,Emporia State,45,38,ii,ii,,,False,-7,Central Missouri State
401329339,2021,6,South Dakota Mines,Fort Lewis,42,7,ii,ii,,,False,-35,South Dakota Mines
401329195,2021,6,Clarion,Indiana (PA),21,58,ii,ii,,,False,37,Indiana (PA)
401329184,2021,6,Bloomsburg,Kutztown,7,34,ii,ii,,,False,27,Kutztown
401329146,2021,6,Augustana (SD),Upper Iowa,37,20,ii,ii,,,False,-17,Augustana (SD)
401332027,2021,6,Fairmont State,Alderson-Broaddus,44,10,ii,ii,,,False,-34,Fairmont State
401329121,2021,6,Fort Valley State,Central State,35,14,ii,ii,,,False,-21,Fort Valley State
401329115,2021,6,Clark Atlanta,Allen,21,12,ii,ii,,,False,-9,Clark Atlanta
401329081,2021,6,Albany State (GA),Edward Waters,30,0,ii,ii,,,False,-30,Albany State (GA)
401328685,2021,6,Missouri S&T,Truman State,21,38,ii,ii,,,False,17,Truman State
401328610,2021,6,Lindenwood,Quincy,33,28,ii,ii,,,False,-5,Lindenwood
401328134,2021,6,Hampton,Kennesaw State,15,34,fcs,fcs,,,False,19,Kennesaw State
401329141,2021,6,Kentucky State,Lane,49,14,ii,ii,,,False,-35,Kentucky State
401332016,2021,6,Hillsdale,Walsh,20,3,ii,ii,,,False,-17,Hillsdale
401328291,2021,6,Delaware State,Virginia Lynchburg,56,6,fcs,,,,False,-50,Delaware State
401329495,2021,6,Minnesota State,Wayne State (NE),24,35,ii,ii,,,False,11,Wayne State (NE)
401329414,2021,6,Edinboro,Slippery Rock,13,49,ii,ii,,,False,36,Slippery Rock
401329409,2021,6,Washburn,Fort Hays State,23,20,ii,ii,,,False,-3,Washburn
401328368,2021,6,North Dakota State,Northern Iowa,34,20,fcs,fcs,,,False,-14,North Dakota State
401328355,2021,6,Youngstown State,Missouri State,41,33,fcs,fcs,,,False,-8,Youngstown State
401328320,2021,6,North Carolina Central,Tennessee Tech,16,27,fcs,fcs,,,False,11,Tennessee Tech
401328195,2021,6,James Madison,Villanova,27,28,fcs,fcs,,,False,1,Villanova
401328529,2021,6,St. Thomas (MN),Valparaiso,20,13,fcs,fcs,,,False,-7,St. Thomas (MN)
401329327,2021,6,Sacred Heart,Merrimack,20,10,fcs,fcs,,,False,-10,Sacred Heart
401282226,2021,6,Marshall,Old Dominion,20,13,fbs,fbs,1591.0,1212.0,False,-7,Marshall
401329428,2021,6,East Stroudsburg,Millersville,27,7,ii,ii,,,False,-20,East Stroudsburg
401329511,2021,6,Northwest Missouri State,Pittsburg State,20,19,ii,ii,,,False,-1,Northwest Missouri State
401328349,2021,6,Henderson State,East Central,59,24,ii,ii,,,False,-35,Henderson State
401328619,2021,6,Alabama State,Arkansas-Pine Bluff,35,15,fcs,fcs,,,False,-20,Alabama State
401328627,2021,6,Alcorn State,Grambling,24,20,fcs,fcs,,,False,-4,Alcorn State
401328668,2021,6,Alabama A&M,Jackson State,15,61,fcs,fcs,,,False,46,Jackson State
401328380,2021,6,South Dakota State,Southern Illinois,41,42,fcs,fcs,,,False,1,Southern Illinois
401328362,2021,6,South Dakota,North Dakota,20,13,fcs,fcs,,,False,-7,South Dakota
401328121,2021,6,Robert Morris,Charleston Southern,31,24,fcs,fcs,,,False,-7,Robert Morris
401328060,2021,6,Idaho State,UC Davis,27,17,fcs,fcs,,,False,-10,Idaho State
401328042,2021,6,Northern Colorado,Eastern Washington,17,63,fcs,fcs,,,False,46,Eastern Washington
401328007,2021,6,Sam Houston State,Lamar,41,7,fcs,fcs,,,False,-34,Sam Houston State
401327981,2021,6,Montana,Utah Tech,31,14,fcs,fcs,,,False,-17,Montana
401282653,2021,6,Louisville,Virginia,33,34,fbs,fbs,1529.0,1504.0,False,1,Virginia
401329470,2021,6,Nebraska-Kearney,Missouri Western,35,14,ii,ii,,,False,-21,Nebraska-Kearney
401329446,2021,6,Lincoln (MO),Missouri Southern State,32,52,ii,ii,,,False,20,Missouri Southern State
401329309,2021,6,Chadron State,Colorado State-Pueblo,17,42,ii,ii,,,False,25,Colorado State-Pueblo
401329299,2021,6,Black Hills State,Colorado Mines,20,41,ii,ii,,,False,21,Colorado Mines
401329128,2021,6,University of Mary,Minnesota-Duluth,27,31,ii,ii,,,False,4,Minnesota-Duluth
401329062,2021,6,Winona State,Northern State,49,52,ii,ii,,,False,3,Northern State
401329042,2021,6,Minot State,Minnesota St-Moorhead,17,29,ii,ii,,,False,12,Minnesota St-Moorhead
401329021,2021,6,Mississippi College,West Georgia,21,40,ii,ii,,,False,19,West Georgia
401328533,2021,6,Southwestern Oklahoma,Ouachita Baptist,10,30,ii,ii,,,False,20,Ouachita Baptist
401328393,2021,6,Harding,Southern Nazarene,49,10,ii,ii,,,False,-39,Harding
401328421,2021,6,UT Martin,Murray State,48,24,fcs,fcs,,,False,-24,UT Martin
401328281,2021,6,Arkansas Tech,Oklahoma Baptist,38,35,ii,ii,,,False,-3,Arkansas Tech
401329476,2021,6,Lake Erie College,Tiffin,17,35,ii,ii,,,False,18,Tiffin
401330264,2021,6,Western State,New Mexico Highlands,45,38,ii,ii,,,False,-7,Western State
401309563,2021,6,Western Michigan,Ball State,20,45,fbs,fbs,1511.0,1432.0,False,25,Ball State
401328495,2021,6,Southern Arkansas,Southeastern Oklahoma,24,38,ii,ii,,,False,14,Southeastern Oklahoma
401282718,2021,6,Illinois,Wisconsin,0,24,fbs,fbs,1360.0,1656.0,False,24,Wisconsin
401286191,2021,6,UMass,Connecticut,27,13,fbs,fbs,891.0,1034.0,False,-14,UMass
401282654,2021,6,North Carolina,Florida State,25,35,fbs,fbs,1727.0,1346.0,False,10,Florida State
401282229,2021,6,Liberty,Middle Tennessee,41,13,fbs,fbs,1654.0,1302.0,False,-28,Liberty
401301021,2021,6,Navy,SMU,24,31,fbs,fbs,1280.0,1587.0,False,7,SMU
401282097,2021,6,Auburn,Georgia,10,34,fbs,fbs,1724.0,2093.0,False,24,Georgia
401328571,2021,6,Western Carolina,Mercer,24,34,fcs,fcs,,,False,10,Mercer
401308836,2021,6,Eastern Michigan,Miami (OH),13,12,fbs,fbs,1453.0,1391.0,False,-1,Eastern Michigan
401310715,2021,6,Colorado State,San José State,32,14,fbs,fbs,1439.0,1412.0,False,-18,Colorado State
401328162,2021,6,William & Mary,Albany,31,24,fcs,fcs,,,False,-7,William & Mary
401309567,2021,6,Ohio,Central Michigan,27,30,fbs,fbs,1349.0,1358.0,False,3,Central Michigan
401309913,2021,6,BYU,Boise State,17,26,fbs,fbs,1788.0,1660.0,False,9,Boise State
401282225,2021,6,UAB,Florida Atlantic,31,14,fbs,fbs,1453.0,1593.0,False,-17,UAB
401282655,2021,6,Syracuse,Wake Forest,37,40,fbs,fbs,1422.0,1651.0,False,3,Wake Forest
401282101,2021,6,Missouri,North Texas,48,35,fbs,fbs,1386.0,1184.0,False,-13,Missouri
401309869,2021,6,Washington State,Oregon State,31,24,fbs,fbs,1457.0,1543.0,False,-7,Washington State
401282758,2021,6,Iowa,Penn State,23,20,fbs,fbs,1924.0,1804.0,False,-3,Iowa
401328000,2021,6,Jacksonville State,Stephen F. Austin,28,24,fcs,fcs,,,False,-4,Jacksonville State
401328032,2021,6,Montana State,Cal Poly,45,7,fcs,fcs,,,False,-38,Montana State
401328228,2021,6,Towson,Stony Brook,21,14,fcs,fcs,,,False,-7,Towson
401328407,2021,6,Austin Peay,Southeast Missouri State,14,30,fcs,fcs,,,False,16,Southeast Missouri State
401328642,2021,6,Bethune-Cookman,Mississippi Valley State,14,20,fcs,fcs,,,False,6,Mississippi Valley State
401332012,2021,6,Findlay,Kentucky Wesleyan,31,19,ii,ii,,,False,-12,Findlay
401328700,2021,6,William Jewell College,Southwest Baptist,10,55,ii,ii,,,False,45,Southwest Baptist
401329052,2021,6,Western Oregon,Central Washington,14,45,ii,ii,,,False,31,Central Washington
401328548,2021,6,East Tennessee State,The Citadel,48,21,fcs,fcs,,,False,-27,East Tennessee State
401328691,2021,6,Southern,Texas Southern,31,35,fcs,fcs,,,False,4,Texas Southern
401328051,2021,6,Idaho,Portland State,42,35,fcs,fcs,,,False,-7,Idaho
401328963,2021,6,Miles,Benedict College,21,24,ii,ii,,,False,3,Benedict College
401328979,2021,6,Texas A&M-Commerce,Saginaw Valley,17,20,ii,ii,,,False,3,Saginaw Valley
401328313,2021,6,Northwestern Oklahoma State,Arkansas-Monticello,23,42,ii,ii,,,False,19,Arkansas-Monticello
401329505,2021,6,Southwest Minnesota State,Sioux Falls,7,35,ii,ii,,,False,28,Sioux Falls
401327929,2021,6,Virginia State,Elizabeth City State,35,7,ii,ii,,,False,-28,Virginia State
401328652,2021,6,Indianapolis,McKendree,57,28,ii,ii,,,False,-29,Indianapolis
401301019,2021,6,UCF,East Carolina,20,16,fbs,fbs,1618.0,1479.0,False,-4,UCF
401328949,2021,6,Savannah State,Erskine,39,6,ii,ii,,,False,-33,Savannah State
401328956,2021,6,Wayne State (MI),Michigan Tech,27,30,ii,ii,,,False,3,Michigan Tech
401327992,2021,6,Eastern Kentucky,Abilene Christian,30,15,fcs,fcs,,,False,-15,Eastern Kentucky
401328325,2021,6,Florida A&M,South Carolina State,30,7,fcs,fcs,,,False,-23,Florida A&M
401328111,2021,6,Gardner-Webb,Campbell,28,42,fcs,fcs,,,False,14,Campbell
401309617,2021,6,Troy,Georgia Southern,27,24,fbs,fbs,1386.0,1442.0,False,-3,Troy
401282227,2021,6,Southern Mississippi,UTEP,13,26,fbs,fbs,1229.0,1243.0,False,13,UTEP
401309565,2021,6,Kent State,Buffalo,48,38,fbs,fbs,1333.0,1531.0,False,-10,Kent State
401310714,2021,6,Air Force,Wyoming,24,14,fbs,fbs,1690.0,1607.0,False,-10,Air Force
401328578,2021,6,Houston Christian,Northwestern State,17,21,fcs,fcs,,,False,4,Northwestern State
401282228,2021,6,Western Kentucky,UT San Antonio,46,52,fbs,fbs,1384.0,1474.0,False,6,UT San Antonio
401309619,2021,6,Texas State,South Alabama,33,31,fbs,fbs,1194.0,1339.0,False,-2,Texas State
401330254,2021,6,University of Texas of the Permian Basin,Lincoln University (CA),75,0,ii,,,,False,-75,University of Texas of the Permian Basin
401287919,2021,6,Texas Tech,TCU,31,52,fbs,fbs,1510.0,1630.0,False,21,TCU
401329012,2021,6,North Greenville,West Florida,10,52,ii,ii,,,False,42,West Florida
401328983,2021,6,Valdosta State,Delta State,55,0,ii,ii,,,False,-55,Valdosta State
401328940,2021,6,Grand Valley State,Northwood (MI),70,9,ii,ii,,,False,-61,Grand Valley State
401328717,2021,6,Ashland,Ohio Dominican,24,34,ii,ii,,,False,10,Ohio Dominican
401282656,2021,6,Virginia Tech,Notre Dame,29,32,fbs,fbs,1571.0,1818.0,False,3,Notre Dame
401282778,2021,6,Nebraska,Michigan,29,32,fbs,fbs,1729.0,1858.0,False,3,Michigan
401282099,2021,6,Kentucky,LSU,42,21,fbs,fbs,1614.0,1682.0,False,-21,Kentucky
401309871,2021,6,USC,Utah,26,42,fbs,fbs,1651.0,1639.0,False,16,Utah
401282103,2021,6,Texas A&M,Alabama,41,38,fbs,fbs,1755.0,2155.0,False,-3,Texas A&M
401309618,2021,6,Louisiana Monroe,Georgia State,21,55,fbs,fbs,1042.0,1263.0,False,34,Georgia State
401329028,2021,6,Colorado Mesa,Adams State,49,14,ii,ii,,,False,-35,Colorado Mesa
401329464,2021,6,Western New Mexico,Eastern New Mexico,47,50,ii,ii,,,False,3,Eastern New Mexico
401329124,2021,6,Tuskegee,Morehouse,15,31,ii,ii,,,False,16,Morehouse
401329109,2021,6,Midwestern State,Texas A&M-Kingsville,30,13,ii,ii,,,False,-17,Midwestern State
401329096,2021,6,West Texas A&M,Angelo State,31,15,ii,ii,,,False,-16,West Texas A&M
401301020,2021,6,Tulsa,Memphis,35,29,fbs,fbs,1410.0,1536.0,False,-6,Tulsa
401310716,2021,6,San Diego State,New Mexico,31,7,fbs,fbs,1615.0,1233.0,False,-24,San Diego State
401328096,2021,6,Sacramento State,Southern Utah,41,20,fcs,fcs,,,False,-21,Sacramento State
401309870,2021,6,Arizona,UCLA,16,34,fbs,fbs,1264.0,1594.0,False,18,UCLA
401310717,2021,6,Nevada,New Mexico State,55,28,fbs,fbs,1490.0,1146.0,False,-27,Nevada
401309620,2021,7,Louisiana,Appalachian State,41,13,fbs,fbs,1669.0,1700.0,False,-28,Louisiana
401328554,2021,7,Southern Nazarene,Southwestern Oklahoma,30,22,ii,ii,,,False,-8,Southern Nazarene
401309621,2021,7,South Alabama,Georgia Southern,41,14,fbs,fbs,1337.0,1440.0,False,-27,South Alabama
401301022,2021,7,Memphis,Navy,35,17,fbs,fbs,1522.0,1289.0,False,-18,Memphis
401328252,2021,7,Cornell,Colgate,34,20,fcs,fcs,,,False,-14,Cornell
401282657,2021,7,Syracuse,Clemson,14,17,fbs,fbs,1431.0,1871.0,False,3,Clemson
401282231,2021,7,North Texas,Marshall,21,49,fbs,fbs,1175.0,1581.0,False,28,Marshall
401328068,2021,7,Weber State,Montana State,7,13,fcs,fcs,,,False,6,Montana State
401310723,2021,7,San José State,San Diego State,13,19,fbs,fbs,1374.0,1635.0,False,6,San Diego State
401309872,2021,7,Oregon,California,24,17,fbs,fbs,1714.0,1422.0,False,-7,Oregon
401301023,2021,7,Cincinnati,UCF,56,21,fbs,fbs,1926.0,1617.0,False,-35,Cincinnati
401282108,2021,7,Missouri,Texas A&M,14,35,fbs,fbs,1395.0,1762.0,False,21,Texas A&M
401282796,2021,7,Minnesota,Nebraska,30,23,fbs,fbs,1603.0,1732.0,False,-7,Minnesota
401328510,2021,7,Dayton,Marist,17,20,fcs,fcs,,,False,3,Marist
401328200,2021,7,Maine,William & Mary,27,16,fcs,fcs,,,False,-11,Maine
401329328,2021,7,Long Island University,Merrimack,5,43,fcs,fcs,,,False,38,Merrimack
401301024,2021,7,South Florida,Tulsa,31,32,fbs,fbs,1155.0,1424.0,False,1,Tulsa
401286192,2021,7,Connecticut,Yale,21,15,fbs,fcs,839.0,1789.0,False,-6,Connecticut
401287924,2021,7,Texas,Oklahoma State,24,32,fbs,fbs,1882.0,1685.0,False,8,Oklahoma State
401332308,2021,7,Bryant,St Francis (PA),18,17,fcs,fcs,,,False,-1,Bryant
401328595,2021,7,Incarnate Word,Nicholls,38,21,fcs,fcs,,,False,-17,Incarnate Word
401309571,2021,7,Buffalo,Ohio,27,26,fbs,fbs,1499.0,1345.0,False,-1,Buffalo
401282731,2021,7,Indiana,Michigan State,15,20,fbs,fbs,1539.0,1612.0,False,5,Michigan State
401282106,2021,7,LSU,Florida,49,42,fbs,fbs,1625.0,1801.0,False,-7,LSU
401282104,2021,7,Arkansas,Auburn,23,38,fbs,fbs,1620.0,1702.0,False,15,Auburn
401282807,2021,7,Northwestern,Rutgers,21,7,fbs,fbs,1450.0,1445.0,False,-14,Northwestern
401328957,2021,7,Northern Michigan,Michigan Tech,14,21,ii,ii,,,False,7,Michigan Tech
401329422,2021,7,West Chester,East Stroudsburg,42,24,ii,ii,,,False,-18,West Chester
401331763,2021,7,Edinboro,Mercyhurst,20,27,ii,ii,,,False,7,Mercyhurst
401332013,2021,7,Ohio Dominican,Findlay,14,21,ii,ii,,,False,7,Findlay
401334764,2021,7,Charleston (WV),Concord,48,3,ii,ii,,,False,-45,Charleston (WV)
401328728,2021,7,Davenport,Wayne State (MI),3,16,ii,ii,,,False,13,Wayne State (MI)
401328928,2021,7,American International,New Haven,14,30,ii,ii,,,False,16,New Haven
401282660,2021,7,Virginia,Duke,48,0,fbs,fbs,1506.0,1301.0,False,-48,Virginia
401344144,2021,7,Brown,Princeton,42,56,fcs,fcs,,,False,14,Princeton
401332302,2021,7,Sacred Heart,Central Connecticut,27,17,fcs,fcs,,,False,-10,Sacred Heart
401328643,2021,7,Bethune-Cookman,Prairie View,29,35,fcs,fcs,,,False,6,Prairie View
401328381,2021,7,Western Illinois,South Dakota State,17,41,fcs,fcs,,,False,24,South Dakota State
401328207,2021,7,New Hampshire,Dartmouth,21,38,fcs,fcs,,,False,17,Dartmouth
401328112,2021,7,Campbell,Monmouth,17,34,fcs,fcs,,,False,17,Monmouth
401336485,2021,7,Fordham,Bucknell,66,21,fcs,fcs,,,False,-45,Fordham
401332322,2021,7,Stetson,St. Thomas (MN),7,38,fcs,fcs,,,False,31,St. Thomas (MN)
401335302,2021,7,Harvard,Lafayette,30,3,fcs,fcs,,,False,-27,Harvard
401328995,2021,7,Shorter,Mississippi College,7,20,ii,ii,,,False,13,Mississippi College
401329646,2021,7,Carson-Newman,Lenoir-Rhyne,0,59,ii,ii,,,False,59,Lenoir-Rhyne
401330259,2021,7,Stonehill,St. Anselm,31,22,ii,ii,,,False,-9,Stonehill
401332380,2021,7,Edward Waters,Kentucky State,36,76,ii,ii,,,False,40,Kentucky State
401334759,2021,7,Walsh,Kentucky Wesleyan,13,23,ii,ii,,,False,10,Kentucky Wesleyan
401334782,2021,7,Pace,Franklin Pierce,39,31,ii,ii,,,False,-8,Pace
401337472,2021,7,West Liberty,Fairmont State,52,31,ii,ii,,,False,-21,West Liberty
401329496,2021,7,Upper Iowa,Minnesota State,0,58,ii,ii,,,False,58,Minnesota State
401329135,2021,7,Central State,Tuskegee,0,29,ii,ii,,,False,29,Tuskegee
401328218,2021,7,Livingstone,Shaw,9,20,ii,ii,,,False,11,Shaw
401328718,2021,7,Tiffin,Ashland,27,21,ii,ii,,,False,-6,Tiffin
401329477,2021,7,Hillsdale,Lake Erie College,14,33,ii,ii,,,False,19,Lake Erie College
401329437,2021,7,Notre Dame College,WV Wesleyan,52,14,ii,ii,,,False,-38,Notre Dame College
401329389,2021,7,Alderson-Broaddus,Glenville State,21,35,ii,ii,,,False,14,Glenville State
401329205,2021,7,Slippery Rock,Indiana (PA),21,48,ii,ii,,,False,27,Indiana (PA)
401327920,2021,7,Bowie State,Virginia State,51,44,ii,ii,,,False,-7,Bowie State
401327930,2021,7,Lincoln (PA),Elizabeth City State,17,14,ii,ii,,,False,-3,Lincoln (PA)
401328020,2021,7,Chowan,Virginia Union,31,38,ii,ii,,,False,7,Virginia Union
401329177,2021,7,Minnesota-Duluth,Concordia-St. Paul,33,13,ii,ii,,,False,-20,Minnesota-Duluth
401328173,2021,7,Winston-Salem,St. Augustine's,41,0,ii,ii,,,False,-41,Winston-Salem
401329638,2021,7,Tusculum,UVA-Wise,37,21,ii,ii,,,False,-16,Tusculum
401328480,2021,7,Holy Cross,Georgetown,48,14,fcs,fcs,,,False,-34,Holy Cross
401328539,2021,7,Chattanooga,East Tennessee State,21,16,fcs,fcs,,,False,-5,Chattanooga
401328564,2021,7,Wofford,Samford,24,27,fcs,fcs,,,False,3,Samford
401328242,2021,7,Columbia,Pennsylvania,23,14,fcs,fcs,,,False,-9,Columbia
401328196,2021,7,Richmond,James Madison,3,19,fcs,fcs,,,False,16,James Madison
401328659,2021,7,Alabama A&M,Florida A&M,31,35,fcs,fcs,,,False,4,Florida A&M
401309568,2021,7,Eastern Michigan,Ball State,31,38,fbs,fbs,1452.0,1509.0,False,7,Ball State
401329315,2021,7,Fort Lewis,Colorado Mesa,3,55,ii,ii,,,False,52,Colorado Mesa
401328087,2021,7,Fayetteville State,Johnson C Smith,55,12,ii,ii,,,False,-43,Fayetteville State
401328686,2021,7,Missouri S&T,William Jewell College,37,16,ii,ii,,,False,-21,Missouri S&T
401328701,2021,7,Southwest Baptist,Truman State,27,21,ii,ii,,,False,-6,Southwest Baptist
401328975,2021,7,Saginaw Valley,Northwood (MI),31,13,ii,ii,,,False,-18,Saginaw Valley
401328984,2021,7,West Alabama,Valdosta State,17,42,ii,ii,,,False,25,Valdosta State
401329043,2021,7,Bemidji State,Minnesota St-Moorhead,22,19,ii,ii,,,False,-3,Bemidji State
401329063,2021,7,Winona State,Southwest Minnesota State,26,14,ii,ii,,,False,-12,Winona State
401329082,2021,7,Benedict College,Albany State (GA),6,28,ii,ii,,,False,22,Albany State (GA)
401329122,2021,7,Morehouse,Fort Valley State,51,3,ii,ii,,,False,-48,Morehouse
401329129,2021,7,Sioux Falls,University of Mary,34,14,ii,ii,,,False,-20,Sioux Falls
401329147,2021,7,Wayne State (NE),Augustana (SD),24,32,ii,ii,,,False,8,Augustana (SD)
401329185,2021,7,Bloomsburg,Lock Haven,44,0,ii,ii,,,False,-44,Bloomsburg
401329323,2021,7,Colorado Mines,South Dakota Mines,44,24,ii,ii,,,False,-20,Colorado Mines
401329361,2021,7,Millersville,Shepherd,13,38,ii,ii,,,False,25,Shepherd
401329399,2021,7,Emporia State,Nebraska-Kearney,35,42,ii,ii,,,False,7,Nebraska-Kearney
401329447,2021,7,Pittsburg State,Lincoln (MO),59,7,ii,ii,,,False,-52,Pittsburg State
401329512,2021,7,Washburn,Northwest Missouri State,17,16,ii,ii,,,False,-1,Washburn
401335304,2021,7,Frostburg State,Wheeling Jesuit,41,17,ii,ii,,,False,-24,Frostburg State
401344442,2021,7,Southern Connecticut State,Bentley,20,34,ii,ii,,,False,14,Bentley
401328305,2021,7,Norfolk State,Virginia Lynchburg,42,14,fcs,,,,False,-28,Norfolk State
401308837,2021,7,Miami (OH),Akron,34,21,fbs,fbs,1392.0,997.0,False,-13,Miami (OH)
401328043,2021,7,Eastern Washington,Idaho,71,21,fcs,fcs,,,False,-50,Eastern Washington
401328636,2021,7,Arkansas-Pine Bluff,Southern,7,34,fcs,fcs,,,False,27,Southern
401328071,2021,7,Montana,Sacramento State,21,28,fcs,fcs,,,False,7,Sacramento State
401309622,2021,7,Texas State,Troy,28,31,fbs,fbs,1196.0,1388.0,False,3,Troy
401328341,2021,7,Missouri State,Indiana State,37,7,fcs,fcs,,,False,-30,Missouri State
401328331,2021,7,Illinois State,North Dakota State,0,20,fcs,fcs,,,False,20,North Dakota State
401328363,2021,7,Southern Illinois,North Dakota,31,28,fcs,fcs,,,False,-3,Southern Illinois
401328416,2021,7,Eastern Illinois,UT Martin,17,28,fcs,fcs,,,False,11,UT Martin
401328422,2021,7,Southeast Missouri State,Murray State,31,32,fcs,fcs,,,False,1,Murray State
401328430,2021,7,Tennessee State,Tennessee Tech,20,13,fcs,fcs,,,False,-7,Tennessee State
401328502,2021,7,Morehead State,Butler,31,8,fcs,fcs,,,False,-23,Morehead State
401328620,2021,7,Jackson State,Alabama State,28,7,fcs,fcs,,,False,-21,Jackson State
401328665,2021,7,Grambling,Texas Southern,34,20,fcs,fcs,,,False,-14,Grambling
401348541,2021,7,MONTANASTN,Simon Fraser,3,30,,ii,,,False,27,Simon Fraser
401329013,2021,7,Delta State,North Greenville,34,42,ii,ii,,,False,8,North Greenville
401329029,2021,7,Adams State,Chadron State,35,45,ii,ii,,,False,10,Chadron State
401329300,2021,7,Western State,Black Hills State,44,28,ii,ii,,,False,-16,Western State
401328950,2021,7,Savannah State,Clark Atlanta,49,14,ii,ii,,,False,-35,Savannah State
401328455,2021,7,Southeastern Oklahoma,Northwestern Oklahoma State,43,10,ii,ii,,,False,-33,Southeastern Oklahoma
401328394,2021,7,Henderson State,Harding,21,46,ii,ii,,,False,25,Harding
401328314,2021,7,Arkansas-Monticello,Ouachita Baptist,0,34,ii,ii,,,False,34,Ouachita Baptist
401328282,2021,7,Southern Arkansas,Arkansas Tech,34,17,ii,ii,,,False,-17,Southern Arkansas
401329334,2021,7,New Mexico Highlands,Colorado State-Pueblo,28,21,ii,ii,,,False,-7,New Mexico Highlands
401328964,2021,7,Lane,Miles,31,34,ii,ii,,,False,3,Miles
401287920,2021,7,Baylor,BYU,38,24,fbs,fbs,1637.0,1759.0,False,-14,Baylor
401282232,2021,7,Old Dominion,Western Kentucky,20,43,fbs,fbs,1222.0,1380.0,False,23,Western Kentucky
401310721,2021,7,Wyoming,Fresno State,0,17,fbs,fbs,1596.0,1558.0,False,17,Fresno State
401309875,2021,7,Colorado,Arizona,34,0,fbs,fbs,1334.0,1253.0,False,-34,Colorado
401309572,2021,7,Western Michigan,Kent State,64,31,fbs,fbs,1434.0,1365.0,False,-33,Western Michigan
401309570,2021,7,Northern Illinois,Bowling Green,34,26,fbs,fbs,1251.0,1031.0,False,-8,Northern Illinois
401309569,2021,7,Central Michigan,Toledo,26,23,fbs,fbs,1362.0,1455.0,False,-3,Central Michigan
401282659,2021,7,North Carolina,Miami,45,42,fbs,fbs,1669.0,1518.0,False,-3,North Carolina
401328163,2021,7,Albany,Villanova,10,17,fcs,fcs,,,False,7,Villanova
401328178,2021,7,Stony Brook,Delaware,34,17,fcs,fcs,,,False,-17,Stony Brook
401328300,2021,7,South Carolina State,Morgan State,37,14,fcs,fcs,,,False,-23,South Carolina State
401282234,2021,7,Southern Mississippi,UAB,0,34,fbs,fbs,1201.0,1504.0,False,34,UAB
401282661,2021,7,Virginia Tech,Pittsburgh,7,28,fbs,fbs,1581.0,1675.0,False,21,Pittsburgh
401282760,2021,7,Iowa,Purdue,7,24,fbs,fbs,1923.0,1555.0,False,17,Purdue
401282105,2021,7,Georgia,Kentucky,30,13,fbs,fbs,2115.0,1671.0,False,-17,Georgia
401328628,2021,7,Mississippi Valley State,Alcorn State,12,24,fcs,fcs,,,False,12,Alcorn State
401328077,2021,7,Northern Arizona,Southern Utah,59,35,fcs,fcs,,,False,-24,Northern Arizona
401282109,2021,7,South Carolina,Vanderbilt,21,20,fbs,fbs,1361.0,1083.0,False,-1,South Carolina
401328589,2021,7,Northwestern State,McNeese,17,35,fcs,fcs,,,False,18,McNeese
401328008,2021,7,Abilene Christian,Lamar,24,17,fcs,fcs,,,False,-7,Abilene Christian
401287921,2021,7,Kansas,Texas Tech,14,41,fbs,fbs,1005.0,1470.0,False,27,Texas Tech
401328568,2021,7,Mercer,VMI,7,45,fcs,fcs,,,False,38,VMI
401328213,2021,7,Towson,Rhode Island,28,7,fcs,fcs,,,False,-21,Towson
401329354,2021,7,Seton Hill College,Gannon,10,14,ii,ii,,,False,4,Gannon
401328653,2021,7,Quincy,McKendree,48,51,ii,ii,,,False,3,McKendree
401329656,2021,7,Limestone,Mars Hill,3,32,ii,ii,,,False,29,Mars Hill
401332387,2021,7,Erskine,Bluefield,24,19,ii,ii,,,False,-5,Erskine
401329346,2021,7,Missouri Southern State,Central Missouri State,30,28,ii,ii,,,False,-2,Missouri Southern State
401331760,2021,7,Newberry,Catawba,14,7,ii,ii,,,False,-7,Newberry
401329471,2021,7,Missouri Western,Northeastern State,57,24,ii,ii,,,False,-33,Missouri Western
401329036,2021,7,West Florida,West Georgia,26,30,ii,ii,,,False,4,West Georgia
401329156,2021,7,Texas A&M-Commerce,Western New Mexico,58,0,ii,ii,,,False,-58,Texas A&M-Commerce
401327971,2021,7,Central Arkansas,Eastern Kentucky,35,38,fcs,fcs,,,False,3,Eastern Kentucky
401328061,2021,7,Portland State,Idaho State,31,10,fcs,fcs,,,False,-21,Portland State
401332316,2021,7,San Diego,Drake,13,10,fcs,fcs,,,False,-3,San Diego
401328140,2021,7,Kennesaw State,North Carolina A&T,14,0,fcs,fcs,,,False,-14,Kennesaw State
401328374,2021,7,Northern Iowa,South Dakota,21,34,fcs,fcs,,,False,13,South Dakota
401328579,2021,7,Southeastern Louisiana,Houston Christian,61,24,fcs,fcs,,,False,-37,Southeastern Louisiana
401329234,2021,7,Kutztown,Shippensburg,20,3,ii,ii,,,False,-17,Kutztown
401334772,2021,7,West Virginia State,UNC Pembroke,13,14,ii,ii,,,False,1,UNC Pembroke
401328611,2021,7,Indianapolis,Lindenwood,20,28,ii,ii,,,False,8,Lindenwood
401331752,2021,7,Barton College,Wingate,26,20,ii,ii,,,False,-6,Barton College
401328122,2021,7,Charleston Southern,Hampton,35,5,fcs,fcs,,,False,-30,Charleston Southern
401328549,2021,7,Furman,The Citadel,24,14,fcs,fcs,,,False,-10,Furman
401282233,2021,7,UT San Antonio,Rice,45,0,fbs,fbs,1478.0,1182.0,False,-45,UT San Antonio
401310719,2021,7,New Mexico,Colorado State,7,36,fbs,fbs,1213.0,1477.0,False,29,Colorado State
401286296,2021,7,Louisiana Monroe,Liberty,31,28,fbs,fbs,973.0,1688.0,False,-3,Louisiana Monroe
401310720,2021,7,UNLV,Utah State,24,28,fbs,fbs,1183.0,1345.0,False,4,Utah State
401282107,2021,7,Mississippi State,Alabama,9,49,fbs,fbs,1568.0,2148.0,False,40,Alabama
401337369,2021,7,Davidson,Presbyterian College,70,35,fcs,fcs,,,False,-35,Davidson
401328148,2021,7,North Alabama,Robert Morris,42,31,fcs,fcs,,,False,-11,North Alabama
401328771,2021,7,Grand Valley State,Ferris State,28,35,ii,ii,,,False,7,Ferris State
401328350,2021,7,East Central,Oklahoma Baptist,20,47,ii,ii,,,False,27,Oklahoma Baptist
401329073,2021,7,Northern State,Minot State,36,35,ii,ii,,,False,-1,Northern State
401329097,2021,7,Angelo State,University of Texas of the Permian Basin,34,14,ii,ii,,,False,-20,Angelo State
401287922,2021,7,Kansas State,Iowa State,20,33,fbs,fbs,1548.0,1890.0,False,13,Iowa State
401282110,2021,7,Tennessee,Ole Miss,26,31,fbs,fbs,1639.0,1726.0,False,5,Ole Miss
401282658,2021,7,Boston College,NC State,7,33,fbs,fbs,1546.0,1558.0,False,26,NC State
401287923,2021,7,Oklahoma,TCU,52,31,fbs,fbs,1859.0,1670.0,False,-21,Oklahoma
401309873,2021,7,Washington State,Stanford,34,31,fbs,fbs,1472.0,1504.0,False,-3,Washington State
401282826,2021,7,Wisconsin,Army,20,14,fbs,fbs,1686.0,1599.0,False,-6,Wisconsin
401328081,2021,7,UC Davis,Northern Colorado,32,3,fcs,fcs,,,False,-29,UC Davis
401329453,2021,7,Eastern New Mexico,West Texas A&M,24,44,ii,ii,,,False,20,West Texas A&M
401329380,2021,7,Fort Hays State,Central Oklahoma,14,24,ii,ii,,,False,10,Central Oklahoma
401330251,2021,7,Texas A&M-Kingsville,Lincoln University (CA),51,21,ii,,,,False,-30,Texas A&M-Kingsville
401309874,2021,7,Washington,UCLA,17,24,fbs,fbs,1711.0,1605.0,False,7,UCLA
401282230,2021,7,UTEP,Louisiana Tech,19,3,fbs,fbs,1271.0,1353.0,False,-16,UTEP
401327982,2021,7,Utah Tech,Tarleton State,20,41,fcs,fcs,,,False,21,Tarleton State
401310718,2021,7,Boise State,Air Force,17,24,fbs,fbs,1689.0,1701.0,False,7,Air Force
401309876,2021,7,Utah,Arizona State,35,21,fbs,fbs,1678.0,1750.0,False,-14,Utah
401310722,2021,7,Nevada,Hawai'i,34,17,fbs,fbs,1522.0,1381.0,False,-17,Nevada
401309623,2021,8,Appalachian State,Coastal Carolina,30,27,fbs,fbs,1623.0,1819.0,False,-3,Appalachian State
401282235,2021,8,Charlotte,Florida Atlantic,9,38,fbs,fbs,1337.0,1542.0,False,29,Florida Atlantic
401309624,2021,8,Arkansas State,Louisiana,27,28,fbs,fbs,1188.0,1746.0,False,1,Louisiana
401301025,2021,8,SMU,Tulane,55,26,fbs,fbs,1578.0,1393.0,False,-29,SMU
401310729,2021,8,UNLV,San José State,20,27,fbs,fbs,1187.0,1382.0,False,7,San José State
401328243,2021,8,Dartmouth,Columbia,0,19,fcs,fcs,,,False,19,Columbia
401282239,2021,8,Connecticut,Middle Tennessee,13,44,fbs,fbs,993.0,1268.0,False,31,Middle Tennessee
401301026,2021,8,UCF,Memphis,24,7,fbs,fbs,1558.0,1540.0,False,-17,UCF
401310725,2021,8,Utah State,Colorado State,26,24,fbs,fbs,1341.0,1525.0,False,-2,Utah State
401309877,2021,8,Arizona,Washington,16,21,fbs,fbs,1169.0,1689.0,False,5,Washington
401282662,2021,8,Army,Wake Forest,56,70,fbs,fbs,1596.0,1642.0,False,14,Wake Forest
401282779,2021,8,Michigan,Northwestern,33,7,fbs,fbs,1855.0,1478.0,False,-26,Michigan
401282717,2021,8,Penn State,Illinois,18,20,fbs,fbs,1805.0,1330.0,False,2,Illinois
401282663,2021,8,Florida State,UMass,59,3,fbs,fbs,1404.0,932.0,False,-56,Florida State
401282112,2021,8,Arkansas,Arkansas-Pine Bluff,45,3,fbs,fcs,1487.0,,False,-42,Arkansas
401333440,2021,8,Central Connecticut,Long Island University,13,30,fcs,fcs,,,False,17,Long Island University
401332312,2021,8,Wagner,Bryant,10,31,fcs,fcs,,,False,21,Bryant
401332294,2021,8,Sacred Heart,Duquesne,31,13,fcs,fcs,,,False,-18,Sacred Heart
401287928,2021,8,Texas Tech,Kansas State,24,25,fbs,fbs,1491.0,1549.0,False,1,Kansas State
401301027,2021,8,Navy,Cincinnati,20,27,fbs,fbs,1271.0,1985.0,False,7,Cincinnati
401287926,2021,8,Kansas,Oklahoma,23,35,fbs,fbs,984.0,1889.0,False,12,Oklahoma
401328272,2021,8,Yale,Pennsylvania,42,28,fcs,fcs,,,False,-14,Yale
401328517,2021,8,Marist,Morehead State,24,27,fcs,fcs,,,False,3,Morehead State
401331764,2021,8,Gannon,Edinboro,21,18,ii,ii,,,False,-3,Gannon
401332014,2021,8,Findlay,Hillsdale,29,34,ii,ii,,,False,5,Hillsdale
401341489,2021,8,Ohio Dominican,Walsh,56,17,ii,ii,,,False,-39,Ohio Dominican
401309577,2021,8,Central Michigan,Northern Illinois,38,39,fbs,fbs,1364.0,1250.0,False,1,Northern Illinois
401309574,2021,8,Bowling Green,Eastern Michigan,24,55,fbs,fbs,1032.0,1443.0,False,31,Eastern Michigan
401329197,2021,8,Clarion,Seton Hill College,0,49,ii,ii,,,False,49,Seton Hill College
401329362,2021,8,Shepherd,West Chester,42,38,ii,ii,,,False,-4,Shepherd
401329415,2021,8,Mercyhurst,Slippery Rock,17,20,ii,ii,,,False,3,Slippery Rock
401329483,2021,8,Kentucky Wesleyan,Tiffin,28,34,ii,ii,,,False,6,Tiffin
401329639,2021,8,UVA-Wise,Wingate,21,48,ii,ii,,,False,27,Wingate
401329690,2021,8,Minot State,Upper Iowa,17,14,ii,ii,,,False,-3,Minot State
401282668,2021,8,Virginia Tech,Syracuse,36,41,fbs,fbs,1538.0,1451.0,False,5,Syracuse
401328301,2021,8,Morgan State,North Carolina Central,17,28,fcs,fcs,,,False,11,North Carolina Central
401344316,2021,8,Princeton,Harvard,18,16,fcs,fcs,,,False,-2,Princeton
401336487,2021,8,Fordham,Lehigh,35,28,fcs,fcs,,,False,-7,Fordham
401334822,2021,8,Presbyterian College,San Diego,28,69,fcs,fcs,,,False,41,San Diego
401332317,2021,8,Drake,Stetson,0,1,fcs,fcs,,,False,1,Stetson
401328590,2021,8,McNeese,Incarnate Word,28,20,fcs,fcs,,,False,-8,McNeese
401328540,2021,8,Samford,Chattanooga,13,55,fcs,fcs,,,False,42,Chattanooga
401328511,2021,8,Valparaiso,Dayton,45,28,fcs,fcs,,,False,-17,Valparaiso
401328503,2021,8,Butler,Davidson,35,49,fcs,fcs,,,False,14,Davidson
401328481,2021,8,Bucknell,Georgetown,21,29,fcs,fcs,,,False,8,Georgetown
401328342,2021,8,Indiana State,Youngstown State,28,17,fcs,fcs,,,False,-11,Indiana State
401328306,2021,8,Howard,Norfolk State,31,45,fcs,fcs,,,False,14,Norfolk State
401328253,2021,8,Cornell,Brown,45,49,fcs,fcs,,,False,4,Brown
401328187,2021,8,Elon,New Hampshire,24,10,fcs,fcs,,,False,-14,Elon
401328164,2021,8,Albany,Maine,16,19,fcs,fcs,,,False,3,Maine
401328941,2021,8,Northern Michigan,Grand Valley State,24,28,ii,ii,,,False,4,Grand Valley State
401309576,2021,8,Ohio,Kent State,27,34,fbs,fbs,1349.0,1283.0,False,7,Kent State
401347696,2021,8,Assumption,American International,42,21,ii,ii,,,False,-21,Assumption
401329074,2021,8,Concordia-St. Paul,Northern State,17,38,ii,ii,,,False,21,Northern State
401329044,2021,8,Minnesota St-Moorhead,University of Mary,35,31,ii,ii,,,False,-4,Minnesota St-Moorhead
401328965,2021,8,Kentucky State,Miles,21,28,ii,ii,,,False,7,Miles
401328088,2021,8,St. Augustine's,Fayetteville State,12,40,ii,ii,,,False,28,Fayetteville State
401328105,2021,8,Shaw,Johnson C Smith,20,14,ii,ii,,,False,-6,Shaw
401328261,2021,8,Winston-Salem,Livingstone,21,0,ii,ii,,,False,-21,Winston-Salem
401327921,2021,8,Virginia Union,Bowie State,7,27,ii,ii,,,False,20,Bowie State
401328719,2021,8,Ashland,Lake Erie College,42,41,ii,ii,,,False,-1,Ashland
401328729,2021,8,Northwood (MI),Davenport,14,21,ii,ii,,,False,7,Davenport
401329368,2021,8,Shippensburg,Millersville,38,7,ii,ii,,,False,-31,Shippensburg
401329657,2021,8,Mars Hill,Catawba,31,14,ii,ii,,,False,-17,Mars Hill
401332028,2021,8,WV Wesleyan,Alderson-Broaddus,20,49,ii,ii,,,False,29,Alderson-Broaddus
401334765,2021,8,Concord,West Virginia State,32,34,ii,ii,,,False,2,West Virginia State
401334783,2021,8,Franklin Pierce,Southern Connecticut State,24,43,ii,ii,,,False,19,Southern Connecticut State
401335305,2021,8,Wheeling Jesuit,West Liberty,26,20,ii,ii,,,False,-6,Wheeling Jesuit
401341942,2021,8,Fairmont State,Frostburg State,14,49,ii,ii,,,False,35,Frostburg State
401328772,2021,8,Michigan Tech,Ferris State,10,38,ii,ii,,,False,28,Ferris State
401328929,2021,8,Stonehill,New Haven,20,42,ii,ii,,,False,22,New Haven
401329186,2021,8,East Stroudsburg,Bloomsburg,35,14,ii,ii,,,False,-21,East Stroudsburg
401327931,2021,8,Elizabeth City State,Chowan,32,28,ii,ii,,,False,-4,Elizabeth City State
401329390,2021,8,Glenville State,Notre Dame College,14,34,ii,ii,,,False,20,Notre Dame College
401328128,2021,8,Gardner-Webb,Robert Morris,28,17,fcs,fcs,,,False,-11,Gardner-Webb
401328557,2021,8,Furman,East Tennessee State,13,17,fcs,fcs,,,False,4,East Tennessee State
401328644,2021,8,Jackson State,Bethune-Cookman,42,12,fcs,fcs,,,False,-30,Jackson State
401334773,2021,8,UNC Pembroke,Charleston (WV),21,14,ii,ii,,,False,-7,UNC Pembroke
401332384,2021,8,Tusculum,Barton College,41,17,ii,ii,,,False,-24,Tusculum
401330260,2021,8,St. Anselm,Pace,24,16,ii,ii,,,False,-8,St. Anselm
401329710,2021,8,Quincy,Indianapolis,21,70,ii,ii,,,False,49,Indianapolis
401329694,2021,8,Lenoir-Rhyne,Limestone,45,3,ii,ii,,,False,-42,Lenoir-Rhyne
401329501,2021,8,Northeastern State,Northwest Missouri State,7,59,ii,ii,,,False,52,Northwest Missouri State
401329465,2021,8,Western New Mexico,Texas A&M-Kingsville,19,28,ii,ii,,,False,9,Texas A&M-Kingsville
401329352,2021,8,South Dakota Mines,Western State,21,42,ii,ii,,,False,21,Western State
401329310,2021,8,Chadron State,Fort Lewis,60,7,ii,ii,,,False,-53,Chadron State
401328135,2021,8,Hampton,North Carolina A&T,30,9,fcs,fcs,,,False,-21,Hampton
401328292,2021,8,Delaware State,South Carolina State,7,13,fcs,fcs,,,False,6,South Carolina State
401328332,2021,8,South Dakota,Illinois State,14,20,fcs,fcs,,,False,6,Illinois State
401328550,2021,8,The Citadel,Western Carolina,31,45,fcs,fcs,,,False,14,Western Carolina
401329064,2021,8,Sioux Falls,Winona State,10,14,ii,ii,,,False,4,Winona State
401328951,2021,8,Albany State (GA),Savannah State,30,0,ii,ii,,,False,-30,Albany State (GA)
401329089,2021,8,Benedict College,Morehouse,5,20,ii,ii,,,False,15,Morehouse
401329235,2021,8,Lock Haven,Kutztown,15,32,ii,ii,,,False,17,Kutztown
401329206,2021,8,Indiana (PA),California (PA),34,38,ii,ii,,,False,4,California (PA)
401329148,2021,8,Minnesota State,Augustana (SD),35,45,ii,ii,,,False,10,Augustana (SD)
401329142,2021,8,Tuskegee,Lane,17,21,ii,ii,,,False,4,Lane
401329136,2021,8,Edward Waters,Central State,56,19,ii,ii,,,False,-37,Edward Waters
401329116,2021,8,Fort Valley State,Clark Atlanta,40,7,ii,ii,,,False,-33,Fort Valley State
401328612,2021,8,Lindenwood,Southwest Baptist,48,24,ii,ii,,,False,-24,Lindenwood
401309625,2021,8,Georgia State,Texas State,28,16,fbs,fbs,1332.0,1203.0,False,-12,Georgia State
401327959,2021,8,Virginia State,Lincoln (PA),23,3,ii,ii,,,False,-20,Virginia State
401328654,2021,8,McKendree,Missouri S&T,31,37,ii,ii,,,False,6,Missouri S&T
401328534,2021,8,Ouachita Baptist,Southern Arkansas,42,7,ii,ii,,,False,-35,Ouachita Baptist
401328461,2021,8,Tennessee Tech,Virginia Lynchburg,56,13,fcs,,,,False,-43,Tennessee Tech
401329347,2021,8,Central Missouri State,Fort Hays State,17,21,ii,ii,,,False,4,Fort Hays State
401328417,2021,8,Eastern Illinois,Tennessee State,0,28,fcs,fcs,,,False,28,Tennessee State
401328465,2021,8,UT Martin,Southeast Missouri State,38,30,fcs,fcs,,,False,-8,UT Martin
401282821,2021,8,Purdue,Wisconsin,13,30,fbs,fbs,1639.0,1689.0,False,17,Wisconsin
401329400,2021,8,Emporia State,Missouri Southern State,24,21,ii,ii,,,False,-3,Emporia State
401329381,2021,8,Central Oklahoma,Washburn,17,29,ii,ii,,,False,12,Washburn
401329316,2021,8,Colorado Mesa,Colorado Mines,26,21,ii,ii,,,False,-5,Colorado Mesa
401329301,2021,8,Black Hills State,New Mexico Highlands,10,24,ii,ii,,,False,14,New Mexico Highlands
401328985,2021,8,Mississippi College,Valdosta State,14,41,ii,ii,,,False,27,Valdosta State
401328001,2021,8,Sam Houston State,Jacksonville State,42,7,fcs,fcs,,,False,-35,Sam Houston State
401328062,2021,8,Montana State,Idaho State,27,9,fcs,fcs,,,False,-18,Montana State
401328123,2021,8,North Alabama,Charleston Southern,45,22,fcs,fcs,,,False,-23,North Alabama
401328179,2021,8,Delaware,James Madison,10,22,fcs,fcs,,,False,12,James Madison
401328980,2021,8,Saginaw Valley,Wayne State (MI),41,25,ii,ii,,,False,-16,Saginaw Valley
401328710,2021,8,Truman State,William Jewell College,52,0,ii,ii,,,False,-52,Truman State
401328351,2021,8,Southwestern Oklahoma,East Central,34,44,ii,ii,,,False,10,East Central
401328283,2021,8,Arkansas Tech,Henderson State,38,41,ii,ii,,,False,3,Henderson State
401328364,2021,8,North Dakota,Western Illinois,34,10,fcs,fcs,,,False,-24,North Dakota
401328375,2021,8,South Dakota State,Northern Iowa,17,26,fcs,fcs,,,False,9,Northern Iowa
401328408,2021,8,Murray State,Austin Peay,6,47,fcs,fcs,,,False,41,Austin Peay
401333046,2021,8,Minnesota-Duluth,Bemidji State,35,42,ii,ii,,,False,7,Bemidji State
401328214,2021,8,Villanova,Rhode Island,44,0,fcs,fcs,,,False,-44,Villanova
401328356,2021,8,North Dakota State,Missouri State,27,20,fcs,fcs,,,False,-7,North Dakota State
401328232,2021,8,William & Mary,Towson,40,14,fcs,fcs,,,False,-26,William & Mary
401328223,2021,8,Stony Brook,Richmond,27,14,fcs,fcs,,,False,-13,Stony Brook
401308838,2021,8,Ball State,Miami (OH),17,24,fbs,fbs,1518.0,1387.0,False,7,Miami (OH)
401309573,2021,8,Toledo,Western Michigan,34,15,fbs,fbs,1453.0,1516.0,False,-19,Toledo
401282113,2021,8,Ole Miss,LSU,31,17,fbs,fbs,1729.0,1645.0,False,-14,Ole Miss
401282666,2021,8,Pittsburgh,Clemson,27,17,fbs,fbs,1718.0,1851.0,False,-10,Pittsburgh
401287925,2021,8,Iowa State,Oklahoma State,24,21,fbs,fbs,1889.0,1718.0,False,-3,Iowa State
401282238,2021,8,UAB,Rice,24,30,fbs,fbs,1563.0,1089.0,False,6,Rice
401282767,2021,8,Minnesota,Maryland,34,16,fbs,fbs,1620.0,1326.0,False,-18,Minnesota
401309878,2021,8,California,Colorado,26,3,fbs,fbs,1428.0,1418.0,False,-23,California
401309575,2021,8,Akron,Buffalo,10,45,fbs,fbs,1002.0,1495.0,False,35,Buffalo
401309881,2021,8,Washington State,BYU,19,21,fbs,fbs,1473.0,1720.0,False,2,BYU
401310726,2021,8,Wyoming,New Mexico,3,14,fbs,fbs,1551.0,1165.0,False,11,New Mexico
401309879,2021,8,UCLA,Oregon,31,34,fbs,fbs,1627.0,1708.0,False,3,Oregon
401328660,2021,8,Mississippi Valley State,Florida A&M,28,31,fcs,fcs,,,False,3,Florida A&M
401328315,2021,8,Harding,Arkansas-Monticello,64,7,ii,ii,,,False,-57,Harding
401329030,2021,8,Colorado State-Pueblo,Adams State,35,28,ii,ii,,,False,-7,Colorado State-Pueblo
401329647,2021,8,Newberry,Carson-Newman,34,3,ii,ii,,,False,-31,Newberry
401282115,2021,8,Vanderbilt,Mississippi State,6,45,fbs,fbs,1091.0,1524.0,False,39,Mississippi State
401282240,2021,8,North Texas,Liberty,26,35,fbs,fbs,1146.0,1676.0,False,9,Liberty
401282664,2021,8,Louisville,Boston College,28,14,fbs,fbs,1527.0,1477.0,False,-14,Louisville
401341493,2021,8,Erskine,Allen,47,40,ii,ii,,,False,-7,Erskine
401301028,2021,8,Houston,East Carolina,31,24,fbs,fbs,1669.0,1480.0,False,-7,Houston
401328044,2021,8,Eastern Washington,Weber State,34,35,fcs,fcs,,,False,1,Weber State
401328113,2021,8,Campbell,Kennesaw State,7,30,fcs,fcs,,,False,23,Kennesaw State
401328602,2021,8,Northwestern State,Southeastern Louisiana,14,51,fcs,fcs,,,False,37,Southeastern Louisiana
401329472,2021,8,Missouri Western,Pittsburg State,14,34,ii,ii,,,False,20,Pittsburg State
401329004,2021,8,West Alabama,Delta State,30,35,ii,ii,,,False,5,Delta State
401328474,2021,8,Holy Cross,Colgate,42,10,fcs,fcs,,,False,-32,Holy Cross
401329687,2021,8,Southwest Minnesota State,Wayne State (NE),16,38,ii,ii,,,False,22,Wayne State (NE)
401329014,2021,8,West Georgia,North Greenville,34,12,ii,ii,,,False,-22,West Georgia
401328575,2021,8,Mercer,Wofford,45,14,fcs,fcs,,,False,-31,Mercer
401327972,2021,8,Lamar,Central Arkansas,38,49,fcs,fcs,,,False,11,Central Arkansas
401282111,2021,8,Alabama,Tennessee,52,24,fbs,fbs,2192.0,1636.0,False,-28,Alabama
401301029,2021,8,South Florida,Temple,34,14,fbs,fbs,1166.0,1126.0,False,-20,South Florida
401330248,2021,8,University of Texas of the Permian Basin,Eastern New Mexico,44,21,ii,ii,,,False,-23,University of Texas of the Permian Basin
401329157,2021,8,West Texas A&M,Texas A&M-Commerce,3,15,ii,ii,,,False,12,Texas A&M-Commerce
401329098,2021,8,Angelo State,Simon Fraser,51,10,ii,ii,,,False,-41,Angelo State
401328468,2021,8,Oklahoma Baptist,Southeastern Oklahoma,43,37,ii,ii,,,False,-6,Oklahoma Baptist
401328580,2021,8,Houston Christian,Nicholls,14,44,fcs,fcs,,,False,30,Nicholls
401328680,2021,8,Southern,Prairie View,21,48,fcs,fcs,,,False,27,Prairie View
401282236,2021,8,Florida International,Western Kentucky,19,34,fbs,fbs,1193.0,1422.0,False,15,Western Kentucky
401282237,2021,8,Louisiana Tech,UT San Antonio,16,45,fbs,fbs,1311.0,1571.0,False,29,UT San Antonio
401328026,2021,8,Tarleton State,Midwestern State,17,14,fcs,ii,,,False,-3,Tarleton State
401310727,2021,8,Fresno State,Nevada,34,32,fbs,fbs,1603.0,1546.0,False,-2,Fresno State
401310724,2021,8,Air Force,San Diego State,14,20,fbs,fbs,1713.0,1627.0,False,6,San Diego State
401309626,2021,8,Louisiana Monroe,South Alabama,41,31,fbs,fbs,985.0,1420.0,False,-10,Louisiana Monroe
401309880,2021,8,Oregon State,Utah,42,34,fbs,fbs,1528.0,1713.0,False,-8,Oregon State
401282709,2021,8,Notre Dame,USC,31,16,fbs,fbs,1808.0,1612.0,False,-15,Notre Dame
401282114,2021,8,Texas A&M,South Carolina,44,14,fbs,fbs,1777.0,1353.0,False,-30,Texas A&M
401282730,2021,8,Indiana,Ohio State,7,54,fbs,fbs,1536.0,2064.0,False,47,Ohio State
401287927,2021,8,TCU,West Virginia,17,29,fbs,fbs,1640.0,1480.0,False,12,West Virginia
401282667,2021,8,Virginia,Georgia Tech,48,40,fbs,fbs,1622.0,1426.0,False,-8,Virginia
401328052,2021,8,Idaho,Montana,14,34,fcs,fcs,,,False,20,Montana
401282665,2021,8,Miami,NC State,31,30,fbs,fbs,1519.0,1627.0,False,-1,Miami
401328082,2021,8,Southern Utah,Northern Colorado,9,17,fcs,fcs,,,False,8,Northern Colorado
401328033,2021,8,Cal Poly,UC Davis,13,24,fcs,fcs,,,False,11,UC Davis
401328629,2021,8,Texas Southern,Alcorn State,27,44,fcs,fcs,,,False,17,Alcorn State
401327983,2021,8,Utah Tech,Stephen F. Austin,20,37,fcs,fcs,,,False,17,Stephen F. Austin
401329053,2021,8,Central Washington,Western Oregon,53,21,ii,ii,,,False,-32,Central Washington
401328078,2021,8,Sacramento State,Northern Arizona,44,0,fcs,fcs,,,False,-44,Sacramento State
401310728,2021,8,Hawai'i,New Mexico State,48,34,fbs,fbs,1357.0,1114.0,False,-14,Hawai'i
401334778,2021,9,Charleston (WV),WV Wesleyan,45,6,ii,ii,,,False,-39,Charleston (WV)
401301033,2021,9,East Carolina,South Florida,29,14,fbs,fbs,1481.0,1209.0,False,-15,East Carolina
401309627,2021,9,Coastal Carolina,Troy,35,28,fbs,fbs,1815.0,1381.0,False,-7,Coastal Carolina
401328254,2021,9,Cornell,Princeton,16,34,fcs,fcs,,,False,18,Princeton
401301030,2021,9,Tulsa,Navy,17,20,fbs,fbs,1413.0,1305.0,False,3,Navy
401310734,2021,9,Nevada,UNLV,51,20,fbs,fbs,1546.0,1188.0,False,-31,Nevada
401286297,2021,9,Liberty,UMass,62,17,fbs,fbs,1654.0,826.0,False,-45,Liberty
401282719,2021,9,Illinois,Rutgers,14,20,fbs,fbs,1362.0,1417.0,False,6,Rutgers
401282671,2021,9,Georgia Tech,Virginia Tech,17,26,fbs,fbs,1426.0,1523.0,False,9,Virginia Tech
401282674,2021,9,Pittsburgh,Miami,34,38,fbs,fbs,1745.0,1523.0,False,4,Miami
401287929,2021,9,Baylor,Texas,31,24,fbs,fbs,1676.0,1849.0,False,-7,Baylor
401309631,2021,9,Louisiana,Texas State,45,0,fbs,fbs,1723.0,1191.0,False,-45,Louisiana
401282777,2021,9,Michigan State,Michigan,37,33,fbs,fbs,1615.0,1881.0,False,-4,Michigan State
401282763,2021,9,Wisconsin,Iowa,27,7,fbs,fbs,1725.0,1839.0,False,-20,Wisconsin
401301031,2021,9,Temple,UCF,7,49,fbs,fbs,1083.0,1594.0,False,42,UCF
401282726,2021,9,Maryland,Indiana,38,35,fbs,fbs,1313.0,1464.0,False,-3,Maryland
401329438,2021,9,Notre Dame College,Fairmont State,45,0,ii,ii,,,False,-45,Notre Dame College
401309578,2021,9,Buffalo,Bowling Green,44,56,fbs,fbs,1535.0,995.0,False,12,Bowling Green
401347699,2021,9,Pace,Stonehill,8,19,ii,ii,,,False,11,Stonehill
401334774,2021,9,West Liberty,UNC Pembroke,17,27,ii,ii,,,False,10,UNC Pembroke
401328489,2021,9,Lehigh,Holy Cross,12,31,fcs,fcs,,,False,19,Holy Cross
401328266,2021,9,Harvard,Dartmouth,17,20,fcs,fcs,,,False,3,Dartmouth
401328244,2021,9,Yale,Columbia,37,30,fcs,fcs,,,False,-7,Yale
401328136,2021,9,Robert Morris,Hampton,38,35,fcs,fcs,,,False,-3,Robert Morris
401301032,2021,9,Tulane,Cincinnati,12,31,fbs,fbs,1338.0,1951.0,False,19,Cincinnati
401328730,2021,9,Davenport,Saginaw Valley,3,24,ii,ii,,,False,21,Saginaw Valley
401329005,2021,9,North Greenville,West Alabama,14,31,ii,ii,,,False,17,West Alabama
401329198,2021,9,Clarion,Mercyhurst,20,38,ii,ii,,,False,18,Mercyhurst
401334766,2021,9,Wheeling Jesuit,Concord,15,14,ii,ii,,,False,-1,Wheeling Jesuit
401332015,2021,9,Walsh,Findlay,0,49,ii,ii,,,False,49,Findlay
401329416,2021,9,Gannon,Slippery Rock,21,63,ii,ii,,,False,42,Slippery Rock
401328482,2021,9,Georgetown,Lafayette,23,24,fcs,fcs,,,False,1,Lafayette
401328475,2021,9,Colgate,Bucknell,33,10,fcs,fcs,,,False,-23,Colgate
401348194,2021,9,Erskine,Newberry,10,48,ii,ii,,,False,38,Newberry
401334784,2021,9,Bentley,Franklin Pierce,24,14,ii,ii,,,False,-10,Bentley
401332029,2021,9,Alderson-Broaddus,Frostburg State,7,45,ii,ii,,,False,38,Frostburg State
401331761,2021,9,Catawba,Tusculum,31,28,ii,ii,,,False,-3,Catawba
401330261,2021,9,St. Anselm,American International,21,16,ii,ii,,,False,-5,St. Anselm
401329691,2021,9,Upper Iowa,Wayne State (NE),42,41,ii,ii,,,False,-1,Upper Iowa
401329391,2021,9,West Virginia State,Glenville State,38,27,ii,ii,,,False,-11,West Virginia State
401329137,2021,9,Central State,Lane,14,16,ii,ii,,,False,2,Lane
401329045,2021,9,Minnesota St-Moorhead,Northern State,27,33,ii,ii,,,False,6,Northern State
401328273,2021,9,Pennsylvania,Brown,45,17,fcs,fcs,,,False,-28,Pennsylvania
401327984,2021,9,Delaware,Utah Tech,17,10,fcs,fcs,,,False,-7,Delaware
401327922,2021,9,Lincoln (PA),Bowie State,7,31,ii,ii,,,False,24,Bowie State
401327932,2021,9,Elizabeth City State,Virginia Union,14,44,ii,ii,,,False,30,Virginia Union
401328106,2021,9,Johnson C Smith,St. Augustine's,34,13,ii,ii,,,False,-21,Johnson C Smith
401328219,2021,9,Shaw,Winston-Salem,38,14,ii,ii,,,False,-24,Shaw
401328711,2021,9,Truman State,Quincy,49,28,ii,ii,,,False,-21,Truman State
401328720,2021,9,Ashland,Hillsdale,28,17,ii,ii,,,False,-11,Ashland
401328930,2021,9,New Haven,Assumption,16,10,ii,ii,,,False,-6,New Haven
401328933,2021,9,Ferris State,Northern Michigan,44,24,ii,ii,,,False,-20,Ferris State
401328114,2021,9,Charleston Southern,Campbell,27,14,fcs,fcs,,,False,-13,Charleston Southern
401328129,2021,9,Kennesaw State,Gardner-Webb,34,30,fcs,fcs,,,False,-4,Kennesaw State
401328154,2021,9,North Carolina A&T,Monmouth,16,35,fcs,fcs,,,False,19,Monmouth
401328201,2021,9,Rhode Island,Maine,24,45,fcs,fcs,,,False,21,Maine
401328208,2021,9,New Hampshire,Richmond,21,35,fcs,fcs,,,False,14,Richmond
401328235,2021,9,Villanova,William & Mary,18,31,fcs,fcs,,,False,13,William & Mary
401332313,2021,9,Long Island University,Wagner,28,14,fcs,fcs,,,False,-14,Long Island University
401329329,2021,9,Merrimack,Central Connecticut,21,49,fcs,fcs,,,False,28,Central Connecticut
401328596,2021,9,Nicholls,Northwestern State,42,21,fcs,fcs,,,False,-21,Nicholls
401328504,2021,9,Dayton,Butler,38,31,fcs,fcs,,,False,-7,Dayton
401337370,2021,9,Presbyterian College,Stetson,14,56,fcs,fcs,,,False,42,Stetson
401329369,2021,9,East Stroudsburg,Shippensburg,23,24,ii,ii,,,False,1,Shippensburg
401328572,2021,9,Wofford,Western Carolina,21,41,fcs,fcs,,,False,20,Western Carolina
401328565,2021,9,VMI,Samford,46,45,fcs,fcs,,,False,-1,VMI
401328541,2021,9,Chattanooga,Furman,13,3,fcs,fcs,,,False,-10,Chattanooga
401328687,2021,9,Missouri S&T,Indianapolis,31,28,ii,ii,,,False,-3,Missouri S&T
401327965,2021,9,Virginia State,Chowan,30,38,ii,ii,,,False,8,Chowan
401328089,2021,9,Fayetteville State,Livingstone,34,0,ii,ii,,,False,-34,Fayetteville State
401328613,2021,9,William Jewell College,Lindenwood,10,53,ii,ii,,,False,43,Lindenwood
401328655,2021,9,Southwest Baptist,McKendree,42,45,ii,ii,,,False,3,McKendree
401328952,2021,9,Fort Valley State,Savannah State,6,24,ii,ii,,,False,18,Savannah State
401329065,2021,9,Augustana (SD),Winona State,38,20,ii,ii,,,False,-18,Augustana (SD)
401329083,2021,9,Morehouse,Albany State (GA),10,14,ii,ii,,,False,4,Albany State (GA)
401329090,2021,9,Clark Atlanta,Benedict College,21,24,ii,ii,,,False,3,Benedict College
401329187,2021,9,Bloomsburg,Shepherd,18,62,ii,ii,,,False,44,Shepherd
401329207,2021,9,Indiana (PA),Edinboro,17,21,ii,ii,,,False,4,Edinboro
401329311,2021,9,Colorado Mines,Chadron State,34,7,ii,ii,,,False,-27,Colorado Mines
401329335,2021,9,Fort Lewis,Colorado State-Pueblo,0,73,ii,ii,,,False,73,Colorado State-Pueblo
401329382,2021,9,Pittsburg State,Central Oklahoma,26,20,ii,ii,,,False,-6,Pittsburg State
401329401,2021,9,Fort Hays State,Emporia State,12,15,ii,ii,,,False,3,Emporia State
401329497,2021,9,Minnesota State,Sioux Falls,35,45,ii,ii,,,False,10,Sioux Falls
401329502,2021,9,Washburn,Northeastern State,35,0,ii,ii,,,False,-35,Washburn
401329688,2021,9,Bemidji State,Southwest Minnesota State,48,14,ii,ii,,,False,-34,Bemidji State
401332327,2021,9,Minot State,Minnesota-Duluth,21,34,ii,ii,,,False,13,Minnesota-Duluth
401332381,2021,9,Tuskegee,Kentucky State,35,42,ii,ii,,,False,7,Kentucky State
401332388,2021,9,Barton College,Bluefield,62,7,ii,ii,,,False,-55,Barton College
401327973,2021,9,Jacksonville State,Central Arkansas,14,38,fcs,fcs,,,False,24,Central Arkansas
401327993,2021,9,Eastern Kentucky,Lamar,42,10,fcs,fcs,,,False,-32,Eastern Kentucky
401328072,2021,9,Montana,Southern Utah,20,19,fcs,fcs,,,False,-1,Montana
401328165,2021,9,Towson,Albany,38,24,fcs,fcs,,,False,-14,Towson
401328188,2021,9,James Madison,Elon,45,21,fcs,fcs,,,False,-24,James Madison
401328293,2021,9,Delaware State,Howard,30,23,fcs,fcs,,,False,-7,Delaware State
401328302,2021,9,Norfolk State,Morgan State,31,20,fcs,fcs,,,False,-11,Norfolk State
401328321,2021,9,North Carolina Central,South Carolina State,24,27,fcs,fcs,,,False,3,South Carolina State
401328382,2021,9,Youngstown State,South Dakota State,16,47,fcs,fcs,,,False,31,South Dakota State
401328418,2021,9,Southeast Missouri State,Eastern Illinois,38,15,fcs,fcs,,,False,-23,Southeast Missouri State
401328518,2021,9,St. Thomas (MN),Marist,27,7,fcs,fcs,,,False,-20,St. Thomas (MN)
401328523,2021,9,Morehead State,Davidson,22,29,fcs,fcs,,,False,7,Davidson
401328551,2021,9,The Citadel,Mercer,7,34,fcs,fcs,,,False,27,Mercer
401287933,2021,9,West Virginia,Iowa State,38,31,fbs,fbs,1522.0,1888.0,False,-7,West Virginia
401282246,2021,9,Rice,North Texas,24,30,fbs,fbs,1140.0,1168.0,False,6,North Texas
401329236,2021,9,Kutztown,Millersville,30,7,ii,ii,,,False,-23,Kutztown
401329348,2021,9,Lincoln (MO),Central Missouri State,35,77,ii,ii,,,False,42,Central Missouri State
401329459,2021,9,Missouri Southern State,Missouri Western,28,45,ii,ii,,,False,17,Missouri Western
401328401,2021,9,Henderson State,Southern Nazarene,34,3,ii,ii,,,False,-31,Henderson State
401328469,2021,9,Southern Arkansas,Oklahoma Baptist,40,44,ii,ii,,,False,4,Oklahoma Baptist
401329648,2021,9,Carson-Newman,Mars Hill,23,49,ii,ii,,,False,26,Mars Hill
401329317,2021,9,Western State,Colorado Mesa,23,9,ii,ii,,,False,-14,Western State
401329489,2021,9,Northwest Missouri State,Nebraska-Kearney,66,13,ii,ii,,,False,-53,Northwest Missouri State
401329478,2021,9,Lake Erie College,Kentucky Wesleyan,38,28,ii,ii,,,False,-10,Lake Erie College
401329022,2021,9,Mississippi College,West Florida,28,63,ii,ii,,,False,35,West Florida
401328997,2021,9,Delta State,Shorter,14,13,ii,ii,,,False,-1,Delta State
401328942,2021,9,Grand Valley State,Michigan Tech,14,9,ii,ii,,,False,-5,Grand Valley State
401328352,2021,9,East Central,Ouachita Baptist,28,43,ii,ii,,,False,15,Ouachita Baptist
401328316,2021,9,Southeastern Oklahoma,Arkansas-Monticello,34,14,ii,ii,,,False,-20,Southeastern Oklahoma
401329031,2021,9,New Mexico Highlands,Adams State,58,28,ii,ii,,,False,-30,New Mexico Highlands
401329130,2021,9,University of Mary,Concordia-St. Paul,42,17,ii,ii,,,False,-25,University of Mary
401329302,2021,9,Black Hills State,South Dakota Mines,10,13,ii,ii,,,False,3,South Dakota Mines
401328063,2021,9,Idaho State,Weber State,17,40,fcs,fcs,,,False,23,Weber State
401328083,2021,9,Northern Colorado,Sacramento State,24,27,fcs,fcs,,,False,3,Sacramento State
401328357,2021,9,Missouri State,North Dakota,32,28,fcs,fcs,,,False,-4,Missouri State
401328409,2021,9,UT Martin,Austin Peay,17,16,fcs,fcs,,,False,-1,UT Martin
401328637,2021,9,Texas Southern,Arkansas-Pine Bluff,59,17,fcs,fcs,,,False,-42,Texas Southern
401332295,2021,9,Duquesne,St Francis (PA),10,17,fcs,fcs,,,False,7,St Francis (PA)
401328395,2021,9,Northwestern Oklahoma State,Harding,14,73,ii,ii,,,False,59,Harding
401309885,2021,9,Arizona State,Washington State,21,34,fbs,fbs,1715.0,1483.0,False,13,Washington State
401282119,2021,9,Vanderbilt,Missouri,28,37,fbs,fbs,1032.0,1380.0,False,9,Missouri
401310731,2021,9,Utah State,Hawai'i,51,31,fbs,fbs,1344.0,1365.0,False,-20,Utah State
401282244,2021,9,Old Dominion,Louisiana Tech,23,20,fbs,fbs,1180.0,1262.0,False,-3,Old Dominion
401282117,2021,9,Florida,Georgia,7,34,fbs,fbs,1781.0,2114.0,True,27,Georgia
401287931,2021,9,Oklahoma,Texas Tech,52,21,fbs,fbs,1846.0,1493.0,False,-31,Oklahoma
401282242,2021,9,Marshall,Florida International,38,0,fbs,fbs,1610.0,1180.0,False,-38,Marshall
401309884,2021,9,Oregon,Colorado,52,29,fbs,fbs,1708.0,1363.0,False,-23,Oregon
401282670,2021,9,Clemson,Florida State,30,20,fbs,fbs,1824.0,1510.0,False,-10,Clemson
401282245,2021,9,Middle Tennessee,Southern Mississippi,35,10,fbs,fbs,1321.0,1142.0,False,-25,Middle Tennessee
401309628,2021,9,Appalachian State,Louisiana Monroe,59,28,fbs,fbs,1627.0,1038.0,False,-31,Appalachian State
401328343,2021,9,North Dakota State,Indiana State,44,2,fcs,fcs,,,False,-42,North Dakota State
401287930,2021,9,Kansas State,TCU,31,12,fbs,fbs,1547.0,1598.0,False,-19,Kansas State
401282801,2021,9,Nebraska,Purdue,23,28,fbs,fbs,1715.0,1603.0,False,5,Purdue
401328621,2021,9,Alabama A&M,Alabama State,42,28,fcs,fcs,,,False,-14,Alabama A&M
401282795,2021,9,Northwestern,Minnesota,14,41,fbs,fbs,1452.0,1633.0,False,27,Minnesota
401282675,2021,9,Syracuse,Boston College,21,6,fbs,fbs,1466.0,1453.0,False,-15,Syracuse
401328530,2021,9,San Diego,Valparaiso,21,14,fcs,fcs,,,False,-7,San Diego
401328581,2021,9,Incarnate Word,Houston Christian,49,21,fcs,fcs,,,False,-28,Incarnate Word
401328661,2021,9,Florida A&M,Grambling,26,3,fcs,fcs,,,False,-23,Florida A&M
401328669,2021,9,Mississippi Valley State,Jackson State,19,28,fcs,fcs,,,False,9,Jackson State
401282241,2021,9,Western Kentucky,Charlotte,45,13,fbs,fbs,1435.0,1282.0,False,-32,Western Kentucky
401329640,2021,9,Limestone,UVA-Wise,24,28,ii,ii,,,False,4,UVA-Wise
401310732,2021,9,San José State,Wyoming,27,21,fbs,fbs,1381.0,1488.0,False,-6,San José State
401328053,2021,9,Idaho,Northern Arizona,31,38,fcs,fcs,,,False,7,Northern Arizona
401329484,2021,9,Tiffin,Ohio Dominican,34,21,ii,ii,,,False,-13,Tiffin
401329423,2021,9,Lock Haven,West Chester,13,35,ii,ii,,,False,22,West Chester
401329355,2021,9,California (PA),Seton Hill College,42,14,ii,ii,,,False,-28,California (PA)
401329054,2021,9,Western Oregon,Simon Fraser,42,3,ii,ii,,,False,-39,Western Oregon
401328333,2021,9,Western Illinois,Illinois State,38,31,fcs,fcs,,,False,-7,Western Illinois
401282676,2021,9,Wake Forest,Duke,45,7,fbs,fbs,1670.0,1185.0,False,-38,Wake Forest
401328705,2021,9,Stephen F. Austin,Abilene Christian,41,27,fcs,fcs,,,False,-14,Stephen F. Austin
401328034,2021,9,Portland State,Cal Poly,42,21,fcs,fcs,,,False,-21,Portland State
401328376,2021,9,Northern Iowa,Southern Illinois,23,16,fcs,fcs,,,False,-7,Northern Iowa
401309629,2021,9,South Alabama,Arkansas State,31,13,fbs,fbs,1367.0,1211.0,False,-18,South Alabama
401329158,2021,9,Texas A&M-Commerce,University of Texas of the Permian Basin,41,0,ii,ii,,,False,-41,Texas A&M-Commerce
401329695,2021,9,Wingate,Lenoir-Rhyne,6,31,ii,ii,,,False,25,Lenoir-Rhyne
401328966,2021,9,Edward Waters,Miles,9,16,ii,ii,,,False,7,Miles
401328976,2021,9,Wayne State (MI),Northwood (MI),56,21,ii,ii,,,False,-35,Wayne State (MI)
401282243,2021,9,Florida Atlantic,UTEP,28,25,fbs,fbs,1597.0,1313.0,False,-3,Florida Atlantic
401328423,2021,9,Tennessee State,Murray State,27,21,fcs,fcs,,,False,-6,Tennessee State
401309630,2021,9,Georgia Southern,Georgia State,14,21,fbs,fbs,1357.0,1344.0,False,7,Georgia State
401328284,2021,9,Southwestern Oklahoma,Arkansas Tech,14,15,ii,ii,,,False,1,Arkansas Tech
401301034,2021,9,Houston,SMU,44,37,fbs,fbs,1668.0,1633.0,False,-7,Houston
401328630,2021,9,Southern,Alcorn State,38,35,fcs,fcs,,,False,-3,Southern
401328591,2021,9,Southeastern Louisiana,McNeese,23,20,fcs,fcs,,,False,-3,Southeastern Louisiana
401328013,2021,9,Tarleton State,Sam Houston State,27,45,fcs,fcs,,,False,18,Sam Houston State
401309882,2021,9,California,Oregon State,39,25,fbs,fbs,1483.0,1552.0,False,-14,California
401328986,2021,9,Valdosta State,West Georgia,36,34,ii,ii,,,False,-2,Valdosta State
401282118,2021,9,Mississippi State,Kentucky,31,17,fbs,fbs,1583.0,1672.0,False,-14,Mississippi State
401310730,2021,9,Colorado State,Boise State,19,28,fbs,fbs,1522.0,1677.0,False,9,Boise State
401309886,2021,9,USC,Arizona,41,34,fbs,fbs,1598.0,1193.0,False,-7,USC
401287932,2021,9,Oklahoma State,Kansas,55,3,fbs,fbs,1719.0,1027.0,False,-52,Oklahoma State
401282116,2021,9,Auburn,Ole Miss,31,20,fbs,fbs,1729.0,1750.0,False,-11,Auburn
401282673,2021,9,Notre Dame,North Carolina,44,34,fbs,fbs,1822.0,1668.0,False,-10,Notre Dame
401282814,2021,9,Ohio State,Penn State,33,24,fbs,fbs,2136.0,1773.0,False,-9,Ohio State
401282672,2021,9,NC State,Louisville,28,13,fbs,fbs,1623.0,1551.0,False,-15,NC State
401329110,2021,9,Midwestern State,Western New Mexico,52,10,ii,ii,,,False,-42,Midwestern State
401329454,2021,9,Texas A&M-Kingsville,West Texas A&M,23,35,ii,ii,,,False,12,West Texas A&M
401329099,2021,9,Eastern New Mexico,Angelo State,7,59,ii,ii,,,False,52,Angelo State
401332020,2021,9,Central Washington,Lincoln University (CA),92,0,ii,,,,False,-92,Central Washington
401309887,2021,9,Utah,UCLA,44,24,fbs,fbs,1689.0,1627.0,False,-20,Utah
401282669,2021,9,BYU,Virginia,66,49,fbs,fbs,1710.0,1622.0,False,-17,BYU
401310733,2021,9,San Diego State,Fresno State,20,30,fbs,fbs,1644.0,1603.0,False,10,Fresno State
401309883,2021,9,Stanford,Washington,13,20,fbs,fbs,1503.0,1665.0,False,7,Washington
401309579,2021,10,Akron,Ball State,25,31,fbs,fbs,962.0,1494.0,False,6,Ball State
401308839,2021,10,Ohio,Miami (OH),35,33,fbs,fbs,1331.0,1411.0,False,-2,Ohio
401309580,2021,10,Toledo,Eastern Michigan,49,52,fbs,fbs,1503.0,1480.0,False,3,Eastern Michigan
401309581,2021,10,Western Michigan,Central Michigan,30,42,fbs,fbs,1466.0,1357.0,False,12,Central Michigan
401309582,2021,10,Kent State,Northern Illinois,52,47,fbs,fbs,1301.0,1257.0,False,-5,Kent State
401309632,2021,10,Louisiana,Georgia State,21,17,fbs,fbs,1786.0,1358.0,False,-4,Louisiana
401328294,2021,10,Morgan State,Delaware State,20,14,fcs,fcs,,,False,-6,Morgan State
401328267,2021,10,Dartmouth,Princeton,31,7,fcs,fcs,,,False,-24,Dartmouth
401282677,2021,10,Boston College,Virginia Tech,17,3,fbs,fbs,1423.0,1533.0,False,-14,Boston College
401309888,2021,10,Stanford,Utah,7,52,fbs,fbs,1502.0,1729.0,False,45,Utah
401310253,2021,10,Air Force,Army,14,21,fbs,fbs,1696.0,1568.0,True,7,Army
401282124,2021,10,Ole Miss,Liberty,27,14,fbs,fbs,1729.0,1684.0,False,-13,Ole Miss
401282799,2021,10,Nebraska,Ohio State,17,26,fbs,fbs,1698.0,2128.0,False,9,Ohio State
401282122,2021,10,Georgia,Missouri,43,6,fbs,fbs,2142.0,1371.0,False,-37,Georgia
401341495,2021,10,Mercyhurst,Gannon,24,13,ii,ii,,,False,-11,Mercyhurst
401282682,2021,10,North Carolina,Wake Forest,58,55,fbs,fbs,1662.0,1718.0,False,-3,North Carolina
401282720,2021,10,Minnesota,Illinois,6,14,fbs,fbs,1685.0,1355.0,False,8,Illinois
401282678,2021,10,Duke,Pittsburgh,29,54,fbs,fbs,1137.0,1723.0,False,25,Pittsburgh
401328141,2021,10,Robert Morris,Kennesaw State,21,45,fcs,fcs,,,False,24,Kennesaw State
401328202,2021,10,Maine,Stony Brook,17,22,fcs,fcs,,,False,5,Stony Brook
401328519,2021,10,Marist,Drake,7,0,fcs,fcs,,,False,-7,Marist
401328631,2021,10,Bethune-Cookman,Alcorn State,35,31,fcs,fcs,,,False,-4,Bethune-Cookman
401329330,2021,10,Wagner,Merrimack,26,35,fcs,fcs,,,False,9,Merrimack
401332296,2021,10,Long Island University,Duquesne,28,34,fcs,fcs,,,False,6,Duquesne
401332303,2021,10,St Francis (PA),Sacred Heart,13,14,fcs,fcs,,,False,1,Sacred Heart
401333441,2021,10,Central Connecticut,Bryant,30,15,fcs,fcs,,,False,-15,Central Connecticut
401344145,2021,10,Brown,Yale,38,63,fcs,fcs,,,False,25,Yale
401328721,2021,10,Findlay,Ashland,20,17,ii,ii,,,False,-3,Findlay
401328731,2021,10,Davenport,Ferris State,14,50,ii,ii,,,False,36,Ferris State
401329188,2021,10,Millersville,Bloomsburg,35,38,ii,ii,,,False,3,Bloomsburg
401329199,2021,10,Edinboro,Clarion,17,10,ii,ii,,,False,-7,Edinboro
401329208,2021,10,Seton Hill College,Indiana (PA),3,38,ii,ii,,,False,35,Indiana (PA)
401329237,2021,10,West Chester,Kutztown,14,21,ii,ii,,,False,7,Kutztown
401329363,2021,10,Shepherd,East Stroudsburg,55,7,ii,ii,,,False,-48,Shepherd
401329439,2021,10,UNC Pembroke,Notre Dame College,7,45,ii,ii,,,False,38,Notre Dame College
401329479,2021,10,Ohio Dominican,Lake Erie College,31,0,ii,ii,,,False,-31,Ohio Dominican
401329485,2021,10,Walsh,Tiffin,16,56,ii,ii,,,False,40,Tiffin
401335306,2021,10,Charleston (WV),Wheeling Jesuit,38,20,ii,ii,,,False,-18,Charleston (WV)
401347700,2021,10,Pace,Southern Connecticut State,18,16,ii,ii,,,False,-2,Pace
401287935,2021,10,Kansas,Kansas State,10,35,fbs,fbs,962.0,1596.0,False,25,Kansas State
401301039,2021,10,Memphis,SMU,28,25,fbs,fbs,1504.0,1625.0,False,-3,Memphis
401282250,2021,10,UAB,Louisiana Tech,52,38,fbs,fbs,1512.0,1260.0,False,-14,UAB
401328490,2021,10,Holy Cross,Lafayette,35,10,fcs,fcs,,,False,-25,Holy Cross
401328483,2021,10,Georgetown,Fordham,20,41,fcs,fcs,,,False,21,Fordham
401282681,2021,10,Miami,Georgia Tech,33,30,fbs,fbs,1545.0,1416.0,False,-3,Miami
401328166,2021,10,Albany,New Hampshire,20,7,fcs,fcs,,,False,-13,Albany
401328971,2021,10,Saginaw Valley,Northern Michigan,33,21,ii,ii,,,False,-12,Saginaw Valley
401328998,2021,10,Shorter,Erskine,38,7,ii,ii,,,False,-31,Shorter
401329046,2021,10,Concordia-St. Paul,Minnesota St-Moorhead,3,24,ii,ii,,,False,21,Minnesota St-Moorhead
401329138,2021,10,Kentucky State,Central State,63,0,ii,ii,,,False,-63,Kentucky State
401328149,2021,10,Monmouth,North Alabama,45,33,fcs,fcs,,,False,-12,Monmouth
401328124,2021,10,Charleston Southern,North Carolina A&T,18,21,fcs,fcs,,,False,3,North Carolina A&T
401327985,2021,10,Sam Houston State,Utah Tech,59,10,fcs,fcs,,,False,-49,Sam Houston State
401329370,2021,10,Shippensburg,Lock Haven,52,14,ii,ii,,,False,-38,Shippensburg
401329392,2021,10,Glenville State,Fairmont State,14,24,ii,ii,,,False,10,Fairmont State
401329417,2021,10,Slippery Rock,California (PA),38,26,ii,ii,,,False,-12,Slippery Rock
401329641,2021,10,Catawba,UVA-Wise,7,30,ii,ii,,,False,23,UVA-Wise
401329649,2021,10,Carson-Newman,Limestone,27,21,ii,ii,,,False,-6,Carson-Newman
401329658,2021,10,Mars Hill,Tusculum,20,7,ii,ii,,,False,-13,Mars Hill
401330262,2021,10,Assumption,St. Anselm,44,35,ii,ii,,,False,-9,Assumption
401331753,2021,10,Newberry,Wingate,41,35,ii,ii,,,False,-6,Newberry
401332017,2021,10,Hillsdale,Kentucky Wesleyan,31,12,ii,ii,,,False,-19,Hillsdale
401334779,2021,10,Frostburg State,WV Wesleyan,55,14,ii,ii,,,False,-41,Frostburg State
401334785,2021,10,Stonehill,Franklin Pierce,34,7,ii,ii,,,False,-27,Stonehill
401328130,2021,10,Hampton,Gardner-Webb,27,21,fcs,fcs,,,False,-6,Hampton
401328180,2021,10,Delaware,William & Mary,24,3,fcs,fcs,,,False,-21,Delaware
401328943,2021,10,Wayne State (MI),Grand Valley State,13,62,ii,ii,,,False,49,Grand Valley State
401328958,2021,10,Northwood (MI),Michigan Tech,0,34,ii,ii,,,False,34,Michigan Tech
401328931,2021,10,New Haven,Bentley,31,14,ii,ii,,,False,-17,New Haven
401336486,2021,10,Bucknell,Lehigh,6,38,fcs,fcs,,,False,32,Lehigh
401332323,2021,10,Davidson,St. Thomas (MN),42,15,fcs,fcs,,,False,-27,Davidson
401328592,2021,10,McNeese,Nicholls,14,24,fcs,fcs,,,False,10,Nicholls
401328569,2021,10,East Tennessee State,VMI,27,20,fcs,fcs,,,False,-7,East Tennessee State
401328512,2021,10,Stetson,Dayton,13,41,fcs,fcs,,,False,28,Dayton
401328378,2021,10,Western Illinois,South Dakota,21,42,fcs,fcs,,,False,21,South Dakota
401328365,2021,10,North Dakota,Youngstown State,24,21,fcs,fcs,,,False,-3,North Dakota
401328358,2021,10,Southern Illinois,Missouri State,28,38,fcs,fcs,,,False,10,Missouri State
401328334,2021,10,Illinois State,Northern Iowa,17,10,fcs,fcs,,,False,-7,Illinois State
401328255,2021,10,Pennsylvania,Cornell,12,15,fcs,fcs,,,False,3,Cornell
401328245,2021,10,Columbia,Harvard,21,49,fcs,fcs,,,False,28,Harvard
401327923,2021,10,Bowie State,Elizabeth City State,79,6,ii,ii,,,False,-73,Bowie State
401327960,2021,10,Chowan,Lincoln (PA),28,12,ii,ii,,,False,-16,Chowan
401328174,2021,10,St. Augustine's,Shaw,21,17,ii,ii,,,False,-4,St. Augustine's
401328542,2021,10,Wofford,Chattanooga,10,35,fcs,fcs,,,False,25,Chattanooga
401328326,2021,10,South Carolina State,Howard,15,12,fcs,fcs,,,False,-3,South Carolina State
401328224,2021,10,Richmond,Towson,28,17,fcs,fcs,,,False,-11,Richmond
401328189,2021,10,Elon,Villanova,0,35,fcs,fcs,,,False,35,Villanova
401328073,2021,10,Northern Colorado,Montana,0,35,fcs,fcs,,,False,35,Montana
401328002,2021,10,Jacksonville State,Abilene Christian,40,25,fcs,fcs,,,False,-15,Jacksonville State
401328090,2021,10,Fayetteville State,Winston-Salem,10,3,ii,ii,,,False,-7,Fayetteville State
401329055,2021,10,Chadron State,Western Oregon,45,7,ii,ii,,,False,-38,Chadron State
401328702,2021,10,Quincy,Southwest Baptist,31,47,ii,ii,,,False,16,Southwest Baptist
401328656,2021,10,McKendree,Truman State,13,44,ii,ii,,,False,31,Truman State
401329373,2021,10,New Mexico Highlands,South Dakota Mines,17,40,ii,ii,,,False,23,South Dakota Mines
401329349,2021,10,Missouri Western,Central Missouri State,59,28,ii,ii,,,False,-31,Missouri Western
401329117,2021,10,Clark Atlanta,Morehouse,26,35,ii,ii,,,False,9,Morehouse
401329091,2021,10,Benedict College,Lane,34,30,ii,ii,,,False,-4,Benedict College
401329066,2021,10,Winona State,Upper Iowa,40,12,ii,ii,,,False,-28,Winona State
401328614,2021,10,Missouri S&T,Lindenwood,16,43,ii,ii,,,False,27,Lindenwood
401328536,2021,10,Southern Nazarene,Southern Arkansas,10,31,ii,ii,,,False,21,Southern Arkansas
401328967,2021,10,Miles,Tuskegee,52,23,ii,ii,,,False,-29,Miles
401328496,2021,10,Ouachita Baptist,Southeastern Oklahoma,21,35,ii,ii,,,False,14,Southeastern Oklahoma
401329075,2021,10,Northern State,Bemidji State,34,36,ii,ii,,,False,2,Bemidji State
401329006,2021,10,West Alabama,West Florida,7,47,ii,ii,,,False,40,West Florida
401332030,2021,10,Alderson-Broaddus,Concord,10,23,ii,ii,,,False,13,Concord
401309633,2021,10,Arkansas State,Appalachian State,14,48,fbs,fbs,1186.0,1645.0,False,34,Appalachian State
401329084,2021,10,Fort Valley State,Albany State (GA),0,57,ii,ii,,,False,57,Albany State (GA)
401327966,2021,10,Virginia Union,Virginia State,20,13,ii,ii,,,False,-7,Virginia Union
401328424,2021,10,Murray State,Tennessee Tech,32,27,fcs,fcs,,,False,-5,Murray State
401328531,2021,10,Valparaiso,Presbyterian College,65,55,fcs,fcs,,,False,-10,Valparaiso
401328558,2021,10,Western Carolina,Furman,43,42,fcs,fcs,,,False,-1,Western Carolina
401328670,2021,10,Jackson State,Texas Southern,41,21,fcs,fcs,,,False,-20,Jackson State
401328675,2021,10,Alabama A&M,Mississippi Valley State,42,14,fcs,fcs,,,False,-28,Alabama A&M
401329402,2021,10,Emporia State,Lincoln (MO),56,21,ii,ii,,,False,-35,Emporia State
401329410,2021,10,Northeastern State,Fort Hays State,6,64,ii,ii,,,False,58,Fort Hays State
401329466,2021,10,Western New Mexico,Central Washington,29,54,ii,ii,,,False,25,Central Washington
401329498,2021,10,Southwest Minnesota State,Minnesota State,0,52,ii,ii,,,False,52,Minnesota State
401328307,2021,10,North Carolina Central,Norfolk State,38,36,fcs,fcs,,,False,-2,North Carolina Central
401329506,2021,10,Wayne State (NE),Sioux Falls,17,38,ii,ii,,,False,21,Sioux Falls
401337873,2021,10,West Liberty,West Virginia State,28,33,ii,ii,,,False,5,West Virginia State
401329534,2021,10,Pittsburg State,Washburn,26,28,ii,ii,,,False,2,Washburn
401329711,2021,10,Indianapolis,William Jewell College,45,14,ii,ii,,,False,-31,Indianapolis
401329149,2021,10,Minnesota-Duluth,Augustana (SD),41,15,ii,ii,,,False,-26,Minnesota-Duluth
401328604,2021,10,Incarnate Word,Southeastern Louisiana,55,52,fcs,fcs,,,False,-3,Incarnate Word
401282252,2021,10,Southern Mississippi,North Texas,14,38,fbs,fbs,1099.0,1177.0,False,24,North Texas
401328093,2021,10,Weber State,Portland State,18,30,fcs,fcs,,,False,12,Portland State
401328369,2021,10,South Dakota State,North Dakota State,27,19,fcs,fcs,,,False,-8,South Dakota State
401328410,2021,10,Austin Peay,Eastern Illinois,42,26,fcs,fcs,,,False,-16,Austin Peay
401328431,2021,10,UT Martin,Tennessee State,41,20,fcs,fcs,,,False,-21,UT Martin
401328552,2021,10,Samford,The Citadel,35,14,fcs,fcs,,,False,-21,Samford
401328622,2021,10,Prairie View,Alabama State,24,20,fcs,fcs,,,False,-4,Prairie View
401328638,2021,10,Arkansas-Pine Bluff,Grambling,33,26,fcs,fcs,,,False,-7,Arkansas-Pine Bluff
401309635,2021,10,Texas State,Louisiana Monroe,27,19,fbs,fbs,1128.0,1020.0,False,-8,Texas State
401309889,2021,10,Arizona,California,10,3,fbs,fbs,1204.0,1517.0,False,-7,Arizona
401328285,2021,10,Arkansas Tech,Northwestern Oklahoma State,56,21,ii,ii,,,False,-35,Arkansas Tech
401328317,2021,10,Arkansas-Monticello,East Central,10,35,ii,ii,,,False,25,East Central
401328396,2021,10,Harding,Southwestern Oklahoma,55,7,ii,ii,,,False,-48,Harding
401328402,2021,10,Oklahoma Baptist,Henderson State,34,36,ii,ii,,,False,2,Henderson State
401328987,2021,10,Valdosta State,North Greenville,31,21,ii,ii,,,False,-10,Valdosta State
401329018,2021,10,Delta State,Mississippi College,24,21,ii,ii,,,False,-3,Delta State
401329032,2021,10,Adams State,Fort Lewis,37,14,ii,ii,,,False,-23,Adams State
401329131,2021,10,University of Mary,Minot State,49,31,ii,ii,,,False,-18,University of Mary
401329303,2021,10,Colorado Mesa,Black Hills State,52,9,ii,ii,,,False,-43,Colorado Mesa
401329383,2021,10,Central Oklahoma,Nebraska-Kearney,22,37,ii,ii,,,False,15,Nebraska-Kearney
401329460,2021,10,Missouri Southern State,Northwest Missouri State,7,49,ii,ii,,,False,42,Northwest Missouri State
401330255,2021,10,University of Texas of the Permian Basin,Texas A&M-Kingsville,22,29,ii,ii,,,False,7,Texas A&M-Kingsville
401330265,2021,10,Western State,Lincoln University (CA),72,6,ii,,,,False,-66,Western State
401301035,2021,10,East Carolina,Temple,45,3,fbs,fbs,1489.0,1025.0,False,-42,East Carolina
401282824,2021,10,Rutgers,Wisconsin,3,52,fbs,fbs,1424.0,1784.0,False,49,Wisconsin
401328115,2021,10,James Madison,Campbell,51,14,fcs,fcs,,,False,-37,James Madison
401282787,2021,10,Purdue,Michigan State,40,29,fbs,fbs,1620.0,1626.0,False,-11,Purdue
401282126,2021,10,Texas A&M,Auburn,20,3,fbs,fbs,1809.0,1750.0,False,-17,Texas A&M
401309914,2021,10,BYU,Idaho State,59,14,fbs,fcs,1863.0,1003.0,False,-45,BYU
401301037,2021,10,Cincinnati,Tulsa,28,20,fbs,fbs,1939.0,1402.0,False,-8,Cincinnati
401282251,2021,10,Western Kentucky,Middle Tennessee,48,21,fbs,fbs,1503.0,1364.0,False,-27,Western Kentucky
401282247,2021,10,Charlotte,Rice,31,24,fbs,fbs,1214.0,1131.0,False,-7,Charlotte
401309636,2021,10,Troy,South Alabama,31,24,fbs,fbs,1394.0,1392.0,False,-7,Troy
401282710,2021,10,Notre Dame,Navy,34,6,fbs,fbs,1828.0,1316.0,False,-28,Notre Dame
401310736,2021,10,Wyoming,Colorado State,31,17,fbs,fbs,1475.0,1517.0,False,-14,Wyoming
401286303,2021,10,UMass,Rhode Island,22,35,fbs,fcs,528.0,,False,13,Rhode Island
401282768,2021,10,Maryland,Penn State,14,31,fbs,fbs,1316.0,1781.0,False,17,Penn State
401287936,2021,10,TCU,Baylor,30,28,fbs,fbs,1549.0,1696.0,False,-2,TCU
401287937,2021,10,West Virginia,Oklahoma State,3,24,fbs,fbs,1554.0,1784.0,False,21,Oklahoma State
401329324,2021,10,Colorado State-Pueblo,Colorado Mines,12,28,ii,ii,,,False,16,Colorado Mines
401329696,2021,10,Barton College,Lenoir-Rhyne,20,56,ii,ii,,,False,36,Lenoir-Rhyne
401301036,2021,10,UCF,Tulane,14,10,fbs,fbs,1652.0,1350.0,False,-4,UCF
401282679,2021,10,Florida State,NC State,14,28,fbs,fbs,1514.0,1648.0,False,14,NC State
401310738,2021,10,New Mexico State,Utah State,13,35,fbs,fbs,1106.0,1393.0,False,22,Utah State
401328045,2021,10,Eastern Washington,Montana State,20,23,fcs,fcs,,,False,3,Montana State
401328054,2021,10,Idaho,Southern Utah,42,24,fcs,fcs,,,False,-18,Idaho
401282121,2021,10,Arkansas,Mississippi State,31,28,fbs,fbs,1593.0,1619.0,False,-3,Arkansas
401328582,2021,10,Northwestern State,Houston Christian,28,24,fcs,fcs,,,False,-4,Northwestern State
401328524,2021,10,San Diego,Morehead State,10,3,fcs,fcs,,,False,-7,San Diego
401328079,2021,10,Northern Arizona,UC Davis,24,40,fcs,fcs,,,False,16,UC Davis
401327994,2021,10,Stephen F. Austin,Eastern Kentucky,31,17,fcs,fcs,,,False,-14,Stephen F. Austin
401327974,2021,10,Central Arkansas,Texas Wesleyan,63,3,fcs,,,,False,-60,Central Arkansas
401329100,2021,10,Angelo State,Texas A&M-Commerce,30,3,ii,ii,,,False,-27,Angelo State
401328953,2021,10,Savannah State,Edward Waters,24,0,ii,ii,,,False,-24,Savannah State
401309634,2021,10,Georgia Southern,Coastal Carolina,8,28,fbs,fbs,1343.0,1802.0,False,20,Coastal Carolina
401282249,2021,10,Florida Atlantic,Marshall,13,28,fbs,fbs,1594.0,1664.0,False,15,Marshall
401310735,2021,10,Fresno State,Boise State,14,40,fbs,fbs,1627.0,1682.0,False,26,Boise State
401329111,2021,10,West Texas A&M,Midwestern State,15,12,ii,ii,,,False,-3,West Texas A&M
401310737,2021,10,New Mexico,UNLV,17,31,fbs,fbs,1228.0,1147.0,False,14,UNLV
401309891,2021,10,Colorado,Oregon State,37,34,fbs,fbs,1342.0,1518.0,False,-3,Colorado
401282757,2021,10,Northwestern,Iowa,12,17,fbs,fbs,1400.0,1780.0,False,5,Iowa
401282248,2021,10,Florida International,Old Dominion,24,47,fbs,fbs,1126.0,1182.0,False,23,Old Dominion
401282120,2021,10,Alabama,LSU,20,14,fbs,fbs,2205.0,1624.0,False,-6,Alabama
401328009,2021,10,Tarleton State,Lamar,42,21,fcs,fcs,,,False,-21,Tarleton State
401328662,2021,10,Southern,Florida A&M,17,29,fcs,fcs,,,False,12,Florida A&M
401282123,2021,10,Kentucky,Tennessee,42,45,fbs,fbs,1636.0,1623.0,False,3,Tennessee
401282125,2021,10,South Carolina,Florida,40,17,fbs,fbs,1321.0,1753.0,False,-23,South Carolina
401282727,2021,10,Michigan,Indiana,29,7,fbs,fbs,1870.0,1461.0,False,-22,Michigan
401309890,2021,10,Washington,Oregon,16,26,fbs,fbs,1666.0,1729.0,False,10,Oregon
401287934,2021,10,Iowa State,Texas,30,7,fbs,fbs,1856.0,1829.0,False,-23,Iowa State
401301038,2021,10,South Florida,Houston,42,54,fbs,fbs,1201.0,1676.0,False,12,Houston
401282680,2021,10,Louisville,Clemson,24,30,fbs,fbs,1526.0,1820.0,False,6,Clemson
401328035,2021,10,Sacramento State,Cal Poly,41,9,fcs,fcs,,,False,-32,Sacramento State
401310740,2021,10,Nevada,San José State,27,24,fbs,fbs,1587.0,1394.0,False,-3,Nevada
401282253,2021,10,UTEP,UT San Antonio,23,44,fbs,fbs,1316.0,1620.0,False,21,UT San Antonio
401309892,2021,10,Arizona State,USC,31,16,fbs,fbs,1662.0,1587.0,False,-15,Arizona State
401310739,2021,10,Hawai'i,San Diego State,10,17,fbs,fbs,1316.0,1620.0,False,7,San Diego State
401309584,2021,11,Western Michigan,Akron,45,40,fbs,fbs,1429.0,986.0,False,-5,Western Michigan
401308840,2021,11,Miami (OH),Buffalo,45,18,fbs,fbs,1409.0,1450.0,False,-27,Miami (OH)
401309583,2021,11,Eastern Michigan,Ohio,26,34,fbs,fbs,1486.0,1333.0,False,8,Ohio
401309585,2021,11,Bowling Green,Toledo,17,49,fbs,fbs,1080.0,1497.0,False,32,Toledo
401309587,2021,11,Northern Illinois,Ball State,30,29,fbs,fbs,1254.0,1470.0,False,-1,Northern Illinois
401309586,2021,11,Central Michigan,Kent State,54,30,fbs,fbs,1394.0,1304.0,False,-24,Central Michigan
401282683,2021,11,Pittsburgh,North Carolina,30,23,fbs,fbs,1727.0,1664.0,False,-7,Pittsburgh
401301040,2021,11,South Florida,Cincinnati,28,45,fbs,fbs,1215.0,1921.0,False,17,Cincinnati
401341943,2021,11,Fairmont State,Wheeling Jesuit,29,14,ii,ii,,,False,-15,Fairmont State
401310742,2021,11,Boise State,Wyoming,23,13,fbs,fbs,1746.0,1507.0,False,-10,Boise State
401282129,2021,11,Florida,Samford,70,52,fbs,fcs,1775.0,1066.0,False,-18,Florida
401282684,2021,11,Clemson,Connecticut,44,7,fbs,fbs,1810.0,940.0,False,-37,Clemson
401287938,2021,11,Baylor,Oklahoma,27,14,fbs,fbs,1694.0,1888.0,False,-13,Baylor
401328999,2021,11,North Greenville,Shorter,56,0,ii,ii,,,False,-56,North Greenville
401329178,2021,11,Minot State,Concordia-St. Paul,28,20,ii,ii,,,False,-8,Minot State
401329189,2021,11,Bloomsburg,California (PA),9,24,ii,ii,,,False,15,California (PA)
401329209,2021,11,West Chester,Indiana (PA),24,31,ii,ii,,,False,7,Indiana (PA)
401329429,2021,11,Millersville,Edinboro,21,42,ii,ii,,,False,21,Edinboro
401329440,2021,11,Notre Dame College,Alderson-Broaddus,72,7,ii,ii,,,False,-65,Notre Dame College
401329455,2021,11,West Texas A&M,Bethel Col,52,9,ii,,,,False,-43,West Texas A&M
401329486,2021,11,Findlay,Tiffin,26,21,ii,ii,,,False,-5,Findlay
401341946,2021,11,West Virginia State,Charleston (WV),13,38,ii,ii,,,False,25,Charleston (WV)
401344443,2021,11,Bentley,Assumption,48,23,ii,ii,,,False,-25,Bentley
401347697,2021,11,American International,Pace,14,7,ii,ii,,,False,-7,American International
401387493,2021,11,Kutztown,Slippery Rock,38,32,ii,ii,,,False,-6,Kutztown
401282687,2021,11,Louisville,Syracuse,41,3,fbs,fbs,1536.0,1496.0,False,-38,Louisville
401387494,2021,11,Shepherd,Clarion,55,0,ii,ii,,,False,-55,Shepherd
401286304,2021,11,UMass,Maine,10,35,fbs,fcs,528.0,1441.0,False,25,Maine
401310254,2021,11,Army,Bucknell,63,10,fbs,fcs,1659.0,969.0,False,-53,Army
401328370,2021,11,Youngstown State,North Dakota State,17,49,fcs,fcs,,,False,32,North Dakota State
401282127,2021,11,Alabama,New Mexico State,59,3,fbs,fbs,2187.0,1081.0,False,-56,Alabama
401282128,2021,11,Auburn,Mississippi State,34,43,fbs,fbs,1718.0,1618.0,False,9,Mississippi State
401282728,2021,11,Indiana,Rutgers,3,38,fbs,fbs,1449.0,1323.0,False,35,Rutgers
401328274,2021,11,Harvard,Pennsylvania,23,7,fcs,fcs,,,False,-16,Harvard
401301041,2021,11,SMU,UCF,55,28,fbs,fbs,1622.0,1646.0,False,-27,SMU
401301042,2021,11,Memphis,East Carolina,29,30,fbs,fbs,1507.0,1551.0,False,1,East Carolina
401301043,2021,11,Temple,Houston,8,37,fbs,fbs,963.0,1662.0,False,29,Houston
401337826,2021,11,Dayton,Davidson,38,29,fcs,fcs,,,False,-9,Dayton
401287939,2021,11,Kansas State,West Virginia,34,17,fbs,fbs,1595.0,1525.0,False,-17,Kansas State
401328484,2021,11,Lehigh,Georgetown,23,9,fcs,fcs,,,False,-14,Lehigh
401332304,2021,11,Sacred Heart,Wagner,27,0,fcs,fcs,,,False,-27,Sacred Heart
401332297,2021,11,Duquesne,Central Connecticut,31,27,fcs,fcs,,,False,-4,Duquesne
401329331,2021,11,St Francis (PA),Merrimack,22,6,fcs,fcs,,,False,-16,St Francis (PA)
401328645,2021,11,Grambling,Bethune-Cookman,14,31,fcs,fcs,,,False,17,Bethune-Cookman
401328505,2021,11,Butler,Valparaiso,3,47,fcs,fcs,,,False,44,Valparaiso
401328158,2021,11,Monmouth,Robert Morris,44,7,fcs,fcs,,,False,-37,Monmouth
401282806,2021,11,Wisconsin,Northwestern,35,7,fbs,fbs,1885.0,1416.0,False,-28,Wisconsin
401282780,2021,11,Penn State,Michigan,17,21,fbs,fbs,1778.0,1882.0,False,4,Michigan
401328476,2021,11,Lafayette,Colgate,13,20,fcs,fcs,,,False,7,Colgate
401328322,2021,11,Howard,North Carolina Central,27,45,fcs,fcs,,,False,18,North Carolina Central
401344146,2021,11,Princeton,Yale,35,20,fcs,fcs,,,False,-15,Princeton
401339817,2021,11,Bryant,Long Island University,52,7,fcs,fcs,,,False,-45,Bryant
401332318,2021,11,Drake,St. Thomas (MN),14,21,fcs,fcs,,,False,7,St. Thomas (MN)
401328525,2021,11,Morehead State,Stetson,36,35,fcs,fcs,,,False,-1,Morehead State
401328520,2021,11,Presbyterian College,Marist,32,57,fcs,fcs,,,False,25,Marist
401328491,2021,11,Fordham,Holy Cross,24,52,fcs,fcs,,,False,28,Holy Cross
401328344,2021,11,Indiana State,Southern Illinois,21,47,fcs,fcs,,,False,26,Southern Illinois
401328295,2021,11,Delaware State,Norfolk State,28,26,fcs,fcs,,,False,-2,Delaware State
401328246,2021,11,Columbia,Brown,23,17,fcs,fcs,,,False,-6,Columbia
401328229,2021,11,Villanova,Stony Brook,33,14,fcs,fcs,,,False,-19,Villanova
401328209,2021,11,Rhode Island,New Hampshire,28,3,fcs,fcs,,,False,-25,Rhode Island
401328167,2021,11,Albany,Morgan State,41,14,fcs,fcs,,,False,-27,Albany
401328116,2021,11,Campbell,Hampton,21,28,fcs,fcs,,,False,7,Hampton
401327995,2021,11,Sam Houston State,Eastern Kentucky,42,28,fcs,fcs,,,False,-14,Sam Houston State
401328932,2021,11,Franklin Pierce,New Haven,20,34,ii,ii,,,False,14,New Haven
401328934,2021,11,Ferris State,Wayne State (MI),35,13,ii,ii,,,False,-22,Ferris State
401337874,2021,11,Frostburg State,West Liberty,56,3,ii,ii,,,False,-53,Frostburg State
401328722,2021,11,Kentucky Wesleyan,Ashland,0,17,ii,ii,,,False,17,Ashland
401328712,2021,11,Truman State,Indianapolis,10,13,ii,ii,,,False,3,Indianapolis
401334767,2021,11,Concord,UNC Pembroke,28,25,ii,ii,,,False,-3,Concord
401332018,2021,11,Hillsdale,Ohio Dominican,21,17,ii,ii,,,False,-4,Hillsdale
401328959,2021,11,Michigan Tech,Saginaw Valley,21,20,ii,ii,,,False,-1,Michigan Tech
401328972,2021,11,Northern Michigan,Northwood (MI),34,26,ii,ii,,,False,-8,Northern Michigan
401329697,2021,11,Lenoir-Rhyne,Catawba,56,3,ii,ii,,,False,-53,Lenoir-Rhyne
401329490,2021,11,Nebraska-Kearney,Northeastern State,56,10,ii,ii,,,False,-46,Nebraska-Kearney
401329480,2021,11,Lake Erie College,Walsh,7,24,ii,ii,,,False,17,Walsh
401329393,2021,11,WV Wesleyan,Glenville State,13,43,ii,ii,,,False,30,Glenville State
401329371,2021,11,Shippensburg,Mercyhurst,17,13,ii,ii,,,False,-4,Shippensburg
401329356,2021,11,Lock Haven,Seton Hill College,7,59,ii,ii,,,False,52,Seton Hill College
401329047,2021,11,Minnesota St-Moorhead,Wayne State (NE),21,24,ii,ii,,,False,3,Wayne State (NE)
401329019,2021,11,West Georgia,Delta State,44,7,ii,ii,,,False,-37,West Georgia
401388831,2021,11,Bowie State,Fayetteville State,17,7,ii,ii,,,False,-10,Bowie State
401341494,2021,11,Erskine,Kentucky State,17,41,ii,ii,,,False,24,Kentucky State
401347705,2021,11,Southern Connecticut State,Stonehill,6,42,ii,ii,,,False,36,Stonehill
401328732,2021,11,Grand Valley State,Davenport,42,0,ii,ii,,,False,-42,Grand Valley State
401329007,2021,11,West Alabama,Mississippi College,24,28,ii,ii,,,False,4,Mississippi College
401329663,2021,11,East Stroudsburg,Gannon,10,13,ii,ii,,,False,3,Gannon
401386511,2021,11,Allen,Edward Waters,34,51,ii,ii,,,False,17,Edward Waters
401328155,2021,11,South Carolina State,North Carolina A&T,17,27,fcs,fcs,,,False,10,North Carolina A&T
401329650,2021,11,Tusculum,Carson-Newman,48,13,ii,ii,,,False,-35,Tusculum
401328256,2021,11,Dartmouth,Cornell,41,7,fcs,fcs,,,False,-34,Dartmouth
401328125,2021,11,Gardner-Webb,Charleston Southern,24,32,fcs,fcs,,,False,8,Charleston Southern
401328181,2021,11,Richmond,Delaware,51,27,fcs,fcs,,,False,-24,Richmond
401328190,2021,11,Towson,Elon,14,37,fcs,fcs,,,False,23,Elon
401328379,2021,11,South Dakota,South Dakota State,23,20,fcs,fcs,,,False,-3,South Dakota
401328425,2021,11,Murray State,Southeast Missouri State,28,10,fcs,fcs,,,False,-18,Murray State
401328553,2021,11,The Citadel,Wofford,45,44,fcs,fcs,,,False,-1,The Citadel
401309639,2021,11,Coastal Carolina,Georgia State,40,42,fbs,fbs,1806.0,1367.0,False,2,Georgia State
401328027,2021,11,Abilene Christian,Tarleton State,29,3,fcs,fcs,,,False,-26,Abilene Christian
401328623,2021,11,Mississippi Valley State,Alabama State,44,31,fcs,fcs,,,False,-13,Mississippi Valley State
401328573,2021,11,Western Carolina,East Tennessee State,35,56,fcs,fcs,,,False,21,East Tennessee State
401328559,2021,11,Furman,VMI,37,31,fcs,fcs,,,False,-6,Furman
401329350,2021,11,Central Missouri State,Central Oklahoma,30,29,ii,ii,,,False,-1,Central Missouri State
401309896,2021,11,Arizona,Utah,29,38,fbs,fbs,1233.0,1835.0,False,9,Utah
401328403,2021,11,Ouachita Baptist,Henderson State,31,28,ii,ii,,,False,-3,Ouachita Baptist
401328615,2021,11,Lindenwood,McKendree,45,30,ii,ii,,,False,-15,Lindenwood
401328688,2021,11,Southwest Baptist,Missouri S&T,41,42,ii,ii,,,False,1,Missouri S&T
401329033,2021,11,Colorado Mines,Adams State,63,0,ii,ii,,,False,-63,Colorado Mines
401329067,2021,11,Winona State,Minnesota State,18,16,ii,ii,,,False,-2,Winona State
401329112,2021,11,Midwestern State,University of Texas of the Permian Basin,36,30,ii,ii,,,False,-6,Midwestern State
401329132,2021,11,Bemidji State,University of Mary,62,40,ii,ii,,,False,-22,Bemidji State
401329150,2021,11,Augustana (SD),Southwest Minnesota State,55,0,ii,ii,,,False,-55,Augustana (SD)
401329318,2021,11,South Dakota Mines,Colorado Mesa,10,13,ii,ii,,,False,3,Colorado Mesa
401329411,2021,11,Fort Hays State,Pittsburg State,24,34,ii,ii,,,False,10,Pittsburg State
401329449,2021,11,Lincoln (MO),Missouri Western,12,41,ii,ii,,,False,29,Missouri Western
401329461,2021,11,Washburn,Missouri Southern State,38,28,ii,ii,,,False,-10,Washburn
401329507,2021,11,Sioux Falls,Upper Iowa,42,21,ii,ii,,,False,-21,Sioux Falls
401329642,2021,11,UVA-Wise,Barton College,24,36,ii,ii,,,False,12,Barton College
401332009,2021,11,William Jewell College,Quincy,17,51,ii,ii,,,False,34,Quincy
401282259,2021,11,Rice,Western Kentucky,21,42,fbs,fbs,1126.0,1557.0,False,21,Western Kentucky
401329076,2021,11,Minnesota-Duluth,Northern State,49,35,ii,ii,,,False,-14,Minnesota-Duluth
401329403,2021,11,Northwest Missouri State,Emporia State,35,7,ii,ii,,,False,-28,Northwest Missouri State
401309637,2021,11,Appalachian State,South Alabama,31,7,fbs,fbs,1686.0,1383.0,False,-24,Appalachian State
401328462,2021,11,Tennessee Tech,UT Martin,3,42,fcs,fcs,,,False,39,UT Martin
401328583,2021,11,Houston Christian,McNeese,3,44,fcs,fcs,,,False,41,McNeese
401309640,2021,11,Texas State,Georgia Southern,30,38,fbs,fbs,1133.0,1339.0,False,8,Georgia Southern
401328543,2021,11,Mercer,Chattanooga,10,6,fcs,fcs,,,False,-4,Mercer
401328411,2021,11,Tennessee State,Austin Peay,7,36,fcs,fcs,,,False,29,Austin Peay
401328359,2021,11,Missouri State,Northern Iowa,34,27,fcs,fcs,,,False,-7,Missouri State
401328639,2021,11,Arkansas-Pine Bluff,Florida A&M,7,37,fcs,fcs,,,False,30,Florida A&M
401328335,2021,11,North Dakota,Illinois State,14,7,fcs,fcs,,,False,-7,North Dakota
401328142,2021,11,North Alabama,Kennesaw State,24,28,fcs,fcs,,,False,4,Kennesaw State
401328074,2021,11,Northern Arizona,Montana,3,30,fcs,fcs,,,False,27,Montana
401328693,2021,11,Texas Southern,Alabama A&M,49,52,fcs,fcs,,,False,3,Alabama A&M
401328055,2021,11,Montana State,Idaho,20,13,fcs,fcs,,,False,-7,Montana State
401328632,2021,11,Alcorn State,Prairie View,31,29,fcs,fcs,,,False,-2,Alcorn State
401328353,2021,11,Southeastern Oklahoma,East Central,28,30,ii,ii,,,False,2,East Central
401328470,2021,11,Southern Nazarene,Oklahoma Baptist,14,42,ii,ii,,,False,28,Oklahoma Baptist
401328318,2021,11,Southern Arkansas,Arkansas-Monticello,37,73,ii,ii,,,False,36,Arkansas-Monticello
401329304,2021,11,Black Hills State,Chadron State,6,57,ii,ii,,,False,51,Chadron State
401329659,2021,11,Wingate,Mars Hill,26,19,ii,ii,,,False,-7,Wingate
401329336,2021,11,Western State,Colorado State-Pueblo,14,7,ii,ii,,,False,-7,Western State
401328286,2021,11,Arkansas Tech,Harding,0,31,ii,ii,,,False,31,Harding
401282689,2021,11,Virginia Tech,Duke,48,17,fbs,fbs,1495.0,1133.0,False,-31,Virginia Tech
401282685,2021,11,Florida State,Miami,31,28,fbs,fbs,1495.0,1544.0,False,-3,Florida State
401282256,2021,11,Old Dominion,Florida Atlantic,30,16,fbs,fbs,1236.0,1566.0,False,-14,Old Dominion
401282133,2021,11,Tennessee,Georgia,17,41,fbs,fbs,1628.0,2157.0,False,24,Georgia
401282257,2021,11,Marshall,UAB,14,21,fbs,fbs,1692.0,1519.0,False,7,UAB
401282686,2021,11,Georgia Tech,Boston College,30,41,fbs,fbs,1417.0,1461.0,False,11,Boston College
401282255,2021,11,Middle Tennessee,Florida International,50,10,fbs,fbs,1310.0,1072.0,False,-40,Middle Tennessee
401282254,2021,11,Louisiana Tech,Charlotte,42,32,fbs,fbs,1253.0,1219.0,False,-10,Louisiana Tech
401282812,2021,11,Ohio State,Purdue,59,31,fbs,fbs,2113.0,1640.0,False,-28,Ohio State
401309641,2021,11,Troy,Louisiana,21,35,fbs,fbs,1403.0,1777.0,False,14,Louisiana
401282260,2021,11,UT San Antonio,Southern Mississippi,27,17,fbs,fbs,1641.0,1045.0,False,-10,UT San Antonio
401328197,2021,11,William & Mary,James Madison,22,32,fcs,fcs,,,False,10,James Madison
401287942,2021,11,Texas Tech,Iowa State,41,38,fbs,fbs,1451.0,1909.0,False,-3,Texas Tech
401282762,2021,11,Iowa,Minnesota,27,22,fbs,fbs,1764.0,1640.0,False,-5,Iowa
401301044,2021,11,Tulane,Tulsa,13,20,fbs,fbs,1356.0,1420.0,False,7,Tulsa
401282771,2021,11,Michigan State,Maryland,40,21,fbs,fbs,1606.0,1319.0,False,-19,Michigan State
401328098,2021,11,Southern Utah,Weber State,0,62,fcs,fcs,,,False,62,Weber State
401328597,2021,11,Nicholls,Incarnate Word,23,27,fcs,fcs,,,False,4,Incarnate Word
401282132,2021,11,Missouri,South Carolina,31,28,fbs,fbs,1356.0,1432.0,False,-3,Missouri
401282258,2021,11,North Texas,UTEP,20,17,fbs,fbs,1231.0,1295.0,False,-3,North Texas
401331757,2021,11,Limestone,Newberry,7,42,ii,ii,,,False,35,Newberry
401328457,2021,11,Northwestern Oklahoma State,Southwestern Oklahoma,31,28,ii,ii,,,False,-3,Northwestern Oklahoma State
401332021,2021,11,Central Washington,Simon Fraser,70,0,ii,ii,,,False,-70,Central Washington
401310745,2021,11,UNLV,Hawai'i,27,13,fbs,fbs,1187.0,1325.0,False,-14,UNLV
401368010,2021,11,Western Oregon,Lincoln University (CA),55,16,ii,,,,False,-39,Western Oregon
401328988,2021,11,West Florida,Valdosta State,61,42,ii,ii,,,False,-19,West Florida
401329159,2021,11,Texas A&M-Commerce,Eastern New Mexico,30,10,ii,ii,,,False,-20,Texas A&M-Commerce
401328003,2021,11,Lamar,Jacksonville State,7,38,fcs,fcs,,,False,31,Jacksonville State
401327975,2021,11,Central Arkansas,Stephen F. Austin,14,27,fcs,fcs,,,False,13,Stephen F. Austin
401309638,2021,11,Louisiana Monroe,Arkansas State,24,27,fbs,fbs,1015.0,1145.0,False,3,Arkansas State
401309894,2021,11,Oregon State,Stanford,35,14,fbs,fbs,1515.0,1396.0,False,-21,Oregon State
401328671,2021,11,Southern,Jackson State,17,21,fcs,fcs,,,False,4,Jackson State
401328600,2021,11,Southeastern Louisiana,Northwestern State,56,28,fcs,fcs,,,False,-28,Southeastern Louisiana
401310741,2021,11,Colorado State,Air Force,21,35,fbs,fbs,1485.0,1679.0,False,14,Air Force
401309897,2021,11,Washington,Arizona State,30,35,fbs,fbs,1651.0,1687.0,False,5,Arizona State
401282134,2021,11,Vanderbilt,Kentucky,17,34,fbs,fbs,1041.0,1631.0,False,17,Kentucky
401282131,2021,11,Ole Miss,Texas A&M,29,19,fbs,fbs,1751.0,1841.0,False,-10,Ole Miss
401310743,2021,11,Fresno State,New Mexico,34,7,fbs,fbs,1563.0,1188.0,False,-27,Fresno State
401282690,2021,11,Wake Forest,NC State,45,42,fbs,fbs,1716.0,1667.0,False,-3,Wake Forest
401282130,2021,11,LSU,Arkansas,13,16,fbs,fbs,1642.0,1594.0,False,3,Arkansas
401282688,2021,11,Virginia,Notre Dame,3,28,fbs,fbs,1593.0,1845.0,False,25,Notre Dame
401287941,2021,11,Texas,Kansas,56,57,fbs,fbs,1776.0,963.0,False,1,Kansas
401287940,2021,11,Oklahoma State,TCU,63,17,fbs,fbs,1813.0,1551.0,False,-46,Oklahoma State
401328046,2021,11,UC Davis,Eastern Washington,20,38,fcs,fcs,,,False,18,Eastern Washington
401329101,2021,11,Texas A&M-Kingsville,Angelo State,19,58,ii,ii,,,False,39,Angelo State
401328036,2021,11,Cal Poly,Idaho State,32,29,fcs,fcs,,,False,-3,Cal Poly
401327986,2021,11,Utah Tech,Fort Lewis,62,21,fcs,ii,,,False,-41,Utah Tech
401328094,2021,11,Sacramento State,Portland State,49,20,fcs,fcs,,,False,-29,Sacramento State
401309898,2021,11,UCLA,Colorado,44,20,fbs,fbs,1587.0,1345.0,False,-24,UCLA
401310744,2021,11,San José State,Utah State,17,48,fbs,fbs,1395.0,1418.0,False,31,Utah State
401310746,2021,11,San Diego State,Nevada,23,21,fbs,fbs,1611.0,1586.0,False,-2,San Diego State
401309895,2021,11,Oregon,Washington State,38,24,fbs,fbs,1744.0,1536.0,False,-14,Oregon
401309589,2021,12,Ohio,Toledo,23,35,fbs,fbs,1362.0,1537.0,False,12,Toledo
401309588,2021,12,Eastern Michigan,Western Michigan,22,21,fbs,fbs,1457.0,1418.0,False,-1,Eastern Michigan
401308841,2021,12,Miami (OH),Bowling Green,34,7,fbs,fbs,1484.0,1040.0,False,-27,Miami (OH)
401309591,2021,12,Ball State,Central Michigan,17,37,fbs,fbs,1463.0,1444.0,False,20,Central Michigan
401309590,2021,12,Buffalo,Northern Illinois,27,33,fbs,fbs,1375.0,1261.0,False,6,Northern Illinois
401328598,2021,12,Southeastern Louisiana,Nicholls,42,45,fcs,fcs,,,False,3,Nicholls
401282691,2021,12,Duke,Louisville,22,62,fbs,fbs,1092.0,1640.0,False,40,Louisville
401282264,2021,12,Louisiana Tech,Southern Mississippi,19,35,fbs,fbs,1268.0,1066.0,False,16,Southern Mississippi
401310747,2021,12,Nevada,Air Force,39,41,fbs,fbs,1586.0,1693.0,False,2,Air Force
401309899,2021,12,Washington State,Arizona,44,18,fbs,fbs,1525.0,1259.0,False,-26,Washington State
401301045,2021,12,Houston,Memphis,31,13,fbs,fbs,1664.0,1508.0,False,-18,Houston
401310751,2021,12,UNLV,San Diego State,20,28,fbs,fbs,1228.0,1611.0,False,8,San Diego State
401282693,2021,12,Clemson,Wake Forest,48,27,fbs,fbs,1815.0,1716.0,False,-21,Clemson
401282140,2021,12,Mississippi State,Tennessee State,55,10,fbs,fcs,1624.0,1654.0,False,-45,Mississippi State
401286305,2021,12,Army,UMass,33,17,fbs,fbs,1585.0,796.0,False,-16,Army
401287947,2021,12,West Virginia,Texas,31,23,fbs,fbs,1494.0,1725.0,False,-8,West Virginia
401301048,2021,12,Tulane,South Florida,45,14,fbs,fbs,1348.0,1238.0,False,-31,Tulane
401287944,2021,12,Oklahoma,Iowa State,28,21,fbs,fbs,1845.0,1901.0,False,-7,Oklahoma
401387856,2021,12,Notre Dame College,Slippery Rock,33,25,ii,ii,,,False,-8,Notre Dame College
401282692,2021,12,Boston College,Florida State,23,26,fbs,fbs,1481.0,1497.0,False,3,Florida State
401282263,2021,12,Western Kentucky,Florida Atlantic,52,17,fbs,fbs,1566.0,1506.0,False,-35,Western Kentucky
401282144,2021,12,Texas A&M,Prairie View,52,3,fbs,fcs,1931.0,1170.0,False,-49,Texas A&M
401282786,2021,12,Ohio State,Michigan State,56,7,fbs,fbs,2134.0,1622.0,False,-49,Ohio State
401387854,2021,12,Shepherd,Findlay,38,31,ii,ii,,,False,-7,Shepherd
401282696,2021,12,North Carolina,Wofford,34,14,fbs,fcs,1736.0,933.0,False,-20,North Carolina
401282137,2021,12,Kentucky,New Mexico State,56,16,fbs,fbs,1617.0,1052.0,False,-40,Kentucky
401282136,2021,12,Georgia,Charleston Southern,56,7,fbs,fcs,2415.0,,False,-49,Georgia
401282808,2021,12,Northwestern,Purdue,14,32,fbs,fbs,1394.0,1619.0,True,18,Purdue
401309592,2021,12,Akron,Kent State,0,38,fbs,fbs,997.0,1254.0,False,38,Kent State
401282818,2021,12,Penn State,Rutgers,28,0,fbs,fbs,1778.0,1444.0,False,-28,Penn State
401332305,2021,12,Long Island University,Sacred Heart,14,38,fcs,fcs,,,False,24,Sacred Heart
401344147,2021,12,Yale,Harvard,31,34,fcs,fcs,,,False,3,Harvard
401335303,2021,12,Lehigh,Lafayette,17,10,fcs,fcs,,,False,-7,Lehigh
401332309,2021,12,Central Connecticut,St Francis (PA),24,21,fcs,fcs,,,False,-3,Central Connecticut
401332298,2021,12,Wagner,Duquesne,0,44,fcs,fcs,,,False,44,Duquesne
401328506,2021,12,Marist,Butler,21,28,fcs,fcs,,,False,7,Butler
401328477,2021,12,Colgate,Fordham,45,31,fcs,fcs,,,False,-14,Colgate
401328303,2021,12,Morgan State,Georgetown,28,21,fcs,fcs,,,False,-7,Morgan State
401328268,2021,12,Brown,Dartmouth,31,52,fcs,fcs,,,False,21,Dartmouth
401328117,2021,12,Robert Morris,Campbell,20,17,fcs,fcs,,,False,-3,Robert Morris
401328570,2021,12,VMI,Western Carolina,24,52,fcs,fcs,,,False,28,Western Carolina
401328137,2021,12,Hampton,North Alabama,27,35,fcs,fcs,,,False,8,North Alabama
401328131,2021,12,North Carolina A&T,Gardner-Webb,27,35,fcs,fcs,,,False,8,Gardner-Webb
401334823,2021,12,Stetson,San Diego,16,41,fcs,fcs,,,False,25,San Diego
401332319,2021,12,Davidson,Drake,45,14,fcs,fcs,,,False,-31,Davidson
401329332,2021,12,Merrimack,Bryant,14,58,fcs,fcs,,,False,44,Bryant
401328695,2021,12,East Tennessee State,Mercer,38,35,fcs,fcs,,,False,-3,East Tennessee State
401328593,2021,12,McNeese,Northwestern State,20,24,fcs,fcs,,,False,4,Northwestern State
401328560,2021,12,Samford,Furman,34,41,fcs,fcs,,,False,7,Furman
401328168,2021,12,Stony Brook,Albany,36,14,fcs,fcs,,,False,-22,Stony Brook
401328143,2021,12,Kennesaw State,Monmouth,49,17,fcs,fcs,,,False,-32,Kennesaw State
401328492,2021,12,Bucknell,Holy Cross,6,45,fcs,fcs,,,False,39,Holy Cross
401328419,2021,12,Eastern Illinois,Murray State,13,20,fcs,fcs,,,False,7,Murray State
401328386,2021,12,Southern Illinois,Youngstown State,18,35,fcs,fcs,,,False,17,Youngstown State
401328336,2021,12,Illinois State,Indiana State,10,15,fcs,fcs,,,False,5,Indiana State
401328275,2021,12,Pennsylvania,Princeton,14,34,fcs,fcs,,,False,20,Princeton
401328247,2021,12,Cornell,Columbia,26,34,fcs,fcs,,,False,8,Columbia
401341488,2021,12,Howard,Virginia Lynchburg,56,6,fcs,,,,False,-50,Howard
401328203,2021,12,New Hampshire,Maine,20,33,fcs,fcs,,,False,13,Maine
401328182,2021,12,Delaware,Villanova,13,21,fcs,fcs,,,False,8,Villanova
401387852,2021,12,New Haven,Bentley,38,13,ii,ii,,,False,-25,New Haven
401387859,2021,12,Albany State (GA),West Georgia,7,23,ii,ii,,,False,16,West Georgia
401309644,2021,12,Coastal Carolina,Texas State,35,21,fbs,fbs,1776.0,1133.0,False,-14,Coastal Carolina
401387860,2021,12,Bowie State,Lenoir-Rhyne,31,10,ii,ii,,,False,-21,Bowie State
401387851,2021,12,Augustana (SD),Bemidji State,24,28,ii,ii,,,False,4,Bemidji State
401387850,2021,12,Grand Valley State,Lindenwood,20,3,ii,ii,,,False,-17,Grand Valley State
401387861,2021,12,West Florida,Newberry,30,33,ii,ii,,,False,3,Newberry
401328544,2021,12,Chattanooga,The Citadel,21,24,fcs,fcs,,,False,3,The Citadel
401328014,2021,12,Abilene Christian,Sam Houston State,9,35,fcs,fcs,,,False,26,Sam Houston State
401327996,2021,12,Eastern Kentucky,Jacksonville State,39,31,fcs,fcs,,,False,-8,Eastern Kentucky
401328069,2021,12,Montana,Montana State,29,10,fcs,fcs,,,False,-19,Montana
401328191,2021,12,Elon,Rhode Island,43,28,fcs,fcs,,,False,-15,Elon
401329467,2021,12,Western New Mexico,New Mexico Highlands,28,31,ii,ii,,,False,3,New Mexico Highlands
401328198,2021,12,James Madison,Towson,56,10,fcs,fcs,,,False,-46,James Madison
401387853,2021,12,Harding,Washburn,30,14,ii,ii,,,False,-16,Harding
401328377,2021,12,Northern Iowa,Western Illinois,41,3,fcs,fcs,,,False,-38,Northern Iowa
401328633,2021,12,Jackson State,Alcorn State,24,10,fcs,fcs,,,False,-14,Jackson State
401309643,2021,12,Georgia State,Arkansas State,28,20,fbs,fbs,1397.0,1142.0,False,-8,Georgia State
401332324,2021,12,St. Thomas (MN),Presbyterian College,54,15,fcs,fcs,,,False,-39,St. Thomas (MN)
401332314,2021,12,Southeast Missouri State,UT Martin,31,14,fcs,fcs,,,False,-17,Southeast Missouri State
401328640,2021,12,Alabama A&M,Arkansas-Pine Bluff,52,24,fcs,fcs,,,False,-28,Alabama A&M
401282721,2021,12,Iowa,Illinois,33,23,fbs,fbs,1764.0,1400.0,False,-10,Iowa
401387855,2021,12,Angelo State,Minnesota-Duluth,48,14,ii,ii,,,False,-34,Angelo State
401328296,2021,12,North Carolina Central,Delaware State,34,28,fcs,fcs,,,False,-6,North Carolina Central
401328308,2021,12,Norfolk State,South Carolina State,21,31,fcs,fcs,,,False,10,South Carolina State
401387857,2021,12,Northwest Missouri State,Central Washington,50,21,ii,ii,,,False,-29,Northwest Missouri State
401328526,2021,12,Valparaiso,Morehead State,38,51,fcs,fcs,,,False,13,Morehead State
401282697,2021,12,Notre Dame,Georgia Tech,55,0,fbs,fbs,1883.0,1397.0,False,-55,Notre Dame
401309903,2021,12,Colorado,Washington,20,17,fbs,fbs,1311.0,1645.0,False,-3,Colorado
401328584,2021,12,Houston Christian,Incarnate Word,14,55,fcs,fcs,,,False,41,Incarnate Word
401328624,2021,12,Alabama State,Texas Southern,24,21,fcs,fcs,,,False,-3,Alabama State
401328056,2021,12,Idaho State,Idaho,0,14,fcs,fcs,,,False,14,Idaho
401328412,2021,12,Austin Peay,Tennessee Tech,48,20,fcs,fcs,,,False,-28,Austin Peay
401328084,2021,12,Weber State,Northern Colorado,48,17,fcs,fcs,,,False,-31,Weber State
401387858,2021,12,Western State,Nebraska-Kearney,24,31,ii,ii,,,False,7,Nebraska-Kearney
401328366,2021,12,South Dakota State,North Dakota,24,21,fcs,fcs,,,False,-3,South Dakota State
401282135,2021,12,Alabama,Arkansas,42,35,fbs,fbs,2216.0,1601.0,False,-7,Alabama
401282261,2021,12,Charlotte,Marshall,28,49,fbs,fbs,1204.0,1665.0,False,21,Marshall
401282732,2021,12,Indiana,Minnesota,14,35,fbs,fbs,1328.0,1640.0,False,21,Minnesota
401282770,2021,12,Maryland,Michigan,18,59,fbs,fbs,1303.0,1882.0,False,41,Michigan
401282698,2021,12,Pittsburgh,Virginia,48,38,fbs,fbs,1733.0,1555.0,False,-10,Pittsburgh
401282267,2021,12,UT San Antonio,UAB,34,31,fbs,fbs,1620.0,1546.0,False,-3,UT San Antonio
401282803,2021,12,Wisconsin,Nebraska,35,28,fbs,fbs,1907.0,1713.0,False,-7,Wisconsin
401301047,2021,12,Navy,East Carolina,35,38,fbs,fbs,1299.0,1550.0,False,3,East Carolina
401328646,2021,12,Florida A&M,Bethune-Cookman,46,21,fcs,fcs,,,False,-25,Florida A&M
401282265,2021,12,Middle Tennessee,Old Dominion,17,24,fbs,fbs,1394.0,1296.0,False,7,Old Dominion
401309642,2021,12,Troy,Appalachian State,7,45,fbs,fbs,1405.0,1714.0,False,38,Appalachian State
401328371,2021,12,North Dakota State,South Dakota,52,24,fcs,fcs,,,False,-28,North Dakota State
401328225,2021,12,William & Mary,Richmond,17,20,fcs,fcs,,,False,3,Richmond
401301046,2021,12,Cincinnati,SMU,48,14,fbs,fbs,1898.0,1695.0,False,-34,Cincinnati
401328097,2021,12,UC Davis,Sacramento State,7,27,fcs,fcs,,,False,20,Sacramento State
401309645,2021,12,Georgia Southern,BYU,17,34,fbs,fbs,1339.0,1739.0,False,17,BYU
401282266,2021,12,UTEP,Rice,38,28,fbs,fbs,1293.0,1117.0,False,-10,UTEP
401282141,2021,12,Missouri,Florida,24,23,fbs,fbs,1358.0,1642.0,False,-1,Missouri
401301049,2021,12,Tulsa,Temple,44,10,fbs,fbs,1428.0,961.0,False,-34,Tulsa
401287945,2021,12,TCU,Kansas,31,28,fbs,fbs,1450.0,1014.0,False,-3,TCU
401282695,2021,12,NC State,Syracuse,41,17,fbs,fbs,1667.0,1392.0,False,-24,NC State
401286298,2021,12,Liberty,Louisiana,14,42,fbs,fbs,1662.0,1775.0,False,28,Louisiana
401309904,2021,12,USC,UCLA,33,62,fbs,fbs,1562.0,1621.0,False,29,UCLA
401286293,2021,12,UCF,Connecticut,49,17,fbs,fbs,1573.0,935.0,False,-32,UCF
401328010,2021,12,Lamar,Stephen F. Austin,6,42,fcs,fcs,,,False,36,Stephen F. Austin
401328047,2021,12,Portland State,Eastern Washington,28,42,fcs,fcs,,,False,14,Eastern Washington
401287943,2021,12,Kansas State,Baylor,10,20,fbs,fbs,1626.0,1737.0,False,10,Baylor
401309900,2021,12,Stanford,California,11,41,fbs,fbs,1359.0,1488.0,False,30,California
401282262,2021,12,Florida International,North Texas,7,49,fbs,fbs,988.0,1233.0,False,42,North Texas
401327976,2021,12,Tarleton State,Central Arkansas,24,3,fcs,fcs,,,False,-21,Tarleton State
401282142,2021,12,South Carolina,Auburn,21,17,fbs,fbs,1430.0,1691.0,False,-4,South Carolina
401282143,2021,12,Tennessee,South Alabama,60,14,fbs,fbs,1621.0,1355.0,False,-46,Tennessee
401282139,2021,12,Ole Miss,Vanderbilt,31,17,fbs,fbs,1775.0,1055.0,False,-14,Ole Miss
401282694,2021,12,Miami,Virginia Tech,38,26,fbs,fbs,1542.0,1536.0,False,-12,Miami
401309901,2021,12,Utah,Oregon,38,7,fbs,fbs,1809.0,1755.0,False,-31,Utah
401287946,2021,12,Texas Tech,Oklahoma State,0,23,fbs,fbs,1459.0,1914.0,False,23,Oklahoma State
401310750,2021,12,Utah State,Wyoming,17,44,fbs,fbs,1503.0,1506.0,False,27,Wyoming
401328037,2021,12,Cal Poly,Northern Arizona,21,45,fcs,fcs,,,False,24,Northern Arizona
401327987,2021,12,Utah Tech,Missouri State,24,55,fcs,fcs,,,False,31,Missouri State
401282138,2021,12,LSU,Louisiana Monroe,27,14,fbs,fbs,1635.0,1018.0,False,-13,LSU
401310748,2021,12,Boise State,New Mexico,37,0,fbs,fbs,1747.0,1160.0,False,-37,Boise State
401309902,2021,12,Oregon State,Arizona State,24,10,fbs,fbs,1552.0,1693.0,False,-14,Oregon State
401310749,2021,12,Hawai'i,Colorado State,50,45,fbs,fbs,1284.0,1471.0,False,-5,Hawai'i
401309594,2021,13,Northern Illinois,Western Michigan,21,42,fbs,fbs,1281.0,1418.0,False,21,Western Michigan
401309593,2021,13,Ball State,Buffalo,20,3,fbs,fbs,1410.0,1355.0,False,-17,Ball State
401328625,2021,13,Alabama State,Tuskegee,43,9,fcs,ii,,,False,-34,Alabama State
401310757,2021,13,San José State,Fresno State,9,40,fbs,fbs,1310.0,1591.0,False,31,Fresno State
401282151,2021,13,Mississippi State,Ole Miss,21,31,fbs,fbs,1645.0,1750.0,False,10,Ole Miss
401309596,2021,13,Bowling Green,Ohio,21,10,fbs,fbs,1018.0,1351.0,False,-11,Bowling Green
401310753,2021,13,San Diego State,Boise State,27,16,fbs,fbs,1598.0,1781.0,False,-11,San Diego State
401287952,2021,13,Texas,Kansas State,22,17,fbs,fbs,1698.0,1615.0,False,-5,Texas
401309595,2021,13,Central Michigan,Eastern Michigan,31,10,fbs,fbs,1497.0,1457.0,False,-21,Central Michigan
401310755,2021,13,New Mexico,Utah State,10,35,fbs,fbs,1126.0,1430.0,False,25,Utah State
401282761,2021,13,Nebraska,Iowa,21,28,fbs,fbs,1714.0,1757.0,False,7,Iowa
401282274,2021,13,UAB,UTEP,42,25,fbs,fbs,1546.0,1298.0,False,-17,UAB
401282145,2021,13,Arkansas,Missouri,34,17,fbs,fbs,1622.0,1366.0,False,-17,Arkansas
401301051,2021,13,East Carolina,Cincinnati,13,35,fbs,fbs,1540.0,1967.0,False,22,Cincinnati
401310752,2021,13,Air Force,UNLV,48,14,fbs,fbs,1690.0,1241.0,False,-34,Air Force
401309648,2021,13,South Alabama,Coastal Carolina,21,27,fbs,fbs,1254.0,1756.0,False,6,Coastal Carolina
401301050,2021,13,UCF,South Florida,17,13,fbs,fbs,1588.0,1168.0,False,-4,UCF
401309906,2021,13,Utah,Colorado,28,13,fbs,fbs,1886.0,1317.0,False,-15,Utah
401287949,2021,13,Iowa State,TCU,48,14,fbs,fbs,1888.0,1446.0,False,-34,Iowa State
401282699,2021,13,NC State,North Carolina,34,30,fbs,fbs,1697.0,1658.0,False,-4,NC State
401309905,2021,13,Washington,Washington State,13,40,fbs,fbs,1639.0,1562.0,False,27,Washington State
401282148,2021,13,Georgia Tech,Georgia,0,45,fbs,fbs,1296.0,2164.0,False,45,Georgia
401282147,2021,13,Florida,Florida State,24,21,fbs,fbs,1634.0,1501.0,False,-3,Florida
401389032,2021,13,Holy Cross,Sacred Heart,13,10,fcs,fcs,,,False,-3,Holy Cross
401308842,2021,13,Kent State,Miami (OH),48,47,fbs,fbs,1332.0,1506.0,False,-1,Kent State
401301052,2021,13,Connecticut,Houston,17,45,fbs,fbs,920.0,1689.0,False,28,Houston
401309597,2021,13,Toledo,Akron,49,14,fbs,fbs,1548.0,919.0,False,-35,Toledo
401301054,2021,13,Temple,Navy,14,38,fbs,fbs,923.0,1309.0,False,24,Navy
401282700,2021,13,Boston College,Wake Forest,10,41,fbs,fbs,1477.0,1676.0,False,31,Wake Forest
401286299,2021,13,Liberty,Army,16,31,fbs,fbs,1599.0,1557.0,False,15,Army
401282766,2021,13,Rutgers,Maryland,16,40,fbs,fbs,1409.0,1256.0,False,24,Maryland
401287948,2021,13,Baylor,Texas Tech,27,24,fbs,fbs,1748.0,1448.0,False,-3,Baylor
401282781,2021,13,Michigan,Ohio State,42,27,fbs,fbs,1929.0,2212.0,False,-15,Michigan
401282701,2021,13,Duke,Miami,10,47,fbs,fbs,1044.0,1564.0,False,37,Miami
401388891,2021,13,Valdosta State,West Georgia,66,35,ii,ii,,,False,-31,Valdosta State
401388890,2021,13,Kutztown,New Haven,10,7,ii,ii,,,False,-3,Kutztown
401282271,2021,13,Rice,Louisiana Tech,35,31,fbs,fbs,1112.0,1208.0,False,-4,Rice
401388894,2021,13,Ferris State,Grand Valley State,54,20,ii,ii,,,False,-34,Ferris State
401388893,2021,13,Bowie State,Newberry,13,10,ii,ii,,,False,-3,Bowie State
401388892,2021,13,Shepherd,Notre Dame College,38,34,ii,ii,,,False,-4,Shepherd
401282268,2021,13,Old Dominion,Charlotte,56,34,fbs,fbs,1317.0,1198.0,False,-22,Old Dominion
401309647,2021,13,Arkansas State,Texas State,22,24,fbs,fbs,1145.0,1153.0,False,2,Texas State
401388896,2021,13,Harding,Northwest Missouri State,9,28,ii,ii,,,False,19,Northwest Missouri State
401282273,2021,13,North Texas,UT San Antonio,45,23,fbs,fbs,1326.0,1620.0,False,-22,North Texas
401389036,2021,13,Kennesaw State,Davidson,48,21,fcs,fcs,,,False,-27,Kennesaw State
401309649,2021,13,Georgia State,Troy,37,10,fbs,fbs,1394.0,1334.0,False,-27,Georgia State
401388897,2021,13,Angelo State,Nebraska-Kearney,20,7,ii,ii,,,False,-13,Angelo State
401309646,2021,13,Appalachian State,Georgia Southern,27,3,fbs,fbs,1785.0,1337.0,False,-24,Appalachian State
401310756,2021,13,Wyoming,Hawai'i,14,38,fbs,fbs,1579.0,1297.0,False,24,Hawai'i
401282269,2021,13,Southern Mississippi,Florida International,37,17,fbs,fbs,1126.0,895.0,False,-20,Southern Mississippi
401389033,2021,13,South Dakota State,UC Davis,56,24,fcs,fcs,,,False,-32,South Dakota State
401328676,2021,13,Prairie View,Mississippi Valley State,19,24,fcs,fcs,,,False,5,Mississippi Valley State
401286306,2021,13,New Mexico State,UMass,44,27,fbs,fbs,1007.0,824.0,False,-17,New Mexico State
401388895,2021,13,Colorado Mines,Bemidji State,55,6,ii,ii,,,False,-49,Colorado Mines
401389030,2021,13,Incarnate Word,Stephen F. Austin,35,28,fcs,fcs,,,False,-7,Incarnate Word
401309908,2021,13,Oregon,Oregon State,38,29,fbs,fbs,1678.0,1593.0,False,-9,Oregon
401282785,2021,13,Michigan State,Penn State,30,27,fbs,fbs,1544.0,1813.0,False,-3,Michigan State
401282146,2021,13,Auburn,Alabama,22,24,fbs,fbs,1680.0,2195.0,False,2,Alabama
401282722,2021,13,Illinois,Northwestern,47,14,fbs,fbs,1407.0,1380.0,False,-33,Illinois
401282753,2021,13,Purdue,Indiana,44,7,fbs,fbs,1633.0,1308.0,False,-37,Purdue
401282272,2021,13,Marshall,Western Kentucky,21,53,fbs,fbs,1671.0,1656.0,False,32,Western Kentucky
401282153,2021,13,Tennessee,Vanderbilt,45,21,fbs,fbs,1722.0,1080.0,False,-24,Tennessee
401282703,2021,13,Virginia,Virginia Tech,24,29,fbs,fbs,1550.0,1514.0,False,5,Virginia Tech
401309650,2021,13,Louisiana,Louisiana Monroe,21,16,fbs,fbs,1838.0,1038.0,False,-5,Louisiana
401309909,2021,13,Arizona State,Arizona,38,15,fbs,fbs,1652.0,1222.0,False,-23,Arizona State
401282794,2021,13,Minnesota,Wisconsin,23,13,fbs,fbs,1660.0,1906.0,False,-10,Minnesota
401301055,2021,13,SMU,Tulsa,31,34,fbs,fbs,1626.0,1466.0,False,3,Tulsa
401389035,2021,13,Eastern Washington,Northern Iowa,19,9,fcs,fcs,,,False,-10,Eastern Washington
401389031,2021,13,Missouri State,UT Martin,31,32,fcs,fcs,,,False,1,UT Martin
401328666,2021,13,Grambling,Southern,29,26,fcs,fcs,,,True,-3,Grambling
401389037,2021,13,South Dakota,Southern Illinois,10,22,fcs,fcs,,,False,12,Southern Illinois
401282150,2021,13,LSU,Texas A&M,27,24,fbs,fbs,1615.0,1817.0,False,-3,LSU
401389034,2021,13,Southeastern Louisiana,Florida A&M,38,14,fcs,fcs,,,False,-24,Southeastern Louisiana
401282270,2021,13,Florida Atlantic,Middle Tennessee,17,27,fbs,fbs,1416.0,1373.0,False,10,Middle Tennessee
401287950,2021,13,Kansas,West Virginia,28,34,fbs,fbs,1018.0,1521.0,False,6,West Virginia
401287951,2021,13,Oklahoma State,Oklahoma,37,33,fbs,fbs,1925.0,1858.0,False,-4,Oklahoma State
401282702,2021,13,Syracuse,Pittsburgh,14,31,fbs,fbs,1362.0,1738.0,False,17,Pittsburgh
401282152,2021,13,South Carolina,Clemson,0,30,fbs,fbs,1441.0,1855.0,False,30,Clemson
401282149,2021,13,Louisville,Kentucky,21,52,fbs,fbs,1688.0,1662.0,False,31,Kentucky
401301053,2021,13,Memphis,Tulane,33,28,fbs,fbs,1483.0,1418.0,False,-5,Memphis
401282711,2021,13,Stanford,Notre Dame,14,45,fbs,fbs,1291.0,1984.0,False,31,Notre Dame
401310754,2021,13,Colorado State,Nevada,10,52,fbs,fbs,1458.0,1589.0,False,42,Nevada
401309910,2021,13,USC,BYU,31,35,fbs,fbs,1489.0,1741.0,False,4,BYU
401309907,2021,13,UCLA,California,42,14,fbs,fbs,1694.0,1556.0,False,-28,UCLA
401389821,2021,14,Villanova,Holy Cross,21,16,fcs,fcs,,,False,-5,Villanova
401282156,2021,14,UT San Antonio,Western Kentucky,49,41,fbs,fbs,1532.0,1749.0,False,-8,UT San Antonio
401331159,2021,14,Utah,Oregon,38,10,fbs,fbs,1872.0,1687.0,True,-28,Utah
401389822,2021,14,Montana,Eastern Washington,57,41,fcs,fcs,,,False,-16,Montana
401287953,2021,14,Oklahoma State,Baylor,16,21,fbs,fbs,1926.0,1745.0,True,5,Baylor
401331160,2021,14,Northern Illinois,Kent State,41,23,fbs,fbs,1243.0,1338.0,True,-18,Northern Illinois
401389824,2021,14,Kutztown,Shepherd,28,30,ii,ii,,,False,2,Shepherd
401389826,2021,14,Ferris State,Northwest Missouri State,41,20,ii,ii,,,False,-21,Ferris State
401389825,2021,14,Valdosta State,Bowie State,41,17,ii,ii,,,False,-24,Valdosta State
401389820,2021,14,East Tennessee State,Kennesaw State,32,31,fcs,fcs,,,False,-1,East Tennessee State
401389827,2021,14,Colorado Mines,Angelo State,34,26,ii,ii,,,False,-8,Colorado Mines
401310676,2021,14,San Diego State,Utah State,13,46,fbs,fbs,1633.0,1462.0,False,33,Utah State
401389818,2021,14,Sam Houston State,Incarnate Word,49,42,fcs,fcs,,,False,-7,Sam Houston State
401389850,2021,14,North Dakota State,Southern Illinois,38,7,fcs,fcs,,,False,-31,North Dakota State
401331161,2021,14,Louisiana,Appalachian State,24,16,fbs,fbs,1815.0,1799.0,False,-8,Louisiana
401282154,2021,14,Alabama,Georgia,41,24,fbs,fbs,2173.0,2190.0,True,-17,Alabama
401389819,2021,14,Montana State,UT Martin,26,7,fcs,fcs,,,False,-19,Montana State
401331162,2021,14,Cincinnati,Houston,35,20,fbs,fbs,1979.0,1683.0,False,-15,Cincinnati
401388990,2021,14,Jackson State,Prairie View,27,10,fcs,fcs,,,False,-17,Jackson State
401331447,2021,14,Iowa,Michigan,3,42,fbs,fbs,1767.0,1988.0,True,39,Michigan
401331163,2021,14,Wake Forest,Pittsburgh,21,45,fbs,fbs,1738.0,1742.0,True,24,Pittsburgh
401389823,2021,14,Sacramento State,South Dakota State,19,24,fcs,fcs,,,False,5,South Dakota State
401387250,2021,14,California,USC,24,14,fbs,fbs,1499.0,1498.0,False,-10,California
401391131,2021,15,North Dakota State,East Tennessee State,27,3,fcs,fcs,,,False,-24,North Dakota State
401391050,2021,15,Valdosta State,Colorado Mines,34,31,ii,ii,,,False,-3,Valdosta State
401391133,2021,15,Villanova,South Dakota State,21,35,fcs,fcs,,,False,14,South Dakota State
401301056,2021,15,Army,Navy,13,17,fbs,fbs,1596.0,1330.0,False,4,Navy
401391051,2021,15,Ferris State,Shepherd,55,7,ii,ii,,,False,-48,Ferris State
401391132,2021,15,Sam Houston State,Montana State,19,42,fcs,fcs,,,False,23,Montana State
