id,season,week,home_team,away_team,home_points,away_points,home_division,away_division,home_pregame_elo,away_pregame_elo,neutral_site,point_diff,winner
401426532,2022,1,Western Kentucky,Austin Peay,38.0,27.0,fbs,fcs,1684.0,,False,-11.0,Western Kentucky
401405059,2022,1,Northwestern,Nebraska,31.0,28.0,fbs,fbs,1361.0,1636.0,True,-3.0,Northwestern
401439512,2022,1,Florida Memorial University,Edward Waters,39.0,34.0,,ii,,,True,-5.0,Florida Memorial University
401413256,2022,1,UNLV,Idaho State,52.0,21.0,fbs,fcs,1300.0,,False,-31.0,UNLV
401413213,2022,1,Jacksonville State,Stephen F. Austin,42.0,17.0,fcs,fcs,,,True,-25.0,Jacksonville State
401405058,2022,1,Illinois,Wyoming,38.0,6.0,fbs,fbs,1496.0,1497.0,False,-32.0,Illinois
401404146,2022,1,Utah State,Connecticut,31.0,20.0,fbs,fbs,1566.0,1117.0,False,-11.0,Utah State
401411090,2022,1,Florida State,Duquesne,47.0,7.0,fbs,fcs,1501.0,,False,-40.0,Florida State
401426530,2022,1,Florida Atlantic,Charlotte,43.0,13.0,fbs,fbs,1427.0,1272.0,False,-30.0,Florida Atlantic
401423448,2022,1,Alabama State,Howard,23.0,13.0,fcs,fcs,,,True,-10.0,Alabama State
401422922,2022,1,Mercer,Morehead State,63.0,13.0,fcs,fcs,,,False,-50.0,Mercer
401411091,2022,1,North Carolina,Florida A&M,56.0,24.0,fbs,fcs,1555.0,,False,-32.0,North Carolina
401426531,2022,1,UTEP,North Texas,13.0,31.0,fbs,fbs,1360.0,1426.0,False,18.0,North Texas
401409235,2022,1,New Mexico State,Nevada,12.0,23.0,fbs,fbs,1184.0,1564.0,False,11.0,Nevada
401403853,2022,1,Hawai'i,Vanderbilt,10.0,63.0,fbs,fbs,1432.0,1222.0,False,53.0,Vanderbilt
401437007,2022,1,New Mexico Highlands,Eastern New Mexico,18.0,34.0,ii,ii,,,False,16.0,Eastern New Mexico
401433043,2022,1,Southern Connecticut State,Shepherd,7.0,48.0,ii,ii,,,False,41.0,Shepherd
401431571,2022,1,Ashland,Notre Dame College,31.0,14.0,ii,ii,,,False,-17.0,Ashland
401431978,2022,1,Chowan,Barton College,3.0,17.0,ii,ii,,,False,14.0,Barton College
401428480,2022,1,Wagner,Fordham,31.0,48.0,fcs,fcs,,,False,17.0,Fordham
401421137,2022,1,Campbell,The Citadel,29.0,10.0,fcs,fcs,,,False,-19.0,Campbell
401418776,2022,1,Indiana State,North Alabama,17.0,14.0,fcs,fcs,,,False,-3.0,Indiana State
401430716,2022,1,Bluefield,Johnson C Smith,35.0,34.0,ii,ii,,,False,-1.0,Bluefield
401416568,2022,1,Akron,St Francis (PA),30.0,23.0,fbs,fcs,1096.0,,False,-7.0,Akron
401432134,2022,1,Clarion,West Liberty,14.0,21.0,ii,ii,,,False,7.0,West Liberty
401430722,2022,1,Tusculum,St. Augustine's,70.0,13.0,ii,ii,,,False,-57.0,Tusculum
401431561,2022,1,Saginaw Valley,WV Wesleyan,72.0,0.0,ii,ii,,,False,-72.0,Saginaw Valley
401431542,2022,1,Michigan Tech,Wisconsin-Platteville,23.0,13.0,ii,iii,,,False,-10.0,Michigan Tech
401432987,2022,1,California (PA),Fairmont State,35.0,15.0,ii,ii,,,False,-20.0,California (PA)
401424414,2022,1,Stony Brook,Rhode Island,14.0,35.0,fcs,fcs,,,False,21.0,Rhode Island
401432119,2022,1,Frostburg State,American International,21.0,7.0,ii,ii,,,False,-14.0,Frostburg State
401430702,2022,1,Virginia Union,Virginia Lynchburg,77.0,0.0,ii,,,,False,-77.0,Virginia Union
401431849,2022,1,Valdosta State,Keiser University,36.0,21.0,ii,,,,False,-15.0,Valdosta State
401431408,2022,1,East Central,Harding,12.0,29.0,ii,ii,,,False,17.0,Harding
401403864,2022,1,Tennessee,Ball State,59.0,10.0,fbs,fbs,1640.0,1410.0,False,-49.0,Tennessee
401455581,2022,1,Pace,East Stroudsburg,31.0,16.0,ii,ii,,,False,-15.0,Pace
401441990,2022,1,Toledo,Long Island University,37.0,0.0,fbs,fcs,1534.0,,False,-37.0,Toledo
401431465,2022,1,Oklahoma Baptist,Ouachita Baptist,32.0,42.0,ii,ii,,,False,10.0,Ouachita Baptist
401431472,2022,1,Southeastern Oklahoma,Arkansas Tech,41.0,34.0,ii,ii,,,False,-7.0,Southeastern Oklahoma
401431479,2022,1,Southern Arkansas,Northwestern Oklahoma State,62.0,31.0,ii,ii,,,False,-31.0,Southern Arkansas
401431484,2022,1,Southern Nazarene,Arkansas-Monticello,26.0,40.0,ii,ii,,,False,14.0,Arkansas-Monticello
401431499,2022,1,Northern Michigan,McKendree,24.0,31.0,ii,ii,,,False,7.0,McKendree
401431509,2022,1,Missouri S&T,South Dakota Mines,20.0,43.0,ii,ii,,,False,23.0,South Dakota Mines
401431531,2022,1,Grand Valley State,Colorado Mines,25.0,22.0,ii,ii,,,False,-3.0,Grand Valley State
401431936,2022,1,Washburn,Lincoln (MO),45.0,3.0,ii,ii,,,False,-42.0,Washburn
401432152,2022,1,Wheeling Jesuit,Seton Hill College,25.0,11.0,ii,ii,,,False,-14.0,Wheeling Jesuit
401432383,2022,1,St. Anselm,Millersville,28.0,10.0,ii,ii,,,False,-18.0,St. Anselm
401432392,2022,1,Bemidji State,Minnesota State,34.0,37.0,ii,ii,,,False,3.0,Minnesota State
401432403,2022,1,Minnesota-Duluth,Southwest Minnesota State,31.0,21.0,ii,ii,,,False,-10.0,Minnesota-Duluth
401432412,2022,1,Minnesota St-Moorhead,Sioux Falls,14.0,27.0,ii,ii,,,False,13.0,Sioux Falls
401432429,2022,1,Northern State,Upper Iowa,30.0,0.0,ii,ii,,,False,-30.0,Northern State
401438595,2022,1,Gannon,Charleston (WV),47.0,13.0,ii,ii,,,False,-34.0,Gannon
401415610,2022,1,UCF,South Carolina State,56.0,10.0,fbs,fcs,1569.0,,False,-46.0,UCF
401426533,2022,1,Florida International,Bryant,38.0,37.0,fbs,fcs,1080.0,,False,-1.0,Florida International
401411092,2022,1,Pittsburgh,West Virginia,38.0,31.0,fbs,fbs,1667.0,1490.0,False,-7.0,Pittsburgh
401416569,2022,1,Oklahoma State,Central Michigan,58.0,44.0,fbs,fbs,1775.0,1536.0,False,-14.0,Oklahoma State
401431517,2022,1,Quincy,Glenville State,15.0,44.0,ii,ii,,,False,29.0,Glenville State
401431214,2022,1,Trine,Anderson (IN),38.0,0.0,iii,iii,,,False,-38.0,Trine
401418645,2022,1,Samford,Kennesaw State,27.0,17.0,fcs,fcs,,,False,-10.0,Samford
401424402,2022,1,New Hampshire,Monmouth,31.0,21.0,fcs,fcs,,,False,-10.0,New Hampshire
401432239,2022,1,Gardner-Webb,Limestone,56.0,21.0,fcs,ii,,,False,-35.0,Gardner-Webb
401430986,2022,1,Millsaps,Belhaven College,21.0,49.0,iii,iii,,,False,28.0,Belhaven College
401438660,2022,1,Lakeland University,Illinois College,20.0,38.0,iii,iii,,,False,18.0,Illinois College
401438604,2022,1,UVA-Wise,Ferrum,41.0,9.0,ii,iii,,,False,-32.0,UVA-Wise
401421156,2022,1,Furman,North Greenville,52.0,0.0,fcs,ii,,,False,-52.0,Furman
401425510,2022,1,East Tennessee State,Mars Hill,44.0,7.0,fcs,ii,,,False,-37.0,East Tennessee State
401432421,2022,1,Concordia-St. Paul,Augustana (SD),14.0,28.0,ii,ii,,,False,14.0,Augustana (SD)
401420840,2022,1,UT Martin,Western Illinois,42.0,25.0,fcs,fcs,,,False,-17.0,UT Martin
401431591,2022,1,Ferris State,Central Washington,36.0,20.0,ii,ii,,,False,-16.0,Ferris State
401411093,2022,1,Wake Forest,VMI,44.0,10.0,fbs,fcs,1640.0,,False,-34.0,Wake Forest
401431610,2022,1,Weber State,Western Oregon,41.0,5.0,fcs,ii,,,False,-36.0,Weber State
401405064,2022,1,Purdue,Penn State,31.0,35.0,fbs,fbs,1635.0,1670.0,False,4.0,Penn State
401416592,2022,1,Northern Illinois,Eastern Illinois,34.0,27.0,fbs,fcs,1376.0,,False,-7.0,Northern Illinois
401431457,2022,1,Henderson State,Southwestern Oklahoma,30.0,13.0,ii,ii,,,False,-17.0,Henderson State
401426537,2022,1,Missouri,Louisiana Tech,52.0,24.0,fbs,fbs,1404.0,1301.0,False,-28.0,Missouri
401433070,2022,1,Dickinson State,Black Hills State,2.0,17.0,,ii,,,True,15.0,Black Hills State
401431915,2022,1,Pittsburg State,Central Missouri State,21.0,10.0,ii,ii,,,False,-11.0,Pittsburg State
401431945,2022,1,Missouri Southern State,Nebraska-Kearney,7.0,24.0,ii,ii,,,False,17.0,Nebraska-Kearney
401432372,2022,1,Emporia State,Northeastern State,42.0,17.0,ii,ii,,,False,-25.0,Emporia State
401420877,2022,1,Southern Utah,St. Thomas (MN),44.0,13.0,fcs,fcs,,,False,-31.0,Southern Utah
401420880,2022,1,Tarleton State,Mississippi Valley State,29.0,13.0,fcs,fcs,,,False,-16.0,Tarleton State
401433087,2022,1,William Jewell College,Colorado Mesa,14.0,37.0,ii,ii,,,False,23.0,Colorado Mesa
401420806,2022,1,Central Arkansas,Missouri State,14.0,27.0,fcs,fcs,,,False,13.0,Missouri State
401431926,2022,1,Northwest Missouri State,Fort Hays State,33.0,19.0,ii,ii,,,False,-14.0,Northwest Missouri State
401418782,2022,1,Abilene Christian,Lamar,28.0,14.0,fcs,fcs,,,False,-14.0,Abilene Christian
401426534,2022,1,UAB,Alabama A&M,59.0,0.0,fbs,fcs,1546.0,,False,-59.0,UAB
401431886,2022,1,Angelo State,Chadron State,35.0,0.0,ii,ii,,,False,-35.0,Angelo State
401432370,2022,1,Missouri Western,Central Oklahoma,35.0,0.0,ii,ii,,,False,-35.0,Missouri Western
401421125,2022,1,Texas A&M-Commerce,Lincoln University (CA),52.0,7.0,fcs,,,,False,-45.0,Texas A&M-Commerce
401405060,2022,1,Minnesota,New Mexico State,38.0,0.0,fbs,fbs,1639.0,1192.0,False,-38.0,Minnesota
401403965,2022,1,Arizona State,Northern Arizona,40.0,3.0,fbs,fcs,1614.0,,False,-37.0,Arizona State
401415213,2022,1,San José State,Portland State,21.0,17.0,fbs,fcs,1338.0,,False,-4.0,San José State
401413224,2022,1,Fresno State,Cal Poly,35.0,7.0,fbs,fcs,1590.0,,False,-28.0,Fresno State
401424415,2022,1,Villanova,Lehigh,45.0,17.0,fcs,fcs,,,False,-28.0,Villanova
401433057,2022,1,West Chester,Bentley,17.0,16.0,ii,ii,,,False,-1.0,West Chester
401450192,2022,1,Salisbury,Albright,49.0,0.0,iii,iii,,,False,-49.0,Salisbury
401431040,2022,1,Curry,MIT,20.0,34.0,iii,iii,,,False,14.0,MIT
401426535,2022,1,Charlotte,William & Mary,24.0,41.0,fbs,fcs,1206.0,,False,17.0,William & Mary
401426330,2022,1,Old Dominion,Virginia Tech,20.0,17.0,fbs,fbs,1390.0,1412.0,False,-3.0,Old Dominion
401416591,2022,1,Michigan State,Western Michigan,35.0,13.0,fbs,fbs,1563.0,1538.0,False,-22.0,Michigan State
401438606,2022,1,Westfield State,Nichols,29.0,30.0,iii,iii,,,False,1.0,Nichols
401416590,2022,1,Eastern Michigan,Eastern Kentucky,42.0,34.0,fbs,fcs,1380.0,,False,-8.0,Eastern Michigan
401450139,2022,1,Alvernia University,Ursinus,27.0,59.0,iii,iii,,,False,32.0,Ursinus
401439542,2022,1,Worcester State College,Worcester Polytechnic,21.0,58.0,iii,iii,,,False,37.0,Worcester Polytechnic
401436997,2022,1,Franklin & Marshall,Lebanon Valley,26.0,7.0,iii,iii,,,False,-19.0,Franklin & Marshall
401435140,2022,1,Merchant Marine,FDU-Florham,7.0,17.0,iii,iii,,,False,10.0,FDU-Florham
401432654,2022,1,Carnegie Mellon,Whitworth,35.0,17.0,iii,iii,,,False,-18.0,Carnegie Mellon
401431107,2022,1,Hobart,Alfred,36.0,6.0,iii,iii,,,False,-30.0,Hobart
401438649,2022,1,Fitchburg State,Dean College,33.0,28.0,iii,iii,,,False,-5.0,Fitchburg State
401439539,2022,1,Springfield,Western New England,42.0,14.0,iii,iii,,,False,-28.0,Springfield
401435072,2022,1,Merrimack,Holy Cross,17.0,31.0,fcs,fcs,,,False,14.0,Holy Cross
401411094,2022,1,Duke,Temple,30.0,0.0,fbs,fbs,1168.0,1101.0,False,-30.0,Duke
401405061,2022,1,Indiana,Illinois,23.0,20.0,fbs,fbs,1330.0,1584.0,False,-3.0,Indiana
401404052,2022,1,Kansas,Tennessee Tech,56.0,10.0,fbs,fcs,1194.0,,False,-46.0,Kansas
401403966,2022,1,Colorado,TCU,13.0,38.0,fbs,fbs,1387.0,1436.0,False,25.0,TCU
401433013,2022,1,Assumption,Kutztown,3.0,0.0,ii,ii,,,False,-3.0,Assumption
401431050,2022,1,UMass Dartmouth,Husson,35.0,14.0,iii,iii,,,False,-21.0,UMass Dartmouth
401403865,2022,1,Texas A&M,Sam Houston State,31.0,0.0,fbs,fcs,1708.0,,False,-31.0,Texas A&M
401405066,2022,1,Maryland,Buffalo,31.0,10.0,fbs,fbs,1496.0,1382.0,False,-21.0,Maryland
401405067,2022,1,Michigan,Colorado State,51.0,7.0,fbs,fbs,1848.0,1399.0,False,-44.0,Michigan
401404147,2022,1,Connecticut,Central Connecticut,28.0,3.0,fbs,fcs,1117.0,,False,-25.0,Connecticut
401431984,2022,1,Ohio Dominican,Findlay,28.0,14.0,ii,ii,,,False,-14.0,Ohio Dominican
401430960,2022,1,Marietta,Dubuque,14.0,13.0,iii,iii,,,False,-1.0,Marietta
401432790,2022,1,Delaware Valley,Westminster PA,22.0,8.0,iii,iii,,,False,-14.0,Delaware Valley
401431029,2022,1,Case Western Reserve,Johns Hopkins,14.0,54.0,iii,iii,,,False,40.0,Johns Hopkins
401405069,2022,1,Boston College,Rutgers,21.0,22.0,fbs,fbs,1443.0,1365.0,False,1.0,Rutgers
401428336,2022,1,Robert Morris,Dayton,20.0,22.0,fcs,fcs,,,False,2.0,Dayton
401432518,2022,1,Wayland Baptist,Hardin-Simmons,14.0,79.0,,iii,,,True,65.0,Hardin-Simmons
401432616,2022,1,Ohio Wesleyan,Otterbein,13.0,21.0,iii,iii,,,False,8.0,Otterbein
401411096,2022,1,East Carolina,NC State,20.0,21.0,fbs,fbs,1518.0,1632.0,False,1.0,NC State
401435118,2022,1,SUNY Cortland,Wittenberg,48.0,28.0,iii,iii,,,False,-20.0,SUNY Cortland
401411095,2022,1,Appalachian State,North Carolina,61.0,63.0,fbs,fbs,1656.0,1555.0,False,2.0,North Carolina
401432529,2022,1,College of New Jersey,Moravian,31.0,13.0,iii,iii,,,False,-18.0,College of New Jersey
401432740,2022,1,Allegheny,Union,27.0,42.0,iii,iii,,,False,15.0,Union
401431067,2022,1,Albion,Carthage,52.0,0.0,iii,iii,,,False,-52.0,Albion
401432551,2022,1,Bridgewater State,Ithaca,14.0,51.0,iii,iii,,,False,37.0,Ithaca
401422975,2022,1,Charleston Southern,Western Carolina,38.0,52.0,fcs,fcs,,,False,14.0,Western Carolina
401450146,2022,1,Plymouth State,Castleton State College,20.0,7.0,iii,iii,,,False,-13.0,Plymouth State
401445766,2022,1,Morrisville State,Kean,10.0,0.0,iii,iii,,,False,-10.0,Morrisville State
401441936,2022,1,Brockport State (NY),Framingham State,27.0,7.0,iii,iii,,,False,-20.0,Brockport State (NY)
401438614,2022,1,Salve Regina,Norwich,7.0,0.0,iii,iii,,,False,-7.0,Salve Regina
401431403,2022,1,Marist,Georgetown,12.0,43.0,fcs,fcs,,,False,31.0,Georgetown
401439546,2022,1,Greensboro,Guilford,48.0,37.0,iii,iii,,,False,-11.0,Greensboro
401415611,2022,1,Navy,Delaware,7.0,14.0,fbs,fcs,1403.0,,False,7.0,Delaware
401405062,2022,1,Iowa,South Dakota State,7.0,3.0,fbs,fcs,1624.0,,False,-4.0,Iowa
401431015,2022,1,Southwestern University,Cal Lutheran,7.0,37.0,iii,iii,,,False,30.0,Cal Lutheran
401422987,2022,1,Lafayette,Sacred Heart,6.0,0.0,fcs,fcs,,,False,-6.0,Lafayette
401411100,2022,1,Virginia,Richmond,34.0,17.0,fbs,fcs,1526.0,,False,-17.0,Virginia
401423136,2022,1,Butler,St. Thomas University (Fl),31.0,26.0,fcs,,,,False,-5.0,Butler
401433049,2022,1,West Virginia State,Shippensburg,29.0,6.0,ii,ii,,,False,-23.0,West Virginia State
401432671,2022,1,Washington & Jefferson,John Carroll,35.0,26.0,iii,iii,,,False,-9.0,Washington & Jefferson
401432772,2022,1,Grove City College,Juniata,63.0,6.0,iii,iii,,,False,-57.0,Grove City College
401430968,2022,1,Luther,Presentation College,6.0,29.0,iii,,,,False,23.0,Presentation College
401438225,2022,1,Franklin Pierce,Edinboro,7.0,10.0,ii,ii,,,True,3.0,Edinboro
401431551,2022,1,Northwood (MI),Kentucky Wesleyan,55.0,13.0,ii,ii,,,False,-42.0,Northwood (MI)
401431525,2022,1,Truman State,Davenport,19.0,20.0,ii,ii,,,False,1.0,Davenport
401429850,2022,1,Bowie State,New Haven,27.0,20.0,ii,ii,,,False,-7.0,Bowie State
401415209,2022,1,Air Force,Northern Iowa,48.0,17.0,fbs,fcs,1650.0,,False,-31.0,Air Force
401431194,2022,1,Ohio Northern,Alma College,13.0,16.0,iii,iii,,,False,3.0,Alma College
401438685,2022,1,Widener,Rowan,20.0,42.0,iii,iii,,,False,22.0,Rowan
401445793,2022,1,William Paterson,Western Connecticut State,28.0,7.0,iii,iii,,,False,-21.0,William Paterson
401432110,2022,1,Emory & Henry,Concord,20.0,27.0,ii,ii,,,False,7.0,Concord
401445128,2022,1,St Lawrence,Endicott College,0.0,27.0,iii,iii,,,False,27.0,Endicott College
401432817,2022,1,Sewanee Univ. of the South,St. Scholastica,50.0,0.0,iii,iii,,,False,-50.0,Sewanee Univ. of the South
401439531,2022,1,St. Vincent,Stevenson,21.0,25.0,iii,iii,,,False,4.0,Stevenson
401431143,2022,1,DePauw,Rose-Hulman,17.0,14.0,iii,iii,,,False,-3.0,DePauw
401430951,2022,1,Coe,Cornell College (IA),56.0,7.0,iii,iii,,,False,-49.0,Coe
401431202,2022,1,Hope,Aurora,38.0,34.0,iii,iii,,,False,-4.0,Hope
401431840,2022,1,Brevard College,Shorter,6.0,45.0,iii,ii,,,False,39.0,Shorter
401431255,2022,1,Rockford,Beloit College,41.0,14.0,iii,iii,,,False,-27.0,Rockford
401431274,2022,1,Ripon,St. Norbert,13.0,10.0,iii,iii,,,False,-3.0,Ripon
401432543,2022,1,Gallaudet,Waynesburg,14.0,52.0,iii,iii,,,False,38.0,Waynesburg
401432581,2022,1,Kenyon,Bluffton,33.0,26.0,iii,iii,,,False,-7.0,Kenyon
401432623,2022,1,Wabash College,Hampden-Sydney,52.0,48.0,iii,iii,,,False,-4.0,Wabash College
401432726,2022,1,Methodist,Shenandoah,10.0,27.0,iii,iii,,,False,17.0,Shenandoah
401437201,2022,1,Alfred State College,Misericordia,17.0,14.0,iii,iii,,,False,-3.0,Alfred State College
401438554,2022,1,Augustana (IL),Rhodes,34.0,28.0,iii,iii,,,False,-6.0,Augustana (IL)
401438672,2022,1,Gettysburg,Bridgewater (VA),14.0,29.0,iii,iii,,,False,15.0,Bridgewater (VA)
401439518,2022,1,St. John Fisher,Buffalo State,62.0,21.0,iii,iii,,,False,-41.0,St. John Fisher
401433397,2022,1,Rensselaer,Dickinson,14.0,7.0,iii,iii,,,False,-7.0,Rensselaer
401431206,2022,1,Kalamazoo,Oberlin,21.0,14.0,iii,iii,,,False,-7.0,Kalamazoo
401431150,2022,1,Lycoming,Susquehanna,16.0,45.0,iii,iii,,,False,29.0,Susquehanna
401435131,2022,1,McDaniel College,Catholic University,27.0,37.0,iii,iii,,,False,10.0,Catholic University
401433022,2022,1,Post University,Lock Haven,34.0,35.0,ii,ii,,,True,1.0,Lock Haven
401441262,2022,1,Montclair State,Thiel College,27.0,6.0,iii,iii,,,False,-21.0,Montclair State
401479976,2022,1,Kentucky State,Delta State,10.0,33.0,ii,ii,,,False,23.0,Delta State
401431866,2022,1,Erskine,UFTL,49.0,2.0,ii,,,,False,-47.0,Erskine
401441945,2022,1,Keystone,Wilkes,21.0,48.0,iii,iii,,,False,27.0,Wilkes
401443324,2022,1,Bethany (WV),Hiram,26.0,16.0,iii,iii,,,False,-10.0,Bethany (WV)
401459907,2022,1,Hartwick,SUNY Maritime,31.0,10.0,iii,iii,,,False,-21.0,Hartwick
401432680,2022,1,Mount Union,Defiance,65.0,0.0,iii,iii,,,False,-65.0,Mount Union
401431136,2022,1,Mount St. Joseph,Baldwin-Wallace,31.0,28.0,iii,iii,,,False,-3.0,Mount St. Joseph
401431059,2022,1,Coast Guard,University of New England,10.0,17.0,iii,iii,,,False,7.0,University of New England
401432810,2022,1,Hendrix College,Austin College,20.0,0.0,iii,iii,,,False,-20.0,Hendrix College
401432560,2022,1,Martin Luther College,Concordia (WI),14.0,35.0,iii,iii,,,False,21.0,Concordia (WI)
401435103,2022,1,St. Johns (MN),UW-Whitewater,24.0,10.0,iii,iii,,,False,-14.0,St. Johns (MN)
401432514,2022,1,Wisconsin-Eau Claire,Loras College,30.0,27.0,iii,iii,,,False,-3.0,Wisconsin-Eau Claire
401433408,2022,1,McMurry,Birmingham-Southern,9.0,26.0,iii,iii,,,True,17.0,Birmingham-Southern
401432975,2022,1,Minot State,Winona State,10.0,24.0,ii,ii,,,False,14.0,Winona State
401413214,2022,1,Jacksonville State,Davidson,35.0,17.0,fcs,fcs,,,False,-18.0,Jacksonville State
401431293,2022,1,Knox College,Westminster,26.0,0.0,iii,iii,,,False,-26.0,Knox College
401435059,2022,1,Millikin,Greenville,28.0,14.0,iii,iii,,,False,-14.0,Millikin
401430996,2022,1,Texas Lutheran,Howard Payne,45.0,59.0,iii,iii,,,False,14.0,Howard Payne
401432510,2022,1,Central,St. Olaf College,44.0,13.0,iii,iii,,,False,-31.0,Central
401432793,2022,1,Maryville TN,Berry College,24.0,31.0,iii,iii,,,False,7.0,Berry College
401431318,2022,1,Concordia (IL),Chicago,14.0,34.0,iii,iii,,,False,20.0,Chicago
401431298,2022,1,Lake Forest,Wisconsin Lutheran,42.0,7.0,iii,iii,,,False,-35.0,Lake Forest
401431821,2022,1,Walsh,Tiffin,0.0,42.0,ii,ii,,,False,42.0,Tiffin
401445818,2022,1,Bloomsburg,Stonehill,30.0,33.0,ii,fcs,,,False,3.0,Stonehill
401425513,2022,1,Delaware State,Lincoln (PA),34.0,0.0,fcs,ii,,,False,-34.0,Delaware State
401430975,2022,1,Eureka College,Nebraska Wesleyan University,6.0,31.0,iii,iii,,,False,25.0,Nebraska Wesleyan University
401431117,2022,1,Olivet College,Franklin,35.0,31.0,iii,iii,,,False,-4.0,Olivet College
401435346,2022,1,UW-Oshkosh,East Texas Baptist,52.0,13.0,iii,iii,,,False,-39.0,UW-Oshkosh
401404057,2022,1,Iowa State,Southeast Missouri State,42.0,10.0,fbs,fcs,1779.0,,False,-32.0,Iowa State
401431077,2022,1,Elmhurst,UW-River Falls,0.0,63.0,iii,iii,,,False,63.0,UW-River Falls
401420822,2022,1,Youngstown State,Duquesne,31.0,14.0,fcs,fcs,,,False,-17.0,Youngstown State
401431246,2022,1,Bethel (MN),Pacific Lutheran,41.0,9.0,iii,iii,,,False,-32.0,Bethel (MN)
401403971,2022,1,UCLA,Bowling Green,45.0,17.0,fbs,fbs,1667.0,1210.0,False,-28.0,UCLA
401438680,2022,1,Willamette,Pomona-Pitzer,21.0,44.0,iii,iii,,,False,23.0,Pomona-Pitzer
401431579,2022,1,Lake Erie College,Hillsdale,31.0,35.0,ii,ii,,,False,4.0,Hillsdale
401413333,2022,1,Montana,Northwestern State,47.0,0.0,fcs,fcs,,,False,-47.0,Montana
401405063,2022,1,Nebraska,North Dakota,38.0,17.0,fbs,fcs,1623.0,,False,-21.0,Nebraska
401403858,2022,1,Georgia,Oregon,49.0,3.0,fbs,fbs,1980.0,1574.0,True,-46.0,Georgia
401426541,2022,1,Oklahoma,UTEP,45.0,13.0,fbs,fbs,1749.0,1323.0,False,-32.0,Oklahoma
401415015,2022,1,Marshall,Norfolk State,55.0,3.0,fbs,fcs,1548.0,,False,-52.0,Marshall
401420836,2022,1,North Dakota State,Drake,56.0,14.0,fcs,fcs,,,False,-42.0,North Dakota State
401411097,2022,1,Miami,Bethune-Cookman,70.0,13.0,fbs,fcs,1570.0,,False,-57.0,Miami
401426542,2022,1,UT San Antonio,Houston,35.0,37.0,fbs,fbs,1512.0,1620.0,False,2.0,Houston
401403855,2022,1,Arkansas,Cincinnati,31.0,24.0,fbs,fbs,1626.0,1801.0,False,-7.0,Arkansas
401415211,2022,1,Wyoming,Tulsa,40.0,37.0,fbs,fbs,1409.0,1502.0,False,-3.0,Wyoming
401403967,2022,1,San Diego State,Arizona,20.0,38.0,fbs,fbs,1535.0,1306.0,False,18.0,Arizona
401439513,2022,1,Edward Waters,Clark Atlanta,34.0,39.0,ii,ii,,,False,5.0,Clark Atlanta
401430671,2022,1,Shaw,Wingate,7.0,21.0,ii,ii,,,False,14.0,Wingate
401403860,2022,1,Ole Miss,Troy,28.0,10.0,fbs,fbs,1658.0,1347.0,False,-18.0,Ole Miss
401445811,2022,1,Lewis & Clark,Puget Sound,41.0,15.0,iii,iii,,,False,-26.0,Lewis & Clark
401403968,2022,1,California,UC Davis,34.0,13.0,fbs,fcs,1510.0,,False,-21.0,California
401415176,2022,1,Northern Colorado,Houston Christian,34.0,46.0,fcs,fcs,,,False,12.0,Houston Christian
401415612,2022,1,South Florida,BYU,21.0,50.0,fbs,fbs,1284.0,1648.0,False,29.0,BYU
401413236,2022,1,Eastern Washington,Tennessee State,36.0,29.0,fcs,fcs,,,False,-7.0,Eastern Washington
401421116,2022,1,South Alabama,Nicholls,48.0,7.0,fbs,fcs,1351.0,,False,-41.0,South Alabama
401432888,2022,1,Wisconsin-La Crosse,Dakota State,42.0,7.0,iii,,,,False,-35.0,Wisconsin-La Crosse
401415212,2022,1,Nevada,Texas State,38.0,14.0,fbs,fbs,1556.0,1270.0,False,-24.0,Nevada
401422978,2022,1,Bucknell,Towson,13.0,14.0,fcs,fcs,,,False,1.0,Towson
401426536,2022,1,Ohio,Florida Atlantic,41.0,38.0,fbs,fbs,1368.0,1488.0,False,-3.0,Ohio
401432880,2022,1,Randolph-Macon,NC Wesleyan,49.0,7.0,iii,iii,,,False,-42.0,Randolph-Macon
401455583,2022,1,Finlandia University,Benedictine (IL),7.0,52.0,iii,iii,,,True,45.0,Benedictine (IL)
401431566,2022,1,Slippery Rock,Wayne State (MI),42.0,10.0,ii,ii,,,False,-32.0,Slippery Rock
401420777,2022,1,Georgia Southern,Morgan State,59.0,7.0,fbs,fcs,1382.0,,False,-52.0,Georgia Southern
401432090,2022,1,Alderson-Broaddus,Mercyhurst,28.0,45.0,ii,ii,,,False,17.0,Mercyhurst
401423411,2022,1,Stetson,Concordia College (MI),24.0,14.0,fcs,,,,False,-10.0,Stetson
401432331,2022,1,Newberry,Allen,40.0,6.0,ii,ii,,,False,-34.0,Newberry
401432628,2022,1,Washington & Lee,Christopher Newport,3.0,9.0,iii,iii,,,False,6.0,Christopher Newport
401444470,2022,1,Livingstone,Catawba,19.0,44.0,ii,ii,,,False,25.0,Catawba
401426538,2022,1,James Madison,Middle Tennessee,44.0,7.0,fbs,fbs,1300.0,1445.0,False,-37.0,James Madison
401423449,2022,1,Alabama State,Miles,21.0,13.0,fcs,ii,,,False,-8.0,Alabama State
401430921,2022,1,Buena Vista,Gustavus Adolphus,20.0,62.0,iii,iii,,,False,42.0,Gustavus Adolphus
401426540,2022,1,USC,Rice,66.0,14.0,fbs,fbs,1487.0,1245.0,False,-52.0,USC
401431863,2022,1,West Georgia,Carson-Newman,38.0,7.0,ii,ii,,,False,-31.0,West Georgia
401431854,2022,1,Morehouse,West Alabama,16.0,24.0,ii,ii,,,False,8.0,West Alabama
401429860,2022,1,Benedict College,Elizabeth City State,52.0,14.0,ii,ii,,,False,-38.0,Benedict College
401424417,2022,1,Hampton,Howard,31.0,28.0,fcs,fcs,,,False,-3.0,Hampton
401413203,2022,1,Chattanooga,Wofford,31.0,0.0,fcs,fcs,,,False,-31.0,Chattanooga
401430695,2022,1,Lenoir-Rhyne,Virginia State,38.0,19.0,ii,ii,,,False,-19.0,Lenoir-Rhyne
401431489,2022,1,Indianapolis,St. Xavier (IL),57.0,0.0,ii,,,,False,-57.0,Indianapolis
401432436,2022,1,University of Mary,Wayne State (NE),28.0,33.0,ii,ii,,,False,5.0,Wayne State (NE)
401403857,2022,1,Florida,Utah,29.0,26.0,fbs,fbs,1572.0,1790.0,False,-3.0,Florida
401431094,2022,1,North Park,Manchester,14.0,23.0,iii,iii,,,False,9.0,Manchester
401403859,2022,1,Kentucky,Miami (OH),37.0,13.0,fbs,fbs,1670.0,1516.0,False,-24.0,Kentucky
401404157,2022,1,Southern Mississippi,Liberty,27.0,29.0,fbs,fbs,1266.0,1600.0,False,2.0,Liberty
401404134,2022,1,Coastal Carolina,Army,38.0,28.0,fbs,fbs,1647.0,1544.0,False,-10.0,Coastal Carolina
401425418,2022,1,Arkansas State,Grambling,58.0,3.0,fbs,fcs,1262.0,,False,-55.0,Arkansas State
401424943,2022,1,Arkansas-Pine Bluff,Lane,48.0,42.0,fcs,ii,,,False,-6.0,Arkansas-Pine Bluff
401435063,2022,1,Utica,Rochester,43.0,28.0,iii,iii,,,False,-15.0,Utica
401403866,2022,1,Vanderbilt,Elon,42.0,31.0,fbs,fcs,1425.0,,False,-11.0,Vanderbilt
401431006,2022,1,Trinity (TX),Sul Ross State,55.0,7.0,iii,iii,,,False,-48.0,Trinity (TX)
401421121,2022,1,Louisiana,Southeastern Louisiana,24.0,7.0,fbs,fcs,1720.0,,False,-17.0,Louisiana
401404056,2022,1,Kansas State,South Dakota,34.0,0.0,fbs,fcs,1616.0,,False,-34.0,Kansas State
401424416,2022,1,Baylor,Albany,69.0,10.0,fbs,fcs,1690.0,,False,-59.0,Baylor
401431906,2022,1,University of Texas of the Permian Basin,Southwest Baptist,17.0,41.0,ii,ii,,,False,24.0,Southwest Baptist
401418609,2022,1,Austin Peay,Presbyterian College,63.0,0.0,fcs,fcs,,,False,-63.0,Austin Peay
401403856,2022,1,Auburn,Mercer,42.0,16.0,fbs,fcs,1632.0,,False,-26.0,Auburn
401430708,2022,1,Fayetteville State,UNC Pembroke,15.0,13.0,ii,ii,,,False,-2.0,Fayetteville State
401432323,2022,1,Albany State (GA),Mississippi College,28.0,14.0,ii,ii,,,False,-14.0,Albany State (GA)
401432646,2022,1,Huntingdon,Linfield,34.0,41.0,iii,iii,,,False,7.0,Linfield
401420846,2022,1,Incarnate Word,Southern Illinois,64.0,29.0,fcs,fcs,,,False,-35.0,Incarnate Word
401432524,2022,1,Mary Hardin-Baylor,Muhlenberg,62.0,13.0,iii,iii,,,False,-49.0,Mary Hardin-Baylor
401431860,2022,1,West Florida,Warner,52.0,3.0,ii,,,,True,-49.0,West Florida
401466246,2022,1,Valparaiso,Indiana Wesleyan,20.0,17.0,fcs,,,,False,-3.0,Valparaiso
401431894,2022,1,Midwestern State,Colorado State-Pueblo,27.0,59.0,ii,ii,,,False,32.0,Colorado State-Pueblo
401435213,2022,1,Wisconsin-Stevens Point,Mayville State,24.0,31.0,iii,,,,False,7.0,Mayville State
401435106,2022,1,Minnesota-Morris,Macalester,24.0,45.0,iii,iii,,,False,21.0,Macalester
401420873,2022,1,Alcorn State,Stephen F. Austin,27.0,31.0,fcs,fcs,,,False,4.0,Stephen F. Austin
401414778,2022,1,Tulane,UMass,42.0,10.0,fbs,fbs,1444.0,1036.0,False,-32.0,Tulane
401423918,2022,1,Prairie View,Texas Southern,40.0,23.0,fcs,fcs,,,False,-17.0,Prairie View
401423925,2022,1,Southern,Florida Memorial University,86.0,0.0,fcs,,,,False,-86.0,Southern
401431178,2022,1,Heidelberg,Adrian,31.0,0.0,iii,iii,,,False,-31.0,Heidelberg
401405065,2022,1,Wisconsin,Illinois State,38.0,0.0,fbs,fcs,1742.0,,False,-38.0,Wisconsin
401435180,2022,1,Denison,Capital,48.0,31.0,iii,iii,,,False,-17.0,Denison
401441340,2022,1,Southern Virginia,Wilmington (OH),27.0,52.0,iii,iii,,,False,25.0,Wilmington (OH)
401432765,2022,1,Geneva College,Wooster,25.0,33.0,iii,iii,,,False,8.0,Wooster
401420797,2022,1,North Carolina Central,North Carolina A&T,28.0,13.0,fcs,fcs,,,True,-15.0,North Carolina Central
401426539,2022,1,North Texas,SMU,10.0,48.0,fbs,fbs,1463.0,1574.0,False,38.0,SMU
401403863,2022,1,South Carolina,Georgia State,35.0,14.0,fbs,fbs,1486.0,1522.0,False,-21.0,South Carolina
401403854,2022,1,Alabama,Utah State,55.0,0.0,fbs,fbs,1979.0,1555.0,False,-55.0,Alabama
401403861,2022,1,Mississippi State,Memphis,49.0,23.0,fbs,fbs,1520.0,1490.0,False,-26.0,Mississippi State
401404124,2022,1,Ohio State,Notre Dame,21.0,10.0,fbs,fbs,1932.0,1826.0,False,-11.0,Ohio State
401433060,2022,1,Western New Mexico,Adams State,34.0,20.0,ii,ii,,,False,-14.0,Western New Mexico
401404059,2022,1,Texas,Louisiana Monroe,52.0,10.0,fbs,fbs,1633.0,1207.0,False,-42.0,Texas
401411099,2022,1,Syracuse,Louisville,31.0,7.0,fbs,fbs,1405.0,1568.0,False,-24.0,Syracuse
401431911,2022,1,Western State,West Texas A&M,6.0,44.0,ii,ii,,,False,38.0,West Texas A&M
401403970,2022,1,Stanford,Colgate,41.0,10.0,fbs,fcs,1355.0,,False,-31.0,Stanford
401404055,2022,1,Texas Tech,Murray State,63.0,10.0,fbs,fcs,1536.0,,False,-53.0,Texas Tech
401431240,2022,1,Crown College,Hamline,14.0,39.0,iii,iii,,,False,25.0,Hamline
401430981,2022,1,Monmouth (IL),Wartburg,7.0,34.0,iii,iii,,,False,27.0,Wartburg
401431901,2022,1,Texas A&M-Kingsville,North American University,60.0,0.0,ii,,,,False,-60.0,Texas A&M-Kingsville
401415210,2022,1,New Mexico,Maine,41.0,0.0,fbs,fcs,1229.0,,False,-41.0,New Mexico
401439762,2022,1,Northwestern (MN),Augsburg,15.0,23.0,iii,iii,,,False,8.0,Augsburg
401413340,2022,1,Montana State,McNeese,40.0,17.0,fcs,fcs,,,False,-23.0,Montana State
401432189,2022,1,San Diego,La Verne,58.0,0.0,fcs,iii,,,False,-58.0,San Diego
401403974,2022,1,Washington State,Idaho,24.0,17.0,fbs,fcs,1590.0,,False,-7.0,Washington State
401432637,2022,1,George Fox University,Redlands,38.0,31.0,iii,iii,,,False,-7.0,George Fox University
401435149,2022,1,Chapman,Pacific (OR),42.0,21.0,iii,iii,,,False,-21.0,Chapman
401420855,2022,1,Sacramento State,Utah Tech,56.0,33.0,fcs,fcs,,,False,-23.0,Sacramento State
401403969,2022,1,Oregon State,Boise State,34.0,17.0,fbs,fbs,1544.0,1664.0,False,-17.0,Oregon State
401403973,2022,1,Washington,Kent State,45.0,20.0,fbs,fbs,1536.0,1340.0,False,-25.0,Washington
401426543,2022,1,Hawai'i,Western Kentucky,17.0,49.0,fbs,fbs,1223.0,1684.0,False,32.0,Western Kentucky
401431127,2022,1,Hanover,Centre,29.0,31.0,iii,iii,,,False,2.0,Centre
401424947,2022,1,Jackson State,Florida A&M,59.0,3.0,fcs,fcs,,,True,-56.0,Jackson State
401431983,2022,1,Central State,Winston-Salem,41.0,21.0,ii,ii,,,True,-20.0,Central State
401432363,2022,1,Tuskegee,Fort Valley State,6.0,21.0,ii,ii,,,True,15.0,Fort Valley State
401403867,2022,1,Florida State,LSU,24.0,23.0,fbs,fbs,1501.0,1538.0,True,-1.0,Florida State
401411101,2022,1,Georgia Tech,Clemson,10.0,41.0,fbs,fbs,1346.0,1766.0,True,31.0,Clemson
401432091,2022,2,West Liberty,Alderson-Broaddus,30.0,17.0,ii,ii,,,False,-13.0,West Liberty
401446231,2022,2,Fairmont State,Charleston (WV),38.0,40.0,ii,ii,,,False,2.0,Charleston (WV)
401431518,2022,2,Quincy,Trinity International (IL),53.0,14.0,ii,,,,False,-39.0,Quincy
401431953,2022,2,Nebraska-Kearney,Pittsburg State,28.0,35.0,ii,ii,,,False,7.0,Pittsburg State
401432371,2022,2,Central Oklahoma,Emporia State,21.0,13.0,ii,ii,,,False,-8.0,Central Oklahoma
401431927,2022,2,Fort Hays State,Missouri Western,19.0,35.0,ii,ii,,,False,16.0,Missouri Western
401431916,2022,2,Central Missouri State,Washburn,32.0,40.0,ii,ii,,,False,8.0,Washburn
401420807,2022,2,Missouri State,UT Martin,35.0,30.0,fcs,fcs,,,False,-5.0,Missouri State
401435073,2022,2,Merrimack,Assumption,45.0,17.0,fcs,ii,,,False,-28.0,Merrimack
401438633,2022,2,FDU-Florham,William Paterson,28.0,21.0,iii,iii,,,False,-7.0,FDU-Florham
401431160,2022,2,SUNY Maritime,Mass Maritime,17.0,14.0,iii,iii,,,False,-3.0,SUNY Maritime
401439543,2022,2,Worcester Polytechnic,Endicott College,0.0,24.0,iii,iii,,,False,24.0,Endicott College
401438607,2022,2,Nichols,Dean College,71.0,55.0,iii,iii,,,False,-16.0,Nichols
401415613,2022,2,UCF,Louisville,14.0,20.0,fbs,fbs,1569.0,1489.0,False,6.0,Louisville
401415214,2022,2,New Mexico,Boise State,14.0,31.0,fbs,fbs,1229.0,1615.0,False,17.0,Boise State
401431187,2022,2,Albion,Bluffton,51.0,2.0,iii,iii,,,False,-49.0,Albion
401438666,2022,2,Norwich,St Lawrence,19.0,30.0,iii,iii,,,False,11.0,St Lawrence
401432988,2022,2,Kutztown,California (PA),24.0,19.0,ii,ii,,,False,-5.0,Kutztown
401405071,2022,2,Minnesota,Western Illinois,62.0,10.0,fbs,fcs,1710.0,,False,-52.0,Minnesota
401432127,2022,2,Notre Dame College,Wheeling Jesuit,27.0,14.0,ii,ii,,,False,-13.0,Notre Dame College
401435064,2022,2,Utica,Kean,21.0,15.0,iii,iii,,,False,-6.0,Utica
401445801,2022,2,Hilbert College,Denison,0.0,63.0,iii,iii,,,True,63.0,Denison
401438686,2022,2,Springfield,Rowan,35.0,38.0,iii,iii,,,False,3.0,Rowan
401441941,2022,2,SUNY Cortland,College of New Jersey,63.0,7.0,iii,iii,,,False,-56.0,SUNY Cortland
401432572,2022,2,Hiram,Wooster,21.0,49.0,iii,iii,,,False,28.0,Wooster
401403868,2022,2,Texas,Alabama,19.0,20.0,fbs,fbs,1700.0,2089.0,False,1.0,Alabama
401431108,2022,2,Alfred,Mount St. Joseph,37.0,43.0,iii,iii,,,False,6.0,Mount St. Joseph
401411103,2022,2,Georgia State,North Carolina,28.0,35.0,fbs,fbs,1468.0,1563.0,False,7.0,North Carolina
401411105,2022,2,Miami,Southern Mississippi,30.0,7.0,fbs,fbs,1570.0,1280.0,False,-23.0,Miami
401432589,2022,2,Oberlin,Alvernia University,35.0,38.0,iii,iii,,,False,3.0,Alvernia University
401405079,2022,2,Ohio State,Arkansas State,45.0,12.0,fbs,fbs,1944.0,1262.0,False,-33.0,Ohio State
401432146,2022,2,UNC Pembroke,WV Wesleyan,50.0,26.0,ii,ii,,,False,-24.0,UNC Pembroke
401405073,2022,2,Northwestern,Duke,23.0,31.0,fbs,fbs,1381.0,1240.0,False,8.0,Duke
401432694,2022,2,Otterbein,Heidelberg,7.0,34.0,iii,iii,,,False,27.0,Heidelberg
401405080,2022,2,Penn State,Ohio,46.0,10.0,fbs,fbs,1674.0,1371.0,False,-36.0,Penn State
401426553,2022,2,Army,UT San Antonio,38.0,41.0,fbs,fbs,1534.0,1515.0,False,3.0,UT San Antonio
401431170,2022,2,Anna Maria College,UMass Dartmouth,63.0,48.0,iii,iii,,,False,-15.0,Anna Maria College
401441263,2022,2,Montclair State,Delaware Valley,6.0,14.0,iii,iii,,,False,8.0,Delaware Valley
401433030,2022,2,Millersville,Gannon,10.0,16.0,ii,ii,,,False,6.0,Gannon
401433053,2022,2,West Chester,Slippery Rock,14.0,35.0,ii,ii,,,False,21.0,Slippery Rock
401433044,2022,2,Shepherd,Edinboro,41.0,7.0,ii,ii,,,False,-34.0,Shepherd
401456475,2022,2,Shorter,Catawba,34.0,21.0,ii,ii,,,False,-13.0,Shorter
401403876,2022,2,Kansas State,Missouri,40.0,12.0,fbs,fbs,1616.0,1465.0,False,-28.0,Kansas State
401439519,2022,2,Framingham State,St. John Fisher,31.0,20.0,iii,iii,,,False,-11.0,Framingham State
401403869,2022,2,Arkansas,South Carolina,44.0,30.0,fbs,fbs,1646.0,1540.0,False,-14.0,Arkansas
401403879,2022,2,Vanderbilt,Wake Forest,25.0,45.0,fbs,fbs,1431.0,1640.0,False,20.0,Wake Forest
401431051,2022,2,Husson,Plymouth State,0.0,17.0,iii,iii,,,False,17.0,Plymouth State
401445816,2022,2,Duquesne,Thomas More,34.0,14.0,fcs,,,,False,-20.0,Duquesne
401411106,2022,2,NC State,Charleston Southern,55.0,3.0,fbs,fcs,1630.0,,False,-52.0,NC State
401435132,2022,2,Catholic University,Randolph-Macon,7.0,41.0,iii,iii,,,False,34.0,Randolph-Macon
401439527,2022,2,Union,Worcester State College,76.0,7.0,iii,iii,,,False,-69.0,Union
401430952,2022,2,Hope,Coe,33.0,24.0,iii,iii,,,False,-9.0,Hope
401432749,2022,2,Rensselaer,Carnegie Mellon,7.0,10.0,iii,iii,,,False,3.0,Carnegie Mellon
401431030,2022,2,Ursinus,Johns Hopkins,29.0,36.0,iii,iii,,,False,7.0,Johns Hopkins
401431086,2022,2,Wabash College,North Central,12.0,56.0,iii,iii,,,False,44.0,North Central
401431128,2022,2,Adrian,Hanover,33.0,0.0,iii,iii,,,False,-33.0,Adrian
401431151,2022,2,Lebanon Valley,Lycoming,20.0,21.0,iii,iii,,,False,1.0,Lycoming
401431207,2022,2,Kalamazoo,Kenyon,24.0,21.0,iii,iii,,,False,-3.0,Kalamazoo
401424421,2022,2,Maine,Colgate,18.0,21.0,fcs,fcs,,,False,3.0,Colgate
401424403,2022,2,Monmouth,Fordham,49.0,52.0,fcs,fcs,,,False,3.0,Fordham
401433071,2022,2,Black Hills State,William Jewell College,38.0,19.0,ii,ii,,,False,-19.0,Black Hills State
401432120,2022,2,Frostburg State,West Virginia State,18.0,7.0,ii,ii,,,False,-11.0,Frostburg State
401437045,2022,2,Fort Valley State,Kentucky State,9.0,7.0,ii,ii,,,True,-2.0,Fort Valley State
401442043,2022,2,Stonehill,Post University,76.0,0.0,fcs,ii,,,False,-76.0,Stonehill
401432709,2022,2,Ferrum,Muskingum,3.0,31.0,iii,iii,,,False,28.0,Muskingum
401432734,2022,2,Sewanee Univ. of the South,Washington & Lee,0.0,44.0,iii,iii,,,False,44.0,Washington & Lee
401432741,2022,2,Thiel College,Allegheny,6.0,34.0,iii,iii,,,False,28.0,Allegheny
401432758,2022,2,Waynesburg,Case Western Reserve,31.0,45.0,iii,iii,,,False,14.0,Case Western Reserve
401432766,2022,2,Grove City College,Geneva College,55.0,17.0,iii,iii,,,False,-38.0,Grove City College
401432791,2022,2,Westminster PA,Bethany (WV),42.0,3.0,iii,iii,,,False,-39.0,Westminster PA
401460113,2022,2,MIT,Salve Regina,10.0,13.0,iii,iii,,,False,3.0,Salve Regina
401433116,2022,2,Lenoir-Rhyne,Ferris State,5.0,27.0,ii,ii,,,False,22.0,Ferris State
401432111,2022,2,Concord,Glenville State,21.0,7.0,ii,ii,,,False,-14.0,Concord
401431060,2022,2,University of New England,Bridgewater State,38.0,23.0,iii,iii,,,False,-15.0,University of New England
401431815,2022,2,Northern Michigan,UW-Oshkosh,13.0,10.0,ii,iii,,,False,-3.0,Northern Michigan
401431211,2022,2,Olivet College,Eureka College,54.0,14.0,iii,iii,,,False,-40.0,Olivet College
401445123,2022,2,Juniata,McDaniel College,19.0,35.0,iii,iii,,,False,16.0,McDaniel College
401443110,2022,2,Muhlenberg,Dickinson,34.0,21.0,iii,iii,,,False,-13.0,Muhlenberg
401441952,2022,2,Western New England,Westfield State,38.0,14.0,iii,iii,,,False,-24.0,Western New England
401441946,2022,2,Misericordia,Keystone,38.0,20.0,iii,iii,,,False,-18.0,Misericordia
401439532,2022,2,Stevenson,Salisbury,35.0,21.0,iii,iii,,,False,-14.0,Stevenson
401437208,2022,2,Morrisville State,Hobart,24.0,13.0,iii,iii,,,False,-11.0,Morrisville State
401436998,2022,2,Susquehanna,Franklin & Marshall,39.0,36.0,iii,iii,,,False,-3.0,Susquehanna
401432780,2022,2,St. Vincent,Washington & Jefferson,21.0,52.0,iii,iii,,,False,31.0,Washington & Jefferson
401432718,2022,2,Hampden-Sydney,Widener,27.0,31.0,iii,iii,,,False,4.0,Widener
401432552,2022,2,Ithaca,Brockport State (NY),24.0,0.0,iii,iii,,,False,-24.0,Ithaca
401432544,2022,2,Gallaudet,Greensboro,31.0,14.0,iii,iii,,,False,-17.0,Gallaudet
401432530,2022,2,Moravian,Gettysburg,43.0,28.0,iii,iii,,,False,-15.0,Moravian
401432525,2022,2,UW-Whitewater,Mary Hardin-Baylor,28.0,24.0,iii,iii,,,False,-4.0,UW-Whitewater
401431319,2022,2,Concordia (IL),Finlandia University,45.0,7.0,iii,iii,,,False,-38.0,Concordia (IL)
401429851,2022,2,Saginaw Valley,Bowie State,40.0,12.0,ii,ii,,,False,-28.0,Saginaw Valley
401456234,2022,2,Northwood (MI),Madonna University,38.0,0.0,ii,,,,False,-38.0,Northwood (MI)
401438226,2022,2,Carson-Newman,Franklin Pierce,27.0,6.0,ii,ii,,,False,-21.0,Carson-Newman
401438177,2022,2,Mississippi College,Keiser University,26.0,8.0,ii,,,,False,-18.0,Mississippi College
401437185,2022,2,New Haven,Southern Connecticut State,31.0,26.0,ii,ii,,,False,-5.0,New Haven
401433037,2022,2,Shippensburg,Seton Hill College,36.0,17.0,ii,ii,,,False,-19.0,Shippensburg
401431822,2022,2,Tiffin,Ohio Dominican,28.0,13.0,ii,ii,,,False,-15.0,Tiffin
401430723,2022,2,St. Augustine's,Limestone,14.0,73.0,ii,ii,,,False,59.0,Limestone
401430686,2022,2,Central State,Lincoln (PA),21.0,26.0,ii,ii,,,False,5.0,Lincoln (PA)
401431979,2022,2,Chowan,Tusculum,21.0,23.0,ii,ii,,,False,2.0,Tusculum
401431405,2022,2,Presbyterian College,Virginia Lynchburg,21.0,13.0,fcs,,,,False,-8.0,Presbyterian College
401460111,2022,2,Hartwick,King's College (PA),10.0,17.0,iii,iii,,,False,7.0,King's College (PA)
401424423,2022,2,Long Island University,Villanova,21.0,38.0,fcs,fcs,,,False,17.0,Villanova
401416597,2022,2,Central Michigan,South Alabama,24.0,38.0,fbs,fbs,1528.0,1351.0,False,14.0,South Alabama
401432662,2022,2,Wilmington (OH),Baldwin-Wallace,12.0,13.0,iii,iii,,,False,1.0,Baldwin-Wallace
401431041,2022,2,Coast Guard,Curry,22.0,16.0,iii,iii,,,False,-6.0,Coast Guard
401422972,2022,2,VMI,Bucknell,24.0,14.0,fcs,fcs,,,False,-10.0,VMI
401403982,2022,2,Utah,Southern Utah,73.0,7.0,fbs,fcs,1781.0,,False,-66.0,Utah
401423152,2022,2,Drake,Missouri S&T,14.0,17.0,fcs,ii,,,False,3.0,Missouri S&T
401428484,2022,2,St. Thomas (MN),Michigan Tech,32.0,6.0,fcs,ii,,,False,-26.0,St. Thomas (MN)
401435188,2022,2,Austin College,Rhodes,7.0,23.0,iii,iii,,,False,16.0,Rhodes
401432863,2022,2,Westminster,Iowa Wesleyan,6.0,41.0,iii,,,,False,35.0,Iowa Wesleyan
401432837,2022,2,Carleton,Crown College,84.0,20.0,iii,iii,,,False,-64.0,Carleton
401432811,2022,2,Washington (MO),Hendrix College,52.0,7.0,iii,iii,,,False,-45.0,Washington (MO)
401435054,2022,2,Fort Lewis,Arizona Christian,12.0,52.0,ii,,,,False,40.0,Arizona Christian
401420823,2022,2,Youngstown State,Dayton,49.0,16.0,fcs,fcs,,,False,-33.0,Youngstown State
401432511,2022,2,Central,Wisconsin-Eau Claire,31.0,13.0,iii,iii,,,False,-18.0,Central
401438673,2022,2,Bridgewater (VA),Southern Virginia,58.0,10.0,iii,iii,,,False,-48.0,Bridgewater (VA)
401432561,2022,2,Concordia (WI),Northwestern (MN),28.0,14.0,iii,iii,,,False,-14.0,Concordia (WI)
401430976,2022,2,Mayville State,Nebraska Wesleyan University,55.0,48.0,,iii,,,True,-7.0,Mayville State
401438650,2022,2,Castleton State College,Fitchburg State,48.0,0.0,iii,iii,,,False,-48.0,Castleton State College
401435108,2022,2,Illinois College,Chicago,14.0,40.0,iii,iii,,,False,26.0,Chicago
401435104,2022,2,St. Johns (MN),UW-River Falls,37.0,34.0,iii,iii,,,False,-3.0,St. Johns (MN)
401433409,2022,2,McMurry,Millsaps,13.0,27.0,iii,iii,,,False,14.0,Millsaps
401431500,2022,2,McKendree,Delta State,34.0,58.0,ii,ii,,,False,24.0,Delta State
401431526,2022,2,South Dakota Mines,Truman State,20.0,27.0,ii,ii,,,False,7.0,Truman State
401431887,2022,2,Colorado Mines,Angelo State,27.0,30.0,ii,ii,,,False,3.0,Angelo State
401432393,2022,2,Augustana (SD),Bemidji State,30.0,29.0,ii,ii,,,False,-1.0,Augustana (SD)
401432437,2022,2,Winona State,University of Mary,25.0,17.0,ii,ii,,,False,-8.0,Winona State
401432977,2022,2,Bloomsburg,Clarion,42.0,3.0,ii,ii,,,False,-39.0,Bloomsburg
401431247,2022,2,Wisconsin-Platteville,Bethel (MN),10.0,7.0,iii,iii,,,False,-3.0,Wisconsin-Platteville
401431256,2022,2,Beloit College,Cornell College (IA),14.0,35.0,iii,iii,,,False,21.0,Cornell College (IA)
401435110,2022,2,Greenville,Rockford,40.0,30.0,iii,iii,,,False,-10.0,Greenville
401430969,2022,2,St. Olaf College,Luther,55.0,27.0,iii,iii,,,False,-28.0,St. Olaf College
401431118,2022,2,Aurora,Franklin,49.0,16.0,iii,iii,,,False,-33.0,Aurora
401431241,2022,2,Hamline,Minnesota-Morris,34.0,21.0,iii,iii,,,False,-13.0,Hamline
401431288,2022,2,Grinnell,Monmouth (IL),0.0,48.0,iii,iii,,,False,48.0,Monmouth (IL)
401431302,2022,2,St. Norbert,Wisconsin-Stevens Point,21.0,14.0,iii,iii,,,False,-7.0,St. Norbert
401415614,2022,2,Temple,Lafayette,30.0,14.0,fbs,fcs,1030.0,,False,-16.0,Temple
401432617,2022,2,Illinois Wesleyan,Ohio Wesleyan,45.0,21.0,iii,iii,,,False,-24.0,Illinois Wesleyan
401416594,2022,2,Ball State,Western Michigan,30.0,37.0,fbs,fbs,1294.0,1488.0,False,7.0,Western Michigan
401432961,2022,2,Sioux Falls,Minot State,34.0,0.0,ii,ii,,,False,-34.0,Sioux Falls
401430922,2022,2,Lakeland University,Buena Vista,34.0,41.0,iii,iii,,,False,7.0,Buena Vista
401404125,2022,2,Notre Dame,Marshall,21.0,26.0,fbs,fbs,1814.0,1548.0,False,5.0,Marshall
401438681,2022,2,Willamette,La Verne,26.0,14.0,iii,iii,,,False,-12.0,Willamette
401432384,2022,2,St. Anselm,American International,56.0,7.0,ii,ii,,,False,-49.0,St. Anselm
401431937,2022,2,Lincoln (MO),Northwest Missouri State,20.0,58.0,ii,ii,,,False,38.0,Northwest Missouri State
401432340,2022,2,Lane,Benedict College,0.0,14.0,ii,ii,,,False,14.0,Benedict College
401445794,2022,2,Albright,Western Connecticut State,14.0,28.0,iii,iii,,,False,14.0,Western Connecticut State
401420837,2022,2,North Dakota State,North Carolina A&T,43.0,3.0,fcs,fcs,,,False,-40.0,North Dakota State
401426545,2022,2,Charlotte,Maryland,21.0,56.0,fbs,fbs,1211.0,1534.0,False,35.0,Maryland
401415617,2022,2,Navy,Memphis,13.0,37.0,fbs,fbs,1403.0,1427.0,False,24.0,Memphis
401413334,2022,2,Montana,South Dakota,24.0,7.0,fcs,fcs,,,False,-17.0,Montana
401415619,2022,2,Cincinnati,Kennesaw State,63.0,10.0,fbs,fcs,1787.0,,False,-53.0,Cincinnati
401403878,2022,2,Texas A&M,Appalachian State,14.0,17.0,fbs,fbs,1708.0,1648.0,False,3.0,Appalachian State
401403977,2022,2,Air Force,Colorado,41.0,10.0,fbs,fbs,1650.0,1326.0,False,-31.0,Air Force
401403877,2022,2,Pittsburgh,Tennessee,27.0,34.0,fbs,fbs,1667.0,1756.0,False,7.0,Tennessee
401413341,2022,2,Montana State,Morehead State,63.0,13.0,fcs,fcs,,,False,-50.0,Montana State
401403984,2022,2,Wisconsin,Washington State,14.0,17.0,fbs,fbs,1742.0,1590.0,False,3.0,Washington State
401411102,2022,2,Clemson,Furman,35.0,12.0,fbs,fcs,1825.0,,False,-23.0,Clemson
401403976,2022,2,California,UNLV,20.0,14.0,fbs,fbs,1510.0,1300.0,False,-6.0,California
401404063,2022,2,Texas Tech,Houston,33.0,30.0,fbs,fbs,1536.0,1617.0,False,-3.0,Texas Tech
401416595,2022,2,Bowling Green,Eastern Kentucky,57.0,59.0,fbs,fcs,1167.0,,False,2.0,Eastern Kentucky
401415177,2022,2,Wyoming,Northern Colorado,33.0,10.0,fbs,fcs,1419.0,,False,-23.0,Wyoming
401405081,2022,2,Rutgers,Wagner,66.0,7.0,fbs,fcs,1370.0,,False,-59.0,Rutgers
401431841,2022,2,Clark Atlanta,Erskine,19.0,23.0,ii,ii,,,False,4.0,Erskine
401429861,2022,2,Elizabeth City State,Livingstone,0.0,19.0,ii,ii,,,True,19.0,Livingstone
401432413,2022,2,Upper Iowa,Minnesota St-Moorhead,21.0,24.0,ii,ii,,,False,3.0,Minnesota St-Moorhead
401455575,2022,2,Bentley,Pace,41.0,20.0,ii,ii,,,False,-21.0,Bentley
401432655,2022,2,Whitworth,Eastern Oregon,33.0,7.0,iii,,,,False,-26.0,Whitworth
401405070,2022,2,Illinois,Virginia,24.0,3.0,fbs,fbs,1579.0,1526.0,False,-21.0,Illinois
401403872,2022,2,Georgia,Samford,33.0,0.0,fbs,fcs,2087.0,,False,-33.0,Georgia
401404064,2022,2,Iowa,Iowa State,7.0,10.0,fbs,fbs,1624.0,1779.0,False,3.0,Iowa State
401405074,2022,2,Purdue,Indiana State,56.0,0.0,fbs,fcs,1628.0,,False,-56.0,Purdue
401405078,2022,2,Michigan State,Akron,52.0,0.0,fbs,fbs,1613.0,1096.0,False,-52.0,Michigan State
401421138,2022,2,The Citadel,East Tennessee State,20.0,17.0,fcs,fcs,,,False,-3.0,The Citadel
401420815,2022,2,North Dakota,Northern Iowa,29.0,27.0,fcs,fcs,,,False,-2.0,North Dakota
401418630,2022,2,Austin Peay,Mississippi Valley State,41.0,0.0,fcs,fcs,,,False,-41.0,Austin Peay
401424936,2022,2,Bethune-Cookman,South Carolina State,9.0,33.0,fcs,fcs,,,False,24.0,South Carolina State
401432823,2022,2,Claremont,Whittier,42.0,0.0,iii,iii,,,False,-42.0,Claremont
401426548,2022,2,Colorado State,Middle Tennessee,19.0,34.0,fbs,fbs,1329.0,1318.0,False,15.0,Middle Tennessee
401420788,2022,2,James Madison,Norfolk State,63.0,7.0,fbs,fcs,1596.0,,False,-56.0,James Madison
401403983,2022,2,Washington,Portland State,52.0,6.0,fbs,fcs,1584.0,,False,-46.0,Washington
401431611,2022,2,Western Oregon,Lincoln University (CA),42.0,10.0,ii,,,,False,-32.0,Western Oregon
401403981,2022,2,UCLA,Alabama State,45.0,7.0,fbs,fcs,1710.0,,False,-38.0,UCLA
401430703,2022,2,Valdosta State,Virginia Union,40.0,45.0,ii,ii,,,False,5.0,Virginia Union
401413225,2022,2,Cal Poly,San Diego,28.0,27.0,fcs,fcs,,,False,-1.0,Cal Poly
401422997,2022,2,Georgetown,Lehigh,19.0,21.0,fcs,fcs,,,False,2.0,Lehigh
401415216,2022,2,Nevada,Incarnate Word,41.0,55.0,fbs,fcs,1613.0,,False,14.0,Incarnate Word
401423425,2022,2,Richmond,St Francis (PA),31.0,21.0,fcs,fcs,,,False,-10.0,Richmond
401431572,2022,2,Findlay,Ashland,3.0,28.0,ii,ii,,,False,25.0,Ashland
401404065,2022,2,West Virginia,Kansas,42.0,55.0,fbs,fbs,1490.0,1194.0,False,13.0,Kansas
401413204,2022,2,Wofford,Elon,0.0,26.0,fcs,fcs,,,False,26.0,Elon
401424419,2022,2,Delaware,Delaware State,35.0,9.0,fcs,fcs,,,False,-26.0,Delaware
401430717,2022,2,Allen,Johnson C Smith,0.0,0.0,ii,ii,,,False,-0.0,Johnson C Smith
401426332,2022,2,Coastal Carolina,Gardner-Webb,31.0,27.0,fbs,fcs,1658.0,,False,-4.0,Coastal Carolina
401432422,2022,2,Southwest Minnesota State,Concordia-St. Paul,14.0,6.0,ii,ii,,,False,-8.0,Southwest Minnesota State
401433023,2022,2,Lock Haven,Mercyhurst,7.0,49.0,ii,ii,,,False,42.0,Mercyhurst
401423137,2022,2,Butler,Taylor,45.0,10.0,fcs,,,,False,-35.0,Butler
401430696,2022,2,Virginia State,Bluefield,28.0,7.0,ii,ii,,,False,-21.0,Virginia State
401430672,2022,2,Wayne State (MI),Shaw,30.0,22.0,ii,ii,,,False,-8.0,Wayne State (MI)
401423418,2022,2,Central Connecticut,Sacred Heart,10.0,14.0,fcs,fcs,,,False,4.0,Sacred Heart
401416596,2022,2,Buffalo,Holy Cross,31.0,37.0,fbs,fcs,1342.0,,False,6.0,Holy Cross
401424365,2022,2,William & Mary,Campbell,37.0,21.0,fcs,fcs,,,False,-16.0,William & Mary
401424948,2022,2,Florida A&M,Albany State (GA),23.0,13.0,fcs,ii,,,False,-10.0,Florida A&M
401435348,2022,2,Anderson (IN),DePauw,0.0,55.0,iii,iii,,,False,55.0,DePauw
401423412,2022,2,Stetson,Louisiana College,45.0,14.0,fcs,,,,False,-31.0,Stetson
401435092,2022,2,Alfred State College,Rochester,17.0,30.0,iii,iii,,,False,13.0,Rochester
401432699,2022,2,Bluefield College,Emory & Henry,33.0,41.0,,ii,,,True,8.0,Emory & Henry
401424420,2022,2,Hampton,Tuskegee,42.0,10.0,fcs,ii,,,False,-32.0,Hampton
401426492,2022,2,Bryant,Rhode Island,21.0,35.0,fcs,fcs,,,False,14.0,Rhode Island
401426546,2022,2,Florida Atlantic,Southeastern Louisiana,42.0,9.0,fbs,fcs,1487.0,,False,-33.0,Florida Atlantic
401416599,2022,2,Miami (OH),Robert Morris,31.0,14.0,fbs,fcs,1469.0,,False,-17.0,Miami (OH)
401420798,2022,2,North Carolina Central,Winston-Salem,41.0,0.0,fcs,ii,,,False,-41.0,North Carolina Central
401431864,2022,2,Morehouse,West Georgia,0.0,42.0,ii,ii,,,False,42.0,West Georgia
401439514,2022,2,Edward Waters,Savannah State,28.0,31.0,ii,ii,,,False,3.0,Savannah State
401415024,2022,2,East Carolina,Old Dominion,39.0,21.0,fbs,fbs,1522.0,1391.0,False,-18.0,East Carolina
401431195,2022,2,Alma College,Manchester,49.0,7.0,iii,iii,,,False,-42.0,Alma College
401426551,2022,2,Liberty,UAB,21.0,14.0,fbs,fbs,1586.0,1546.0,False,-7.0,Liberty
401432794,2022,2,Berry College,LaGrange College,56.0,10.0,iii,iii,,,False,-46.0,Berry College
401433006,2022,2,East Stroudsburg,Indiana (PA),35.0,38.0,ii,ii,,,False,3.0,Indiana (PA)
401431832,2022,2,North Greenville,Newberry,22.0,29.0,ii,ii,,,False,7.0,Newberry
401431811,2022,2,Southwest Baptist,West Florida,10.0,49.0,ii,ii,,,False,39.0,West Florida
401431580,2022,2,Hillsdale,Walsh,35.0,17.0,ii,ii,,,False,-18.0,Hillsdale
401431485,2022,2,Ouachita Baptist,Southern Nazarene,45.0,0.0,ii,ii,,,False,-45.0,Ouachita Baptist
401430709,2022,2,Fayetteville State,Wingate,3.0,21.0,ii,ii,,,False,18.0,Wingate
401431480,2022,2,Southwestern Oklahoma,Southern Arkansas,24.0,20.0,ii,ii,,,False,-4.0,Southwestern Oklahoma
401431458,2022,2,Northwestern Oklahoma State,Henderson State,27.0,51.0,ii,ii,,,False,24.0,Henderson State
401404148,2022,2,Connecticut,Syracuse,14.0,48.0,fbs,fbs,1128.0,1484.0,False,34.0,Syracuse
401420778,2022,2,Towson,Morgan State,29.0,21.0,fcs,fcs,,,False,-8.0,Towson
401418810,2022,2,Northwestern State,Grambling,21.0,47.0,fcs,fcs,,,True,26.0,Grambling
401416598,2022,2,Louisiana,Eastern Michigan,49.0,21.0,fbs,fbs,1720.0,1380.0,False,-28.0,Louisiana
401404066,2022,2,Oklahoma,Kent State,33.0,3.0,fbs,fbs,1786.0,1299.0,False,-30.0,Oklahoma
401403871,2022,2,Florida,Kentucky,16.0,26.0,fbs,fbs,1576.0,1713.0,False,10.0,Kentucky
401432430,2022,2,Wayne State (NE),Northern State,13.0,6.0,ii,ii,,,False,-7.0,Wayne State (NE)
401421128,2022,2,Eastern Illinois,Chattanooga,20.0,38.0,fcs,fcs,,,False,18.0,Chattanooga
401425451,2022,2,Southern Illinois,Southeast Missouri State,31.0,34.0,fcs,fcs,,,False,3.0,Southeast Missouri State
401424418,2022,2,Albany,New Hampshire,23.0,28.0,fcs,fcs,,,False,5.0,New Hampshire
401424953,2022,2,Tennessee State,Jackson State,3.0,16.0,fcs,fcs,,,True,13.0,Jackson State
401413215,2022,2,Murray State,Jacksonville State,3.0,34.0,fcs,fcs,,,False,31.0,Jacksonville State
401415170,2022,2,Sam Houston State,Northern Arizona,3.0,10.0,fcs,fcs,,,False,7.0,Northern Arizona
401421126,2022,2,Tennessee Tech,Texas A&M-Commerce,26.0,25.0,fcs,fcs,,,False,-1.0,Tennessee Tech
401418777,2022,2,North Alabama,UVA-Wise,49.0,17.0,fcs,ii,,,False,-32.0,North Alabama
401430740,2022,2,Arkansas-Monticello,Oklahoma Baptist,40.0,17.0,ii,ii,,,False,-23.0,Arkansas-Monticello
401430729,2022,2,Arkansas Tech,East Central,35.0,13.0,ii,ii,,,False,-22.0,Arkansas Tech
401432404,2022,2,Minnesota State,Minnesota-Duluth,17.0,10.0,ii,ii,,,False,-7.0,Minnesota State
401431946,2022,2,Northeastern State,Missouri Southern State,13.0,30.0,ii,ii,,,False,17.0,Missouri Southern State
401431907,2022,2,University of Texas of the Permian Basin,Western State,34.0,31.0,ii,ii,,,False,-3.0,University of Texas of the Permian Basin
401415182,2022,2,South Dakota State,UC Davis,24.0,22.0,fcs,fcs,,,False,-2.0,South Dakota State
401432629,2022,2,Christopher Newport,Averett,20.0,24.0,iii,iii,,,False,4.0,Averett
401432688,2022,2,Capital,Ohio Northern,13.0,28.0,iii,iii,,,False,15.0,Ohio Northern
401432727,2022,2,Shenandoah,NC Wesleyan,45.0,0.0,iii,iii,,,False,-45.0,Shenandoah
401432803,2022,2,Centre,Maryville TN,20.0,10.0,iii,iii,,,False,-10.0,Centre
401415618,2022,2,South Florida,Howard,42.0,20.0,fbs,fcs,1222.0,,False,-22.0,South Florida
401423439,2022,2,Troy,Alabama A&M,38.0,17.0,fbs,fcs,1324.0,,False,-21.0,Troy
401411104,2022,2,Georgia Tech,Western Carolina,35.0,17.0,fbs,fcs,1287.0,,False,-18.0,Georgia Tech
401426547,2022,2,Louisiana Tech,Stephen F. Austin,52.0,17.0,fbs,fcs,1238.0,,False,-35.0,Louisiana Tech
401415616,2022,2,SMU,Lamar,45.0,16.0,fbs,fcs,1684.0,,False,-29.0,SMU
401403874,2022,2,Ole Miss,Central Arkansas,59.0,3.0,fbs,fcs,1681.0,,False,-56.0,Ole Miss
401432844,2022,2,Macalester,Martin Luther College,43.0,7.0,iii,iii,,,False,-36.0,Macalester
401426544,2022,2,Texas State,Florida International,41.0,12.0,fbs,fbs,1241.0,1080.0,False,-29.0,Texas State
401418792,2022,2,Houston Christian,Lindenwood,20.0,21.0,fcs,fcs,,,False,1.0,Lindenwood
401444874,2022,2,Arkansas-Pine Bluff,North American University,76.0,3.0,fcs,,,,False,-73.0,Arkansas-Pine Bluff
401415620,2022,2,Tulsa,Northern Illinois,38.0,35.0,fbs,fbs,1500.0,1376.0,False,-3.0,Tulsa
401423144,2022,2,Davidson,Barton College,37.0,17.0,fcs,ii,,,False,-20.0,Davidson
401415615,2022,2,Tulane,Alcorn State,52.0,0.0,fbs,fcs,1501.0,,False,-52.0,Tulane
401431855,2022,2,Miles,West Alabama,0.0,31.0,ii,ii,,,False,31.0,West Alabama
401430982,2022,2,Wartburg,UW-Stout,27.0,0.0,iii,iii,,,False,-27.0,Wartburg
401431101,2022,2,Trinity (TX),Wheaton College (Ill),17.0,16.0,iii,iii,,,False,-1.0,Trinity (TX)
401431265,2022,2,Lawrence,Lake Forest,0.0,55.0,iii,iii,,,False,55.0,Lake Forest
401431275,2022,2,Ripon,Knox College,33.0,6.0,iii,iii,,,False,-27.0,Ripon
401415215,2022,2,Utah State,Weber State,7.0,35.0,fbs,fcs,1566.0,,False,28.0,Weber State
401439547,2022,2,Guilford,Methodist,16.0,49.0,iii,iii,,,False,33.0,Methodist
401430961,2022,2,Dubuque,Wisconsin-La Crosse,3.0,30.0,iii,iii,,,False,27.0,Wisconsin-La Crosse
401431144,2022,2,Rose-Hulman,Trine,23.0,24.0,iii,iii,,,False,1.0,Trine
401432515,2022,2,Benedictine (IL),Loras College,48.0,26.0,iii,iii,,,False,-22.0,Benedictine (IL)
401432538,2022,2,Wisconsin Lutheran,Carroll (WI),7.0,54.0,iii,iii,,,False,47.0,Carroll (WI)
401414779,2022,2,Toledo,UMass,55.0,10.0,fbs,fbs,1534.0,997.0,False,-45.0,Toledo
401435195,2022,2,Birmingham-Southern,Huntingdon,35.0,38.0,iii,iii,,,False,3.0,Huntingdon
401403873,2022,2,LSU,Southern,65.0,17.0,fbs,fcs,,,False,-48.0,LSU
401403980,2022,2,Stanford,USC,28.0,41.0,fbs,fbs,1355.0,1612.0,False,13.0,USC
401405072,2022,2,Nebraska,Georgia Southern,42.0,45.0,fbs,fbs,1616.0,1382.0,False,3.0,Georgia Southern
401418828,2022,2,Illinois State,Valparaiso,28.0,21.0,fcs,fcs,,,False,-7.0,Illinois State
401403870,2022,2,Auburn,San José State,24.0,16.0,fbs,fbs,1632.0,1338.0,False,-8.0,Auburn
401403975,2022,2,Oklahoma State,Arizona State,34.0,17.0,fbs,fbs,1783.0,1614.0,False,-17.0,Oklahoma State
401426550,2022,2,Rice,McNeese,52.0,10.0,fbs,fcs,1111.0,,False,-42.0,Rice
401426549,2022,2,North Texas,Texas Southern,59.0,27.0,fbs,fcs,1361.0,,False,-32.0,North Texas
401418783,2022,2,Abilene Christian,Prairie View,21.0,13.0,fcs,fcs,,,False,-8.0,Abilene Christian
401431409,2022,2,Harding,Southeastern Oklahoma,38.0,13.0,ii,ii,,,False,-25.0,Harding
401421117,2022,2,Louisiana Monroe,Nicholls,35.0,7.0,fbs,fcs,1121.0,,False,-28.0,Louisiana Monroe
401405075,2022,2,Indiana,Idaho,35.0,22.0,fbs,fcs,1340.0,,False,-13.0,Indiana
401431234,2022,2,Presentation College,Concordia (MN),13.0,42.0,,iii,,,True,29.0,Concordia (MN)
401431895,2022,2,Eastern New Mexico,Midwestern State,14.0,28.0,ii,ii,,,False,14.0,Midwestern State
401404067,2022,2,TCU,Tarleton State,59.0,17.0,fbs,fcs,1505.0,,False,-42.0,TCU
401413257,2022,2,San Diego State,Idaho State,38.0,7.0,fbs,fcs,1474.0,,False,-31.0,San Diego State
401405077,2022,2,Michigan,Hawai'i,56.0,10.0,fbs,fbs,1918.0,1188.0,False,-46.0,Michigan
401411108,2022,2,Virginia Tech,Boston College,27.0,10.0,fbs,fbs,1411.0,1438.0,False,-17.0,Virginia Tech
401431912,2022,2,West Texas A&M,Adams State,34.0,19.0,ii,ii,,,False,-15.0,West Texas A&M
401430987,2022,2,Belhaven College,Southwestern University,42.0,15.0,iii,iii,,,False,-27.0,Belhaven College
401431007,2022,2,Texas A&M-Kingsville,Sul Ross State,35.0,14.0,ii,iii,,,False,-21.0,Texas A&M-Kingsville
401431532,2022,2,Colorado State-Pueblo,Grand Valley State,10.0,35.0,ii,ii,,,False,25.0,Grand Valley State
401431585,2022,2,Kentucky Wesleyan,Lake Erie College,21.0,26.0,ii,ii,,,False,5.0,Lake Erie College
401430997,2022,2,Howard Payne,George Fox University,39.0,42.0,iii,iii,,,False,3.0,George Fox University
401403978,2022,2,Oregon,Eastern Washington,70.0,14.0,fbs,fcs,1467.0,,False,-56.0,Oregon
401431592,2022,2,Central Washington,Western New Mexico,24.0,13.0,ii,ii,,,False,-11.0,Central Washington
401426552,2022,2,UTEP,New Mexico State,20.0,13.0,fbs,fbs,1286.0,1140.0,False,-7.0,UTEP
401420856,2022,2,Utah Tech,Chadron State,56.0,10.0,fcs,ii,,,False,-46.0,Utah Tech
401439548,2022,2,Cal Lutheran,Chapman,41.0,42.0,iii,iii,,,False,1.0,Chapman
401432831,2022,2,Pomona-Pitzer,Redlands,21.0,20.0,iii,iii,,,False,-1.0,Pomona-Pitzer
401404062,2022,2,BYU,Baylor,26.0,20.0,fbs,fbs,1685.0,1690.0,False,-6.0,BYU
401403979,2022,2,Fresno State,Oregon State,32.0,35.0,fbs,fbs,1590.0,1593.0,False,3.0,Oregon State
401403875,2022,2,Arizona,Mississippi State,17.0,39.0,fbs,fbs,1377.0,1583.0,False,22.0,Mississippi State
401432341,2022,3,Benedict College,Savannah State,24.0,6.0,ii,ii,,,False,-18.0,Benedict College
401455576,2022,3,Bentley,Post University,49.0,6.0,ii,ii,,,False,-43.0,Bentley
401444113,2022,3,Southern Connecticut State,Pace,7.0,27.0,ii,ii,,,False,20.0,Pace
401435074,2022,3,Harvard,Merrimack,28.0,21.0,fcs,fcs,,,False,-7.0,Harvard
401445129,2022,3,St Lawrence,Morrisville State,15.0,17.0,iii,iii,,,False,2.0,Morrisville State
401441953,2022,3,Westfield State,Western Connecticut State,20.0,34.0,iii,iii,,,False,14.0,Western Connecticut State
401411109,2022,3,Louisville,Florida State,31.0,35.0,fbs,fbs,1506.0,1504.0,False,4.0,Florida State
401415217,2022,3,Wyoming,Air Force,17.0,14.0,fbs,fbs,1411.0,1695.0,False,-3.0,Wyoming
401411114,2022,3,Virginia Tech,Wofford,27.0,7.0,fbs,fcs,1446.0,,False,-20.0,Virginia Tech
401444591,2022,3,Plymouth State,Bridgewater State,41.0,34.0,iii,iii,,,False,-7.0,Plymouth State
401445213,2022,3,Bowdoin,Hamilton,41.0,13.0,iii,iii,,,False,-28.0,Bowdoin
401450193,2022,3,Salisbury,Ave Maria,42.0,14.0,iii,,,,False,-28.0,Salisbury
401426563,2022,3,Indiana,Western Kentucky,33.0,30.0,fbs,fbs,1335.0,1719.0,False,-3.0,Indiana
401432978,2022,3,Edinboro,Bloomsburg,23.0,20.0,ii,ii,,,False,-3.0,Edinboro
401431842,2022,3,Shorter,Albany State (GA),20.0,42.0,ii,ii,,,False,22.0,Albany State (GA)
401432573,2022,3,Hiram,DePauw,0.0,44.0,iii,iii,,,False,44.0,DePauw
401431052,2022,3,Husson,Alfred State College,23.0,17.0,iii,iii,,,False,-6.0,Husson
401431042,2022,3,Dean College,Curry,25.0,33.0,iii,iii,,,False,8.0,Curry
401433058,2022,3,Gannon,West Chester,23.0,29.0,ii,ii,,,False,6.0,West Chester
401433038,2022,3,Seton Hill College,East Stroudsburg,7.0,22.0,ii,ii,,,False,15.0,East Stroudsburg
401433031,2022,3,Millersville,Slippery Rock,14.0,45.0,ii,ii,,,False,31.0,Slippery Rock
401433014,2022,3,Mercyhurst,Kutztown,31.0,50.0,ii,ii,,,False,19.0,Kutztown
401432989,2022,3,Shepherd,California (PA),26.0,23.0,ii,ii,,,False,-3.0,Shepherd
401443111,2022,3,Ursinus,Muhlenberg,35.0,28.0,iii,iii,,,False,-7.0,Ursinus
401438615,2022,3,Salve Regina,Montclair State,14.0,31.0,iii,iii,,,False,17.0,Montclair State
401431519,2022,3,Walsh,Quincy,13.0,28.0,ii,ii,,,False,15.0,Quincy
401432128,2022,3,Notre Dame College,West Liberty,34.0,17.0,ii,ii,,,False,-17.0,Notre Dame College
401420779,2022,3,Morgan State,Sacred Heart,24.0,9.0,fcs,fcs,,,False,-15.0,Morgan State
401443117,2022,3,Albright,Misericordia,21.0,27.0,iii,iii,,,False,6.0,Misericordia
401404149,2022,3,Michigan,Connecticut,59.0,0.0,fbs,fbs,1961.0,1075.0,False,-59.0,Michigan
401404071,2022,3,Baylor,Texas State,42.0,7.0,fbs,fbs,1683.0,1299.0,False,-35.0,Baylor
401439528,2022,3,Springfield,Union,6.0,21.0,iii,iii,,,False,15.0,Union
401441942,2022,3,Buffalo State,SUNY Cortland,7.0,66.0,iii,iii,,,False,59.0,SUNY Cortland
401444120,2022,3,Wilkes,Widener,44.0,20.0,iii,iii,,,False,-24.0,Wilkes
401438634,2022,3,FDU-Florham,Lebanon Valley,14.0,17.0,iii,iii,,,False,3.0,Lebanon Valley
401403888,2022,3,South Carolina,Georgia,7.0,48.0,fbs,fbs,1521.0,2070.0,False,41.0,Georgia
401422998,2022,3,Lehigh,Richmond,6.0,30.0,fcs,fcs,,,False,24.0,Richmond
401404070,2022,3,Nebraska,Oklahoma,14.0,49.0,fbs,fbs,1596.0,1811.0,False,35.0,Oklahoma
401405084,2022,3,Syracuse,Purdue,32.0,29.0,fbs,fbs,1537.0,1631.0,False,-3.0,Syracuse
401405083,2022,3,Northwestern,Southern Illinois,24.0,31.0,fbs,fcs,1357.0,,False,7.0,Southern Illinois
401404136,2022,3,Army,Villanova,49.0,10.0,fbs,fcs,1527.0,,False,-39.0,Army
401403884,2022,3,Kentucky,Youngstown State,31.0,0.0,fbs,fcs,1731.0,,False,-31.0,Kentucky
401403887,2022,3,Missouri,Abilene Christian,34.0,17.0,fbs,fcs,1405.0,,False,-17.0,Missouri
401438682,2022,3,Hilbert College,Willamette,20.0,31.0,iii,iii,,,True,11.0,Willamette
401438651,2022,3,Fitchburg State,Worcester State College,10.0,56.0,iii,iii,,,False,46.0,Worcester State College
401435093,2022,3,Rochester,Brockport State (NY),3.0,23.0,iii,iii,,,False,20.0,Brockport State (NY)
401432881,2022,3,NC Wesleyan,Bridgewater (VA),7.0,48.0,iii,iii,,,False,41.0,Bridgewater (VA)
401431145,2022,3,Rose-Hulman,Albion,17.0,49.0,iii,iii,,,False,32.0,Albion
401438608,2022,3,Nichols,Coast Guard,37.0,33.0,iii,iii,,,False,-4.0,Nichols
401432102,2022,3,Charleston (WV),Frostburg State,28.0,34.0,ii,ii,,,False,6.0,Frostburg State
401433150,2022,3,Bluefield,Central State,27.0,23.0,ii,ii,,,False,-4.0,Bluefield
401415623,2022,3,Miami (OH),Cincinnati,17.0,38.0,fbs,fbs,1473.0,1781.0,True,21.0,Cincinnati
401429862,2022,3,Elizabeth City State,Winston-Salem,20.0,17.0,ii,ii,,,False,-3.0,Elizabeth City State
401431812,2022,3,Findlay,Southwest Baptist,52.0,35.0,ii,ii,,,False,-17.0,Findlay
401431816,2022,3,Davenport,Northern Michigan,31.0,21.0,ii,ii,,,False,-10.0,Davenport
401450198,2022,3,Endicott College,College of New Jersey,28.0,7.0,iii,iii,,,False,-21.0,Endicott College
401431061,2022,3,University of New England,Gallaudet,31.0,34.0,iii,iii,,,False,3.0,Gallaudet
401416603,2022,3,Kent State,Long Island University,63.0,10.0,fbs,fcs,1252.0,,False,-53.0,Kent State
401415186,2022,3,Brown,Bryant,44.0,38.0,fcs,fcs,,,False,-6.0,Brown
401432767,2022,3,Waynesburg,Geneva College,37.0,30.0,iii,iii,,,False,-7.0,Waynesburg
401432728,2022,3,Maryville TN,Shenandoah,29.0,34.0,iii,iii,,,False,5.0,Shenandoah
401441254,2022,3,Wesleyan,Bates College,41.0,10.0,iii,iii,,,False,-31.0,Wesleyan
401439533,2022,3,Stevenson,Alvernia University,40.0,18.0,iii,iii,,,False,-22.0,Stevenson
401438663,2022,3,Randolph-Macon,Southern Virginia,47.0,20.0,iii,iii,,,False,-27.0,Randolph-Macon
401446233,2022,3,Gettysburg,Dickinson,9.0,35.0,iii,iii,,,False,26.0,Dickinson
401445807,2022,3,Colby,Williams,24.0,14.0,iii,iii,,,False,-10.0,Colby
401443124,2022,3,St. Vincent,Thiel College,24.0,16.0,iii,iii,,,False,-8.0,St. Vincent
401429852,2022,3,Shaw,Bowie State,17.0,14.0,ii,ii,,,False,-3.0,Shaw
401435196,2022,3,Guilford,Huntingdon,7.0,47.0,iii,iii,,,False,40.0,Huntingdon
401435141,2022,3,Merchant Marine,SUNY Maritime,48.0,13.0,iii,iii,,,False,-35.0,Merchant Marine
401435065,2022,3,Western New England,Utica,21.0,23.0,iii,iii,,,False,2.0,Utica
401431527,2022,3,Hillsdale,Truman State,13.0,21.0,ii,ii,,,False,8.0,Truman State
401431552,2022,3,Northwood (MI),Saginaw Valley,14.0,35.0,ii,ii,,,False,21.0,Saginaw Valley
401432092,2022,3,Alderson-Broaddus,Wheeling Jesuit,41.0,56.0,ii,ii,,,False,15.0,Wheeling Jesuit
401432414,2022,3,Minnesota St-Moorhead,Augustana (SD),7.0,31.0,ii,ii,,,False,24.0,Augustana (SD)
401433007,2022,3,Shippensburg,Indiana (PA),21.0,44.0,ii,ii,,,False,23.0,Indiana (PA)
401433108,2022,3,UVA-Wise,Barton College,20.0,40.0,ii,ii,,,False,20.0,Barton College
401433124,2022,3,Carson-Newman,Limestone,37.0,40.0,ii,ii,,,False,3.0,Limestone
401437186,2022,3,New Haven,American International,54.0,26.0,ii,ii,,,False,-28.0,New Haven
401444450,2022,3,Mars Hill,Catawba,38.0,7.0,ii,ii,,,False,-31.0,Mars Hill
401431129,2022,3,Hanover,Olivet College,28.0,31.0,iii,iii,,,False,3.0,Olivet College
401438171,2022,3,Dayton,Kentucky State,46.0,3.0,fcs,ii,,,False,-43.0,Dayton
401437209,2022,3,Hobart,St. John Fisher,17.0,0.0,iii,iii,,,False,-17.0,Hobart
401436999,2022,3,McDaniel College,Franklin & Marshall,3.0,35.0,iii,iii,,,False,32.0,Franklin & Marshall
401432531,2022,3,Susquehanna,Moravian,37.0,3.0,iii,iii,,,False,-34.0,Susquehanna
401432582,2022,3,Kenyon,Wittenberg,28.0,51.0,iii,iii,,,False,23.0,Wittenberg
401438181,2022,3,West Virginia State,Fairmont State,34.0,29.0,ii,ii,,,False,-5.0,West Virginia State
401423914,2022,3,Pennsylvania,Colgate,25.0,14.0,fcs,fcs,,,False,-11.0,Pennsylvania
401432147,2022,3,Glenville State,UNC Pembroke,45.0,17.0,ii,ii,,,False,-28.0,Glenville State
401441947,2022,3,William Paterson,Keystone,27.0,20.0,iii,iii,,,False,-7.0,William Paterson
401416601,2022,3,Coastal Carolina,Buffalo,38.0,26.0,fbs,fbs,1657.0,1344.0,False,-12.0,Coastal Carolina
401445173,2022,3,King's College (PA),Delaware Valley,6.0,26.0,iii,iii,,,False,20.0,Delaware Valley
401435133,2022,3,Catholic University,Kean,14.0,33.0,iii,iii,,,False,19.0,Kean
401445220,2022,3,Ohio Dominican,William Jewell College,31.0,21.0,ii,ii,,,False,-10.0,Ohio Dominican
401455584,2022,3,Iowa Wesleyan,Finlandia University,55.0,0.0,,iii,,,True,-55.0,Iowa Wesleyan
401404073,2022,3,West Virginia,Towson,65.0,7.0,fbs,fcs,1442.0,,False,-58.0,West Virginia
401431031,2022,3,Johns Hopkins,Juniata,70.0,0.0,iii,iii,,,False,-70.0,Johns Hopkins
401430718,2022,3,Chowan,Johnson C Smith,32.0,29.0,ii,ii,,,False,-3.0,Chowan
401432795,2022,3,Berry College,UW-Whitewater,3.0,17.0,iii,iii,,,False,14.0,UW-Whitewater
401432750,2022,3,Carnegie Mellon,Grove City College,40.0,33.0,iii,iii,,,False,-7.0,Carnegie Mellon
401432735,2022,3,Methodist,Washington & Lee,14.0,37.0,iii,iii,,,False,23.0,Washington & Lee
401432719,2022,3,Hampden-Sydney,Greensboro,70.0,28.0,iii,iii,,,False,-42.0,Hampden-Sydney
401432710,2022,3,LaGrange College,Ferrum,44.0,38.0,iii,iii,,,False,-6.0,LaGrange College
401432610,2022,3,Denison,Oberlin,51.0,10.0,iii,iii,,,False,-41.0,Denison
401413335,2022,3,Indiana State,Montana,14.0,49.0,fcs,fcs,,,False,35.0,Montana
401423413,2022,3,Stetson,Princeton,14.0,39.0,fcs,fcs,,,False,25.0,Princeton
401424404,2022,3,Monmouth,Georgetown,45.0,6.0,fcs,fcs,,,False,-39.0,Monmouth
401424424,2022,3,Rhode Island,Delaware,21.0,42.0,fcs,fcs,,,False,21.0,Delaware
401424425,2022,3,Fordham,Albany,48.0,45.0,fcs,fcs,,,False,-3.0,Fordham
401416602,2022,3,Central Michigan,Bucknell,41.0,0.0,fbs,fcs,1483.0,,False,-41.0,Central Michigan
401432700,2022,3,Emory & Henry,Newberry,23.0,26.0,ii,ii,,,False,3.0,Newberry
401431109,2022,3,Ithaca,Alfred,52.0,3.0,iii,iii,,,False,-49.0,Ithaca
401431161,2022,3,Mass Maritime,Anna Maria College,14.0,23.0,iii,iii,,,False,9.0,Anna Maria College
401432663,2022,3,John Carroll,Baldwin-Wallace,21.0,7.0,iii,iii,,,False,-14.0,John Carroll
401415404,2022,3,VMI,Cornell,22.0,28.0,fcs,fcs,,,False,6.0,Cornell
401431119,2022,3,Franklin,Trine,21.0,55.0,iii,iii,,,False,34.0,Trine
401432681,2022,3,Mount Union,Marietta,55.0,7.0,iii,iii,,,False,-48.0,Mount Union
401431208,2022,3,Defiance,Kalamazoo,23.0,42.0,iii,iii,,,False,19.0,Kalamazoo
401431137,2022,3,Mount St. Joseph,Hope,33.0,28.0,iii,iii,,,False,-5.0,Mount St. Joseph
401431171,2022,3,UMass Dartmouth,Framingham State,46.0,21.0,iii,iii,,,False,-25.0,UMass Dartmouth
401435122,2022,3,Tufts,Trinity (CT),23.0,26.0,iii,iii,,,False,3.0,Trinity (CT)
401418603,2022,3,Dartmouth,Valparaiso,35.0,13.0,fcs,fcs,,,False,-22.0,Dartmouth
401439554,2022,3,Whittier,Lewis & Clark,13.0,44.0,iii,iii,,,False,31.0,Lewis & Clark
401431954,2022,3,Washburn,Nebraska-Kearney,13.0,21.0,ii,ii,,,False,8.0,Nebraska-Kearney
401430970,2022,3,Wartburg,Luther,62.0,0.0,iii,iii,,,False,-62.0,Wartburg
401435055,2022,3,New Mexico Highlands,Fort Lewis,27.0,3.0,ii,ii,,,False,-24.0,New Mexico Highlands
401432896,2022,3,Gustavus Adolphus,UW-Stout,25.0,28.0,iii,iii,,,False,3.0,UW-Stout
401432998,2022,3,Lock Haven,Clarion,7.0,44.0,ii,ii,,,False,37.0,Clarion
401432973,2022,3,Minot State,Wayne State (NE),10.0,49.0,ii,ii,,,False,39.0,Wayne State (NE)
401432373,2022,3,Emporia State,Missouri Western,36.0,12.0,ii,ii,,,False,-24.0,Emporia State
401430962,2022,3,Nebraska Wesleyan University,Dubuque,34.0,48.0,iii,iii,,,True,14.0,Dubuque
401420789,2022,3,Norfolk State,Hampton,7.0,17.0,fcs,fcs,,,False,10.0,Hampton
401435111,2022,3,Eureka College,Rockford,31.0,14.0,iii,iii,,,False,-17.0,Eureka College
401438661,2022,3,Monmouth (IL),Illinois College,51.0,20.0,iii,iii,,,False,-31.0,Monmouth (IL)
401431078,2022,3,Elmhurst,Augustana (IL),16.0,34.0,iii,iii,,,False,18.0,Augustana (IL)
401431311,2022,3,Concordia (IL),Aurora,7.0,56.0,iii,iii,,,False,49.0,Aurora
401413226,2022,3,South Dakota,Cal Poly,38.0,21.0,fcs,fcs,,,False,-17.0,South Dakota
401461979,2022,3,Millsaps,UW-Oshkosh,17.0,41.0,iii,iii,,,False,24.0,UW-Oshkosh
401432818,2022,3,Sewanee Univ. of the South,Westminster,41.0,6.0,iii,iii,,,False,-35.0,Sewanee Univ. of the South
401432512,2022,3,Central,Loras College,35.0,38.0,iii,iii,,,False,3.0,Loras College
401432519,2022,3,Wisconsin-Platteville,Hardin-Simmons,0.0,41.0,iii,iii,,,False,41.0,Hardin-Simmons
401432562,2022,3,Benedictine (IL),Concordia (WI),48.0,10.0,iii,iii,,,False,-38.0,Benedictine (IL)
401438667,2022,3,Norwich,Castleton State College,26.0,21.0,iii,iii,,,False,-5.0,Norwich
401439549,2022,3,Cal Lutheran,Puget Sound,35.0,27.0,iii,iii,,,False,-8.0,Cal Lutheran
401432695,2022,3,Wilmington (OH),Otterbein,32.0,26.0,iii,iii,,,False,-6.0,Wilmington (OH)
401432838,2022,3,Crown College,St. Scholastica,14.0,63.0,iii,iii,,,False,49.0,St. Scholastica
401435060,2022,3,Washington (MO),Millikin,54.0,7.0,iii,iii,,,False,-47.0,Washington (MO)
401439524,2022,3,Greenville,Manchester,49.0,22.0,iii,iii,,,False,-27.0,Greenville
401425514,2022,3,Delaware State,Virginia Lynchburg,35.0,19.0,fcs,,,,False,-16.0,Delaware State
401432624,2022,3,Wooster,Wabash College,14.0,48.0,iii,iii,,,False,34.0,Wabash College
401444596,2022,3,Amherst College,Middlebury,6.0,17.0,iii,iii,,,False,11.0,Middlebury
401432112,2022,3,WV Wesleyan,Concord,32.0,34.0,ii,ii,,,False,2.0,Concord
401424954,2022,3,Jackson State,Grambling,66.0,24.0,fcs,fcs,,,False,-42.0,Jackson State
401431257,2022,3,Chicago,Beloit College,43.0,10.0,iii,iii,,,False,-33.0,Chicago
401431266,2022,3,Lawrence,Grinnell,7.0,28.0,iii,iii,,,False,21.0,Grinnell
401433430,2022,3,McMurry,East Texas Baptist,7.0,28.0,iii,iii,,,False,21.0,East Texas Baptist
401403991,2022,3,UCLA,South Alabama,32.0,31.0,fbs,fbs,1690.0,1402.0,False,-1.0,UCLA
401425413,2022,3,Holy Cross,Yale,38.0,14.0,fcs,fcs,,,False,-24.0,Holy Cross
401416600,2022,3,Ball State,Murray State,31.0,0.0,fbs,fcs,1286.0,,False,-31.0,Ball State
401404069,2022,3,Iowa State,Ohio,43.0,10.0,fbs,fbs,1774.0,1308.0,False,-33.0,Iowa State
401431217,2022,3,Martin Luther College,Augsburg,7.0,45.0,iii,iii,,,False,38.0,Augsburg
401431068,2022,3,Carthage,North Central,7.0,59.0,iii,iii,,,False,52.0,North Central
401431276,2022,3,Cornell College (IA),Ripon,14.0,49.0,iii,iii,,,False,35.0,Ripon
401411113,2022,3,Virginia,Old Dominion,16.0,14.0,fbs,fbs,1482.0,1363.0,False,-2.0,Virginia
401405089,2022,3,Temple,Rutgers,14.0,16.0,fbs,fbs,1029.0,1370.0,False,2.0,Rutgers
401432332,2022,3,Fort Valley State,Allen,29.0,27.0,ii,ii,,,False,-2.0,Fort Valley State
401431008,2022,3,Sul Ross State,Austin College,55.0,14.0,iii,iii,,,False,-41.0,Sul Ross State
401403987,2022,3,Notre Dame,California,24.0,17.0,fbs,fbs,1785.0,1507.0,False,-7.0,Notre Dame
401431917,2022,3,Northwest Missouri State,Central Missouri State,24.0,7.0,ii,ii,,,False,-17.0,Northwest Missouri State
401437410,2022,3,Carleton,Minnesota-Morris,41.0,7.0,iii,iii,,,False,-34.0,Carleton
401431294,2022,3,Lake Forest,Knox College,48.0,14.0,iii,iii,,,False,-34.0,Lake Forest
401431486,2022,3,Southern Nazarene,East Central,21.0,44.0,ii,ii,,,False,23.0,East Central
401404074,2022,3,Kansas State,Tulane,10.0,17.0,fbs,fbs,1671.0,1483.0,False,7.0,Tulane
401426252,2022,3,Howard,Morehouse,31.0,0.0,fcs,ii,,,True,-31.0,Howard
401432438,2022,3,University of Mary,Southwest Minnesota State,28.0,31.0,ii,ii,,,False,3.0,Southwest Minnesota State
401413246,2022,3,Idaho,Drake,42.0,14.0,fcs,fcs,,,False,-28.0,Idaho
401433088,2022,3,Colorado Mesa,South Dakota Mines,17.0,31.0,ii,ii,,,False,14.0,South Dakota Mines
401431856,2022,3,West Alabama,Tuskegee,10.0,13.0,ii,ii,,,False,3.0,Tuskegee
401418631,2022,3,Alabama A&M,Austin Peay,3.0,28.0,fcs,fcs,,,False,25.0,Austin Peay
401433061,2022,3,Adams State,Colorado Mines,10.0,84.0,ii,ii,,,False,74.0,Colorado Mines
401432394,2022,3,Bemidji State,Winona State,34.0,24.0,ii,ii,,,False,-10.0,Bemidji State
401431833,2022,3,Mississippi College,North Greenville,19.0,41.0,ii,ii,,,False,22.0,North Greenville
401413258,2022,3,Idaho State,Central Arkansas,16.0,31.0,fcs,fcs,,,False,15.0,Central Arkansas
401426558,2022,3,UNLV,North Texas,58.0,27.0,fbs,fbs,1303.0,1366.0,False,-31.0,UNLV
401421118,2022,3,Southeast Missouri State,Nicholls,42.0,16.0,fcs,fcs,,,False,-26.0,Southeast Missouri State
401450137,2022,3,Lane,Clark Atlanta,38.0,6.0,ii,ii,,,False,-32.0,Lane
401403882,2022,3,Auburn,Penn State,12.0,41.0,fbs,fbs,1627.0,1737.0,False,29.0,Penn State
401403988,2022,3,Minnesota,Colorado,49.0,7.0,fbs,fbs,1691.0,1281.0,False,-42.0,Minnesota
401422988,2022,3,Lafayette,William & Mary,7.0,34.0,fcs,fcs,,,False,27.0,William & Mary
401426333,2022,3,Appalachian State,Troy,32.0,28.0,fbs,fbs,1656.0,1335.0,False,-4.0,Appalachian State
401426560,2022,3,UAB,Georgia Southern,35.0,21.0,fbs,fbs,1539.0,1402.0,False,-14.0,UAB
401422976,2022,3,Western Carolina,Presbyterian College,77.0,21.0,fcs,fcs,,,False,-56.0,Western Carolina
401414780,2022,3,UMass,Stony Brook,20.0,3.0,fbs,fcs,909.0,,False,-17.0,UMass
401403886,2022,3,Georgia Tech,Ole Miss,0.0,42.0,fbs,fbs,1317.0,1670.0,False,42.0,Ole Miss
401403891,2022,3,Northern Illinois,Vanderbilt,28.0,38.0,fbs,fbs,1377.0,1403.0,False,10.0,Vanderbilt
401403989,2022,3,Oregon,BYU,41.0,20.0,fbs,fbs,1484.0,1692.0,False,-21.0,Oregon
401405085,2022,3,Wisconsin,New Mexico State,66.0,7.0,fbs,fbs,1728.0,1138.0,False,-59.0,Wisconsin
401431593,2022,3,Simon Fraser,Central Washington,7.0,40.0,ii,ii,,,False,33.0,Central Washington
401432647,2022,3,Linfield,Redlands,21.0,3.0,iii,iii,,,False,-18.0,Linfield
401431867,2022,3,Erskine,Lenoir-Rhyne,20.0,42.0,ii,ii,,,False,22.0,Lenoir-Rhyne
401430998,2022,3,Hendrix College,Howard Payne,10.0,67.0,iii,iii,,,True,57.0,Howard Payne
401420878,2022,3,Western Illinois,Southern Utah,10.0,17.0,fcs,fcs,,,False,7.0,Southern Utah
401415171,2022,3,Northern Arizona,North Dakota,24.0,27.0,fcs,fcs,,,False,3.0,North Dakota
401433099,2022,3,Colorado State-Pueblo,Western State,10.0,17.0,ii,ii,,,False,7.0,Western State
401403880,2022,3,Alabama,Louisiana Monroe,63.0,7.0,fbs,fbs,2073.0,1140.0,False,-56.0,Alabama
401415218,2022,3,Boise State,UT Martin,30.0,7.0,fbs,fcs,1641.0,,False,-23.0,Boise State
401404068,2022,3,Houston,Kansas,30.0,48.0,fbs,fbs,1615.0,1254.0,False,18.0,Kansas
401432656,2022,3,Whitworth,Claremont,12.0,7.0,iii,iii,,,False,-5.0,Whitworth
401423426,2022,3,Wagner,St Francis (PA),7.0,27.0,fcs,fcs,,,False,20.0,St Francis (PA)
401415029,2022,3,Bowling Green,Marshall,34.0,31.0,fbs,fbs,1187.0,1577.0,False,-3.0,Bowling Green
401423919,2022,3,Southern,Texas Southern,0.0,24.0,fcs,fcs,,,True,24.0,Texas Southern
401403995,2022,3,Washington State,Colorado State,38.0,7.0,fbs,fbs,1604.0,1293.0,False,-31.0,Washington State
401425456,2022,3,Northern Iowa,Sacramento State,21.0,37.0,fcs,fcs,,,False,16.0,Sacramento State
401404159,2022,3,Wake Forest,Liberty,37.0,36.0,fbs,fbs,1668.0,1593.0,False,-1.0,Wake Forest
401433398,2022,3,Rensselaer,Worcester Polytechnic,37.0,0.0,iii,iii,,,False,-37.0,Rensselaer
401403885,2022,3,LSU,Mississippi State,31.0,16.0,fbs,fbs,1535.0,1617.0,False,-15.0,LSU
401424394,2022,3,Elon,Gardner-Webb,30.0,24.0,fcs,fcs,,,False,-6.0,Elon
401431196,2022,3,Anderson (IN),Alma College,7.0,45.0,iii,iii,,,False,38.0,Alma College
401430697,2022,3,Virginia State,St. Augustine's,42.0,7.0,ii,ii,,,False,-35.0,Virginia State
401423157,2022,3,Morehead State,Kentucky Christian,49.0,14.0,fcs,,,,False,-35.0,Morehead State
401418637,2022,3,Eastern Kentucky,Charleston Southern,40.0,17.0,fcs,fcs,,,False,-23.0,Eastern Kentucky
401415196,2022,3,Marist,Columbia,3.0,38.0,fcs,fcs,,,False,35.0,Columbia
401432869,2022,3,Averett,Brevard College,23.0,6.0,iii,iii,,,False,-17.0,Averett
401420799,2022,3,New Hampshire,North Carolina Central,27.0,45.0,fcs,fcs,,,False,18.0,North Carolina Central
401431501,2022,3,Lake Erie College,McKendree,37.0,38.0,ii,ii,,,False,1.0,McKendree
401431179,2022,3,Bluffton,Adrian,23.0,58.0,iii,iii,,,False,35.0,Adrian
401433131,2022,3,Tusculum,Wingate,10.0,27.0,ii,ii,,,False,17.0,Wingate
401432375,2022,3,Franklin Pierce,St. Anselm,0.0,27.0,ii,ii,,,True,27.0,St. Anselm
401411112,2022,3,Duke,North Carolina A&T,49.0,20.0,fbs,fcs,1264.0,,False,-29.0,Duke
401421139,2022,3,Mercer,The Citadel,17.0,0.0,fcs,fcs,,,False,-17.0,Mercer
401415621,2022,3,East Carolina,Campbell,49.0,10.0,fbs,fcs,1551.0,,False,-39.0,East Carolina
401431947,2022,3,Missouri Southern State,Central Oklahoma,40.0,21.0,ii,ii,,,False,-19.0,Missouri Southern State
401430704,2022,3,Virginia Union,Livingstone,42.0,6.0,ii,ii,,,False,-36.0,Virginia Union
401431567,2022,3,Wayne State (MI),Wisconsin-La Crosse,21.0,28.0,ii,iii,,,False,7.0,Wisconsin-La Crosse
401418778,2022,3,Chattanooga,North Alabama,41.0,14.0,fcs,fcs,,,False,-27.0,Chattanooga
401403881,2022,3,Arkansas,Missouri State,38.0,27.0,fbs,fcs,1667.0,,False,-11.0,Arkansas
401420869,2022,3,Sam Houston State,Texas A&M-Commerce,27.0,17.0,fcs,fcs,,,False,-10.0,Sam Houston State
401432517,2022,3,Wisconsin-Stevens Point,Simpson College,35.0,14.0,iii,iii,,,False,-21.0,Wisconsin-Stevens Point
401430730,2022,3,Arkansas Tech,Ouachita Baptist,14.0,63.0,ii,ii,,,False,49.0,Ouachita Baptist
401426557,2022,3,Middle Tennessee,Tennessee State,49.0,6.0,fbs,fcs,1357.0,,False,-43.0,Middle Tennessee
401415032,2022,3,Southern Mississippi,Northwestern State,64.0,10.0,fbs,fcs,1243.0,,False,-54.0,Southern Mississippi
401413216,2022,3,Tulsa,Jacksonville State,54.0,17.0,fbs,fcs,1498.0,,False,-37.0,Tulsa
401431473,2022,3,Southwestern Oklahoma,Southeastern Oklahoma,48.0,58.0,ii,ii,,,False,10.0,Southeastern Oklahoma
401431490,2022,3,Tiffin,Indianapolis,20.0,27.0,ii,ii,,,False,7.0,Indianapolis
401430741,2022,3,Henderson State,Arkansas-Monticello,37.0,27.0,ii,ii,,,False,-10.0,Henderson State
401405088,2022,3,Ohio State,Toledo,77.0,21.0,fbs,fbs,1957.0,1597.0,False,-56.0,Ohio State
401415622,2022,3,Memphis,Arkansas State,44.0,32.0,fbs,fbs,1488.0,1249.0,False,-12.0,Memphis
401431888,2022,3,University of Texas of the Permian Basin,Angelo State,21.0,34.0,ii,ii,,,False,13.0,Angelo State
401432567,2022,3,Wisconsin Lutheran,Lakeland University,25.0,21.0,iii,iii,,,False,-4.0,Wisconsin Lutheran
401432431,2022,3,Northern State,Minnesota State,23.0,22.0,ii,ii,,,False,-1.0,Northern State
401432405,2022,3,Minnesota-Duluth,Upper Iowa,28.0,6.0,ii,ii,,,False,-22.0,Minnesota-Duluth
401431928,2022,3,Lincoln (MO),Fort Hays State,14.0,51.0,ii,ii,,,False,37.0,Fort Hays State
401431533,2022,3,Grand Valley State,Lincoln University (CA),66.0,7.0,ii,,,,False,-59.0,Grand Valley State
401426554,2022,3,Georgia State,Charlotte,41.0,42.0,fbs,fbs,1462.0,1151.0,False,1.0,Charlotte
401432358,2022,3,Miles,Valdosta State,7.0,55.0,ii,ii,,,False,48.0,Valdosta State
401431450,2022,3,Harding,Southern Arkansas,37.0,17.0,ii,ii,,,False,-20.0,Harding
401422928,2022,3,Tennessee Tech,Samford,28.0,33.0,fcs,fcs,,,False,5.0,Samford
401431466,2022,3,Northwestern Oklahoma State,Oklahoma Baptist,23.0,31.0,ii,ii,,,False,8.0,Oklahoma Baptist
401431095,2022,3,Carroll (WI),North Park,42.0,0.0,iii,iii,,,False,-42.0,Carroll (WI)
401403889,2022,3,Tennessee,Akron,63.0,6.0,fbs,fbs,1762.0,1009.0,False,-57.0,Tennessee
401404075,2022,3,Oklahoma State,Arkansas-Pine Bluff,63.0,7.0,fbs,fcs,1809.0,,False,-56.0,Oklahoma State
401432849,2022,3,UW-River Falls,Northwestern (MN),63.0,27.0,iii,iii,,,False,-36.0,UW-River Falls
401435181,2022,3,Muskingum,Capital,37.0,7.0,iii,iii,,,False,-30.0,Muskingum
401415178,2022,3,Lamar,Northern Colorado,14.0,21.0,fcs,fcs,,,False,7.0,Northern Colorado
401431022,2022,3,Trinity (TX),Texas Lutheran,52.0,14.0,iii,iii,,,False,-38.0,Trinity (TX)
401404072,2022,3,NC State,Texas Tech,27.0,14.0,fbs,fbs,1628.0,1538.0,False,-13.0,NC State
401420847,2022,3,Prairie View,Incarnate Word,14.0,31.0,fcs,fcs,,,False,17.0,Incarnate Word
401432742,2022,3,Westminster PA,Allegheny,42.0,14.0,iii,iii,,,False,-28.0,Westminster PA
401431016,2022,3,Mary Hardin-Baylor,Southwestern University,68.0,14.0,iii,iii,,,False,-54.0,Mary Hardin-Baylor
401430923,2022,3,Buena Vista,Coe,3.0,14.0,iii,iii,,,False,11.0,Coe
401421122,2022,3,Southeastern Louisiana,Central Connecticut,70.0,6.0,fcs,fcs,,,False,-64.0,Southeastern Louisiana
401431102,2022,3,Wheaton College (Ill),Illinois Wesleyan,42.0,7.0,iii,iii,,,False,-35.0,Wheaton College (Ill)
401420832,2022,3,South Dakota State,Butler,45.0,17.0,fcs,fcs,,,False,-28.0,South Dakota State
401432759,2022,3,Case Western Reserve,Washington & Jefferson,14.0,10.0,iii,iii,,,False,-4.0,Case Western Reserve
401434858,2022,3,Lindenwood,Keiser University,37.0,3.0,fcs,,,,False,-34.0,Lindenwood
401423145,2022,3,Davidson,St. Andrews,56.0,6.0,fcs,,,,False,-50.0,Davidson
401420881,2022,3,Tarleton State,Eastern New Mexico,41.0,6.0,fcs,ii,,,False,-35.0,Tarleton State
401432689,2022,3,Heidelberg,Ohio Northern,37.0,3.0,iii,iii,,,False,-34.0,Heidelberg
401425420,2022,3,Mississippi Valley State,Delta State,17.0,28.0,fcs,ii,,,False,11.0,Delta State
401430687,2022,3,Lincoln (PA),Fayetteville State,7.0,19.0,ii,ii,,,False,12.0,Fayetteville State
401418829,2022,3,Illinois State,Eastern Illinois,35.0,7.0,fcs,fcs,,,False,-28.0,Illinois State
401403883,2022,3,Florida,South Florida,31.0,28.0,fbs,fbs,1567.0,1247.0,False,-3.0,Florida
401426555,2022,3,Florida Atlantic,UCF,14.0,40.0,fbs,fbs,1485.0,1552.0,False,26.0,UCF
401405082,2022,3,Iowa,Nevada,27.0,0.0,fbs,fbs,1629.0,1585.0,False,-27.0,Iowa
401411110,2022,3,Boston College,Maine,38.0,17.0,fbs,fcs,1403.0,,False,-21.0,Boston College
401421157,2022,3,East Tennessee State,Furman,14.0,27.0,fcs,fcs,,,False,13.0,Furman
401432423,2022,3,Concordia-St. Paul,Sioux Falls,23.0,44.0,ii,ii,,,False,21.0,Sioux Falls
401411115,2022,3,Western Michigan,Pittsburgh,13.0,34.0,fbs,fbs,1487.0,1661.0,False,21.0,Pittsburgh
401426559,2022,3,Rice,Louisiana,33.0,21.0,fbs,fbs,1120.0,1755.0,False,-12.0,Rice
401403994,2022,3,Washington,Michigan State,39.0,28.0,fbs,fbs,1577.0,1700.0,False,-11.0,Washington
401405087,2022,3,Maryland,SMU,34.0,27.0,fbs,fbs,1594.0,1671.0,False,-7.0,Maryland
401403990,2022,3,Oregon State,Montana State,68.0,28.0,fbs,fcs,1599.0,,True,-40.0,Oregon State
401426556,2022,3,Clemson,Louisiana Tech,48.0,20.0,fbs,fbs,1795.0,1240.0,False,-28.0,Clemson
401431902,2022,3,West Texas A&M,Texas A&M-Kingsville,24.0,31.0,ii,ii,,,False,7.0,Texas A&M-Kingsville
401431510,2022,3,Kentucky Wesleyan,Missouri S&T,11.0,6.0,ii,ii,,,False,-5.0,Kentucky Wesleyan
401433072,2022,3,Chadron State,Black Hills State,23.0,32.0,ii,ii,,,False,9.0,Black Hills State
401431543,2022,3,Midwestern State,Michigan Tech,28.0,21.0,ii,ii,,,False,-7.0,Midwestern State
401431612,2022,3,Western New Mexico,Western Oregon,35.0,30.0,ii,ii,,,False,-5.0,Western New Mexico
401426561,2022,3,New Mexico,UTEP,27.0,10.0,fbs,fbs,1226.0,1288.0,False,-17.0,New Mexico
401426562,2022,3,Texas,UT San Antonio,41.0,20.0,fbs,fbs,1716.0,1521.0,False,-21.0,Texas
401420857,2022,3,Weber State,Utah Tech,44.0,14.0,fcs,fcs,,,False,-30.0,Weber State
401418802,2022,3,McNeese,Alcorn State,19.0,30.0,fcs,fcs,,,False,11.0,Alcorn State
401431961,2022,3,Pittsburg State,Northeastern State,49.0,14.0,ii,ii,,,False,-35.0,Pittsburg State
401403890,2022,3,Texas A&M,Miami,17.0,9.0,fbs,fbs,1700.0,1596.0,False,-8.0,Texas A&M
401415183,2022,3,UC Davis,San Diego,43.0,13.0,fcs,fcs,,,False,-30.0,UC Davis
401403993,2022,3,Utah,San Diego State,35.0,7.0,fbs,fbs,1786.0,1464.0,False,-28.0,Utah
401432638,2022,3,George Fox University,Chapman,38.0,28.0,iii,iii,,,False,-10.0,George Fox University
401435170,2022,3,Pacific (OR),Pomona-Pitzer,23.0,20.0,iii,iii,,,False,-3.0,Pacific (OR)
401435175,2022,3,La Verne,Pacific Lutheran,0.0,41.0,iii,iii,,,False,41.0,Pacific Lutheran
401403992,2022,3,USC,Fresno State,45.0,17.0,fbs,fbs,1618.0,1586.0,False,-28.0,USC
401403985,2022,3,Arizona,North Dakota State,31.0,28.0,fbs,fcs,1328.0,,False,-3.0,Arizona
401403986,2022,3,Arizona State,Eastern Michigan,21.0,30.0,fbs,fbs,1592.0,1345.0,False,9.0,Eastern Michigan
401415219,2022,3,Hawai'i,Duquesne,24.0,14.0,fbs,fcs,1110.0,,False,-10.0,Hawai'i
401411116,2022,4,Virginia Tech,West Virginia,10.0,33.0,fbs,fbs,1451.0,1430.0,False,23.0,West Virginia
401426334,2022,4,Georgia State,Coastal Carolina,24.0,41.0,fbs,fbs,1444.0,1656.0,False,17.0,Coastal Carolina
401421129,2022,4,Illinois,Chattanooga,31.0,0.0,fbs,fcs,1622.0,,False,-31.0,Illinois
401455577,2022,4,Bentley,New Haven,13.0,21.0,ii,ii,,,False,8.0,New Haven
401411117,2022,4,Syracuse,Virginia,22.0,20.0,fbs,fbs,1539.0,1481.0,False,-2.0,Syracuse
401431032,2022,4,Johns Hopkins,Moravian,54.0,0.0,iii,iii,,,False,-54.0,Johns Hopkins
401415220,2022,4,Air Force,Nevada,48.0,20.0,fbs,fbs,1690.0,1520.0,False,-28.0,Air Force
401426571,2022,4,UTEP,Boise State,27.0,10.0,fbs,fbs,1245.0,1618.0,False,-17.0,UTEP
401431152,2022,4,Albright,Lycoming,0.0,45.0,iii,iii,,,False,45.0,Lycoming
401431162,2022,4,Fitchburg State,Mass Maritime,13.0,38.0,iii,iii,,,False,25.0,Mass Maritime
401437202,2022,4,Alfred State College,Defiance,42.0,33.0,iii,iii,,,False,-9.0,Alfred State College
401438624,2022,4,Anna Maria College,Coast Guard,28.0,66.0,iii,iii,,,False,38.0,Coast Guard
401438635,2022,4,FDU-Florham,King's College (PA),23.0,27.0,iii,iii,,,False,4.0,King's College (PA)
401404079,2022,4,Kansas,Duke,35.0,27.0,fbs,fbs,1342.0,1268.0,False,-8.0,Kansas
401404080,2022,4,Iowa State,Baylor,24.0,31.0,fbs,fbs,1809.0,1733.0,False,7.0,Baylor
401403895,2022,4,Georgia,Kent State,39.0,22.0,fbs,fbs,2121.0,1274.0,False,-17.0,Georgia
401403894,2022,4,Auburn,Missouri,17.0,14.0,fbs,fbs,1560.0,1410.0,False,-3.0,Auburn
401435201,2022,4,Greensboro,Maryville TN,17.0,37.0,iii,iii,,,False,20.0,Maryville TN
401432574,2022,4,Hiram,Wittenberg,14.0,38.0,iii,iii,,,False,24.0,Wittenberg
401411123,2022,4,Wake Forest,Clemson,45.0,51.0,fbs,fbs,1667.0,1808.0,False,6.0,Clemson
401421158,2022,4,Charleston Southern,Furman,19.0,24.0,fcs,fcs,,,False,5.0,Furman
401425511,2022,4,Robert Morris,East Tennessee State,3.0,45.0,fcs,fcs,,,False,42.0,East Tennessee State
401403899,2022,4,Mississippi State,Bowling Green,45.0,14.0,fbs,fbs,1578.0,1194.0,False,-31.0,Mississippi State
401405097,2022,4,Michigan,Maryland,34.0,27.0,fbs,fbs,2024.0,1608.0,False,-7.0,Michigan
401405098,2022,4,Penn State,Central Michigan,33.0,14.0,fbs,fbs,1804.0,1477.0,False,-19.0,Penn State
401404078,2022,4,SMU,TCU,34.0,42.0,fbs,fbs,1657.0,1497.0,False,8.0,TCU
401445923,2022,4,Western New England,Salisbury,0.0,35.0,iii,iii,,,False,35.0,Salisbury
401445767,2022,4,Buffalo State,Morrisville State,10.0,31.0,iii,iii,,,False,21.0,Morrisville State
401445170,2022,4,Castleton State College,St Lawrence,6.0,34.0,iii,iii,,,False,28.0,St Lawrence
401460114,2022,4,MIT,Dean College,35.0,6.0,iii,iii,,,False,-29.0,MIT
401438668,2022,4,Endicott College,Norwich,26.0,13.0,iii,iii,,,False,-13.0,Endicott College
401416604,2022,4,Eastern Michigan,Buffalo,31.0,50.0,fbs,fbs,1386.0,1345.0,False,19.0,Buffalo
401411119,2022,4,Louisville,South Florida,41.0,3.0,fbs,fbs,1499.0,1250.0,False,-38.0,Louisville
401431053,2022,4,Springfield,Husson,49.0,7.0,iii,iii,,,False,-42.0,Springfield
401433015,2022,4,Kutztown,Shepherd,35.0,42.0,ii,ii,,,False,7.0,Shepherd
401432990,2022,4,California (PA),Edinboro,49.0,7.0,ii,ii,,,False,-42.0,California (PA)
401431843,2022,4,Shorter,Valdosta State,30.0,34.0,ii,ii,,,False,4.0,Valdosta State
401411121,2022,4,Pittsburgh,Rhode Island,45.0,24.0,fbs,fcs,1709.0,,False,-21.0,Pittsburgh
401432153,2022,4,Wheeling Jesuit,Glenville State,34.0,23.0,ii,ii,,,False,-11.0,Wheeling Jesuit
401432376,2022,4,American International,Franklin Pierce,3.0,7.0,ii,ii,,,False,4.0,Franklin Pierce
401455634,2022,4,Pace,Assumption,14.0,26.0,ii,ii,,,False,12.0,Assumption
401430688,2022,4,Johnson C Smith,Lincoln (PA),28.0,29.0,ii,ii,,,False,1.0,Lincoln (PA)
401431553,2022,4,Davenport,Northwood (MI),51.0,17.0,ii,ii,,,False,-34.0,Davenport
401433032,2022,4,West Chester,Millersville,26.0,14.0,ii,ii,,,False,-12.0,West Chester
401415187,2022,4,Brown,Harvard,28.0,35.0,fcs,fcs,,,False,7.0,Harvard
401415197,2022,4,Georgetown,Columbia,6.0,42.0,fcs,fcs,,,False,36.0,Columbia
401431043,2022,4,Curry,Hilbert College,49.0,9.0,iii,iii,,,False,-40.0,Curry
401459908,2022,4,SUNY Maritime,William Paterson,3.0,14.0,iii,iii,,,False,11.0,William Paterson
401435066,2022,4,Union,Utica,24.0,31.0,iii,iii,,,False,7.0,Utica
401425414,2022,4,Colgate,Holy Cross,10.0,35.0,fcs,fcs,,,False,25.0,Holy Cross
401437210,2022,4,Keystone,Hobart,6.0,65.0,iii,iii,,,False,59.0,Hobart
401423158,2022,4,Stetson,Morehead State,38.0,26.0,fcs,fcs,,,False,-12.0,Stetson
401422989,2022,4,Pennsylvania,Lafayette,12.0,0.0,fcs,fcs,,,False,-12.0,Pennsylvania
401432129,2022,4,West Virginia State,Notre Dame College,13.0,48.0,ii,ii,,,False,35.0,Notre Dame College
401435142,2022,4,Kean,Merchant Marine,7.0,9.0,iii,iii,,,False,2.0,Merchant Marine
401432850,2022,4,Northwestern (MN),Hope,7.0,56.0,iii,iii,,,False,49.0,Hope
401430977,2022,4,Loras College,Nebraska Wesleyan University,49.0,31.0,iii,iii,,,False,-18.0,Loras College
401432583,2022,4,Kenyon,Ohio Wesleyan,14.0,41.0,iii,iii,,,False,27.0,Ohio Wesleyan
401431267,2022,4,Minnesota-Morris,Lawrence,49.0,19.0,iii,iii,,,False,-30.0,Minnesota-Morris
401438552,2022,4,LaGrange College,Methodist,28.0,38.0,iii,iii,,,False,10.0,Methodist
401432882,2022,4,Southern Virginia,NC Wesleyan,13.0,14.0,iii,iii,,,False,1.0,NC Wesleyan
401430963,2022,4,Dubuque,Wartburg,0.0,25.0,iii,iii,,,False,25.0,Wartburg
401425090,2022,4,Valparaiso,San Diego,28.0,21.0,fcs,fcs,,,False,-7.0,Valparaiso
401431110,2022,4,Alfred,Kalamazoo,31.0,23.0,iii,iii,,,False,-8.0,Alfred
401438616,2022,4,Rowan,Salve Regina,24.0,28.0,iii,iii,,,False,4.0,Salve Regina
401435123,2022,4,Trinity (CT),Colby,19.0,7.0,iii,iii,,,False,-12.0,Trinity (CT)
401437000,2022,4,Franklin & Marshall,Ursinus,7.0,22.0,iii,iii,,,False,15.0,Ursinus
401435114,2022,4,DePauw,Wooster,59.0,0.0,iii,iii,,,False,-59.0,DePauw
401439534,2022,4,Widener,Stevenson,14.0,30.0,iii,iii,,,False,16.0,Stevenson
401455582,2022,4,Juniata,Gettysburg,14.0,40.0,iii,iii,,,False,26.0,Gettysburg
401445802,2022,4,Bates College,Tufts,7.0,35.0,iii,iii,,,False,28.0,Tufts
401445214,2022,4,Williams,Bowdoin,24.0,14.0,iii,iii,,,False,-10.0,Williams
401444597,2022,4,Hamilton,Amherst College,24.0,10.0,iii,iii,,,False,-14.0,Hamilton
401441930,2022,4,Dickinson,Susquehanna,0.0,45.0,iii,iii,,,False,45.0,Susquehanna
401441991,2022,4,Long Island University,Bryant,29.0,31.0,fcs,fcs,,,False,2.0,Bryant
401443118,2022,4,Delaware Valley,Misericordia,41.0,0.0,iii,iii,,,False,-41.0,Delaware Valley
401443112,2022,4,Muhlenberg,McDaniel College,41.0,7.0,iii,iii,,,False,-34.0,Muhlenberg
401432999,2022,4,Clarion,Gannon,24.0,47.0,ii,ii,,,False,23.0,Gannon
401432385,2022,4,St. Anselm,Southern Connecticut State,21.0,14.0,ii,ii,,,False,-7.0,St. Anselm
401432135,2022,4,West Liberty,WV Wesleyan,23.0,21.0,ii,ii,,,False,-2.0,West Liberty
401432093,2022,4,Charleston (WV),Alderson-Broaddus,62.0,7.0,ii,ii,,,False,-55.0,Charleston (WV)
401431834,2022,4,North Greenville,Findlay,34.0,27.0,ii,ii,,,False,-7.0,North Greenville
401431544,2022,4,Michigan Tech,Saginaw Valley,13.0,35.0,ii,ii,,,False,22.0,Saginaw Valley
401431491,2022,4,Ohio Dominican,Indianapolis,38.0,44.0,ii,ii,,,False,6.0,Indianapolis
401429863,2022,4,Shaw,Elizabeth City State,35.0,16.0,ii,ii,,,False,-19.0,Shaw
401429853,2022,4,St. Augustine's,Bowie State,20.0,36.0,ii,ii,,,False,16.0,Bowie State
401441255,2022,4,Middlebury,Wesleyan,24.0,10.0,iii,iii,,,False,-14.0,Middlebury
401439544,2022,4,Worcester Polytechnic,Montclair State,10.0,0.0,iii,iii,,,False,-10.0,Worcester Polytechnic
401433151,2022,4,Bluefield,Fort Valley State,27.0,44.0,ii,ii,,,False,17.0,Fort Valley State
401438642,2022,4,Lebanon Valley,Wilkes,24.0,19.0,iii,iii,,,False,-5.0,Lebanon Valley
401432113,2022,4,Frostburg State,Concord,22.0,23.0,ii,ii,,,False,1.0,Concord
401431069,2022,4,Carthage,Washington (MO),16.0,45.0,iii,iii,,,False,29.0,Washington (MO)
401433024,2022,4,East Stroudsburg,Lock Haven,48.0,7.0,ii,ii,,,False,-41.0,East Stroudsburg
401435182,2022,4,Capital,Wilmington (OH),31.0,34.0,iii,iii,,,False,3.0,Wilmington (OH)
401432672,2022,4,John Carroll,Heidelberg,24.0,7.0,iii,iii,,,False,-17.0,John Carroll
401432682,2022,4,Muskingum,Mount Union,0.0,59.0,iii,iii,,,False,59.0,Mount Union
401431218,2022,4,Augsburg,St. Scholastica,50.0,13.0,iii,iii,,,False,-37.0,Augsburg
401431235,2022,4,Concordia (MN),Gustavus Adolphus,6.0,23.0,iii,iii,,,False,17.0,Gustavus Adolphus
401420790,2022,4,Norfolk State,St Francis (PA),26.0,45.0,fcs,fcs,,,False,19.0,St Francis (PA)
401431242,2022,4,Hamline,Carleton,12.0,45.0,iii,iii,,,False,33.0,Carleton
401435075,2022,4,Delaware State,Merrimack,13.0,26.0,fcs,fcs,,,False,13.0,Merrimack
401424937,2022,4,Bethune-Cookman,Grambling,36.0,19.0,fcs,fcs,,,False,-17.0,Bethune-Cookman
401430953,2022,4,Coe,Simpson College,48.0,10.0,iii,iii,,,False,-38.0,Coe
401432664,2022,4,Baldwin-Wallace,Ohio Northern,35.0,31.0,iii,iii,,,False,-4.0,Baldwin-Wallace
401441954,2022,4,Westfield State,Framingham State,11.0,14.0,iii,iii,,,False,3.0,Framingham State
401435107,2022,4,Macalester,St. Olaf College,32.0,38.0,iii,iii,,,False,6.0,St. Olaf College
401424955,2022,4,Jackson State,Mississippi Valley State,49.0,7.0,fcs,fcs,,,False,-42.0,Jackson State
401423153,2022,4,Drake,Marist,25.0,30.0,fcs,fcs,,,False,5.0,Marist
401433109,2022,4,Barton College,Mars Hill,18.0,24.0,ii,ii,,,False,6.0,Mars Hill
401424428,2022,4,Richmond,Stony Brook,51.0,7.0,fcs,fcs,,,False,-44.0,Richmond
401432696,2022,4,Otterbein,Marietta,10.0,27.0,iii,iii,,,False,17.0,Marietta
401428485,2022,4,St. Thomas (MN),Lincoln University (CA),43.0,6.0,fcs,,,,False,-37.0,St. Thomas (MN)
401431502,2022,4,McKendree,Walsh,46.0,10.0,ii,ii,,,False,-36.0,McKendree
401432897,2022,4,UW-Stout,Crown College,66.0,6.0,iii,iii,,,False,-60.0,UW-Stout
401418604,2022,4,Sacred Heart,Dartmouth,38.0,31.0,fcs,fcs,,,False,-7.0,Sacred Heart
401403998,2022,4,Colorado,UCLA,17.0,45.0,fbs,fbs,1212.0,1682.0,False,28.0,UCLA
401415405,2022,4,Cornell,Yale,14.0,38.0,fcs,fcs,,,False,24.0,Yale
401431248,2022,4,Bethel (MN),St. Johns (MN),28.0,24.0,iii,iii,,,False,-4.0,Bethel (MN)
401430999,2022,4,Howard Payne,East Texas Baptist,33.0,21.0,iii,iii,,,False,-12.0,Howard Payne
401431079,2022,4,North Central,Elmhurst,76.0,6.0,iii,iii,,,False,-70.0,North Central
401414781,2022,4,Temple,UMass,28.0,0.0,fbs,fbs,1044.0,934.0,False,-28.0,Temple
401431096,2022,4,Millikin,North Park,23.0,21.0,iii,iii,,,False,-2.0,Millikin
401432352,2022,4,Central State,Miles,14.0,34.0,ii,ii,,,False,20.0,Miles
401420828,2022,4,South Dakota,North Dakota State,17.0,34.0,fcs,fcs,,,False,17.0,North Dakota State
401432347,2022,4,Morehouse,Savannah State,3.0,15.0,ii,ii,,,False,12.0,Savannah State
401432333,2022,4,Tuskegee,Allen,35.0,27.0,ii,ii,,,False,-8.0,Tuskegee
401432625,2022,4,Wabash College,Denison,42.0,45.0,iii,iii,,,False,3.0,Denison
401433094,2022,4,Colorado Mines,Colorado State-Pueblo,45.0,17.0,ii,ii,,,False,-28.0,Colorado Mines
401432630,2022,4,Christopher Newport,Catholic University,38.0,7.0,iii,iii,,,False,-31.0,Christopher Newport
401432415,2022,4,Winona State,Minnesota St-Moorhead,40.0,7.0,ii,ii,,,False,-33.0,Winona State
401432743,2022,4,Allegheny,Waynesburg,31.0,15.0,iii,iii,,,False,-16.0,Allegheny
401432864,2022,4,Rhodes,Westminster,56.0,6.0,iii,iii,,,False,-50.0,Rhodes
401431520,2022,4,Quincy,Ashland,14.0,34.0,ii,ii,,,False,20.0,Ashland
401432406,2022,4,Sioux Falls,Minnesota-Duluth,34.0,31.0,ii,ii,,,False,-3.0,Sioux Falls
401432148,2022,4,Fairmont State,UNC Pembroke,25.0,23.0,ii,ii,,,False,-2.0,Fairmont State
401431197,2022,4,Alma College,Martin Luther College,69.0,0.0,iii,iii,,,False,-69.0,Alma College
401430988,2022,4,Huntingdon,Belhaven College,34.0,21.0,iii,iii,,,False,-13.0,Huntingdon
401430924,2022,4,Luther,Buena Vista,49.0,52.0,iii,iii,,,False,3.0,Buena Vista
401431303,2022,4,St. Norbert,Lakeland University,35.0,12.0,iii,iii,,,False,-23.0,St. Norbert
401431971,2022,4,Emporia State,Pittsburg State,13.0,14.0,ii,ii,,,False,1.0,Pittsburg State
401431918,2022,4,Nebraska-Kearney,Central Missouri State,38.0,6.0,ii,ii,,,False,-32.0,Nebraska-Kearney
401431312,2022,4,Rockford,Aurora,7.0,70.0,iii,iii,,,False,63.0,Aurora
401431320,2022,4,Concordia (WI),Concordia (IL),35.0,7.0,iii,iii,,,False,-28.0,Concordia (WI)
401432432,2022,4,Augustana (SD),Northern State,21.0,13.0,ii,ii,,,False,-8.0,Augustana (SD)
401431586,2022,4,William Jewell College,Kentucky Wesleyan,24.0,17.0,ii,ii,,,False,-7.0,William Jewell College
401431813,2022,4,Southwest Baptist,Lake Erie College,52.0,31.0,ii,ii,,,False,-21.0,Southwest Baptist
401432539,2022,4,Illinois Wesleyan,Carroll (WI),26.0,21.0,iii,iii,,,False,-5.0,Illinois Wesleyan
401431212,2022,4,Greenville,Olivet College,7.0,63.0,iii,iii,,,False,56.0,Olivet College
401432979,2022,4,Bloomsburg,Shippensburg,17.0,31.0,ii,ii,,,False,14.0,Shippensburg
401437656,2022,4,Northern Michigan,Post University,42.0,14.0,ii,ii,,,False,-28.0,Northern Michigan
401431188,2022,4,Wisconsin-Eau Claire,Albion,20.0,28.0,iii,iii,,,False,8.0,Albion
401416606,2022,4,Ohio,Fordham,59.0,52.0,fbs,fcs,1251.0,,False,-7.0,Ohio
401438609,2022,4,Hartwick,Nichols,28.0,20.0,iii,iii,,,False,-8.0,Hartwick
401431172,2022,4,Worcester State College,UMass Dartmouth,20.0,41.0,iii,iii,,,False,21.0,UMass Dartmouth
401431215,2022,4,Trine,Centre,17.0,0.0,iii,iii,,,False,-17.0,Trine
401435051,2022,4,Ferris State,Waldorf,69.0,3.0,ii,,,,False,-66.0,Ferris State
401425452,2022,4,Southeast Missouri State,Central Arkansas,35.0,27.0,fcs,fcs,,,False,-8.0,Southeast Missouri State
401422929,2022,4,Samford,Western Carolina,35.0,12.0,fcs,fcs,,,False,-23.0,Samford
401433080,2022,4,Western State,Chadron State,56.0,28.0,ii,ii,,,False,-28.0,Western State
401433073,2022,4,Black Hills State,Colorado Mesa,31.0,28.0,ii,ii,,,False,-3.0,Black Hills State
401422999,2022,4,Princeton,Lehigh,29.0,17.0,fcs,fcs,,,False,-12.0,Princeton
401413259,2022,4,Northern Colorado,Idaho State,35.0,14.0,fcs,fcs,,,False,-21.0,Northern Colorado
401431180,2022,4,Adrian,Finlandia University,73.0,13.0,iii,iii,,,False,-60.0,Adrian
401432751,2022,4,Thiel College,Carnegie Mellon,6.0,35.0,iii,iii,,,False,29.0,Carnegie Mellon
401420808,2022,4,Missouri State,South Dakota State,14.0,28.0,fcs,fcs,,,False,14.0,South Dakota State
401420816,2022,4,Southern Illinois,North Dakota,34.0,17.0,fcs,fcs,,,False,-17.0,Southern Illinois
401432439,2022,4,Minnesota State,University of Mary,31.0,28.0,ii,ii,,,False,-3.0,Minnesota State
401431528,2022,4,Truman State,Tiffin,18.0,17.0,ii,ii,,,False,-1.0,Truman State
401439515,2022,4,Lane,Edward Waters,20.0,9.0,ii,ii,,,False,-11.0,Lane
401431857,2022,4,West Alabama,West Georgia,7.0,22.0,ii,ii,,,False,15.0,West Georgia
401431966,2022,4,Central Oklahoma,Northwest Missouri State,23.0,14.0,ii,ii,,,False,-9.0,Central Oklahoma
401415037,2022,4,Appalachian State,James Madison,28.0,32.0,fbs,fbs,1650.0,1427.0,False,4.0,James Madison
401426565,2022,4,Western Kentucky,Florida International,73.0,0.0,fbs,fbs,1712.0,1022.0,False,-73.0,Western Kentucky
401405092,2022,4,Michigan State,Minnesota,7.0,34.0,fbs,fbs,1670.0,1760.0,False,27.0,Minnesota
401426572,2022,4,UT San Antonio,Texas Southern,52.0,24.0,fbs,fcs,1485.0,,False,-28.0,UT San Antonio
401415224,2022,4,San Diego State,Toledo,17.0,14.0,fbs,fbs,1427.0,1475.0,False,-3.0,San Diego State
401405096,2022,4,Cincinnati,Indiana,45.0,24.0,fbs,fbs,1795.0,1342.0,False,-21.0,Cincinnati
401404126,2022,4,North Carolina,Notre Dame,32.0,45.0,fbs,fbs,1569.0,1780.0,False,13.0,Notre Dame
401426569,2022,4,Memphis,North Texas,44.0,34.0,fbs,fbs,1492.0,1274.0,False,-10.0,Memphis
401403901,2022,4,Tennessee,Florida,38.0,33.0,fbs,fbs,1835.0,1564.0,False,-5.0,Tennessee
401424366,2022,4,William & Mary,Elon,31.0,35.0,fcs,fcs,,,False,4.0,Elon
401404082,2022,4,Texas Tech,Texas,37.0,34.0,fbs,fbs,1520.0,1746.0,False,-3.0,Texas Tech
401426568,2022,4,Miami,Middle Tennessee,31.0,45.0,fbs,fbs,1590.0,1354.0,False,14.0,Middle Tennessee
401424429,2022,4,Albany,Central Connecticut,45.0,26.0,fcs,fcs,,,False,-19.0,Albany
401424405,2022,4,Villanova,Monmouth,42.0,49.0,fcs,fcs,,,False,7.0,Monmouth
401411122,2022,4,UCF,Georgia Tech,27.0,10.0,fbs,fbs,1614.0,1239.0,False,-17.0,UCF
401420800,2022,4,North Carolina Central,Virginia Lynchburg,59.0,14.0,fcs,,,,False,-45.0,North Carolina Central
401413336,2022,4,Montana,Portland State,53.0,16.0,fcs,fcs,,,False,-37.0,Montana
401413217,2022,4,Nicholls,Jacksonville State,21.0,52.0,fcs,fcs,,,False,31.0,Jacksonville State
401413247,2022,4,Northern Arizona,Idaho,10.0,27.0,fcs,fcs,,,False,17.0,Idaho
401403898,2022,4,Ole Miss,Tulsa,35.0,27.0,fbs,fbs,1748.0,1499.0,False,-8.0,Ole Miss
401403999,2022,4,Washington State,Oregon,41.0,44.0,fbs,fbs,1651.0,1557.0,False,3.0,Oregon
401424427,2022,4,Towson,New Hampshire,14.0,37.0,fcs,fcs,,,False,23.0,New Hampshire
401426671,2022,4,Western Illinois,Northern Iowa,17.0,52.0,fcs,fcs,,,False,35.0,Northern Iowa
401433132,2022,4,Catawba,Tusculum,17.0,50.0,ii,ii,,,False,33.0,Tusculum
401433008,2022,4,Indiana (PA),Mercyhurst,33.0,16.0,ii,ii,,,False,-17.0,Indiana (PA)
401430698,2022,4,Livingstone,Virginia State,7.0,37.0,ii,ii,,,False,30.0,Virginia State
401430705,2022,4,Fayetteville State,Virginia Union,28.0,31.0,ii,ii,,,False,3.0,Virginia Union
401432395,2022,4,Upper Iowa,Bemidji State,22.0,48.0,ii,ii,,,False,26.0,Bemidji State
401433103,2022,4,South Dakota Mines,New Mexico Highlands,41.0,27.0,ii,ii,,,False,-14.0,South Dakota Mines
401435176,2022,4,Pacific Lutheran,Cal Lutheran,14.0,17.0,iii,iii,,,False,3.0,Cal Lutheran
401433399,2022,4,St. John Fisher,Rensselaer,3.0,0.0,iii,iii,,,False,-3.0,St. John Fisher
401433062,2022,4,Fort Lewis,Adams State,17.0,52.0,ii,ii,,,False,35.0,Adams State
401413237,2022,4,Eastern Washington,Montana State,35.0,38.0,fcs,fcs,,,False,3.0,Montana State
401418632,2022,4,Austin Peay,Eastern Kentucky,31.0,20.0,fcs,fcs,,,False,-11.0,Austin Peay
401415221,2022,4,Colorado State,Sacramento State,10.0,41.0,fbs,fcs,1233.0,,False,31.0,Sacramento State
401431613,2022,4,Western Oregon,University of Texas of the Permian Basin,24.0,27.0,ii,ii,,,False,3.0,University of Texas of the Permian Basin
401462513,2022,4,Northwestern State,Lamar,35.0,27.0,fcs,fcs,,,False,-8.0,Northwestern State
401431938,2022,4,Northeastern State,Lincoln (MO),38.0,10.0,ii,ii,,,False,-28.0,Northeastern State
401444592,2022,4,Western Connecticut State,Bridgewater State,27.0,40.0,iii,iii,,,False,13.0,Bridgewater State
401438657,2022,4,Eureka College,Benedictine (IL),10.0,58.0,iii,iii,,,False,48.0,Benedictine (IL)
401426255,2022,4,Murray State,Eastern Illinois,21.0,35.0,fcs,fcs,,,False,14.0,Eastern Illinois
401403996,2022,4,California,Arizona,49.0,31.0,fbs,fbs,1512.0,1343.0,False,-18.0,California
401413205,2022,4,Kennesaw State,Wofford,24.0,22.0,fcs,fcs,,,False,-2.0,Kennesaw State
401423450,2022,4,Alabama State,Prairie View,15.0,25.0,fcs,fcs,,,False,10.0,Prairie View
401432324,2022,4,Clark Atlanta,Albany State (GA),0.0,35.0,ii,ii,,,False,35.0,Albany State (GA)
401432701,2022,4,Wingate,Emory & Henry,10.0,17.0,ii,ii,,,False,7.0,Emory & Henry
401432342,2022,4,Benedict College,Kentucky State,40.0,14.0,ii,ii,,,False,-26.0,Benedict College
401431980,2022,4,Chowan,Winston-Salem,21.0,7.0,ii,ii,,,False,-14.0,Chowan
401431534,2022,4,Wayne State (MI),Grand Valley State,9.0,48.0,ii,ii,,,False,39.0,Grand Valley State
401416605,2022,4,Georgia Southern,Ball State,34.0,23.0,fbs,fbs,1385.0,1295.0,False,-11.0,Georgia Southern
401433039,2022,4,Slippery Rock,Seton Hill College,30.0,2.0,ii,ii,,,False,-28.0,Slippery Rock
401426570,2022,4,Houston,Rice,34.0,27.0,fbs,fbs,1527.0,1204.0,False,-7.0,Houston
401432966,2022,4,Southwest Minnesota State,Minot State,27.0,20.0,ii,ii,,,False,-7.0,Southwest Minnesota State
401431868,2022,4,Newberry,Erskine,32.0,14.0,ii,ii,,,False,-18.0,Newberry
401433117,2022,4,Lenoir-Rhyne,Carson-Newman,34.0,13.0,ii,ii,,,False,-21.0,Lenoir-Rhyne
401422923,2022,4,Gardner-Webb,Mercer,14.0,45.0,fcs,fcs,,,False,31.0,Mercer
401426335,2022,4,Old Dominion,Arkansas State,29.0,26.0,fbs,fbs,1364.0,1245.0,False,-3.0,Old Dominion
401432781,2022,4,Washington & Jefferson,Bethany (WV),50.0,7.0,iii,iii,,,False,-43.0,Washington & Jefferson
401424426,2022,4,Delaware,Hampton,35.0,3.0,fcs,fcs,,,False,-32.0,Delaware
401423440,2022,4,Florida A&M,Alabama A&M,38.0,25.0,fcs,fcs,,,False,-13.0,Florida A&M
401415624,2022,4,East Carolina,Navy,20.0,23.0,fbs,fbs,1550.0,1342.0,False,3.0,Navy
401404160,2022,4,Liberty,Akron,21.0,12.0,fbs,fbs,1594.0,936.0,False,-9.0,Liberty
401431889,2022,4,Angelo State,West Texas A&M,34.0,14.0,ii,ii,,,False,-20.0,Angelo State
401430731,2022,4,Arkansas-Monticello,Arkansas Tech,35.0,14.0,ii,ii,,,False,-21.0,Arkansas-Monticello
401431451,2022,4,Ouachita Baptist,Harding,21.0,13.0,ii,ii,,,False,-8.0,Ouachita Baptist
401405091,2022,4,Rutgers,Iowa,10.0,27.0,fbs,fbs,1355.0,1694.0,False,17.0,Iowa
401418793,2022,4,Texas State,Houston Christian,34.0,0.0,fbs,fcs,1232.0,,False,-34.0,Texas State
401420848,2022,4,Southeastern Louisiana,Incarnate Word,41.0,35.0,fcs,fcs,,,False,-6.0,Southeastern Louisiana
401426393,2022,4,Troy,Marshall,16.0,7.0,fbs,fbs,1341.0,1570.0,False,-9.0,Troy
401431017,2022,4,Southwestern University,McMurry,38.0,33.0,iii,iii,,,False,-5.0,Southwestern University
401444110,2022,4,East Central,Northwestern Oklahoma State,31.0,3.0,ii,ii,,,False,-28.0,East Central
401433125,2022,4,Limestone,UVA-Wise,27.0,13.0,ii,ii,,,False,-14.0,Limestone
401431009,2022,4,Texas Lutheran,Sul Ross State,14.0,28.0,iii,iii,,,False,14.0,Sul Ross State
401431975,2022,4,Missouri Western,Washburn,31.0,38.0,ii,ii,,,False,7.0,Washburn
401415222,2022,4,Utah State,UNLV,24.0,34.0,fbs,fbs,1445.0,1395.0,False,10.0,UNLV
401415040,2022,4,Tulane,Southern Mississippi,24.0,27.0,fbs,fbs,1512.0,1254.0,False,3.0,Southern Mississippi
401432424,2022,4,Wayne State (NE),Concordia-St. Paul,48.0,21.0,ii,ii,,,False,-27.0,Wayne State (NE)
401431474,2022,4,Southeastern Oklahoma,Southern Nazarene,34.0,45.0,ii,ii,,,False,11.0,Southern Nazarene
401431511,2022,4,Missouri S&T,Hillsdale,10.0,17.0,ii,ii,,,False,7.0,Hillsdale
401418779,2022,4,North Alabama,Tarleton State,28.0,43.0,fcs,fcs,,,False,15.0,Tarleton State
401403893,2022,4,Texas A&M,Arkansas,23.0,21.0,fbs,fbs,1706.0,1665.0,True,-2.0,Texas A&M
401431825,2022,4,West Florida,Delta State,42.0,45.0,ii,ii,,,True,3.0,Delta State
401431900,2022,4,Texas A&M-Commerce,North American University,63.0,3.0,fcs,,,,False,-60.0,Texas A&M-Commerce
401432773,2022,4,Grove City College,St. Vincent,42.0,7.0,iii,iii,,,False,-35.0,Grove City College
401432760,2022,4,Geneva College,Case Western Reserve,7.0,34.0,iii,iii,,,False,27.0,Case Western Reserve
401438621,2022,4,Birmingham-Southern,Point University,34.0,14.0,iii,,,,False,-20.0,Birmingham-Southern
401432520,2022,4,Hardin-Simmons,Mary Hardin-Baylor,20.0,50.0,iii,iii,,,False,30.0,Mary Hardin-Baylor
401431459,2022,4,Southern Arkansas,Henderson State,28.0,24.0,ii,ii,,,False,-4.0,Southern Arkansas
401431467,2022,4,Oklahoma Baptist,Southwestern Oklahoma,31.0,38.0,ii,ii,,,False,7.0,Southwestern Oklahoma
401431103,2022,4,Augustana (IL),Wheaton College (Ill),28.0,38.0,iii,iii,,,False,10.0,Wheaton College (Ill)
401420864,2022,4,Stephen F. Austin,Warner,98.0,0.0,fcs,,,,False,-98.0,Stephen F. Austin
401424930,2022,4,Alcorn State,Arkansas-Pine Bluff,38.0,21.0,fcs,fcs,,,False,-17.0,Alcorn State
401426567,2022,4,South Alabama,Louisiana Tech,38.0,14.0,fbs,fbs,1410.0,1227.0,False,-24.0,South Alabama
401428475,2022,4,North Carolina A&T,South Carolina State,41.0,27.0,fcs,fcs,,,False,-14.0,North Carolina A&T
401403896,2022,4,Kentucky,Northern Illinois,31.0,23.0,fbs,fbs,1722.0,1358.0,False,-8.0,Kentucky
401423146,2022,4,Presbyterian College,Davidson,24.0,56.0,fcs,fcs,,,False,32.0,Davidson
401420842,2022,4,UT Martin,Lindenwood,56.0,26.0,fcs,fcs,,,False,-30.0,UT Martin
401403897,2022,4,LSU,New Mexico,38.0,0.0,fbs,fbs,1574.0,1269.0,False,-38.0,LSU
401404150,2022,4,NC State,Connecticut,41.0,10.0,fbs,fbs,1646.0,1012.0,False,-31.0,NC State
401426564,2022,4,South Carolina,Charlotte,56.0,20.0,fbs,fbs,1470.0,1169.0,False,-36.0,South Carolina
401426566,2022,4,Purdue,Florida Atlantic,28.0,26.0,fbs,fbs,1629.0,1423.0,False,-2.0,Purdue
401403892,2022,4,Alabama,Vanderbilt,55.0,3.0,fbs,fbs,2121.0,1422.0,False,-52.0,Alabama
401405095,2022,4,Ohio State,Wisconsin,52.0,21.0,fbs,fbs,2079.0,1828.0,False,-31.0,Ohio State
401405093,2022,4,Northwestern,Miami (OH),14.0,17.0,fbs,fbs,1353.0,1459.0,False,3.0,Miami (OH)
401431602,2022,4,Midwestern State,Simon Fraser,77.0,0.0,ii,ii,,,False,-77.0,Midwestern State
401418803,2022,4,McNeese,Mississippi College,32.0,17.0,fcs,ii,,,False,-15.0,McNeese
401426336,2022,4,Louisiana Monroe,Louisiana,21.0,17.0,fbs,fbs,1092.0,1671.0,False,-4.0,Louisiana Monroe
401431903,2022,4,Texas A&M-Kingsville,Eastern New Mexico,43.0,10.0,ii,ii,,,False,-33.0,Texas A&M-Kingsville
401431929,2022,4,Fort Hays State,Missouri Southern State,24.0,25.0,ii,ii,,,False,1.0,Missouri Southern State
401418784,2022,4,Abilene Christian,Western New Mexico,34.0,7.0,fcs,ii,,,False,-27.0,Abilene Christian
401409237,2022,4,New Mexico State,Hawai'i,45.0,26.0,fbs,fbs,1038.0,1145.0,False,-19.0,New Mexico State
401411118,2022,4,Florida State,Boston College,44.0,14.0,fbs,fbs,1511.0,1398.0,False,-30.0,Florida State
401420858,2022,4,Southern Utah,Utah Tech,31.0,17.0,fcs,fcs,,,False,-14.0,Southern Utah
401404081,2022,4,Oklahoma,Kansas State,34.0,41.0,fbs,fbs,1884.0,1642.0,False,7.0,Kansas State
401404000,2022,4,Oregon State,USC,14.0,17.0,fbs,fbs,1597.0,1687.0,False,3.0,USC
401432824,2022,4,Redlands,Claremont,21.0,25.0,iii,iii,,,False,4.0,Claremont
401415184,2022,4,UC Davis,Weber State,12.0,17.0,fcs,fcs,,,False,5.0,Weber State
401439555,2022,4,Whittier,Pomona-Pitzer,0.0,59.0,iii,iii,,,False,59.0,Pomona-Pitzer
401461254,2022,4,Chapman,La Verne,56.0,13.0,iii,iii,,,False,-43.0,Chapman
401415223,2022,4,BYU,Wyoming,38.0,24.0,fbs,fbs,1619.0,1416.0,False,-14.0,BYU
401415225,2022,4,San José State,Western Michigan,34.0,6.0,fbs,fbs,1343.0,1453.0,False,-28.0,San José State
401403997,2022,4,Arizona State,Utah,13.0,34.0,fbs,fbs,1551.0,1823.0,False,21.0,Utah
401404001,2022,4,Washington,Stanford,40.0,22.0,fbs,fbs,1607.0,1349.0,False,-18.0,Washington
401430710,2022,5,Fayetteville State,Chowan,13.0,10.0,ii,ii,,,False,-3.0,Fayetteville State
401403908,2022,5,South Carolina,South Carolina State,50.0,10.0,fbs,fcs,1546.0,,False,-40.0,South Carolina
401415226,2022,5,BYU,Utah State,38.0,26.0,fbs,fbs,1630.0,1420.0,False,-12.0,BYU
401431173,2022,5,UMass Dartmouth,Western Connecticut State,48.0,21.0,iii,iii,,,False,-27.0,UMass Dartmouth
401415625,2022,5,Houston,Tulane,24.0,27.0,fbs,fbs,1520.0,1491.0,False,3.0,Tulane
401426576,2022,5,Middle Tennessee,UT San Antonio,30.0,45.0,fbs,fbs,1411.0,1491.0,False,15.0,UT San Antonio
401415228,2022,5,Boise State,San Diego State,35.0,13.0,fbs,fbs,1541.0,1429.0,False,-22.0,Boise State
401404007,2022,5,UCLA,Washington,40.0,32.0,fbs,fbs,1705.0,1623.0,False,-8.0,UCLA
401418605,2022,5,Dartmouth,Pennsylvania,17.0,23.0,fcs,fcs,,,False,6.0,Pennsylvania
401415229,2022,5,UNLV,New Mexico,31.0,20.0,fbs,fbs,1420.0,1200.0,False,-11.0,UNLV
401428486,2022,5,Marist,St. Thomas (MN),24.0,38.0,fcs,fcs,,,False,14.0,St. Thomas (MN)
401404086,2022,5,TCU,Oklahoma,55.0,24.0,fbs,fbs,1526.0,1851.0,False,-31.0,TCU
401404085,2022,5,Kansas State,Texas Tech,37.0,28.0,fbs,fbs,1675.0,1524.0,False,-9.0,Kansas State
401432532,2022,5,Moravian,Juniata,51.0,7.0,iii,iii,,,False,-44.0,Moravian
401435134,2022,5,MIT,Catholic University,7.0,42.0,iii,iii,,,False,35.0,Catholic University
401444114,2022,5,Southern Connecticut State,Assumption,14.0,28.0,ii,ii,,,False,14.0,Assumption
401420780,2022,5,Morgan State,Virginia Lynchburg,44.0,10.0,fcs,,,,False,-34.0,Morgan State
401442044,2022,5,Stonehill,Duquesne,24.0,20.0,fcs,fcs,,,False,-4.0,Stonehill
401403905,2022,5,Ole Miss,Kentucky,22.0,19.0,fbs,fbs,1745.0,1713.0,False,-3.0,Ole Miss
401438610,2022,5,Nichols,Western New England,14.0,47.0,iii,iii,,,False,33.0,Western New England
401411124,2022,5,Boston College,Louisville,34.0,33.0,fbs,fbs,1332.0,1575.0,False,-1.0,Boston College
401433040,2022,5,Gannon,Seton Hill College,21.0,10.0,ii,ii,,,False,-11.0,Gannon
401405101,2022,5,Minnesota,Purdue,10.0,20.0,fbs,fbs,1823.0,1627.0,False,10.0,Purdue
401405100,2022,5,Iowa,Michigan,14.0,27.0,fbs,fbs,1702.0,2012.0,False,13.0,Michigan
401405099,2022,5,Wisconsin,Illinois,10.0,34.0,fbs,fbs,1775.0,1623.0,False,24.0,Illinois
401420801,2022,5,Campbell,North Carolina Central,48.0,18.0,fcs,fcs,,,False,-30.0,Campbell
401415227,2022,5,Air Force,Navy,13.0,10.0,fbs,fbs,1743.0,1360.0,False,-3.0,Air Force
401404137,2022,5,Army,Georgia State,14.0,31.0,fbs,fbs,1528.0,1424.0,False,17.0,Georgia State
401432154,2022,5,WV Wesleyan,Wheeling Jesuit,0.0,37.0,ii,ii,,,False,37.0,Wheeling Jesuit
401432883,2022,5,NC Wesleyan,LaGrange College,37.0,22.0,iii,iii,,,False,-15.0,NC Wesleyan
401439535,2022,5,Stevenson,Delaware Valley,7.0,26.0,iii,iii,,,False,19.0,Delaware Valley
401423427,2022,5,St Francis (PA),Central Connecticut,39.0,13.0,fcs,fcs,,,False,-26.0,St Francis (PA)
401431163,2022,5,Mass Maritime,Westfield State,20.0,9.0,iii,iii,,,False,-11.0,Mass Maritime
401444121,2022,5,Wilkes,Albright,27.0,0.0,iii,iii,,,False,-27.0,Wilkes
401455635,2022,5,Pace,Post University,45.0,6.0,ii,ii,,,False,-39.0,Pace
401450147,2022,5,Framingham State,Plymouth State,9.0,14.0,iii,iii,,,False,5.0,Plymouth State
401415628,2022,5,Memphis,Temple,24.0,3.0,fbs,fbs,1494.0,1104.0,False,-21.0,Memphis
401432103,2022,5,Notre Dame College,Charleston (WV),49.0,24.0,ii,ii,,,False,-25.0,Notre Dame College
401431985,2022,5,Findlay,Ferris State,7.0,38.0,ii,ii,,,False,31.0,Ferris State
401431545,2022,5,Davenport,Michigan Tech,52.0,38.0,ii,ii,,,False,-14.0,Davenport
401423000,2022,5,Lehigh,Monmouth,7.0,35.0,fcs,fcs,,,False,28.0,Monmouth
401426253,2022,5,Yale,Howard,34.0,26.0,fcs,fcs,,,False,-8.0,Yale
401431054,2022,5,Endicott College,Husson,20.0,0.0,iii,iii,,,False,-20.0,Endicott College
401432545,2022,5,Keystone,Gallaudet,44.0,52.0,iii,iii,,,False,8.0,Gallaudet
401423159,2022,5,Morehead State,Presbyterian College,14.0,10.0,fcs,fcs,,,False,-4.0,Morehead State
401435076,2022,5,Merrimack,Long Island University,24.0,23.0,fcs,fcs,,,False,-1.0,Merrimack
401432626,2022,5,Wittenberg,Wabash College,35.0,42.0,iii,iii,,,False,7.0,Wabash College
401439529,2022,5,Union,Buffalo State,45.0,0.0,iii,iii,,,False,-45.0,Union
401430989,2022,5,Methodist,Belhaven College,27.0,34.0,iii,iii,,,False,7.0,Belhaven College
401430925,2022,5,Buena Vista,Dubuque,16.0,46.0,iii,iii,,,False,30.0,Dubuque
401430971,2022,5,Simpson College,Luther,23.0,33.0,iii,iii,,,False,10.0,Luther
401433126,2022,5,Mars Hill,Limestone,14.0,17.0,ii,ii,,,False,3.0,Limestone
401431198,2022,5,Trine,Alma College,21.0,40.0,iii,iii,,,False,19.0,Alma College
401431189,2022,5,Kalamazoo,Albion,6.0,48.0,iii,iii,,,False,42.0,Albion
401432618,2022,5,Wooster,Ohio Wesleyan,7.0,35.0,iii,iii,,,False,28.0,Ohio Wesleyan
401432812,2022,5,Hendrix College,Trinity (TX),7.0,28.0,iii,iii,,,False,21.0,Trinity (TX)
401432845,2022,5,Greenville,Martin Luther College,30.0,27.0,iii,iii,,,False,-3.0,Greenville
401430983,2022,5,Wartburg,Loras College,42.0,3.0,iii,iii,,,False,-39.0,Wartburg
401431044,2022,5,University of New England,Curry,37.0,21.0,iii,iii,,,False,-16.0,University of New England
401424431,2022,5,Maine,Villanova,20.0,45.0,fcs,fcs,,,False,25.0,Villanova
401423154,2022,5,Dayton,Drake,27.0,14.0,fcs,fcs,,,False,-13.0,Dayton
401423138,2022,5,Davidson,Butler,31.0,0.0,fcs,fcs,,,False,-31.0,Davidson
401420809,2022,5,North Dakota,Missouri State,48.0,31.0,fcs,fcs,,,False,-17.0,North Dakota
401418597,2022,5,Harvard,Holy Cross,21.0,30.0,fcs,fcs,,,False,9.0,Holy Cross
401415198,2022,5,Columbia,Princeton,6.0,24.0,fcs,fcs,,,False,18.0,Princeton
401431033,2022,5,Franklin & Marshall,Johns Hopkins,26.0,43.0,iii,iii,,,False,17.0,Johns Hopkins
401455587,2022,5,Kean,William Paterson,15.0,22.0,iii,iii,,,False,7.0,William Paterson
401445215,2022,5,Bowdoin,Middlebury,10.0,20.0,iii,iii,,,False,10.0,Middlebury
401445124,2022,5,McDaniel College,Dickinson,21.0,13.0,iii,iii,,,False,-8.0,McDaniel College
401415406,2022,5,Colgate,Cornell,31.0,34.0,fcs,fcs,,,False,3.0,Cornell
401432377,2022,5,Franklin Pierce,Bentley,0.0,41.0,ii,ii,,,True,41.0,Bentley
401432136,2022,5,Glenville State,West Liberty,35.0,14.0,ii,ii,,,False,-21.0,Glenville State
401432121,2022,5,UNC Pembroke,Frostburg State,10.0,9.0,ii,ii,,,False,-1.0,UNC Pembroke
401432114,2022,5,Concord,Fairmont State,9.0,10.0,ii,ii,,,False,1.0,Fairmont State
401430706,2022,5,Virginia Union,St. Augustine's,69.0,0.0,ii,ii,,,False,-69.0,Virginia Union
401429864,2022,5,Johnson C Smith,Elizabeth City State,49.0,14.0,ii,ii,,,False,-35.0,Johnson C Smith
401432575,2022,5,Oberlin,Hiram,7.0,34.0,iii,iii,,,False,27.0,Hiram
401435124,2022,5,Amherst College,Trinity (CT),3.0,20.0,iii,iii,,,False,17.0,Trinity (CT)
401432711,2022,5,Shenandoah,Ferrum,20.0,0.0,iii,iii,,,False,-20.0,Shenandoah
401432631,2022,5,Christopher Newport,Rowan,20.0,14.0,iii,iii,,,False,-6.0,Christopher Newport
401432553,2022,5,Hobart,Ithaca,7.0,31.0,iii,iii,,,False,24.0,Ithaca
401433152,2022,5,Bluefield,Apprentice School,22.0,19.0,ii,iii,,,False,-3.0,Bluefield
401441943,2022,5,SUNY Cortland,Morrisville State,28.0,7.0,iii,iii,,,False,-21.0,SUNY Cortland
401441264,2022,5,Salisbury,Montclair State,30.0,7.0,iii,iii,,,False,-23.0,Salisbury
401441256,2022,5,Hamilton,Wesleyan,14.0,49.0,iii,iii,,,False,35.0,Wesleyan
401438664,2022,5,Randolph-Macon,Guilford,48.0,19.0,iii,iii,,,False,-29.0,Randolph-Macon
401445799,2022,5,Ohio Dominican,Walsh,21.0,0.0,ii,ii,,,False,-21.0,Ohio Dominican
401435056,2022,5,Carson-Newman,Newberry,24.0,14.0,ii,ii,,,False,-10.0,Carson-Newman
401430978,2022,5,Nebraska Wesleyan University,Central,0.0,58.0,iii,iii,,,True,58.0,Central
401420791,2022,5,Sacred Heart,Norfolk State,31.0,14.0,fcs,fcs,,,False,-17.0,Sacred Heart
401431258,2022,5,Grinnell,Beloit College,28.0,20.0,iii,iii,,,False,-8.0,Grinnell
401443113,2022,5,Muhlenberg,Gettysburg,56.0,17.0,iii,iii,,,False,-39.0,Muhlenberg
401432702,2022,5,Emory & Henry,Catawba,38.0,23.0,ii,ii,,,False,-15.0,Emory & Henry
401438636,2022,5,Misericordia,FDU-Florham,14.0,28.0,iii,iii,,,False,14.0,FDU-Florham
401435197,2022,5,Maryville TN,Huntingdon,28.0,42.0,iii,iii,,,False,14.0,Huntingdon
401432407,2022,5,Minnesota-Duluth,Minnesota St-Moorhead,36.0,28.0,ii,ii,,,False,-8.0,Minnesota-Duluth
401432425,2022,5,Concordia-St. Paul,Minnesota State,15.0,25.0,ii,ii,,,False,10.0,Minnesota State
401433025,2022,5,Lock Haven,Millersville,12.0,42.0,ii,ii,,,False,30.0,Millersville
401432851,2022,5,Finlandia University,Northwestern (MN),0.0,30.0,iii,iii,,,True,30.0,Northwestern (MN)
401433045,2022,5,Shippensburg,Shepherd,13.0,30.0,ii,ii,,,False,17.0,Shepherd
401435067,2022,5,Utica,Hartwick,57.0,7.0,iii,iii,,,False,-50.0,Utica
401433400,2022,5,Rochester,Rensselaer,3.0,31.0,iii,iii,,,False,28.0,Rensselaer
401431277,2022,5,Illinois College,Ripon,21.0,23.0,iii,iii,,,False,2.0,Ripon
401432865,2022,5,Westminster,Minnesota-Morris,8.0,28.0,iii,iii,,,False,20.0,Minnesota-Morris
401438629,2022,5,Norwich,Coast Guard,31.0,23.0,iii,iii,,,False,-8.0,Norwich
401428481,2022,5,Fordham,Georgetown,59.0,38.0,fcs,fcs,,,False,-21.0,Fordham
401431153,2022,5,Lycoming,King's College (PA),23.0,28.0,iii,iii,,,False,5.0,King's College (PA)
401433016,2022,5,East Stroudsburg,Kutztown,20.0,24.0,ii,ii,,,False,4.0,Kutztown
401438643,2022,5,Alvernia University,Lebanon Valley,6.0,32.0,iii,iii,,,False,26.0,Lebanon Valley
401432673,2022,5,Wilmington (OH),John Carroll,0.0,59.0,iii,iii,,,False,59.0,John Carroll
401430689,2022,5,Winston-Salem,Lincoln (PA),0.0,0.0,ii,ii,,,False,-0.0,Lincoln (PA)
401432683,2022,5,Ohio Northern,Mount Union,0.0,45.0,iii,iii,,,False,45.0,Mount Union
401426338,2022,5,James Madison,Texas State,40.0,13.0,fbs,fbs,1449.0,1249.0,False,-27.0,James Madison
401432639,2022,5,George Fox University,Pacific Lutheran,12.0,13.0,iii,iii,,,False,1.0,Pacific Lutheran
401431146,2022,5,Anderson (IN),Rose-Hulman,7.0,45.0,iii,iii,,,False,38.0,Rose-Hulman
401431138,2022,5,Manchester,Mount St. Joseph,20.0,55.0,iii,iii,,,False,35.0,Mount St. Joseph
401431130,2022,5,Defiance,Hanover,20.0,37.0,iii,iii,,,False,17.0,Hanover
401413206,2022,5,Wofford,Mercer,7.0,42.0,fcs,fcs,,,False,35.0,Mercer
401431120,2022,5,Bluffton,Franklin,27.0,37.0,iii,iii,,,False,10.0,Franklin
401455585,2022,5,Williams,Tufts,28.0,35.0,iii,iii,,,False,7.0,Tufts
401441931,2022,5,Susquehanna,Ursinus,17.0,12.0,iii,iii,,,False,-5.0,Susquehanna
401438675,2022,5,Heidelberg,Muskingum,42.0,21.0,iii,iii,,,False,-21.0,Heidelberg
401437203,2022,5,Anna Maria College,Alfred State College,25.0,30.0,iii,iii,,,False,5.0,Alfred State College
401431097,2022,5,North Park,Washington (MO),21.0,56.0,iii,iii,,,False,35.0,Washington (MO)
401432720,2022,5,Bridgewater (VA),Hampden-Sydney,27.0,17.0,iii,iii,,,False,-10.0,Bridgewater (VA)
401432889,2022,5,Wisconsin-La Crosse,UW-Whitewater,31.0,34.0,iii,iii,,,False,3.0,UW-Whitewater
401431219,2022,5,St. Olaf College,Augsburg,41.0,36.0,iii,iii,,,False,-5.0,St. Olaf College
401431243,2022,5,St. Scholastica,Hamline,43.0,42.0,iii,iii,,,False,-1.0,St. Scholastica
401425422,2022,5,Tennessee State,Lane,27.0,28.0,fcs,ii,,,True,1.0,Lane
401416608,2022,5,Ball State,Northern Illinois,44.0,38.0,fbs,fbs,1282.0,1367.0,False,-6.0,Ball State
401431070,2022,5,Elmhurst,Carthage,21.0,57.0,iii,iii,,,False,36.0,Carthage
401432396,2022,5,Minot State,Bemidji State,14.0,59.0,ii,ii,,,False,45.0,Bemidji State
401404006,2022,5,Utah,Oregon State,42.0,16.0,fbs,fbs,1847.0,1598.0,False,-26.0,Utah
401433009,2022,5,Indiana (PA),Slippery Rock,20.0,12.0,ii,ii,,,False,-8.0,Indiana (PA)
401431282,2022,5,Cornell College (IA),Lake Forest,10.0,41.0,iii,iii,,,False,31.0,Lake Forest
401431000,2022,5,Sul Ross State,Howard Payne,42.0,56.0,iii,iii,,,False,14.0,Howard Payne
401431249,2022,5,Gustavus Adolphus,Bethel (MN),27.0,30.0,iii,iii,,,False,3.0,Bethel (MN)
401431869,2022,5,Erskine,Wingate,7.0,31.0,ii,ii,,,False,24.0,Wingate
401432819,2022,5,Sewanee Univ. of the South,Millsaps,27.0,30.0,iii,iii,,,False,3.0,Millsaps
401432563,2022,5,Rockford,Concordia (WI),21.0,42.0,iii,iii,,,False,21.0,Concordia (WI)
401431236,2022,5,St. Johns (MN),Concordia (MN),35.0,28.0,iii,iii,,,False,-7.0,St. Johns (MN)
401420843,2022,5,Lindenwood,Southeast Missouri State,28.0,49.0,fcs,fcs,,,False,21.0,Southeast Missouri State
401435209,2022,5,UW-River Falls,Wisconsin-Stevens Point,56.0,3.0,iii,iii,,,False,-53.0,UW-River Falls
401431503,2022,5,William Jewell College,McKendree,34.0,45.0,ii,ii,,,False,11.0,McKendree
401432761,2022,5,Grove City College,Case Western Reserve,14.0,13.0,iii,iii,,,False,-1.0,Grove City College
401429854,2022,5,Bowie State,Livingstone,53.0,7.0,ii,ii,,,False,-46.0,Bowie State
401424395,2022,5,Elon,Richmond,30.0,27.0,fcs,fcs,,,False,-3.0,Elon
401432991,2022,5,Clarion,California (PA),14.0,59.0,ii,ii,,,False,45.0,California (PA)
401432974,2022,5,Winona State,Wayne State (NE),38.0,14.0,ii,ii,,,False,-24.0,Winona State
401431321,2022,5,Concordia (IL),Eureka College,13.0,27.0,iii,iii,,,False,14.0,Eureka College
401431313,2022,5,Aurora,Wisconsin Lutheran,62.0,17.0,iii,iii,,,False,-45.0,Aurora
401431295,2022,5,Knox College,Chicago,14.0,50.0,iii,iii,,,False,36.0,Chicago
401414782,2022,5,Eastern Michigan,UMass,20.0,13.0,fbs,fbs,1334.0,874.0,False,-7.0,Eastern Michigan
401431919,2022,5,Central Missouri State,Northeastern State,35.0,13.0,ii,ii,,,False,-22.0,Central Missouri State
401432343,2022,5,Fort Valley State,Benedict College,13.0,45.0,ii,ii,,,False,32.0,Benedict College
401432325,2022,5,Albany State (GA),Miles,20.0,3.0,ii,ii,,,False,-17.0,Albany State (GA)
401439511,2022,5,Mercyhurst,Edinboro,13.0,16.0,ii,ii,,,False,3.0,Edinboro
401432782,2022,5,Washington & Jefferson,Allegheny,66.0,14.0,iii,iii,,,False,-52.0,Washington & Jefferson
401432697,2022,5,Otterbein,Capital,35.0,28.0,iii,iii,,,False,-7.0,Otterbein
401432950,2022,5,Augustana (SD),Sioux Falls,24.0,31.0,ii,ii,,,False,7.0,Sioux Falls
401435204,2022,5,UW-Oshkosh,Wisconsin-Platteville,46.0,7.0,iii,iii,,,False,-39.0,UW-Oshkosh
401435099,2022,5,Carleton,Macalester,56.0,27.0,iii,iii,,,False,-29.0,Carleton
401435061,2022,5,Illinois Wesleyan,Millikin,38.0,24.0,iii,iii,,,False,-14.0,Illinois Wesleyan
401432874,2022,5,Brevard College,Greensboro,31.0,13.0,iii,iii,,,False,-18.0,Brevard College
401432804,2022,5,Rhodes,Centre,7.0,21.0,iii,iii,,,False,14.0,Centre
401413218,2022,5,Jacksonville State,Kennesaw State,35.0,28.0,fcs,fcs,,,False,-7.0,Jacksonville State
401420824,2022,5,North Dakota State,Youngstown State,27.0,14.0,fcs,fcs,,,False,-13.0,North Dakota State
401421159,2022,5,Furman,Samford,27.0,34.0,fcs,fcs,,,False,7.0,Samford
401415626,2022,5,South Florida,East Carolina,28.0,48.0,fbs,fbs,1174.0,1532.0,True,20.0,East Carolina
401435143,2022,5,Worcester Polytechnic,Merchant Marine,14.0,41.0,iii,iii,,,False,27.0,Merchant Marine
401431967,2022,5,Northwest Missouri State,Missouri Western,16.0,3.0,ii,ii,,,False,-13.0,Northwest Missouri State
401432526,2022,5,Mary Hardin-Baylor,Austin College,38.0,7.0,iii,iii,,,False,-31.0,Mary Hardin-Baylor
401431304,2022,5,Benedictine (IL),St. Norbert,12.0,26.0,iii,iii,,,False,14.0,St. Norbert
401423441,2022,5,Alabama A&M,Bethune-Cookman,35.0,27.0,fcs,fcs,,,False,-8.0,Alabama A&M
401428478,2022,5,UT Martin,Tennessee Tech,45.0,28.0,fcs,fcs,,,False,-17.0,UT Martin
401431268,2022,5,Monmouth (IL),Lawrence,62.0,6.0,iii,iii,,,False,-56.0,Monmouth (IL)
401432736,2022,5,Washington & Lee,Averett,31.0,0.0,iii,iii,,,False,-31.0,Washington & Lee
401431181,2022,5,Hope,Adrian,10.0,22.0,iii,iii,,,False,12.0,Adrian
401431460,2022,5,Henderson State,Southeastern Oklahoma,31.0,23.0,ii,ii,,,False,-8.0,Henderson State
401431939,2022,5,Lincoln (MO),Central Oklahoma,3.0,45.0,ii,ii,,,False,42.0,Central Oklahoma
401413260,2022,5,Idaho State,Montana,20.0,28.0,fcs,fcs,,,False,8.0,Montana
401420833,2022,5,South Dakota State,Western Illinois,34.0,10.0,fcs,fcs,,,False,-24.0,South Dakota State
401431844,2022,5,West Alabama,Shorter,37.0,14.0,ii,ii,,,False,-23.0,West Alabama
401432540,2022,5,Carroll (WI),Augustana (IL),44.0,41.0,iii,iii,,,False,-3.0,Carroll (WI)
401432386,2022,5,St. Anselm,New Haven,10.0,21.0,ii,ii,,,False,11.0,New Haven
401431452,2022,5,Harding,Oklahoma Baptist,38.0,23.0,ii,ii,,,False,-15.0,Harding
401430742,2022,5,Southwestern Oklahoma,Arkansas-Monticello,37.0,27.0,ii,ii,,,False,-10.0,Southwestern Oklahoma
401432433,2022,5,University of Mary,Northern State,27.0,26.0,ii,ii,,,False,-1.0,University of Mary
401430732,2022,5,Arkansas Tech,Southern Nazarene,48.0,35.0,ii,ii,,,False,-13.0,Arkansas Tech
401431948,2022,5,Pittsburg State,Missouri Southern State,38.0,9.0,ii,ii,,,False,-29.0,Pittsburg State
401433081,2022,5,Chadron State,Colorado Mines,9.0,45.0,ii,ii,,,False,36.0,Colorado Mines
401444111,2022,5,Northwestern Oklahoma State,Ouachita Baptist,7.0,48.0,ii,ii,,,False,41.0,Ouachita Baptist
401421130,2022,5,East Tennessee State,Chattanooga,16.0,24.0,fcs,fcs,,,False,8.0,Chattanooga
401433118,2022,5,UVA-Wise,Lenoir-Rhyne,10.0,42.0,ii,ii,,,False,32.0,Lenoir-Rhyne
401431481,2022,5,Southern Arkansas,East Central,22.0,34.0,ii,ii,,,False,12.0,East Central
401422979,2022,5,Bucknell,Lafayette,14.0,24.0,fcs,fcs,,,False,10.0,Lafayette
401416610,2022,5,Buffalo,Miami (OH),24.0,20.0,fbs,fbs,1397.0,1457.0,False,-4.0,Buffalo
401404084,2022,5,Kansas,Iowa State,14.0,11.0,fbs,fbs,1349.0,1790.0,False,-3.0,Kansas
401404083,2022,5,Baylor,Oklahoma State,25.0,36.0,fbs,fbs,1752.0,1805.0,False,11.0,Oklahoma State
401416609,2022,5,Akron,Bowling Green,28.0,31.0,fbs,fbs,960.0,1155.0,False,3.0,Bowling Green
401421140,2022,5,Appalachian State,The Citadel,49.0,0.0,fbs,fcs,1633.0,,False,-49.0,Appalachian State
401426339,2022,5,Marshall,Gardner-Webb,28.0,7.0,fbs,fcs,1549.0,,False,-21.0,Marshall
401416611,2022,5,Kent State,Ohio,31.0,24.0,fbs,fbs,1305.0,1273.0,False,-7.0,Kent State
401424367,2022,5,Stony Brook,William & Mary,10.0,27.0,fcs,fcs,,,False,17.0,William & Mary
401422973,2022,5,Western Carolina,VMI,38.0,17.0,fcs,fcs,,,False,-21.0,Western Carolina
401403902,2022,5,Arkansas,Alabama,26.0,49.0,fbs,fbs,1663.0,2185.0,False,23.0,Alabama
401411127,2022,5,Florida State,Wake Forest,21.0,31.0,fbs,fbs,1577.0,1666.0,False,10.0,Wake Forest
401411128,2022,5,North Carolina,Virginia Tech,41.0,10.0,fbs,fbs,1559.0,1388.0,False,-31.0,North Carolina
401405105,2022,5,Penn State,Northwestern,17.0,7.0,fbs,fbs,1817.0,1355.0,False,-10.0,Penn State
401416607,2022,5,Toledo,Central Michigan,38.0,17.0,fbs,fbs,1473.0,1464.0,False,-21.0,Toledo
401405103,2022,5,Maryland,Michigan State,27.0,13.0,fbs,fbs,1620.0,1607.0,False,-14.0,Maryland
401424430,2022,5,Delaware,Towson,24.0,10.0,fcs,fcs,,,False,-14.0,Delaware
401405104,2022,5,Ohio State,Rutgers,49.0,10.0,fbs,fbs,2132.0,1347.0,False,-39.0,Ohio State
401404151,2022,5,Connecticut,Fresno State,19.0,14.0,fbs,fbs,999.0,1517.0,False,-5.0,Connecticut
401420870,2022,5,Sam Houston State,Stephen F. Austin,17.0,16.0,fcs,fcs,,,True,-1.0,Sam Houston State
401403906,2022,5,Mississippi State,Texas A&M,42.0,24.0,fbs,fbs,1617.0,1708.0,False,-18.0,Mississippi State
401462216,2022,5,Lamar,Houston Christian,34.0,37.0,fcs,fcs,,,False,3.0,Houston Christian
401438652,2022,5,Bridgewater State,Fitchburg State,82.0,0.0,iii,iii,,,False,-82.0,Bridgewater State
401435171,2022,5,Pacific (OR),Willamette,35.0,0.0,iii,iii,,,False,-35.0,Pacific (OR)
401432825,2022,5,La Verne,Claremont,13.0,41.0,iii,iii,,,False,28.0,Claremont
401432657,2022,5,Lewis & Clark,Whitworth,28.0,66.0,iii,iii,,,False,38.0,Whitworth
401421096,2022,5,San Diego,Stetson,0.0,0.0,fcs,fcs,,,False,-0.0,Stetson
401426575,2022,5,North Texas,Florida Atlantic,45.0,28.0,fbs,fbs,1272.0,1425.0,False,-17.0,North Texas
401432364,2022,5,Clark Atlanta,Tuskegee,43.0,45.0,ii,ii,,,False,2.0,Tuskegee
401431823,2022,5,Tiffin,Lake Erie College,52.0,27.0,ii,ii,,,False,-25.0,Tiffin
401433100,2022,5,Colorado State-Pueblo,Fort Lewis,75.0,3.0,ii,ii,,,False,-72.0,Colorado State-Pueblo
401431614,2022,5,Western Oregon,Angelo State,7.0,30.0,ii,ii,,,False,23.0,Angelo State
401443325,2022,5,Bethany (WV),Thiel College,26.0,27.0,iii,iii,,,False,1.0,Thiel College
401462218,2022,5,Northwestern State,Nicholls,36.0,33.0,fcs,fcs,,,False,-3.0,Northwestern State
401432648,2022,5,Linfield,Puget Sound,72.0,2.0,iii,iii,,,False,-70.0,Linfield
401418838,2022,5,Northern Iowa,Indiana State,20.0,14.0,fcs,fcs,,,False,-6.0,Northern Iowa
401432665,2022,5,Marietta,Baldwin-Wallace,29.0,33.0,iii,iii,,,False,4.0,Baldwin-Wallace
401460498,2022,5,Castleton State College,Dean College,39.0,0.0,iii,iii,,,False,-39.0,Castleton State College
401426341,2022,5,Louisiana,South Alabama,17.0,20.0,fbs,fbs,1648.0,1450.0,False,3.0,South Alabama
401431976,2022,5,Washburn,Emporia State,35.0,42.0,ii,ii,,,False,7.0,Emporia State
401418633,2022,5,Central Arkansas,Austin Peay,49.0,20.0,fcs,fcs,,,False,-29.0,Central Arkansas
401411130,2022,5,Syracuse,Wagner,59.0,0.0,fbs,fcs,1539.0,,False,-59.0,Syracuse
401431835,2022,5,West Florida,North Greenville,34.0,31.0,ii,ii,,,True,-3.0,West Florida
401432521,2022,5,McMurry,Hardin-Simmons,13.0,45.0,iii,iii,,,False,32.0,Hardin-Simmons
401415172,2022,5,Portland State,Northern Arizona,35.0,27.0,fcs,fcs,,,False,-8.0,Portland State
401404004,2022,5,Washington State,California,28.0,9.0,fbs,fbs,1641.0,1536.0,False,-19.0,Washington State
401433110,2022,5,Barton College,Tusculum,13.0,14.0,ii,ii,,,False,1.0,Tusculum
401432967,2022,5,Southwest Minnesota State,Upper Iowa,47.0,7.0,ii,ii,,,False,-40.0,Southwest Minnesota State
401432980,2022,5,Bloomsburg,West Chester,21.0,16.0,ii,ii,,,False,-5.0,Bloomsburg
401418638,2022,5,Eastern Kentucky,Southern Utah,35.0,28.0,fcs,fcs,,,False,-7.0,Eastern Kentucky
401416612,2022,5,Western Michigan,New Hampshire,44.0,7.0,fbs,fcs,1377.0,,False,-37.0,Western Michigan
401432334,2022,5,Allen,Central State,32.0,35.0,ii,ii,,,False,3.0,Central State
401430673,2022,5,Virginia State,Shaw,28.0,24.0,ii,ii,,,False,-4.0,Virginia State
401431492,2022,5,Indianapolis,Southwest Baptist,44.0,17.0,ii,ii,,,False,-27.0,Indianapolis
401432094,2022,5,Alderson-Broaddus,West Virginia State,3.0,30.0,ii,ii,,,False,27.0,West Virginia State
401431865,2022,5,West Georgia,Mississippi College,38.0,39.0,ii,ii,,,False,1.0,Mississippi College
401431568,2022,5,Wayne State (MI),Northern Michigan,30.0,37.0,ii,ii,,,False,7.0,Northern Michigan
401428383,2022,5,Delaware State,Robert Morris,14.0,9.0,fcs,fcs,,,False,-5.0,Delaware State
401439520,2022,5,Brockport State (NY),St. John Fisher,25.0,0.0,iii,iii,,,False,-25.0,Brockport State (NY)
401415188,2022,5,Rhode Island,Brown,38.0,10.0,fcs,fcs,,,False,-28.0,Rhode Island
401404161,2022,5,Old Dominion,Liberty,24.0,38.0,fbs,fbs,1363.0,1570.0,False,14.0,Liberty
401424949,2022,5,Florida A&M,Mississippi Valley State,34.0,7.0,fcs,fcs,,,False,-27.0,Florida A&M
401426573,2022,5,Charlotte,UTEP,35.0,41.0,fbs,fbs,1106.0,1322.0,False,6.0,UTEP
401426578,2022,5,Western Kentucky,Troy,27.0,34.0,fbs,fbs,1844.0,1372.0,False,7.0,Troy
401403903,2022,5,Auburn,LSU,17.0,21.0,fbs,fbs,1559.0,1643.0,False,4.0,LSU
401431087,2022,5,North Central,Wheaton College (Ill),33.0,0.0,iii,iii,,,False,-33.0,North Central
401445803,2022,5,Colby,Bates College,38.0,17.0,iii,iii,,,False,-21.0,Colby
401432898,2022,5,UW-Stout,Wisconsin-Eau Claire,73.0,29.0,iii,iii,,,False,-44.0,UW-Stout
401432796,2022,5,Birmingham-Southern,Berry College,24.0,10.0,iii,iii,,,False,-14.0,Birmingham-Southern
401432752,2022,5,Carnegie Mellon,Westminster PA,0.0,0.0,iii,iii,,,False,-0.0,Westminster PA
401462217,2022,5,Incarnate Word,McNeese,48.0,20.0,fcs,fcs,,,False,-28.0,Incarnate Word
401423926,2022,5,Southern,Arkansas-Pine Bluff,59.0,3.0,fcs,fcs,,,False,-56.0,Southern
401435487,2022,5,North Carolina A&T,Bryant,24.0,13.0,fcs,fcs,,,False,-11.0,North Carolina A&T
401431581,2022,5,Kentucky Wesleyan,Hillsdale,31.0,27.0,ii,ii,,,False,-4.0,Kentucky Wesleyan
401425419,2022,5,Grambling,Prairie View,14.0,34.0,fcs,fcs,,,True,20.0,Prairie View
401431535,2022,5,Grand Valley State,Saginaw Valley,29.0,10.0,ii,ii,,,False,-19.0,Grand Valley State
401431554,2022,5,Ashland,Northwood (MI),56.0,17.0,ii,ii,,,False,-39.0,Ashland
401431826,2022,5,Delta State,Valdosta State,70.0,31.0,ii,ii,,,False,-39.0,Delta State
401426337,2022,5,Coastal Carolina,Georgia Southern,34.0,30.0,fbs,fbs,1676.0,1398.0,False,-4.0,Coastal Carolina
401426340,2022,5,Arkansas State,Louisiana Monroe,45.0,28.0,fbs,fbs,1246.0,1115.0,False,-17.0,Arkansas State
401431018,2022,5,East Texas Baptist,Southwestern University,27.0,17.0,iii,iii,,,False,-10.0,East Texas Baptist
401435349,2022,5,Denison,DePauw,13.0,17.0,iii,iii,,,False,4.0,DePauw
401421123,2022,5,Southeastern Louisiana,Murray State,48.0,14.0,fcs,fcs,,,False,-34.0,Southeastern Louisiana
401423451,2022,5,Texas Southern,Alabama State,13.0,16.0,fcs,fcs,,,False,3.0,Alabama State
401415627,2022,5,Tulsa,Cincinnati,21.0,31.0,fbs,fbs,1502.0,1801.0,False,10.0,Cincinnati
401415230,2022,5,Wyoming,San José State,16.0,33.0,fbs,fbs,1405.0,1430.0,False,17.0,San José State
401418830,2022,5,Illinois State,Southern Illinois,14.0,19.0,fcs,fcs,,,False,5.0,Southern Illinois
401426577,2022,5,Rice,UAB,28.0,24.0,fbs,fbs,1211.0,1556.0,False,-4.0,Rice
401411126,2022,5,Duke,Virginia,38.0,17.0,fbs,fbs,1261.0,1481.0,False,-21.0,Duke
401404087,2022,5,Texas,West Virginia,38.0,20.0,fbs,fbs,1742.0,1493.0,False,-18.0,Texas
401405102,2022,5,Nebraska,Indiana,35.0,21.0,fbs,fbs,1523.0,1336.0,False,-14.0,Nebraska
401403907,2022,5,Missouri,Georgia,22.0,26.0,fbs,fbs,1411.0,2090.0,False,4.0,Georgia
401411125,2022,5,Clemson,NC State,30.0,20.0,fbs,fbs,1809.0,1659.0,False,-10.0,Clemson
401413227,2022,5,Cal Poly,Sacramento State,21.0,49.0,fcs,fcs,,,False,28.0,Sacramento State
401431512,2022,5,Missouri S&T,Quincy,31.0,24.0,ii,ii,,,False,-7.0,Missouri S&T
401431908,2022,5,West Texas A&M,University of Texas of the Permian Basin,28.0,27.0,ii,ii,,,False,-1.0,West Texas A&M
401426574,2022,5,New Mexico State,Florida International,7.0,21.0,fbs,fbs,1093.0,890.0,False,14.0,Florida International
401411129,2022,5,Pittsburgh,Georgia Tech,21.0,26.0,fbs,fbs,1695.0,1235.0,False,5.0,Georgia Tech
401433074,2022,5,South Dakota Mines,Black Hills State,17.0,24.0,ii,ii,,,False,7.0,Black Hills State
401431594,2022,5,Eastern New Mexico,Central Washington,17.0,45.0,ii,ii,,,False,28.0,Central Washington
401431930,2022,5,Nebraska-Kearney,Fort Hays State,38.0,20.0,ii,ii,,,False,-18.0,Nebraska-Kearney
401433089,2022,5,Colorado Mesa,Western State,34.0,42.0,ii,ii,,,False,8.0,Western State
401431896,2022,5,Western New Mexico,Midwestern State,30.0,27.0,ii,ii,,,False,-3.0,Western New Mexico
401431023,2022,5,North American University,Texas Lutheran,17.0,45.0,,iii,,,True,28.0,Texas Lutheran
401433063,2022,5,Adams State,New Mexico Highlands,21.0,23.0,ii,ii,,,False,2.0,New Mexico Highlands
401431603,2022,5,Simon Fraser,Texas A&M-Kingsville,7.0,35.0,ii,ii,,,True,28.0,Texas A&M-Kingsville
401418785,2022,5,Utah Tech,Abilene Christian,10.0,26.0,fcs,fcs,,,False,16.0,Abilene Christian
401413248,2022,5,Idaho,Northern Colorado,55.0,35.0,fcs,fcs,,,False,-20.0,Idaho
401404002,2022,5,Arizona,Colorado,43.0,20.0,fbs,fbs,1319.0,1189.0,False,-23.0,Arizona
401461978,2022,5,Chapman,Pomona-Pitzer,17.0,31.0,iii,iii,,,False,14.0,Pomona-Pitzer
401439550,2022,5,Whittier,Cal Lutheran,0.0,45.0,iii,iii,,,False,45.0,Cal Lutheran
401413342,2022,5,Montana State,UC Davis,41.0,24.0,fcs,fcs,,,False,-17.0,Montana State
401404003,2022,5,USC,Arizona State,42.0,25.0,fbs,fbs,1686.0,1527.0,False,-17.0,USC
401404005,2022,5,Oregon,Stanford,45.0,27.0,fbs,fbs,1567.0,1333.0,False,-18.0,Oregon
401403904,2022,5,Florida,Eastern Washington,52.0,17.0,fbs,fcs,1568.0,,False,-35.0,Florida
401432348,2022,5,Edward Waters,Morehouse,49.0,20.0,ii,ii,,,False,-29.0,Edward Waters
401441333,2022,5,Savannah State,Kentucky State,13.0,28.0,ii,ii,,,False,15.0,Kentucky State
401415629,2022,6,UCF,SMU,41.0,19.0,fbs,fbs,1618.0,1628.0,False,-22.0,UCF
401432095,2022,6,Alderson-Broaddus,Fairmont State,7.0,51.0,ii,ii,,,False,44.0,Fairmont State
401431164,2022,6,Mass Maritime,UMass Dartmouth,14.0,28.0,iii,iii,,,False,14.0,UMass Dartmouth
401431962,2022,6,Central Oklahoma,Northeastern State,55.0,6.0,ii,ii,,,False,-49.0,Central Oklahoma
401405111,2022,6,Rutgers,Nebraska,13.0,14.0,fbs,fbs,1329.0,1536.0,False,1.0,Nebraska
401415407,2022,6,Cornell,Harvard,28.0,35.0,fcs,fcs,,,False,7.0,Harvard
401415630,2022,6,Memphis,Houston,32.0,33.0,fbs,fbs,1506.0,1514.0,False,1.0,Houston
401415236,2022,6,San José State,UNLV,40.0,7.0,fbs,fbs,1468.0,1424.0,False,-33.0,San José State
401415233,2022,6,Nevada,Colorado State,14.0,17.0,fbs,fbs,1467.0,1246.0,False,3.0,Colorado State
401438653,2022,6,Framingham State,Fitchburg State,47.0,0.0,iii,iii,,,False,-47.0,Framingham State
401411136,2022,6,Virginia,Louisville,17.0,34.0,fbs,fbs,1406.0,1568.0,False,17.0,Louisville
401416617,2022,6,Bowling Green,Buffalo,7.0,38.0,fbs,fbs,1148.0,1402.0,False,31.0,Buffalo
401432992,2022,6,California (PA),Indiana (PA),21.0,22.0,ii,ii,,,False,1.0,Indiana (PA)
401431536,2022,6,American International,Grand Valley State,3.0,45.0,ii,ii,,,False,42.0,Grand Valley State
401432115,2022,6,West Liberty,Concord,28.0,45.0,ii,ii,,,False,17.0,Concord
401432149,2022,6,Wheeling Jesuit,UNC Pembroke,16.0,17.0,ii,ii,,,False,1.0,UNC Pembroke
401444122,2022,6,Alvernia University,Wilkes,14.0,35.0,iii,iii,,,False,21.0,Wilkes
401432546,2022,6,Gallaudet,Castleton State College,20.0,17.0,iii,iii,,,False,-3.0,Gallaudet
401418606,2022,6,Yale,Dartmouth,24.0,21.0,fcs,fcs,,,False,-3.0,Yale
401423001,2022,6,Lehigh,Fordham,28.0,40.0,fcs,fcs,,,False,12.0,Fordham
401431154,2022,6,Delaware Valley,Lycoming,21.0,0.0,iii,iii,,,False,-21.0,Delaware Valley
401439559,2022,6,Greensboro,Southern Virginia,38.0,28.0,iii,iii,,,False,-10.0,Greensboro
401428201,2022,6,Robert Morris,Gardner-Webb,0.0,48.0,fcs,fcs,,,False,48.0,Gardner-Webb
401432104,2022,6,Charleston (WV),Glenville State,41.0,34.0,ii,ii,,,False,-7.0,Charleston (WV)
401431573,2022,6,Walsh,Ashland,0.0,35.0,ii,ii,,,False,35.0,Ashland
401431190,2022,6,Albion,Hope,30.0,10.0,iii,iii,,,False,-20.0,Albion
401416614,2022,6,Western Michigan,Eastern Michigan,23.0,45.0,fbs,fbs,1366.0,1320.0,False,22.0,Eastern Michigan
401432387,2022,6,Bentley,St. Anselm,38.0,7.0,ii,ii,,,False,-31.0,Bentley
401404090,2022,6,Oklahoma,Texas,0.0,49.0,fbs,fbs,1721.0,1759.0,True,49.0,Texas
401404089,2022,6,Kansas,TCU,31.0,38.0,fbs,fbs,1357.0,1656.0,False,7.0,TCU
401433026,2022,6,Shepherd,Lock Haven,72.0,7.0,ii,ii,,,False,-65.0,Shepherd
401405108,2022,6,Indiana,Michigan,10.0,31.0,fbs,fbs,1323.0,2013.0,False,21.0,Michigan
401432981,2022,6,Kutztown,Bloomsburg,24.0,0.0,ii,ii,,,False,-24.0,Kutztown
401403914,2022,6,Mississippi State,Arkansas,40.0,17.0,fbs,fbs,1667.0,1658.0,False,-23.0,Mississippi State
401421105,2022,6,Presbyterian College,Valparaiso,21.0,41.0,fcs,fcs,,,False,20.0,Valparaiso
401433033,2022,6,Millersville,East Stroudsburg,20.0,14.0,ii,ii,,,False,-6.0,Millersville
401433401,2022,6,Buffalo State,Rensselaer,14.0,42.0,iii,iii,,,False,28.0,Rensselaer
401405109,2022,6,Maryland,Purdue,29.0,31.0,fbs,fbs,1647.0,1666.0,False,2.0,Purdue
401438611,2022,6,Endicott College,Nichols,52.0,7.0,iii,iii,,,False,-45.0,Endicott College
401438637,2022,6,FDU-Florham,Widener,30.0,17.0,iii,iii,,,False,-13.0,FDU-Florham
401439536,2022,6,King's College (PA),Stevenson,20.0,7.0,iii,iii,,,False,-13.0,King's College (PA)
401444593,2022,6,Bridgewater State,Worcester State College,45.0,0.0,iii,iii,,,False,-45.0,Bridgewater State
401435144,2022,6,Merchant Marine,Norwich,19.0,7.0,iii,iii,,,False,-12.0,Merchant Marine
401403913,2022,6,LSU,Tennessee,13.0,40.0,fbs,fbs,1644.0,1830.0,False,27.0,Tennessee
401403910,2022,6,Florida,Missouri,24.0,17.0,fbs,fbs,1569.0,1443.0,False,-7.0,Florida
401445800,2022,6,Lake Erie College,Ohio Dominican,7.0,38.0,ii,ii,,,False,31.0,Ohio Dominican
401422990,2022,6,Lafayette,Princeton,2.0,23.0,fcs,fcs,,,False,21.0,Princeton
401431259,2022,6,Beloit College,Knox College,25.0,34.0,iii,iii,,,False,9.0,Knox College
401415199,2022,6,Columbia,Wagner,28.0,7.0,fcs,fcs,,,False,-21.0,Columbia
401432241,2022,6,Duquesne,Merrimack,21.0,28.0,fcs,fcs,,,False,7.0,Merrimack
401437188,2022,6,New Haven,Pace,35.0,7.0,ii,ii,,,False,-28.0,New Haven
401418839,2022,6,Indiana State,North Dakota State,26.0,31.0,fcs,fcs,,,False,5.0,North Dakota State
401432703,2022,6,Emory & Henry,UVA-Wise,34.0,14.0,ii,ii,,,False,-20.0,Emory & Henry
401438182,2022,6,West Virginia State,WV Wesleyan,46.0,21.0,ii,ii,,,False,-25.0,West Virginia State
401423139,2022,6,Butler,Dayton,31.0,0.0,fcs,fcs,,,False,-31.0,Butler
401433119,2022,6,Lenoir-Rhyne,Limestone,51.0,30.0,ii,ii,,,False,-21.0,Lenoir-Rhyne
401444115,2022,6,Bryant,Southern Connecticut State,56.0,10.0,fcs,ii,,,False,-46.0,Bryant
401432416,2022,6,Minnesota St-Moorhead,Minot State,36.0,14.0,ii,ii,,,False,-22.0,Minnesota St-Moorhead
401445795,2022,6,Plymouth State,Western Connecticut State,27.0,34.0,iii,iii,,,False,7.0,Western Connecticut State
401432122,2022,6,Frostburg State,Notre Dame College,33.0,30.0,ii,ii,,,False,-3.0,Frostburg State
401431827,2022,6,North Greenville,Delta State,14.0,47.0,ii,ii,,,False,33.0,Delta State
401439530,2022,6,St Lawrence,Union,7.0,44.0,iii,iii,,,False,37.0,Union
401444598,2022,6,Amherst College,Bates College,23.0,27.0,iii,iii,,,False,4.0,Bates College
401450194,2022,6,William Paterson,Salisbury,0.0,23.0,iii,iii,,,False,23.0,Salisbury
401441257,2022,6,Wesleyan,Colby,31.0,14.0,iii,iii,,,False,-17.0,Wesleyan
401439521,2022,6,St. John Fisher,Morrisville State,3.0,10.0,iii,iii,,,False,7.0,Morrisville State
401438687,2022,6,Rowan,College of New Jersey,23.0,21.0,iii,iii,,,False,-2.0,Rowan
401432852,2022,6,Northwestern (MN),Greenville,41.0,35.0,iii,iii,,,False,-6.0,Northwestern (MN)
401432649,2022,6,Whitworth,Linfield,17.0,35.0,iii,iii,,,False,18.0,Linfield
401432584,2022,6,Oberlin,Kenyon,21.0,28.0,iii,iii,,,False,7.0,Kenyon
401432554,2022,6,Ithaca,Rochester,56.0,10.0,iii,iii,,,False,-46.0,Ithaca
401431055,2022,6,Husson,University of New England,31.0,14.0,iii,iii,,,False,-17.0,Husson
401435119,2022,6,DePauw,Wittenberg,7.0,30.0,iii,iii,,,False,23.0,Wittenberg
401431111,2022,6,Hartwick,Alfred,6.0,21.0,iii,iii,,,False,15.0,Alfred
401438644,2022,6,Misericordia,Lebanon Valley,12.0,47.0,iii,iii,,,False,35.0,Lebanon Valley
401437411,2022,6,Minnesota-Morris,Finlandia University,28.0,12.0,iii,iii,,,False,-16.0,Minnesota-Morris
401435202,2022,6,LaGrange College,Maryville TN,17.0,56.0,iii,iii,,,False,39.0,Maryville TN
401432408,2022,6,Minnesota-Duluth,University of Mary,49.0,14.0,ii,ii,,,False,-35.0,Minnesota-Duluth
401435135,2022,6,Catholic University,Worcester Polytechnic,24.0,21.0,iii,iii,,,False,-3.0,Catholic University
401430690,2022,6,Lincoln (PA),Chowan,14.0,16.0,ii,ii,,,False,2.0,Chowan
401424406,2022,6,Monmouth,Albany,38.0,31.0,fcs,fcs,,,False,-7.0,Monmouth
401431045,2022,6,Curry,Salve Regina,37.0,20.0,iii,iii,,,False,-17.0,Curry
401438625,2022,6,SUNY Maritime,Anna Maria College,27.0,41.0,iii,iii,,,False,14.0,Anna Maria College
401432805,2022,6,Centre,Sewanee Univ. of the South,35.0,16.0,iii,iii,,,False,-19.0,Centre
401430674,2022,6,Johnson C Smith,Shaw,22.0,18.0,ii,ii,,,False,-4.0,Johnson C Smith
401432753,2022,6,Waynesburg,Carnegie Mellon,20.0,27.0,iii,iii,,,False,7.0,Carnegie Mellon
401429865,2022,6,Virginia Union,Elizabeth City State,49.0,0.0,ii,ii,,,False,-49.0,Virginia Union
401432762,2022,6,Case Western Reserve,St. Vincent,45.0,21.0,iii,iii,,,False,-24.0,Case Western Reserve
401430990,2022,6,Belhaven College,NC Wesleyan,24.0,0.0,iii,iii,,,False,-24.0,Belhaven College
401432783,2022,6,Westminster PA,Washington & Jefferson,14.0,17.0,iii,iii,,,False,3.0,Washington & Jefferson
401413207,2022,6,Samford,Wofford,28.0,14.0,fcs,fcs,,,False,-14.0,Samford
401430984,2022,6,Central,Wartburg,28.0,35.0,iii,iii,,,False,7.0,Wartburg
401438630,2022,6,Coast Guard,Springfield,6.0,49.0,iii,iii,,,False,43.0,Springfield
401432774,2022,6,Bethany (WV),Grove City College,7.0,55.0,iii,iii,,,False,48.0,Grove City College
401431546,2022,6,Michigan Tech,Wayne State (MI),35.0,34.0,ii,ii,,,False,-1.0,Michigan Tech
401437204,2022,6,Alfred State College,Keystone,42.0,33.0,iii,iii,,,False,-9.0,Alfred State College
401441937,2022,6,Brockport State (NY),SUNY Cortland,24.0,42.0,iii,iii,,,False,18.0,SUNY Cortland
401415189,2022,6,Central Connecticut,Brown,20.0,27.0,fcs,fcs,,,False,7.0,Brown
401432353,2022,6,Central State,Fort Valley State,17.0,32.0,ii,ii,,,False,15.0,Fort Valley State
401423414,2022,6,Stetson,Marist,31.0,45.0,fcs,fcs,,,False,14.0,Marist
401431818,2022,6,Northern Michigan,Davenport,24.0,27.0,ii,ii,,,False,3.0,Davenport
401430926,2022,6,Loras College,Buena Vista,65.0,0.0,iii,iii,,,False,-65.0,Loras College
401432367,2022,6,Ouachita Baptist,Southwestern Oklahoma,63.0,24.0,ii,ii,,,False,-39.0,Ouachita Baptist
401420781,2022,6,Morgan State,Norfolk State,21.0,24.0,fcs,fcs,,,False,3.0,Norfolk State
401431121,2022,6,Franklin,Anderson (IN),54.0,14.0,iii,iii,,,False,-40.0,Franklin
401422974,2022,6,VMI,East Tennessee State,21.0,44.0,fcs,fcs,,,False,23.0,East Tennessee State
401431139,2022,6,Mount St. Joseph,Defiance,55.0,35.0,iii,iii,,,False,-20.0,Mount St. Joseph
401431131,2022,6,Hanover,Bluffton,63.0,21.0,iii,iii,,,False,-42.0,Hanover
401432674,2022,6,John Carroll,Marietta,45.0,10.0,iii,iii,,,False,-35.0,John Carroll
401432698,2022,6,Muskingum,Otterbein,41.0,35.0,iii,iii,,,False,-6.0,Muskingum
401435125,2022,6,Trinity (CT),Hamilton,45.0,0.0,iii,iii,,,False,-45.0,Trinity (CT)
401432684,2022,6,Mount Union,Heidelberg,28.0,6.0,iii,iii,,,False,-22.0,Mount Union
401431982,2022,6,Livingstone,Winston-Salem,20.0,17.0,ii,ii,,,False,-3.0,Livingstone
401433133,2022,6,Tusculum,Carson-Newman,34.0,6.0,ii,ii,,,False,-28.0,Tusculum
401431521,2022,6,Quincy,Kentucky Wesleyan,46.0,9.0,ii,ii,,,False,-37.0,Quincy
401430711,2022,6,Fayetteville State,St. Augustine's,54.0,0.0,ii,ii,,,False,-54.0,Fayetteville State
401432875,2022,6,Brevard College,Methodist,22.0,20.0,iii,iii,,,False,-2.0,Brevard College
401431305,2022,6,Wisconsin Lutheran,St. Norbert,0.0,7.0,iii,iii,,,False,7.0,St. Norbert
401431209,2022,6,Olivet College,Kalamazoo,41.0,17.0,iii,iii,,,False,-24.0,Olivet College
401431147,2022,6,Rose-Hulman,Manchester,48.0,14.0,iii,iii,,,False,-34.0,Rose-Hulman
401426342,2022,6,Georgia State,Georgia Southern,41.0,33.0,fbs,fbs,1476.0,1403.0,False,-8.0,Georgia State
401416616,2022,6,Ohio,Akron,55.0,34.0,fbs,fbs,1265.0,967.0,False,-21.0,Ohio
401431088,2022,6,Carroll (WI),North Central,0.0,73.0,iii,iii,,,False,73.0,North Central
401432890,2022,6,UW-Stout,Wisconsin-La Crosse,21.0,42.0,iii,iii,,,False,21.0,Wisconsin-La Crosse
401432857,2022,6,Gustavus Adolphus,St. Scholastica,77.0,7.0,iii,iii,,,False,-70.0,Gustavus Adolphus
401435100,2022,6,Carleton,St. Olaf College,26.0,7.0,iii,iii,,,False,-19.0,Carleton
401435190,2022,6,Trinity (TX),Birmingham-Southern,23.0,20.0,iii,iii,,,False,-3.0,Trinity (TX)
401432344,2022,6,Benedict College,Miles,20.0,3.0,ii,ii,,,False,-17.0,Benedict College
401431920,2022,6,Emporia State,Central Missouri State,44.0,27.0,ii,ii,,,False,-17.0,Emporia State
401421141,2022,6,The Citadel,Furman,10.0,21.0,fcs,fcs,,,False,11.0,Furman
401431814,2022,6,Southwest Baptist,William Jewell College,44.0,21.0,ii,ii,,,False,-23.0,Southwest Baptist
401431562,2022,6,Saginaw Valley,Ferris State,28.0,33.0,ii,ii,,,False,5.0,Ferris State
401431555,2022,6,Findlay,Northwood (MI),34.0,14.0,ii,ii,,,False,-20.0,Findlay
401431278,2022,6,Ripon,Grinnell,56.0,6.0,iii,iii,,,False,-50.0,Ripon
401431269,2022,6,Lawrence,Cornell College (IA),7.0,27.0,iii,iii,,,False,20.0,Cornell College (IA)
401435109,2022,6,Chicago,Monmouth (IL),20.0,23.0,iii,iii,,,False,3.0,Monmouth (IL)
401432956,2022,6,Wayne State (NE),Minnesota State,41.0,33.0,ii,ii,,,False,-8.0,Wayne State (NE)
401432962,2022,6,Sioux Falls,Southwest Minnesota State,35.0,14.0,ii,ii,,,False,-21.0,Sioux Falls
401435210,2022,6,UW-River Falls,UW-Oshkosh,27.0,24.0,iii,iii,,,False,-3.0,UW-River Falls
401435217,2022,6,Wisconsin-Eau Claire,UW-Whitewater,24.0,45.0,iii,iii,,,False,21.0,UW-Whitewater
401438619,2022,6,Washington (MO),Illinois Wesleyan,59.0,14.0,iii,iii,,,False,-45.0,Washington (MO)
401432839,2022,6,Martin Luther College,Crown College,20.0,26.0,iii,iii,,,False,6.0,Crown College
401421097,2022,6,Drake,San Diego,10.0,22.0,fcs,fcs,,,False,12.0,San Diego
401432813,2022,6,Millsaps,Hendrix College,34.0,28.0,iii,iii,,,False,-6.0,Millsaps
401432619,2022,6,Ohio Wesleyan,Denison,41.0,7.0,iii,iii,,,False,-34.0,Ohio Wesleyan
401432564,2022,6,Concordia (WI),Eureka College,23.0,20.0,iii,iii,,,False,-3.0,Concordia (WI)
401424396,2022,6,Elon,Towson,27.0,10.0,fcs,fcs,,,False,-17.0,Elon
401423147,2022,6,St. Thomas (MN),Davidson,27.0,16.0,fcs,fcs,,,False,-11.0,St. Thomas (MN)
401431024,2022,6,Austin College,Texas Lutheran,15.0,37.0,iii,iii,,,False,22.0,Texas Lutheran
401431071,2022,6,North Park,Carthage,14.0,33.0,iii,iii,,,False,19.0,Carthage
401431080,2022,6,Wheaton College (Ill),Elmhurst,56.0,0.0,iii,iii,,,False,-56.0,Wheaton College (Ill)
401431220,2022,6,Augsburg,St. Johns (MN),0.0,45.0,iii,iii,,,False,45.0,St. Johns (MN)
401431237,2022,6,Concordia (MN),Macalester,36.0,7.0,iii,iii,,,False,-29.0,Concordia (MN)
401431250,2022,6,Bethel (MN),Hamline,49.0,14.0,iii,iii,,,False,-35.0,Bethel (MN)
401431001,2022,6,Howard Payne,McMurry,30.0,18.0,iii,iii,,,False,-12.0,Howard Payne
401433090,2022,6,Colorado Mines,Colorado Mesa,48.0,21.0,ii,ii,,,False,-27.0,Colorado Mines
401433082,2022,6,Fort Lewis,Chadron State,3.0,56.0,ii,ii,,,False,53.0,Chadron State
401433050,2022,6,West Chester,Shippensburg,13.0,20.0,ii,ii,,,False,7.0,Shippensburg
401432527,2022,6,East Texas Baptist,Mary Hardin-Baylor,7.0,24.0,iii,iii,,,False,17.0,Mary Hardin-Baylor
401431493,2022,6,McKendree,Indianapolis,23.0,38.0,ii,ii,,,False,15.0,Indianapolis
401435062,2022,6,Millikin,Augustana (IL),0.0,70.0,iii,iii,,,False,70.0,Augustana (IL)
401424950,2022,6,South Carolina State,Florida A&M,14.0,20.0,fcs,fcs,,,False,6.0,Florida A&M
401424432,2022,6,Hampton,Maine,24.0,31.0,fcs,fcs,,,False,7.0,Maine
401423915,2022,6,Georgetown,Pennsylvania,28.0,59.0,fcs,fcs,,,False,31.0,Pennsylvania
401423442,2022,6,Alabama A&M,Grambling,37.0,31.0,fcs,fcs,,,False,-6.0,Alabama A&M
401432737,2022,6,Guilford,Washington & Lee,6.0,31.0,iii,iii,,,False,25.0,Washington & Lee
401450149,2022,6,Middlebury,Williams,30.0,7.0,iii,iii,,,False,-23.0,Middlebury
401444125,2022,6,Lakeland University,Benedictine (IL),14.0,23.0,iii,iii,,,False,9.0,Benedictine (IL)
401438596,2022,6,Edinboro,Gannon,17.0,35.0,ii,ii,,,False,18.0,Gannon
401432729,2022,6,Bridgewater (VA),Shenandoah,23.0,17.0,iii,iii,,,False,-6.0,Bridgewater (VA)
401430954,2022,6,Luther,Coe,10.0,56.0,iii,iii,,,False,46.0,Coe
401431010,2022,6,Hardin-Simmons,Sul Ross State,70.0,35.0,iii,iii,,,False,-35.0,Hardin-Simmons
401415633,2022,6,Cincinnati,South Florida,28.0,24.0,fbs,fbs,1797.0,1167.0,False,-4.0,Cincinnati
401441334,2022,6,Savannah State,Virginia Lynchburg,28.0,14.0,ii,,,,False,-14.0,Savannah State
401431940,2022,6,Missouri Southern State,Lincoln (MO),37.0,14.0,ii,ii,,,False,-23.0,Missouri Southern State
401431845,2022,6,Mississippi College,Shorter,35.0,21.0,ii,ii,,,False,-14.0,Mississippi College
401432397,2022,6,Bemidji State,Concordia-St. Paul,44.0,0.0,ii,ii,,,False,-44.0,Bemidji State
401423452,2022,6,Alabama State,Jackson State,12.0,26.0,fcs,fcs,,,False,14.0,Jackson State
401423920,2022,6,Arkansas-Pine Bluff,Texas Southern,17.0,24.0,fcs,fcs,,,False,7.0,Texas Southern
401420844,2022,6,Murray State,UT Martin,16.0,45.0,fcs,fcs,,,False,29.0,UT Martin
401433104,2022,6,Western State,South Dakota Mines,10.0,38.0,ii,ii,,,False,28.0,South Dakota Mines
401425453,2022,6,Southeast Missouri State,Tennessee Tech,34.0,20.0,fcs,fcs,,,False,-14.0,Southeast Missouri State
401450138,2022,6,Lane,Kentucky State,26.0,31.0,ii,ii,,,False,5.0,Kentucky State
401433064,2022,6,Adams State,Colorado State-Pueblo,20.0,52.0,ii,ii,,,False,32.0,Colorado State-Pueblo
401432744,2022,6,Geneva College,Allegheny,35.0,21.0,iii,iii,,,False,-14.0,Geneva College
401431461,2022,6,East Central,Henderson State,31.0,10.0,ii,ii,,,False,-21.0,East Central
401420810,2022,6,Missouri State,Southern Illinois,21.0,38.0,fcs,fcs,,,False,17.0,Southern Illinois
401418813,2022,6,Eastern Illinois,Northwestern State,35.0,27.0,fcs,fcs,,,False,-8.0,Eastern Illinois
401431299,2022,6,Lake Forest,Illinois College,40.0,7.0,iii,iii,,,False,-33.0,Lake Forest
401435205,2022,6,Wisconsin-Stevens Point,Wisconsin-Platteville,3.0,31.0,iii,iii,,,False,28.0,Wisconsin-Platteville
401431968,2022,6,Pittsburg State,Northwest Missouri State,24.0,22.0,ii,ii,,,False,-2.0,Pittsburg State
401420829,2022,6,South Dakota State,South Dakota,28.0,3.0,fcs,fcs,,,False,-25.0,South Dakota State
401431475,2022,6,Southeastern Oklahoma,Southern Arkansas,35.0,32.0,ii,ii,,,False,-3.0,Southeastern Oklahoma
401433075,2022,6,New Mexico Highlands,Black Hills State,30.0,28.0,ii,ii,,,False,-2.0,New Mexico Highlands
401430743,2022,6,Arkansas-Monticello,Northwestern Oklahoma State,23.0,26.0,ii,ii,,,False,3.0,Northwestern Oklahoma State
401431513,2022,6,Truman State,Missouri S&T,36.0,14.0,ii,ii,,,False,-22.0,Truman State
401431453,2022,6,Southern Nazarene,Harding,28.0,56.0,ii,ii,,,False,28.0,Harding
401431322,2022,6,Concordia (IL),Rockford,37.0,13.0,iii,iii,,,False,-24.0,Concordia (IL)
401416618,2022,6,Miami (OH),Kent State,27.0,24.0,fbs,fbs,1452.0,1313.0,False,-3.0,Miami (OH)
401415632,2022,6,Navy,Tulsa,53.0,21.0,fbs,fbs,1364.0,1506.0,False,-32.0,Navy
401432434,2022,6,Northern State,Winona State,42.0,21.0,ii,ii,,,False,-21.0,Northern State
401415631,2022,6,Tulane,East Carolina,24.0,9.0,fbs,fbs,1497.0,1539.0,False,-15.0,Tulane
401411135,2022,6,Pittsburgh,Virginia Tech,45.0,29.0,fbs,fbs,1650.0,1325.0,False,-16.0,Pittsburgh
401424433,2022,6,New Hampshire,Stony Brook,24.0,14.0,fcs,fcs,,,False,-10.0,New Hampshire
401416615,2022,6,Northern Illinois,Toledo,32.0,52.0,fbs,fbs,1355.0,1522.0,False,20.0,Toledo
401416613,2022,6,Central Michigan,Ball State,16.0,17.0,fbs,fbs,1415.0,1294.0,False,1.0,Ball State
401405107,2022,6,Northwestern,Wisconsin,7.0,42.0,fbs,fbs,1368.0,1692.0,False,35.0,Wisconsin
401404164,2022,6,UMass,Liberty,24.0,42.0,fbs,fbs,888.0,1582.0,False,18.0,Liberty
401424368,2022,6,William & Mary,Delaware,27.0,21.0,fcs,fcs,,,False,-6.0,William & Mary
401404091,2022,6,Oklahoma State,Texas Tech,41.0,31.0,fbs,fbs,1824.0,1519.0,False,-10.0,Oklahoma State
401432712,2022,6,Ferrum,Hampden-Sydney,16.0,35.0,iii,iii,,,False,19.0,Hampden-Sydney
401404011,2022,6,UCLA,Utah,42.0,32.0,fbs,fbs,1712.0,1886.0,False,-10.0,UCLA
401426581,2022,6,UAB,Middle Tennessee,41.0,14.0,fbs,fbs,1542.0,1384.0,False,-27.0,UAB
401403911,2022,6,Georgia,Auburn,42.0,10.0,fbs,fbs,2058.0,1558.0,False,-32.0,Georgia
401432870,2022,6,Averett,Randolph-Macon,7.0,55.0,iii,iii,,,False,48.0,Randolph-Macon
401432951,2022,6,Upper Iowa,Augustana (SD),14.0,31.0,ii,ii,,,False,17.0,Augustana (SD)
401433000,2022,6,Seton Hill College,Clarion,13.0,40.0,ii,ii,,,False,27.0,Clarion
401433111,2022,6,Newberry,Barton College,42.0,21.0,ii,ii,,,False,-21.0,Newberry
401432826,2022,6,Claremont,Chapman,28.0,6.0,iii,iii,,,False,-22.0,Claremont
401403915,2022,6,Vanderbilt,Ole Miss,28.0,52.0,fbs,fbs,1358.0,1746.0,False,24.0,Ole Miss
401404009,2022,6,Arizona State,Washington,45.0,38.0,fbs,fbs,1505.0,1616.0,False,-7.0,Arizona State
401411132,2022,6,Georgia Tech,Duke,23.0,20.0,fbs,fbs,1280.0,1336.0,False,-3.0,Georgia Tech
401405110,2022,6,Michigan State,Ohio State,20.0,49.0,fbs,fbs,1580.0,2150.0,False,29.0,Ohio State
401431582,2022,6,Hillsdale,Tiffin,0.0,41.0,ii,ii,,,False,41.0,Tiffin
401413261,2022,6,Montana State,Idaho State,37.0,6.0,fcs,fcs,,,False,-31.0,Montana State
401431870,2022,6,Erskine,Mars Hill,13.0,33.0,ii,ii,,,False,20.0,Mars Hill
401429855,2022,6,Virginia State,Bowie State,14.0,41.0,ii,ii,,,False,27.0,Bowie State
401411133,2022,6,Miami,North Carolina,24.0,27.0,fbs,fbs,1533.0,1622.0,False,3.0,North Carolina
401435177,2022,6,Pacific Lutheran,Lewis & Clark,47.0,21.0,iii,iii,,,False,-26.0,Pacific Lutheran
401435172,2022,6,Puget Sound,Pacific (OR),21.0,42.0,iii,iii,,,False,21.0,Pacific (OR)
401413228,2022,6,Northern Arizona,Cal Poly,31.0,29.0,fcs,fcs,,,False,-2.0,Northern Arizona
401428191,2022,6,Campbell,Charleston Southern,34.0,28.0,fcs,fcs,,,False,-6.0,Campbell
401422980,2022,6,Holy Cross,Bucknell,57.0,0.0,fcs,fcs,,,False,-57.0,Holy Cross
401422924,2022,6,Mercer,Western Carolina,49.0,6.0,fcs,fcs,,,False,-43.0,Mercer
401432640,2022,6,Willamette,George Fox University,10.0,27.0,iii,iii,,,False,17.0,George Fox University
401431182,2022,6,Adrian,Trine,21.0,27.0,iii,iii,,,False,6.0,Trine
401423927,2022,6,Prairie View,Southern,13.0,45.0,fcs,fcs,,,False,32.0,Southern
401432238,2022,6,Portland State,Lincoln University (CA),48.0,6.0,fcs,,,,False,-42.0,Portland State
401426670,2022,6,Central Arkansas,Lindenwood,49.0,52.0,fcs,fcs,,,False,3.0,Lindenwood
401418831,2022,6,Northern Iowa,Illinois State,21.0,23.0,fcs,fcs,,,False,2.0,Illinois State
401462220,2022,6,Southeastern Louisiana,Texas A&M-Commerce,28.0,31.0,fcs,fcs,,,False,3.0,Texas A&M-Commerce
401430964,2022,6,Dubuque,Simpson College,66.0,14.0,iii,iii,,,False,-52.0,Dubuque
401420859,2022,6,Incarnate Word,Lamar,56.0,17.0,fcs,fcs,,,False,-39.0,Incarnate Word
401431955,2022,6,Missouri Western,Nebraska-Kearney,18.0,39.0,ii,ii,,,False,21.0,Nebraska-Kearney
401433137,2022,6,Wingate,Catawba,28.0,0.0,ii,ii,,,False,-28.0,Wingate
401431861,2022,6,West Georgia,West Florida,28.0,42.0,ii,ii,,,False,14.0,West Florida
401432335,2022,6,Allen,Clark Atlanta,41.0,42.0,ii,ii,,,False,1.0,Clark Atlanta
401433054,2022,6,Slippery Rock,Mercyhurst,31.0,17.0,ii,ii,,,False,-14.0,Slippery Rock
401426582,2022,6,UT San Antonio,Western Kentucky,31.0,28.0,fbs,fbs,1518.0,1789.0,False,-3.0,UT San Antonio
401433153,2022,6,UFTL,Bluefield,0.0,0.0,,ii,,,True,-0.0,Bluefield
401432326,2022,6,Edward Waters,Albany State (GA),7.0,55.0,ii,ii,,,False,48.0,Albany State (GA)
401441265,2022,6,Montclair State,Kean,22.0,23.0,iii,iii,,,False,1.0,Kean
401418646,2022,6,Kennesaw State,North Alabama,40.0,34.0,fcs,fcs,,,False,-6.0,Kennesaw State
401420817,2022,6,Youngstown State,North Dakota,30.0,35.0,fcs,fcs,,,False,5.0,North Dakota
401424938,2022,6,Tennessee State,Bethune-Cookman,41.0,17.0,fcs,fcs,,,False,-24.0,Tennessee State
401445216,2022,6,Tufts,Bowdoin,31.0,13.0,iii,iii,,,False,-18.0,Tufts
401426579,2022,6,Florida International,Connecticut,12.0,33.0,fbs,fbs,943.0,1029.0,False,21.0,Connecticut
401426346,2022,6,Troy,Southern Mississippi,27.0,10.0,fbs,fbs,1427.0,1275.0,False,-17.0,Troy
401431890,2022,6,Angelo State,Eastern New Mexico,28.0,9.0,ii,ii,,,False,-19.0,Angelo State
401424931,2022,6,Mississippi Valley State,Alcorn State,7.0,30.0,fcs,fcs,,,False,23.0,Alcorn State
401426580,2022,6,Louisiana Tech,UTEP,41.0,31.0,fbs,fbs,1187.0,1317.0,False,-10.0,Louisiana Tech
401426345,2022,6,Texas State,Appalachian State,36.0,24.0,fbs,fbs,1202.0,1628.0,False,-12.0,Texas State
401415231,2022,6,Utah State,Air Force,34.0,27.0,fbs,fbs,1414.0,1739.0,False,-7.0,Utah State
401431604,2022,6,University of Texas of the Permian Basin,Simon Fraser,31.0,24.0,ii,ii,,,False,-7.0,University of Texas of the Permian Basin
401426343,2022,6,Arkansas State,James Madison,20.0,42.0,fbs,fbs,1271.0,1496.0,False,22.0,James Madison
401415234,2022,6,New Mexico,Wyoming,14.0,27.0,fbs,fbs,1196.0,1367.0,False,13.0,Wyoming
401462517,2022,6,Stephen F. Austin,Abilene Christian,41.0,38.0,fcs,fcs,,,False,-3.0,Stephen F. Austin
401432797,2022,6,Berry College,Rhodes,34.0,0.0,iii,iii,,,False,-34.0,Berry College
401462219,2022,6,Houston Christian,Nicholls,17.0,19.0,fcs,fcs,,,False,2.0,Nicholls
401431850,2022,6,Valdosta State,West Alabama,31.0,34.0,ii,ii,,,False,3.0,West Alabama
401430733,2022,6,Oklahoma Baptist,Arkansas Tech,13.0,34.0,ii,ii,,,False,21.0,Arkansas Tech
401404088,2022,6,Iowa State,Kansas State,9.0,10.0,fbs,fbs,1782.0,1680.0,False,1.0,Kansas State
401403912,2022,6,Kentucky,South Carolina,14.0,24.0,fbs,fbs,1712.0,1533.0,False,10.0,South Carolina
401404012,2022,6,USC,Washington State,30.0,14.0,fbs,fbs,1708.0,1674.0,False,-16.0,USC
401404127,2022,6,Notre Dame,BYU,28.0,20.0,fbs,fbs,1790.0,1636.0,True,-8.0,Notre Dame
401411131,2022,6,Boston College,Clemson,3.0,31.0,fbs,fbs,1339.0,1816.0,False,28.0,Clemson
401405106,2022,6,Illinois,Iowa,9.0,6.0,fbs,fbs,1706.0,1701.0,False,-3.0,Illinois
401404138,2022,6,Wake Forest,Army,45.0,10.0,fbs,fbs,1679.0,1476.0,False,-35.0,Wake Forest
401432349,2022,6,Morehouse,Tuskegee,14.0,31.0,ii,ii,,,True,17.0,Tuskegee
401411134,2022,6,NC State,Florida State,19.0,17.0,fbs,fbs,1652.0,1564.0,False,-2.0,NC State
401413238,2022,6,Weber State,Eastern Washington,45.0,21.0,fcs,fcs,,,False,-24.0,Weber State
401431904,2022,6,Texas A&M-Kingsville,Western New Mexico,21.0,17.0,ii,ii,,,False,-4.0,Texas A&M-Kingsville
401426344,2022,6,Louisiana Monroe,Coastal Carolina,21.0,28.0,fbs,fbs,1090.0,1671.0,False,7.0,Coastal Carolina
401431931,2022,6,Fort Hays State,Washburn,14.0,45.0,ii,ii,,,False,31.0,Washburn
401431897,2022,6,Midwestern State,West Texas A&M,26.0,38.0,ii,ii,,,False,12.0,West Texas A&M
401420879,2022,6,Southern Utah,Tarleton State,40.0,42.0,fcs,fcs,,,False,2.0,Tarleton State
401403909,2022,6,Alabama,Texas A&M,24.0,20.0,fbs,fbs,2190.0,1658.0,False,-4.0,Alabama
401404008,2022,6,Arizona,Oregon,22.0,49.0,fbs,fbs,1361.0,1585.0,False,27.0,Oregon
401415179,2022,6,Sacramento State,Northern Colorado,55.0,7.0,fcs,fcs,,,False,-48.0,Sacramento State
401431595,2022,6,Central Washington,Western Oregon,14.0,16.0,ii,ii,,,False,2.0,Western Oregon
401415232,2022,6,Boise State,Fresno State,40.0,20.0,fbs,fbs,1582.0,1487.0,False,-20.0,Boise State
401461255,2022,6,Pomona-Pitzer,La Verne,56.0,7.0,iii,iii,,,False,-49.0,Pomona-Pitzer
401432832,2022,6,Cal Lutheran,Redlands,14.0,35.0,iii,iii,,,False,21.0,Redlands
401415235,2022,6,San Diego State,Hawai'i,16.0,14.0,fbs,fbs,1388.0,1090.0,False,-2.0,San Diego State
401404010,2022,6,Stanford,Oregon State,27.0,28.0,fbs,fbs,1315.0,1559.0,False,1.0,Oregon State
401432378,2022,6,Assumption,Franklin Pierce,28.0,14.0,ii,ii,,,False,-14.0,Assumption
401426347,2022,7,Marshall,Louisiana,13.0,23.0,fbs,fbs,1539.0,1631.0,False,10.0,Louisiana
401432150,2022,7,UNC Pembroke,West Virginia State,45.0,24.0,ii,ii,,,False,-21.0,UNC Pembroke
401415634,2022,7,UCF,Temple,70.0,13.0,fbs,fbs,1672.0,1092.0,False,-57.0,UCF
401432137,2022,7,Fairmont State,West Liberty,24.0,27.0,ii,ii,,,False,3.0,West Liberty
401404092,2022,7,West Virginia,Baylor,43.0,40.0,fbs,fbs,1476.0,1733.0,False,-3.0,West Virginia
401420782,2022,7,North Carolina Central,Morgan State,59.0,20.0,fcs,fcs,,,False,-39.0,North Carolina Central
401446234,2022,7,Dickinson,Moravian,26.0,7.0,iii,iii,,,False,-19.0,Dickinson
401455633,2022,7,Princeton,Brown,35.0,19.0,fcs,fcs,,,False,-16.0,Princeton
401431034,2022,7,Johns Hopkins,Muhlenberg,34.0,27.0,iii,iii,,,False,-7.0,Johns Hopkins
401450142,2022,7,Ursinus,McDaniel College,56.0,17.0,iii,iii,,,False,-39.0,Ursinus
401456806,2022,7,Hilbert College,Lincoln University (CA),0.0,70.0,iii,,,,True,70.0,Lincoln University (CA)
401415635,2022,7,SMU,Navy,40.0,34.0,fbs,fbs,1574.0,1471.0,False,-6.0,SMU
401435218,2022,7,UW-Whitewater,UW-Oshkosh,24.0,3.0,iii,iii,,,False,-21.0,UW-Whitewater
401426584,2022,7,Florida International,UT San Antonio,10.0,30.0,fbs,fbs,899.0,1523.0,False,20.0,UT San Antonio
401431846,2022,7,Shorter,West Florida,26.0,50.0,ii,ii,,,False,24.0,West Florida
401460112,2022,7,Albright,King's College (PA),21.0,27.0,iii,iii,,,False,6.0,King's College (PA)
401430991,2022,7,Greensboro,Belhaven College,7.0,59.0,iii,iii,,,False,52.0,Belhaven College
401431569,2022,7,Davenport,Wayne State (MI),47.0,43.0,ii,ii,,,False,-4.0,Davenport
401435094,2022,7,Rochester,Buffalo State,12.0,6.0,iii,iii,,,False,-6.0,Rochester
401438626,2022,7,Anna Maria College,Keystone,39.0,41.0,iii,iii,,,False,2.0,Keystone
401416619,2022,7,Akron,Central Michigan,21.0,28.0,fbs,fbs,947.0,1408.0,False,7.0,Central Michigan
401405115,2022,7,Michigan,Penn State,41.0,17.0,fbs,fbs,1999.0,1804.0,False,-24.0,Michigan
401432632,2022,7,Kean,Christopher Newport,13.0,24.0,iii,iii,,,False,11.0,Christopher Newport
401404094,2022,7,Oklahoma,Kansas,52.0,42.0,fbs,fbs,1582.0,1366.0,False,-10.0,Oklahoma
401432884,2022,7,NC Wesleyan,Methodist,33.0,34.0,iii,iii,,,False,1.0,Methodist
401416622,2022,7,Bowling Green,Miami (OH),17.0,13.0,fbs,fbs,1092.0,1451.0,False,-4.0,Bowling Green
401435080,2022,7,Marist,Dayton,7.0,24.0,fcs,fcs,,,False,17.0,Dayton
401422981,2022,7,Yale,Bucknell,29.0,9.0,fcs,fcs,,,False,-20.0,Yale
401438654,2022,7,Fitchburg State,Plymouth State,7.0,42.0,iii,iii,,,False,35.0,Plymouth State
401438669,2022,7,Springfield,Norwich,69.0,20.0,iii,iii,,,False,-49.0,Springfield
401429856,2022,7,Bowie State,Virginia Union,14.0,41.0,ii,ii,,,False,27.0,Virginia Union
401435145,2022,7,MIT,Merchant Marine,0.0,17.0,iii,iii,,,False,17.0,Merchant Marine
401441932,2022,7,Gettysburg,Susquehanna,7.0,41.0,iii,iii,,,False,34.0,Susquehanna
401459909,2022,7,Castleton State College,SUNY Maritime,36.0,33.0,iii,iii,,,False,-3.0,Castleton State College
401404093,2022,7,Texas,Iowa State,24.0,21.0,fbs,fbs,1898.0,1776.0,False,-3.0,Texas
401432585,2022,7,Kenyon,Wooster,41.0,42.0,iii,iii,,,False,1.0,Wooster
401426348,2022,7,Coastal Carolina,Old Dominion,21.0,49.0,fbs,fbs,1644.0,1351.0,False,28.0,Old Dominion
401405112,2022,7,Illinois,Minnesota,26.0,14.0,fbs,fbs,1707.0,1784.0,False,-12.0,Illinois
401431155,2022,7,Lycoming,Stevenson,10.0,24.0,iii,iii,,,False,14.0,Stevenson
401403920,2022,7,Ole Miss,Auburn,48.0,34.0,fbs,fbs,1766.0,1529.0,False,-14.0,Ole Miss
401446230,2022,7,Walsh,Lake Erie College,15.0,22.0,ii,ii,,,False,7.0,Lake Erie College
401443119,2022,7,Wilkes,Misericordia,28.0,0.0,iii,iii,,,False,-28.0,Wilkes
401432547,2022,7,Dean College,Gallaudet,23.0,26.0,iii,iii,,,False,3.0,Gallaudet
401433134,2022,7,UVA-Wise,Tusculum,9.0,10.0,ii,ii,,,False,1.0,Tusculum
401433127,2022,7,Limestone,Wingate,21.0,28.0,ii,ii,,,False,7.0,Wingate
401433034,2022,7,Shepherd,Millersville,55.0,17.0,ii,ii,,,False,-38.0,Shepherd
401433010,2022,7,Edinboro,Indiana (PA),0.0,41.0,ii,ii,,,False,41.0,Indiana (PA)
401433402,2022,7,Rensselaer,Hobart,16.0,13.0,iii,iii,,,False,-3.0,Rensselaer
401404139,2022,7,Army,Colgate,42.0,17.0,fbs,fcs,1398.0,,False,-25.0,Army
401438617,2022,7,Salve Regina,Western New England,28.0,25.0,iii,iii,,,False,-3.0,Salve Regina
401441266,2022,7,College of New Jersey,Montclair State,18.0,15.0,iii,iii,,,False,-3.0,College of New Jersey
401432891,2022,7,Wisconsin-Eau Claire,Wisconsin-La Crosse,21.0,51.0,iii,iii,,,False,30.0,Wisconsin-La Crosse
401411140,2022,7,Virginia Tech,Miami,14.0,20.0,fbs,fbs,1319.0,1534.0,False,6.0,Miami
401431260,2022,7,Monmouth (IL),Beloit College,64.0,0.0,iii,iii,,,False,-64.0,Monmouth (IL)
401415200,2022,7,Pennsylvania,Columbia,34.0,14.0,fcs,fcs,,,False,-20.0,Pennsylvania
401431836,2022,7,North Greenville,West Georgia,35.0,38.0,ii,ii,,,False,3.0,West Georgia
401432798,2022,7,Centre,Berry College,30.0,31.0,iii,iii,,,False,1.0,Berry College
401435488,2022,7,North Carolina A&T,Edward Waters,45.0,7.0,fcs,ii,,,False,-38.0,North Carolina A&T
401435203,2022,7,Southern Virginia,Maryville TN,7.0,45.0,iii,iii,,,False,38.0,Maryville TN
401414783,2022,7,UMass,Buffalo,7.0,34.0,fbs,fbs,908.0,1458.0,False,27.0,Buffalo
401431062,2022,7,Nichols,University of New England,12.0,31.0,iii,iii,,,False,19.0,University of New England
401431251,2022,7,Minnesota-Duluth,Concordia-St. Paul,53.0,7.0,ii,ii,,,False,-46.0,Minnesota-Duluth
401435191,2022,7,Rhodes,Trinity (TX),0.0,45.0,iii,iii,,,False,45.0,Trinity (TX)
401437001,2022,7,Juniata,Franklin & Marshall,13.0,38.0,iii,iii,,,False,25.0,Franklin & Marshall
401424407,2022,7,Maine,Monmouth,38.0,28.0,fcs,fcs,,,False,-10.0,Maine
401424397,2022,7,Rhode Island,Elon,17.0,10.0,fcs,fcs,,,False,-7.0,Rhode Island
401423434,2022,7,Merrimack,Wagner,54.0,17.0,fcs,fcs,,,False,-37.0,Merrimack
401423148,2022,7,Davidson,Morehead State,28.0,26.0,fcs,fcs,,,False,-2.0,Davidson
401418647,2022,7,Kennesaw State,Central Arkansas,24.0,51.0,fcs,fcs,,,False,27.0,Central Arkansas
401432105,2022,7,Concord,Charleston (WV),68.0,60.0,ii,ii,,,False,-8.0,Concord
401428192,2022,7,Campbell,Robert Morris,41.0,10.0,fcs,fcs,,,False,-31.0,Campbell
401432792,2022,7,Westminster PA,Thiel College,41.0,6.0,iii,iii,,,False,-35.0,Westminster PA
401432768,2022,7,St. Vincent,Geneva College,41.0,25.0,iii,iii,,,False,-16.0,St. Vincent
401432754,2022,7,Washington & Jefferson,Carnegie Mellon,7.0,12.0,iii,iii,,,False,5.0,Carnegie Mellon
401432786,2022,7,Bethany (WV),Waynesburg,17.0,34.0,iii,iii,,,False,17.0,Waynesburg
401432730,2022,7,Shenandoah,Guilford,38.0,35.0,iii,iii,,,False,-3.0,Shenandoah
401432555,2022,7,Ithaca,St Lawrence,40.0,0.0,iii,iii,,,False,-40.0,Ithaca
401437189,2022,7,New Haven,Post University,67.0,20.0,ii,ii,,,False,-47.0,New Haven
401433055,2022,7,Slippery Rock,Gannon,40.0,14.0,ii,ii,,,False,-26.0,Slippery Rock
401433017,2022,7,Shippensburg,Kutztown,10.0,29.0,ii,ii,,,False,19.0,Kutztown
401432982,2022,7,Lock Haven,Bloomsburg,9.0,17.0,ii,ii,,,False,8.0,Bloomsburg
401432398,2022,7,Minnesota St-Moorhead,Bemidji State,7.0,46.0,ii,ii,,,False,39.0,Bemidji State
401432130,2022,7,WV Wesleyan,Notre Dame College,9.0,41.0,ii,ii,,,False,32.0,Notre Dame College
401431556,2022,7,Northwood (MI),Hillsdale,7.0,41.0,ii,ii,,,False,34.0,Hillsdale
401431547,2022,7,Michigan Tech,Northern Michigan,21.0,7.0,ii,ii,,,False,-14.0,Michigan Tech
401431537,2022,7,Ferris State,Grand Valley State,21.0,22.0,ii,ii,,,False,1.0,Grand Valley State
401430719,2022,7,St. Augustine's,Johnson C Smith,28.0,25.0,ii,ii,,,False,-3.0,St. Augustine's
401430699,2022,7,Chowan,Virginia State,43.0,40.0,ii,ii,,,False,-3.0,Chowan
401429866,2022,7,Elizabeth City State,Lincoln (PA),21.0,19.0,ii,ii,,,False,-2.0,Elizabeth City State
401455636,2022,7,Pace,American International,45.0,34.0,ii,ii,,,False,-11.0,Pace
401455578,2022,7,Assumption,Bentley,3.0,10.0,ii,ii,,,False,7.0,Bentley
401432846,2022,7,Martin Luther College,Finlandia University,34.0,0.0,iii,iii,,,False,-34.0,Martin Luther College
401415408,2022,7,Cornell,Lehigh,19.0,15.0,fcs,fcs,,,False,-4.0,Cornell
401432620,2022,7,Wabash College,Ohio Wesleyan,41.0,24.0,iii,iii,,,False,-17.0,Wabash College
401432123,2022,7,Wheeling Jesuit,Frostburg State,31.0,27.0,ii,ii,,,False,-4.0,Wheeling Jesuit
401431213,2022,7,Olivet College,Trine,37.0,39.0,iii,iii,,,False,2.0,Trine
401431199,2022,7,Alma College,Hope,28.0,26.0,iii,iii,,,False,-2.0,Alma College
401431112,2022,7,Alfred,St. John Fisher,7.0,21.0,iii,iii,,,False,14.0,St. John Fisher
401432721,2022,7,Hampden-Sydney,Averett,37.0,26.0,iii,iii,,,False,-11.0,Hampden-Sydney
401444599,2022,7,Colby,Amherst College,17.0,12.0,iii,iii,,,False,-5.0,Colby
401438688,2022,7,William Paterson,Rowan,9.0,14.0,iii,iii,,,False,5.0,Rowan
401438665,2022,7,Randolph-Macon,Bridgewater (VA),44.0,7.0,iii,iii,,,False,-37.0,Randolph-Macon
401438645,2022,7,Lebanon Valley,Delaware Valley,10.0,34.0,iii,iii,,,False,24.0,Delaware Valley
401442045,2022,7,Sacred Heart,Stonehill,40.0,27.0,fcs,fcs,,,False,-13.0,Sacred Heart
401435126,2022,7,Middlebury,Trinity (CT),21.0,27.0,iii,iii,,,False,6.0,Trinity (CT)
401431046,2022,7,Curry,Husson,26.0,38.0,iii,iii,,,False,12.0,Husson
401423428,2022,7,Long Island University,St Francis (PA),7.0,57.0,fcs,fcs,,,False,50.0,St Francis (PA)
401432840,2022,7,Crown College,Minnesota-Morris,27.0,0.0,iii,iii,,,False,-27.0,Crown College
401455637,2022,7,Widener,Alvernia University,16.0,19.0,iii,iii,,,False,3.0,Alvernia University
401441944,2022,7,SUNY Cortland,Hartwick,69.0,7.0,iii,iii,,,False,-62.0,SUNY Cortland
401431122,2022,7,Franklin,Defiance,48.0,19.0,iii,iii,,,False,-29.0,Franklin
401431140,2022,7,Anderson (IN),Mount St. Joseph,3.0,59.0,iii,iii,,,False,56.0,Mount St. Joseph
401431132,2022,7,Manchester,Hanover,20.0,51.0,iii,iii,,,False,31.0,Hanover
401431148,2022,7,Bluffton,Rose-Hulman,20.0,48.0,iii,iii,,,False,28.0,Rose-Hulman
401435185,2022,7,Marietta,Wilmington (OH),34.0,0.0,iii,iii,,,False,-34.0,Marietta
401421131,2022,7,Chattanooga,VMI,41.0,13.0,fcs,fcs,,,False,-28.0,Chattanooga
401455586,2022,7,Williams,Hamilton,13.0,15.0,iii,iii,,,False,2.0,Hamilton
401413208,2022,7,Wofford,The Citadel,31.0,16.0,fcs,fcs,,,False,-15.0,Wofford
401430712,2022,7,Livingstone,Fayetteville State,7.0,44.0,ii,ii,,,False,37.0,Fayetteville State
401432096,2022,7,Glenville State,Alderson-Broaddus,31.0,12.0,ii,ii,,,False,-19.0,Glenville State
401432675,2022,7,Ohio Northern,John Carroll,7.0,24.0,iii,iii,,,False,17.0,John Carroll
401418607,2022,7,Dartmouth,New Hampshire,0.0,14.0,fcs,fcs,,,False,14.0,New Hampshire
401428476,2022,7,South Carolina State,Virginia Lynchburg,36.0,0.0,fcs,,,,False,-36.0,South Carolina State
401435136,2022,7,Coast Guard,Catholic University,17.0,24.0,iii,iii,,,False,7.0,Catholic University
401432685,2022,7,Capital,Mount Union,14.0,49.0,iii,iii,,,False,35.0,Mount Union
401432666,2022,7,Baldwin-Wallace,Muskingum,35.0,21.0,iii,iii,,,False,-14.0,Baldwin-Wallace
401430675,2022,7,Winston-Salem,Shaw,17.0,10.0,ii,ii,,,False,-7.0,Winston-Salem
401431025,2022,7,Texas Lutheran,Mary Hardin-Baylor,16.0,45.0,iii,iii,,,False,29.0,Mary Hardin-Baylor
401441335,2022,7,Clark Atlanta,Savannah State,21.0,12.0,ii,ii,,,False,-9.0,Clark Atlanta
401431244,2022,7,Hamline,Gustavus Adolphus,7.0,44.0,iii,iii,,,False,37.0,Gustavus Adolphus
401432350,2022,7,Fort Valley State,Morehouse,56.0,28.0,ii,ii,,,False,-28.0,Fort Valley State
401432327,2022,7,Albany State (GA),Benedict College,20.0,24.0,ii,ii,,,False,4.0,Benedict College
401432713,2022,7,Ferrum,Washington & Lee,7.0,17.0,iii,iii,,,False,10.0,Washington & Lee
401431494,2022,7,Saginaw Valley,Indianapolis,38.0,14.0,ii,ii,,,False,-24.0,Saginaw Valley
401404153,2022,7,Ball State,Connecticut,25.0,21.0,fbs,fbs,1301.0,1073.0,False,-4.0,Ball State
401431270,2022,7,Illinois College,Lawrence,57.0,0.0,iii,iii,,,False,-57.0,Illinois College
401431279,2022,7,Lake Forest,Ripon,14.0,16.0,iii,iii,,,False,2.0,Ripon
401431089,2022,7,North Central,Millikin,65.0,0.0,iii,iii,,,False,-65.0,North Central
401432379,2022,7,Southern Connecticut State,Franklin Pierce,37.0,20.0,ii,ii,,,False,-17.0,Southern Connecticut State
401431072,2022,7,Carthage,Wheaton College (Ill),24.0,59.0,iii,iii,,,False,35.0,Wheaton College (Ill)
401433076,2022,7,Black Hills State,Western State,27.0,28.0,ii,ii,,,False,1.0,Western State
401430927,2022,7,Buena Vista,Central,27.0,52.0,iii,iii,,,False,25.0,Central
401432336,2022,7,Kentucky State,Allen,41.0,22.0,ii,ii,,,False,-19.0,Kentucky State
401432952,2022,7,Augustana (SD),Wayne State (NE),31.0,27.0,ii,ii,,,False,-4.0,Augustana (SD)
401431956,2022,7,Nebraska-Kearney,Emporia State,21.0,44.0,ii,ii,,,False,23.0,Emporia State
401404014,2022,7,Colorado,California,20.0,13.0,fbs,fbs,1147.0,1503.0,False,-7.0,Colorado
401430744,2022,7,Ouachita Baptist,Arkansas-Monticello,41.0,7.0,ii,ii,,,False,-34.0,Ouachita Baptist
401423155,2022,7,St. Thomas (MN),Drake,26.0,14.0,fcs,fcs,,,False,-12.0,St. Thomas (MN)
401431221,2022,7,Macalester,Augsburg,21.0,42.0,iii,iii,,,False,21.0,Augsburg
401421160,2022,7,Furman,Western Carolina,47.0,40.0,fcs,fcs,,,False,-7.0,Furman
401421113,2022,7,Valparaiso,Butler,25.0,26.0,fcs,fcs,,,False,1.0,Butler
401418840,2022,7,Youngstown State,Indiana State,48.0,42.0,fcs,fcs,,,False,-6.0,Youngstown State
401432957,2022,7,Minnesota State,Upper Iowa,43.0,20.0,ii,ii,,,False,-23.0,Minnesota State
401433065,2022,7,Chadron State,Adams State,29.0,27.0,ii,ii,,,False,-2.0,Chadron State
401435206,2022,7,Wisconsin-Platteville,UW-River Falls,21.0,14.0,iii,iii,,,False,-7.0,Wisconsin-Platteville
401432866,2022,7,Greenville,Westminster,52.0,0.0,iii,iii,,,False,-52.0,Greenville
401420792,2022,7,Norfolk State,Delaware State,7.0,28.0,fcs,fcs,,,False,21.0,Delaware State
401431891,2022,7,Western New Mexico,Angelo State,13.0,52.0,ii,ii,,,False,39.0,Angelo State
401432968,2022,7,Southwest Minnesota State,Winona State,7.0,43.0,ii,ii,,,False,36.0,Winona State
401433431,2022,7,Austin College,McMurry,21.0,24.0,iii,iii,,,False,3.0,McMurry
401424951,2022,7,Grambling,Florida A&M,16.0,20.0,fcs,fcs,,,False,4.0,Florida A&M
401460706,2022,7,Bethel (MN),Concordia (MN),45.0,7.0,iii,iii,,,False,-38.0,Bethel (MN)
401435105,2022,7,St. Olaf College,St. Johns (MN),10.0,49.0,iii,iii,,,False,39.0,St. Johns (MN)
401432858,2022,7,Carleton,St. Scholastica,56.0,20.0,iii,iii,,,False,-36.0,Carleton
401431289,2022,7,Knox College,Grinnell,28.0,7.0,iii,iii,,,False,-21.0,Knox College
401431514,2022,7,William Jewell College,Missouri S&T,14.0,41.0,ii,ii,,,False,27.0,Missouri S&T
401431306,2022,7,St. Norbert,Concordia (WI),21.0,28.0,iii,iii,,,False,7.0,Concordia (WI)
401433095,2022,7,South Dakota Mines,Colorado Mines,20.0,48.0,ii,ii,,,False,28.0,Colorado Mines
401430955,2022,7,Coe,Dubuque,14.0,15.0,iii,iii,,,False,1.0,Dubuque
401431098,2022,7,Illinois Wesleyan,North Park,0.0,0.0,iii,iii,,,False,-0.0,North Park
401432899,2022,7,Wisconsin-Stevens Point,UW-Stout,0.0,55.0,iii,iii,,,False,55.0,UW-Stout
401432876,2022,7,Huntingdon,Brevard College,38.0,14.0,iii,iii,,,False,-24.0,Huntingdon
401432516,2022,7,Simpson College,Loras College,21.0,63.0,iii,iii,,,False,42.0,Loras College
401432522,2022,7,Hardin-Simmons,East Texas Baptist,27.0,7.0,iii,iii,,,False,-20.0,Hardin-Simmons
401432814,2022,7,Hendrix College,Sewanee Univ. of the South,48.0,21.0,iii,iii,,,False,-27.0,Hendrix College
401433059,2022,7,East Stroudsburg,West Chester,21.0,24.0,ii,ii,,,False,3.0,West Chester
401432704,2022,7,Mars Hill,Emory & Henry,49.0,14.0,ii,ii,,,False,-35.0,Mars Hill
401431969,2022,7,Northwest Missouri State,Washburn,32.0,30.0,ii,ii,,,False,-2.0,Northwest Missouri State
401431921,2022,7,Central Missouri State,Missouri Southern State,20.0,17.0,ii,ii,,,False,-3.0,Central Missouri State
401431165,2022,7,Worcester State College,Mass Maritime,17.0,25.0,iii,iii,,,False,8.0,Mass Maritime
401430979,2022,7,Wartburg,Nebraska Wesleyan University,65.0,0.0,iii,iii,,,False,-65.0,Wartburg
401430734,2022,7,Arkansas Tech,Southern Arkansas,33.0,49.0,ii,ii,,,False,16.0,Southern Arkansas
401431851,2022,7,Valdosta State,Mississippi College,40.0,49.0,ii,ii,,,False,9.0,Mississippi College
401431932,2022,7,Central Oklahoma,Fort Hays State,35.0,23.0,ii,ii,,,False,-12.0,Central Oklahoma
401432440,2022,7,University of Mary,Sioux Falls,27.0,41.0,ii,ii,,,False,14.0,Sioux Falls
401432435,2022,7,Minot State,Northern State,10.0,38.0,ii,ii,,,False,28.0,Northern State
401425519,2022,7,Southern Illinois,Western Illinois,30.0,7.0,fcs,fcs,,,False,-23.0,Southern Illinois
401431476,2022,7,Northwestern Oklahoma State,Southeastern Oklahoma,7.0,44.0,ii,ii,,,False,37.0,Southeastern Oklahoma
401431941,2022,7,Lincoln (MO),Pittsburg State,10.0,49.0,ii,ii,,,False,39.0,Pittsburg State
401423453,2022,7,Alabama State,Mississippi Valley State,24.0,9.0,fcs,fcs,,,False,-15.0,Alabama State
401432576,2022,7,Denison,Hiram,41.0,38.0,iii,iii,,,False,-3.0,Denison
401418832,2022,7,Illinois State,South Dakota,12.0,10.0,fcs,fcs,,,False,-2.0,Illinois State
401431283,2022,7,Chicago,Cornell College (IA),45.0,7.0,iii,iii,,,False,-38.0,Chicago
401426256,2022,7,Eastern Illinois,Lindenwood,34.0,37.0,fcs,fcs,,,False,3.0,Lindenwood
401431002,2022,7,Howard Payne,Southwestern University,48.0,17.0,iii,iii,,,False,-31.0,Howard Payne
401413229,2022,7,Idaho State,Cal Poly,40.0,31.0,fcs,fcs,,,False,-9.0,Idaho State
401413249,2022,7,Montana,Idaho,23.0,30.0,fcs,fcs,,,False,7.0,Idaho
401413343,2022,7,Northern Colorado,Montana State,14.0,37.0,fcs,fcs,,,False,23.0,Montana State
401445796,2022,7,Western Connecticut State,Framingham State,21.0,15.0,iii,iii,,,False,-6.0,Western Connecticut State
401431454,2022,7,Harding,Henderson State,14.0,15.0,ii,ii,,,False,1.0,Henderson State
401426587,2022,7,Middle Tennessee,Western Kentucky,17.0,35.0,fbs,fbs,1332.0,1784.0,False,18.0,Western Kentucky
401424435,2022,7,Richmond,Villanova,20.0,10.0,fcs,fcs,,,False,-10.0,Richmond
401424434,2022,7,Albany,Hampton,37.0,38.0,fcs,fcs,,,False,1.0,Hampton
401426583,2022,7,UAB,Charlotte,34.0,20.0,fbs,fbs,1594.0,1111.0,False,-14.0,UAB
401431323,2022,7,Lakeland University,Concordia (IL),43.0,23.0,iii,iii,,,False,-20.0,Lakeland University
401426352,2022,7,Troy,Texas State,17.0,14.0,fbs,fbs,1450.0,1263.0,False,-3.0,Troy
401403916,2022,7,BYU,Arkansas,35.0,52.0,fbs,fbs,1629.0,1603.0,False,17.0,Arkansas
401416623,2022,7,Western Michigan,Ohio,14.0,33.0,fbs,fbs,1304.0,1285.0,False,19.0,Ohio
401404095,2022,7,TCU,Oklahoma State,43.0,40.0,fbs,fbs,1647.0,1821.0,False,-3.0,TCU
401403918,2022,7,Georgia,Vanderbilt,55.0,0.0,fbs,fbs,2087.0,1338.0,False,-55.0,Georgia
401416620,2022,7,Eastern Michigan,Northern Illinois,10.0,39.0,fbs,fbs,1382.0,1323.0,False,29.0,Northern Illinois
401416621,2022,7,Toledo,Kent State,52.0,31.0,fbs,fbs,1554.0,1314.0,False,-21.0,Toledo
401420834,2022,7,North Dakota State,South Dakota State,21.0,23.0,fcs,fcs,,,False,2.0,South Dakota State
401404162,2022,7,Liberty,Gardner-Webb,21.0,20.0,fbs,fcs,1609.0,,False,-1.0,Liberty
401405114,2022,7,Indiana,Maryland,33.0,38.0,fbs,fbs,1337.0,1645.0,False,5.0,Maryland
401403921,2022,7,Tennessee,Alabama,52.0,49.0,fbs,fbs,1881.0,2179.0,False,-3.0,Tennessee
401411139,2022,7,Syracuse,NC State,24.0,9.0,fbs,fbs,1539.0,1651.0,False,-15.0,Syracuse
401428197,2022,7,Bryant,Charleston Southern,23.0,24.0,fcs,fcs,,,False,1.0,Charleston Southern
401431504,2022,7,McKendree,Quincy,62.0,63.0,ii,ii,,,False,1.0,Quincy
401432658,2022,7,Pacific Lutheran,Whitworth,28.0,7.0,iii,iii,,,False,-21.0,Pacific Lutheran
401432611,2022,7,Wittenberg,Oberlin,62.0,7.0,iii,iii,,,False,-55.0,Wittenberg
401426349,2022,7,Georgia Southern,James Madison,45.0,38.0,fbs,fbs,1396.0,1528.0,False,-7.0,Georgia Southern
401431174,2022,7,UMass Dartmouth,Westfield State,34.0,7.0,iii,iii,,,False,-27.0,UMass Dartmouth
401432650,2022,7,Pacific (OR),Linfield,21.0,42.0,iii,iii,,,False,21.0,Linfield
401405116,2022,7,Michigan State,Wisconsin,34.0,28.0,fbs,fbs,1565.0,1752.0,False,-6.0,Michigan State
401415636,2022,7,South Florida,Tulane,31.0,45.0,fbs,fbs,1180.0,1532.0,False,14.0,Tulane
401418598,2022,7,Howard,Harvard,25.0,41.0,fcs,fcs,,,True,16.0,Harvard
401433112,2022,7,Barton College,Lenoir-Rhyne,0.0,34.0,ii,ii,,,False,34.0,Lenoir-Rhyne
401438620,2022,7,Augustana (IL),Washington (MO),28.0,49.0,iii,iii,,,False,21.0,Washington (MO)
401432827,2022,7,Claremont,Cal Lutheran,41.0,3.0,iii,iii,,,False,-38.0,Claremont
401433101,2022,7,Colorado State-Pueblo,New Mexico Highlands,35.0,11.0,ii,ii,,,False,-24.0,Colorado State-Pueblo
401418634,2022,7,Austin Peay,Murray State,52.0,17.0,fcs,fcs,,,False,-35.0,Austin Peay
401422925,2022,7,Mercer,East Tennessee State,55.0,33.0,fcs,fcs,,,False,-22.0,Mercer
401426586,2022,7,North Texas,Louisiana Tech,47.0,27.0,fbs,fbs,1325.0,1214.0,False,-20.0,North Texas
401420850,2022,7,Nicholls,Incarnate Word,14.0,49.0,fcs,fcs,,,False,35.0,Incarnate Word
401424939,2022,7,Bethune-Cookman,Jackson State,8.0,48.0,fcs,fcs,,,False,40.0,Jackson State
401431615,2022,7,Western Oregon,West Texas A&M,27.0,13.0,ii,ii,,,False,-14.0,Western Oregon
401418787,2022,7,Abilene Christian,Southern Utah,21.0,18.0,fcs,fcs,,,False,-3.0,Abilene Christian
401432641,2022,7,George Fox University,Puget Sound,51.0,7.0,iii,iii,,,False,-44.0,George Fox University
401432359,2022,7,Miles,Lane,32.0,35.0,ii,ii,,,False,3.0,Lane
401421098,2022,7,San Diego,Presbyterian College,28.0,3.0,fcs,fcs,,,False,-25.0,San Diego
401428190,2022,7,Portland State,Weber State,7.0,42.0,fcs,fcs,,,False,35.0,Weber State
401431183,2022,7,Adrian,Kalamazoo,42.0,17.0,iii,iii,,,False,-25.0,Adrian
401438622,2022,7,Birmingham-Southern,Millsaps,28.0,0.0,iii,iii,,,False,-28.0,Birmingham-Southern
401431963,2022,7,Northeastern State,Missouri Western,16.0,23.0,ii,ii,,,False,7.0,Missouri Western
401431587,2022,7,Kentucky Wesleyan,Findlay,7.0,44.0,ii,ii,,,False,37.0,Findlay
401435068,2022,7,Utica,Brockport State (NY),35.0,21.0,iii,iii,,,False,-14.0,Utica
401420860,2022,7,Northern Iowa,Utah Tech,41.0,14.0,fcs,fcs,,,False,-27.0,Northern Iowa
401445217,2022,7,Bates College,Bowdoin,21.0,14.0,iii,iii,,,False,-7.0,Bates College
401438683,2022,7,Lewis & Clark,Willamette,39.0,17.0,iii,iii,,,False,-22.0,Lewis & Clark
401404013,2022,7,Washington,Arizona,49.0,39.0,fbs,fbs,1600.0,1314.0,False,-10.0,Washington
401431871,2022,7,Carson-Newman,Erskine,37.0,0.0,ii,ii,,,False,-37.0,Carson-Newman
401432993,2022,7,Seton Hill College,California (PA),14.0,21.0,ii,ii,,,False,7.0,California (PA)
401433001,2022,7,Mercyhurst,Clarion,21.0,23.0,ii,ii,,,False,2.0,Clarion
401441258,2022,7,Wesleyan,Tufts,26.0,22.0,iii,iii,,,False,-4.0,Wesleyan
401432354,2022,7,Tuskegee,Central State,49.0,34.0,ii,ii,,,True,-15.0,Tuskegee
401435057,2022,7,Catawba,Newberry,27.0,34.0,ii,ii,,,False,7.0,Newberry
401424436,2022,7,Fordham,Stony Brook,45.0,14.0,fcs,fcs,,,False,-31.0,Fordham
401418639,2022,7,Eastern Kentucky,Sam Houston State,17.0,25.0,fcs,fcs,,,False,8.0,Sam Houston State
401426585,2022,7,Florida Atlantic,Rice,17.0,14.0,fbs,fbs,1372.0,1225.0,False,-3.0,Florida Atlantic
401431487,2022,7,Southwestern Oklahoma,Southern Nazarene,38.0,45.0,ii,ii,,,False,7.0,Southern Nazarene
401431828,2022,7,Delta State,West Alabama,20.0,7.0,ii,ii,,,False,-13.0,Delta State
401415238,2022,7,Colorado State,Utah State,13.0,17.0,fbs,fbs,1265.0,1444.0,False,4.0,Utah State
401462221,2022,7,Houston Christian,Northwestern State,10.0,37.0,fcs,fcs,,,False,27.0,Northwestern State
401431081,2022,7,Elmhurst,Carroll (WI),28.0,31.0,iii,iii,,,False,3.0,Carroll (WI)
401426351,2022,7,Southern Mississippi,Arkansas State,20.0,19.0,fbs,fbs,1252.0,1239.0,False,-1.0,Southern Mississippi
401426350,2022,7,South Alabama,Louisiana Monroe,41.0,34.0,fbs,fbs,1467.0,1117.0,False,-7.0,South Alabama
401420875,2022,7,Stephen F. Austin,Tarleton State,41.0,24.0,fcs,fcs,,,False,-17.0,Stephen F. Austin
401431314,2022,7,Eureka College,Aurora,13.0,72.0,iii,iii,,,False,59.0,Aurora
401431468,2022,7,Oklahoma Baptist,East Central,20.0,34.0,ii,ii,,,False,14.0,East Central
401425423,2022,7,Tennessee Tech,Tennessee State,14.0,30.0,fcs,fcs,,,False,16.0,Tennessee State
401431529,2022,7,Truman State,Southwest Baptist,25.0,20.0,ii,ii,,,False,-5.0,Truman State
401413219,2022,7,North Alabama,Jacksonville State,31.0,47.0,fcs,fcs,,,True,16.0,Jacksonville State
401403917,2022,7,Florida,LSU,35.0,45.0,fbs,fbs,1572.0,1593.0,False,10.0,LSU
401431574,2022,7,Ashland,Ohio Dominican,14.0,7.0,ii,ii,,,False,-7.0,Ashland
401432745,2022,7,Allegheny,Grove City College,17.0,44.0,iii,iii,,,False,27.0,Grove City College
401423928,2022,7,Southern,Alcorn State,21.0,17.0,fcs,fcs,,,False,-4.0,Southern
401413239,2022,7,Eastern Washington,Sacramento State,28.0,52.0,fcs,fcs,,,False,24.0,Sacramento State
401415173,2022,7,UC Davis,Northern Arizona,56.0,27.0,fcs,fcs,,,False,-29.0,UC Davis
401432568,2022,7,Wisconsin Lutheran,Rockford,52.0,35.0,iii,iii,,,False,-17.0,Wisconsin Lutheran
401403919,2022,7,Kentucky,Mississippi State,27.0,17.0,fbs,fbs,1675.0,1722.0,False,-10.0,Kentucky
401411138,2022,7,Florida State,Clemson,28.0,34.0,fbs,fbs,1565.0,1838.0,False,6.0,Clemson
401405113,2022,7,Purdue,Nebraska,43.0,37.0,fbs,fbs,1668.0,1528.0,False,-6.0,Purdue
401404016,2022,7,Notre Dame,Stanford,14.0,16.0,fbs,fbs,1797.0,1325.0,False,2.0,Stanford
401415637,2022,7,East Carolina,Memphis,47.0,45.0,fbs,fbs,1504.0,1505.0,False,-2.0,East Carolina
401409239,2022,7,New Mexico State,New Mexico,21.0,9.0,fbs,fbs,1040.0,1183.0,False,-12.0,New Mexico State
401431605,2022,7,Eastern New Mexico,Simon Fraser,42.0,14.0,ii,ii,,,False,-28.0,Eastern New Mexico
401462222,2022,7,McNeese,Texas A&M-Commerce,15.0,40.0,fcs,fcs,,,False,25.0,Texas A&M-Commerce
401439556,2022,7,La Verne,Whittier,43.0,20.0,iii,iii,,,False,-23.0,La Verne
401431905,2022,7,Texas A&M-Kingsville,University of Texas of the Permian Basin,13.0,10.0,ii,ii,,,False,-3.0,Texas A&M-Kingsville
401411137,2022,7,Duke,North Carolina,35.0,38.0,fbs,fbs,1334.0,1621.0,False,3.0,North Carolina
401433091,2022,7,Colorado Mesa,Fort Lewis,70.0,10.0,ii,ii,,,False,-60.0,Colorado Mesa
401404017,2022,7,Utah,USC,43.0,42.0,fbs,fbs,1856.0,1739.0,False,-1.0,Utah
401431596,2022,7,Central Washington,Midwestern State,17.0,10.0,ii,ii,,,False,-7.0,Central Washington
401404015,2022,7,Oregon State,Washington State,24.0,10.0,fbs,fbs,1549.0,1643.0,False,-14.0,Oregon State
401432833,2022,7,Chapman,Redlands,38.0,28.0,iii,iii,,,False,-10.0,Chapman
401415237,2022,7,UNLV,Air Force,7.0,42.0,fbs,fbs,1339.0,1709.0,False,35.0,Air Force
401415239,2022,7,Fresno State,San José State,17.0,10.0,fbs,fbs,1450.0,1553.0,False,-7.0,Fresno State
401415240,2022,7,Hawai'i,Nevada,31.0,16.0,fbs,fbs,1093.0,1448.0,False,-15.0,Hawai'i
401423443,2022,7,Arkansas-Pine Bluff,Alabama A&M,31.0,34.0,fcs,fcs,,,True,3.0,Alabama A&M
401426353,2022,8,Appalachian State,Georgia State,42.0,17.0,fbs,fbs,1567.0,1483.0,False,-25.0,Appalachian State
401431847,2022,8,Shorter,Delta State,10.0,45.0,ii,ii,,,False,35.0,Delta State
401446232,2022,8,Frostburg State,Fairmont State,16.0,14.0,ii,ii,,,False,-2.0,Frostburg State
401426354,2022,8,South Alabama,Troy,6.0,10.0,fbs,fbs,1458.0,1449.0,False,4.0,Troy
401411141,2022,8,Georgia Tech,Virginia,9.0,16.0,fbs,fbs,1282.0,1382.0,False,7.0,Virginia
401423435,2022,8,Wagner,Long Island University,37.0,26.0,fcs,fcs,,,False,-11.0,Wagner
401418599,2022,8,Harvard,Princeton,10.0,37.0,fcs,fcs,,,False,27.0,Princeton
401415638,2022,8,Temple,Tulsa,16.0,27.0,fbs,fbs,997.0,1399.0,False,11.0,Tulsa
401426592,2022,8,Western Kentucky,UAB,20.0,17.0,fbs,fbs,1784.0,1584.0,False,-3.0,Western Kentucky
401431113,2022,8,Morrisville State,Alfred,36.0,0.0,iii,iii,,,False,-36.0,Morrisville State
401405119,2022,8,Ohio State,Iowa,54.0,10.0,fbs,fbs,2165.0,1700.0,False,-44.0,Ohio State
401431175,2022,8,Fitchburg State,UMass Dartmouth,0.0,49.0,iii,iii,,,False,49.0,UMass Dartmouth
401435120,2022,8,Wittenberg,Denison,10.0,28.0,iii,iii,,,False,18.0,Denison
401437205,2022,8,Alfred State College,Dean College,35.0,36.0,iii,iii,,,False,1.0,Dean College
401438646,2022,8,King's College (PA),Lebanon Valley,34.0,24.0,iii,iii,,,False,-10.0,King's College (PA)
401416628,2022,8,Kent State,Akron,33.0,27.0,fbs,fbs,1288.0,966.0,False,-6.0,Kent State
401432106,2022,8,Charleston (WV),UNC Pembroke,70.0,21.0,ii,ii,,,False,-49.0,Charleston (WV)
401404140,2022,8,Army,Louisiana Monroe,48.0,24.0,fbs,fbs,1404.0,1126.0,False,-24.0,Army
401435095,2022,8,Union,Rochester,27.0,7.0,iii,iii,,,False,-20.0,Union
401438612,2022,8,Salve Regina,Nichols,42.0,21.0,iii,iii,,,False,-21.0,Salve Regina
401431166,2022,8,Mass Maritime,Western Connecticut State,3.0,24.0,iii,iii,,,False,21.0,Western Connecticut State
401455574,2022,8,Davenport,Lincoln University (CA),58.0,14.0,ii,,,,False,-44.0,Davenport
401444119,2022,8,Clark Atlanta,Fort Valley State,21.0,41.0,ii,ii,,,False,20.0,Fort Valley State
401456809,2022,8,American International,Assumption,7.0,24.0,ii,ii,,,False,17.0,Assumption
401403926,2022,8,Tennessee,UT Martin,65.0,24.0,fbs,fcs,1910.0,,False,-41.0,Tennessee
401443114,2022,8,Juniata,Muhlenberg,12.0,57.0,iii,iii,,,False,45.0,Muhlenberg
401438670,2022,8,Norwich,MIT,21.0,11.0,iii,iii,,,False,-10.0,Norwich
401441948,2022,8,Keystone,Castleton State College,20.0,35.0,iii,iii,,,False,15.0,Castleton State College
401428459,2022,8,Robert Morris,North Carolina A&T,14.0,38.0,fcs,fcs,,,False,24.0,North Carolina A&T
401422982,2022,8,Lehigh,Bucknell,17.0,19.0,fcs,fcs,,,False,2.0,Bucknell
401433002,2022,8,Clarion,Edinboro,17.0,47.0,ii,ii,,,False,30.0,Edinboro
401433046,2022,8,West Chester,Shepherd,14.0,47.0,ii,ii,,,False,33.0,Shepherd
401438597,2022,8,Gannon,Mercyhurst,49.0,14.0,ii,ii,,,False,-35.0,Gannon
401425427,2022,8,Central Connecticut,Duquesne,6.0,30.0,fcs,fcs,,,False,24.0,Duquesne
401415640,2022,8,Navy,Houston,20.0,38.0,fbs,fbs,1469.0,1515.0,False,18.0,Houston
401431404,2022,8,Colgate,Georgetown,34.0,24.0,fcs,fcs,,,False,-10.0,Colgate
401404096,2022,8,Baylor,Kansas,35.0,23.0,fbs,fbs,1728.0,1364.0,False,-12.0,Baylor
401405121,2022,8,Rutgers,Indiana,24.0,17.0,fbs,fbs,1337.0,1349.0,False,-7.0,Rutgers
401411142,2022,8,Clemson,Syracuse,27.0,21.0,fbs,fbs,1830.0,1581.0,False,-6.0,Clemson
401438638,2022,8,Stevenson,FDU-Florham,20.0,7.0,iii,iii,,,False,-13.0,Stevenson
401430691,2022,8,Lincoln (PA),Virginia Union,20.0,45.0,ii,ii,,,False,25.0,Virginia Union
401432131,2022,8,Notre Dame College,Glenville State,38.0,16.0,ii,ii,,,False,-22.0,Notre Dame College
401450148,2022,8,Worcester State College,Plymouth State,21.0,49.0,iii,iii,,,False,28.0,Plymouth State
401445808,2022,8,Hamilton,Colby,12.0,18.0,iii,iii,,,False,6.0,Colby
401415641,2022,8,SMU,Cincinnati,27.0,29.0,fbs,fbs,1576.0,1784.0,False,2.0,Cincinnati
401411144,2022,8,Miami,Duke,21.0,45.0,fbs,fbs,1530.0,1346.0,False,24.0,Duke
401415191,2022,8,Brown,Cornell,21.0,24.0,fcs,fcs,,,False,3.0,Cornell
401432548,2022,8,Gallaudet,SUNY Maritime,24.0,26.0,iii,iii,,,False,2.0,SUNY Maritime
401438600,2022,8,Mars Hill,Carson-Newman,44.0,13.0,ii,ii,,,False,-31.0,Mars Hill
401432970,2022,8,Upper Iowa,Minot State,33.0,20.0,ii,ii,,,False,-13.0,Upper Iowa
401435069,2022,8,Utica,SUNY Cortland,21.0,48.0,iii,iii,,,False,27.0,SUNY Cortland
401432621,2022,8,Ohio Wesleyan,DePauw,21.0,22.0,iii,iii,,,False,1.0,DePauw
401432633,2022,8,Christopher Newport,William Paterson,31.0,7.0,iii,iii,,,False,-24.0,Christopher Newport
401432722,2022,8,Washington & Lee,Hampden-Sydney,43.0,44.0,iii,iii,,,False,1.0,Hampden-Sydney
401432731,2022,8,Shenandoah,Randolph-Macon,21.0,35.0,iii,iii,,,False,14.0,Randolph-Macon
401432746,2022,8,Allegheny,St. Vincent,35.0,52.0,iii,iii,,,False,17.0,St. Vincent
401432775,2022,8,Grove City College,Westminster PA,17.0,24.0,iii,iii,,,False,7.0,Westminster PA
401455638,2022,8,Widener,Albright,34.0,28.0,iii,iii,,,False,-6.0,Widener
401450195,2022,8,College of New Jersey,Salisbury,17.0,70.0,iii,iii,,,False,53.0,Salisbury
401445804,2022,8,Bates College,Middlebury,28.0,40.0,iii,iii,,,False,12.0,Middlebury
401444601,2022,8,Tufts,Amherst College,17.0,20.0,iii,iii,,,False,3.0,Amherst College
401444123,2022,8,Delaware Valley,Wilkes,27.0,14.0,iii,iii,,,False,-13.0,Delaware Valley
401441933,2022,8,McDaniel College,Susquehanna,0.0,58.0,iii,iii,,,False,58.0,Susquehanna
401441259,2022,8,Bowdoin,Wesleyan,28.0,26.0,iii,iii,,,False,-2.0,Bowdoin
401437211,2022,8,St Lawrence,Hobart,10.0,31.0,iii,iii,,,False,21.0,Hobart
401437002,2022,8,Franklin & Marshall,Dickinson,28.0,17.0,iii,iii,,,False,-11.0,Franklin & Marshall
401435198,2022,8,Methodist,Huntingdon,35.0,38.0,iii,iii,,,False,3.0,Huntingdon
401435115,2022,8,Wooster,Hilbert College,49.0,7.0,iii,iii,,,False,-42.0,Wooster
401432885,2022,8,Maryville TN,NC Wesleyan,61.0,7.0,iii,iii,,,False,-54.0,Maryville TN
401432853,2022,8,Westminster,Northwestern (MN),0.0,36.0,iii,iii,,,False,36.0,Northwestern (MN)
401432841,2022,8,Finlandia University,Crown College,14.0,40.0,iii,iii,,,True,26.0,Crown College
401431280,2022,8,Ripon,Chicago,19.0,16.0,iii,iii,,,False,-3.0,Ripon
401431047,2022,8,Western New England,Curry,31.0,8.0,iii,iii,,,False,-23.0,Western New England
401432556,2022,8,Buffalo State,Ithaca,10.0,51.0,iii,iii,,,False,41.0,Ithaca
401432534,2022,8,Ursinus,Moravian,44.0,17.0,iii,iii,,,False,-27.0,Ursinus
401431307,2022,8,Aurora,St. Norbert,28.0,6.0,iii,iii,,,False,-22.0,Aurora
401431191,2022,8,Trine,Albion,19.0,20.0,iii,iii,,,False,1.0,Albion
401435137,2022,8,Catholic University,Merchant Marine,41.0,33.0,iii,iii,,,False,-8.0,Catholic University
401432577,2022,8,Hiram,Kenyon,34.0,31.0,iii,iii,,,False,-3.0,Hiram
401432380,2022,8,Franklin Pierce,Pace,7.0,50.0,ii,ii,,,True,43.0,Pace
401432337,2022,8,Allen,Bluefield,50.0,14.0,ii,ii,,,False,-36.0,Allen
401432355,2022,8,Central State,Edward Waters,13.0,45.0,ii,ii,,,False,32.0,Edward Waters
401432138,2022,8,West Liberty,Wheeling Jesuit,21.0,42.0,ii,ii,,,False,21.0,Wheeling Jesuit
401416629,2022,8,Central Michigan,Bowling Green,18.0,34.0,fbs,fbs,1389.0,1107.0,False,16.0,Bowling Green
401416626,2022,8,Buffalo,Toledo,34.0,27.0,fbs,fbs,1470.0,1580.0,False,-7.0,Buffalo
401431063,2022,8,University of New England,Endicott College,0.0,43.0,iii,iii,,,False,43.0,Endicott College
401429857,2022,8,Bowie State,Chowan,15.0,21.0,ii,ii,,,False,6.0,Chowan
401429867,2022,8,Elizabeth City State,Virginia State,12.0,34.0,ii,ii,,,False,22.0,Virginia State
401430676,2022,8,Shaw,Livingstone,28.0,14.0,ii,ii,,,False,-14.0,Shaw
401430713,2022,8,Johnson C Smith,Fayetteville State,13.0,21.0,ii,ii,,,False,8.0,Fayetteville State
401430724,2022,8,St. Augustine's,Winston-Salem,14.0,41.0,ii,ii,,,False,27.0,Winston-Salem
401431548,2022,8,Ferris State,Michigan Tech,28.0,20.0,ii,ii,,,False,-8.0,Ferris State
401431575,2022,8,Ashland,Tiffin,28.0,20.0,ii,ii,,,False,-8.0,Ashland
401431588,2022,8,Ohio Dominican,Kentucky Wesleyan,49.0,7.0,ii,ii,,,False,-42.0,Ohio Dominican
401432100,2022,8,Alderson-Broaddus,WV Wesleyan,30.0,31.0,ii,ii,,,False,1.0,WV Wesleyan
401432612,2022,8,Oberlin,Wabash College,20.0,66.0,iii,iii,,,False,46.0,Wabash College
401425516,2022,8,Howard,Delaware State,35.0,17.0,fcs,fcs,,,False,-18.0,Howard
401441291,2022,8,St Francis (PA),Stonehill,17.0,13.0,fcs,fcs,,,False,-4.0,St Francis (PA)
401432116,2022,8,West Virginia State,Concord,56.0,38.0,ii,ii,,,False,-18.0,West Virginia State
401423415,2022,8,Dayton,Stetson,23.0,20.0,fcs,fcs,,,False,-3.0,Dayton
401423420,2022,8,Merrimack,Sacred Heart,31.0,25.0,fcs,fcs,,,False,-6.0,Merrimack
401418833,2022,8,Indiana State,Illinois State,21.0,27.0,fcs,fcs,,,False,6.0,Illinois State
401432714,2022,8,Guilford,Ferrum,17.0,31.0,iii,iii,,,False,14.0,Ferrum
401424398,2022,8,New Hampshire,Elon,40.0,22.0,fcs,fcs,,,False,-18.0,New Hampshire
401424408,2022,8,Monmouth,Rhode Island,46.0,48.0,fcs,fcs,,,False,2.0,Rhode Island
401428487,2022,8,Presbyterian College,St. Thomas (MN),17.0,46.0,fcs,fcs,,,False,29.0,St. Thomas (MN)
401423916,2022,8,Pennsylvania,Yale,20.0,13.0,fcs,fcs,,,False,-7.0,Pennsylvania
401432969,2022,8,Wayne State (NE),Southwest Minnesota State,20.0,14.0,ii,ii,,,False,-6.0,Wayne State (NE)
401431156,2022,8,Lycoming,Alvernia University,42.0,10.0,iii,iii,,,False,-32.0,Lycoming
401431035,2022,8,Johns Hopkins,Gettysburg,60.0,7.0,iii,iii,,,False,-53.0,Johns Hopkins
401430992,2022,8,Belhaven College,Southern Virginia,42.0,6.0,iii,iii,,,False,-36.0,Belhaven College
401423140,2022,8,Butler,Marist,31.0,10.0,fcs,fcs,,,False,-21.0,Butler
401432676,2022,8,John Carroll,Capital,42.0,10.0,iii,iii,,,False,-32.0,John Carroll
401421132,2022,8,Chattanooga,Mercer,41.0,21.0,fcs,fcs,,,False,-20.0,Chattanooga
401421161,2022,8,VMI,Furman,3.0,41.0,fcs,fcs,,,False,38.0,Furman
401420802,2022,8,South Carolina State,North Carolina Central,26.0,24.0,fcs,fcs,,,False,-2.0,South Carolina State
401415201,2022,8,Columbia,Dartmouth,24.0,27.0,fcs,fcs,,,False,3.0,Dartmouth
401444590,2022,8,Defiance,Anderson (IN),32.0,22.0,iii,iii,,,False,-10.0,Defiance
401433405,2022,8,Manchester,Bluffton,44.0,46.0,iii,iii,,,False,2.0,Bluffton
401432705,2022,8,Tusculum,Emory & Henry,35.0,9.0,ii,ii,,,False,-26.0,Tusculum
401441938,2022,8,Hartwick,Brockport State (NY),14.0,35.0,iii,iii,,,False,21.0,Brockport State (NY)
401432690,2022,8,Ohio Northern,Muskingum,7.0,23.0,iii,iii,,,False,16.0,Muskingum
401432686,2022,8,Mount Union,Wilmington (OH),63.0,3.0,iii,iii,,,False,-60.0,Mount Union
401431133,2022,8,Hanover,Mount St. Joseph,29.0,44.0,iii,iii,,,False,15.0,Mount St. Joseph
401431123,2022,8,Rose-Hulman,Franklin,49.0,0.0,iii,iii,,,False,-49.0,Rose-Hulman
401432847,2022,8,Minnesota-Morris,Martin Luther College,47.0,0.0,iii,iii,,,False,-47.0,Minnesota-Morris
401431104,2022,8,Wheaton College (Ill),Carroll (WI),61.0,9.0,iii,iii,,,False,-52.0,Wheaton College (Ill)
401431238,2022,8,Concordia (MN),Carleton,20.0,13.0,iii,iii,,,False,-7.0,Concordia (MN)
401431290,2022,8,Lake Forest,Grinnell,49.0,0.0,iii,iii,,,False,-49.0,Lake Forest
401431019,2022,8,Southwestern University,Hardin-Simmons,0.0,68.0,iii,iii,,,False,68.0,Hardin-Simmons
401432513,2022,8,Central,Simpson College,49.0,17.0,iii,iii,,,False,-32.0,Central
401431296,2022,8,Knox College,Illinois College,10.0,20.0,iii,iii,,,False,10.0,Illinois College
401438689,2022,8,Rowan,Kean,17.0,10.0,iii,iii,,,False,-7.0,Rowan
401433077,2022,8,Colorado Mines,Black Hills State,38.0,0.0,ii,ii,,,False,-38.0,Colorado Mines
401435211,2022,8,UW-River Falls,Wisconsin-Eau Claire,63.0,6.0,iii,iii,,,False,-57.0,UW-River Falls
401431222,2022,8,Hamline,Augsburg,21.0,42.0,iii,iii,,,False,21.0,Augsburg
401436995,2022,8,St. Johns (MN),Gustavus Adolphus,41.0,27.0,iii,iii,,,False,-14.0,St. Johns (MN)
401431252,2022,8,Macalester,Bethel (MN),13.0,63.0,iii,iii,,,False,50.0,Bethel (MN)
401432345,2022,8,Morehouse,Benedict College,0.0,35.0,ii,ii,,,False,35.0,Benedict College
401431977,2022,8,Washburn,Central Oklahoma,37.0,9.0,ii,ii,,,False,-28.0,Washburn
401431922,2022,8,Fort Hays State,Central Missouri State,27.0,14.0,ii,ii,,,False,-13.0,Fort Hays State
401431583,2022,8,Hillsdale,Findlay,20.0,41.0,ii,ii,,,False,21.0,Findlay
401431557,2022,8,Lake Erie College,Northwood (MI),14.0,18.0,ii,ii,,,False,4.0,Northwood (MI)
401431505,2022,8,Missouri S&T,McKendree,35.0,42.0,ii,ii,,,False,7.0,McKendree
401431203,2022,8,Hope,Olivet College,23.0,0.0,iii,iii,,,False,-23.0,Hope
401435207,2022,8,Wisconsin-Platteville,UW-Whitewater,17.0,13.0,iii,iii,,,False,-4.0,Wisconsin-Platteville
401441955,2022,8,Westfield State,Bridgewater State,7.0,42.0,iii,iii,,,False,35.0,Bridgewater State
401432565,2022,8,Concordia (WI),Lakeland University,30.0,20.0,iii,iii,,,False,-10.0,Concordia (WI)
401432806,2022,8,Hendrix College,Centre,42.0,45.0,iii,iii,,,False,3.0,Centre
401416624,2022,8,Ball State,Eastern Michigan,16.0,20.0,fbs,fbs,1297.0,1293.0,False,4.0,Eastern Michigan
401416625,2022,8,Ohio,Northern Illinois,24.0,17.0,fbs,fbs,1334.0,1412.0,False,-7.0,Ohio
401431261,2022,8,Beloit College,Lawrence,56.0,0.0,iii,iii,,,False,-56.0,Beloit College
401430956,2022,8,Loras College,Coe,17.0,27.0,iii,iii,,,False,10.0,Coe
401431200,2022,8,Kalamazoo,Alma College,21.0,45.0,iii,iii,,,False,24.0,Alma College
401435189,2022,8,East Texas Baptist,Austin College,10.0,13.0,iii,iii,,,False,3.0,Austin College
401413220,2022,8,Jacksonville State,Southeastern Louisiana,14.0,31.0,fcs,fcs,,,False,17.0,Southeastern Louisiana
401435186,2022,8,Heidelberg,Marietta,29.0,21.0,iii,iii,,,False,-8.0,Heidelberg
401421107,2022,8,Morehead State,Valparaiso,35.0,40.0,fcs,fcs,,,False,5.0,Valparaiso
401432763,2022,8,Case Western Reserve,Bethany (WV),45.0,7.0,iii,iii,,,False,-38.0,Case Western Reserve
401424438,2022,8,Hampton,Richmond,10.0,41.0,fcs,fcs,,,False,31.0,Richmond
401418814,2022,8,Northwestern State,Southeast Missouri State,16.0,51.0,fcs,fcs,,,False,35.0,Southeast Missouri State
401435112,2022,8,Rockford,Benedictine (IL),27.0,70.0,iii,iii,,,False,43.0,Benedictine (IL)
401432871,2022,8,Bridgewater (VA),Averett,23.0,16.0,iii,iii,,,False,-7.0,Bridgewater (VA)
401432799,2022,8,Trinity (TX),Berry College,21.0,14.0,iii,iii,,,False,-7.0,Trinity (TX)
401431090,2022,8,Washington (MO),North Central,0.0,31.0,iii,iii,,,False,31.0,North Central
401431073,2022,8,Illinois Wesleyan,Carthage,55.0,0.0,iii,iii,,,False,-55.0,Illinois Wesleyan
401423149,2022,8,Drake,Davidson,14.0,48.0,fcs,fcs,,,False,34.0,Davidson
401432399,2022,8,Bemidji State,Minnesota-Duluth,41.0,16.0,ii,ii,,,False,-25.0,Bemidji State
401432953,2022,8,Augustana (SD),Minnesota State,14.0,35.0,ii,ii,,,False,21.0,Minnesota State
401428477,2022,8,Lindenwood,Murray State,33.0,18.0,fcs,fcs,,,False,-15.0,Lindenwood
401432892,2022,8,Wisconsin-La Crosse,Wisconsin-Stevens Point,55.0,13.0,iii,iii,,,False,-42.0,Wisconsin-La Crosse
401431099,2022,8,North Park,Augustana (IL),34.0,56.0,iii,iii,,,False,22.0,Augustana (IL)
401432983,2022,8,Bloomsburg,East Stroudsburg,21.0,27.0,ii,ii,,,False,6.0,East Stroudsburg
401433011,2022,8,Indiana (PA),Seton Hill College,44.0,7.0,ii,ii,,,False,-37.0,Indiana (PA)
401431082,2022,8,Millikin,Elmhurst,13.0,0.0,iii,iii,,,False,-13.0,Millikin
401432667,2022,8,Baldwin-Wallace,Otterbein,35.0,14.0,iii,iii,,,False,-21.0,Baldwin-Wallace
401421142,2022,8,Western Carolina,The Citadel,21.0,34.0,fcs,fcs,,,False,13.0,The Citadel
401433035,2022,8,Millersville,Shippensburg,17.0,14.0,ii,ii,,,False,-3.0,Millersville
401433105,2022,8,Fort Lewis,South Dakota Mines,20.0,65.0,ii,ii,,,False,45.0,South Dakota Mines
401433106,2022,8,New Mexico Highlands,Western State,13.0,30.0,ii,ii,,,False,17.0,Western State
401433120,2022,8,Lenoir-Rhyne,Newberry,24.0,38.0,ii,ii,,,False,14.0,Newberry
401444116,2022,8,Southern Connecticut State,Bentley,3.0,24.0,ii,ii,,,False,21.0,Bentley
401431026,2022,8,McMurry,Texas Lutheran,10.0,17.0,iii,iii,,,False,7.0,Texas Lutheran
401431011,2022,8,Mary Hardin-Baylor,Sul Ross State,45.0,14.0,iii,iii,,,False,-31.0,Mary Hardin-Baylor
401432859,2022,8,St. Scholastica,St. Olaf College,28.0,33.0,iii,iii,,,False,5.0,St. Olaf College
401404128,2022,8,Notre Dame,UNLV,44.0,21.0,fbs,fbs,1765.0,1285.0,False,-23.0,Notre Dame
401432900,2022,8,UW-Oshkosh,UW-Stout,19.0,14.0,iii,iii,,,False,-5.0,UW-Oshkosh
401435127,2022,8,Trinity (CT),Williams,32.0,13.0,iii,iii,,,False,-19.0,Trinity (CT)
401420783,2022,8,Delaware,Morgan State,38.0,7.0,fcs,fcs,,,False,-31.0,Delaware
401432360,2022,8,Miles,Kentucky State,7.0,35.0,ii,ii,,,False,28.0,Kentucky State
401431284,2022,8,Cornell College (IA),Monmouth (IL),12.0,56.0,iii,iii,,,False,44.0,Monmouth (IL)
401413344,2022,8,Montana State,Weber State,43.0,38.0,fcs,fcs,,,False,-5.0,Montana State
401467155,2022,8,Incarnate Word,Faulkner,70.0,0.0,fcs,,,,False,-70.0,Incarnate Word
401415180,2022,8,Northern Colorado,UC Davis,10.0,58.0,fcs,fcs,,,False,48.0,UC Davis
401418640,2022,8,Eastern Kentucky,North Alabama,56.0,53.0,fcs,fcs,,,False,-3.0,Eastern Kentucky
401413250,2022,8,Idaho,Portland State,56.0,21.0,fcs,fcs,,,False,-35.0,Idaho
401404099,2022,8,Texas Tech,West Virginia,48.0,10.0,fbs,fbs,1522.0,1481.0,False,-38.0,Texas Tech
401426590,2022,8,Louisiana Tech,Rice,41.0,42.0,fbs,fbs,1179.0,1226.0,False,1.0,Rice
401432877,2022,8,Brevard College,LaGrange College,24.0,10.0,iii,iii,,,False,-14.0,Brevard College
401413262,2022,8,Idaho State,Northern Arizona,10.0,24.0,fcs,fcs,,,False,14.0,Northern Arizona
401432365,2022,8,Lane,Tuskegee,31.0,35.0,ii,ii,,,False,4.0,Tuskegee
401433018,2022,8,Kutztown,Lock Haven,35.0,7.0,ii,ii,,,False,-28.0,Kutztown
401432963,2022,8,Winona State,Sioux Falls,20.0,17.0,ii,ii,,,False,-3.0,Winona State
401432368,2022,8,East Central,Southwestern Oklahoma,42.0,28.0,ii,ii,,,False,-14.0,East Central
401431964,2022,8,Northwest Missouri State,Northeastern State,36.0,3.0,ii,ii,,,False,-33.0,Northwest Missouri State
401431949,2022,8,Missouri Southern State,Emporia State,21.0,24.0,ii,ii,,,False,3.0,Emporia State
401431538,2022,8,Grand Valley State,Northern Michigan,56.0,3.0,ii,ii,,,False,-53.0,Grand Valley State
401431482,2022,8,Southern Arkansas,Ouachita Baptist,31.0,63.0,ii,ii,,,False,32.0,Ouachita Baptist
401431469,2022,8,Southeastern Oklahoma,Oklahoma Baptist,62.0,14.0,ii,ii,,,False,-48.0,Southeastern Oklahoma
401430745,2022,8,Arkansas-Monticello,Harding,43.0,56.0,ii,ii,,,False,13.0,Harding
401430735,2022,8,Henderson State,Arkansas Tech,35.0,19.0,ii,ii,,,False,-16.0,Henderson State
401431942,2022,8,Lincoln (MO),Nebraska-Kearney,17.0,66.0,ii,ii,,,False,49.0,Nebraska-Kearney
401425424,2022,8,Tennessee State,Eastern Illinois,37.0,17.0,fcs,fcs,,,False,-20.0,Tennessee State
401423921,2022,8,Alcorn State,Texas Southern,27.0,34.0,fcs,fcs,,,False,7.0,Texas Southern
401430965,2022,8,Dubuque,Luther,68.0,7.0,iii,iii,,,False,-61.0,Dubuque
401418648,2022,8,Kennesaw State,Tennessee Tech,33.0,30.0,fcs,fcs,,,False,-3.0,Kennesaw State
401420830,2022,8,South Dakota,Southern Illinois,27.0,24.0,fcs,fcs,,,False,-3.0,South Dakota
401420874,2022,8,Southern Utah,Stephen F. Austin,38.0,41.0,fcs,fcs,,,False,3.0,Stephen F. Austin
401432417,2022,8,University of Mary,Minnesota St-Moorhead,38.0,40.0,ii,ii,,,False,2.0,Minnesota St-Moorhead
401431972,2022,8,Pittsburg State,Missouri Western,28.0,16.0,ii,ii,,,False,-12.0,Pittsburg State
401462223,2022,8,Texas A&M-Commerce,Houston Christian,31.0,3.0,fcs,fcs,,,False,-28.0,Texas A&M-Commerce
401424956,2022,8,Jackson State,Campbell,22.0,14.0,fcs,fcs,,,False,-8.0,Jackson State
401424439,2022,8,Stony Brook,Maine,28.0,27.0,fcs,fcs,,,False,-1.0,Stony Brook
401415639,2022,8,Tulane,Memphis,38.0,28.0,fbs,fbs,1532.0,1504.0,False,-10.0,Tulane
401424437,2022,8,Villanova,Albany,31.0,29.0,fcs,fcs,,,False,-2.0,Villanova
401405117,2022,8,Wisconsin,Purdue,35.0,24.0,fbs,fbs,1735.0,1668.0,False,-11.0,Wisconsin
401404021,2022,8,Oregon,UCLA,45.0,30.0,fbs,fbs,1632.0,1742.0,False,-15.0,Oregon
401432994,2022,8,California (PA),Slippery Rock,24.0,42.0,ii,ii,,,False,18.0,Slippery Rock
401403923,2022,8,LSU,Ole Miss,45.0,20.0,fbs,fbs,1612.0,1775.0,False,-25.0,LSU
401404163,2022,8,Liberty,BYU,41.0,14.0,fbs,fbs,1562.0,1585.0,False,-27.0,Liberty
401422970,2022,8,East Tennessee State,Samford,45.0,55.0,fcs,fcs,,,False,10.0,Samford
401426356,2022,8,Old Dominion,Georgia Southern,23.0,28.0,fbs,fbs,1469.0,1413.0,False,5.0,Georgia Southern
401422991,2022,8,Lafayette,Holy Cross,21.0,24.0,fcs,fcs,,,False,3.0,Holy Cross
401411145,2022,8,Wake Forest,Boston College,43.0,15.0,fbs,fbs,1751.0,1317.0,False,-28.0,Wake Forest
401404098,2022,8,Oklahoma State,Texas,41.0,34.0,fbs,fbs,1818.0,1897.0,False,-7.0,Oklahoma State
401439541,2022,8,Springfield,Worcester Polytechnic,45.0,7.0,iii,iii,,,False,-38.0,Springfield
401426355,2022,8,James Madison,Marshall,12.0,26.0,fbs,fbs,1511.0,1526.0,False,14.0,Marshall
401416627,2022,8,Miami (OH),Western Michigan,10.0,16.0,fbs,fbs,1436.0,1255.0,False,6.0,Western Michigan
401405118,2022,8,Maryland,Northwestern,31.0,24.0,fbs,fbs,1633.0,1308.0,False,-7.0,Maryland
401426591,2022,8,UT San Antonio,North Texas,31.0,27.0,fbs,fbs,1512.0,1360.0,False,-4.0,UT San Antonio
401426588,2022,8,Charlotte,Florida International,15.0,34.0,fbs,fbs,1121.0,910.0,False,19.0,Florida International
401431488,2022,8,Southern Nazarene,Northwestern Oklahoma State,27.0,21.0,ii,ii,,,False,-6.0,Southern Nazarene
401445812,2022,8,Puget Sound,Lewis & Clark,41.0,47.0,iii,iii,,,False,6.0,Lewis & Clark
401431530,2022,8,William Jewell College,Truman State,7.0,42.0,ii,ii,,,False,35.0,Truman State
401439557,2022,8,Whittier,Chapman,7.0,50.0,iii,iii,,,False,43.0,Chapman
401432642,2022,8,Pacific (OR),George Fox University,7.0,21.0,iii,iii,,,False,14.0,George Fox University
401432659,2022,8,Willamette,Whitworth,14.0,42.0,iii,iii,,,False,28.0,Whitworth
401462224,2022,8,Nicholls,McNeese,40.0,35.0,fcs,fcs,,,False,-5.0,Nicholls
401438555,2022,8,Millsaps,Rhodes,7.0,31.0,iii,iii,,,False,24.0,Rhodes
401426589,2022,8,UTEP,Florida Atlantic,24.0,21.0,fbs,fbs,1290.0,1371.0,False,-3.0,UTEP
401420825,2022,8,Western Illinois,Youngstown State,27.0,28.0,fcs,fcs,,,False,1.0,Youngstown State
401424940,2022,8,Mississippi Valley State,Bethune-Cookman,35.0,45.0,fcs,fcs,,,False,10.0,Bethune-Cookman
401424369,2022,8,Towson,William & Mary,24.0,44.0,fcs,fcs,,,False,20.0,William & Mary
401420818,2022,8,North Dakota,South Dakota State,35.0,49.0,fcs,fcs,,,False,14.0,South Dakota State
401404018,2022,8,Stanford,Arizona State,15.0,14.0,fbs,fbs,1357.0,1521.0,False,-1.0,Stanford
401403924,2022,8,Missouri,Vanderbilt,17.0,14.0,fbs,fbs,1440.0,1271.0,False,-3.0,Missouri
401415242,2022,8,Colorado State,Hawai'i,17.0,13.0,fbs,fbs,1270.0,1160.0,False,-4.0,Colorado State
401431872,2022,8,Erskine,UVA-Wise,13.0,28.0,ii,ii,,,False,15.0,UVA-Wise
401433083,2022,8,Colorado State-Pueblo,Chadron State,34.0,12.0,ii,ii,,,False,-22.0,Colorado State-Pueblo
401431616,2022,8,Western Oregon,Eastern New Mexico,46.0,7.0,ii,ii,,,False,-39.0,Western Oregon
401432651,2022,8,Linfield,Pacific Lutheran,45.0,0.0,iii,iii,,,False,-45.0,Linfield
401430928,2022,8,Nebraska Wesleyan University,Buena Vista,25.0,42.0,iii,iii,,,True,17.0,Buena Vista
401431837,2022,8,West Alabama,North Greenville,33.0,34.0,ii,ii,,,False,1.0,North Greenville
401426358,2022,8,Texas State,Southern Mississippi,14.0,20.0,fbs,fbs,1264.0,1252.0,False,6.0,Southern Mississippi
401426357,2022,8,Louisiana,Arkansas State,38.0,18.0,fbs,fbs,1644.0,1239.0,False,-20.0,Louisiana
401420811,2022,8,Northern Iowa,Missouri State,41.0,20.0,fcs,fcs,,,False,-21.0,Northern Iowa
401420866,2022,8,Lamar,Prairie View,21.0,54.0,fcs,fcs,,,False,33.0,Prairie View
401432328,2022,8,Savannah State,Albany State (GA),20.0,31.0,ii,ii,,,False,11.0,Albany State (GA)
401423929,2022,8,Southern,Virginia Lynchburg,51.0,7.0,fcs,,,,False,-44.0,Southern
401431862,2022,8,West Florida,Mississippi College,45.0,17.0,ii,ii,,,True,-28.0,West Florida
401431852,2022,8,West Georgia,Valdosta State,54.0,17.0,ii,ii,,,False,-37.0,West Georgia
401433128,2022,8,Catawba,Limestone,23.0,48.0,ii,ii,,,False,25.0,Limestone
401428198,2022,8,Charleston Southern,Gardner-Webb,14.0,28.0,fcs,fcs,,,False,14.0,Gardner-Webb
401431563,2022,8,Wayne State (MI),Saginaw Valley,14.0,21.0,ii,ii,,,False,7.0,Saginaw Valley
401438228,2022,8,Post University,St. Anselm,20.0,24.0,ii,ii,,,True,4.0,St. Anselm
401431495,2022,8,Indianapolis,Quincy,52.0,38.0,ii,ii,,,False,-14.0,Indianapolis
401433113,2022,8,Wingate,Barton College,28.0,3.0,ii,ii,,,False,-25.0,Wingate
401415243,2022,8,New Mexico,Fresno State,9.0,41.0,fbs,fbs,1148.0,1466.0,False,32.0,Fresno State
401415241,2022,8,Air Force,Boise State,14.0,19.0,fbs,fbs,1763.0,1619.0,False,5.0,Boise State
401431892,2022,8,Angelo State,Texas A&M-Kingsville,34.0,7.0,ii,ii,,,False,-27.0,Angelo State
401432426,2022,8,Northern State,Concordia-St. Paul,49.0,20.0,ii,ii,,,False,-29.0,Northern State
401403922,2022,8,Alabama,Mississippi State,30.0,6.0,fbs,fbs,2174.0,1701.0,False,-24.0,Alabama
401431898,2022,8,University of Texas of the Permian Basin,Midwestern State,23.0,24.0,ii,ii,,,False,1.0,Midwestern State
401432787,2022,8,Thiel College,Waynesburg,8.0,34.0,iii,iii,,,False,26.0,Waynesburg
401432820,2022,8,Sewanee Univ. of the South,Birmingham-Southern,3.0,47.0,iii,iii,,,False,44.0,Birmingham-Southern
401432755,2022,8,Carnegie Mellon,Geneva College,41.0,0.0,iii,iii,,,False,-41.0,Carnegie Mellon
401432569,2022,8,Eureka College,Wisconsin Lutheran,35.0,51.0,iii,iii,,,False,16.0,Wisconsin Lutheran
401415642,2022,8,East Carolina,UCF,34.0,13.0,fbs,fbs,1505.0,1767.0,False,-21.0,East Carolina
401405120,2022,8,Penn State,Minnesota,45.0,17.0,fbs,fbs,1766.0,1755.0,False,-28.0,Penn State
401403925,2022,8,South Carolina,Texas A&M,30.0,24.0,fbs,fbs,1570.0,1669.0,False,-6.0,South Carolina
401431597,2022,8,West Texas A&M,Central Washington,35.0,16.0,ii,ii,,,False,-19.0,West Texas A&M
401404097,2022,8,TCU,Kansas State,38.0,28.0,fbs,fbs,1650.0,1686.0,False,-10.0,TCU
401411143,2022,8,Louisville,Pittsburgh,24.0,10.0,fbs,fbs,1592.0,1656.0,False,-14.0,Louisville
401413230,2022,8,Cal Poly,Eastern Washington,10.0,17.0,fcs,fcs,,,False,7.0,Eastern Washington
401473814,2022,8,Tarleton State,Southwest Baptist,24.0,10.0,fcs,ii,,,False,-14.0,Tarleton State
401404020,2022,8,Oregon State,Colorado,42.0,9.0,fbs,fbs,1586.0,1179.0,False,-33.0,Oregon State
401431606,2022,8,Simon Fraser,Western New Mexico,21.0,38.0,ii,ii,,,True,17.0,Western New Mexico
401433066,2022,8,Adams State,Colorado Mesa,45.0,31.0,ii,ii,,,False,-14.0,Adams State
401420871,2022,8,Utah Tech,Sam Houston State,13.0,18.0,fcs,fcs,,,False,5.0,Sam Houston State
401415244,2022,8,Wyoming,Utah State,28.0,14.0,fbs,fbs,1380.0,1439.0,False,-14.0,Wyoming
401439551,2022,8,Cal Lutheran,Pomona-Pitzer,24.0,28.0,iii,iii,,,False,4.0,Pomona-Pitzer
401432834,2022,8,Redlands,La Verne,36.0,19.0,iii,iii,,,False,-17.0,Redlands
401404019,2022,8,California,Washington,21.0,28.0,fbs,fbs,1471.0,1598.0,False,7.0,Washington
401415245,2022,8,Nevada,San Diego State,7.0,23.0,fbs,fbs,1381.0,1385.0,False,16.0,San Diego State
401413337,2022,8,Sacramento State,Montana,31.0,24.0,fcs,fcs,,,False,-7.0,Sacramento State
401432361,2022,9,Miles,Edward Waters,16.0,22.0,ii,ii,,,False,6.0,Edward Waters
401444112,2022,9,Ouachita Baptist,East Central,28.0,18.0,ii,ii,,,False,-10.0,Ouachita Baptist
401426359,2022,9,Southern Mississippi,Louisiana,39.0,24.0,fbs,fbs,1264.0,1652.0,False,-15.0,Southern Mississippi
401411146,2022,9,NC State,Virginia Tech,22.0,21.0,fbs,fbs,1609.0,1323.0,False,-1.0,NC State
401404026,2022,9,Washington State,Utah,17.0,21.0,fbs,fbs,1606.0,1853.0,False,4.0,Utah
401415202,2022,9,Columbia,Yale,16.0,41.0,fcs,fcs,,,False,25.0,Yale
401438662,2022,9,Illinois College,Cornell College (IA),28.0,14.0,iii,iii,,,False,-14.0,Illinois College
401415645,2022,9,BYU,East Carolina,24.0,27.0,fbs,fbs,1512.0,1585.0,False,3.0,East Carolina
401426594,2022,9,Florida International,Louisiana Tech,42.0,34.0,fbs,fbs,982.0,1180.0,False,-8.0,Florida International
401444117,2022,9,American International,Southern Connecticut State,22.0,23.0,ii,ii,,,False,1.0,Southern Connecticut State
401423141,2022,9,Butler,Morehead State,56.0,20.0,fcs,fcs,,,False,-36.0,Butler
401438671,2022,9,Worcester Polytechnic,Norwich,20.0,15.0,iii,iii,,,False,-5.0,Worcester Polytechnic
401441956,2022,9,Plymouth State,Westfield State,31.0,22.0,iii,iii,,,False,-9.0,Plymouth State
401432984,2022,9,Shepherd,Bloomsburg,55.0,10.0,ii,ii,,,False,-45.0,Shepherd
401441939,2022,9,Brockport State (NY),Buffalo State,54.0,2.0,iii,iii,,,False,-52.0,Brockport State (NY)
401438639,2022,9,FDU-Florham,Albright,10.0,2.0,iii,iii,,,False,-8.0,FDU-Florham
401432132,2022,9,Fairmont State,Notre Dame College,6.0,30.0,ii,ii,,,False,24.0,Notre Dame College
401415643,2022,9,Houston,South Florida,42.0,27.0,fbs,fbs,1554.0,1180.0,False,-15.0,Houston
401437206,2022,9,Castleton State College,Alfred State College,37.0,13.0,iii,iii,,,False,-24.0,Castleton State College
401432995,2022,9,Mercyhurst,California (PA),20.0,44.0,ii,ii,,,False,24.0,California (PA)
401433003,2022,9,Clarion,Slippery Rock,0.0,31.0,ii,ii,,,False,31.0,Slippery Rock
401433012,2022,9,Gannon,Indiana (PA),43.0,36.0,ii,ii,,,False,-7.0,Gannon
401433027,2022,9,West Chester,Lock Haven,58.0,10.0,ii,ii,,,False,-48.0,West Chester
401433041,2022,9,Edinboro,Seton Hill College,14.0,45.0,ii,ii,,,False,31.0,Seton Hill College
401438605,2022,9,UVA-Wise,Mars Hill,16.0,20.0,ii,ii,,,False,4.0,Mars Hill
401431056,2022,9,Husson,Western New England,27.0,17.0,iii,iii,,,False,-10.0,Husson
401432389,2022,9,Pace,St. Anselm,17.0,14.0,ii,ii,,,False,-3.0,Pace
401416631,2022,9,Akron,Miami (OH),9.0,27.0,fbs,fbs,974.0,1411.0,False,18.0,Miami (OH)
401435096,2022,9,Rochester,St Lawrence,31.0,35.0,iii,iii,,,False,4.0,St Lawrence
401435090,2022,9,Morrisville State,Utica,17.0,20.0,iii,iii,,,False,3.0,Utica
401432549,2022,9,Gallaudet,Anna Maria College,27.0,13.0,iii,iii,,,False,-14.0,Gallaudet
401456157,2022,9,Alvernia University,King's College (PA),14.0,41.0,iii,iii,,,False,27.0,King's College (PA)
401431176,2022,9,UMass Dartmouth,Bridgewater State,48.0,7.0,iii,iii,,,False,-41.0,UMass Dartmouth
401431157,2022,9,Wilkes,Lycoming,24.0,7.0,iii,iii,,,False,-17.0,Wilkes
401432242,2022,9,Duquesne,Long Island University,48.0,50.0,fcs,fcs,,,False,2.0,Long Island University
401431406,2022,9,Marist,Presbyterian College,37.0,7.0,fcs,fcs,,,False,-30.0,Marist
401431184,2022,9,Albion,Adrian,37.0,9.0,iii,iii,,,False,-28.0,Albion
401439537,2022,9,Misericordia,Stevenson,7.0,44.0,iii,iii,,,False,37.0,Stevenson
401423421,2022,9,Sacred Heart,St Francis (PA),14.0,44.0,fcs,fcs,,,False,30.0,St Francis (PA)
401433019,2022,9,Millersville,Kutztown,13.0,20.0,ii,ii,,,False,7.0,Kutztown
401432117,2022,9,Concord,Wheeling Jesuit,62.0,31.0,ii,ii,,,False,-31.0,Concord
401423436,2022,9,Central Connecticut,Wagner,34.0,7.0,fcs,fcs,,,False,-27.0,Central Connecticut
401404154,2022,9,Connecticut,Boston College,13.0,3.0,fbs,fbs,1077.0,1292.0,False,-10.0,Connecticut
401404129,2022,9,Syracuse,Notre Dame,24.0,41.0,fbs,fbs,1585.0,1773.0,False,17.0,Notre Dame
401411147,2022,9,Florida State,Georgia Tech,41.0,16.0,fbs,fbs,1573.0,1276.0,False,-25.0,Florida State
401405126,2022,9,Penn State,Ohio State,31.0,44.0,fbs,fbs,1838.0,2233.0,False,13.0,Ohio State
401431986,2022,9,Findlay,Lake Erie College,42.0,17.0,ii,ii,,,False,-25.0,Findlay
401431819,2022,9,Northern Michigan,Ferris State,20.0,56.0,ii,ii,,,False,36.0,Ferris State
401431589,2022,9,Walsh,Kentucky Wesleyan,35.0,10.0,ii,ii,,,False,-25.0,Walsh
401403927,2022,9,Auburn,Arkansas,27.0,41.0,fbs,fbs,1520.0,1647.0,False,14.0,Arkansas
401416630,2022,9,Eastern Michigan,Toledo,24.0,27.0,fbs,fbs,1300.0,1564.0,False,3.0,Toledo
401404103,2022,9,West Virginia,TCU,31.0,41.0,fbs,fbs,1377.0,1670.0,False,10.0,TCU
401432807,2022,9,Centre,Trinity (TX),21.0,41.0,iii,iii,,,False,20.0,Trinity (TX)
401431167,2022,9,Framingham State,Mass Maritime,34.0,10.0,iii,iii,,,False,-24.0,Framingham State
401420784,2022,9,Morgan State,South Carolina State,41.0,14.0,fcs,fcs,,,False,-27.0,Morgan State
401404100,2022,9,Iowa State,Oklahoma,13.0,27.0,fbs,fbs,1777.0,1584.0,False,14.0,Oklahoma
401415192,2022,9,Brown,Pennsylvania,34.0,31.0,fcs,fcs,,,False,-3.0,Brown
401411150,2022,9,Virginia,Miami,12.0,14.0,fbs,fbs,1388.0,1443.0,False,2.0,Miami
401422992,2022,9,Lafayette,Georgetown,20.0,30.0,fcs,fcs,,,False,10.0,Georgetown
401432788,2022,9,Waynesburg,Westminster PA,10.0,30.0,iii,iii,,,False,20.0,Westminster PA
401432756,2022,9,Carnegie Mellon,St. Vincent,30.0,12.0,iii,iii,,,False,-18.0,Carnegie Mellon
401450143,2022,9,Gettysburg,Ursinus,16.0,51.0,iii,iii,,,False,35.0,Ursinus
401431064,2022,9,University of New England,Salve Regina,30.0,12.0,iii,iii,,,False,-18.0,University of New England
401415409,2022,9,Princeton,Cornell,35.0,9.0,fcs,fcs,,,False,-26.0,Princeton
401432366,2022,9,Kentucky State,Tuskegee,7.0,28.0,ii,ii,,,False,21.0,Tuskegee
401432732,2022,9,Averett,Shenandoah,0.0,45.0,iii,iii,,,False,45.0,Shenandoah
401450199,2022,9,William Paterson,College of New Jersey,2.0,33.0,iii,iii,,,False,31.0,College of New Jersey
401432706,2022,9,Emory & Henry,Carson-Newman,7.0,21.0,ii,ii,,,False,14.0,Carson-Newman
401431114,2022,9,Alfred,SUNY Cortland,8.0,31.0,iii,iii,,,False,23.0,SUNY Cortland
401431036,2022,9,Susquehanna,Johns Hopkins,26.0,24.0,iii,iii,,,False,-2.0,Susquehanna
401437190,2022,9,Assumption,New Haven,14.0,13.0,ii,ii,,,False,-1.0,Assumption
401432747,2022,9,Allegheny,Case Western Reserve,7.0,54.0,iii,iii,,,False,47.0,Case Western Reserve
401456160,2022,9,Tufts,Hamilton,49.0,13.0,iii,iii,,,False,-36.0,Tufts
401438227,2022,9,Post University,Franklin Pierce,19.0,42.0,ii,ii,,,True,23.0,Franklin Pierce
401435128,2022,9,Trinity (CT),Bowdoin,38.0,3.0,iii,iii,,,False,-35.0,Trinity (CT)
401431048,2022,9,Curry,Endicott College,7.0,48.0,iii,iii,,,False,41.0,Endicott College
401438631,2022,9,MIT,Coast Guard,24.0,31.0,iii,iii,,,False,7.0,Coast Guard
401435077,2022,9,Stonehill,Merrimack,10.0,17.0,fcs,fcs,,,False,7.0,Merrimack
401424441,2022,9,Villanova,Hampton,24.0,10.0,fcs,fcs,,,False,-14.0,Villanova
401432784,2022,9,Thiel College,Washington & Jefferson,0.0,55.0,iii,iii,,,False,55.0,Washington & Jefferson
401424442,2022,9,Maine,Richmond,21.0,31.0,fcs,fcs,,,False,10.0,Richmond
401435146,2022,9,Merchant Marine,Springfield,13.0,27.0,iii,iii,,,False,14.0,Springfield
401438184,2022,9,Glenville State,West Virginia State,31.0,30.0,ii,ii,,,False,-1.0,Glenville State
401418649,2022,9,Kennesaw State,Charleston Southern,30.0,20.0,fcs,fcs,,,False,-10.0,Kennesaw State
401421108,2022,9,Dayton,Valparaiso,31.0,24.0,fcs,fcs,,,False,-7.0,Dayton
401423156,2022,9,Stetson,Drake,17.0,24.0,fcs,fcs,,,False,7.0,Drake
401424390,2022,9,William & Mary,Rhode Island,31.0,30.0,fcs,fcs,,,False,-1.0,William & Mary
401424440,2022,9,Albany,Stony Brook,59.0,14.0,fcs,fcs,,,False,-45.0,Albany
401424409,2022,9,Monmouth,Towson,48.0,52.0,fcs,fcs,,,False,4.0,Towson
401432723,2022,9,Hampden-Sydney,Guilford,28.0,21.0,iii,iii,,,False,-7.0,Hampden-Sydney
401430725,2022,9,St. Augustine's,Livingstone,7.0,12.0,ii,ii,,,False,5.0,Livingstone
401432634,2022,9,Montclair State,Christopher Newport,13.0,14.0,iii,iii,,,False,1.0,Christopher Newport
401432586,2022,9,Kenyon,DePauw,35.0,58.0,iii,iii,,,False,23.0,DePauw
401432578,2022,9,Wabash College,Hiram,59.0,23.0,iii,iii,,,False,-36.0,Wabash College
401431539,2022,9,Michigan Tech,Grand Valley State,7.0,42.0,ii,ii,,,False,35.0,Grand Valley State
401431564,2022,9,Saginaw Valley,Davenport,28.0,29.0,ii,ii,,,False,1.0,Davenport
401432557,2022,9,Ithaca,Rensselaer,13.0,10.0,iii,iii,,,False,-3.0,Ithaca
401441260,2022,9,Amherst College,Wesleyan,7.0,13.0,iii,iii,,,False,6.0,Wesleyan
401431204,2022,9,Hope,Kalamazoo,66.0,20.0,iii,iii,,,False,-46.0,Hope
401432971,2022,9,Wayne State (NE),Upper Iowa,56.0,14.0,ii,ii,,,False,-42.0,Wayne State (NE)
401425415,2022,9,Holy Cross,Fordham,53.0,52.0,fcs,fcs,,,False,-1.0,Holy Cross
401438690,2022,9,Salisbury,Rowan,28.0,23.0,iii,iii,,,False,-5.0,Salisbury
401438647,2022,9,Lebanon Valley,Widener,20.0,26.0,iii,iii,,,False,6.0,Widener
401437212,2022,9,Hobart,Union,23.0,21.0,iii,iii,,,False,-2.0,Hobart
401437003,2022,9,Muhlenberg,Franklin & Marshall,28.0,21.0,iii,iii,,,False,-7.0,Muhlenberg
401445805,2022,9,Williams,Bates College,41.0,28.0,iii,iii,,,False,-13.0,Williams
401432867,2022,9,Finlandia University,Westminster,12.0,16.0,iii,iii,,,True,4.0,Westminster
401445809,2022,9,Middlebury,Colby,20.0,17.0,iii,iii,,,False,-3.0,Middlebury
401446235,2022,9,Dickinson,Juniata,45.0,7.0,iii,iii,,,False,-38.0,Dickinson
401422983,2022,9,Bucknell,Colgate,7.0,13.0,fcs,fcs,,,False,6.0,Colgate
401429858,2022,9,Elizabeth City State,Bowie State,29.0,36.0,ii,ii,,,False,7.0,Bowie State
401430692,2022,9,Lincoln (PA),Virginia State,21.0,42.0,ii,ii,,,False,21.0,Virginia State
401430707,2022,9,Virginia Union,Chowan,21.0,26.0,ii,ii,,,False,5.0,Chowan
401430993,2022,9,Belhaven College,LaGrange College,70.0,16.0,iii,iii,,,False,-54.0,Belhaven College
401430720,2022,9,Winston-Salem,Johnson C Smith,28.0,7.0,ii,ii,,,False,-21.0,Winston-Salem
401421099,2022,9,St. Thomas (MN),San Diego,49.0,42.0,fcs,fcs,,,False,-7.0,St. Thomas (MN)
401428193,2022,9,North Carolina A&T,Campbell,45.0,38.0,fcs,fcs,,,False,-7.0,North Carolina A&T
401439561,2022,9,Southern Virginia,Methodist,23.0,36.0,iii,iii,,,False,13.0,Methodist
401432535,2022,9,Moravian,McDaniel College,14.0,3.0,iii,iii,,,False,-11.0,Moravian
401433121,2022,9,Lenoir-Rhyne,Wingate,21.0,24.0,ii,ii,,,False,3.0,Wingate
401433051,2022,9,Shippensburg,East Stroudsburg,16.0,23.0,ii,ii,,,False,7.0,East Stroudsburg
401432427,2022,9,Concordia-St. Paul,University of Mary,13.0,23.0,ii,ii,,,False,10.0,University of Mary
401432409,2022,9,Minnesota-Duluth,Minot State,51.0,7.0,ii,ii,,,False,-44.0,Minnesota-Duluth
401432097,2022,9,Frostburg State,Alderson-Broaddus,58.0,7.0,ii,ii,,,False,-51.0,Frostburg State
401431576,2022,9,Hillsdale,Ashland,36.0,20.0,ii,ii,,,False,-16.0,Hillsdale
401431201,2022,9,Olivet College,Alma College,35.0,49.0,iii,iii,,,False,14.0,Alma College
401413209,2022,9,Wofford,East Tennessee State,48.0,41.0,fcs,fcs,,,False,-7.0,Wofford
401428220,2022,9,Gardner-Webb,Bryant,48.0,40.0,fcs,fcs,,,False,-8.0,Gardner-Webb
401422926,2022,9,VMI,Mercer,14.0,55.0,fcs,fcs,,,False,41.0,Mercer
401418600,2022,9,Dartmouth,Harvard,13.0,28.0,fcs,fcs,,,False,15.0,Harvard
401431873,2022,9,Tusculum,Erskine,49.0,14.0,ii,ii,,,False,-35.0,Tusculum
401431124,2022,9,Manchester,Franklin,6.0,24.0,iii,iii,,,False,18.0,Franklin
401431134,2022,9,Anderson (IN),Hanover,3.0,62.0,iii,iii,,,False,59.0,Hanover
401431141,2022,9,Mount St. Joseph,Bluffton,70.0,21.0,iii,iii,,,False,-49.0,Mount St. Joseph
401431149,2022,9,Rose-Hulman,Defiance,76.0,35.0,iii,iii,,,False,-41.0,Rose-Hulman
401435116,2022,9,Wooster,Wittenberg,44.0,43.0,iii,iii,,,False,-1.0,Wooster
401432668,2022,9,Capital,Baldwin-Wallace,7.0,48.0,iii,iii,,,False,41.0,Baldwin-Wallace
401432677,2022,9,Muskingum,John Carroll,14.0,49.0,iii,iii,,,False,35.0,John Carroll
401432691,2022,9,Marietta,Ohio Northern,27.0,10.0,iii,iii,,,False,-17.0,Marietta
401438676,2022,9,Wilmington (OH),Heidelberg,7.0,57.0,iii,iii,,,False,50.0,Heidelberg
401431522,2022,9,Quincy,Truman State,32.0,59.0,ii,ii,,,False,27.0,Truman State
401431506,2022,9,McKendree,Southwest Baptist,31.0,49.0,ii,ii,,,False,18.0,Southwest Baptist
401432860,2022,9,St. Scholastica,St. Johns (MN),6.0,56.0,iii,iii,,,False,50.0,St. Johns (MN)
401432815,2022,9,Birmingham-Southern,Hendrix College,30.0,7.0,iii,iii,,,False,-23.0,Birmingham-Southern
401426593,2022,9,Rice,Charlotte,23.0,56.0,fbs,fbs,1225.0,1049.0,False,33.0,Charlotte
401431291,2022,9,Chicago,Grinnell,58.0,0.0,iii,iii,,,False,-58.0,Chicago
401431300,2022,9,Lake Forest,Monmouth (IL),31.0,14.0,iii,iii,,,False,-17.0,Lake Forest
401432800,2022,9,Berry College,Millsaps,56.0,0.0,iii,iii,,,False,-56.0,Berry College
401433078,2022,9,Black Hills State,Fort Lewis,75.0,0.0,ii,ii,,,False,-75.0,Black Hills State
401432715,2022,9,Ferrum,Bridgewater (VA),28.0,52.0,iii,iii,,,False,24.0,Bridgewater (VA)
401432738,2022,9,Washington & Lee,Randolph-Macon,21.0,35.0,iii,iii,,,False,14.0,Randolph-Macon
401432687,2022,9,Otterbein,Mount Union,0.0,59.0,iii,iii,,,False,59.0,Mount Union
401435199,2022,9,Huntingdon,Greensboro,42.0,0.0,iii,iii,,,False,-42.0,Huntingdon
401435212,2022,9,UW-Whitewater,UW-River Falls,30.0,27.0,iii,iii,,,False,-3.0,UW-Whitewater
401439522,2022,9,St. John Fisher,Hartwick,44.0,26.0,iii,iii,,,False,-18.0,St. John Fisher
401431091,2022,9,North Central,North Park,59.0,0.0,iii,iii,,,False,-59.0,North Central
401431105,2022,9,Wheaton College (Ill),Millikin,69.0,3.0,iii,iii,,,False,-66.0,Wheaton College (Ill)
401431020,2022,9,Austin College,Southwestern University,29.0,40.0,iii,iii,,,False,11.0,Southwestern University
401431074,2022,9,Carroll (WI),Carthage,59.0,14.0,iii,iii,,,False,-45.0,Carroll (WI)
401431253,2022,9,Bethel (MN),St. Olaf College,38.0,17.0,iii,iii,,,False,-21.0,Bethel (MN)
401431308,2022,9,Rockford,St. Norbert,14.0,52.0,iii,iii,,,False,38.0,St. Norbert
401435214,2022,9,Wisconsin-Eau Claire,Wisconsin-Stevens Point,48.0,26.0,iii,iii,,,False,-22.0,Wisconsin-Eau Claire
401420793,2022,9,Norfolk State,Howard,21.0,49.0,fcs,fcs,,,False,28.0,Howard
401432107,2022,9,WV Wesleyan,Charleston (WV),0.0,44.0,ii,ii,,,False,44.0,Charleston (WV)
401431083,2022,9,Elmhurst,Washington (MO),6.0,49.0,iii,iii,,,False,43.0,Washington (MO)
401431315,2022,9,Benedictine (IL),Aurora,13.0,20.0,iii,iii,,,False,7.0,Aurora
401431913,2022,9,Western New Mexico,West Texas A&M,41.0,37.0,ii,ii,,,False,-4.0,Western New Mexico
401431324,2022,9,Wisconsin Lutheran,Concordia (IL),30.0,7.0,iii,iii,,,False,-23.0,Wisconsin Lutheran
401431027,2022,9,Texas Lutheran,East Texas Baptist,35.0,38.0,iii,iii,,,False,3.0,East Texas Baptist
401431012,2022,9,Sul Ross State,McMurry,33.0,27.0,iii,iii,,,False,-6.0,Sul Ross State
401431003,2022,9,Hardin-Simmons,Howard Payne,28.0,19.0,iii,iii,,,False,-9.0,Hardin-Simmons
401435101,2022,9,Gustavus Adolphus,Carleton,28.0,9.0,iii,iii,,,False,-19.0,Gustavus Adolphus
401460110,2022,9,SUNY Maritime,Dean College,30.0,19.0,iii,iii,,,False,-11.0,SUNY Maritime
401432893,2022,9,UW-Oshkosh,Wisconsin-La Crosse,35.0,38.0,iii,iii,,,False,3.0,Wisconsin-La Crosse
401432901,2022,9,UW-Stout,Wisconsin-Platteville,24.0,22.0,iii,iii,,,False,-2.0,UW-Stout
401433114,2022,9,Barton College,Catawba,38.0,21.0,ii,ii,,,False,-17.0,Barton College
401430980,2022,9,Simpson College,Nebraska Wesleyan University,74.0,41.0,iii,iii,,,False,-33.0,Simpson College
401430972,2022,9,Luther,Loras College,21.0,40.0,iii,iii,,,False,19.0,Loras College
401430929,2022,9,Buena Vista,Wartburg,0.0,65.0,iii,iii,,,False,65.0,Wartburg
401432878,2022,9,Maryville TN,Brevard College,21.0,24.0,iii,iii,,,False,3.0,Brevard College
401432400,2022,9,Southwest Minnesota State,Bemidji State,15.0,34.0,ii,ii,,,False,19.0,Bemidji State
401432346,2022,9,Benedict College,Clark Atlanta,49.0,20.0,ii,ii,,,False,-29.0,Benedict College
401431950,2022,9,Missouri Western,Missouri Southern State,31.0,27.0,ii,ii,,,False,-4.0,Missouri Western
401431923,2022,9,Central Missouri State,Lincoln (MO),61.0,14.0,ii,ii,,,False,-47.0,Central Missouri State
401420826,2022,9,Youngstown State,South Dakota,45.0,24.0,fcs,fcs,,,False,-21.0,Youngstown State
401420803,2022,9,Delaware State,North Carolina Central,21.0,28.0,fcs,fcs,,,False,7.0,North Carolina Central
401418641,2022,9,Southeast Missouri State,Eastern Kentucky,23.0,28.0,fcs,fcs,,,False,5.0,Eastern Kentucky
401421143,2022,9,The Citadel,Samford,3.0,38.0,fcs,fcs,,,False,35.0,Samford
401432418,2022,9,Northern State,Minnesota St-Moorhead,35.0,7.0,ii,ii,,,False,-28.0,Northern State
401445797,2022,9,Western Connecticut State,Worcester State College,38.0,35.0,iii,iii,,,False,-3.0,Western Connecticut State
401431223,2022,9,Augsburg,Concordia (MN),38.0,35.0,iii,iii,,,False,-3.0,Augsburg
401441636,2022,9,Augustana (IL),Illinois Wesleyan,24.0,21.0,iii,iii,,,False,-3.0,Augustana (IL)
401430957,2022,9,Coe,Central,37.0,31.0,iii,iii,,,False,-6.0,Coe
401433067,2022,9,South Dakota Mines,Adams State,23.0,20.0,ii,ii,,,False,-3.0,South Dakota Mines
401432329,2022,9,Albany State (GA),Morehouse,31.0,7.0,ii,ii,,,False,-24.0,Albany State (GA)
401433084,2022,9,Chadron State,New Mexico Highlands,17.0,3.0,ii,ii,,,False,-14.0,Chadron State
401423950,2022,9,Jackson State,Southern,35.0,0.0,fcs,fcs,,,False,-35.0,Jackson State
401432954,2022,9,Winona State,Augustana (SD),24.0,7.0,ii,ii,,,False,-17.0,Winona State
401432958,2022,9,Sioux Falls,Minnesota State,24.0,38.0,ii,ii,,,False,14.0,Minnesota State
401431245,2022,9,Hamline,Macalester,20.0,33.0,iii,iii,,,False,13.0,Macalester
401432139,2022,9,UNC Pembroke,West Liberty,24.0,3.0,ii,ii,,,False,-21.0,UNC Pembroke
401421133,2022,9,Furman,Chattanooga,24.0,20.0,fcs,fcs,,,False,-4.0,Furman
401433395,2022,9,Lindenwood,William Jewell College,64.0,23.0,fcs,ii,,,False,-41.0,Lindenwood
401431271,2022,9,Lawrence,Knox College,0.0,35.0,iii,iii,,,False,35.0,Knox College
401438658,2022,9,Lakeland University,Eureka College,26.0,17.0,iii,iii,,,False,-9.0,Lakeland University
401431262,2022,9,Ripon,Beloit College,55.0,14.0,iii,iii,,,False,-41.0,Ripon
401405123,2022,9,Minnesota,Rutgers,31.0,0.0,fbs,fbs,1683.0,1347.0,False,-31.0,Minnesota
401418798,2022,9,Houston Christian,UT Martin,28.0,52.0,fcs,fcs,,,False,24.0,UT Martin
401424932,2022,9,Grambling,Alcorn State,35.0,6.0,fcs,fcs,,,False,-29.0,Grambling
401431462,2022,9,Southern Nazarene,Henderson State,41.0,42.0,ii,ii,,,False,1.0,Henderson State
401430746,2022,9,Arkansas-Monticello,Southeastern Oklahoma,20.0,48.0,ii,ii,,,False,28.0,Southeastern Oklahoma
401430736,2022,9,Arkansas Tech,Southwestern Oklahoma,22.0,21.0,ii,ii,,,False,-1.0,Arkansas Tech
401426361,2022,9,Georgia State,Old Dominion,31.0,17.0,fbs,fbs,1429.0,1456.0,False,-14.0,Georgia State
401420861,2022,9,Stephen F. Austin,Utah Tech,44.0,47.0,fcs,fcs,,,False,3.0,Utah Tech
401432356,2022,9,Lane,Central State,42.0,31.0,ii,ii,,,False,-11.0,Lane
401431965,2022,9,Northeastern State,Washburn,17.0,21.0,ii,ii,,,False,4.0,Washburn
401431838,2022,9,North Greenville,Valdosta State,37.0,58.0,ii,ii,,,False,21.0,Valdosta State
401426257,2022,9,Eastern Illinois,Tennessee Tech,17.0,20.0,fcs,fcs,,,False,3.0,Tennessee Tech
401425520,2022,9,Southern Illinois,Northern Iowa,36.0,37.0,fcs,fcs,,,False,1.0,Northern Iowa
401425425,2022,9,Murray State,Tennessee State,19.0,3.0,fcs,fcs,,,False,-16.0,Murray State
401424941,2022,9,Prairie View,Bethune-Cookman,58.0,48.0,fcs,fcs,,,False,-10.0,Prairie View
401413338,2022,9,Weber State,Montana,24.0,21.0,fcs,fcs,,,False,-3.0,Weber State
401433092,2022,9,Colorado Mesa,Colorado State-Pueblo,28.0,33.0,ii,ii,,,False,5.0,Colorado State-Pueblo
401431973,2022,9,Central Oklahoma,Pittsburg State,7.0,38.0,ii,ii,,,False,31.0,Pittsburg State
401431470,2022,9,Oklahoma Baptist,Southern Arkansas,20.0,52.0,ii,ii,,,False,32.0,Southern Arkansas
401420851,2022,9,Texas A&M-Commerce,Incarnate Word,7.0,35.0,fcs,fcs,,,False,28.0,Incarnate Word
401432821,2022,9,Rhodes,Sewanee Univ. of the South,33.0,6.0,iii,iii,,,False,-27.0,Rhodes
401420812,2022,9,Missouri State,Western Illinois,64.0,14.0,fcs,fcs,,,False,-50.0,Missouri State
401418841,2022,9,South Dakota State,Indiana State,49.0,7.0,fcs,fcs,,,False,-42.0,South Dakota State
401423922,2022,9,Texas Southern,Lincoln University (CA),37.0,2.0,fcs,,,,True,-35.0,Texas Southern
401431957,2022,9,Nebraska-Kearney,Northwest Missouri State,24.0,28.0,ii,ii,,,False,4.0,Northwest Missouri State
401431933,2022,9,Emporia State,Fort Hays State,42.0,14.0,ii,ii,,,False,-28.0,Emporia State
401433096,2022,9,Western State,Colorado Mines,20.0,30.0,ii,ii,,,False,10.0,Colorado Mines
401426597,2022,9,Western Kentucky,North Texas,13.0,40.0,fbs,fbs,1782.0,1361.0,False,27.0,North Texas
401403928,2022,9,Georgia,Florida,42.0,20.0,fbs,fbs,2154.0,1553.0,True,-22.0,Georgia
401426360,2022,9,Appalachian State,Robert Morris,42.0,3.0,fbs,fcs,1647.0,,False,-39.0,Appalachian State
401415644,2022,9,UCF,Cincinnati,25.0,21.0,fbs,fbs,1687.0,1776.0,False,-4.0,UCF
401415646,2022,9,Navy,Temple,27.0,20.0,fbs,fbs,1430.0,1007.0,False,-7.0,Navy
401404024,2022,9,California,Oregon,24.0,42.0,fbs,fbs,1467.0,1674.0,False,18.0,Oregon
401411148,2022,9,Louisville,Wake Forest,48.0,21.0,fbs,fbs,1626.0,1776.0,False,-27.0,Louisville
401409242,2022,9,UMass,New Mexico State,13.0,23.0,fbs,fbs,896.0,1075.0,False,10.0,New Mexico State
401423444,2022,9,Alabama State,Alabama A&M,24.0,17.0,fcs,fcs,,,True,-7.0,Alabama State
401415647,2022,9,Tulsa,SMU,34.0,45.0,fbs,fbs,1389.0,1584.0,False,11.0,SMU
401404102,2022,9,Kansas State,Oklahoma State,48.0,0.0,fbs,fbs,1666.0,1832.0,False,-48.0,Kansas State
401424399,2022,9,Elon,Delaware,27.0,7.0,fcs,fcs,,,False,-20.0,Elon
401405122,2022,9,Iowa,Northwestern,33.0,13.0,fbs,fbs,1632.0,1316.0,False,-20.0,Iowa
401418834,2022,9,North Dakota State,Illinois State,24.0,7.0,fcs,fcs,,,False,-17.0,North Dakota State
401405124,2022,9,Nebraska,Illinois,9.0,26.0,fbs,fbs,1528.0,1736.0,False,17.0,Illinois
401432660,2022,9,Whitworth,Puget Sound,59.0,0.0,iii,iii,,,False,-59.0,Whitworth
401435178,2022,9,Pacific Lutheran,Willamette,53.0,0.0,iii,iii,,,False,-53.0,Pacific Lutheran
401420867,2022,9,Lamar,Nicholls,24.0,17.0,fcs,fcs,,,False,-7.0,Lamar
401432842,2022,9,Crown College,Greenville,6.0,48.0,iii,iii,,,False,42.0,Greenville
401413240,2022,9,Eastern Washington,Portland State,35.0,38.0,fcs,fcs,,,False,3.0,Portland State
401403929,2022,9,South Carolina,Missouri,10.0,23.0,fbs,fbs,1582.0,1439.0,False,13.0,Missouri
401435173,2022,9,Lewis & Clark,Pacific (OR),41.0,56.0,iii,iii,,,False,15.0,Pacific (OR)
401432835,2022,9,Redlands,Pomona-Pitzer,27.0,24.0,iii,iii,,,False,-3.0,Redlands
401431558,2022,9,Tiffin,Northwood (MI),48.0,3.0,ii,ii,,,False,-45.0,Tiffin
401431909,2022,9,Eastern New Mexico,University of Texas of the Permian Basin,21.0,24.0,ii,ii,,,False,3.0,University of Texas of the Permian Basin
401433129,2022,9,Newberry,Limestone,37.0,42.0,ii,ii,,,False,5.0,Limestone
401426363,2022,9,Arkansas State,South Alabama,3.0,31.0,fbs,fbs,1231.0,1451.0,False,28.0,South Alabama
401430677,2022,9,Fayetteville State,Shaw,28.0,20.0,ii,ii,,,False,-8.0,Fayetteville State
401432828,2022,9,Whittier,Claremont,0.0,43.0,iii,iii,,,False,43.0,Claremont
401413221,2022,9,Austin Peay,Jacksonville State,16.0,40.0,fcs,fcs,,,False,24.0,Jacksonville State
401418789,2022,9,North Dakota,Abilene Christian,34.0,31.0,fcs,fcs,,,False,-3.0,North Dakota
401424944,2022,9,Florida A&M,Arkansas-Pine Bluff,27.0,6.0,fcs,fcs,,,False,-21.0,Florida A&M
401431455,2022,9,Harding,Northwestern Oklahoma State,28.0,7.0,ii,ii,,,False,-21.0,Harding
401432643,2022,9,George Fox University,Linfield,10.0,37.0,iii,iii,,,False,27.0,Linfield
401431858,2022,9,West Florida,West Alabama,36.0,24.0,ii,ii,,,True,-12.0,West Florida
401418780,2022,9,Central Arkansas,North Alabama,64.0,29.0,fcs,fcs,,,False,-35.0,Central Arkansas
401432854,2022,9,Northwestern (MN),Minnesota-Morris,31.0,24.0,iii,iii,,,False,-7.0,Northwestern (MN)
401431848,2022,9,West Georgia,Shorter,49.0,14.0,ii,ii,,,False,-35.0,West Georgia
401431496,2022,9,Indianapolis,Missouri S&T,42.0,16.0,ii,ii,,,False,-26.0,Indianapolis
401441336,2022,9,Savannah State,Fort Valley State,28.0,24.0,ii,ii,,,True,-4.0,Savannah State
401413231,2022,9,UC Davis,Cal Poly,59.0,17.0,fcs,fcs,,,False,-42.0,UC Davis
401403930,2022,9,Tennessee,Kentucky,44.0,6.0,fbs,fbs,1886.0,1696.0,False,-38.0,Tennessee
401431830,2022,9,Mississippi College,Delta State,38.0,52.0,ii,ii,,,False,14.0,Delta State
401415246,2022,9,Boise State,Colorado State,49.0,10.0,fbs,fbs,1638.0,1270.0,False,-39.0,Boise State
401432769,2022,9,Geneva College,Bethany (WV),34.0,6.0,iii,iii,,,False,-28.0,Geneva College
401432613,2022,9,Ohio Wesleyan,Oberlin,77.0,0.0,iii,iii,,,False,-77.0,Ohio Wesleyan
401426595,2022,9,Florida Atlantic,UAB,24.0,17.0,fbs,fbs,1369.0,1586.0,False,-7.0,Florida Atlantic
401404022,2022,9,Arizona,USC,37.0,45.0,fbs,fbs,1316.0,1742.0,False,8.0,USC
401426362,2022,9,Marshall,Coastal Carolina,13.0,24.0,fbs,fbs,1557.0,1526.0,False,11.0,Coastal Carolina
401404023,2022,9,Colorado,Arizona State,34.0,42.0,fbs,fbs,1137.0,1516.0,False,8.0,Arizona State
401403931,2022,9,Texas A&M,Ole Miss,28.0,31.0,fbs,fbs,1657.0,1692.0,False,3.0,Ole Miss
401405125,2022,9,Michigan,Michigan State,29.0,7.0,fbs,fbs,2037.0,1582.0,False,-22.0,Michigan
401404101,2022,9,Texas Tech,Baylor,17.0,45.0,fbs,fbs,1626.0,1724.0,False,28.0,Baylor
401462225,2022,9,McNeese,Southeastern Louisiana,27.0,28.0,fcs,fcs,,,False,1.0,Southeastern Louisiana
401462518,2022,9,Tarleton State,Sam Houston State,21.0,40.0,fcs,fcs,,,False,19.0,Sam Houston State
401411149,2022,9,North Carolina,Pittsburgh,42.0,24.0,fbs,fbs,1609.0,1622.0,False,-18.0,North Carolina
401431617,2022,9,Midwestern State,Western Oregon,26.0,21.0,ii,ii,,,False,-5.0,Midwestern State
401426596,2022,9,UTEP,Middle Tennessee,13.0,24.0,fbs,fbs,1292.0,1332.0,False,11.0,Middle Tennessee
401431598,2022,9,Central Washington,Texas A&M-Kingsville,23.0,19.0,ii,ii,,,False,-4.0,Central Washington
401431607,2022,9,Simon Fraser,Angelo State,0.0,24.0,ii,ii,,,True,24.0,Angelo State
401413251,2022,9,Sacramento State,Idaho,31.0,28.0,fcs,fcs,,,False,-3.0,Sacramento State
401439552,2022,9,Cal Lutheran,La Verne,22.0,29.0,iii,iii,,,False,7.0,La Verne
401415249,2022,9,San José State,Nevada,35.0,28.0,fbs,fbs,1537.0,1343.0,False,-7.0,San José State
401404025,2022,9,UCLA,Stanford,38.0,13.0,fbs,fbs,1700.0,1362.0,False,-25.0,UCLA
401415248,2022,9,Fresno State,San Diego State,32.0,28.0,fbs,fbs,1517.0,1423.0,False,-4.0,Fresno State
401415247,2022,9,Hawai'i,Wyoming,20.0,27.0,fbs,fbs,1160.0,1414.0,False,7.0,Wyoming
401416632,2022,10,Kent State,Ball State,20.0,27.0,fbs,fbs,1280.0,1290.0,False,7.0,Ball State
401416633,2022,10,Ohio,Buffalo,45.0,24.0,fbs,fbs,1348.0,1486.0,False,-21.0,Ohio
401416634,2022,10,Northern Illinois,Central Michigan,22.0,35.0,fbs,fbs,1398.0,1319.0,False,13.0,Central Michigan
401416635,2022,10,Bowling Green,Western Michigan,13.0,9.0,fbs,fbs,1177.0,1280.0,False,-4.0,Bowling Green
401426601,2022,10,Rice,UTEP,37.0,30.0,fbs,fbs,1104.0,1272.0,False,-7.0,Rice
401423445,2022,10,Mississippi Valley State,Alabama A&M,30.0,20.0,fcs,fcs,,,False,-10.0,Mississippi Valley State
401426364,2022,10,Coastal Carolina,Appalachian State,35.0,28.0,fbs,fbs,1552.0,1621.0,False,-7.0,Coastal Carolina
401411151,2022,10,Boston College,Duke,31.0,38.0,fbs,fbs,1258.0,1433.0,False,7.0,Duke
401404155,2022,10,Connecticut,UMass,27.0,10.0,fbs,fbs,1111.0,890.0,False,-17.0,Connecticut
401424933,2022,10,Prairie View,Alcorn State,16.0,23.0,fcs,fcs,,,False,7.0,Alcorn State
401404031,2022,10,Washington,Oregon State,24.0,21.0,fbs,fbs,1602.0,1628.0,False,-3.0,Washington
401404141,2022,10,Army,Air Force,7.0,13.0,fbs,fbs,1434.0,1744.0,True,6.0,Air Force
401428199,2022,10,Charleston Southern,Robert Morris,34.0,21.0,fcs,fcs,,,False,-13.0,Charleston Southern
401431168,2022,10,Mass Maritime,Plymouth State,7.0,21.0,iii,iii,,,False,14.0,Plymouth State
401433154,2022,10,Bluefield,Lincoln University (CA),17.0,20.0,ii,,,,False,3.0,Lincoln University (CA)
401431057,2022,10,Husson,Nichols,27.0,14.0,iii,iii,,,False,-13.0,Husson
401432770,2022,10,Thiel College,Geneva College,20.0,55.0,iii,iii,,,False,35.0,Geneva College
401439540,2022,10,Springfield,MIT,16.0,14.0,iii,iii,,,False,-2.0,Springfield
401435138,2022,10,Norwich,Catholic University,14.0,31.0,iii,iii,,,False,17.0,Catholic University
401438632,2022,10,Coast Guard,Worcester Polytechnic,24.0,30.0,iii,iii,,,False,6.0,Worcester Polytechnic
401405130,2022,10,Purdue,Iowa,3.0,24.0,fbs,fbs,1653.0,1648.0,False,21.0,Iowa
401411156,2022,10,Virginia,North Carolina,28.0,31.0,fbs,fbs,1388.0,1651.0,False,3.0,North Carolina
401445232,2022,10,Limestone,Barton College,34.0,28.0,ii,ii,,,False,-6.0,Limestone
401430700,2022,10,Virginia State,Virginia Union,21.0,33.0,ii,ii,,,False,12.0,Virginia Union
401438655,2022,10,Western Connecticut State,Fitchburg State,41.0,21.0,iii,iii,,,False,-20.0,Western Connecticut State
401461253,2022,10,Endicott College,Salve Regina,42.0,10.0,iii,iii,,,False,-32.0,Endicott College
401441957,2022,10,Worcester State College,Westfield State,18.0,28.0,iii,iii,,,False,10.0,Westfield State
401415649,2022,10,Tulsa,Tulane,13.0,27.0,fbs,fbs,1382.0,1547.0,False,14.0,Tulane
401420794,2022,10,North Carolina A&T,Norfolk State,49.0,24.0,fcs,fcs,,,False,-25.0,North Carolina A&T
401444594,2022,10,Bridgewater State,Framingham State,20.0,19.0,iii,iii,,,False,-1.0,Bridgewater State
401450144,2022,10,Juniata,Ursinus,2.0,65.0,iii,iii,,,False,63.0,Ursinus
401456158,2022,10,Albright,Alvernia University,14.0,21.0,iii,iii,,,False,7.0,Alvernia University
401426598,2022,10,Charlotte,Western Kentucky,7.0,59.0,fbs,fbs,1170.0,1648.0,False,52.0,Western Kentucky
401403936,2022,10,Missouri,Kentucky,17.0,21.0,fbs,fbs,1483.0,1612.0,False,4.0,Kentucky
401403937,2022,10,Texas A&M,Florida,24.0,41.0,fbs,fbs,1655.0,1552.0,False,17.0,Florida
401431158,2022,10,Lycoming,Widener,28.0,16.0,iii,iii,,,False,-12.0,Lycoming
401432390,2022,10,St. Anselm,Assumption,12.0,21.0,ii,ii,,,False,9.0,Assumption
401405129,2022,10,Northwestern,Ohio State,7.0,21.0,fbs,fbs,1300.0,2227.0,False,14.0,Ohio State
401405128,2022,10,Nebraska,Minnesota,13.0,20.0,fbs,fbs,1508.0,1727.0,False,7.0,Minnesota
401415193,2022,10,Yale,Brown,69.0,17.0,fcs,fcs,,,False,-52.0,Yale
401404108,2022,10,TCU,Texas Tech,34.0,24.0,fbs,fbs,1667.0,1561.0,False,-10.0,TCU
401438640,2022,10,Delaware Valley,FDU-Florham,42.0,7.0,iii,iii,,,False,-35.0,Delaware Valley
401443120,2022,10,King's College (PA),Misericordia,14.0,0.0,iii,iii,,,False,-14.0,King's College (PA)
401432550,2022,10,Alfred State College,Gallaudet,22.0,36.0,iii,iii,,,False,14.0,Gallaudet
401432886,2022,10,NC Wesleyan,Huntingdon,17.0,35.0,iii,iii,,,False,18.0,Huntingdon
401433403,2022,10,Rensselaer,St Lawrence,10.0,6.0,iii,iii,,,False,-4.0,Rensselaer
401435097,2022,10,Rochester,Hartwick,19.0,13.0,iii,iii,,,False,-6.0,Rochester
401438627,2022,10,Dean College,Anna Maria College,22.0,36.0,iii,iii,,,False,14.0,Anna Maria College
401423422,2022,10,Duquesne,Sacred Heart,35.0,28.0,fcs,fcs,,,False,-7.0,Duquesne
401423002,2022,10,Holy Cross,Lehigh,42.0,14.0,fcs,fcs,,,False,-28.0,Holy Cross
401431839,2022,10,Shorter,North Greenville,31.0,14.0,ii,ii,,,False,-17.0,Shorter
401432133,2022,10,Notre Dame College,UNC Pembroke,27.0,0.0,ii,ii,,,False,-27.0,Notre Dame College
401432996,2022,10,California (PA),Gannon,13.0,25.0,ii,ii,,,False,12.0,Gannon
401433020,2022,10,Kutztown,West Chester,9.0,28.0,ii,ii,,,False,19.0,West Chester
401441885,2022,10,Fairmont State,Glenville State,36.0,38.0,ii,ii,,,False,2.0,Glenville State
401455579,2022,10,Bentley,American International,10.0,18.0,ii,ii,,,False,8.0,American International
401432558,2022,10,Union,Ithaca,28.0,31.0,iii,iii,,,False,3.0,Ithaca
401405131,2022,10,Wisconsin,Maryland,23.0,10.0,fbs,fbs,1750.0,1625.0,False,-13.0,Wisconsin
401450190,2022,10,Middlebury,Hamilton,48.0,34.0,iii,iii,,,False,-14.0,Middlebury
401423430,2022,10,Georgetown,St Francis (PA),24.0,38.0,fcs,fcs,,,False,14.0,St Francis (PA)
401411157,2022,10,Virginia Tech,Georgia Tech,27.0,28.0,fbs,fbs,1331.0,1245.0,False,1.0,Georgia Tech
401450196,2022,10,Kean,Salisbury,17.0,32.0,iii,iii,,,False,15.0,Salisbury
401431407,2022,10,Presbyterian College,Dayton,28.0,52.0,fcs,fcs,,,False,24.0,Dayton
401432420,2022,10,Minnesota St-Moorhead,Concordia-St. Paul,21.0,20.0,ii,ii,,,False,-1.0,Minnesota St-Moorhead
401420785,2022,10,Stony Brook,Morgan State,24.0,22.0,fcs,fcs,,,False,-2.0,Stony Brook
401439523,2022,10,SUNY Cortland,St. John Fisher,56.0,14.0,iii,iii,,,False,-42.0,SUNY Cortland
401431037,2022,10,Dickinson,Johns Hopkins,13.0,35.0,iii,iii,,,False,22.0,Johns Hopkins
401415410,2022,10,Cornell,Pennsylvania,21.0,28.0,fcs,fcs,,,False,7.0,Pennsylvania
401444118,2022,10,Southern Connecticut State,Post University,44.0,7.0,ii,ii,,,False,-37.0,Southern Connecticut State
401445231,2022,10,Bowie State,Lincoln (PA),41.0,24.0,ii,ii,,,False,-17.0,Bowie State
401424391,2022,10,Hampton,William & Mary,14.0,20.0,fcs,fcs,,,False,6.0,William & Mary
401423150,2022,10,Davidson,Stetson,56.0,48.0,fcs,fcs,,,False,-8.0,Davidson
401431549,2022,10,Hillsdale,Michigan Tech,24.0,28.0,ii,ii,,,False,4.0,Michigan Tech
401431065,2022,10,Western New England,University of New England,33.0,0.0,iii,iii,,,False,-33.0,Western New England
401445126,2022,10,McDaniel College,Gettysburg,19.0,16.0,iii,iii,,,False,-3.0,McDaniel College
401444602,2022,10,Amherst College,Bowdoin,17.0,14.0,iii,iii,,,False,-3.0,Amherst College
401432125,2022,10,WV Wesleyan,Frostburg State,0.0,37.0,ii,ii,,,False,37.0,Frostburg State
401431559,2022,10,Northwood (MI),Ohio Dominican,24.0,35.0,ii,ii,,,False,11.0,Ohio Dominican
401431565,2022,10,Northern Michigan,Saginaw Valley,21.0,30.0,ii,ii,,,False,9.0,Saginaw Valley
401431185,2022,10,Alma College,Adrian,30.0,10.0,iii,iii,,,False,-20.0,Alma College
401425428,2022,10,Long Island University,Central Connecticut,29.0,20.0,fcs,fcs,,,False,-9.0,Long Island University
401445810,2022,10,Colby,Tufts,7.0,35.0,iii,iii,,,False,28.0,Tufts
401415203,2022,10,Harvard,Columbia,20.0,21.0,fcs,fcs,,,False,1.0,Columbia
401418608,2022,10,Princeton,Dartmouth,17.0,14.0,fcs,fcs,,,False,-3.0,Princeton
401418650,2022,10,UT Martin,Kennesaw State,27.0,44.0,fcs,fcs,,,False,17.0,Kennesaw State
401418842,2022,10,Indiana State,North Dakota,7.0,42.0,fcs,fcs,,,False,35.0,North Dakota
401439538,2022,10,Stevenson,Wilkes,28.0,0.0,iii,iii,,,False,-28.0,Stevenson
401424443,2022,10,Rhode Island,Maine,26.0,22.0,fcs,fcs,,,False,-4.0,Rhode Island
401441949,2022,10,Keystone,SUNY Maritime,21.0,20.0,iii,iii,,,False,-1.0,Keystone
401441934,2022,10,Muhlenberg,Susquehanna,24.0,28.0,iii,iii,,,False,4.0,Susquehanna
401431958,2022,10,Nebraska-Kearney,Central Oklahoma,20.0,18.0,ii,ii,,,False,-2.0,Nebraska-Kearney
401435052,2022,10,Ferris State,Davenport,28.0,7.0,ii,ii,,,False,-21.0,Ferris State
401432338,2022,10,Allen,Benedict College,21.0,54.0,ii,ii,,,False,33.0,Benedict College
401432357,2022,10,Central State,Kentucky State,31.0,30.0,ii,ii,,,False,-1.0,Central State
401432959,2022,10,Minnesota State,Southwest Minnesota State,45.0,24.0,ii,ii,,,False,-21.0,Minnesota State
401422993,2022,10,Colgate,Lafayette,16.0,21.0,fcs,fcs,,,False,5.0,Lafayette
401433135,2022,10,Mars Hill,Tusculum,34.0,27.0,ii,ii,,,False,-7.0,Mars Hill
401432972,2022,10,Upper Iowa,Winona State,7.0,45.0,ii,ii,,,False,38.0,Winona State
401433028,2022,10,Lock Haven,Shippensburg,7.0,44.0,ii,ii,,,False,37.0,Shippensburg
401431507,2022,10,Truman State,McKendree,52.0,7.0,ii,ii,,,False,-45.0,Truman State
401433056,2022,10,Slippery Rock,Edinboro,28.0,21.0,ii,ii,,,False,-7.0,Slippery Rock
401432652,2022,10,Linfield,Willamette,65.0,0.0,iii,iii,,,False,-65.0,Linfield
401424410,2022,10,Delaware,Monmouth,49.0,17.0,fcs,fcs,,,False,-32.0,Delaware
401422984,2022,10,Bucknell,Fordham,17.0,59.0,fcs,fcs,,,False,42.0,Fordham
401432716,2022,10,Randolph-Macon,Ferrum,52.0,10.0,iii,iii,,,False,-42.0,Randolph-Macon
401432724,2022,10,Shenandoah,Hampden-Sydney,23.0,7.0,iii,iii,,,False,-16.0,Shenandoah
401442046,2022,10,Stonehill,Wagner,50.0,10.0,fcs,fcs,,,False,-40.0,Stonehill
401432381,2022,10,New Haven,Franklin Pierce,50.0,6.0,ii,ii,,,False,-44.0,New Haven
401432536,2022,10,Franklin & Marshall,Moravian,56.0,7.0,iii,iii,,,False,-49.0,Franklin & Marshall
401432579,2022,10,Hiram,Hilbert College,59.0,27.0,iii,iii,,,False,-32.0,Hiram
401431115,2022,10,Utica,Alfred,65.0,16.0,iii,iii,,,False,-49.0,Utica
401431205,2022,10,Trine,Hope,21.0,28.0,iii,iii,,,False,7.0,Hope
401432764,2022,10,Westminster PA,Case Western Reserve,14.0,13.0,iii,iii,,,False,-1.0,Westminster PA
401432872,2022,10,Averett,Guilford,0.0,26.0,iii,iii,,,False,26.0,Guilford
401432622,2022,10,Wittenberg,Ohio Wesleyan,7.0,14.0,iii,iii,,,False,7.0,Ohio Wesleyan
401431309,2022,10,St. Norbert,Eureka College,20.0,7.0,iii,iii,,,False,-13.0,St. Norbert
401432614,2022,10,DePauw,Oberlin,72.0,0.0,iii,iii,,,False,-72.0,DePauw
401432776,2022,10,Washington & Jefferson,Grove City College,31.0,14.0,iii,iii,,,False,-17.0,Washington & Jefferson
401432789,2022,10,St. Vincent,Waynesburg,53.0,16.0,iii,iii,,,False,-37.0,St. Vincent
401438691,2022,10,Rowan,Montclair State,27.0,7.0,iii,iii,,,False,-20.0,Rowan
401438553,2022,10,LaGrange College,Southern Virginia,21.0,35.0,iii,iii,,,False,14.0,Southern Virginia
401437213,2022,10,Buffalo State,Hobart,7.0,63.0,iii,iii,,,False,56.0,Hobart
401435193,2022,10,Greenville,Finlandia University,45.0,7.0,iii,iii,,,False,-38.0,Greenville
401430985,2022,10,Wartburg,Simpson College,81.0,9.0,iii,iii,,,False,-72.0,Wartburg
401430973,2022,10,Central,Luther,61.0,13.0,iii,iii,,,False,-48.0,Central
401432848,2022,10,Martin Luther College,Westminster,10.0,7.0,iii,iii,,,False,-3.0,Martin Luther College
401435117,2022,10,Wooster,Denison,14.0,28.0,iii,iii,,,False,14.0,Denison
401435129,2022,10,Bates College,Trinity (CT),14.0,63.0,iii,iii,,,False,49.0,Trinity (CT)
401430994,2022,10,Brevard College,Belhaven College,7.0,20.0,iii,iii,,,False,13.0,Belhaven College
401435192,2022,10,Millsaps,Trinity (TX),7.0,53.0,iii,iii,,,False,46.0,Trinity (TX)
401431192,2022,10,Albion,Olivet College,35.0,24.0,iii,iii,,,False,-11.0,Albion
401432108,2022,10,Wheeling Jesuit,Charleston (WV),19.0,22.0,ii,ii,,,False,3.0,Charleston (WV)
401432635,2022,10,Christopher Newport,College of New Jersey,24.0,21.0,iii,iii,,,False,-3.0,Christopher Newport
401433047,2022,10,East Stroudsburg,Shepherd,14.0,37.0,ii,ii,,,False,23.0,Shepherd
401430721,2022,10,Livingstone,Johnson C Smith,26.0,20.0,ii,ii,,,False,-6.0,Livingstone
401438677,2022,10,Wilmington (OH),Muskingum,13.0,27.0,iii,iii,,,False,14.0,Muskingum
401439525,2022,10,Defiance,Manchester,24.0,21.0,iii,iii,,,False,-3.0,Defiance
401432678,2022,10,Mount Union,John Carroll,34.0,28.0,iii,iii,,,False,-6.0,Mount Union
401435183,2022,10,Marietta,Capital,50.0,14.0,iii,iii,,,False,-36.0,Marietta
401432669,2022,10,Heidelberg,Baldwin-Wallace,20.0,21.0,iii,iii,,,False,1.0,Baldwin-Wallace
401431125,2022,10,Franklin,Mount St. Joseph,20.0,27.0,iii,iii,,,False,7.0,Mount St. Joseph
401425517,2022,10,South Carolina State,Delaware State,24.0,27.0,fcs,fcs,,,False,3.0,Delaware State
401433406,2022,10,Bluffton,Anderson (IN),27.0,9.0,iii,iii,,,False,-18.0,Bluffton
401432692,2022,10,Otterbein,Ohio Northern,7.0,42.0,iii,iii,,,False,35.0,Ohio Northern
401432855,2022,10,Crown College,Northwestern (MN),14.0,39.0,iii,iii,,,False,25.0,Northwestern (MN)
401432808,2022,10,Birmingham-Southern,Centre,42.0,21.0,iii,iii,,,False,-21.0,Birmingham-Southern
401426366,2022,10,Old Dominion,Marshall,0.0,12.0,fbs,fbs,1425.0,1531.0,False,12.0,Marshall
401433004,2022,10,Indiana (PA),Clarion,45.0,0.0,ii,ii,,,False,-45.0,Indiana (PA)
401424400,2022,10,Elon,Albany,27.0,3.0,fcs,fcs,,,False,-24.0,Elon
401420813,2022,10,South Dakota,Missouri State,20.0,13.0,fcs,fcs,,,False,-7.0,South Dakota
401433097,2022,10,New Mexico Highlands,Colorado Mines,16.0,54.0,ii,ii,,,False,38.0,Colorado Mines
401432985,2022,10,Bloomsburg,Millersville,17.0,25.0,ii,ii,,,False,8.0,Millersville
401420804,2022,10,North Carolina Central,Howard,50.0,21.0,fcs,fcs,,,False,-29.0,North Carolina Central
401432362,2022,10,Tuskegee,Miles,26.0,23.0,ii,ii,,,False,-3.0,Tuskegee
401433042,2022,10,Seton Hill College,Mercyhurst,7.0,0.0,ii,ii,,,False,-7.0,Seton Hill College
401413210,2022,10,Western Carolina,Wofford,36.0,29.0,fcs,fcs,,,False,-7.0,Western Carolina
401430966,2022,10,Loras College,Dubuque,20.0,27.0,iii,iii,,,False,7.0,Dubuque
401432410,2022,10,Augustana (SD),Minnesota-Duluth,24.0,34.0,ii,ii,,,False,10.0,Minnesota-Duluth
401432739,2022,10,Bridgewater (VA),Washington & Lee,13.0,6.0,iii,iii,,,False,-7.0,Bridgewater (VA)
401432894,2022,10,Wisconsin-La Crosse,UW-River Falls,24.0,17.0,iii,iii,,,False,-7.0,Wisconsin-La Crosse
401431272,2022,10,Lawrence,Chicago,0.0,60.0,iii,iii,,,False,60.0,Chicago
401433107,2022,10,Fort Lewis,Western State,14.0,55.0,ii,ii,,,False,41.0,Western State
401432330,2022,10,Albany State (GA),Fort Valley State,21.0,31.0,ii,ii,,,True,10.0,Fort Valley State
401421134,2022,10,The Citadel,Chattanooga,21.0,31.0,fcs,fcs,,,False,10.0,Chattanooga
401431325,2022,10,Concordia (IL),Benedictine (IL),34.0,26.0,iii,iii,,,False,-8.0,Concordia (IL)
401424445,2022,10,Towson,Villanova,27.0,3.0,fcs,fcs,,,False,-24.0,Towson
401421114,2022,10,Valparaiso,St. Thomas (MN),7.0,34.0,fcs,fcs,,,False,27.0,St. Thomas (MN)
401431013,2022,10,East Texas Baptist,Sul Ross State,17.0,14.0,iii,iii,,,False,-3.0,East Texas Baptist
401431004,2022,10,Howard Payne,Mary Hardin-Baylor,24.0,27.0,iii,iii,,,False,3.0,Mary Hardin-Baylor
401432523,2022,10,Hardin-Simmons,Austin College,31.0,3.0,iii,iii,,,False,-28.0,Hardin-Simmons
401432861,2022,10,Macalester,St. Scholastica,54.0,35.0,iii,iii,,,False,-19.0,Macalester
401420838,2022,10,Western Illinois,North Dakota State,17.0,56.0,fcs,fcs,,,False,39.0,North Dakota State
401432964,2022,10,Sioux Falls,Wayne State (NE),24.0,31.0,ii,ii,,,False,7.0,Wayne State (NE)
401431263,2022,10,Beloit College,Lake Forest,3.0,36.0,iii,iii,,,False,33.0,Lake Forest
401431281,2022,10,Monmouth (IL),Ripon,39.0,31.0,iii,iii,,,False,-8.0,Monmouth (IL)
401431316,2022,10,Aurora,Lakeland University,68.0,0.0,iii,iii,,,False,-68.0,Aurora
401432098,2022,10,Concord,Alderson-Broaddus,50.0,13.0,ii,ii,,,False,-37.0,Concord
401431239,2022,10,Concordia (MN),Hamline,59.0,0.0,iii,iii,,,False,-59.0,Concordia (MN)
401432351,2022,10,Morehouse,Clark Atlanta,20.0,17.0,ii,ii,,,False,-3.0,Morehouse
401433122,2022,10,Catawba,Lenoir-Rhyne,10.0,62.0,ii,ii,,,False,52.0,Lenoir-Rhyne
401432401,2022,10,Bemidji State,Northern State,24.0,14.0,ii,ii,,,False,-10.0,Bemidji State
401431523,2022,10,Southwest Baptist,Quincy,42.0,24.0,ii,ii,,,False,-18.0,Southwest Baptist
401431286,2022,10,Cornell College (IA),Knox College,27.0,31.0,iii,iii,,,False,4.0,Knox College
401415648,2022,10,Temple,South Florida,54.0,28.0,fbs,fbs,1019.0,1180.0,False,-26.0,Temple
401431254,2022,10,Augsburg,Bethel (MN),27.0,30.0,iii,iii,,,False,3.0,Bethel (MN)
401436996,2022,10,St. Olaf College,Gustavus Adolphus,37.0,49.0,iii,iii,,,False,12.0,Gustavus Adolphus
401431084,2022,10,North Park,Elmhurst,23.0,20.0,iii,iii,,,False,-3.0,North Park
401428194,2022,10,Bryant,Campbell,43.0,37.0,fcs,fcs,,,False,-6.0,Bryant
401435215,2022,10,Wisconsin-Stevens Point,UW-Oshkosh,0.0,45.0,iii,iii,,,False,45.0,UW-Oshkosh
401435208,2022,10,Wisconsin-Platteville,Wisconsin-Eau Claire,38.0,14.0,iii,iii,,,False,-24.0,Wisconsin-Platteville
401432541,2022,10,Millikin,Carroll (WI),18.0,26.0,iii,iii,,,False,8.0,Carroll (WI)
401431497,2022,10,William Jewell College,Indianapolis,14.0,48.0,ii,ii,,,False,34.0,Indianapolis
401431924,2022,10,Central Missouri State,Missouri Western,40.0,37.0,ii,ii,,,False,-3.0,Central Missouri State
401431934,2022,10,Fort Hays State,Northeastern State,27.0,14.0,ii,ii,,,False,-13.0,Fort Hays State
401431974,2022,10,Washburn,Pittsburg State,23.0,37.0,ii,ii,,,False,14.0,Pittsburg State
401430958,2022,10,Nebraska Wesleyan University,Coe,14.0,34.0,iii,iii,,,True,20.0,Coe
401435102,2022,10,St. Johns (MN),Carleton,45.0,16.0,iii,iii,,,False,-29.0,St. Johns (MN)
401431021,2022,10,Southwestern University,Texas Lutheran,17.0,21.0,iii,iii,,,False,4.0,Texas Lutheran
401432902,2022,10,UW-Stout,UW-Whitewater,7.0,16.0,iii,iii,,,False,9.0,UW-Whitewater
401432566,2022,10,Concordia (WI),Wisconsin Lutheran,45.0,21.0,iii,iii,,,False,-24.0,Concordia (WI)
401431075,2022,10,Augustana (IL),Carthage,30.0,37.0,iii,iii,,,False,7.0,Carthage
401431092,2022,10,Illinois Wesleyan,North Central,3.0,68.0,iii,iii,,,False,65.0,North Central
401431106,2022,10,Washington (MO),Wheaton College (Ill),35.0,42.0,iii,iii,,,False,7.0,Wheaton College (Ill)
401439516,2022,10,Edward Waters,UFTL,,,ii,,,,False,,UFTL
401433138,2022,10,Wingate,Newberry,15.0,24.0,ii,ii,,,False,9.0,Newberry
401433085,2022,10,Chadron State,Colorado Mesa,37.0,38.0,ii,ii,,,False,1.0,Colorado Mesa
401431135,2022,10,Hanover,Rose-Hulman,17.0,47.0,iii,iii,,,False,30.0,Rose-Hulman
401441940,2022,10,Brockport State (NY),Morrisville State,17.0,3.0,iii,iii,,,False,-14.0,Brockport State (NY)
401428479,2022,10,Tennessee Tech,Lindenwood,35.0,34.0,fcs,fcs,,,False,-1.0,Tennessee Tech
401432801,2022,10,Sewanee Univ. of the South,Berry College,14.0,63.0,iii,iii,,,False,49.0,Berry College
401431951,2022,10,Northwest Missouri State,Missouri Southern State,27.0,5.0,ii,ii,,,False,-22.0,Northwest Missouri State
401426369,2022,10,Southern Mississippi,Georgia State,14.0,42.0,fbs,fbs,1334.0,1460.0,False,28.0,Georgia State
401413241,2022,10,Idaho,Eastern Washington,48.0,16.0,fcs,fcs,,,False,-32.0,Idaho
401431477,2022,10,Southeastern Oklahoma,Ouachita Baptist,18.0,40.0,ii,ii,,,False,22.0,Ouachita Baptist
401431987,2022,10,Findlay,Walsh,20.0,7.0,ii,ii,,,False,-13.0,Findlay
401418835,2022,10,Illinois State,Youngstown State,17.0,19.0,fcs,fcs,,,False,2.0,Youngstown State
401424945,2022,10,Grambling,Arkansas-Pine Bluff,36.0,10.0,fcs,fcs,,,False,-26.0,Grambling
401431483,2022,10,Southern Arkansas,Southern Nazarene,44.0,49.0,ii,ii,,,False,5.0,Southern Nazarene
401422971,2022,10,Samford,VMI,34.0,15.0,fcs,fcs,,,False,-19.0,Samford
401462227,2022,10,Texas A&M-Commerce,Northwestern State,14.0,41.0,fcs,fcs,,,False,27.0,Northwestern State
401430747,2022,10,East Central,Arkansas-Monticello,16.0,0.0,ii,ii,,,False,-16.0,East Central
401425457,2022,10,Weber State,Sacramento State,30.0,33.0,fcs,fcs,,,False,3.0,Sacramento State
401462226,2022,10,Incarnate Word,Houston Christian,73.0,20.0,fcs,fcs,,,False,-53.0,Incarnate Word
401432441,2022,10,Minot State,University of Mary,17.0,10.0,ii,ii,,,False,-7.0,Minot State
401431831,2022,10,Delta State,West Georgia,42.0,52.0,ii,ii,,,False,10.0,West Georgia
401404104,2022,10,Oklahoma,Baylor,35.0,38.0,fbs,fbs,1636.0,1789.0,False,3.0,Baylor
401431456,2022,10,Southwestern Oklahoma,Harding,29.0,37.0,ii,ii,,,False,8.0,Harding
401426600,2022,10,Louisiana Tech,Middle Tennessee,40.0,24.0,fbs,fbs,1155.0,1352.0,False,-16.0,Louisiana Tech
401431463,2022,10,Henderson State,Oklahoma Baptist,51.0,24.0,ii,ii,,,False,-27.0,Henderson State
401431943,2022,10,Lincoln (MO),Emporia State,24.0,35.0,ii,ii,,,False,11.0,Emporia State
401431859,2022,10,West Alabama,Mississippi College,38.0,16.0,ii,ii,,,False,-22.0,West Alabama
401438601,2022,10,Carson-Newman,UVA-Wise,38.0,22.0,ii,ii,,,False,-16.0,Carson-Newman
401431540,2022,10,Grand Valley State,Wayne State (MI),42.0,14.0,ii,ii,,,False,-28.0,Grand Valley State
401433068,2022,10,Adams State,Black Hills State,7.0,38.0,ii,ii,,,False,31.0,Black Hills State
401404032,2022,10,Stanford,Washington State,14.0,52.0,fbs,fbs,1335.0,1615.0,False,38.0,Washington State
401415252,2022,10,Utah State,New Mexico,27.0,10.0,fbs,fbs,1405.0,1097.0,False,-17.0,Utah State
401404030,2022,10,Colorado,Oregon,10.0,49.0,fbs,fbs,1150.0,1697.0,False,39.0,Oregon
401404105,2022,10,Iowa State,West Virginia,31.0,14.0,fbs,fbs,1725.0,1380.0,False,-17.0,Iowa State
401415651,2022,10,Memphis,UCF,28.0,35.0,fbs,fbs,1489.0,1693.0,False,7.0,UCF
401403933,2022,10,Georgia,Tennessee,27.0,13.0,fbs,fbs,2155.0,1970.0,False,-14.0,Georgia
401404106,2022,10,Kansas,Oklahoma State,37.0,16.0,fbs,fbs,1368.0,1657.0,False,-21.0,Kansas
401411155,2022,10,Pittsburgh,Syracuse,19.0,9.0,fbs,fbs,1580.0,1563.0,False,-10.0,Pittsburgh
401426602,2022,10,UAB,UT San Antonio,38.0,44.0,fbs,fbs,1563.0,1511.0,False,6.0,UT San Antonio
401424444,2022,10,Richmond,New Hampshire,40.0,34.0,fcs,fcs,,,False,-6.0,Richmond
401405127,2022,10,Illinois,Michigan State,15.0,23.0,fbs,fbs,1756.0,1574.0,False,8.0,Michigan State
401405132,2022,10,Indiana,Penn State,14.0,45.0,fbs,fbs,1339.0,1844.0,False,31.0,Penn State
401432661,2022,10,Pacific (OR),Whitworth,17.0,28.0,iii,iii,,,False,11.0,Whitworth
401423160,2022,10,Morehead State,Marist,21.0,31.0,fcs,fcs,,,False,10.0,Marist
401413345,2022,10,Northern Arizona,Montana State,38.0,41.0,fcs,fcs,,,False,3.0,Montana State
401421100,2022,10,San Diego,Butler,23.0,26.0,fcs,fcs,,,False,3.0,Butler
401426365,2022,10,Georgia Southern,South Alabama,31.0,38.0,fbs,fbs,1426.0,1501.0,False,7.0,South Alabama
401423454,2022,10,Bethune-Cookman,Alabama State,22.0,37.0,fcs,fcs,,,False,15.0,Alabama State
401432829,2022,10,Claremont,Redlands,42.0,0.0,iii,iii,,,False,-42.0,Claremont
401430714,2022,10,Winston-Salem,Fayetteville State,6.0,14.0,ii,ii,,,False,8.0,Fayetteville State
401431577,2022,10,Lake Erie College,Ashland,23.0,31.0,ii,ii,,,False,8.0,Ashland
401403932,2022,10,Arkansas,Liberty,19.0,21.0,fbs,fbs,1667.0,1635.0,False,2.0,Liberty
401433102,2022,10,Colorado State-Pueblo,South Dakota Mines,45.0,20.0,ii,ii,,,False,-25.0,Colorado State-Pueblo
401415650,2022,10,Cincinnati,Navy,20.0,10.0,fbs,fbs,1770.0,1418.0,False,-10.0,Cincinnati
401431874,2022,10,Erskine,Emory & Henry,0.0,32.0,ii,ii,,,False,32.0,Emory & Henry
401435179,2022,10,Puget Sound,Pacific Lutheran,10.0,35.0,iii,iii,,,False,25.0,Pacific Lutheran
401426599,2022,10,North Texas,Florida International,52.0,14.0,fbs,fbs,1495.0,1007.0,False,-38.0,North Texas
401462228,2022,10,Lamar,Southeastern Louisiana,31.0,47.0,fcs,fcs,,,False,16.0,Southeastern Louisiana
401431608,2022,10,Western Oregon,Simon Fraser,32.0,7.0,ii,ii,,,False,-25.0,Western Oregon
401431590,2022,10,Kentucky Wesleyan,Tiffin,13.0,72.0,ii,ii,,,False,59.0,Tiffin
401441337,2022,10,Savannah State,Lane,44.0,38.0,ii,ii,,,False,-6.0,Savannah State
401430737,2022,10,Northwestern Oklahoma State,Arkansas Tech,20.0,45.0,ii,ii,,,False,25.0,Arkansas Tech
401426367,2022,10,Louisiana,Troy,17.0,23.0,fbs,fbs,1582.0,1456.0,False,6.0,Troy
401420835,2022,10,Northern Iowa,South Dakota State,28.0,31.0,fcs,fcs,,,False,3.0,South Dakota State
401418635,2022,10,North Alabama,Austin Peay,35.0,38.0,fcs,fcs,,,False,3.0,Austin Peay
401418642,2022,10,Eastern Kentucky,Central Arkansas,42.0,14.0,fcs,fcs,,,False,-28.0,Eastern Kentucky
401415181,2022,10,Portland State,Northern Colorado,35.0,21.0,fcs,fcs,,,False,-14.0,Portland State
401426368,2022,10,Louisiana Monroe,Texas State,31.0,30.0,fbs,fbs,1096.0,1252.0,False,-1.0,Louisiana Monroe
401432140,2022,10,West Liberty,West Virginia State,32.0,42.0,ii,ii,,,False,10.0,West Virginia State
401423951,2022,10,Florida A&M,Southern,30.0,16.0,fcs,fcs,,,False,-14.0,Florida A&M
401425426,2022,10,Tennessee State,Southeast Missouri State,0.0,42.0,fcs,fcs,,,False,42.0,Southeast Missouri State
401439560,2022,10,Methodist,Greensboro,48.0,23.0,iii,iii,,,False,-25.0,Methodist
401415250,2022,10,Boise State,BYU,28.0,31.0,fbs,fbs,1702.0,1512.0,False,3.0,BYU
401432816,2022,10,Hendrix College,Rhodes,6.0,0.0,iii,iii,,,True,-6.0,Hendrix College
401415652,2022,10,SMU,Houston,77.0,63.0,fbs,fbs,1591.0,1554.0,False,-14.0,SMU
401415254,2022,10,San Diego State,UNLV,14.0,10.0,fbs,fbs,1423.0,1277.0,False,-4.0,San Diego State
401403934,2022,10,LSU,Alabama,32.0,31.0,fbs,fbs,1695.0,2185.0,False,-1.0,LSU
401423923,2022,10,Texas Southern,Jackson State,14.0,41.0,fcs,fcs,,,False,27.0,Jackson State
401431599,2022,10,Angelo State,Central Washington,22.0,12.0,ii,ii,,,False,-10.0,Angelo State
401431914,2022,10,West Texas A&M,Eastern New Mexico,21.0,24.0,ii,ii,,,False,3.0,Eastern New Mexico
401431853,2022,10,Valdosta State,West Florida,31.0,32.0,ii,ii,,,False,1.0,West Florida
401413263,2022,10,UC Davis,Idaho State,43.0,3.0,fcs,fcs,,,False,-40.0,UC Davis
401404107,2022,10,Kansas State,Texas,27.0,34.0,fbs,fbs,1841.0,1883.0,False,7.0,Texas
401431910,2022,10,University of Texas of the Permian Basin,Western New Mexico,37.0,14.0,ii,ii,,,False,-23.0,University of Texas of the Permian Basin
401411152,2022,10,Louisville,James Madison,34.0,10.0,fbs,fbs,1715.0,1480.0,False,-24.0,Louisville
401405133,2022,10,Rutgers,Michigan,17.0,52.0,fbs,fbs,1303.0,2045.0,False,35.0,Michigan
401411153,2022,10,Miami,Florida State,3.0,45.0,fbs,fbs,1443.0,1604.0,False,42.0,Florida State
401404130,2022,10,Notre Dame,Clemson,35.0,14.0,fbs,fbs,1795.0,1826.0,False,-21.0,Notre Dame
401403935,2022,10,Mississippi State,Auburn,39.0,33.0,fbs,fbs,1690.0,1500.0,False,-6.0,Mississippi State
401404027,2022,10,Utah,Arizona,45.0,20.0,fbs,fbs,1844.0,1332.0,False,-25.0,Utah
401403938,2022,10,Vanderbilt,South Carolina,27.0,38.0,fbs,fbs,1272.0,1538.0,False,11.0,South Carolina
401432644,2022,10,George Fox University,Lewis & Clark,41.0,20.0,iii,iii,,,False,-21.0,George Fox University
401411154,2022,10,NC State,Wake Forest,30.0,21.0,fbs,fbs,1601.0,1687.0,False,-9.0,NC State
401462519,2022,10,Tarleton State,Abilene Christian,23.0,28.0,fcs,fcs,,,False,5.0,Abilene Christian
401413232,2022,10,Montana,Cal Poly,57.0,0.0,fcs,fcs,,,False,-57.0,Montana
401473448,2022,10,Utah Tech,Southern Utah,48.0,36.0,fcs,fcs,,,False,-12.0,Utah Tech
401418807,2022,10,McNeese,Eastern Illinois,29.0,15.0,fcs,fcs,,,False,-14.0,McNeese
401431899,2022,10,Texas A&M-Kingsville,Midwestern State,37.0,41.0,ii,ii,,,False,4.0,Midwestern State
401439558,2022,10,Pomona-Pitzer,Whittier,43.0,12.0,iii,iii,,,False,-31.0,Pomona-Pitzer
401439553,2022,10,Chapman,Cal Lutheran,65.0,26.0,iii,iii,,,False,-39.0,Chapman
401404029,2022,10,USC,California,41.0,35.0,fbs,fbs,1726.0,1444.0,False,-6.0,USC
401404028,2022,10,Arizona State,UCLA,36.0,50.0,fbs,fbs,1503.0,1727.0,False,14.0,UCLA
401415251,2022,10,San José State,Colorado State,28.0,16.0,fbs,fbs,1536.0,1206.0,False,-12.0,San José State
401415253,2022,10,Fresno State,Hawai'i,55.0,13.0,fbs,fbs,1517.0,1166.0,False,-42.0,Fresno State
401416637,2022,11,Akron,Eastern Michigan,28.0,34.0,fbs,fbs,973.0,1311.0,False,6.0,Eastern Michigan
401416638,2022,11,Miami (OH),Ohio,21.0,37.0,fbs,fbs,1412.0,1413.0,False,16.0,Ohio
401416636,2022,11,Toledo,Ball State,28.0,21.0,fbs,fbs,1553.0,1302.0,False,-7.0,Toledo
401416640,2022,11,Central Michigan,Buffalo,31.0,27.0,fbs,fbs,1356.0,1421.0,False,-4.0,Central Michigan
401416641,2022,11,Bowling Green,Kent State,6.0,40.0,fbs,fbs,1183.0,1268.0,False,34.0,Kent State
401416639,2022,11,Western Michigan,Northern Illinois,21.0,24.0,fbs,fbs,1274.0,1361.0,False,3.0,Northern Illinois
401415653,2022,11,Memphis,Tulsa,26.0,10.0,fbs,fbs,1491.0,1366.0,False,-16.0,Memphis
401426370,2022,11,Louisiana,Georgia Southern,36.0,17.0,fbs,fbs,1561.0,1419.0,False,-19.0,Louisiana
401450200,2022,11,College of New Jersey,Kean,10.0,17.0,iii,iii,,,False,7.0,Kean
401431066,2022,11,Rowan,University of New England,38.0,20.0,iii,iii,,,False,-18.0,Rowan
401415654,2022,11,Cincinnati,East Carolina,27.0,25.0,fbs,fbs,1764.0,1585.0,False,-2.0,Cincinnati
401425458,2022,11,Portland State,Sacramento State,17.0,45.0,fcs,fcs,,,False,28.0,Sacramento State
401404033,2022,11,USC,Colorado,55.0,17.0,fbs,fbs,1720.0,1105.0,False,-38.0,USC
401415259,2022,11,UNLV,Fresno State,30.0,37.0,fbs,fbs,1278.0,1593.0,False,7.0,Fresno State
401435130,2022,11,Trinity (CT),Wesleyan,31.0,14.0,iii,iii,,,False,-17.0,Trinity (CT)
401433029,2022,11,Edinboro,Lock Haven,26.0,13.0,ii,ii,,,False,-13.0,Edinboro
401433005,2022,11,Clarion,West Chester,27.0,36.0,ii,ii,,,False,9.0,West Chester
401431541,2022,11,Davenport,Grand Valley State,7.0,49.0,ii,ii,,,False,42.0,Grand Valley State
401437192,2022,11,Southern Connecticut State,New Haven,14.0,54.0,ii,ii,,,False,40.0,New Haven
401431159,2022,11,Misericordia,Lycoming,21.0,14.0,iii,iii,,,False,-7.0,Misericordia
401432537,2022,11,Moravian,Muhlenberg,10.0,37.0,iii,iii,,,False,27.0,Muhlenberg
401455580,2022,11,Pace,Bentley,10.0,18.0,ii,ii,,,False,8.0,Bentley
401433404,2022,11,Rensselaer,Union,23.0,13.0,iii,iii,,,False,-10.0,Rensselaer
401433048,2022,11,Mercyhurst,Shepherd,,,ii,ii,,,False,,Shepherd
401423423,2022,11,Wagner,Sacred Heart,28.0,38.0,fcs,fcs,,,False,10.0,Sacred Heart
401423431,2022,11,St Francis (PA),Duquesne,51.0,14.0,fcs,fcs,,,False,-37.0,St Francis (PA)
401441950,2022,11,Dean College,Keystone,44.0,45.0,iii,iii,,,False,1.0,Keystone
401431038,2022,11,Johns Hopkins,McDaniel College,44.0,7.0,iii,iii,,,False,-37.0,Johns Hopkins
401431169,2022,11,Bridgewater State,Mass Maritime,10.0,0.0,iii,iii,,,False,-10.0,Bridgewater State
401431177,2022,11,Plymouth State,UMass Dartmouth,21.0,46.0,iii,iii,,,False,25.0,UMass Dartmouth
401404131,2022,11,Navy,Notre Dame,32.0,35.0,fbs,fbs,1424.0,1848.0,True,3.0,Notre Dame
401444124,2022,11,Wilkes,King's College (PA),58.0,42.0,iii,iii,,,False,-16.0,Wilkes
401433036,2022,11,Seton Hill College,Millersville,10.0,14.0,ii,ii,,,False,4.0,Millersville
401411163,2022,11,Virginia,Pittsburgh,7.0,37.0,fbs,fbs,1399.0,1596.0,False,30.0,Pittsburgh
401445806,2022,11,Hamilton,Bates College,14.0,19.0,iii,iii,,,False,5.0,Bates College
401438648,2022,11,Lebanon Valley,Albright,41.0,24.0,iii,iii,,,False,-17.0,Lebanon Valley
401438656,2022,11,Westfield State,Fitchburg State,50.0,0.0,iii,iii,,,False,-50.0,Westfield State
401443323,2022,11,Holy Cross,Bryant,36.0,29.0,fcs,fcs,,,False,-7.0,Holy Cross
401424446,2022,11,Albany,Maine,23.0,21.0,fcs,fcs,,,False,-2.0,Albany
401428200,2022,11,North Carolina A&T,Charleston Southern,20.0,10.0,fcs,fcs,,,False,-10.0,North Carolina A&T
401431402,2022,11,Yale,Princeton,24.0,20.0,fcs,fcs,,,False,-4.0,Yale
401415194,2022,11,Brown,Columbia,24.0,31.0,fcs,fcs,,,False,7.0,Columbia
401432679,2022,11,John Carroll,Otterbein,62.0,7.0,iii,iii,,,False,-55.0,John Carroll
401421110,2022,11,Marist,Valparaiso,24.0,45.0,fcs,fcs,,,False,21.0,Valparaiso
401433052,2022,11,Gannon,Shippensburg,28.0,35.0,ii,ii,,,False,7.0,Shippensburg
401403945,2022,11,Tennessee,Missouri,66.0,24.0,fbs,fbs,1957.0,1485.0,False,-42.0,Tennessee
401435139,2022,11,Catholic University,Springfield,21.0,35.0,iii,iii,,,False,14.0,Springfield
401435147,2022,11,Merchant Marine,Coast Guard,41.0,33.0,iii,iii,,,False,-8.0,Merchant Marine
401439545,2022,11,Worcester Polytechnic,MIT,14.0,21.0,iii,iii,,,False,7.0,MIT
401415656,2022,11,South Florida,SMU,23.0,41.0,fbs,fbs,1094.0,1616.0,False,18.0,SMU
401444603,2022,11,Williams,Amherst College,20.0,10.0,iii,iii,,,False,-10.0,Williams
401431049,2022,11,Nichols,Curry,49.0,28.0,iii,iii,,,False,-21.0,Nichols
401431058,2022,11,Salve Regina,Husson,24.0,10.0,iii,iii,,,False,-14.0,Salve Regina
401432887,2022,11,Greensboro,NC Wesleyan,14.0,35.0,iii,iii,,,False,21.0,NC Wesleyan
401431824,2022,11,Tiffin,Findlay,25.0,27.0,ii,ii,,,False,2.0,Findlay
401403942,2022,11,Kentucky,Vanderbilt,21.0,24.0,fbs,fbs,1610.0,1271.0,False,3.0,Vanderbilt
401431820,2022,11,Lake Erie College,Northern Michigan,11.0,33.0,ii,ii,,,False,22.0,Northern Michigan
401437207,2022,11,SUNY Maritime,Alfred State College,21.0,48.0,iii,iii,,,False,27.0,Alfred State College
401411159,2022,11,Duke,Virginia Tech,24.0,7.0,fbs,fbs,1433.0,1326.0,False,-17.0,Duke
401432707,2022,11,Limestone,Emory & Henry,45.0,27.0,ii,ii,,,False,-18.0,Limestone
401404112,2022,11,West Virginia,Oklahoma,23.0,20.0,fbs,fbs,1374.0,1640.0,False,-3.0,West Virginia
401425429,2022,11,Central Connecticut,Merrimack,14.0,20.0,fcs,fcs,,,False,6.0,Merrimack
401432559,2022,11,Ithaca,SUNY Cortland,34.0,17.0,iii,iii,,,True,-17.0,Ithaca
401432109,2022,11,Charleston (WV),West Virginia State,35.0,42.0,ii,ii,,,False,7.0,West Virginia State
401405138,2022,11,Michigan State,Rutgers,27.0,21.0,fbs,fbs,1605.0,1290.0,False,-6.0,Michigan State
401405134,2022,11,Illinois,Purdue,24.0,31.0,fbs,fbs,1725.0,1599.0,False,7.0,Purdue
401403939,2022,11,Arkansas,LSU,10.0,13.0,fbs,fbs,1662.0,1708.0,False,3.0,LSU
401432391,2022,11,American International,St. Anselm,20.0,27.0,ii,ii,,,False,7.0,St. Anselm
401404156,2022,11,Connecticut,Liberty,36.0,33.0,fbs,fbs,1128.0,1640.0,False,-3.0,Connecticut
401432997,2022,11,California (PA),East Stroudsburg,31.0,7.0,ii,ii,,,False,-24.0,California (PA)
401405139,2022,11,Ohio State,Indiana,56.0,14.0,fbs,fbs,2184.0,1312.0,False,-42.0,Ohio State
401456159,2022,11,Framingham State,Worcester State College,21.0,16.0,iii,iii,,,False,-5.0,Framingham State
401423003,2022,11,Lehigh,Colgate,36.0,33.0,fcs,fcs,,,False,-3.0,Lehigh
401450191,2022,11,Tufts,Middlebury,65.0,34.0,iii,iii,,,False,-31.0,Tufts
401503090,2022,11,North Greenville,West Georgia,36.0,43.0,ii,ii,,,False,7.0,West Georgia
401422985,2022,11,Georgetown,Bucknell,21.0,24.0,fcs,fcs,,,False,3.0,Bucknell
401432725,2022,11,Hampden-Sydney,Randolph-Macon,17.0,38.0,iii,iii,,,False,21.0,Randolph-Macon
401441886,2022,11,WV Wesleyan,Glenville State,14.0,27.0,ii,ii,,,False,13.0,Glenville State
401431193,2022,11,Alma College,Albion,34.0,31.0,iii,iii,,,False,-3.0,Alma College
401432960,2022,11,Minnesota State,Winona State,40.0,13.0,ii,ii,,,False,-27.0,Minnesota State
401432965,2022,11,Upper Iowa,Sioux Falls,6.0,50.0,ii,ii,,,False,44.0,Sioux Falls
401433021,2022,11,Slippery Rock,Kutztown,21.0,23.0,ii,ii,,,False,2.0,Kutztown
401433123,2022,11,Lenoir-Rhyne,Tusculum,34.0,14.0,ii,ii,,,False,-20.0,Lenoir-Rhyne
401435058,2022,11,Newberry,Mars Hill,27.0,24.0,ii,ii,,,False,-3.0,Newberry
401438602,2022,11,Catawba,Carson-Newman,23.0,61.0,ii,ii,,,False,38.0,Carson-Newman
401431264,2022,11,Illinois College,Beloit College,65.0,13.0,iii,iii,,,False,-52.0,Illinois College
401426374,2022,11,Old Dominion,James Madison,3.0,37.0,fbs,fbs,1408.0,1446.0,False,34.0,James Madison
401426372,2022,11,Georgia State,Louisiana Monroe,28.0,31.0,fbs,fbs,1521.0,1101.0,False,3.0,Louisiana Monroe
401432428,2022,11,Concordia-St. Paul,Minot State,19.0,11.0,ii,ii,,,False,-8.0,Concordia-St. Paul
401430950,2022,11,Simpson College,Buena Vista,21.0,26.0,iii,iii,,,False,5.0,Buena Vista
401445924,2022,11,Western New England,Endicott College,21.0,26.0,iii,iii,,,False,5.0,Endicott College
401432099,2022,11,Alderson-Broaddus,Notre Dame College,3.0,27.0,ii,ii,,,False,24.0,Notre Dame College
401432126,2022,11,West Liberty,Frostburg State,23.0,28.0,ii,ii,,,False,5.0,Frostburg State
401446236,2022,11,Ursinus,Dickinson,38.0,14.0,iii,iii,,,False,-24.0,Ursinus
401418636,2022,11,Kennesaw State,Austin Peay,14.0,31.0,fcs,fcs,,,False,17.0,Austin Peay
401432843,2022,11,Westminster,Crown College,22.0,26.0,iii,iii,,,False,4.0,Crown College
401432580,2022,11,Ohio Wesleyan,Hiram,47.0,21.0,iii,iii,,,False,-26.0,Ohio Wesleyan
401432627,2022,11,DePauw,Wabash College,49.0,14.0,iii,iii,,,False,-35.0,DePauw
401420819,2022,11,North Dakota,South Dakota,28.0,19.0,fcs,fcs,,,False,-9.0,North Dakota
401431310,2022,11,St. Norbert,Concordia (IL),54.0,0.0,iii,iii,,,False,-54.0,St. Norbert
401422994,2022,11,Fordham,Lafayette,45.0,10.0,fcs,fcs,,,False,-35.0,Fordham
401423161,2022,11,Dayton,Morehead State,49.0,27.0,fcs,fcs,,,False,-22.0,Dayton
401424392,2022,11,William & Mary,Villanova,45.0,12.0,fcs,fcs,,,False,-33.0,William & Mary
401424401,2022,11,Hampton,Elon,24.0,38.0,fcs,fcs,,,False,14.0,Elon
401432542,2022,11,Carroll (WI),Washington (MO),7.0,37.0,iii,iii,,,False,30.0,Washington (MO)
401445174,2022,11,Widener,Delaware Valley,7.0,34.0,iii,iii,,,False,27.0,Delaware Valley
401445171,2022,11,St Lawrence,Buffalo State,31.0,7.0,iii,iii,,,False,-24.0,St Lawrence
401441935,2022,11,Susquehanna,Juniata,66.0,15.0,iii,iii,,,False,-51.0,Susquehanna
401441267,2022,11,Montclair State,William Paterson,14.0,17.0,iii,iii,,,False,3.0,William Paterson
401438674,2022,11,Guilford,Bridgewater (VA),22.0,64.0,iii,iii,,,False,42.0,Bridgewater (VA)
401438641,2022,11,Alvernia University,FDU-Florham,7.0,31.0,iii,iii,,,False,24.0,FDU-Florham
401437004,2022,11,Gettysburg,Franklin & Marshall,14.0,31.0,iii,iii,,,False,17.0,Franklin & Marshall
401435194,2022,11,Minnesota-Morris,Greenville,25.0,43.0,iii,iii,,,False,18.0,Greenville
401435121,2022,11,Wittenberg,Hilbert College,56.0,8.0,iii,iii,,,False,-48.0,Wittenberg
401435098,2022,11,Hobart,Rochester,27.0,7.0,iii,iii,,,False,-20.0,Hobart
401432879,2022,11,Southern Virginia,Brevard College,27.0,41.0,iii,iii,,,False,14.0,Brevard College
401431273,2022,11,Ripon,Lawrence,82.0,0.0,iii,iii,,,False,-82.0,Ripon
401431210,2022,11,Kalamazoo,Trine,19.0,42.0,iii,iii,,,False,23.0,Trine
401431186,2022,11,Adrian,Olivet College,28.0,0.0,iii,iii,,,False,-28.0,Adrian
401432717,2022,11,Ferrum,Averett,20.0,24.0,iii,iii,,,False,4.0,Averett
401432733,2022,11,Washington & Lee,Shenandoah,14.0,16.0,iii,iii,,,False,2.0,Shenandoah
401432771,2022,11,Geneva College,Westminster PA,0.0,49.0,iii,iii,,,False,49.0,Westminster PA
401432777,2022,11,Grove City College,Thiel College,66.0,6.0,iii,iii,,,False,-60.0,Grove City College
401432785,2022,11,Waynesburg,Washington & Jefferson,0.0,56.0,iii,iii,,,False,56.0,Washington & Jefferson
401432809,2022,11,Centre,Millsaps,57.0,3.0,iii,iii,,,False,-54.0,Centre
401445768,2022,11,Morrisville State,Hartwick,38.0,12.0,iii,iii,,,False,-26.0,Morrisville State
401432615,2022,11,Oberlin,Wooster,13.0,56.0,iii,iii,,,False,43.0,Wooster
401432588,2022,11,Denison,Kenyon,49.0,12.0,iii,iii,,,False,-37.0,Denison
401432419,2022,11,Wayne State (NE),Minnesota St-Moorhead,10.0,7.0,ii,ii,,,False,-3.0,Wayne State (NE)
401431584,2022,11,Ohio Dominican,Hillsdale,20.0,10.0,ii,ii,,,False,-10.0,Ohio Dominican
401424447,2022,11,Delaware,Richmond,13.0,21.0,fcs,fcs,,,False,8.0,Richmond
401424448,2022,11,New Hampshire,Rhode Island,31.0,28.0,fcs,fcs,,,False,-3.0,New Hampshire
401424449,2022,11,Stony Brook,Towson,17.0,21.0,fcs,fcs,,,False,4.0,Towson
401426254,2022,11,Howard,South Carolina State,28.0,14.0,fcs,fcs,,,False,-14.0,Howard
401431287,2022,11,Cornell College (IA),Grinnell,45.0,6.0,iii,iii,,,False,-39.0,Cornell College (IA)
401428195,2022,11,Campbell,Gardner-Webb,35.0,42.0,fcs,fcs,,,False,7.0,Gardner-Webb
401430974,2022,11,Luther,Nebraska Wesleyan University,35.0,28.0,iii,iii,,,False,-7.0,Luther
401431578,2022,11,Ashland,Kentucky Wesleyan,41.0,10.0,ii,ii,,,False,-31.0,Ashland
401415411,2022,11,Cornell,Dartmouth,17.0,13.0,fcs,fcs,,,False,-4.0,Cornell
401431116,2022,11,Alfred,Brockport State (NY),7.0,16.0,iii,iii,,,False,9.0,Brockport State (NY)
401435091,2022,11,St. John Fisher,Utica,21.0,35.0,iii,iii,,,False,14.0,Utica
401461021,2022,11,St. Vincent,Bethany (WV),36.0,7.0,iii,iii,,,False,-29.0,St. Vincent
401422977,2022,11,East Tennessee State,Western Carolina,17.0,20.0,fcs,fcs,,,False,3.0,Western Carolina
401418601,2022,11,Pennsylvania,Harvard,14.0,37.0,fcs,fcs,,,False,23.0,Harvard
401441992,2022,11,Long Island University,Stonehill,34.0,28.0,fcs,fcs,,,False,-6.0,Long Island University
401431297,2022,11,Knox College,Monmouth (IL),0.0,56.0,iii,iii,,,False,56.0,Monmouth (IL)
401431550,2022,11,Saginaw Valley,Michigan Tech,35.0,30.0,ii,ii,,,False,-5.0,Saginaw Valley
401430995,2022,11,Belhaven College,Maryville TN,22.0,25.0,iii,iii,,,False,3.0,Maryville TN
401418790,2022,11,Sam Houston State,Abilene Christian,28.0,45.0,fcs,fcs,,,False,17.0,Abilene Christian
401431560,2022,11,Northwood (MI),Walsh,34.0,14.0,ii,ii,,,False,-20.0,Northwood (MI)
401431570,2022,11,Wayne State (MI),Ferris State,14.0,40.0,ii,ii,,,False,26.0,Ferris State
401423416,2022,11,St. Thomas (MN),Stetson,23.0,0.0,fcs,fcs,,,False,-23.0,St. Thomas (MN)
401432822,2022,11,Trinity (TX),Sewanee Univ. of the South,38.0,0.0,iii,iii,,,False,-38.0,Trinity (TX)
401431126,2022,11,Franklin,Hanover,3.0,24.0,iii,iii,,,False,21.0,Hanover
401413211,2022,11,Wofford,VMI,34.0,16.0,fcs,fcs,,,False,-18.0,Wofford
401421135,2022,11,Chattanooga,Samford,24.0,35.0,fcs,fcs,,,False,11.0,Samford
401431142,2022,11,Mount St. Joseph,Rose-Hulman,40.0,31.0,iii,iii,,,False,-9.0,Mount St. Joseph
401432670,2022,11,Baldwin-Wallace,Mount Union,21.0,23.0,iii,iii,,,False,2.0,Mount Union
401433407,2022,11,Bluffton,Defiance,14.0,17.0,iii,iii,,,False,3.0,Defiance
401433139,2022,11,Wingate,UVA-Wise,45.0,7.0,ii,ii,,,False,-38.0,Wingate
401435184,2022,11,Capital,Heidelberg,30.0,44.0,iii,iii,,,False,14.0,Heidelberg
401435187,2022,11,Muskingum,Marietta,23.0,38.0,iii,iii,,,False,15.0,Marietta
401439526,2022,11,Anderson (IN),Manchester,19.0,12.0,iii,iii,,,False,-7.0,Anderson (IN)
401430967,2022,11,Dubuque,Central,21.0,24.0,iii,iii,,,False,3.0,Central
401409241,2022,11,New Mexico State,Lamar,51.0,14.0,fbs,fcs,1100.0,,False,-37.0,New Mexico State
401431944,2022,11,Missouri Western,Lincoln (MO),41.0,0.0,ii,ii,,,False,-41.0,Missouri Western
401431970,2022,11,Emporia State,Northwest Missouri State,21.0,27.0,ii,ii,,,False,6.0,Northwest Missouri State
401438628,2022,11,Anna Maria College,Castleton State College,27.0,26.0,iii,iii,,,False,-1.0,Anna Maria College
401438623,2022,11,Rhodes,Birmingham-Southern,20.0,3.0,iii,iii,,,False,-17.0,Rhodes
401421144,2022,11,The Citadel,Virginia Lynchburg,66.0,0.0,fcs,,,,False,-66.0,The Citadel
401433098,2022,11,Colorado Mines,Fort Lewis,80.0,0.0,ii,ii,,,False,-80.0,Colorado Mines
401433086,2022,11,South Dakota Mines,Chadron State,28.0,7.0,ii,ii,,,False,-21.0,South Dakota Mines
401432955,2022,11,Southwest Minnesota State,Augustana (SD),0.0,49.0,ii,ii,,,False,49.0,Augustana (SD)
401432411,2022,11,Northern State,Minnesota-Duluth,7.0,28.0,ii,ii,,,False,21.0,Minnesota-Duluth
401432155,2022,11,Wheeling Jesuit,Fairmont State,31.0,28.0,ii,ii,,,False,-3.0,Wheeling Jesuit
401415174,2022,11,Northern Colorado,Northern Arizona,21.0,20.0,fcs,fcs,,,False,-1.0,Northern Colorado
401432856,2022,11,Northwestern (MN),Martin Luther College,31.0,9.0,iii,iii,,,False,-22.0,Northwestern (MN)
401432570,2022,11,Benedictine (IL),Wisconsin Lutheran,49.0,35.0,iii,iii,,,False,-14.0,Benedictine (IL)
401432528,2022,11,Mary Hardin-Baylor,McMurry,62.0,3.0,iii,iii,,,False,-59.0,Mary Hardin-Baylor
401431317,2022,11,Aurora,Concordia (WI),42.0,0.0,iii,iii,,,False,-42.0,Aurora
401431085,2022,11,Elmhurst,Illinois Wesleyan,17.0,21.0,iii,iii,,,False,4.0,Illinois Wesleyan
401432802,2022,11,Berry College,Hendrix College,55.0,8.0,iii,iii,,,False,-47.0,Berry College
401430959,2022,11,Coe,Wartburg,14.0,19.0,iii,iii,,,False,5.0,Wartburg
401431498,2022,11,Indianapolis,Truman State,28.0,14.0,ii,ii,,,False,-14.0,Indianapolis
401431515,2022,11,Missouri S&T,Southwest Baptist,17.0,24.0,ii,ii,,,False,7.0,Southwest Baptist
401431524,2022,11,Quincy,William Jewell College,7.0,17.0,ii,ii,,,False,10.0,William Jewell College
401431893,2022,11,Midwestern State,Angelo State,19.0,37.0,ii,ii,,,False,18.0,Angelo State
401491900,2022,11,Benedict College,Tuskegee,58.0,21.0,ii,ii,,,False,-37.0,Benedict College
401431875,2022,11,Barton College,Erskine,51.0,22.0,ii,ii,,,False,-29.0,Barton College
401439517,2022,11,East Texas Baptist,North American University,43.0,6.0,iii,,,,False,-37.0,East Texas Baptist
401432895,2022,11,Wisconsin-La Crosse,Wisconsin-Platteville,31.0,10.0,iii,iii,,,False,-21.0,Wisconsin-La Crosse
401431076,2022,11,Carthage,Millikin,6.0,17.0,iii,iii,,,False,11.0,Millikin
401435200,2022,11,Huntingdon,LaGrange College,55.0,7.0,iii,iii,,,False,-48.0,Huntingdon
401435347,2022,11,Wisconsin-Eau Claire,UW-Oshkosh,0.0,61.0,iii,iii,,,False,61.0,UW-Oshkosh
401435216,2022,11,UW-Whitewater,Wisconsin-Stevens Point,79.0,10.0,iii,iii,,,False,-69.0,UW-Whitewater
401420795,2022,11,Norfolk State,North Carolina Central,14.0,48.0,fcs,fcs,,,False,34.0,North Carolina Central
401418843,2022,11,Western Illinois,Indiana State,0.0,21.0,fcs,fcs,,,False,21.0,Indiana State
401431005,2022,11,Austin College,Howard Payne,20.0,23.0,iii,iii,,,False,3.0,Howard Payne
401428473,2022,11,Murray State,Robert Morris,27.0,9.0,fcs,fcs,,,False,-18.0,Murray State
401413222,2022,11,Jacksonville State,Eastern Kentucky,42.0,17.0,fcs,fcs,,,False,-25.0,Jacksonville State
401420786,2022,11,Delaware State,Morgan State,7.0,37.0,fcs,fcs,,,False,30.0,Morgan State
401420839,2022,11,Southern Illinois,North Dakota State,18.0,21.0,fcs,fcs,,,False,3.0,North Dakota State
401432903,2022,11,UW-River Falls,UW-Stout,35.0,34.0,iii,iii,,,False,-1.0,UW-River Falls
401431508,2022,11,Lindenwood,McKendree,63.0,35.0,fcs,ii,,,False,-28.0,Lindenwood
401426607,2022,11,Western Kentucky,Rice,45.0,10.0,fbs,fbs,1742.0,1124.0,False,-35.0,Western Kentucky
401431100,2022,11,Wheaton College (Ill),North Park,54.0,14.0,iii,iii,,,False,-40.0,Wheaton College (Ill)
401431014,2022,11,Sul Ross State,Southwestern University,44.0,41.0,iii,iii,,,False,-3.0,Sul Ross State
401423142,2022,11,Drake,Butler,27.0,24.0,fcs,fcs,,,False,-3.0,Drake
401431028,2022,11,Texas Lutheran,Hardin-Simmons,16.0,45.0,iii,iii,,,False,29.0,Hardin-Simmons
401433079,2022,11,Black Hills State,Colorado State-Pueblo,0.0,38.0,ii,ii,,,False,38.0,Colorado State-Pueblo
401431093,2022,11,North Central,Augustana (IL),63.0,3.0,iii,iii,,,False,-60.0,North Central
401435113,2022,11,Lakeland University,Rockford,70.0,21.0,iii,iii,,,False,-49.0,Lakeland University
401432693,2022,11,Ohio Northern,Wilmington (OH),21.0,13.0,iii,iii,,,False,-8.0,Ohio Northern
401425454,2022,11,Eastern Illinois,Southeast Missouri State,7.0,31.0,fcs,fcs,,,False,24.0,Southeast Missouri State
401430748,2022,11,Arkansas-Monticello,Southern Arkansas,7.0,20.0,ii,ii,,,False,13.0,Southern Arkansas
401413264,2022,11,Weber State,Idaho State,45.0,7.0,fcs,fcs,,,False,-38.0,Weber State
401432402,2022,11,University of Mary,Bemidji State,14.0,51.0,ii,ii,,,False,37.0,Bemidji State
401430738,2022,11,Harding,Arkansas Tech,55.0,10.0,ii,ii,,,False,-45.0,Harding
401433093,2022,11,Colorado Mesa,New Mexico Highlands,56.0,36.0,ii,ii,,,False,-20.0,Colorado Mesa
401423455,2022,11,Alabama State,Florida A&M,14.0,21.0,fcs,fcs,,,False,7.0,Florida A&M
401413242,2022,11,Montana,Eastern Washington,63.0,7.0,fcs,fcs,,,False,-56.0,Montana
401503093,2022,11,Valdosta State,Shorter,30.0,28.0,ii,ii,,,False,-2.0,Valdosta State
401503092,2022,11,Delta State,West Alabama,17.0,7.0,ii,ii,,,False,-10.0,Delta State
401503091,2022,11,Mississippi College,West Florida,21.0,56.0,ii,ii,,,False,35.0,West Florida
401423952,2022,11,Southern,Mississippi Valley State,27.0,7.0,fcs,fcs,,,False,-20.0,Southern
401431952,2022,11,Missouri Southern State,Washburn,20.0,37.0,ii,ii,,,False,17.0,Washburn
401431925,2022,11,Central Oklahoma,Central Missouri State,13.0,10.0,ii,ii,,,False,-3.0,Central Oklahoma
401415655,2022,11,Houston,Temple,43.0,36.0,fbs,fbs,1529.0,1105.0,False,-7.0,Houston
401433069,2022,11,Western State,Adams State,52.0,10.0,ii,ii,,,False,-42.0,Western State
401431935,2022,11,Pittsburg State,Fort Hays State,35.0,14.0,ii,ii,,,False,-21.0,Pittsburg State
401432986,2022,11,Indiana (PA),Bloomsburg,,,ii,ii,,,False,,Bloomsburg
401462520,2022,11,Utah Tech,Tarleton State,34.0,28.0,fcs,fcs,,,False,-6.0,Utah Tech
401431464,2022,11,Henderson State,Ouachita Baptist,37.0,40.0,ii,ii,,,False,3.0,Ouachita Baptist
401431478,2022,11,East Central,Southeastern Oklahoma,31.0,10.0,ii,ii,,,False,-21.0,East Central
401424946,2022,11,Arkansas-Pine Bluff,Prairie View,24.0,55.0,fcs,fcs,,,False,31.0,Prairie View
401414784,2022,11,Arkansas State,UMass,35.0,33.0,fbs,fbs,1181.0,873.0,False,-2.0,Arkansas State
401462229,2022,11,Houston Christian,McNeese,10.0,21.0,fcs,fcs,,,False,11.0,McNeese
401418836,2022,11,South Dakota State,Illinois State,31.0,7.0,fcs,fcs,,,False,-24.0,South Dakota State
401420814,2022,11,Missouri State,Youngstown State,25.0,22.0,fcs,fcs,,,False,-3.0,Missouri State
401421162,2022,11,Mercer,Furman,13.0,23.0,fcs,fcs,,,False,10.0,Furman
401424934,2022,11,Alcorn State,Bethune-Cookman,17.0,14.0,fcs,fcs,,,False,-3.0,Alcorn State
401473449,2022,11,Southern Utah,Lincoln University (CA),55.0,0.0,fcs,,,,False,-55.0,Southern Utah
401431959,2022,11,Northeastern State,Nebraska-Kearney,0.0,42.0,ii,ii,,,False,42.0,Nebraska-Kearney
401411158,2022,11,Clemson,Louisville,31.0,16.0,fbs,fbs,1773.0,1749.0,False,-15.0,Clemson
401405140,2022,11,Penn State,Maryland,30.0,0.0,fbs,fbs,1871.0,1610.0,False,-30.0,Penn State
401404142,2022,11,Troy,Army,10.0,9.0,fbs,fbs,1477.0,1447.0,False,-1.0,Troy
401405135,2022,11,Iowa,Wisconsin,24.0,10.0,fbs,fbs,1702.0,1765.0,False,-14.0,Iowa
401404110,2022,11,Oklahoma State,Iowa State,20.0,14.0,fbs,fbs,1574.0,1731.0,False,-6.0,Oklahoma State
401411160,2022,11,Georgia Tech,Miami,14.0,35.0,fbs,fbs,1250.0,1339.0,False,21.0,Miami
401426605,2022,11,UT San Antonio,Louisiana Tech,51.0,7.0,fbs,fbs,1526.0,1209.0,False,-44.0,UT San Antonio
401426606,2022,11,UAB,North Texas,41.0,21.0,fbs,fbs,1548.0,1542.0,False,-20.0,UAB
401405136,2022,11,Minnesota,Northwestern,31.0,3.0,fbs,fbs,1724.0,1343.0,False,-28.0,Minnesota
401411161,2022,11,NC State,Boston College,20.0,21.0,fbs,fbs,1621.0,1258.0,False,1.0,Boston College
401405137,2022,11,Michigan,Nebraska,34.0,3.0,fbs,fbs,2058.0,1511.0,False,-31.0,Michigan
401432645,2022,11,Whitworth,George Fox University,14.0,28.0,iii,iii,,,False,14.0,George Fox University
401403943,2022,11,Ole Miss,Alabama,24.0,30.0,fbs,fbs,1694.0,2172.0,False,6.0,Alabama
401415657,2022,11,Tulane,UCF,31.0,38.0,fbs,fbs,1563.0,1691.0,False,7.0,UCF
401415256,2022,11,Air Force,New Mexico,35.0,3.0,fbs,fbs,1731.0,1087.0,False,-32.0,Air Force
401404035,2022,11,Washington State,Arizona State,28.0,18.0,fbs,fbs,1690.0,1492.0,False,-10.0,Washington State
401426373,2022,11,Marshall,Appalachian State,28.0,21.0,fbs,fbs,1548.0,1607.0,False,-7.0,Marshall
401426603,2022,11,Middle Tennessee,Charlotte,24.0,14.0,fbs,fbs,1298.0,1076.0,False,-10.0,Middle Tennessee
401435174,2022,11,Pacific Lutheran,Pacific (OR),7.0,18.0,iii,iii,,,False,11.0,Pacific (OR)
401438684,2022,11,Willamette,Puget Sound,20.0,26.0,iii,iii,,,False,6.0,Puget Sound
401432653,2022,11,Lewis & Clark,Linfield,7.0,70.0,iii,iii,,,False,63.0,Linfield
401435053,2022,11,Eastern New Mexico,Western New Mexico,24.0,38.0,ii,ii,,,False,14.0,Western New Mexico
401432369,2022,11,Southwestern Oklahoma,Northwestern Oklahoma State,41.0,28.0,ii,ii,,,False,-13.0,Southwestern Oklahoma
401432118,2022,11,UNC Pembroke,Concord,56.0,58.0,ii,ii,,,False,2.0,Concord
401432830,2022,11,Pomona-Pitzer,Claremont,28.0,14.0,iii,iii,,,False,-14.0,Pomona-Pitzer
401431600,2022,11,Central Washington,University of Texas of the Permian Basin,49.0,14.0,ii,ii,,,False,-35.0,Central Washington
401432836,2022,11,Redlands,Whittier,58.0,14.0,iii,iii,,,False,-44.0,Redlands
401461256,2022,11,La Verne,Chapman,14.0,42.0,iii,iii,,,False,28.0,Chapman
401462530,2022,11,Nicholls,Texas A&M-Commerce,12.0,10.0,fcs,fcs,,,False,-2.0,Nicholls
401403941,2022,11,Florida,South Carolina,38.0,6.0,fbs,fbs,1604.0,1539.0,False,-32.0,Florida
401423446,2022,11,Jackson State,Alabama A&M,27.0,13.0,fcs,fcs,,,True,-14.0,Jackson State
401425470,2022,11,Tennessee State,UT Martin,3.0,20.0,fcs,fcs,,,False,17.0,UT Martin
401462531,2022,11,Southeastern Louisiana,Northwestern State,23.0,7.0,fcs,fcs,,,False,-16.0,Southeastern Louisiana
401418781,2022,11,North Alabama,Tennessee Tech,27.0,35.0,fcs,fcs,,,False,8.0,Tennessee Tech
401421101,2022,11,San Diego,Davidson,31.0,14.0,fcs,fcs,,,False,-17.0,San Diego
401420876,2022,11,Stephen F. Austin,Central Arkansas,7.0,34.0,fcs,fcs,,,False,27.0,Central Arkansas
401426375,2022,11,South Alabama,Texas State,38.0,21.0,fbs,fbs,1508.0,1247.0,False,-17.0,South Alabama
401432636,2022,11,Salisbury,Christopher Newport,36.0,33.0,iii,iii,,,False,-3.0,Salisbury
401445218,2022,11,Bowdoin,Colby,21.0,14.0,iii,iii,,,False,-7.0,Bowdoin
401432339,2022,11,Edward Waters,Allen,38.0,12.0,ii,ii,,,False,-26.0,Edward Waters
401404037,2022,11,Oregon,Washington,34.0,37.0,fbs,fbs,1742.0,1603.0,False,3.0,Washington
401423924,2022,11,Texas Southern,Grambling,41.0,7.0,fcs,fcs,,,False,-34.0,Texas Southern
401404111,2022,11,Texas Tech,Kansas,43.0,28.0,fbs,fbs,1551.0,1451.0,False,-15.0,Texas Tech
401404109,2022,11,Baylor,Kansas State,3.0,31.0,fbs,fbs,1785.0,1831.0,False,28.0,Kansas State
401432757,2022,11,Case Western Reserve,Carnegie Mellon,7.0,20.0,iii,iii,,,False,13.0,Carnegie Mellon
401431471,2022,11,Oklahoma Baptist,Southern Nazarene,21.0,56.0,ii,ii,,,False,35.0,Southern Nazarene
401415258,2022,11,Colorado State,Wyoming,13.0,14.0,fbs,fbs,1208.0,1408.0,False,1.0,Wyoming
401413252,2022,11,Idaho,UC Davis,26.0,44.0,fcs,fcs,,,False,18.0,UC Davis
401426604,2022,11,Florida International,Florida Atlantic,7.0,52.0,fbs,fbs,960.0,1392.0,False,45.0,Florida Atlantic
401403944,2022,11,Mississippi State,Georgia,19.0,45.0,fbs,fbs,1688.0,2168.0,False,26.0,Georgia
401426371,2022,11,Coastal Carolina,Southern Mississippi,26.0,23.0,fbs,fbs,1566.0,1273.0,False,-3.0,Coastal Carolina
401411164,2022,11,Wake Forest,North Carolina,34.0,36.0,fbs,fbs,1667.0,1640.0,False,2.0,North Carolina
401404113,2022,11,Texas,TCU,10.0,17.0,fbs,fbs,1893.0,1677.0,False,7.0,TCU
401403940,2022,11,Auburn,Texas A&M,13.0,10.0,fbs,fbs,1502.0,1603.0,False,-3.0,Auburn
401411162,2022,11,Syracuse,Florida State,3.0,38.0,fbs,fbs,1547.0,1708.0,False,35.0,Florida State
401431618,2022,11,Texas A&M-Kingsville,Western Oregon,37.0,48.0,ii,ii,,,False,11.0,Western Oregon
401413233,2022,11,Cal Poly,Montana State,28.0,72.0,fcs,fcs,,,False,44.0,Montana State
401431609,2022,11,Simon Fraser,West Texas A&M,46.0,14.0,ii,ii,,,True,-32.0,Simon Fraser
401404036,2022,11,Oregon State,California,38.0,10.0,fbs,fbs,1627.0,1450.0,False,-28.0,Oregon State
401404038,2022,11,Utah,Stanford,42.0,7.0,fbs,fbs,1854.0,1260.0,False,-35.0,Utah
401404034,2022,11,UCLA,Arizona,28.0,34.0,fbs,fbs,1738.0,1322.0,False,6.0,Arizona
401415260,2022,11,San Diego State,San José State,43.0,27.0,fbs,fbs,1422.0,1534.0,False,-16.0,San Diego State
401415255,2022,11,Nevada,Boise State,3.0,41.0,fbs,fbs,1344.0,1685.0,False,38.0,Boise State
401415257,2022,11,Hawai'i,Utah State,34.0,41.0,fbs,fbs,1090.0,1415.0,False,7.0,Utah State
401416642,2022,12,Toledo,Bowling Green,35.0,42.0,fbs,fbs,1549.0,1096.0,False,7.0,Bowling Green
401416643,2022,12,Ball State,Ohio,18.0,32.0,fbs,fbs,1306.0,1451.0,False,14.0,Ohio
401416644,2022,12,Kent State,Eastern Michigan,24.0,31.0,fbs,fbs,1355.0,1299.0,False,7.0,Eastern Michigan
401416646,2022,12,Northern Illinois,Miami (OH),23.0,29.0,fbs,fbs,1360.0,1374.0,False,6.0,Miami (OH)
401416645,2022,12,Central Michigan,Western Michigan,10.0,12.0,fbs,fbs,1361.0,1275.0,False,2.0,Western Michigan
401462532,2022,12,Nicholls,Southeastern Louisiana,17.0,40.0,fcs,fcs,,,False,23.0,Southeastern Louisiana
401415658,2022,12,Tulane,SMU,59.0,24.0,fbs,fbs,1560.0,1610.0,False,-35.0,Tulane
401415659,2022,12,Tulsa,South Florida,48.0,42.0,fbs,fbs,1343.0,1100.0,False,-6.0,Tulsa
401415264,2022,12,New Mexico,San Diego State,10.0,34.0,fbs,fbs,1072.0,1467.0,False,24.0,San Diego State
401415661,2022,12,UCF,Navy,14.0,17.0,fbs,fbs,1694.0,1441.0,False,3.0,Navy
401403946,2022,12,Alabama,Austin Peay,34.0,0.0,fbs,fcs,2166.0,,False,-34.0,Alabama
401420827,2022,12,Youngstown State,Southern Illinois,28.0,21.0,fcs,fcs,,,False,-7.0,Youngstown State
401424453,2022,12,Maine,New Hampshire,41.0,42.0,fcs,fcs,,,False,1.0,New Hampshire
401504187,2022,12,Alma College,Mount St. Joseph,41.0,21.0,iii,iii,,,False,-20.0,Alma College
401504192,2022,12,Ithaca,UMass Dartmouth,63.0,20.0,iii,iii,,,False,-43.0,Ithaca
401405142,2022,12,Nebraska,Wisconsin,14.0,15.0,fbs,fbs,1489.0,1731.0,False,1.0,Wisconsin
401413212,2022,12,Furman,Wofford,63.0,28.0,fcs,fcs,,,False,-35.0,Furman
401403951,2022,12,Mississippi State,East Tennessee State,56.0,7.0,fbs,fcs,1644.0,,False,-49.0,Mississippi State
401421102,2022,12,Morehead State,San Diego,9.0,14.0,fcs,fcs,,,False,5.0,San Diego
401423432,2022,12,Merrimack,St Francis (PA),23.0,52.0,fcs,fcs,,,False,29.0,St Francis (PA)
401411169,2022,12,Pittsburgh,Duke,28.0,26.0,fbs,fbs,1655.0,1460.0,False,-2.0,Pittsburgh
401405146,2022,12,Michigan State,Indiana,31.0,39.0,fbs,fbs,1598.0,1295.0,False,8.0,Indiana
401405145,2022,12,Michigan,Illinois,19.0,17.0,fbs,fbs,2080.0,1702.0,False,-2.0,Michigan
401421145,2022,12,VMI,The Citadel,22.0,26.0,fcs,fcs,,,False,4.0,The Citadel
401405143,2022,12,Purdue,Northwestern,17.0,9.0,fbs,fbs,1622.0,1312.0,False,-8.0,Purdue
401404165,2022,12,Liberty,Virginia Tech,22.0,23.0,fbs,fbs,1631.0,1299.0,False,1.0,Virginia Tech
401404143,2022,12,Army,Connecticut,34.0,17.0,fbs,fbs,1447.0,1137.0,False,-17.0,Army
401404114,2022,12,Baylor,TCU,28.0,29.0,fbs,fbs,1714.0,1708.0,False,1.0,TCU
401403954,2022,12,Texas A&M,UMass,20.0,3.0,fbs,fbs,1601.0,877.0,False,-17.0,Texas A&M
401504194,2022,12,Susquehanna,Utica,10.0,17.0,iii,iii,,,False,7.0,Utica
401403955,2022,12,Vanderbilt,Florida,31.0,24.0,fbs,fbs,1298.0,1683.0,False,-7.0,Vanderbilt
401423438,2022,12,Duquesne,Wagner,33.0,0.0,fcs,fcs,,,False,-33.0,Duquesne
401504195,2022,12,Randolph-Macon,SUNY Cortland,35.0,28.0,iii,iii,,,False,-7.0,Randolph-Macon
401424393,2022,12,Richmond,William & Mary,26.0,37.0,fcs,fcs,,,False,11.0,William & Mary
401504174,2022,12,Shepherd,New Haven,16.0,13.0,ii,ii,,,False,-3.0,Shepherd
401423424,2022,12,Sacred Heart,Long Island University,34.0,37.0,fcs,fcs,,,False,3.0,Long Island University
401420787,2022,12,Morgan State,Howard,6.0,35.0,fcs,fcs,,,False,29.0,Howard
401504193,2022,12,Mount Union,Salisbury,51.0,0.0,iii,iii,,,False,-51.0,Mount Union
401504196,2022,12,Delaware Valley,Gallaudet,59.0,0.0,iii,iii,,,False,-59.0,Delaware Valley
401418602,2022,12,Harvard,Yale,14.0,19.0,fcs,fcs,,,False,5.0,Yale
401423143,2022,12,Butler,St. Thomas (MN),13.0,27.0,fcs,fcs,,,False,14.0,St. Thomas (MN)
401428474,2022,12,Robert Morris,Bryant,6.0,35.0,fcs,fcs,,,False,29.0,Bryant
401424411,2022,12,Monmouth,Stony Brook,24.0,21.0,fcs,fcs,,,False,-3.0,Monmouth
401504190,2022,12,Carnegie Mellon,DePauw,45.0,14.0,iii,iii,,,False,-31.0,Carnegie Mellon
401504191,2022,12,Endicott College,Springfield,14.0,17.0,iii,iii,,,False,3.0,Springfield
401504175,2022,12,Assumption,Slippery Rock,14.0,17.0,ii,ii,,,False,3.0,Slippery Rock
401411166,2022,12,Florida State,Louisiana,49.0,17.0,fbs,fbs,1788.0,1590.0,False,-32.0,Florida State
401418837,2022,12,Illinois State,Western Illinois,20.0,13.0,fcs,fcs,,,False,-7.0,Illinois State
401428221,2022,12,Gardner-Webb,North Carolina A&T,38.0,17.0,fcs,fcs,,,False,-21.0,Gardner-Webb
401422995,2022,12,Lafayette,Lehigh,14.0,11.0,fcs,fcs,,,False,-3.0,Lafayette
401425417,2022,12,Georgetown,Holy Cross,10.0,47.0,fcs,fcs,,,False,37.0,Holy Cross
401422927,2022,12,Samford,Mercer,50.0,44.0,fcs,fcs,,,False,-6.0,Samford
401421136,2022,12,Western Carolina,Chattanooga,32.0,29.0,fcs,fcs,,,False,-3.0,Western Carolina
401422986,2022,12,Bucknell,Marist,24.0,13.0,fcs,fcs,,,False,-11.0,Bucknell
401424452,2022,12,Towson,Hampton,27.0,7.0,fcs,fcs,,,False,-20.0,Towson
401504181,2022,12,West Florida,Limestone,45.0,19.0,ii,ii,,,True,-26.0,West Florida
401504173,2022,12,Ashland,Notre Dame College,20.0,13.0,ii,ii,,,False,-7.0,Ashland
401428482,2022,12,Fordham,Colgate,52.0,38.0,fcs,fcs,,,False,-14.0,Fordham
401441290,2022,12,Stonehill,Central Connecticut,14.0,39.0,fcs,fcs,,,False,25.0,Central Connecticut
401423151,2022,12,Davidson,Dayton,24.0,23.0,fcs,fcs,,,False,-1.0,Davidson
401504199,2022,12,Wheaton College (Ill),Bethel (MN),32.0,34.0,iii,iii,,,False,2.0,Bethel (MN)
401423417,2022,12,Stetson,Presbyterian College,42.0,21.0,fcs,fcs,,,False,-21.0,Stetson
401421115,2022,12,Valparaiso,Drake,0.0,24.0,fcs,fcs,,,False,24.0,Drake
401504198,2022,12,Mary Hardin-Baylor,Huntingdon,54.0,0.0,iii,iii,,,False,-54.0,Mary Hardin-Baylor
401504197,2022,12,Trinity (TX),Hardin-Simmons,14.0,7.0,iii,iii,,,False,-7.0,Trinity (TX)
401504189,2022,12,North Central,Lake Forest,50.0,0.0,iii,iii,,,False,-50.0,North Central
401504184,2022,12,Minnesota State,Wayne State (NE),26.0,9.0,ii,ii,,,False,-17.0,Minnesota State
401423917,2022,12,Princeton,Pennsylvania,19.0,20.0,fcs,fcs,,,False,1.0,Pennsylvania
401424450,2022,12,Rhode Island,Albany,35.0,21.0,fcs,fcs,,,False,-14.0,Rhode Island
401424451,2022,12,Villanova,Delaware,29.0,26.0,fcs,fcs,,,False,-3.0,Villanova
401504186,2022,12,Wartburg,Wisconsin-La Crosse,14.0,6.0,iii,iii,,,False,-8.0,Wartburg
401426611,2022,12,Rice,UT San Antonio,7.0,41.0,fbs,fbs,1099.0,1613.0,False,34.0,UT San Antonio
401504179,2022,12,Virginia Union,Wingate,7.0,32.0,ii,ii,,,False,25.0,Wingate
401420872,2022,12,Sam Houston State,Southern Utah,7.0,17.0,fcs,fcs,,,False,10.0,Southern Utah
401504177,2022,12,Ferris State,Davenport,41.0,7.0,ii,ii,,,False,-34.0,Ferris State
401504188,2022,12,UW-Whitewater,Aurora,28.0,33.0,iii,iii,,,False,5.0,Aurora
401418844,2022,12,Indiana State,Missouri State,7.0,24.0,fcs,fcs,,,False,17.0,Missouri State
401415204,2022,12,Columbia,Cornell,45.0,22.0,fcs,fcs,,,False,-23.0,Columbia
401504185,2022,12,St. Johns (MN),Northwestern (MN),49.0,0.0,iii,iii,,,False,-49.0,St. Johns (MN)
401415195,2022,12,Dartmouth,Brown,30.0,7.0,fcs,fcs,,,False,-23.0,Dartmouth
401420796,2022,12,South Carolina State,Norfolk State,38.0,42.0,fcs,fcs,,,False,4.0,Norfolk State
401404117,2022,12,West Virginia,Kansas State,31.0,48.0,fbs,fbs,1379.0,1902.0,False,17.0,Kansas State
401425455,2022,12,Southeast Missouri State,Murray State,52.0,22.0,fcs,fcs,,,False,-30.0,Southeast Missouri State
401420831,2022,12,South Dakota,Northern Iowa,14.0,58.0,fcs,fcs,,,False,44.0,Northern Iowa
401425421,2022,12,Mississippi Valley State,Prairie View,27.0,7.0,fcs,fcs,,,False,-20.0,Mississippi Valley State
401420854,2022,12,Northwestern State,Incarnate Word,7.0,66.0,fcs,fcs,,,False,59.0,Incarnate Word
401415662,2022,12,Memphis,North Alabama,59.0,0.0,fbs,fcs,1506.0,,False,-59.0,Memphis
401415660,2022,12,East Carolina,Houston,3.0,42.0,fbs,fbs,1587.0,1517.0,False,39.0,Houston
401504178,2022,12,Pittsburg State,Indianapolis,35.0,0.0,ii,ii,,,False,-35.0,Pittsburg State
401504176,2022,12,Ouachita Baptist,Northwest Missouri State,17.0,47.0,ii,ii,,,False,30.0,Northwest Missouri State
401504180,2022,12,Delta State,Fayetteville State,51.0,0.0,ii,ii,,,False,-51.0,Delta State
401504182,2022,12,Bemidji State,Winona State,31.0,7.0,ii,ii,,,False,-24.0,Bemidji State
401504183,2022,12,Colorado Mines,Colorado State-Pueblo,45.0,24.0,ii,ii,,,False,-21.0,Colorado Mines
401413339,2022,12,Montana State,Montana,55.0,21.0,fcs,fcs,,,False,-34.0,Montana State
401423447,2022,12,Alabama A&M,Texas Southern,24.0,20.0,fcs,fcs,,,False,-4.0,Alabama A&M
401425518,2022,12,Delaware State,Campbell,7.0,34.0,fcs,fcs,,,False,27.0,Campbell
401404039,2022,12,Arizona,Washington State,20.0,31.0,fbs,fbs,1368.0,1693.0,False,11.0,Washington State
401426378,2022,12,James Madison,Georgia State,42.0,40.0,fbs,fbs,1539.0,1488.0,False,-2.0,James Madison
401404040,2022,12,Arizona State,Oregon State,7.0,31.0,fbs,fbs,1489.0,1680.0,False,24.0,Oregon State
401420805,2022,12,Tennessee Tech,North Carolina Central,20.0,22.0,fcs,fcs,,,False,2.0,North Carolina Central
401404132,2022,12,Notre Dame,Boston College,44.0,0.0,fbs,fbs,1831.0,1279.0,False,-44.0,Notre Dame
401424942,2022,12,Florida A&M,Bethune-Cookman,41.0,20.0,fcs,fcs,,,True,-21.0,Florida A&M
401426376,2022,12,Appalachian State,Old Dominion,27.0,14.0,fbs,fbs,1594.0,1315.0,False,-13.0,Appalachian State
401420845,2022,12,UT Martin,Eastern Illinois,34.0,31.0,fcs,fcs,,,False,-3.0,UT Martin
401413253,2022,12,Idaho State,Idaho,7.0,38.0,fcs,fcs,,,False,31.0,Idaho
401418801,2022,12,Tarleton State,Houston Christian,49.0,7.0,fcs,fcs,,,False,-42.0,Tarleton State
401418643,2022,12,Eastern Kentucky,Kennesaw State,45.0,38.0,fcs,fcs,,,False,-7.0,Eastern Kentucky
401415175,2022,12,Northern Arizona,Weber State,31.0,33.0,fcs,fcs,,,False,2.0,Weber State
401424935,2022,12,Alcorn State,Jackson State,13.0,24.0,fcs,fcs,,,False,11.0,Jackson State
401504200,2022,12,Linfield,Pomona-Pitzer,51.0,24.0,iii,iii,,,False,-27.0,Linfield
401421127,2022,12,Texas A&M-Commerce,Tennessee State,14.0,22.0,fcs,fcs,,,False,8.0,Tennessee State
401426610,2022,12,Middle Tennessee,Florida Atlantic,49.0,21.0,fbs,fbs,1300.0,1470.0,False,-28.0,Middle Tennessee
401426608,2022,12,Charlotte,Louisiana Tech,26.0,21.0,fbs,fbs,1074.0,1122.0,False,-5.0,Charlotte
401426381,2022,12,Troy,Louisiana Monroe,34.0,16.0,fbs,fbs,1477.0,1134.0,False,-18.0,Troy
401420820,2022,12,North Dakota State,North Dakota,42.0,21.0,fcs,fcs,,,False,-21.0,North Dakota State
401418791,2022,12,Abilene Christian,Stephen F. Austin,21.0,24.0,fcs,fcs,,,False,3.0,Stephen F. Austin
401411167,2022,12,Louisville,NC State,25.0,10.0,fbs,fbs,1720.0,1600.0,False,-15.0,Louisville
401411165,2022,12,Clemson,Miami,40.0,10.0,fbs,fbs,1802.0,1383.0,False,-30.0,Clemson
401405147,2022,12,Rutgers,Penn State,10.0,55.0,fbs,fbs,1297.0,1920.0,False,45.0,Penn State
401405144,2022,12,Maryland,Ohio State,30.0,43.0,fbs,fbs,1561.0,2201.0,False,13.0,Ohio State
401403949,2022,12,Kentucky,Georgia,6.0,16.0,fbs,fbs,1583.0,2184.0,False,10.0,Georgia
401420863,2022,12,BYU,Utah Tech,52.0,26.0,fbs,fcs,1525.0,,False,-26.0,BYU
401426379,2022,12,Southern Mississippi,South Alabama,20.0,27.0,fbs,fbs,1276.0,1522.0,False,7.0,South Alabama
401404116,2022,12,Kansas,Texas,14.0,55.0,fbs,fbs,1429.0,1862.0,False,41.0,Texas
401415663,2022,12,Temple,Cincinnati,3.0,23.0,fbs,fbs,1117.0,1762.0,False,20.0,Cincinnati
401426613,2022,12,Auburn,Western Kentucky,41.0,17.0,fbs,fbs,1504.0,1767.0,False,-24.0,Auburn
401413243,2022,12,Eastern Washington,Northern Colorado,45.0,21.0,fcs,fcs,,,False,-24.0,Eastern Washington
401405141,2022,12,Minnesota,Iowa,10.0,13.0,fbs,fbs,1755.0,1736.0,False,3.0,Iowa
401426609,2022,12,UTEP,Florida International,40.0,6.0,fbs,fbs,1252.0,882.0,False,-34.0,UTEP
401415185,2022,12,Sacramento State,UC Davis,27.0,21.0,fcs,fcs,,,False,-6.0,Sacramento State
401413223,2022,12,Central Arkansas,Jacksonville State,17.0,40.0,fcs,fcs,,,False,23.0,Jacksonville State
401426380,2022,12,Texas State,Arkansas State,16.0,13.0,fbs,fbs,1233.0,1177.0,False,-3.0,Texas State
401404041,2022,12,California,Stanford,27.0,20.0,fbs,fbs,1397.0,1233.0,False,-7.0,California
401411168,2022,12,North Carolina,Georgia Tech,17.0,21.0,fbs,fbs,1644.0,1206.0,False,4.0,Georgia Tech
401426377,2022,12,Georgia Southern,Marshall,10.0,23.0,fbs,fbs,1390.0,1561.0,False,13.0,Marshall
401415261,2022,12,Wyoming,Boise State,17.0,20.0,fbs,fbs,1400.0,1752.0,False,3.0,Boise State
401403953,2022,12,South Carolina,Tennessee,63.0,38.0,fbs,fbs,1460.0,2018.0,False,-25.0,South Carolina
401404115,2022,12,Iowa State,Texas Tech,10.0,14.0,fbs,fbs,1716.0,1573.0,False,4.0,Texas Tech
401403952,2022,12,Missouri,New Mexico State,45.0,14.0,fbs,fbs,1424.0,1081.0,False,-31.0,Missouri
401403947,2022,12,Arkansas,Ole Miss,42.0,27.0,fbs,fbs,1660.0,1715.0,False,-15.0,Arkansas
401404118,2022,12,Oklahoma,Oklahoma State,28.0,13.0,fbs,fbs,1635.0,1589.0,False,-15.0,Oklahoma
401411171,2022,12,Wake Forest,Syracuse,45.0,35.0,fbs,fbs,1663.0,1467.0,False,-10.0,Wake Forest
401404044,2022,12,UCLA,USC,45.0,48.0,fbs,fbs,1692.0,1753.0,False,3.0,USC
401413234,2022,12,Cal Poly,Portland State,49.0,42.0,fcs,fcs,,,False,-7.0,Cal Poly
401420868,2022,12,McNeese,Lamar,24.0,20.0,fcs,fcs,,,False,-4.0,McNeese
401426612,2022,12,LSU,UAB,41.0,10.0,fbs,fbs,1710.0,1594.0,False,-31.0,LSU
401404042,2022,12,Washington,Colorado,54.0,7.0,fbs,fbs,1616.0,1072.0,False,-47.0,Washington
401415262,2022,12,Air Force,Colorado State,24.0,12.0,fbs,fbs,1746.0,1216.0,False,-12.0,Air Force
401415265,2022,12,Utah State,San José State,35.0,31.0,fbs,fbs,1405.0,1489.0,False,-4.0,Utah State
401415263,2022,12,Nevada,Fresno State,14.0,41.0,fbs,fbs,1277.0,1583.0,False,27.0,Fresno State
401404043,2022,12,Oregon,Utah,20.0,17.0,fbs,fbs,1729.0,1881.0,False,-3.0,Oregon
401415266,2022,12,Hawai'i,UNLV,31.0,25.0,fbs,fbs,1100.0,1288.0,False,-6.0,Hawai'i
401416648,2022,13,Miami (OH),Ball State,18.0,17.0,fbs,fbs,1384.0,1288.0,False,-1.0,Miami (OH)
401416649,2022,13,Ohio,Bowling Green,38.0,14.0,fbs,fbs,1469.0,1149.0,False,-24.0,Ohio
401423456,2022,13,Alabama State,Arkansas-Pine Bluff,14.0,19.0,fcs,fcs,,,False,5.0,Arkansas-Pine Bluff
401403956,2022,13,Ole Miss,Mississippi State,22.0,24.0,fbs,fbs,1679.0,1672.0,False,2.0,Mississippi State
401404119,2022,13,Texas,Baylor,38.0,27.0,fbs,fbs,1927.0,1713.0,False,-11.0,Texas
401416650,2022,13,Eastern Michigan,Central Michigan,38.0,19.0,fbs,fbs,1317.0,1353.0,False,-19.0,Eastern Michigan
401416651,2022,13,Western Michigan,Toledo,20.0,14.0,fbs,fbs,1283.0,1496.0,False,-6.0,Western Michigan
401415665,2022,13,Cincinnati,Tulane,24.0,27.0,fbs,fbs,1749.0,1665.0,False,3.0,Tulane
401415269,2022,13,Boise State,Utah State,42.0,23.0,fbs,fbs,1737.0,1411.0,False,-19.0,Boise State
401404045,2022,13,Arizona,Arizona State,38.0,35.0,fbs,fbs,1372.0,1448.0,False,-3.0,Arizona
401403961,2022,13,Missouri,Arkansas,29.0,27.0,fbs,fbs,1467.0,1696.0,False,-2.0,Missouri
401411172,2022,13,North Carolina,NC State,27.0,30.0,fbs,fbs,1605.0,1579.0,False,3.0,NC State
401415268,2022,13,Colorado State,New Mexico,17.0,0.0,fbs,fbs,1231.0,1052.0,False,-17.0,Colorado State
401405148,2022,13,Iowa,Nebraska,17.0,24.0,fbs,fbs,1742.0,1499.0,False,7.0,Nebraska
401404046,2022,13,California,UCLA,28.0,35.0,fbs,fbs,1398.0,1691.0,False,7.0,UCLA
401403958,2022,13,Florida State,Florida,45.0,38.0,fbs,fbs,1851.0,1649.0,False,-7.0,Florida State
401415270,2022,13,Fresno State,Wyoming,30.0,0.0,fbs,fbs,1620.0,1415.0,False,-30.0,Fresno State
401426615,2022,13,Florida Atlantic,Western Kentucky,31.0,32.0,fbs,fbs,1375.0,1675.0,False,1.0,Western Kentucky
401426390,2022,13,Marshall,Georgia State,28.0,23.0,fbs,fbs,1574.0,1488.0,False,-5.0,Marshall
401426389,2022,13,South Alabama,Old Dominion,27.0,20.0,fbs,fbs,1517.0,1312.0,False,-7.0,South Alabama
401505436,2022,13,Furman,Elon,31.0,6.0,fcs,fcs,,,False,-25.0,Furman
401426383,2022,13,James Madison,Coastal Carolina,47.0,7.0,fbs,fbs,1539.0,1563.0,False,-40.0,James Madison
401405152,2022,13,Maryland,Rutgers,37.0,0.0,fbs,fbs,1585.0,1243.0,False,-37.0,Maryland
401404166,2022,13,Liberty,New Mexico State,14.0,49.0,fbs,fbs,1612.0,1038.0,False,35.0,New Mexico State
401404144,2022,13,UMass,Army,7.0,44.0,fbs,fbs,899.0,1456.0,False,37.0,Army
401404123,2022,13,Oklahoma State,West Virginia,19.0,24.0,fbs,fbs,1562.0,1387.0,False,5.0,West Virginia
401403962,2022,13,Clemson,South Carolina,30.0,31.0,fbs,fbs,1834.0,1599.0,False,1.0,South Carolina
401405153,2022,13,Ohio State,Michigan,23.0,45.0,fbs,fbs,2177.0,2075.0,False,22.0,Michigan
401403959,2022,13,Georgia,Georgia Tech,37.0,14.0,fbs,fbs,2159.0,1245.0,False,-23.0,Georgia
401505358,2022,13,Mount Union,Utica,45.0,7.0,iii,iii,,,False,-38.0,Mount Union
401505350,2022,13,Shepherd,Slippery Rock,37.0,27.0,ii,ii,,,False,-10.0,Shepherd
401505355,2022,13,Alma College,Aurora,26.0,48.0,iii,iii,,,False,22.0,Aurora
401505356,2022,13,St. Johns (MN),Wartburg,20.0,23.0,iii,iii,,,False,3.0,Wartburg
401505352,2022,13,Ithaca,Springfield,31.0,20.0,iii,iii,,,False,-11.0,Ithaca
401505357,2022,13,Delaware Valley,Randolph-Macon,39.0,32.0,iii,iii,,,False,-7.0,Delaware Valley
401505354,2022,13,Benedict College,Wingate,6.0,23.0,ii,ii,,,False,17.0,Wingate
401415664,2022,13,Temple,East Carolina,46.0,49.0,fbs,fbs,1130.0,1459.0,False,3.0,East Carolina
401505353,2022,13,Trinity (TX),Mary Hardin-Baylor,17.0,24.0,iii,iii,,,False,7.0,Mary Hardin-Baylor
401505359,2022,13,Indiana (PA),Ashland,19.0,13.0,ii,ii,,,False,-6.0,Indiana (PA)
401416653,2022,13,Buffalo,Kent State,27.0,30.0,fbs,fbs,1397.0,1337.0,False,3.0,Kent State
401505351,2022,13,North Central,Carnegie Mellon,28.0,7.0,iii,iii,,,False,-21.0,North Central
401505360,2022,13,Grand Valley State,Northwest Missouri State,13.0,8.0,ii,ii,,,False,-5.0,Grand Valley State
401505361,2022,13,Ferris State,Pittsburg State,17.0,14.0,ii,ii,,,False,-3.0,Ferris State
401416652,2022,13,Northern Illinois,Akron,12.0,44.0,fbs,fbs,1350.0,1004.0,False,32.0,Akron
401505437,2022,13,Richmond,Davidson,41.0,0.0,fcs,fcs,,,False,-41.0,Richmond
401505430,2022,13,Delaware,St Francis (PA),56.0,17.0,fcs,fcs,,,False,-39.0,Delaware
401505431,2022,13,New Hampshire,Fordham,52.0,42.0,fcs,fcs,,,False,-10.0,New Hampshire
401423953,2022,13,Southern,Grambling,34.0,17.0,fcs,fcs,,,True,-17.0,Southern
401505364,2022,13,Colorado Mines,Minnesota State,48.0,45.0,ii,ii,,,False,-3.0,Colorado Mines
401505362,2022,13,Angelo State,Bemidji State,33.0,7.0,ii,ii,,,False,-26.0,Angelo State
401426617,2022,13,North Texas,Rice,21.0,17.0,fbs,fbs,1496.0,1064.0,False,-4.0,North Texas
401505363,2022,13,Delta State,West Florida,27.0,38.0,ii,ii,,,False,11.0,West Florida
401403960,2022,13,Kentucky,Louisville,26.0,13.0,fbs,fbs,1608.0,1741.0,False,-13.0,Kentucky
401505390,2022,13,Linfield,Bethel (MN),13.0,30.0,iii,iii,,,False,17.0,Bethel (MN)
401415271,2022,13,San José State,Hawai'i,27.0,14.0,fbs,fbs,1483.0,1117.0,False,-13.0,San José State
401405150,2022,13,Wisconsin,Minnesota,16.0,23.0,fbs,fbs,1721.0,1749.0,False,7.0,Minnesota
401405149,2022,13,Northwestern,Illinois,3.0,41.0,fbs,fbs,1318.0,1707.0,False,38.0,Illinois
401426618,2022,13,UT San Antonio,UTEP,34.0,31.0,fbs,fbs,1648.0,1301.0,False,-3.0,UT San Antonio
401411174,2022,13,Duke,Wake Forest,34.0,31.0,fbs,fbs,1462.0,1667.0,False,-3.0,Duke
401405151,2022,13,Indiana,Purdue,16.0,30.0,fbs,fbs,1338.0,1616.0,False,14.0,Purdue
401415666,2022,13,SMU,Memphis,34.0,31.0,fbs,fbs,1505.0,1514.0,False,-3.0,SMU
401426616,2022,13,Louisiana Tech,UAB,27.0,37.0,fbs,fbs,1115.0,1525.0,False,10.0,UAB
401426384,2022,13,Arkansas State,Troy,19.0,48.0,fbs,fbs,1177.0,1486.0,False,29.0,Troy
401403957,2022,13,Alabama,Auburn,49.0,27.0,fbs,fbs,2151.0,1596.0,False,-22.0,Alabama
401404047,2022,13,Oregon State,Oregon,38.0,34.0,fbs,fbs,1721.0,1732.0,False,-4.0,Oregon State
401404120,2022,13,TCU,Iowa State,62.0,14.0,fbs,fbs,1709.0,1700.0,False,-48.0,TCU
401405154,2022,13,Penn State,Michigan State,35.0,16.0,fbs,fbs,1974.0,1555.0,False,-19.0,Penn State
401404048,2022,13,Colorado,Utah,21.0,63.0,fbs,fbs,1004.0,1878.0,False,42.0,Utah
401505433,2022,13,Weber State,North Dakota,38.0,31.0,fcs,fcs,,,False,-7.0,Weber State
401426386,2022,13,Texas State,Louisiana,13.0,41.0,fbs,fbs,1233.0,1527.0,False,28.0,Louisiana
401426385,2022,13,Louisiana Monroe,Southern Mississippi,10.0,20.0,fbs,fbs,1125.0,1281.0,False,10.0,Southern Mississippi
401505432,2022,13,Eastern Kentucky,Gardner-Webb,41.0,52.0,fcs,fcs,,,False,11.0,Gardner-Webb
401426382,2022,13,Georgia Southern,Appalachian State,51.0,48.0,fbs,fbs,1377.0,1597.0,False,-3.0,Georgia Southern
401415272,2022,13,UNLV,Nevada,27.0,22.0,fbs,fbs,1271.0,1240.0,False,-5.0,UNLV
401426614,2022,13,Florida International,Middle Tennessee,28.0,33.0,fbs,fbs,833.0,1395.0,False,5.0,Middle Tennessee
401403963,2022,13,Texas A&M,LSU,38.0,23.0,fbs,fbs,1579.0,1779.0,False,-15.0,Texas A&M
401505435,2022,13,Southeastern Louisiana,Idaho,45.0,42.0,fcs,fcs,,,False,-3.0,Southeastern Louisiana
401415667,2022,13,South Florida,UCF,39.0,46.0,fbs,fbs,1104.0,1673.0,False,7.0,UCF
401415668,2022,13,Houston,Tulsa,30.0,37.0,fbs,fbs,1645.0,1339.0,False,7.0,Tulsa
401404122,2022,13,Texas Tech,Oklahoma,51.0,48.0,fbs,fbs,1589.0,1662.0,False,-3.0,Texas Tech
401404133,2022,13,USC,Notre Dame,38.0,27.0,fbs,fbs,1754.0,1889.0,False,-11.0,USC
401403964,2022,13,Vanderbilt,Tennessee,0.0,56.0,fbs,fbs,1332.0,1879.0,False,56.0,Tennessee
401411173,2022,13,Boston College,Syracuse,23.0,32.0,fbs,fbs,1221.0,1463.0,False,9.0,Syracuse
401404121,2022,13,Kansas State,Kansas,47.0,27.0,fbs,fbs,1894.0,1364.0,False,-20.0,Kansas State
401411175,2022,13,Miami,Pittsburgh,16.0,42.0,fbs,fbs,1351.0,1653.0,False,26.0,Pittsburgh
401415267,2022,13,San Diego State,Air Force,3.0,13.0,fbs,fbs,1487.0,1731.0,False,10.0,Air Force
401505434,2022,13,Montana,Southeast Missouri State,34.0,24.0,fcs,fcs,,,False,-10.0,Montana
401404051,2022,13,Washington State,Washington,33.0,51.0,fbs,fbs,1689.0,1684.0,False,18.0,Washington
401404049,2022,13,Stanford,BYU,26.0,35.0,fbs,fbs,1232.0,1529.0,False,9.0,BYU
401506450,2022,14,Buffalo,Akron,23.0,22.0,fbs,fbs,1389.0,1147.0,False,-1.0,Buffalo
401437032,2022,14,UT San Antonio,North Texas,48.0,27.0,fbs,fbs,1645.0,1487.0,False,-21.0,UT San Antonio
401437035,2022,14,USC,Utah,24.0,47.0,fbs,fbs,1785.0,1896.0,True,23.0,Utah
401506610,2022,14,Holy Cross,New Hampshire,35.0,19.0,fcs,fcs,,,False,-16.0,Holy Cross
401506576,2022,14,Mount Union,Delaware Valley,22.0,6.0,iii,iii,,,False,-16.0,Mount Union
401437030,2022,14,TCU,Kansas State,28.0,31.0,fbs,fbs,1855.0,1892.0,True,3.0,Kansas State
401437033,2022,14,Ohio,Toledo,7.0,17.0,fbs,fbs,1495.0,1478.0,True,10.0,Toledo
401506573,2022,14,Grand Valley State,Ferris State,21.0,24.0,ii,ii,,,False,3.0,Ferris State
401506574,2022,14,Wartburg,Aurora,45.0,17.0,iii,iii,,,False,-28.0,Wartburg
401506613,2022,14,Mary Hardin-Baylor,Bethel (MN),41.0,28.0,iii,iii,,,False,-13.0,Mary Hardin-Baylor
401506612,2022,14,West Florida,Wingate,45.0,14.0,ii,ii,,,True,-31.0,West Florida
401506575,2022,14,North Central,Ithaca,48.0,7.0,iii,iii,,,False,-41.0,North Central
401506572,2022,14,Indiana (PA),Shepherd,13.0,48.0,ii,ii,,,False,35.0,Shepherd
401506630,2022,14,William & Mary,Gardner-Webb,54.0,14.0,fcs,fcs,,,False,-40.0,William & Mary
401506579,2022,14,Angelo State,Colorado Mines,24.0,42.0,ii,ii,,,False,18.0,Colorado Mines
401506571,2022,14,Incarnate Word,Furman,41.0,38.0,fcs,fcs,,,False,-3.0,Incarnate Word
401506655,2022,14,Samford,Southeastern Louisiana,48.0,42.0,fcs,fcs,,,False,-6.0,Samford
401506578,2022,14,South Dakota State,Delaware,42.0,6.0,fcs,fcs,,,False,-36.0,South Dakota State
401506611,2022,14,Montana State,Weber State,33.0,25.0,fcs,fcs,,,False,-8.0,Montana State
401507088,2022,14,New Mexico State,Valparaiso,65.0,3.0,fbs,fcs,,,False,-62.0,New Mexico State
401437037,2022,14,Troy,Coastal Carolina,45.0,26.0,fbs,fbs,1529.0,1443.0,False,-19.0,Troy
401506690,2022,14,North Dakota State,Montana,49.0,26.0,fcs,fcs,,,False,-23.0,North Dakota State
401437132,2022,14,Jackson State,Southern,43.0,24.0,fcs,fcs,,,False,-19.0,Jackson State
401437008,2022,14,Tulane,UCF,45.0,28.0,fbs,fbs,1675.0,1647.0,False,-17.0,Tulane
401437034,2022,14,Boise State,Fresno State,16.0,28.0,fbs,fbs,1750.0,1676.0,False,12.0,Fresno State
401437036,2022,14,Georgia,LSU,50.0,30.0,fbs,fbs,2132.0,1729.0,True,-20.0,Georgia
401506577,2022,14,Sacramento State,Richmond,38.0,31.0,fcs,fcs,,,False,-7.0,Sacramento State
401437031,2022,14,Michigan,Purdue,43.0,22.0,fbs,fbs,2144.0,1622.0,True,-21.0,Michigan
401437009,2022,14,North Carolina,Clemson,10.0,39.0,fbs,fbs,1599.0,1821.0,True,29.0,Clemson
401507650,2022,15,North Dakota State,Samford,24.0,3.0,fcs,fcs,,,False,-21.0,North Dakota State
401507670,2022,15,Montana State,William & Mary,55.0,0.0,fcs,fcs,,,False,-55.0,Montana State
401507652,2022,15,Sacramento State,Incarnate Word,63.0,66.0,fcs,fcs,,,False,3.0,Incarnate Word
401507552,2022,15,Mount Union,Wartburg,34.0,31.0,iii,iii,,,False,-3.0,Mount Union
401507651,2022,15,South Dakota State,Holy Cross,41.0,21.0,fcs,fcs,,,False,-20.0,South Dakota State
401507610,2022,15,Ferris State,West Florida,38.0,17.0,ii,ii,,,False,-21.0,Ferris State
401404145,2022,15,Army,Navy,20.0,17.0,fbs,fbs,1494.0,1462.0,True,-3.0,Army
401507611,2022,15,Colorado Mines,Shepherd,44.0,13.0,ii,ii,,,False,-31.0,Colorado Mines
401507553,2022,15,North Central,Mary Hardin-Baylor,49.0,14.0,iii,iii,,,False,-35.0,North Central
