id,season,week,home_team,away_team,home_points,away_points,home_division,away_division,home_pregame_elo,away_pregame_elo,neutral_site,point_diff,winner
401550883,2023,1,LaGrange College,Florida Memorial University,,,iii,,,,False,,Florida Memorial University
401525434,2023,1,Notre Dame,Navy,42.0,3.0,fbs,fbs,1733.0,1471.0,True,-39.0,Notre Dame
401540199,2023,1,Mercer,North Alabama,17.0,7.0,fcs,fcs,,,True,-10.0,Mercer
401520145,2023,1,Jacksonville State,UTEP,17.0,14.0,fbs,fbs,1500.0,1369.0,False,-3.0,Jacksonville State
401540628,2023,1,Albany,Fordham,34.0,13.0,fcs,fcs,,,False,-21.0,Albany
401532392,2023,1,San Diego State,Ohio,20.0,13.0,fbs,fbs,1488.0,1482.0,False,-7.0,San Diego State
401525450,2023,1,New Mexico State,UMass,30.0,41.0,fbs,fbs,1322.0,1074.0,False,11.0,UMass
401520147,2023,1,Vanderbilt,Hawai'i,35.0,28.0,fbs,fbs,1322.0,1246.0,False,-7.0,Vanderbilt
401539999,2023,1,Jackson State,South Carolina State,37.0,7.0,fcs,fcs,,,True,-30.0,Jackson State
401523986,2023,1,USC,San José State,56.0,28.0,fbs,fbs,1663.0,1462.0,False,-28.0,USC
401520146,2023,1,Louisiana Tech,Florida International,22.0,17.0,fbs,fbs,1251.0,1072.0,False,-5.0,Louisiana Tech
401545743,2023,1,New Haven,Frostburg State,24.0,27.0,ii,ii,,,False,3.0,Frostburg State
401540527,2023,1,Morehead State,West Virginia State,37.0,35.0,fcs,ii,,,False,-2.0,Morehead State
401540244,2023,1,Lamar,Idaho,17.0,42.0,fcs,fcs,,,False,25.0,Idaho
401540607,2023,1,Kennesaw State,Tusculum,38.0,7.0,fcs,ii,,,False,-31.0,Kennesaw State
401540288,2023,1,Texas A&M-Commerce,UC Davis,10.0,48.0,fcs,fcs,,,False,38.0,UC Davis
401550265,2023,1,Hiram,Heidelberg,14.0,68.0,iii,iii,,,False,54.0,Heidelberg
401553950,2023,1,Northwood (MI),Glenville State,9.0,44.0,ii,ii,,,False,35.0,Glenville State
401550193,2023,1,Rowan,Stevenson,17.0,20.0,iii,iii,,,False,3.0,Stevenson
401540802,2023,1,Saginaw Valley,Winona State,34.0,24.0,ii,ii,,,False,-10.0,Saginaw Valley
401540470,2023,1,Charleston Southern,North Greenville,13.0,10.0,fcs,ii,,,False,-3.0,Charleston Southern
401549697,2023,1,Keiser University,Mississippi College,14.0,17.0,,ii,,,True,3.0,Mississippi College
401545860,2023,1,Alderson-Broaddus,California (PA),0.0,0.0,ii,ii,,,False,-0.0,California (PA)
401544917,2023,1,Wingate,Albany State (GA),30.0,7.0,ii,ii,,,False,-23.0,Wingate
401541838,2023,1,Barton College,Chowan,41.0,0.0,ii,ii,,,False,-41.0,Barton College
401540990,2023,1,UNC Pembroke,Fayetteville State,19.0,17.0,ii,ii,,,False,-2.0,UNC Pembroke
401545751,2023,1,Quincy,Chadron State,34.0,35.0,ii,ii,,,False,1.0,Chadron State
401541949,2023,1,Northeastern State,Fort Hays State,0.0,56.0,ii,ii,,,False,56.0,Fort Hays State
401541881,2023,1,West Georgia,Limestone,21.0,19.0,ii,ii,,,False,-2.0,West Georgia
401541872,2023,1,West Alabama,Angelo State,14.0,38.0,ii,ii,,,False,24.0,Angelo State
401541833,2023,1,Walsh,West Liberty,24.0,21.0,ii,ii,,,False,-3.0,Walsh
401541033,2023,1,Carson-Newman,Virginia Lynchburg,35.0,3.0,ii,,,,False,-32.0,Carson-Newman
401545842,2023,1,Sioux Falls,Minnesota State,26.0,54.0,ii,ii,,,False,28.0,Minnesota State
401541801,2023,1,Indiana (PA),Ashland,24.0,17.0,ii,ii,,,False,-7.0,Indiana (PA)
401541787,2023,1,Southern Arkansas,Southeastern Oklahoma,34.0,19.0,ii,ii,,,False,-15.0,Southern Arkansas
401541782,2023,1,Southwestern Oklahoma,Ouachita Baptist,14.0,38.0,ii,ii,,,False,24.0,Ouachita Baptist
401541751,2023,1,Southern Nazarene,Harding,20.0,53.0,ii,ii,,,False,33.0,Harding
401540299,2023,1,Indiana State,Eastern Illinois,0.0,27.0,fcs,fcs,,,False,27.0,Eastern Illinois
401545847,2023,1,Minot State,Southwest Minnesota State,23.0,28.0,ii,ii,,,False,5.0,Southwest Minnesota State
401541855,2023,1,Samford,Shorter,69.0,14.0,fcs,ii,,,False,-55.0,Samford
401545869,2023,1,Lincoln (PA),Clarion,20.0,30.0,ii,ii,,,False,10.0,Clarion
401540534,2023,1,Furman,Tennessee Tech,45.0,10.0,fcs,fcs,,,False,-35.0,Furman
401547053,2023,1,Kentucky State,Clark Atlanta,34.0,20.0,ii,ii,,,False,-14.0,Kentucky State
401547175,2023,1,McMurry,Birmingham-Southern,19.0,20.0,iii,iii,,,True,1.0,Birmingham-Southern
401545810,2023,1,Bemidji State,Northern State,49.0,13.0,ii,ii,,,False,-36.0,Bemidji State
401545791,2023,1,Millersville,St. Anselm,33.0,7.0,ii,ii,,,False,-26.0,Millersville
401545779,2023,1,Wheeling Jesuit,Seton Hill College,35.0,24.0,ii,ii,,,False,-11.0,Wheeling Jesuit
401525461,2023,1,Wake Forest,Elon,37.0,17.0,fbs,fcs,1608.0,,False,-20.0,Wake Forest
401525816,2023,1,UCF,Kent State,56.0,6.0,fbs,fbs,1534.0,1396.0,False,-50.0,UCF
401540728,2023,1,Missouri S&T,Delta State,20.0,48.0,ii,ii,,,False,28.0,Delta State
401540775,2023,1,Northwestern Oklahoma State,Arkansas-Monticello,24.0,49.0,ii,ii,,,False,25.0,Arkansas-Monticello
401532393,2023,1,Western Michigan,St Francis (PA),35.0,17.0,fbs,fcs,1367.0,,False,-18.0,Western Michigan
401540794,2023,1,Minnesota-Duluth,Northern Michigan,47.0,10.0,ii,ii,,,False,-37.0,Minnesota-Duluth
401545835,2023,1,Wayne State (NE),Minnesota St-Moorhead,31.0,23.0,ii,ii,,,False,-8.0,Wayne State (NE)
401540323,2023,1,Stony Brook,Delaware,13.0,37.0,fcs,fcs,,,False,24.0,Delaware
401541001,2023,1,Fairmont State,Bloomsburg,34.0,30.0,ii,ii,,,False,-4.0,Fairmont State
401541012,2023,1,Charleston (WV),Gannon,22.0,13.0,ii,ii,,,False,-9.0,Charleston (WV)
401554814,2023,1,Buffalo State,Brockport State (NY),6.0,42.0,iii,iii,,,False,36.0,Brockport State (NY)
401531834,2023,1,Georgia State,Rhode Island,42.0,35.0,fbs,fcs,1490.0,,False,-7.0,Georgia State
401540311,2023,1,Campbell,William & Mary,24.0,34.0,fcs,fcs,,,False,10.0,William & Mary
401550240,2023,1,Lakeland University,Wisconsin-Platteville,13.0,80.0,iii,iii,,,False,67.0,Wisconsin-Platteville
401550360,2023,1,Belhaven College,Millsaps,47.0,7.0,iii,iii,,,False,-40.0,Belhaven College
401558399,2023,1,Louisiana College,East Texas Baptist,34.0,14.0,,iii,,,True,-20.0,Louisiana College
401551497,2023,1,East Stroudsburg,Pace,62.0,9.0,ii,ii,,,False,-53.0,East Stroudsburg
401549695,2023,1,Ferris State,Mercyhurst,54.0,12.0,ii,ii,,,False,-42.0,Ferris State
401520174,2023,1,Connecticut,NC State,14.0,24.0,fbs,fbs,1260.0,1557.0,False,10.0,NC State
401545819,2023,1,Concordia-St. Paul,Upper Iowa,43.0,20.0,ii,ii,,,False,-23.0,Concordia-St. Paul
401540451,2023,1,Youngstown State,Valparaiso,52.0,10.0,fcs,fcs,,,False,-42.0,Youngstown State
401531377,2023,1,UAB,North Carolina A&T,35.0,6.0,fbs,fcs,1510.0,,False,-29.0,UAB
401520176,2023,1,Utah,Florida,24.0,11.0,fbs,fbs,1776.0,1554.0,False,-13.0,Utah
401541939,2023,1,Central Oklahoma,Nebraska-Kearney,24.0,21.0,ii,ii,,,False,-3.0,Central Oklahoma
401541958,2023,1,Missouri Southern State,Northwest Missouri State,24.0,31.0,ii,ii,,,False,7.0,Northwest Missouri State
401541984,2023,1,Pittsburg State,Washburn,34.0,7.0,ii,ii,,,False,-27.0,Pittsburg State
401550428,2023,1,Lindenwood,Wisconsin-Stevens Point,77.0,9.0,fcs,iii,,,False,-68.0,Lindenwood
401544875,2023,1,Emporia State,Lincoln (MO),56.0,10.0,ii,ii,,,False,-46.0,Emporia State
401550414,2023,1,Dakota State,Wisconsin-La Crosse,6.0,31.0,,iii,,,True,25.0,Wisconsin-La Crosse
401541775,2023,1,Oklahoma Baptist,Arkansas Tech,23.0,21.0,ii,ii,,,False,-2.0,Oklahoma Baptist
401520165,2023,1,Missouri,South Dakota,35.0,10.0,fbs,fcs,1480.0,,False,-25.0,Missouri
401541760,2023,1,Henderson State,East Central,41.0,13.0,ii,ii,,,False,-28.0,Henderson State
401540745,2023,1,Colorado Mines,Grand Valley State,31.0,28.0,ii,ii,,,False,-3.0,Colorado Mines
401540278,2023,1,Abilene Christian,Northern Colorado,31.0,11.0,fcs,fcs,,,False,-20.0,Abilene Christian
401540463,2023,1,South Dakota State,Western Oregon,45.0,7.0,fcs,ii,,,False,-38.0,South Dakota State
401541923,2023,1,Weber State,Central Washington,35.0,10.0,fcs,ii,,,False,-25.0,Weber State
401531337,2023,1,Tulsa,Arkansas-Pine Bluff,42.0,7.0,fbs,fcs,1418.0,,False,-35.0,Tulsa
401541928,2023,1,Missouri Western,Central Missouri State,38.0,45.0,ii,ii,,,False,7.0,Central Missouri State
401551490,2023,1,Eastern New Mexico,New Mexico Highlands,28.0,26.0,ii,ii,,,False,-2.0,Eastern New Mexico
401520148,2023,1,Minnesota,Nebraska,13.0,10.0,fbs,fbs,1672.0,1521.0,False,-3.0,Minnesota
401549650,2023,1,Beloit College,Rockford,34.0,27.0,iii,iii,,,False,-7.0,Beloit College
401523987,2023,1,Arizona State,Southern Utah,24.0,21.0,fbs,fcs,1464.0,,False,-3.0,Arizona State
401541826,2023,1,West Florida,Kentucky Wesleyan,35.0,3.0,ii,ii,,,True,-32.0,West Florida
401550131,2023,1,Nichols,UMass Dartmouth,6.0,57.0,iii,iii,,,False,51.0,UMass Dartmouth
401532394,2023,1,Eastern Michigan,Howard,33.0,23.0,fbs,fcs,1433.0,,False,-10.0,Eastern Michigan
401520163,2023,1,Michigan State,Central Michigan,31.0,7.0,fbs,fbs,1533.0,1370.0,False,-24.0,Michigan State
401549580,2023,1,Alfred,Hobart,9.0,31.0,iii,iii,,,False,22.0,Hobart
401525463,2023,1,Miami,Miami (OH),38.0,3.0,fbs,fbs,1377.0,1420.0,False,-35.0,Miami
401549629,2023,1,Muhlenberg,Moravian,53.0,12.0,iii,iii,,,False,-41.0,Muhlenberg
401550079,2023,1,Curry,Salve Regina,0.0,48.0,iii,iii,,,False,48.0,Salve Regina
401553027,2023,1,Catholic University,McDaniel College,34.0,7.0,iii,iii,,,False,-27.0,Catholic University
401552881,2023,1,Worcester Polytechnic,Worcester State College,44.0,13.0,iii,iii,,,False,-31.0,Worcester Polytechnic
401550109,2023,1,Lebanon Valley,Franklin & Marshall,12.0,16.0,iii,iii,,,False,4.0,Franklin & Marshall
401552447,2023,1,Ursinus,Alvernia University,38.0,6.0,iii,iii,,,False,-32.0,Ursinus
401525462,2023,1,Georgia Tech,Louisville,34.0,39.0,fbs,fbs,1348.0,1668.0,True,5.0,Louisville
401546011,2023,1,South Dakota Mines,Valley City State,31.0,14.0,ii,,,,False,-17.0,South Dakota Mines
401525815,2023,1,Kansas,Missouri State,48.0,17.0,fbs,fcs,1415.0,,False,-31.0,Kansas
401553008,2023,1,Hardin-Simmons,Albright,47.0,3.0,iii,iii,,,False,-44.0,Hardin-Simmons
401523988,2023,1,Hawai'i,Stanford,24.0,37.0,fbs,fbs,1241.0,1324.0,False,13.0,Stanford
401545706,2023,1,Concord,Emory & Henry,10.0,56.0,ii,ii,,,False,46.0,Emory & Henry
401546995,2023,1,Lake Erie College,Franklin Pierce,10.0,26.0,ii,ii,,,False,16.0,Franklin Pierce
401540225,2023,1,Cal Poly,San Diego,27.0,10.0,fcs,fcs,,,False,-17.0,Cal Poly
401539993,2023,1,North Carolina Central,Winston-Salem,47.0,21.0,fcs,ii,,,False,-26.0,North Carolina Central
401540003,2023,1,Central Connecticut,American International,44.0,0.0,fcs,ii,,,False,-44.0,Central Connecticut
401540012,2023,1,Duquesne,Edinboro,49.0,7.0,fcs,ii,,,False,-42.0,Duquesne
401540163,2023,1,Mississippi Valley State,Central State,21.0,24.0,fcs,ii,,,True,3.0,Central State
401545759,2023,1,Notre Dame College,Ohio Dominican,23.0,21.0,ii,ii,,,False,-2.0,Notre Dame College
401544096,2023,1,Marietta,St. John Fisher,31.0,7.0,iii,iii,,,False,-24.0,Marietta
401541905,2023,1,University of Texas of the Permian Basin,Texas College,96.0,0.0,ii,,,,False,-96.0,University of Texas of the Permian Basin
401540285,2023,1,Nicholls,Sacramento State,24.0,38.0,fcs,fcs,,,False,14.0,Sacramento State
401544077,2023,1,Lyon College,Grinnell,18.0,12.0,,iii,,,True,-6.0,Lyon College
401540562,2023,1,St. Thomas (MN),Black Hills State,36.0,26.0,fcs,ii,,,False,-10.0,St. Thomas (MN)
401540396,2023,1,VMI,Davidson,12.0,7.0,fcs,fcs,,,False,-5.0,VMI
401540166,2023,1,Texas Southern,Prairie View,34.0,37.0,fcs,fcs,,,False,3.0,Prairie View
401540219,2023,1,Montana State,Utah Tech,63.0,20.0,fcs,fcs,,,False,-43.0,Montana State
401540737,2023,1,Findlay,Truman State,10.0,20.0,ii,ii,,,False,10.0,Truman State
401541912,2023,1,Western State,West Texas A&M,28.0,6.0,ii,ii,,,False,-22.0,Western State
401540065,2023,1,Holy Cross,Merrimack,42.0,20.0,fcs,fcs,,,False,-22.0,Holy Cross
401550253,2023,1,Capital,Denison,35.0,45.0,iii,iii,,,False,10.0,Denison
401550454,2023,1,Westminster,Rhodes,0.0,47.0,iii,iii,,,False,47.0,Rhodes
401549784,2023,1,Guilford,Greensboro,36.0,21.0,iii,iii,,,False,-15.0,Guilford
401540078,2023,1,Lehigh,Villanova,10.0,38.0,fcs,fcs,,,False,28.0,Villanova
401520172,2023,1,SMU,Louisiana Tech,38.0,14.0,fbs,fbs,1502.0,1249.0,False,-24.0,SMU
401550292,2023,1,Alma College,Ohio Northern,52.0,7.0,iii,iii,,,False,-45.0,Alma College
401520159,2023,1,Kentucky,Ball State,44.0,14.0,fbs,fbs,1570.0,1360.0,False,-30.0,Kentucky
401552473,2023,1,Dean College,Fitchburg State,33.0,17.0,iii,iii,,,False,-16.0,Dean College
401551929,2023,1,Keystone,Gallaudet,27.0,6.0,iii,iii,,,False,-21.0,Keystone
401520160,2023,1,Liberty,Bowling Green,34.0,24.0,fbs,fbs,1442.0,1250.0,False,-10.0,Liberty
401525822,2023,1,Oklahoma,Arkansas State,73.0,0.0,fbs,fbs,1608.0,1256.0,False,-73.0,Oklahoma
401520170,2023,1,Purdue,Fresno State,35.0,39.0,fbs,fbs,1473.0,1677.0,False,4.0,Fresno State
401525464,2023,1,Boston College,Northern Illinois,24.0,27.0,fbs,fbs,1314.0,1304.0,False,3.0,Northern Illinois
401558747,2023,1,College of New Jersey,Eastern University,41.0,21.0,iii,iii,,,False,-20.0,College of New Jersey
401550282,2023,1,Otterbein,Ohio Wesleyan,21.0,35.0,iii,iii,,,False,14.0,Ohio Wesleyan
401523994,2023,1,TCU,Colorado,42.0,45.0,fbs,fbs,1652.0,1157.0,False,3.0,Colorado
401550145,2023,1,Kalamazoo,Oberlin,42.0,10.0,iii,iii,,,False,-32.0,Kalamazoo
401550056,2023,1,SUNY Cortland,Delaware Valley,42.0,13.0,iii,iii,,,False,-29.0,SUNY Cortland
401553021,2023,1,Wilkes,King's College (PA),23.0,27.0,iii,iii,,,False,4.0,King's College (PA)
401520157,2023,1,Iowa,Utah State,24.0,14.0,fbs,fbs,1665.0,1395.0,False,-10.0,Iowa
401520162,2023,1,Michigan,East Carolina,30.0,3.0,fbs,fbs,1916.0,1506.0,False,-27.0,Michigan
401545782,2023,1,Assumption,Kutztown,31.0,20.0,ii,ii,,,False,-11.0,Assumption
401540708,2023,1,Tiffin,McKendree,79.0,14.0,ii,ii,,,False,-65.0,Tiffin
401520179,2023,1,Tennessee,Virginia,49.0,13.0,fbs,fbs,1833.0,1393.0,True,-36.0,Tennessee
401549737,2023,1,MIT,Bridgewater State,41.0,27.0,iii,iii,,,False,-14.0,MIT
401549730,2023,1,Western Connecticut State,Merchant Marine,35.0,52.0,iii,iii,,,False,17.0,Merchant Marine
401549622,2023,1,Endicott College,St Lawrence,31.0,0.0,iii,iii,,,False,-31.0,Endicott College
401549310,2023,1,Hilbert College,Union,0.0,65.0,iii,iii,,,True,65.0,Union
401547185,2023,1,Johns Hopkins,Ithaca,27.0,17.0,iii,iii,,,False,-10.0,Johns Hopkins
401546992,2023,1,Davenport,Thomas More,31.0,17.0,ii,,,,False,-14.0,Davenport
401545971,2023,1,Bentley,West Chester,19.0,20.0,ii,ii,,,False,1.0,West Chester
401545963,2023,1,Shippensburg,Newberry,10.0,14.0,ii,ii,,,False,4.0,Newberry
401545891,2023,1,Shepherd,Southern Connecticut State,27.0,26.0,ii,ii,,,False,-1.0,Shepherd
401544051,2023,1,Rochester,Utica,17.0,20.0,iii,iii,,,False,3.0,Utica
401541110,2023,1,NC Wesleyan,Randolph-Macon,9.0,51.0,iii,iii,,,False,42.0,Randolph-Macon
401541053,2023,1,Kean,Morrisville State,14.0,24.0,iii,iii,,,False,10.0,Morrisville State
401540057,2023,1,Georgetown,Marist,49.0,7.0,fcs,fcs,,,False,-42.0,Georgetown
401540508,2023,1,Stonehill,New Hampshire,17.0,51.0,fcs,fcs,,,False,34.0,New Hampshire
401544060,2023,1,William Paterson,FDU-Florham,29.0,33.0,iii,iii,,,False,4.0,FDU-Florham
401544115,2023,1,St. Vincent,Washington & Jefferson,0.0,51.0,iii,iii,,,False,51.0,Washington & Jefferson
401549752,2023,1,Muskingum,Ferrum,31.0,20.0,iii,iii,,,False,-11.0,Muskingum
401549615,2023,1,Dickinson,Rensselaer,27.0,38.0,iii,iii,,,False,11.0,Rensselaer
401547204,2023,1,University of New England,Coast Guard,44.0,28.0,iii,iii,,,False,-16.0,University of New England
401541101,2023,1,Western New England,Springfield,14.0,28.0,iii,iii,,,False,14.0,Springfield
401544871,2023,1,Elizabeth City State,Catawba,23.0,31.0,ii,ii,,,False,8.0,Catawba
401539970,2023,1,Delaware State,Bowie State,11.0,22.0,fcs,ii,,,False,11.0,Bowie State
401544954,2023,1,Baldwin-Wallace,Mount St. Joseph,33.0,46.0,iii,iii,,,False,13.0,Mount St. Joseph
401541092,2023,1,Wilmington (OH),Wooster,63.0,43.0,iii,iii,,,False,-20.0,Wilmington (OH)
401547195,2023,1,Husson,Norwich,28.0,14.0,iii,iii,,,False,-14.0,Husson
401550025,2023,1,Waynesburg,Allegheny,36.0,39.0,iii,iii,,,False,3.0,Allegheny
401550061,2023,1,Castleton State College,Plymouth State,25.0,21.0,iii,iii,,,False,-4.0,Castleton State College
401552992,2023,1,Gettysburg,Juniata,40.0,20.0,iii,iii,,,False,-20.0,Gettysburg
401553000,2023,1,Widener,Lycoming,42.0,21.0,iii,iii,,,False,-21.0,Widener
401550226,2023,1,Washington & Lee,Salisbury,7.0,28.0,iii,iii,,,False,21.0,Salisbury
401532570,2023,1,Air Force,Robert Morris,42.0,7.0,fbs,fcs,1678.0,,False,-35.0,Air Force
401549802,2023,1,Shenandoah,Methodist,44.0,29.0,iii,iii,,,False,-15.0,Shenandoah
401540099,2023,1,Illinois State,Dayton,41.0,0.0,fcs,fcs,,,False,-41.0,Illinois State
401549810,2023,1,Brevard College,Warner,23.0,29.0,iii,,,,False,6.0,Warner
401550187,2023,1,St. Johns (MN),Trinity (TX),34.0,31.0,iii,iii,,,False,-3.0,St. Johns (MN)
401550391,2023,1,Grove City College,Westminster PA,17.0,7.0,iii,iii,,,False,-10.0,Grove City College
401540684,2023,1,WV Wesleyan,Johnson C Smith,6.0,49.0,ii,ii,,,False,43.0,Johnson C Smith
401550366,2023,1,Sewanee Univ. of the South,Maryville TN,8.0,28.0,iii,iii,,,False,20.0,Maryville TN
401549817,2023,1,Bridgewater (VA),Susquehanna,19.0,51.0,iii,iii,,,False,32.0,Susquehanna
401550309,2023,1,Apprentice School,Averett,14.0,34.0,iii,iii,,,False,20.0,Averett
401551917,2023,1,Misericordia,Alfred State College,14.0,24.0,iii,iii,,,False,10.0,Alfred State College
401550289,2023,1,Hampden-Sydney,Wabash College,28.0,29.0,iii,iii,,,False,1.0,Wabash College
401550091,2023,1,Centre,Hanover,7.0,10.0,iii,iii,,,False,3.0,Hanover
401544962,2023,1,Franklin,Olivet College,32.0,35.0,iii,iii,,,False,3.0,Olivet College
401544106,2023,1,Defiance,Mount Union,6.0,45.0,iii,iii,,,False,39.0,Mount Union
401550219,2023,1,Aurora,Hope,38.0,17.0,iii,iii,,,False,-21.0,Aurora
401547080,2023,1,Gustavus Adolphus,Buena Vista,51.0,7.0,iii,iii,,,False,-44.0,Gustavus Adolphus
401547090,2023,1,St. Olaf College,Central,24.0,34.0,iii,iii,,,False,10.0,Central
401547099,2023,1,Cornell College (IA),Coe,6.0,56.0,iii,iii,,,False,50.0,Coe
401547125,2023,1,Austin College,Nebraska Wesleyan University,7.0,19.0,iii,iii,,,False,12.0,Nebraska Wesleyan University
401545800,2023,1,Augustana (SD),University of Mary,38.0,7.0,ii,ii,,,False,-31.0,Augustana (SD)
401547148,2023,1,UW-River Falls,Mary Hardin-Baylor,45.0,22.0,iii,iii,,,False,-23.0,UW-River Falls
401549638,2023,1,Carthage,Albion,20.0,41.0,iii,iii,,,False,21.0,Albion
401549644,2023,1,Hendrix College,Washington (MO),27.0,44.0,iii,iii,,,False,17.0,Washington (MO)
401549767,2023,1,Concordia (WI),Martin Luther College,55.0,14.0,iii,iii,,,False,-41.0,Concordia (WI)
401540258,2023,1,Montana,Butler,35.0,20.0,fcs,fcs,,,False,-15.0,Montana
401547107,2023,1,Dubuque,Wittenberg,27.0,28.0,iii,iii,,,False,1.0,Wittenberg
401539986,2023,1,Norfolk State,Virginia State,24.0,33.0,fcs,ii,,,False,9.0,Virginia State
401544069,2023,1,Elmhurst,Adrian,14.0,3.0,iii,iii,,,False,-11.0,Elmhurst
401541120,2023,1,Concordia (IL),Greenville,14.0,41.0,iii,iii,,,False,27.0,Greenville
401546947,2023,1,William Jewell College,Fort Lewis,42.0,6.0,ii,ii,,,True,-36.0,William Jewell College
401520168,2023,1,Ole Miss,Mercer,73.0,7.0,fbs,fcs,1589.0,,False,-66.0,Ole Miss
401550153,2023,1,Augsburg,Northwestern (MN),52.0,10.0,iii,iii,,,False,-42.0,Augsburg
401554953,2023,1,Roosevelt,North Central,7.0,41.0,,iii,,,True,34.0,North Central
401550451,2023,1,St. Ambrose,UW-Stout,7.0,35.0,,iii,,,True,28.0,UW-Stout
401550286,2023,1,John Carroll,UW-Whitewater,23.0,27.0,iii,iii,,,False,4.0,UW-Whitewater
401550212,2023,1,Chicago,Claremont,15.0,24.0,iii,iii,,,False,9.0,Claremont
401550207,2023,1,St. Norbert,Ripon,23.0,7.0,iii,iii,,,False,-16.0,St. Norbert
401550179,2023,1,Hamline,Crown College,45.0,13.0,iii,iii,,,False,-32.0,Hamline
401549776,2023,1,Wisconsin-Eau Claire,Concordia (MN),31.0,28.0,iii,iii,,,False,-3.0,Wisconsin-Eau Claire
401531387,2023,1,Temple,Akron,24.0,21.0,fbs,fbs,1262.0,1269.0,False,-3.0,Temple
401525820,2023,1,Iowa State,Northern Iowa,30.0,9.0,fbs,fcs,1536.0,,False,-21.0,Iowa State
401532395,2023,1,Ohio,Long Island University,27.0,10.0,fbs,fcs,1366.0,,False,-17.0,Ohio
401520158,2023,1,Jacksonville State,East Tennessee State,49.0,3.0,fbs,fcs,1300.0,,False,-46.0,Jacksonville State
401541043,2023,1,UW-Oshkosh,Texas Lutheran,48.0,31.0,iii,iii,,,False,-17.0,UW-Oshkosh
401544926,2023,1,Lane,Miles,24.0,37.0,ii,ii,,,False,13.0,Miles
401540155,2023,1,Hampton,Grambling,35.0,31.0,fcs,fcs,,,True,-4.0,Hampton
401541898,2023,1,Colorado Mesa,Texas A&M-Kingsville,10.0,30.0,ii,ii,,,False,20.0,Texas A&M-Kingsville
401523992,2023,1,Oregon,Portland State,81.0,7.0,fbs,fcs,1649.0,,False,-74.0,Oregon
401525465,2023,1,Pittsburgh,Wofford,45.0,7.0,fbs,fcs,1624.0,,False,-38.0,Pittsburgh
401520180,2023,1,Wisconsin,Buffalo,38.0,17.0,fbs,fbs,1637.0,1424.0,False,-21.0,Wisconsin
401520151,2023,1,Auburn,UMass,59.0,14.0,fbs,fbs,1564.0,1122.0,False,-45.0,Auburn
401520161,2023,1,Maryland,Towson,38.0,6.0,fbs,fcs,1596.0,,False,-32.0,Maryland
401520181,2023,1,Western Kentucky,South Florida,41.0,24.0,fbs,fbs,1628.0,1253.0,False,-17.0,Western Kentucky
401525818,2023,1,Cincinnati,Eastern Kentucky,66.0,13.0,fbs,fcs,1626.0,,False,-53.0,Cincinnati
401540235,2023,1,North Dakota State,Eastern Washington,35.0,10.0,fcs,fcs,,,True,-25.0,North Dakota State
401520156,2023,1,Indiana,Ohio State,3.0,23.0,fbs,fbs,1388.0,1904.0,False,20.0,Ohio State
401525435,2023,1,Notre Dame,Tennessee State,56.0,3.0,fbs,fcs,1909.0,,False,-53.0,Notre Dame
401523997,2023,1,Washington,Boise State,56.0,19.0,fbs,fbs,1673.0,1641.0,False,-37.0,Washington
401531835,2023,1,Appalachian State,Gardner-Webb,45.0,24.0,fbs,fcs,1562.0,,False,-21.0,Appalachian State
401525824,2023,1,Texas,Rice,37.0,10.0,fbs,fbs,1766.0,1204.0,False,-27.0,Texas
401525466,2023,1,Syracuse,Colgate,65.0,0.0,fbs,fcs,1476.0,,False,-65.0,Syracuse
401544144,2023,1,Pacific Lutheran,Redlands,14.0,24.0,iii,iii,,,False,10.0,Redlands
401520164,2023,1,Mississippi State,Southeastern Louisiana,48.0,7.0,fbs,fcs,1629.0,,False,-41.0,Mississippi State
401553004,2023,1,La Verne,Willamette,21.0,24.0,iii,iii,,,False,3.0,Willamette
401551509,2023,1,Cal Lutheran,Southwestern University,41.0,35.0,iii,iii,,,False,-6.0,Cal Lutheran
401550874,2023,1,Puget Sound,Lewis & Clark,42.0,38.0,iii,iii,,,False,-4.0,Puget Sound
401540369,2023,1,North Dakota,Drake,55.0,7.0,fcs,fcs,,,False,-48.0,North Dakota
401520150,2023,1,Arkansas,Western Carolina,56.0,13.0,fbs,fcs,1624.0,,True,-43.0,Arkansas
401523991,2023,1,North Texas,California,21.0,58.0,fbs,fbs,1472.0,1437.0,False,37.0,California
401558977,2023,1,SUNY Maritime,Hartwick,34.0,11.0,iii,iii,,,False,-23.0,SUNY Maritime
401532572,2023,1,UNLV,Bryant,44.0,14.0,fbs,fcs,1350.0,,False,-30.0,UNLV
401549743,2023,1,Christopher Newport,Southern Virginia,45.0,0.0,iii,iii,,,False,-45.0,Christopher Newport
401531402,2023,1,Charlotte,South Carolina State,24.0,3.0,fbs,fcs,1220.0,,False,-21.0,Charlotte
401520154,2023,1,Georgia,UT Martin,48.0,7.0,fbs,fcs,2033.0,,False,-41.0,Georgia
401540565,2023,1,Stetson,St. Thomas University (Fl),34.0,33.0,fcs,,,,False,-1.0,Stetson
401547031,2023,1,Edward Waters,Florida Memorial University,21.0,38.0,ii,,,,False,17.0,Florida Memorial University
401541023,2023,1,Lock Haven,Post University,58.0,7.0,ii,ii,,,False,-51.0,Lock Haven
401547020,2023,1,Lenoir-Rhyne,St. Augustine's,45.0,7.0,ii,ii,,,False,-38.0,Lenoir-Rhyne
401541797,2023,1,Slippery Rock,Wayne State (MI),28.0,17.0,ii,ii,,,False,-11.0,Slippery Rock
401541885,2023,1,Livingstone,Bluefield,7.0,41.0,ii,ii,,,False,34.0,Bluefield
401547013,2023,1,Allen,Erskine,24.0,17.0,ii,ii,,,False,-7.0,Allen
401531418,2023,1,Florida Atlantic,Monmouth,42.0,20.0,fbs,fcs,1424.0,,False,-22.0,Florida Atlantic
401544134,2023,1,Berry College,Huntingdon,67.0,34.0,iii,iii,,,False,-33.0,Berry College
401531836,2023,1,Georgia Southern,The Citadel,34.0,0.0,fbs,fcs,1418.0,,False,-34.0,Georgia Southern
401540115,2023,1,Alabama State,Southern,14.0,10.0,fcs,fcs,,,False,-4.0,Alabama State
401540698,2023,1,Indianapolis,Hillsdale,39.0,20.0,ii,ii,,,False,-19.0,Indianapolis
401540693,2023,1,Benedict College,Shaw,52.0,0.0,ii,ii,,,False,-52.0,Benedict College
401531837,2023,1,James Madison,Bucknell,38.0,3.0,fbs,fcs,1606.0,,False,-35.0,James Madison
401540043,2023,1,Fordham,Wagner,46.0,16.0,fcs,fcs,,,False,-30.0,Fordham
401540027,2023,1,Sacred Heart,Lafayette,14.0,19.0,fcs,fcs,,,False,5.0,Lafayette
401539978,2023,1,Richmond,Morgan State,10.0,17.0,fcs,fcs,,,False,7.0,Morgan State
401531838,2023,1,Marshall,Albany,21.0,17.0,fbs,fcs,1542.0,,False,-4.0,Marshall
401550046,2023,1,Manchester,North Park,0.0,27.0,iii,iii,,,False,27.0,North Park
401550150,2023,1,Anderson (IN),Trine,0.0,61.0,iii,iii,,,False,61.0,Trine
401520153,2023,1,Florida International,Maine,14.0,12.0,fbs,fcs,1083.0,,False,-2.0,Florida International
401523996,2023,1,USC,Nevada,66.0,14.0,fbs,fbs,1713.0,1324.0,False,-52.0,USC
401544945,2023,1,Illinois College,Millikin,31.0,0.0,iii,iii,,,False,-31.0,Illinois College
401573283,2023,1,Loras College,Benedictine (IL),42.0,41.0,iii,iii,,,False,-1.0,Loras College
401531841,2023,1,Troy,Stephen F. Austin,48.0,30.0,fbs,fcs,1556.0,,False,-18.0,Troy
401540200,2023,1,North Alabama,Chattanooga,41.0,27.0,fcs,fcs,,,False,-14.0,North Alabama
401541063,2023,1,Bluffton,Kenyon,51.0,35.0,iii,iii,,,False,-16.0,Bluffton
401525823,2023,1,Oklahoma State,Central Arkansas,27.0,13.0,fbs,fcs,1530.0,,False,-14.0,Oklahoma State
401547078,2023,1,Southeastern University,Savannah State,20.0,23.0,,ii,,,True,3.0,Savannah State
401531840,2023,1,Southern Mississippi,Alcorn State,40.0,14.0,fbs,fcs,1370.0,,False,-26.0,Southern Mississippi
401544935,2023,1,Simpson College,Augustana (IL),27.0,49.0,iii,iii,,,False,22.0,Augustana (IL)
401531426,2023,1,Memphis,Bethune-Cookman,56.0,14.0,fbs,fcs,1545.0,,False,-42.0,Memphis
401544125,2023,1,Thiel College,Case Western Reserve,0.0,14.0,iii,iii,,,False,14.0,Case Western Reserve
401549705,2023,1,UVA-Wise,Union College,48.0,0.0,ii,,,,False,-48.0,UVA-Wise
401525821,2023,1,Kansas State,Southeast Missouri State,45.0,0.0,fbs,fcs,1740.0,,False,-45.0,Kansas State
401549666,2023,1,Wisconsin Lutheran,Lake Forest,0.0,24.0,iii,iii,,,False,24.0,Lake Forest
401541082,2023,1,Rose-Hulman,DePauw,21.0,33.0,iii,iii,,,False,12.0,DePauw
401541864,2023,1,Valdosta State,Point University,63.0,10.0,ii,,,,False,-53.0,Valdosta State
401540363,2023,1,Murray State,Presbyterian College,41.0,10.0,fcs,fcs,,,False,-31.0,Murray State
401520175,2023,1,Louisiana Monroe,Army,17.0,13.0,fbs,fbs,1244.0,1499.0,False,-4.0,Louisiana Monroe
401550184,2023,1,Macalester,Minnesota-Morris,44.0,30.0,iii,iii,,,False,-14.0,Macalester
401547114,2023,1,Loras College,Benedictine College,,,iii,,,,False,,Benedictine College
401525817,2023,1,Baylor,Texas State,31.0,42.0,fbs,fbs,1614.0,1294.0,False,11.0,Texas State
401550216,2023,1,Eureka College,Knox College,41.0,16.0,iii,iii,,,False,-25.0,Eureka College
401551481,2023,1,OK Panhandle St,Southwest Baptist,7.0,65.0,ii,ii,,,True,58.0,Southwest Baptist
401553015,2023,1,Anna Maria College,Westfield State,51.0,27.0,iii,iii,,,False,-24.0,Anna Maria College
401520173,2023,1,Texas A&M,New Mexico,52.0,10.0,fbs,fbs,1586.0,1187.0,False,-42.0,Texas A&M
401520178,2023,1,Vanderbilt,Alabama A&M,47.0,13.0,fbs,fcs,1238.0,,False,-34.0,Vanderbilt
401540354,2023,1,Houston Christian,Arkansas Baptist,66.0,0.0,fcs,,,,False,-66.0,Houston Christian
401540173,2023,1,Southern Illinois,Austin Peay,49.0,23.0,fcs,fcs,,,False,-26.0,Southern Illinois
401525819,2023,1,Houston,UT San Antonio,17.0,14.0,fbs,fbs,1579.0,1605.0,False,-3.0,Houston
401523990,2023,1,Colorado State,Washington State,24.0,50.0,fbs,fbs,1334.0,1558.0,False,26.0,Washington State
401550373,2023,1,Geneva College,Carnegie Mellon,0.0,31.0,iii,iii,,,False,31.0,Carnegie Mellon
401520167,2023,1,North Carolina,South Carolina,31.0,17.0,fbs,fbs,1539.0,1580.0,True,-14.0,North Carolina
401525825,2023,1,Wyoming,Texas Tech,35.0,33.0,fbs,fbs,1409.0,1588.0,False,-2.0,Wyoming
401520155,2023,1,Illinois,Toledo,30.0,28.0,fbs,fbs,1666.0,1496.0,False,-2.0,Illinois
401520169,2023,1,Penn State,West Virginia,38.0,15.0,fbs,fbs,1833.0,1438.0,False,-23.0,Penn State
401520149,2023,1,Alabama,Middle Tennessee,56.0,7.0,fbs,fbs,1954.0,1415.0,False,-49.0,Alabama
401531839,2023,1,Louisiana,Northwestern State,38.0,13.0,fbs,fcs,1537.0,,False,-25.0,Louisiana
401544898,2023,1,Adams State,Lincoln University (CA),35.0,16.0,ii,,,,False,-19.0,Adams State
401541918,2023,1,Western New Mexico,Sul Ross State,42.0,28.0,ii,iii,,,False,-14.0,Western New Mexico
401547129,2023,1,Wartburg,Monmouth (IL),62.0,35.0,iii,iii,,,False,-27.0,Wartburg
401547140,2023,1,George Fox University,Howard Payne,3.0,17.0,iii,iii,,,False,14.0,Howard Payne
401540980,2023,1,Colorado State-Pueblo,Midwestern State,37.0,8.0,ii,ii,,,False,-29.0,Colorado State-Pueblo
401525467,2023,1,Virginia Tech,Old Dominion,36.0,17.0,fbs,fbs,1378.0,1376.0,False,-19.0,Virginia Tech
401540213,2023,1,McNeese,Tarleton State,34.0,52.0,fcs,fcs,,,False,18.0,Tarleton State
401531347,2023,1,Tulane,South Alabama,37.0,17.0,fbs,fbs,1640.0,1490.0,False,-20.0,Tulane
401520177,2023,1,UTEP,Incarnate Word,28.0,14.0,fbs,fcs,1369.0,,False,-14.0,UTEP
401520166,2023,1,New Mexico State,Western Illinois,58.0,21.0,fbs,fcs,1150.0,,False,-37.0,New Mexico State
401523989,2023,1,Arizona,Northern Arizona,38.0,3.0,fbs,fcs,1416.0,,False,-35.0,Arizona
401550329,2023,1,Pacific (OR),Chapman,0.0,0.0,iii,iii,,,False,-0.0,Chapman
401520152,2023,1,BYU,Sam Houston State,14.0,0.0,fbs,fbs,1517.0,1500.0,False,-14.0,BYU
401523995,2023,1,UCLA,Coastal Carolina,27.0,13.0,fbs,fbs,1622.0,1396.0,False,-14.0,UCLA
401532571,2023,1,San Diego State,Idaho State,36.0,28.0,fbs,fcs,1537.0,,False,-8.0,San Diego State
401520171,2023,1,Rutgers,Northwestern,24.0,7.0,fbs,fbs,1288.0,1338.0,False,-17.0,Rutgers
401540148,2023,1,Florida A&M,Jackson State,28.0,10.0,fcs,fcs,,,True,-18.0,Florida A&M
401532573,2023,1,San José State,Oregon State,17.0,42.0,fbs,fbs,1412.0,1695.0,False,25.0,Oregon State
401540667,2023,1,Morehouse,Virginia Union,13.0,45.0,ii,ii,,,True,32.0,Virginia Union
401547061,2023,1,Tuskegee,Fort Valley State,37.0,31.0,ii,ii,,,True,-6.0,Tuskegee
401520182,2023,1,Florida State,LSU,45.0,24.0,fbs,fbs,1732.0,1747.0,True,-21.0,Florida State
401525468,2023,1,Duke,Clemson,28.0,7.0,fbs,fbs,1518.0,1728.0,False,-21.0,Duke
401545752,2023,2,Alderson-Broaddus,Glenville State,0.0,0.0,ii,ii,,,False,-0.0,Glenville State
401544918,2023,2,Mars Hill,Wingate,15.0,10.0,ii,ii,,,False,-5.0,Mars Hill
401541791,2023,2,East Central,Southern Arkansas,17.0,24.0,ii,ii,,,False,7.0,Southern Arkansas
401541959,2023,2,Washburn,Missouri Southern State,23.0,30.0,ii,ii,,,False,7.0,Missouri Southern State
401525469,2023,2,Louisville,Murray State,56.0,0.0,fbs,fcs,1567.0,,False,-56.0,Louisville
401544876,2023,2,Northwest Missouri State,Emporia State,13.0,33.0,ii,ii,,,False,20.0,Emporia State
401541950,2023,2,Fort Hays State,Pittsburg State,14.0,40.0,ii,ii,,,False,26.0,Pittsburg State
401552466,2023,2,Bridgewater State,Worcester Polytechnic,21.0,24.0,iii,iii,,,False,3.0,Worcester Polytechnic
401540548,2023,2,Rhode Island,Stony Brook,35.0,14.0,fcs,fcs,,,False,-21.0,Rhode Island
401549623,2023,2,St Lawrence,Norwich,14.0,7.0,iii,iii,,,False,-7.0,St Lawrence
401550120,2023,2,Mass Maritime,SUNY Maritime,7.0,14.0,iii,iii,,,False,7.0,SUNY Maritime
401551516,2023,2,Westfield State,Western New England,0.0,46.0,iii,iii,,,False,46.0,Western New England
401564630,2023,2,Franklin & Marshall,College of New Jersey,0.0,0.0,iii,iii,,,False,-0.0,College of New Jersey
401540397,2023,2,Davidson,Barton College,31.0,33.0,fcs,ii,,,False,2.0,Barton College
401520193,2023,2,Indiana,Indiana State,41.0,7.0,fbs,fcs,1307.0,,False,-34.0,Indiana
401520195,2023,2,Kansas,Illinois,34.0,23.0,fbs,fbs,1415.0,1664.0,False,-11.0,Kansas
401564661,2023,2,Salve Regina,Framingham State,29.0,0.0,iii,iii,,,False,-29.0,Salve Regina
401545735,2023,2,West Liberty,Fairmont State,29.0,42.0,ii,ii,,,False,13.0,Fairmont State
401550050,2023,2,Juniata,Alfred,0.0,34.0,iii,iii,,,False,34.0,Alfred
401520216,2023,2,Wake Forest,Vanderbilt,36.0,20.0,fbs,fbs,1608.0,1327.0,False,-16.0,Wake Forest
401525490,2023,2,Boston College,Holy Cross,31.0,28.0,fbs,fcs,1434.0,,False,-3.0,Boston College
401540004,2023,2,Central Connecticut,Stonehill,30.0,33.0,fcs,fcs,,,False,3.0,Stonehill
401523999,2023,2,Baylor,Utah,13.0,20.0,fbs,fbs,1559.0,1784.0,False,7.0,Utah
401525829,2023,2,Kansas State,Troy,42.0,13.0,fbs,fbs,1740.0,1556.0,False,-29.0,Kansas State
401520215,2023,2,Virginia Tech,Purdue,17.0,24.0,fbs,fbs,1421.0,1479.0,False,7.0,Purdue
401545783,2023,2,Southern Connecticut State,Assumption,29.0,42.0,ii,ii,,,False,13.0,Assumption
401545760,2023,2,Notre Dame College,WV Wesleyan,87.0,9.0,ii,ii,,,False,-78.0,Notre Dame College
401525498,2023,2,Virginia,James Madison,35.0,36.0,fbs,fbs,1339.0,1606.0,False,1.0,James Madison
401520209,2023,2,Penn State,Delaware,63.0,7.0,fbs,fcs,1713.0,,False,-56.0,Penn State
401520208,2023,2,Ohio State,Youngstown State,35.0,7.0,fbs,fcs,1955.0,,False,-28.0,Ohio State
401520185,2023,2,Army,Delaware State,57.0,0.0,fbs,fcs,1530.0,,False,-57.0,Army
401520191,2023,2,Georgia,Ball State,45.0,3.0,fbs,fbs,2033.0,1305.0,False,-42.0,Georgia
401525436,2023,2,NC State,Notre Dame,24.0,45.0,fbs,fbs,1553.0,1819.0,False,21.0,Notre Dame
401520188,2023,2,Colorado,Nebraska,36.0,14.0,fbs,fbs,1196.0,1522.0,False,-22.0,Colorado
401549722,2023,2,Coast Guard,Anna Maria College,93.0,24.0,iii,iii,,,False,-69.0,Coast Guard
401540650,2023,2,Davenport,Bowie State,24.0,19.0,ii,ii,,,False,-5.0,Davenport
401541013,2023,2,Gannon,Millersville,21.0,28.0,ii,ii,,,False,7.0,Millersville
401541102,2023,2,Springfield,Husson,45.0,20.0,iii,iii,,,False,-25.0,Springfield
401541811,2023,2,Pace,Findlay,25.0,40.0,ii,ii,,,False,15.0,Findlay
401541856,2023,2,Shorter,Erskine,28.0,7.0,ii,ii,,,False,-21.0,Shorter
401541873,2023,2,Limestone,West Alabama,13.0,27.0,ii,ii,,,False,14.0,West Alabama
401549706,2023,2,Thomas More,UVA-Wise,37.0,0.0,,ii,,,True,-37.0,Thomas More
401547205,2023,2,Plymouth State,University of New England,21.0,31.0,iii,iii,,,False,10.0,University of New England
401545861,2023,2,California (PA),Kutztown,31.0,20.0,ii,ii,,,False,-11.0,California (PA)
401549753,2023,2,Otterbein,Muskingum,14.0,27.0,iii,iii,,,False,13.0,Muskingum
401544955,2023,2,Mount St. Joseph,Hiram,62.0,21.0,iii,iii,,,False,-41.0,Mount St. Joseph
401545892,2023,2,Edinboro,Shepherd,28.0,35.0,ii,ii,,,False,7.0,Shepherd
401549630,2023,2,Muhlenberg,Salisbury,29.0,17.0,iii,iii,,,False,-12.0,Muhlenberg
401549616,2023,2,Rensselaer,Wilkes,38.0,14.0,iii,iii,,,False,-24.0,Rensselaer
401545964,2023,2,Seton Hill College,Shippensburg,28.0,23.0,ii,ii,,,False,-5.0,Seton Hill College
401549588,2023,2,Endicott College,Ithaca,17.0,20.0,iii,iii,,,False,3.0,Ithaca
401605489,2023,2,Central Washington,Montana Tech,29.0,37.0,ii,,,,False,8.0,Montana Tech
401554817,2023,2,Misericordia,King's College (PA),10.0,42.0,iii,iii,,,False,32.0,King's College (PA)
401553009,2023,2,Albright,Delaware Valley,10.0,41.0,iii,iii,,,False,31.0,Delaware Valley
401551511,2023,2,Dean College,Nichols,7.0,70.0,iii,iii,,,False,63.0,Nichols
401540028,2023,2,Georgetown,Sacred Heart,27.0,10.0,fcs,fcs,,,False,-17.0,Georgetown
401541121,2023,2,Greenville,Eureka College,14.0,23.0,iii,iii,,,False,9.0,Eureka College
401545744,2023,2,Wheeling Jesuit,Frostburg State,16.0,20.0,ii,ii,,,False,4.0,Frostburg State
401550194,2023,2,McDaniel College,Rowan,28.0,49.0,iii,iii,,,False,21.0,Rowan
401550146,2023,2,Kenyon,Kalamazoo,16.0,48.0,iii,iii,,,False,32.0,Kalamazoo
401550110,2023,2,Stevenson,Lebanon Valley,38.0,45.0,iii,iii,,,False,7.0,Lebanon Valley
401550057,2023,2,Lycoming,SUNY Cortland,7.0,62.0,iii,iii,,,False,55.0,SUNY Cortland
401550026,2023,2,Allegheny,Geneva College,21.0,27.0,iii,iii,,,False,6.0,Geneva College
401549818,2023,2,Susquehanna,Brockport State (NY),6.0,5.0,iii,iii,,,False,-1.0,Susquehanna
401549811,2023,2,Hampden-Sydney,Brevard College,31.0,17.0,iii,iii,,,False,-14.0,Hampden-Sydney
401549731,2023,2,Merchant Marine,Gallaudet,30.0,13.0,iii,iii,,,False,-17.0,Merchant Marine
401544881,2023,2,University of Mary,Sioux Falls,17.0,36.0,ii,ii,,,False,19.0,Sioux Falls
401544061,2023,2,Widener,FDU-Florham,30.0,20.0,iii,iii,,,False,-10.0,Widener
401545973,2023,2,Southwest Baptist,Black Hills State,33.0,39.0,ii,ii,,,False,6.0,Black Hills State
401540553,2023,2,Presbyterian College,Virginia Lynchburg,48.0,17.0,fcs,,,,False,-31.0,Presbyterian College
401525494,2023,2,Georgia Tech,South Carolina State,48.0,13.0,fbs,fcs,1347.0,,False,-35.0,Georgia Tech
401541636,2023,2,Butler,Taylor,41.0,13.0,fcs,,,,False,-28.0,Butler
401558398,2023,2,Post University,Lincoln (PA),32.0,48.0,ii,ii,,,True,16.0,Lincoln (PA)
401554815,2023,2,Buffalo State,Apprentice School,23.0,37.0,iii,iii,,,False,14.0,Apprentice School
401553861,2023,2,Dickinson,William Paterson,29.0,17.0,iii,iii,,,False,-12.0,Dickinson
401552997,2023,2,St. John Fisher,Hilbert College,62.0,7.0,iii,iii,,,False,-55.0,St. John Fisher
401552993,2023,2,Gettysburg,Montclair State,21.0,32.0,iii,iii,,,False,11.0,Montclair State
401552448,2023,2,Ursinus,Kean,30.0,14.0,iii,iii,,,False,-16.0,Ursinus
401551930,2023,2,Hartwick,Keystone,31.0,21.0,iii,iii,,,False,-10.0,Hartwick
401550867,2023,2,Franklin & Marshall,College of New Jersey,,,iii,iii,,,False,,College of New Jersey
401550436,2023,2,Westminster,Sewanee Univ. of the South,14.0,32.0,iii,iii,,,False,18.0,Sewanee Univ. of the South
401550395,2023,2,Bethany (WV),Washington & Jefferson,7.0,42.0,iii,iii,,,False,35.0,Washington & Jefferson
401550392,2023,2,Waynesburg,Grove City College,27.0,43.0,iii,iii,,,False,16.0,Grove City College
401550316,2023,2,Southern Virginia,Bridgewater (VA),9.0,35.0,iii,iii,,,False,26.0,Bridgewater (VA)
401550283,2023,2,Ohio Wesleyan,UW-River Falls,10.0,37.0,iii,iii,,,False,27.0,UW-River Falls
401549711,2023,2,Kentucky State,Tuskegee,10.0,36.0,ii,ii,,,False,26.0,Tuskegee
401549571,2023,2,Worcester State College,Union,0.0,63.0,iii,iii,,,False,63.0,Union
401547181,2023,2,Sul Ross State,Eastern New Mexico,12.0,51.0,iii,ii,,,False,39.0,Eastern New Mexico
401544070,2023,2,Adrian,Defiance,17.0,34.0,iii,iii,,,False,17.0,Defiance
401540785,2023,2,Michigan Tech,Hillsdale,45.0,20.0,ii,ii,,,False,-25.0,Michigan Tech
401540729,2023,2,Wayne State (MI),Missouri S&T,31.0,24.0,ii,ii,,,False,-7.0,Wayne State (MI)
401544872,2023,2,Elizabeth City State,St. Augustine's,13.0,0.0,ii,ii,,,True,-13.0,Elizabeth City State
401544126,2023,2,Westminster PA,Thiel College,28.0,7.0,iii,iii,,,False,-21.0,Westminster PA
401540465,2023,2,Dayton,Central State,62.0,24.0,fcs,ii,,,False,-38.0,Dayton
401544116,2023,2,Carnegie Mellon,St. Vincent,38.0,0.0,iii,iii,,,False,-38.0,Carnegie Mellon
401544052,2023,2,Utica,Moravian,35.0,20.0,iii,iii,,,False,-15.0,Utica
401541886,2023,2,Bluefield,Emory & Henry,14.0,37.0,ii,ii,,,False,23.0,Emory & Henry
401541839,2023,2,Chowan,Delta State,18.0,42.0,ii,ii,,,False,24.0,Delta State
401541111,2023,2,Randolph-Macon,Catholic University,59.0,14.0,iii,iii,,,False,-45.0,Randolph-Macon
401541093,2023,2,Wooster,Olivet College,24.0,22.0,iii,iii,,,False,-2.0,Wooster
401541083,2023,2,DePauw,Anderson (IN),68.0,19.0,iii,iii,,,False,-49.0,DePauw
401541054,2023,2,Hobart,Morrisville State,27.0,10.0,iii,iii,,,False,-17.0,Hobart
401541002,2023,2,Clarion,Bloomsburg,7.0,21.0,ii,ii,,,False,14.0,Bloomsburg
401540795,2023,2,Northern Michigan,Lake Erie College,21.0,24.0,ii,ii,,,False,3.0,Lake Erie College
401540738,2023,2,Truman State,South Dakota Mines,28.0,24.0,ii,ii,,,False,-4.0,Truman State
401540685,2023,2,Johnson C Smith,Walsh,9.0,14.0,ii,ii,,,False,5.0,Walsh
401547115,2023,2,Hope,Loras College,42.0,28.0,iii,iii,,,False,-14.0,Hope
401540668,2023,2,Shaw,Virginia Union,13.0,26.0,ii,ii,,,False,13.0,Virginia Union
401545836,2023,2,Minnesota St-Moorhead,Minot State,56.0,14.0,ii,ii,,,False,-42.0,Minnesota St-Moorhead
401550261,2023,2,Ohio Northern,Capital,40.0,7.0,iii,iii,,,False,-33.0,Ohio Northern
401550086,2023,2,Franklin,Aurora,30.0,45.0,iii,iii,,,False,15.0,Aurora
401544991,2023,2,Baldwin-Wallace,Wilmington (OH),61.0,25.0,iii,iii,,,False,-36.0,Baldwin-Wallace
401532396,2023,2,Central Michigan,New Hampshire,45.0,42.0,fbs,fcs,1482.0,,False,-3.0,Central Michigan
401550452,2023,2,UW-Stout,Dickinson State,21.0,24.0,iii,,,,False,3.0,Dickinson State
401547054,2023,2,Clark Atlanta,Fort Valley State,17.0,40.0,ii,ii,,,False,23.0,Fort Valley State
401547126,2023,2,Nebraska Wesleyan University,Mayville State,33.0,30.0,iii,,,,True,-3.0,Nebraska Wesleyan University
401549628,2023,2,Crown College,Simpson College,46.0,48.0,iii,iii,,,False,2.0,Simpson College
401549659,2023,2,Illinois College,Lake Forest,6.0,37.0,iii,iii,,,False,31.0,Lake Forest
401549651,2023,2,Knox College,Beloit College,31.0,14.0,iii,iii,,,False,-17.0,Knox College
401545820,2023,2,Winona State,Concordia-St. Paul,33.0,8.0,ii,ii,,,False,-25.0,Winona State
401544078,2023,2,Grinnell,Ripon,12.0,31.0,iii,iii,,,False,19.0,Ripon
401541929,2023,2,Central Missouri State,Central Oklahoma,41.0,17.0,ii,ii,,,False,-24.0,Central Missouri State
401541919,2023,2,New Mexico Highlands,Western New Mexico,48.0,41.0,ii,ii,,,False,-7.0,New Mexico Highlands
401541827,2023,2,William Jewell College,Kentucky Wesleyan,34.0,41.0,ii,ii,,,True,7.0,Kentucky Wesleyan
401541130,2023,2,Wheaton College (Ill),UW-Oshkosh,30.0,21.0,iii,iii,,,False,-9.0,Wheaton College (Ill)
401541073,2023,2,Carleton,Pomona-Pitzer,45.0,24.0,iii,iii,,,False,-21.0,Carleton
401540709,2023,2,McKendree,West Florida,3.0,35.0,ii,ii,,,False,32.0,West Florida
401540659,2023,2,Virginia State,Tusculum,21.0,17.0,ii,ii,,,False,-4.0,Virginia State
401550415,2023,2,Wisconsin-La Crosse,Hardin-Simmons,21.0,28.0,iii,iii,,,False,7.0,Hardin-Simmons
401552395,2023,2,Chadron State,Augustana (SD),3.0,27.0,ii,ii,,,False,24.0,Augustana (SD)
401547176,2023,2,Millsaps,McMurry,2.0,53.0,iii,iii,,,False,51.0,McMurry
401550411,2023,2,Bethel (MN),Wartburg,2.0,16.0,iii,iii,,,False,14.0,Wartburg
401532400,2023,2,Bowling Green,Eastern Illinois,38.0,15.0,fbs,fcs,1210.0,,False,-23.0,Bowling Green
401550367,2023,2,Maryville TN,Centre,34.0,23.0,iii,iii,,,False,-11.0,Maryville TN
401547132,2023,2,Rhodes,Austin College,19.0,17.0,iii,iii,,,False,-2.0,Rhodes
401547100,2023,2,Coe,Wisconsin-Eau Claire,44.0,14.0,iii,iii,,,False,-30.0,Coe
401550244,2023,2,Wisconsin-Stevens Point,St. Norbert,31.0,28.0,iii,iii,,,False,-3.0,Wisconsin-Stevens Point
401550230,2023,2,Northwestern (MN),Concordia (WI),26.0,10.0,iii,iii,,,False,-16.0,Northwestern (MN)
401550213,2023,2,Monmouth (IL),Chicago,39.0,6.0,iii,iii,,,False,-33.0,Monmouth (IL)
401550201,2023,2,Cornell College (IA),Lawrence,31.0,7.0,iii,iii,,,False,-24.0,Cornell College (IA)
401550188,2023,2,UW-Whitewater,St. Johns (MN),56.0,28.0,iii,iii,,,False,-28.0,UW-Whitewater
401549768,2023,2,Martin Luther College,Macalester,27.0,56.0,iii,iii,,,False,29.0,Macalester
401547091,2023,2,Illinois Wesleyan,Central,13.0,38.0,iii,iii,,,False,25.0,Central
401549690,2023,2,Quincy,Madonna University (Mich.),89.0,0.0,ii,,,,False,-89.0,Quincy
401549682,2023,2,Rockford,St. Scholastica,38.0,37.0,iii,iii,,,False,-1.0,Rockford
401549673,2023,2,Oberlin,Concordia (IL),37.0,35.0,iii,iii,,,False,-2.0,Oberlin
401540441,2023,2,South Dakota,St. Thomas (MN),24.0,0.0,fcs,fcs,,,False,-24.0,South Dakota
401525491,2023,2,Clemson,Charleston Southern,66.0,17.0,fbs,fcs,1684.0,,False,-49.0,Clemson
401540625,2023,2,Western Carolina,Samford,30.0,7.0,fcs,fcs,,,False,-23.0,Western Carolina
401525828,2023,2,BYU,Southern Utah,41.0,16.0,fbs,fcs,1544.0,,False,-25.0,BYU
401520196,2023,2,Kentucky,Eastern Kentucky,28.0,17.0,fbs,fcs,1730.0,,False,-11.0,Kentucky
401541906,2023,2,Western State,University of Texas of the Permian Basin,35.0,27.0,ii,ii,,,False,-8.0,Western State
401550062,2023,2,Fitchburg State,Castleton State College,3.0,32.0,iii,iii,,,False,29.0,Castleton State College
401540312,2023,2,The Citadel,Campbell,7.0,56.0,fcs,fcs,,,False,49.0,Campbell
401547120,2023,2,Luther,St. Olaf College,21.0,52.0,iii,iii,,,False,31.0,St. Olaf College
401520202,2023,2,Michigan,UNLV,35.0,7.0,fbs,fbs,1941.0,1350.0,False,-28.0,Michigan
401520203,2023,2,Michigan State,Richmond,45.0,14.0,fbs,fcs,1617.0,,False,-31.0,Michigan State
401532398,2023,2,Toledo,Texas Southern,71.0,3.0,fbs,fcs,1531.0,,False,-68.0,Toledo
401520194,2023,2,Iowa State,Iowa,13.0,20.0,fbs,fbs,1536.0,1664.0,False,7.0,Iowa
401520207,2023,2,Northwestern,UTEP,38.0,7.0,fbs,fbs,1296.0,1370.0,False,-31.0,Northwestern
401525497,2023,2,Syracuse,Western Michigan,48.0,7.0,fbs,fbs,1476.0,1367.0,False,-41.0,Syracuse
401526833,2023,2,UMass,Miami (OH),28.0,41.0,fbs,fbs,1048.0,1316.0,False,13.0,Miami (OH)
401531395,2023,2,UT San Antonio,Texas State,20.0,13.0,fbs,fbs,1604.0,1349.0,False,-7.0,UT San Antonio
401540383,2023,2,North Dakota State,Maine,44.0,7.0,fcs,fcs,,,False,-37.0,North Dakota State
401540970,2023,2,St. Anselm,Tiffin,7.0,42.0,ii,ii,,,False,35.0,Tiffin
401551486,2023,2,Ohio Dominican,Winston-Salem,26.0,14.0,ii,ii,,,False,-12.0,Ohio Dominican
401520214,2023,2,Tulane,Ole Miss,20.0,37.0,fbs,fbs,1671.0,1589.0,False,17.0,Ole Miss
401531432,2023,2,Navy,Wagner,24.0,0.0,fbs,fcs,1320.0,,False,-24.0,Navy
401532397,2023,2,Northern Illinois,Southern Illinois,11.0,14.0,fbs,fcs,1385.0,,False,3.0,Southern Illinois
401520201,2023,2,Miami,Texas A&M,48.0,33.0,fbs,fbs,1481.0,1656.0,False,-15.0,Miami
401540279,2023,2,Northern Colorado,Incarnate Word,7.0,42.0,fcs,fcs,,,False,35.0,Incarnate Word
401520184,2023,2,Arkansas,Kent State,28.0,6.0,fbs,fbs,1624.0,1262.0,False,-22.0,Arkansas
401550470,2023,2,Pacific (OR),George Fox University,9.0,14.0,iii,iii,,,False,5.0,George Fox University
401531411,2023,2,East Carolina,Marshall,13.0,31.0,fbs,fbs,1481.0,1542.0,False,18.0,Marshall
401532580,2023,2,Wyoming,Portland State,31.0,17.0,fbs,fcs,1500.0,,False,-14.0,Wyoming
401553972,2023,2,Upper Iowa,St. Ambrose,45.0,26.0,ii,,,,False,-19.0,Upper Iowa
401540272,2023,2,North Dakota,Northern Arizona,37.0,22.0,fcs,fcs,,,False,-15.0,North Dakota
401550875,2023,2,Lewis & Clark,Willamette,38.0,7.0,iii,iii,,,False,-31.0,Lewis & Clark
401550168,2023,2,Concordia (MN),Pacific Lutheran,26.0,21.0,iii,iii,,,False,-5.0,Concordia (MN)
401547032,2023,2,Edward Waters,Benedict College,0.0,34.0,ii,ii,,,False,34.0,Benedict College
401540079,2023,2,Merrimack,Lehigh,12.0,14.0,fcs,fcs,,,False,2.0,Lehigh
401544890,2023,2,Indiana (PA),East Stroudsburg,12.0,13.0,ii,ii,,,False,1.0,East Stroudsburg
401544087,2023,2,Eastern Oregon,Whitworth,28.0,42.0,,iii,,,True,14.0,Whitworth
401540558,2023,2,San Diego,Colorado Mesa,21.0,28.0,fcs,ii,,,False,7.0,Colorado Mesa
401540141,2023,2,Bethune-Cookman,Savannah State,31.0,6.0,fcs,ii,,,False,-25.0,Bethune-Cookman
401540100,2023,2,Western Illinois,Illinois State,18.0,34.0,fcs,fcs,,,False,16.0,Illinois State
401532578,2023,2,San José State,Cal Poly,59.0,3.0,fbs,fcs,1223.0,,False,-56.0,San José State
401541926,2023,2,Western Oregon,Lincoln University (CA),29.0,14.0,ii,,,,False,-15.0,Western Oregon
401531844,2023,2,South Alabama,Southeastern Louisiana,35.0,17.0,fbs,fcs,1313.0,,False,-18.0,South Alabama
401520213,2023,2,Tennessee,Austin Peay,30.0,13.0,fbs,fcs,1735.0,,False,-17.0,Tennessee
401540310,2023,2,Northern Iowa,Weber State,17.0,34.0,fcs,fcs,,,False,17.0,Weber State
401550080,2023,2,UMass Dartmouth,Curry,28.0,14.0,iii,iii,,,False,-14.0,UMass Dartmouth
401524004,2023,2,Washington,Tulsa,43.0,10.0,fbs,fbs,1774.0,1418.0,False,-33.0,Washington
401525495,2023,2,North Carolina,Appalachian State,40.0,34.0,fbs,fbs,1579.0,1562.0,False,-6.0,North Carolina
401540590,2023,2,East Tennessee State,Carson-Newman,42.0,0.0,fcs,ii,,,False,-42.0,East Tennessee State
401544135,2023,2,LaGrange College,Berry College,3.0,70.0,iii,iii,,,False,67.0,Berry College
401525830,2023,2,Oklahoma,SMU,28.0,11.0,fbs,fbs,1793.0,1535.0,False,-17.0,Oklahoma
401532401,2023,2,Buffalo,Fordham,37.0,40.0,fbs,fcs,1354.0,,False,3.0,Fordham
401532399,2023,2,Akron,Morgan State,24.0,21.0,fbs,fcs,1094.0,,False,-3.0,Akron
401525833,2023,2,West Virginia,Duquesne,56.0,17.0,fbs,fcs,1447.0,,False,-39.0,West Virginia
401540033,2023,2,Robert Morris,St Francis (PA),31.0,21.0,fcs,fcs,,,False,-10.0,Robert Morris
401539987,2023,2,Hampton,Norfolk State,23.0,31.0,fcs,fcs,,,False,8.0,Norfolk State
401540020,2023,2,Bryant,Long Island University,21.0,10.0,fcs,fcs,,,False,-11.0,Bryant
401540047,2023,2,Bucknell,VMI,21.0,13.0,fcs,fcs,,,False,-8.0,Bucknell
401540410,2023,2,Gardner-Webb,Elon,34.0,27.0,fcs,fcs,,,False,-7.0,Gardner-Webb
401540503,2023,2,Towson,Monmouth,23.0,42.0,fcs,fcs,,,False,19.0,Monmouth
401540581,2023,2,Chattanooga,Kennesaw State,27.0,20.0,fcs,fcs,,,False,-7.0,Chattanooga
401540605,2023,2,Villanova,Colgate,42.0,19.0,fcs,fcs,,,False,-23.0,Villanova
401540616,2023,2,William & Mary,Wofford,23.0,6.0,fcs,fcs,,,False,-17.0,William & Mary
401531842,2023,2,Old Dominion,Louisiana,38.0,31.0,fbs,fbs,1333.0,1537.0,False,-7.0,Old Dominion
401531419,2023,2,Florida Atlantic,Ohio,10.0,17.0,fbs,fbs,1424.0,1473.0,False,7.0,Ohio
401531378,2023,2,Georgia Southern,UAB,49.0,35.0,fbs,fbs,1418.0,1510.0,False,-14.0,Georgia Southern
401520198,2023,2,Liberty,New Mexico State,33.0,17.0,fbs,fbs,1446.0,1274.0,False,-16.0,Liberty
401525492,2023,2,Duke,Lafayette,42.0,7.0,fbs,fcs,1250.0,,False,-35.0,Duke
401540116,2023,2,Alabama State,Miles,17.0,21.0,fcs,ii,,,False,4.0,Miles
401540454,2023,2,Indiana Wesleyan,Valparaiso,24.0,22.0,,fcs,,,True,-2.0,Indiana Wesleyan
401552431,2023,2,Allen,Columbus State,49.0,0.0,ii,,,,False,-49.0,Allen
401550361,2023,2,Lyon College,Belhaven College,15.0,48.0,,iii,,,True,33.0,Belhaven College
401550323,2023,2,Ferrum,NC Wesleyan,34.0,0.0,iii,iii,,,False,-34.0,Ferrum
401550074,2023,2,Manchester,Alma College,0.0,68.0,iii,iii,,,False,68.0,Alma College
401549803,2023,2,Methodist,Guilford,21.0,39.0,iii,iii,,,False,18.0,Guilford
401549785,2023,2,Averett,Greensboro,34.0,7.0,iii,iii,,,False,-27.0,Averett
401547186,2023,2,Johns Hopkins,Christopher Newport,20.0,14.0,iii,iii,,,False,-6.0,Johns Hopkins
401547006,2023,2,Catawba,Livingstone,55.0,15.0,ii,ii,,,False,-40.0,Catawba
401545967,2023,2,Slippery Rock,West Chester,49.0,24.0,ii,ii,,,False,-25.0,Slippery Rock
401545811,2023,2,Southwest Minnesota State,Bemidji State,14.0,34.0,ii,ii,,,False,20.0,Bemidji State
401541865,2023,2,Albany State (GA),Valdosta State,16.0,21.0,ii,ii,,,False,5.0,Valdosta State
401541024,2023,2,Mercyhurst,Lock Haven,41.0,29.0,ii,ii,,,False,-12.0,Mercyhurst
401540991,2023,2,West Virginia State,UNC Pembroke,37.0,35.0,ii,ii,,,False,-2.0,West Virginia State
401540803,2023,2,Saginaw Valley,Northwood (MI),31.0,8.0,ii,ii,,,False,-23.0,Saginaw Valley
401540676,2023,2,Fayetteville State,Lenoir-Rhyne,10.0,24.0,ii,ii,,,False,14.0,Lenoir-Rhyne
401541064,2023,2,Bluffton,Albion,20.0,42.0,iii,iii,,,False,22.0,Albion
401520189,2023,2,Florida International,North Texas,46.0,39.0,fbs,fbs,1074.0,1357.0,False,-7.0,Florida International
401549698,2023,2,Bentley,New Haven,13.0,14.0,ii,ii,,,False,1.0,New Haven
401525496,2023,2,Pittsburgh,Cincinnati,21.0,27.0,fbs,fbs,1624.0,1626.0,False,6.0,Cincinnati
401541768,2023,2,Ouachita Baptist,Northwestern Oklahoma State,66.0,0.0,ii,ii,,,False,-66.0,Ouachita Baptist
401531427,2023,2,Arkansas State,Memphis,3.0,37.0,fbs,fbs,1071.0,1545.0,False,34.0,Memphis
401531422,2023,2,South Florida,Florida A&M,38.0,24.0,fbs,fcs,1268.0,,False,-14.0,South Florida
401525831,2023,2,Rice,Houston,43.0,41.0,fbs,fbs,1194.0,1580.0,False,-2.0,Rice
401525827,2023,2,Boise State,UCF,16.0,18.0,fbs,fbs,1540.0,1668.0,False,2.0,UCF
401541802,2023,2,Ashland,Ferris State,28.0,38.0,ii,ii,,,False,10.0,Ferris State
401540201,2023,2,Tarleton State,North Alabama,52.0,31.0,fcs,fcs,,,False,-21.0,Tarleton State
401540167,2023,2,Prairie View,Abilene Christian,16.0,45.0,fcs,fcs,,,False,29.0,Abilene Christian
401540125,2023,2,Stephen F. Austin,Alcorn State,38.0,10.0,fcs,fcs,,,False,-28.0,Stephen F. Austin
401541890,2023,2,Angelo State,Colorado Mines,21.0,31.0,ii,ii,,,False,10.0,Colorado Mines
401541966,2023,2,Lincoln (MO),Missouri Western,14.0,68.0,ii,ii,,,False,54.0,Missouri Western
401545828,2023,2,Northern State,Minnesota-Duluth,21.0,41.0,ii,ii,,,False,20.0,Minnesota-Duluth
401545707,2023,2,Charleston (WV),Concord,54.0,14.0,ii,ii,,,False,-40.0,Charleston (WV)
401545843,2023,2,Minnesota State,Wayne State (NE),31.0,14.0,ii,ii,,,False,-17.0,Minnesota State
401540718,2023,2,Arkansas Tech,Southern Nazarene,31.0,38.0,ii,ii,,,False,7.0,Southern Nazarene
401540746,2023,2,Grand Valley State,Colorado State-Pueblo,57.0,49.0,ii,ii,,,False,-8.0,Grand Valley State
401540776,2023,2,Arkansas-Monticello,Southwestern Oklahoma,58.0,21.0,ii,ii,,,False,-37.0,Arkansas-Monticello
401541761,2023,2,Southeastern Oklahoma,Henderson State,28.0,38.0,ii,ii,,,False,10.0,Henderson State
401520183,2023,2,Alabama,Texas,24.0,34.0,fbs,fbs,2029.0,1776.0,False,10.0,Texas
401524002,2023,2,Texas Tech,Oregon,30.0,38.0,fbs,fbs,1585.0,1649.0,False,8.0,Oregon
401540494,2023,2,Southeast Missouri State,Lindenwood,45.0,7.0,fcs,fcs,,,False,-38.0,Southeast Missouri State
401546999,2023,2,Newberry,North Greenville,14.0,24.0,ii,ii,,,False,10.0,North Greenville
401547081,2023,2,Buena Vista,Lakeland University,16.0,34.0,iii,iii,,,False,18.0,Lakeland University
401547108,2023,2,Dubuque,Wisconsin-Platteville,19.0,35.0,iii,iii,,,False,16.0,Wisconsin-Platteville
401547141,2023,2,Howard Payne,Southwestern Assemblies of God,42.0,10.0,iii,,,,False,-32.0,Howard Payne
401547149,2023,2,Trinity (TX),Mary Hardin-Baylor,35.0,16.0,iii,iii,,,False,-19.0,Trinity (TX)
401547213,2023,2,Carroll (WI),Wisconsin Lutheran,51.0,7.0,iii,iii,,,False,-44.0,Carroll (WI)
401549759,2023,2,Huntingdon,Birmingham-Southern,16.0,0.0,iii,iii,,,False,-16.0,Huntingdon
401550095,2023,2,Trine,Rose-Hulman,28.0,30.0,iii,iii,,,False,2.0,Rose-Hulman
401550180,2023,2,Minnesota-Morris,Hamline,28.0,49.0,iii,iii,,,False,21.0,Hamline
401520187,2023,2,Coastal Carolina,Jacksonville State,30.0,16.0,fbs,fbs,1387.0,1499.0,False,-14.0,Coastal Carolina
401550254,2023,2,Denison,Linfield,14.0,28.0,iii,iii,,,False,14.0,Linfield
401520197,2023,2,Louisiana Tech,Northwestern State,51.0,21.0,fbs,fcs,1257.0,,False,-30.0,Louisiana Tech
401520206,2023,2,Missouri,Middle Tennessee,23.0,19.0,fbs,fbs,1480.0,1340.0,False,-4.0,Missouri
401551918,2023,2,Rochester,Alfred State College,49.0,7.0,iii,iii,,,False,-42.0,Rochester
401520218,2023,2,Western Kentucky,Houston Christian,52.0,22.0,fbs,fcs,1700.0,,False,-30.0,Western Kentucky
401552542,2023,2,American International,Franklin Pierce,27.0,24.0,ii,ii,,,False,-3.0,American International
401555473,2023,2,Eastern University,Alvernia University,30.0,23.0,iii,iii,,,True,-7.0,Eastern University
401540085,2023,2,Alabama A&M,Lane,51.0,13.0,fcs,ii,,,False,-38.0,Alabama A&M
401534850,2023,2,Howard,Morehouse,65.0,19.0,fcs,ii,,,False,-46.0,Howard
401540183,2023,2,Central Arkansas,Texas College,70.0,2.0,fcs,,,,False,-68.0,Central Arkansas
401540513,2023,2,Drake,Northwestern (IA),24.0,27.0,fcs,,,,False,3.0,Northwestern (IA)
401540566,2023,2,Stetson,Webber International,38.0,28.0,fcs,,,,False,-10.0,Stetson
401520192,2023,2,Georgia State,Connecticut,35.0,14.0,fbs,fbs,1490.0,1264.0,False,-21.0,Georgia State
401540133,2023,2,Tennessee State,Arkansas-Pine Bluff,24.0,14.0,fcs,fcs,,,True,-10.0,Tennessee State
401540160,2023,2,Southern,Jackson State,14.0,27.0,fcs,fcs,,,False,13.0,Jackson State
401540266,2023,2,South Dakota State,Montana State,20.0,16.0,fcs,fcs,,,False,-4.0,South Dakota State
401540346,2023,2,UT Martin,Missouri State,38.0,31.0,fcs,fcs,,,False,-7.0,UT Martin
401532576,2023,2,Nevada,Idaho,6.0,33.0,fbs,fcs,1405.0,,False,27.0,Idaho
401539994,2023,2,North Carolina A&T,North Carolina Central,16.0,30.0,fcs,fcs,,,False,14.0,North Carolina Central
401540528,2023,2,Mercer,Morehead State,48.0,22.0,fcs,fcs,,,False,-26.0,Mercer
401520217,2023,2,Washington State,Wisconsin,31.0,22.0,fbs,fbs,1602.0,1665.0,False,-9.0,Washington State
401520204,2023,2,Minnesota,Eastern Michigan,25.0,6.0,fbs,fbs,1671.0,1433.0,False,-19.0,Minnesota
401520200,2023,2,Maryland,Charlotte,38.0,20.0,fbs,fbs,1596.0,1220.0,False,-18.0,Maryland
401520210,2023,2,Rutgers,Temple,36.0,7.0,fbs,fbs,1330.0,1263.0,False,-29.0,Rutgers
401524001,2023,2,San Diego State,UCLA,10.0,35.0,fbs,fbs,1497.0,1631.0,False,25.0,UCLA
401520205,2023,2,Mississippi State,Arizona,31.0,24.0,fbs,fbs,1629.0,1416.0,False,-7.0,Mississippi State
401520199,2023,2,LSU,Grambling,72.0,10.0,fbs,fcs,1484.0,,False,-62.0,LSU
401520190,2023,2,Florida,McNeese,49.0,7.0,fbs,fcs,1558.0,,False,-42.0,Florida
401520212,2023,2,South Carolina,Furman,47.0,21.0,fbs,fcs,1459.0,,False,-26.0,South Carolina
401520211,2023,2,Sam Houston State,Air Force,3.0,13.0,fbs,fbs,1473.0,1678.0,True,10.0,Air Force
401541913,2023,2,West Texas A&M,Adams State,28.0,7.0,ii,ii,,,False,-21.0,West Texas A&M
401525832,2023,2,TCU,Nicholls,41.0,6.0,fbs,fcs,1428.0,,False,-35.0,TCU
401550406,2023,2,East Texas Baptist,Hendrix College,38.0,37.0,iii,iii,,,False,-1.0,East Texas Baptist
401541973,2023,2,Nebraska-Kearney,Northeastern State,31.0,17.0,ii,ii,,,False,-14.0,Nebraska-Kearney
401541882,2023,2,Texas A&M-Kingsville,West Georgia,20.0,17.0,ii,ii,,,False,-3.0,Texas A&M-Kingsville
401541752,2023,2,Harding,Oklahoma Baptist,49.0,10.0,ii,ii,,,False,-39.0,Harding
401541044,2023,2,Southwestern University,Texas Lutheran,7.0,39.0,iii,iii,,,False,32.0,Texas Lutheran
401540981,2023,2,Midwestern State,Mississippi College,30.0,17.0,ii,ii,,,False,-13.0,Midwestern State
401531843,2023,2,Louisiana Monroe,Lamar,24.0,14.0,fbs,fcs,1221.0,,False,-10.0,Louisiana Monroe
401532579,2023,2,Utah State,Idaho State,78.0,28.0,fbs,fcs,1553.0,,False,-50.0,Utah State
401532577,2023,2,New Mexico,Tennessee Tech,56.0,10.0,fbs,fcs,1146.0,,False,-46.0,New Mexico
401525493,2023,2,Florida State,Southern Mississippi,66.0,13.0,fbs,fbs,1792.0,1370.0,False,-53.0,Florida State
401546005,2023,2,Arizona Christian,Fort Lewis,49.0,25.0,,ii,,,True,-24.0,Arizona Christian
401532574,2023,2,Fresno State,Eastern Washington,34.0,31.0,fbs,fcs,1600.0,,False,-3.0,Fresno State
401524000,2023,2,Oregon State,UC Davis,55.0,7.0,fbs,fcs,1599.0,,False,-48.0,Oregon State
401540220,2023,2,Utah Tech,Montana,13.0,43.0,fcs,fcs,,,False,30.0,Montana
401540286,2023,2,Sacramento State,Texas A&M-Commerce,34.0,6.0,fcs,fcs,,,False,-28.0,Sacramento State
401523998,2023,2,Arizona State,Oklahoma State,15.0,27.0,fbs,fbs,1464.0,1530.0,False,12.0,Oklahoma State
401524003,2023,2,USC,Stanford,56.0,10.0,fbs,fbs,1817.0,1345.0,False,-46.0,USC
401520186,2023,2,California,Auburn,10.0,14.0,fbs,fbs,1552.0,1638.0,False,4.0,Auburn
401532575,2023,2,Hawai'i,Albany,31.0,20.0,fbs,fcs,1380.0,,False,-11.0,Hawai'i
401525499,2023,3,Miami,Bethune-Cookman,48.0,7.0,fbs,fcs,1659.0,,False,-41.0,Miami
401531428,2023,3,Memphis,Navy,28.0,24.0,fbs,fbs,1584.0,1385.0,False,-4.0,Memphis
401531396,2023,3,UT San Antonio,Army,29.0,37.0,fbs,fbs,1600.0,1488.0,False,8.0,Army
401520231,2023,3,Maryland,Virginia,42.0,14.0,fbs,fbs,1602.0,1350.0,False,-28.0,Maryland
401549572,2023,3,Union,Springfield,34.0,7.0,iii,iii,,,False,-27.0,Union
401552479,2023,3,Western Connecticut State,Westfield State,42.0,0.0,iii,iii,,,False,-42.0,Western Connecticut State
401532581,2023,3,Air Force,Utah State,39.0,21.0,fbs,fbs,1677.0,1396.0,False,-18.0,Air Force
401550455,2023,3,Iowa Wesleyan,Westminster,,,,iii,,,True,,Westminster
401554816,2023,3,Dean College,Buffalo State,7.0,41.0,iii,iii,,,False,34.0,Buffalo State
401540992,2023,3,UNC Pembroke,Charleston (WV),29.0,37.0,ii,ii,,,False,8.0,Charleston (WV)
401541014,2023,3,West Chester,Gannon,38.0,31.0,ii,ii,,,False,-7.0,West Chester
401525838,2023,3,Ohio,Iowa State,10.0,7.0,fbs,fbs,1482.0,1533.0,False,-3.0,Ohio
401525504,2023,3,Old Dominion,Wake Forest,24.0,27.0,fbs,fbs,1355.0,1618.0,False,3.0,Wake Forest
401525500,2023,3,Boston College,Florida State,29.0,31.0,fbs,fbs,1309.0,1895.0,False,2.0,Florida State
401520235,2023,3,Mississippi State,LSU,14.0,41.0,fbs,fbs,1627.0,1687.0,False,27.0,LSU
401520230,2023,3,Indiana,Louisville,14.0,21.0,fbs,fbs,1389.0,1654.0,True,7.0,Louisville
401520226,2023,3,Illinois,Penn State,13.0,30.0,fbs,fbs,1624.0,1849.0,False,17.0,Penn State
401558978,2023,3,SUNY Maritime,Endicott College,0.0,27.0,iii,iii,,,False,27.0,Endicott College
401553019,2023,3,Salve Regina,Rochester,10.0,17.0,iii,iii,,,False,7.0,Rochester
401552543,2023,3,Pace,Franklin Pierce,2.0,41.0,ii,ii,,,False,39.0,Franklin Pierce
401552474,2023,3,Worcester State College,Fitchburg State,33.0,13.0,iii,iii,,,False,-20.0,Worcester State College
401552467,2023,3,Bridgewater State,Plymouth State,41.0,19.0,iii,iii,,,False,-22.0,Bridgewater State
401552459,2023,3,Wilkes,Brockport State (NY),7.0,31.0,iii,iii,,,False,24.0,Brockport State (NY)
401551931,2023,3,Keystone,St. John Fisher,20.0,35.0,iii,iii,,,False,15.0,St. John Fisher
401550324,2023,3,Ferrum,LaGrange College,13.0,10.0,iii,iii,,,False,-3.0,Ferrum
401550132,2023,3,Framingham State,UMass Dartmouth,7.0,33.0,iii,iii,,,False,26.0,UMass Dartmouth
401550096,2023,3,Albion,Rose-Hulman,48.0,19.0,iii,iii,,,False,-29.0,Albion
401525834,2023,3,Baylor,Long Island University,30.0,7.0,fbs,fcs,1643.0,,False,-23.0,Baylor
401532404,2023,3,Kent State,Central Connecticut,38.0,10.0,fbs,fcs,1212.0,,False,-28.0,Kent State
401540080,2023,3,Lehigh,Cornell,20.0,23.0,fcs,fcs,,,False,3.0,Cornell
401520249,2023,3,Wisconsin,Georgia Southern,35.0,14.0,fbs,fbs,1646.0,1455.0,False,-21.0,Wisconsin
401520236,2023,3,Missouri,Kansas State,30.0,27.0,fbs,fbs,1479.0,1795.0,False,-3.0,Missouri
401532582,2023,3,Boise State,North Dakota,42.0,18.0,fbs,fcs,1541.0,,False,-24.0,Boise State
401541055,2023,3,Morrisville State,Catholic University,20.0,31.0,iii,iii,,,False,11.0,Catholic University
401549819,2023,3,SUNY Cortland,Susquehanna,35.0,38.0,iii,iii,,,False,3.0,Susquehanna
401545875,2023,3,Kutztown,Mercyhurst,47.0,14.0,ii,ii,,,False,-33.0,Kutztown
401540066,2023,3,Yale,Holy Cross,24.0,49.0,fcs,fcs,,,False,25.0,Holy Cross
401547206,2023,3,Gallaudet,University of New England,10.0,31.0,iii,iii,,,False,21.0,University of New England
401547196,2023,3,Alfred State College,Husson,13.0,31.0,iii,iii,,,False,18.0,Husson
401549723,2023,3,Coast Guard,Nichols,49.0,42.0,iii,iii,,,False,-7.0,Coast Guard
401549713,2023,3,Hamilton,Bowdoin,12.0,26.0,iii,iii,,,False,14.0,Bowdoin
401541034,2023,3,Limestone,Carson-Newman,45.0,14.0,ii,ii,,,False,-31.0,Limestone
401545862,2023,3,California (PA),Shepherd,34.0,44.0,ii,ii,,,False,10.0,Shepherd
401541840,2023,3,Shorter,Chowan,57.0,20.0,ii,ii,,,False,-37.0,Shorter
401544053,2023,3,Lycoming,Utica,35.0,38.0,iii,iii,,,False,3.0,Utica
401544062,2023,3,FDU-Florham,Stevenson,21.0,24.0,iii,iii,,,False,3.0,Stevenson
401545753,2023,3,Glenville State,Notre Dame College,24.0,21.0,ii,ii,,,False,-3.0,Glenville State
401520222,2023,3,Buffalo,Liberty,27.0,55.0,fbs,fbs,1396.0,1465.0,False,28.0,Liberty
401540072,2023,3,Lafayette,Columbia,24.0,3.0,fcs,fcs,,,False,-21.0,Lafayette
401540039,2023,3,Georgetown,Stonehill,20.0,23.0,fcs,fcs,,,False,3.0,Stonehill
401540313,2023,3,Monmouth,Campbell,31.0,45.0,fcs,fcs,,,False,14.0,Campbell
401540398,2023,3,Marist,Davidson,21.0,49.0,fcs,fcs,,,False,28.0,Davidson
401549795,2023,3,Huntingdon,Guilford,40.0,14.0,iii,iii,,,False,-26.0,Huntingdon
401540466,2023,3,Dayton,Taylor,52.0,20.0,fcs,,,,False,-32.0,Dayton
401552012,2023,3,Williams,Colby,25.0,22.0,iii,iii,,,False,-3.0,Williams
401551493,2023,3,New Haven,Southern Connecticut State,34.0,7.0,ii,ii,,,False,-27.0,New Haven
401550401,2023,3,Rhodes,Centre,26.0,28.0,iii,iii,,,False,2.0,Centre
401550396,2023,3,Washington & Jefferson,Westminster PA,48.0,3.0,iii,iii,,,False,-45.0,Washington & Jefferson
401550374,2023,3,Carnegie Mellon,Waynesburg,41.0,10.0,iii,iii,,,False,-31.0,Carnegie Mellon
401550346,2023,3,Shenandoah,Maryville TN,20.0,27.0,iii,iii,,,False,7.0,Maryville TN
401550294,2023,3,Bates College,Wesleyan,17.0,28.0,iii,iii,,,False,11.0,Wesleyan
401550255,2023,3,Oberlin,Denison,0.0,70.0,iii,iii,,,False,70.0,Denison
401550111,2023,3,Lebanon Valley,Misericordia,31.0,3.0,iii,iii,,,False,-28.0,Lebanon Valley
401550101,2023,3,Moravian,Apprentice School,29.0,28.0,iii,iii,,,False,-1.0,Moravian
401550087,2023,3,Trine,Franklin,58.0,43.0,iii,iii,,,False,-15.0,Trine
401550068,2023,3,Kalamazoo,Defiance,42.0,35.0,iii,iii,,,False,-7.0,Kalamazoo
401550063,2023,3,Castleton State College,Norwich,14.0,28.0,iii,iii,,,False,14.0,Norwich
401549804,2023,3,Washington & Lee,Methodist,54.0,14.0,iii,iii,,,False,-40.0,Washington & Lee
401549786,2023,3,Greensboro,Hampden-Sydney,28.0,58.0,iii,iii,,,False,30.0,Hampden-Sydney
401564651,2023,3,Montclair State,Franklin & Marshall,25.0,31.0,iii,iii,,,False,6.0,Franklin & Marshall
401558742,2023,3,Eastern University,Delaware Valley,6.0,29.0,iii,iii,,,True,23.0,Delaware Valley
401555474,2023,3,Alvernia University,Widener,7.0,57.0,iii,iii,,,False,50.0,Widener
401554812,2023,3,Kean,Dickinson,13.0,24.0,iii,iii,,,False,11.0,Dickinson
401553853,2023,3,Juniata,Hartwick,31.0,21.0,iii,iii,,,False,-10.0,Juniata
401553028,2023,3,William Paterson,McDaniel College,35.0,14.0,iii,iii,,,False,-21.0,William Paterson
401553010,2023,3,King's College (PA),Albright,56.0,0.0,iii,iii,,,False,-56.0,King's College (PA)
401540044,2023,3,Sacred Heart,Wagner,10.0,17.0,fcs,fcs,,,False,7.0,Wagner
401549624,2023,3,Western New England,St Lawrence,42.0,21.0,iii,iii,,,False,-21.0,Western New England
401549760,2023,3,Birmingham-Southern,Trinity (TX),3.0,38.0,iii,iii,,,False,35.0,Trinity (TX)
401549738,2023,3,Curry,MIT,20.0,16.0,iii,iii,,,False,-4.0,Curry
401549699,2023,3,Post University,Bentley,13.0,40.0,ii,ii,,,True,27.0,Bentley
401540651,2023,3,Bowie State,Shaw,21.0,7.0,ii,ii,,,False,-14.0,Bowie State
401549589,2023,3,Alfred,Ithaca,0.0,22.0,iii,iii,,,False,22.0,Ithaca
401547182,2023,3,Sul Ross State,Wayland Baptist,27.0,7.0,iii,,,,False,-20.0,Sul Ross State
401547150,2023,3,Mary Hardin-Baylor,UW-Whitewater,14.0,17.0,iii,iii,,,False,3.0,UW-Whitewater
401545792,2023,3,St. Anselm,American International,24.0,14.0,ii,ii,,,False,-10.0,St. Anselm
401545776,2023,3,WV Wesleyan,Alderson-Broaddus,0.0,0.0,ii,ii,,,False,-0.0,Alderson-Broaddus
401545745,2023,3,Frostburg State,West Liberty,37.0,7.0,ii,ii,,,False,-30.0,Frostburg State
401545736,2023,3,Fairmont State,Wheeling Jesuit,37.0,43.0,ii,ii,,,False,6.0,Wheeling Jesuit
401545708,2023,3,Concord,West Virginia State,27.0,47.0,ii,ii,,,False,20.0,West Virginia State
401544963,2023,3,Olivet College,Hanover,17.0,67.0,iii,iii,,,False,50.0,Hanover
401544956,2023,3,Hope,Mount St. Joseph,40.0,35.0,iii,iii,,,False,-5.0,Hope
401544127,2023,3,Thiel College,Bethany (WV),22.0,14.0,iii,iii,,,False,-8.0,Thiel College
401549200,2023,3,Colgate,Pennsylvania,6.0,20.0,fcs,fcs,,,False,14.0,Pennsylvania
401544117,2023,3,St. Vincent,Allegheny,23.0,19.0,iii,iii,,,False,-4.0,St. Vincent
401541960,2023,3,Nebraska-Kearney,Missouri Southern State,13.0,18.0,ii,ii,,,False,5.0,Missouri Southern State
401541112,2023,3,Southern Virginia,Randolph-Macon,10.0,51.0,iii,iii,,,False,41.0,Randolph-Macon
401541084,2023,3,DePauw,Hiram,49.0,0.0,iii,iii,,,False,-49.0,DePauw
401541025,2023,3,Clarion,Lock Haven,20.0,21.0,ii,ii,,,False,1.0,Lock Haven
401540971,2023,3,Northwood (MI),Tiffin,27.0,34.0,ii,ii,,,False,7.0,Tiffin
401540747,2023,3,Grand Valley State,Assumption,43.0,7.0,ii,ii,,,False,-36.0,Grand Valley State
401540710,2023,3,Minnesota St-Moorhead,McKendree,38.0,17.0,ii,ii,,,False,-21.0,Minnesota St-Moorhead
401540341,2023,3,Harvard,St. Thomas (MN),45.0,13.0,fcs,fcs,,,False,-32.0,Harvard
401547004,2023,3,East Stroudsburg,Seton Hill College,55.0,21.0,ii,ii,,,False,-34.0,East Stroudsburg
401552023,2023,3,Trinity (CT),Tufts,44.0,19.0,iii,iii,,,False,-25.0,Trinity (CT)
401544097,2023,3,Marietta,Mount Union,0.0,28.0,iii,iii,,,False,28.0,Mount Union
401549754,2023,3,Capital,Muskingum,38.0,45.0,iii,iii,,,False,7.0,Muskingum
401550248,2023,3,Baldwin-Wallace,John Carroll,7.0,30.0,iii,iii,,,False,23.0,John Carroll
401550220,2023,3,Benedictine (IL),Aurora,7.0,63.0,iii,iii,,,False,56.0,Aurora
401549777,2023,3,Wisconsin-Eau Claire,Bethel (MN),0.0,24.0,iii,iii,,,False,24.0,Bethel (MN)
401550173,2023,3,UW-Stout,Gustavus Adolphus,24.0,7.0,iii,iii,,,False,-17.0,UW-Stout
401550245,2023,3,St. Norbert,Wisconsin Lutheran,37.0,32.0,iii,iii,,,False,-5.0,St. Norbert
401544946,2023,3,Millikin,Washington (MO),13.0,63.0,iii,iii,,,False,50.0,Washington (MO)
401550459,2023,3,Northwestern (MN),UW-River Falls,3.0,75.0,iii,iii,,,False,72.0,UW-River Falls
401550431,2023,3,Sewanee Univ. of the South,Millsaps,27.0,21.0,iii,iii,,,False,-6.0,Sewanee Univ. of the South
401526834,2023,3,Eastern Michigan,UMass,19.0,17.0,fbs,fbs,1413.0,1043.0,False,-2.0,Eastern Michigan
401540452,2023,3,Youngstown State,Robert Morris,48.0,28.0,fcs,fcs,,,False,-20.0,Youngstown State
401551482,2023,3,Southwest Baptist,University of Texas of the Permian Basin,7.0,86.0,ii,ii,,,False,79.0,University of Texas of the Permian Basin
401550317,2023,3,Bridgewater (VA),NC Wesleyan,41.0,12.0,iii,iii,,,False,-29.0,Bridgewater (VA)
401549769,2023,3,Augsburg,Martin Luther College,62.0,0.0,iii,iii,,,False,-62.0,Augsburg
401550231,2023,3,Lakeland University,Concordia (WI),28.0,31.0,iii,iii,,,False,3.0,Concordia (WI)
401550882,2023,3,St. Scholastica,Crown College,38.0,18.0,iii,iii,,,False,-20.0,St. Scholastica
401549667,2023,3,Lake Forest,Cornell College (IA),41.0,7.0,iii,iii,,,False,-34.0,Lake Forest
401550202,2023,3,Lawrence,Monmouth (IL),13.0,70.0,iii,iii,,,False,57.0,Monmouth (IL)
401547082,2023,3,Wartburg,Buena Vista,47.0,0.0,iii,iii,,,False,-47.0,Wartburg
401552877,2023,3,Middlebury,Amherst College,21.0,7.0,iii,iii,,,False,-14.0,Middlebury
401524012,2023,3,Utah,Weber State,31.0,7.0,fbs,fcs,1807.0,,False,-24.0,Utah
401540375,2023,3,South Dakota,Lamar,35.0,6.0,fcs,fcs,,,False,-29.0,South Dakota
401550407,2023,3,Hendrix College,Southwestern University,51.0,38.0,iii,iii,,,False,-13.0,Hendrix College
401544079,2023,3,Beloit College,Grinnell,23.0,33.0,iii,iii,,,False,10.0,Grinnell
401541930,2023,3,Central Missouri State,Pittsburg State,37.0,38.0,ii,ii,,,False,1.0,Pittsburg State
401541927,2023,3,Eastern New Mexico,Western Oregon,30.0,29.0,ii,ii,,,False,-1.0,Eastern New Mexico
401541131,2023,3,East Texas Baptist,UW-Oshkosh,7.0,60.0,iii,iii,,,False,53.0,UW-Oshkosh
401541122,2023,3,Manchester,Greenville,7.0,59.0,iii,iii,,,False,52.0,Greenville
401541003,2023,3,Bloomsburg,Edinboro,13.0,23.0,ii,ii,,,False,10.0,Edinboro
401540796,2023,3,Northern Michigan,Wisconsin-La Crosse,3.0,34.0,ii,iii,,,False,31.0,Wisconsin-La Crosse
401540786,2023,3,Wisconsin-Platteville,Michigan Tech,20.0,24.0,iii,ii,,,False,4.0,Michigan Tech
401540730,2023,3,Upper Iowa,Missouri S&T,38.0,26.0,ii,ii,,,False,-12.0,Upper Iowa
401525502,2023,3,NC State,VMI,45.0,7.0,fbs,fcs,1570.0,,False,-38.0,NC State
401531388,2023,3,Temple,Norfolk State,41.0,9.0,fbs,fcs,1103.0,,False,-32.0,Temple
401532402,2023,3,Ball State,Indiana State,45.0,7.0,fbs,fcs,1288.0,,False,-38.0,Ball State
401549691,2023,3,Quincy,UFTL,49.0,0.0,ii,,,,False,-49.0,Quincy
401549683,2023,3,Eureka College,Rockford,35.0,28.0,iii,iii,,,False,-7.0,Eureka College
401549660,2023,3,Ripon,Illinois College,21.0,52.0,iii,iii,,,False,31.0,Illinois College
401549639,2023,3,North Central,Carthage,70.0,0.0,iii,iii,,,False,-70.0,North Central
401547220,2023,3,Illinois Wesleyan,Wheaton College (Ill),16.0,47.0,iii,iii,,,False,31.0,Wheaton College (Ill)
401547214,2023,3,North Park,Carroll (WI),27.0,41.0,iii,iii,,,False,14.0,Carroll (WI)
401547187,2023,3,Salisbury,Johns Hopkins,7.0,42.0,iii,iii,,,False,35.0,Johns Hopkins
401547142,2023,3,Howard Payne,Lyon College,85.0,0.0,iii,,,,False,-85.0,Howard Payne
401547127,2023,3,Nebraska Wesleyan University,Simpson College,21.0,13.0,iii,iii,,,True,-8.0,Nebraska Wesleyan University
401547116,2023,3,Loras College,Luther,44.0,29.0,iii,iii,,,False,-15.0,Loras College
401547092,2023,3,Central,Coe,11.0,19.0,iii,iii,,,False,8.0,Coe
401547071,2023,3,Tuskegee,Central State,27.0,21.0,ii,ii,,,False,-6.0,Tuskegee
401545844,2023,3,Minot State,Minnesota State,25.0,52.0,ii,ii,,,False,27.0,Minnesota State
401544899,2023,3,Colorado Mines,Adams State,70.0,7.0,ii,ii,,,False,-63.0,Colorado Mines
401544891,2023,3,Indiana (PA),Shippensburg,49.0,14.0,ii,ii,,,False,-35.0,Indiana (PA)
401525437,2023,3,Notre Dame,Central Michigan,41.0,17.0,fbs,fbs,1844.0,1328.0,False,-24.0,Notre Dame
401550121,2023,3,Anna Maria College,Mass Maritime,37.0,30.0,iii,iii,,,False,-7.0,Anna Maria College
401549631,2023,3,College of New Jersey,Muhlenberg,10.0,38.0,iii,iii,,,False,28.0,Muhlenberg
401544992,2023,3,Otterbein,Wilmington (OH),21.0,47.0,iii,iii,,,False,26.0,Wilmington (OH)
401541065,2023,3,Adrian,Bluffton,23.0,15.0,iii,iii,,,False,-8.0,Adrian
401540739,2023,3,Truman State,Saginaw Valley,21.0,7.0,ii,ii,,,False,-14.0,Truman State
401540101,2023,3,Eastern Illinois,Illinois State,14.0,13.0,fcs,fcs,,,False,-1.0,Eastern Illinois
401540267,2023,3,Montana State,Stetson,57.0,20.0,fcs,fcs,,,False,-37.0,Montana State
401541074,2023,3,Minnesota-Morris,Carleton,12.0,38.0,iii,iii,,,False,26.0,Carleton
401541940,2023,3,Central Oklahoma,Missouri Western,31.0,34.0,ii,ii,,,False,3.0,Missouri Western
401544882,2023,3,Minnesota-Duluth,Sioux Falls,42.0,34.0,ii,ii,,,False,-8.0,Minnesota-Duluth
401544927,2023,3,Lane,Benedict College,7.0,54.0,ii,ii,,,False,47.0,Benedict College
401545812,2023,3,Bemidji State,Winona State,36.0,10.0,ii,ii,,,False,-26.0,Bemidji State
401545989,2023,3,South Dakota Mines,Colorado Mesa,30.0,38.0,ii,ii,,,False,8.0,Colorado Mesa
401547040,2023,3,Morehouse,Albany State (GA),14.0,24.0,ii,ii,,,True,10.0,Albany State (GA)
401551728,2023,3,Pacific Lutheran,Cal Lutheran,37.0,27.0,iii,iii,,,False,-10.0,Pacific Lutheran
401550214,2023,3,Chicago,Knox College,63.0,0.0,iii,iii,,,False,-63.0,Chicago
401540156,2023,3,Grambling,Florida Memorial University,58.0,22.0,fcs,,,,False,-36.0,Grambling
401520225,2023,3,Georgia,South Carolina,24.0,14.0,fbs,fbs,2065.0,1540.0,False,-10.0,Georgia
401531412,2023,3,Appalachian State,East Carolina,43.0,28.0,fbs,fbs,1556.0,1443.0,False,-15.0,Appalachian State
401540464,2023,3,South Dakota State,Drake,70.0,7.0,fcs,fcs,,,True,-63.0,South Dakota State
401540488,2023,3,Maine,Rhode Island,17.0,34.0,fcs,fcs,,,False,17.0,Rhode Island
401520227,2023,3,Iowa,Western Michigan,41.0,10.0,fbs,fbs,1667.0,1262.0,False,-31.0,Iowa
401550341,2023,3,Claremont,George Fox University,16.0,7.0,iii,iii,,,False,-9.0,Claremont
401540184,2023,3,North Dakota State,Central Arkansas,49.0,31.0,fcs,fcs,,,False,-18.0,North Dakota State
401520223,2023,3,Duke,Northwestern,38.0,14.0,fbs,fbs,1592.0,1390.0,False,-24.0,Duke
401539971,2023,3,Richmond,Delaware State,38.0,6.0,fcs,fcs,,,False,-32.0,Richmond
401534851,2023,3,Howard,Hampton,34.0,35.0,fcs,fcs,,,True,1.0,Hampton
401520243,2023,3,Rutgers,Virginia Tech,35.0,16.0,fbs,fbs,1399.0,1412.0,False,-19.0,Rutgers
401520244,2023,3,South Florida,Alabama,3.0,17.0,fbs,fbs,1249.0,1984.0,False,14.0,Alabama
401520246,2023,3,Connecticut,Florida International,17.0,24.0,fbs,fbs,1237.0,1101.0,False,7.0,Florida International
401524009,2023,3,Oregon State,San Diego State,26.0,9.0,fbs,fbs,1729.0,1446.0,False,-17.0,Oregon State
401525842,2023,3,Tulsa,Oklahoma,17.0,66.0,fbs,fbs,1370.0,1807.0,False,49.0,Oklahoma
401520239,2023,3,North Carolina,Minnesota,31.0,13.0,fbs,fbs,1585.0,1691.0,False,-18.0,North Carolina
401540471,2023,3,Charleston Southern,William & Mary,7.0,15.0,fcs,fcs,,,False,8.0,William & Mary
401540559,2023,3,San Diego,Princeton,12.0,23.0,fcs,fcs,,,False,11.0,Princeton
401540236,2023,3,Eastern Washington,Southeastern Louisiana,40.0,29.0,fcs,fcs,,,False,-11.0,Eastern Washington
401540221,2023,3,Northern Arizona,Utah Tech,36.0,50.0,fcs,fcs,,,False,14.0,Utah Tech
401540290,2023,3,Bryant,Brown,25.0,29.0,fcs,fcs,,,False,4.0,Brown
401546000,2023,3,Western State,Colorado State-Pueblo,30.0,14.0,ii,ii,,,False,-16.0,Western State
401546006,2023,3,Fort Lewis,New Mexico Highlands,17.0,31.0,ii,ii,,,False,14.0,New Mexico Highlands
401549744,2023,3,Christopher Newport,Gettysburg,49.0,17.0,iii,iii,,,False,-32.0,Christopher Newport
401520240,2023,3,Ohio State,Western Kentucky,63.0,10.0,fbs,fbs,1903.0,1632.0,False,-53.0,Ohio State
401568379,2023,3,Puget Sound,La Verne,21.0,26.0,iii,iii,,,False,5.0,La Verne
401550699,2023,3,Alma College,Anderson (IN),60.0,14.0,iii,iii,,,False,-46.0,Alma College
401550876,2023,3,Montana-Western,Lewis & Clark,48.0,13.0,,iii,,,True,-35.0,Montana-Western
401544908,2023,3,Barton College,UVA-Wise,28.0,24.0,ii,ii,,,False,-4.0,Barton College
401524006,2023,3,California,Idaho,31.0,17.0,fbs,fcs,1618.0,,False,-14.0,California
401540283,2023,3,Portland State,North American University,91.0,0.0,fcs,,,,False,-91.0,Portland State
401531348,2023,3,Southern Mississippi,Tulane,3.0,21.0,fbs,fbs,1267.0,1621.0,False,18.0,Tulane
401520245,2023,3,Texas A&M,Louisiana Monroe,47.0,3.0,fbs,fbs,1608.0,1255.0,False,-44.0,Texas A&M
401540134,2023,3,Arkansas-Pine Bluff,Miles,21.0,20.0,fcs,ii,,,False,-1.0,Arkansas-Pine Bluff
401524011,2023,3,UCLA,North Carolina Central,59.0,7.0,fbs,fcs,1756.0,,False,-52.0,UCLA
401524013,2023,3,Washington State,Northern Colorado,64.0,21.0,fbs,fcs,1653.0,,False,-43.0,Washington State
401540598,2023,3,Kennesaw State,Furman,28.0,31.0,fcs,fcs,,,False,3.0,Furman
401520233,2023,3,Michigan State,Washington,7.0,41.0,fbs,fbs,1575.0,1822.0,False,34.0,Washington
401549617,2023,3,Worcester Polytechnic,Rensselaer,0.0,25.0,iii,iii,,,False,25.0,Rensselaer
401540677,2023,3,Fayetteville State,Lincoln (PA),20.0,17.0,ii,ii,,,False,-3.0,Fayetteville State
401540686,2023,3,Johnson C Smith,Bluefield,30.0,13.0,ii,ii,,,False,-17.0,Johnson C Smith
401540699,2023,3,Indianapolis,Wayne State (MI),21.0,7.0,ii,ii,,,False,-14.0,Indianapolis
401544919,2023,3,Wingate,Tusculum,21.0,23.0,ii,ii,,,False,2.0,Tusculum
401545885,2023,3,Slippery Rock,Millersville,42.0,21.0,ii,ii,,,False,-21.0,Slippery Rock
401547007,2023,3,Catawba,Mars Hill,20.0,35.0,ii,ii,,,False,15.0,Mars Hill
401547014,2023,3,Lenoir-Rhyne,Erskine,62.0,0.0,ii,ii,,,False,-62.0,Lenoir-Rhyne
401540669,2023,3,Livingstone,Virginia Union,20.0,28.0,ii,ii,,,False,8.0,Virginia Union
401540660,2023,3,St. Augustine's,Virginia State,12.0,55.0,ii,ii,,,False,43.0,Virginia State
401547025,2023,3,Newberry,Emory & Henry,25.0,23.0,ii,ii,,,False,-2.0,Newberry
401544873,2023,3,Winston-Salem,Elizabeth City State,24.0,7.0,ii,ii,,,False,-17.0,Winston-Salem
401547033,2023,3,Fort Valley State,Edward Waters,34.0,31.0,ii,ii,,,False,-3.0,Fort Valley State
401547055,2023,3,Savannah State,Clark Atlanta,28.0,21.0,ii,ii,,,False,-7.0,Savannah State
401549712,2023,3,Allen,Kentucky State,34.0,30.0,ii,ii,,,False,-4.0,Allen
401549812,2023,3,Brevard College,Averett,14.0,17.0,iii,iii,,,False,3.0,Averett
401540334,2023,3,New Hampshire,Dartmouth,24.0,7.0,fcs,fcs,,,False,-17.0,New Hampshire
401540411,2023,3,Elon,North Carolina A&T,27.0,3.0,fcs,fcs,,,False,-24.0,Elon
401540484,2023,3,Tennessee State,Gardner-Webb,27.0,25.0,fcs,fcs,,,False,-2.0,Tennessee State
401540554,2023,3,Wofford,Presbyterian College,20.0,23.0,fcs,fcs,,,False,3.0,Presbyterian College
401540192,2023,3,Eastern Kentucky,Western Carolina,24.0,27.0,fcs,fcs,,,False,3.0,Western Carolina
401540034,2023,3,Delaware,St Francis (PA),42.0,14.0,fcs,fcs,,,False,-28.0,Delaware
401539979,2023,3,Morgan State,Towson,10.0,20.0,fcs,fcs,,,False,10.0,Towson
401544199,2023,3,Merrimack,Virginia Lynchburg,44.0,0.0,fcs,,,,False,-44.0,Merrimack
401540582,2023,3,Chattanooga,The Citadel,48.0,3.0,fcs,fcs,,,False,-45.0,Chattanooga
401540251,2023,3,Idaho State,Northern Iowa,17.0,41.0,fcs,fcs,,,False,24.0,Northern Iowa
401550272,2023,3,Wittenberg,Kenyon,56.0,17.0,iii,iii,,,False,-39.0,Wittenberg
401531403,2023,3,Charlotte,Georgia State,25.0,41.0,fbs,fbs,1214.0,1517.0,False,16.0,Georgia State
401550195,2023,3,Rowan,Ursinus,21.0,44.0,iii,iii,,,False,23.0,Ursinus
401541637,2023,3,Butler,Wabash College,47.0,21.0,fcs,iii,,,False,-26.0,Butler
401540149,2023,3,Florida A&M,West Florida,31.0,10.0,fcs,ii,,,False,-21.0,Florida A&M
401550276,2023,3,Ohio Northern,Heidelberg,14.0,35.0,iii,iii,,,False,21.0,Heidelberg
401525843,2023,3,UCF,Villanova,48.0,14.0,fbs,fcs,1688.0,,False,-34.0,UCF
401550380,2023,3,Case Western Reserve,Grove City College,24.0,27.0,iii,iii,,,False,3.0,Grove City College
401551487,2023,3,Thomas More,Ohio Dominican,18.0,17.0,,ii,,,True,-1.0,Thomas More
401553005,2023,3,Southern Oregon,Willamette,49.0,7.0,,iii,,,True,-42.0,Southern Oregon
401540389,2023,3,Alcorn State,McNeese,17.0,3.0,fcs,fcs,,,False,-14.0,Alcorn State
401540355,2023,3,UT Martin,Houston Christian,66.0,7.0,fcs,fcs,,,False,-59.0,UT Martin
401540202,2023,3,Tennessee Tech,North Alabama,7.0,20.0,fcs,fcs,,,False,13.0,North Alabama
401540174,2023,3,Austin Peay,East Tennessee State,63.0,3.0,fcs,fcs,,,False,-60.0,Austin Peay
401540086,2023,3,Southern,Alabama A&M,20.0,10.0,fcs,fcs,,,False,-10.0,Southern
401531846,2023,3,Arkansas State,Stony Brook,31.0,7.0,fbs,fcs,1024.0,,False,-24.0,Arkansas State
401531845,2023,3,Coastal Carolina,Duquesne,66.0,7.0,fbs,fcs,1623.0,,False,-59.0,Coastal Carolina
401531441,2023,3,Rice,Texas Southern,59.0,7.0,fbs,fcs,1233.0,,False,-52.0,Rice
401531438,2023,3,SMU,Prairie View,69.0,0.0,fbs,fcs,1584.0,,False,-69.0,SMU
401525841,2023,3,Texas Tech,Tarleton State,41.0,3.0,fbs,fcs,1533.0,,False,-38.0,Texas Tech
401520234,2023,3,Middle Tennessee,Murray State,35.0,14.0,fbs,fcs,1368.0,,False,-21.0,Middle Tennessee
401540450,2023,3,Western Illinois,Lindenwood,40.0,43.0,fcs,fcs,,,False,3.0,Lindenwood
401540446,2023,3,Southeast Missouri State,Southern Illinois,25.0,26.0,fcs,fcs,,,False,1.0,Southern Illinois
401540409,2023,3,Northwestern State,Stephen F. Austin,7.0,41.0,fcs,fcs,,,False,34.0,Stephen F. Austin
401520221,2023,3,Auburn,Samford,45.0,13.0,fbs,fcs,1697.0,,False,-32.0,Auburn
401532403,2023,3,Toledo,San José State,21.0,17.0,fbs,fbs,1498.0,1378.0,False,-4.0,Toledo
401531848,2023,3,Troy,James Madison,14.0,16.0,fbs,fbs,1501.0,1595.0,False,2.0,James Madison
401531379,2023,3,UAB,Louisiana,21.0,41.0,fbs,fbs,1473.0,1515.0,False,20.0,Louisiana
401540164,2023,3,Delta State,Mississippi Valley State,35.0,7.0,ii,fcs,,,False,-28.0,Delta State
401525839,2023,3,Oklahoma State,South Alabama,7.0,33.0,fbs,fbs,1550.0,1459.0,False,26.0,South Alabama
401520224,2023,3,Florida,Tennessee,29.0,16.0,fbs,fbs,1546.0,1887.0,False,-13.0,Florida
401525835,2023,3,Cincinnati,Miami (OH),24.0,31.0,fbs,fbs,1637.0,1321.0,False,7.0,Miami (OH)
401540719,2023,3,Arkansas Tech,Henderson State,24.0,27.0,ii,ii,,,False,3.0,Henderson State
401540777,2023,3,Harding,Arkansas-Monticello,59.0,19.0,ii,ii,,,False,-40.0,Harding
401541045,2023,3,Texas Lutheran,Ave Maria,14.0,27.0,iii,,,,False,13.0,Ave Maria
401541094,2023,3,Ohio Wesleyan,Wooster,49.0,20.0,iii,iii,,,False,-29.0,Ohio Wesleyan
401541769,2023,3,Northwestern Oklahoma State,Southern Nazarene,29.0,42.0,ii,ii,,,False,13.0,Southern Nazarene
401541783,2023,3,Ouachita Baptist,Southern Arkansas,52.0,24.0,ii,ii,,,False,-28.0,Ouachita Baptist
401541812,2023,3,Lake Erie College,Findlay,3.0,45.0,ii,ii,,,False,42.0,Findlay
401541803,2023,3,Ashland,Hillsdale,38.0,14.0,ii,ii,,,False,-24.0,Ashland
401541796,2023,3,Southwestern Oklahoma,East Central,13.0,24.0,ii,ii,,,False,11.0,East Central
401541828,2023,3,Kentucky Wesleyan,Walsh,31.0,28.0,ii,ii,,,False,-3.0,Kentucky Wesleyan
401541866,2023,3,Valdosta State,Keiser University,49.0,25.0,ii,,,,False,-24.0,Valdosta State
401541874,2023,3,North Greenville,West Alabama,23.0,16.0,ii,ii,,,False,-7.0,North Greenville
401541979,2023,3,Northeastern State,Emporia State,0.0,38.0,ii,ii,,,False,38.0,Emporia State
401541985,2023,3,Lincoln (MO),Washburn,10.0,24.0,ii,ii,,,False,14.0,Washburn
401544936,2023,3,Augustana (IL),Elmhurst,74.0,6.0,iii,iii,,,False,-68.0,Augustana (IL)
401545852,2023,3,Northern State,University of Mary,41.0,10.0,ii,ii,,,True,-31.0,Northern State
401545856,2023,3,Wayne State (NE),Southwest Minnesota State,49.0,10.0,ii,ii,,,False,-39.0,Wayne State (NE)
401520229,2023,3,Louisiana Tech,North Texas,37.0,40.0,fbs,fbs,1216.0,1330.0,False,3.0,North Texas
401520247,2023,3,UNLV,Vanderbilt,40.0,37.0,fbs,fbs,1340.0,1317.0,False,-3.0,UNLV
401520237,2023,3,Nebraska,Northern Illinois,35.0,11.0,fbs,fbs,1430.0,1309.0,False,-24.0,Nebraska
401520241,2023,3,Ole Miss,Georgia Tech,48.0,23.0,fbs,fbs,1639.0,1362.0,False,-25.0,Ole Miss
401525503,2023,3,West Virginia,Pittsburgh,17.0,6.0,fbs,fbs,1422.0,1613.0,False,-11.0,West Virginia
401520242,2023,3,Purdue,Syracuse,20.0,35.0,fbs,fbs,1488.0,1581.0,False,15.0,Syracuse
401520228,2023,3,Kentucky,Akron,35.0,3.0,fbs,fbs,1625.0,1268.0,False,-32.0,Kentucky
401520232,2023,3,Michigan,Bowling Green,31.0,6.0,fbs,fbs,1951.0,1246.0,False,-25.0,Michigan
401520220,2023,3,Arkansas,BYU,31.0,38.0,fbs,fbs,1641.0,1544.0,False,7.0,BYU
401545801,2023,3,Concordia-St. Paul,Augustana (SD),16.0,24.0,ii,ii,,,False,8.0,Augustana (SD)
401525840,2023,3,Texas,Wyoming,31.0,10.0,fbs,fbs,1821.0,1412.0,False,-21.0,Texas
401524010,2023,3,Stanford,Sacramento State,23.0,30.0,fbs,fcs,1283.0,,False,7.0,Sacramento State
401540982,2023,3,West Texas A&M,Midwestern State,23.0,0.0,ii,ii,,,False,-23.0,West Texas A&M
401545974,2023,3,Black Hills State,Chadron State,55.0,19.0,ii,ii,,,False,-36.0,Black Hills State
401541951,2023,3,Fort Hays State,Northwest Missouri State,17.0,6.0,ii,ii,,,False,-11.0,Fort Hays State
401541899,2023,3,Western New Mexico,Texas A&M-Kingsville,9.0,30.0,ii,ii,,,False,21.0,Texas A&M-Kingsville
401541883,2023,3,Mississippi College,West Georgia,35.0,38.0,ii,ii,,,False,3.0,West Georgia
401541776,2023,3,Oklahoma Baptist,Southeastern Oklahoma,36.0,3.0,ii,ii,,,False,-33.0,Oklahoma Baptist
401540259,2023,3,Montana,Ferris State,17.0,10.0,fcs,ii,,,False,-7.0,Montana
401524008,2023,3,Oregon,Hawai'i,55.0,10.0,fbs,fbs,1659.0,1220.0,False,-45.0,Oregon
401525836,2023,3,Houston,TCU,13.0,36.0,fbs,fbs,1575.0,1613.0,False,23.0,TCU
401541630,2023,3,Abilene Christian,Incarnate Word,20.0,27.0,fcs,fcs,,,False,7.0,Incarnate Word
401520238,2023,3,New Mexico,New Mexico State,17.0,27.0,fbs,fbs,1117.0,1255.0,False,10.0,New Mexico State
401525501,2023,3,Clemson,Florida Atlantic,48.0,14.0,fbs,fbs,1654.0,1415.0,False,-34.0,Clemson
401540226,2023,3,Cal Poly,Lincoln University (CA),41.0,20.0,fcs,,,,False,-21.0,Cal Poly
401531847,2023,3,Texas State,Jackson State,77.0,34.0,fbs,fcs,1334.0,,False,-43.0,Texas State
401541891,2023,3,Central Washington,Angelo State,27.0,24.0,ii,ii,,,False,-3.0,Central Washington
401544145,2023,3,Redlands,Linfield,10.0,17.0,iii,iii,,,False,7.0,Linfield
401552870,2023,3,Pomona-Pitzer,Pacific (OR),24.0,17.0,iii,iii,,,False,-7.0,Pomona-Pitzer
401544088,2023,3,Chapman,Whitworth,17.0,24.0,iii,iii,,,False,7.0,Whitworth
401540206,2023,3,UC Davis,Southern Utah,23.0,21.0,fcs,fcs,,,False,-2.0,UC Davis
401524007,2023,3,Colorado,Colorado State,43.0,35.0,fbs,fbs,1288.0,1290.0,False,-8.0,Colorado
401524005,2023,3,Arizona State,Fresno State,0.0,29.0,fbs,fbs,1444.0,1671.0,False,29.0,Fresno State
401525837,2023,3,Nevada,Kansas,24.0,31.0,fbs,fbs,1220.0,1455.0,False,7.0,Kansas
401520219,2023,3,Arizona,UTEP,31.0,10.0,fbs,fbs,1418.0,1276.0,False,-21.0,Arizona
401597649,2023,4,Franklin & Marshall,College of New Jersey,34.0,9.0,iii,iii,,,False,-25.0,Franklin & Marshall
401540087,2023,4,Alabama A&M,Arkansas-Pine Bluff,31.0,24.0,fcs,fcs,,,False,-7.0,Alabama A&M
401531849,2023,4,Coastal Carolina,Georgia State,17.0,30.0,fbs,fbs,1425.0,1526.0,False,13.0,Georgia State
401540291,2023,4,Harvard,Brown,34.0,31.0,fcs,fcs,,,False,-3.0,Harvard
401568378,2023,4,Endicott College,Hardin-Simmons,37.0,10.0,iii,iii,,,False,-27.0,Endicott College
401520266,2023,4,Purdue,Wisconsin,17.0,38.0,fbs,fbs,1462.0,1676.0,False,21.0,Wisconsin
401525505,2023,4,Virginia,NC State,21.0,24.0,fbs,fbs,1306.0,1528.0,False,3.0,NC State
401532583,2023,4,San Diego State,Boise State,31.0,34.0,fbs,fbs,1434.0,1544.0,False,3.0,Boise State
401532584,2023,4,San José State,Air Force,20.0,45.0,fbs,fbs,1379.0,1691.0,False,25.0,Air Force
401520274,2023,4,Vanderbilt,Kentucky,28.0,45.0,fbs,fbs,1316.0,1669.0,False,17.0,Kentucky
401549739,2023,4,MIT,Salve Regina,7.0,34.0,iii,iii,,,False,27.0,Salve Regina
401525511,2023,4,Marshall,Virginia Tech,24.0,17.0,fbs,fbs,1580.0,1367.0,False,-7.0,Marshall
401520268,2023,4,Syracuse,Army,29.0,16.0,fbs,fbs,1607.0,1513.0,False,-13.0,Syracuse
401550140,2023,4,Albion,Wisconsin-Stevens Point,30.0,7.0,iii,iii,,,False,-23.0,Albion
401540567,2023,4,Stetson,Butler,18.0,28.0,fcs,fcs,,,False,10.0,Butler
401540307,2023,4,Yale,Cornell,21.0,23.0,fcs,fcs,,,False,2.0,Cornell
401525849,2023,4,TCU,SMU,34.0,17.0,fbs,fbs,1669.0,1521.0,False,-17.0,TCU
401520271,2023,4,Troy,Western Kentucky,27.0,24.0,fbs,fbs,1503.0,1507.0,False,-3.0,Troy
401540029,2023,4,St Francis (PA),Sacred Heart,34.0,37.0,fcs,fcs,,,False,3.0,Sacred Heart
401525507,2023,4,Clemson,Florida State,24.0,31.0,fbs,fbs,1718.0,1869.0,False,7.0,Florida State
401550460,2023,4,Hope,Northwestern (MN),54.0,17.0,iii,iii,,,False,-37.0,Hope
401525845,2023,4,Cincinnati,Oklahoma,6.0,20.0,fbs,fbs,1597.0,1897.0,False,14.0,Oklahoma
401550291,2023,4,Wittenberg,Alma College,28.0,48.0,iii,iii,,,False,20.0,Alma College
401520270,2023,4,Texas A&M,Auburn,27.0,10.0,fbs,fbs,1690.0,1639.0,False,-17.0,Texas A&M
401520260,2023,4,Michigan,Rutgers,31.0,7.0,fbs,fbs,1944.0,1444.0,False,-24.0,Michigan
401540422,2023,4,Princeton,Bryant,13.0,16.0,fcs,fcs,,,False,3.0,Bryant
401531338,2023,4,Northern Illinois,Tulsa,14.0,22.0,fbs,fbs,1263.0,1280.0,False,8.0,Tulsa
401553017,2023,4,Framingham State,Westfield State,9.0,8.0,iii,iii,,,False,-1.0,Framingham State
401544054,2023,4,Utica,Curry,31.0,7.0,iii,iii,,,False,-24.0,Utica
401544063,2023,4,Albright,FDU-Florham,6.0,14.0,iii,iii,,,False,8.0,FDU-Florham
401552460,2023,4,Brockport State (NY),Lycoming,59.0,3.0,iii,iii,,,False,-56.0,Brockport State (NY)
401545709,2023,4,Wheeling Jesuit,Concord,44.0,27.0,ii,ii,,,False,-17.0,Wheeling Jesuit
401550133,2023,4,UMass Dartmouth,Worcester State College,59.0,0.0,iii,iii,,,False,-59.0,UMass Dartmouth
401545737,2023,4,Notre Dame College,Fairmont State,14.0,17.0,ii,ii,,,False,3.0,Fairmont State
401545863,2023,4,Edinboro,California (PA),10.0,31.0,ii,ii,,,False,21.0,California (PA)
401545876,2023,4,Shepherd,Kutztown,3.0,20.0,ii,ii,,,False,17.0,Kutztown
401545886,2023,4,Millersville,West Chester,23.0,14.0,ii,ii,,,False,-9.0,Millersville
401546948,2023,4,Davenport,William Jewell College,55.0,27.0,ii,ii,,,False,-28.0,Davenport
401549700,2023,4,Southern Connecticut State,Bentley,6.0,13.0,ii,ii,,,False,7.0,Bentley
401549732,2023,4,Merchant Marine,SUNY Maritime,36.0,19.0,iii,iii,,,False,-17.0,Merchant Marine
401549787,2023,4,Belhaven College,Greensboro,34.0,0.0,iii,iii,,,False,-34.0,Belhaven College
401550256,2023,4,Hiram,Denison,24.0,55.0,iii,iii,,,False,31.0,Denison
401541834,2023,4,Walsh,Thomas More,10.0,26.0,ii,,,,False,16.0,Thomas More
401540058,2023,4,Columbia,Georgetown,30.0,0.0,fcs,fcs,,,False,-30.0,Columbia
401553038,2023,4,Lebanon Valley,Eastern University,45.0,7.0,iii,iii,,,False,-38.0,Lebanon Valley
401554818,2023,4,Misericordia,Alvernia University,35.0,15.0,iii,iii,,,False,-20.0,Misericordia
401558400,2023,4,Delaware Valley,King's College (PA),28.0,0.0,iii,iii,,,False,-28.0,Delaware Valley
401544878,2023,4,Northwest Missouri State,Lincoln (MO),59.0,0.0,ii,ii,,,False,-59.0,Northwest Missouri State
401545746,2023,4,Alderson-Broaddus,Frostburg State,0.0,0.0,ii,ii,,,False,-0.0,Frostburg State
401541952,2023,4,Missouri Western,Fort Hays State,28.0,7.0,ii,ii,,,False,-21.0,Missouri Western
401545777,2023,4,Charleston (WV),WV Wesleyan,76.0,16.0,ii,ii,,,False,-60.0,Charleston (WV)
401546996,2023,4,Northwood (MI),Lake Erie College,68.0,14.0,ii,ii,,,False,-54.0,Northwood (MI)
401547062,2023,4,Kentucky State,Fort Valley State,9.0,31.0,ii,ii,,,False,22.0,Fort Valley State
401547072,2023,4,Central State,Allen,28.0,34.0,ii,ii,,,False,6.0,Allen
401547133,2023,4,Crown College,Austin College,23.0,34.0,iii,iii,,,False,11.0,Austin College
401547207,2023,4,University of New England,Rochester,27.0,29.0,iii,iii,,,False,2.0,Rochester
401549573,2023,4,Union,Montclair State,43.0,7.0,iii,iii,,,False,-36.0,Union
401549714,2023,4,Bowdoin,Williams,20.0,0.0,iii,iii,,,False,-20.0,Bowdoin
401549796,2023,4,LaGrange College,Huntingdon,6.0,41.0,iii,iii,,,False,35.0,Huntingdon
401549805,2023,4,Methodist,Southern Virginia,27.0,21.0,iii,iii,,,False,-6.0,Methodist
401549820,2023,4,Susquehanna,Western New England,26.0,18.0,iii,iii,,,False,-8.0,Susquehanna
401550051,2023,4,Catholic University,Alfred,6.0,9.0,iii,iii,,,False,3.0,Alfred
401550122,2023,4,Mass Maritime,Fitchburg State,21.0,3.0,iii,iii,,,False,-18.0,Mass Maritime
401550203,2023,4,Lawrence,Minnesota-Morris,22.0,38.0,iii,iii,,,False,16.0,Minnesota-Morris
401550302,2023,4,Amherst College,Hamilton,17.0,14.0,iii,iii,,,False,-3.0,Amherst College
401550398,2023,4,Waynesburg,Westminster PA,20.0,31.0,iii,iii,,,False,11.0,Westminster PA
401551919,2023,4,Alfred State College,Hilbert College,48.0,7.0,iii,iii,,,False,-41.0,Alfred State College
401552018,2023,4,Wesleyan,Middlebury,24.0,21.0,iii,iii,,,False,-3.0,Wesleyan
401552874,2023,4,Colby,Trinity (CT),7.0,48.0,iii,iii,,,False,41.0,Trinity (CT)
401550027,2023,4,Allegheny,Bethany (WV),31.0,20.0,iii,iii,,,False,-11.0,Allegheny
401540652,2023,4,Bowie State,St. Augustine's,10.0,7.0,ii,ii,,,False,-3.0,Bowie State
401540599,2023,4,Furman,Mercer,38.0,14.0,fcs,fcs,,,False,-24.0,Furman
401544892,2023,4,Mercyhurst,Indiana (PA),13.0,30.0,ii,ii,,,False,17.0,Indiana (PA)
401541123,2023,4,Greenville,Adrian,38.0,35.0,iii,iii,,,False,-3.0,Greenville
401544920,2023,4,Emory & Henry,Wingate,10.0,31.0,ii,ii,,,False,21.0,Wingate
401541095,2023,4,Wooster,Kenyon,70.0,21.0,iii,iii,,,False,-49.0,Wooster
401540040,2023,4,Fordham,Stonehill,44.0,0.0,fcs,fcs,,,False,-44.0,Fordham
401541085,2023,4,DePauw,Ohio Wesleyan,28.0,7.0,iii,iii,,,False,-21.0,DePauw
401540993,2023,4,West Liberty,UNC Pembroke,19.0,37.0,ii,ii,,,False,18.0,UNC Pembroke
401540102,2023,4,Illinois State,Lindenwood,48.0,17.0,fcs,fcs,,,False,-31.0,Illinois State
401541035,2023,4,Carson-Newman,Lenoir-Rhyne,7.0,24.0,ii,ii,,,False,17.0,Lenoir-Rhyne
401540455,2023,4,Valparaiso,Marist,30.0,36.0,fcs,fcs,,,False,6.0,Marist
401541026,2023,4,Lock Haven,East Stroudsburg,21.0,35.0,ii,ii,,,False,14.0,East Stroudsburg
401544909,2023,4,Mars Hill,Barton College,16.0,14.0,ii,ii,,,False,-2.0,Mars Hill
401544136,2023,4,Centre,Berry College,16.0,49.0,iii,iii,,,False,33.0,Berry College
401541015,2023,4,Gannon,Clarion,27.0,20.0,ii,ii,,,False,-7.0,Gannon
401541004,2023,4,Shippensburg,Bloomsburg,7.0,0.0,ii,ii,,,False,-7.0,Shippensburg
401540740,2023,4,Wayne State (MI),Truman State,7.0,41.0,ii,ii,,,False,34.0,Truman State
401544128,2023,4,Washington & Jefferson,Thiel College,56.0,14.0,iii,iii,,,False,-42.0,Washington & Jefferson
401540622,2023,4,VMI,Wofford,17.0,14.0,fcs,fcs,,,False,-3.0,VMI
401540081,2023,4,Dartmouth,Lehigh,34.0,17.0,fcs,fcs,,,False,-17.0,Dartmouth
401550277,2023,4,Heidelberg,John Carroll,7.0,34.0,iii,iii,,,False,27.0,John Carroll
401544098,2023,4,Marietta,Otterbein,50.0,0.0,iii,iii,,,False,-50.0,Marietta
401532406,2023,4,Toledo,Western Michigan,49.0,31.0,fbs,fbs,1497.0,1226.0,False,-18.0,Toledo
401544107,2023,4,Mount Union,Muskingum,74.0,7.0,iii,iii,,,False,-67.0,Mount Union
401550092,2023,4,Hanover,Trine,38.0,14.0,iii,iii,,,False,-24.0,Hanover
401550249,2023,4,Ohio Northern,Baldwin-Wallace,21.0,31.0,iii,iii,,,False,10.0,Baldwin-Wallace
401545821,2023,4,Minnesota State,Concordia-St. Paul,42.0,10.0,ii,ii,,,False,-32.0,Minnesota State
401545829,2023,4,Southwest Minnesota State,Minnesota-Duluth,0.0,33.0,ii,ii,,,False,33.0,Minnesota-Duluth
401541075,2023,4,Carleton,Hamline,31.0,27.0,iii,iii,,,False,-4.0,Carleton
401541056,2023,4,Moravian,Morrisville State,19.0,20.0,iii,iii,,,False,1.0,Morrisville State
401540787,2023,4,Upper Iowa,Michigan Tech,31.0,34.0,ii,ii,,,False,3.0,Michigan Tech
401540700,2023,4,Saginaw Valley,Indianapolis,10.0,35.0,ii,ii,,,False,25.0,Indianapolis
401545982,2023,4,Chadron State,Western State,17.0,35.0,ii,ii,,,False,18.0,Western State
401550279,2023,4,Wabash College,Oberlin,59.0,6.0,iii,iii,,,False,-53.0,Wabash College
401550456,2023,4,Lyon College,Westminster,30.0,7.0,,iii,,,True,-23.0,Lyon College
401545853,2023,4,Winona State,Northern State,39.0,16.0,ii,ii,,,False,-23.0,Winona State
401544947,2023,4,North Park,Millikin,38.0,0.0,iii,iii,,,False,-38.0,North Park
401544928,2023,4,Tuskegee,Lane,28.0,22.0,ii,ii,,,False,-6.0,Tuskegee
401544883,2023,4,Sioux Falls,Minot State,7.0,0.0,ii,ii,,,False,-7.0,Sioux Falls
401540549,2023,4,Villanova,Rhode Island,35.0,9.0,fcs,fcs,,,False,-26.0,Villanova
401541941,2023,4,Emporia State,Central Oklahoma,38.0,27.0,ii,ii,,,False,-11.0,Emporia State
401545802,2023,4,Augustana (SD),Minnesota St-Moorhead,31.0,27.0,ii,ii,,,False,-4.0,Augustana (SD)
401531871,2023,4,Ball State,Georgia Southern,3.0,40.0,fbs,fbs,1273.0,1425.0,False,37.0,Georgia Southern
401541931,2023,4,Washburn,Central Missouri State,28.0,58.0,ii,ii,,,False,30.0,Central Missouri State
401547101,2023,4,Coe,Nebraska Wesleyan University,56.0,6.0,iii,iii,,,False,-50.0,Coe
401549640,2023,4,Washington (MO),Carthage,38.0,7.0,iii,iii,,,False,-31.0,Washington (MO)
401549625,2023,4,St Lawrence,Castleton State College,28.0,0.0,iii,iii,,,False,-28.0,St Lawrence
401547215,2023,4,Carroll (WI),Illinois Wesleyan,70.0,23.0,iii,iii,,,False,-47.0,Carroll (WI)
401547131,2023,4,Simpson College,Wartburg,0.0,63.0,iii,iii,,,False,63.0,Wartburg
401547109,2023,4,Dubuque,Loras College,35.0,23.0,iii,iii,,,False,-12.0,Dubuque
401547093,2023,4,Luther,Central,16.0,41.0,iii,iii,,,False,25.0,Central
401547034,2023,4,Edward Waters,Morehouse,44.0,13.0,ii,ii,,,False,-31.0,Edward Waters
401546009,2023,4,New Mexico Highlands,South Dakota Mines,7.0,42.0,ii,ii,,,False,35.0,South Dakota Mines
401540529,2023,4,St. Thomas (MN),Morehead State,35.0,28.0,fcs,fcs,,,False,-7.0,St. Thomas (MN)
401549674,2023,4,Benedictine (IL),Concordia (IL),48.0,14.0,iii,iii,,,False,-34.0,Benedictine (IL)
401549684,2023,4,Rockford,Lakeland University,20.0,41.0,iii,iii,,,False,21.0,Lakeland University
401549692,2023,4,Quincy,Northern Michigan,45.0,27.0,ii,ii,,,False,-18.0,Quincy
401549707,2023,4,UVA-Wise,Limestone,17.0,38.0,ii,ii,,,False,21.0,Limestone
401549761,2023,4,Southwestern University,Birmingham-Southern,43.0,20.0,iii,iii,,,False,-23.0,Southwestern University
401550236,2023,4,Eureka College,St. Norbert,21.0,17.0,iii,iii,,,False,-4.0,Eureka College
401550232,2023,4,Concordia (WI),Wisconsin Lutheran,41.0,0.0,iii,iii,,,False,-41.0,Concordia (WI)
401550021,2023,4,Norwich,Worcester Polytechnic,17.0,38.0,iii,iii,,,False,21.0,Worcester Polytechnic
401550154,2023,4,Gustavus Adolphus,Augsburg,31.0,33.0,iii,iii,,,False,2.0,Augsburg
401550162,2023,4,St. Johns (MN),Bethel (MN),27.0,7.0,iii,iii,,,False,-20.0,St. Johns (MN)
401550169,2023,4,St. Scholastica,Concordia (MN),16.0,49.0,iii,iii,,,False,33.0,Concordia (MN)
401550185,2023,4,St. Olaf College,Macalester,38.0,13.0,iii,iii,,,False,-25.0,St. Olaf College
401540067,2023,4,Holy Cross,Colgate,47.0,7.0,fcs,fcs,,,False,-40.0,Holy Cross
401540472,2023,4,Western Carolina,Charleston Southern,77.0,21.0,fcs,fcs,,,False,-56.0,Western Carolina
401547041,2023,4,Albany State (GA),Savannah State,15.0,12.0,ii,ii,,,True,-3.0,Albany State (GA)
401550043,2023,4,Elmhurst,North Central,6.0,59.0,iii,iii,,,False,53.0,North Central
401550408,2023,4,Millsaps,Hendrix College,42.0,53.0,iii,iii,,,False,11.0,Hendrix College
401551512,2023,4,Nichols,Hartwick,52.0,3.0,iii,iii,,,False,-49.0,Nichols
401540583,2023,4,Samford,Chattanooga,24.0,47.0,fcs,fcs,,,False,23.0,Chattanooga
401539995,2023,4,North Carolina Central,Mississippi Valley State,45.0,3.0,fcs,fcs,,,True,-42.0,North Carolina Central
401540222,2023,4,Missouri State,Utah Tech,59.0,14.0,fcs,fcs,,,False,-45.0,Missouri State
401540499,2023,4,Robert Morris,Virginia Lynchburg,46.0,0.0,fcs,,,,False,-46.0,Robert Morris
401540390,2023,4,Eastern Illinois,McNeese,31.0,28.0,fcs,fcs,,,False,-3.0,Eastern Illinois
401541974,2023,4,Pittsburg State,Nebraska-Kearney,33.0,14.0,ii,ii,,,False,-19.0,Pittsburg State
401540157,2023,4,Grambling,Texas Southern,35.0,23.0,fcs,fcs,,,False,-12.0,Grambling
401545813,2023,4,University of Mary,Bemidji State,10.0,41.0,ii,ii,,,False,31.0,Bemidji State
401550347,2023,4,Shenandoah,Juniata,48.0,7.0,iii,iii,,,False,-41.0,Shenandoah
401545975,2023,4,Colorado Mesa,Black Hills State,23.0,25.0,ii,ii,,,False,2.0,Black Hills State
401545968,2023,4,Seton Hill College,Slippery Rock,14.0,35.0,ii,ii,,,False,21.0,Slippery Rock
401541961,2023,4,Missouri Southern State,Northeastern State,42.0,0.0,ii,ii,,,False,-42.0,Missouri Southern State
401541794,2023,4,Southern Nazarene,Southwestern Oklahoma,41.0,7.0,ii,ii,,,False,-34.0,Southern Nazarene
401551140,2023,4,Chowan,Benedict College,3.0,31.0,ii,ii,,,False,28.0,Benedict College
401525509,2023,4,Temple,Miami,7.0,41.0,fbs,fbs,1194.0,1529.0,False,34.0,Miami
401525506,2023,4,Louisville,Boston College,56.0,28.0,fbs,fbs,1644.0,1335.0,False,-28.0,Louisville
401532408,2023,4,Miami (OH),Delaware State,62.0,20.0,fbs,fcs,1350.0,,False,-42.0,Miami (OH)
401520250,2023,4,Alabama,Ole Miss,24.0,10.0,fbs,fbs,1954.0,1672.0,False,-14.0,Alabama
401525850,2023,4,West Virginia,Texas Tech,20.0,13.0,fbs,fbs,1457.0,1575.0,False,-7.0,West Virginia
401525847,2023,4,Kansas,BYU,38.0,27.0,fbs,fbs,1451.0,1565.0,False,-11.0,Kansas
401526835,2023,4,UMass,New Mexico,31.0,34.0,fbs,fbs,1048.0,1108.0,False,3.0,New Mexico
401532405,2023,4,Bowling Green,Ohio,7.0,38.0,fbs,fbs,1253.0,1484.0,False,31.0,Ohio
401531873,2023,4,Old Dominion,Texas A&M-Commerce,10.0,9.0,fbs,fcs,1358.0,,False,-1.0,Old Dominion
401520263,2023,4,Nebraska,Louisiana Tech,28.0,14.0,fbs,fbs,1476.0,1218.0,False,-14.0,Nebraska
401520255,2023,4,Illinois,Florida Atlantic,23.0,17.0,fbs,fbs,1606.0,1351.0,False,-6.0,Illinois
401540573,2023,4,Stony Brook,Richmond,19.0,20.0,fcs,fcs,,,False,1.0,Richmond
401540073,2023,4,Lafayette,Monmouth,28.0,20.0,fcs,fcs,,,False,-8.0,Lafayette
401540489,2023,4,William & Mary,Maine,28.0,3.0,fcs,fcs,,,False,-25.0,William & Mary
401520261,2023,4,Michigan State,Maryland,9.0,31.0,fbs,fbs,1509.0,1646.0,False,22.0,Maryland
401520272,2023,4,Connecticut,Duke,7.0,41.0,fbs,fbs,1213.0,1630.0,False,34.0,Duke
401541104,2023,4,Springfield,Coast Guard,63.0,14.0,iii,iii,,,False,-49.0,Springfield
401524017,2023,4,Utah,UCLA,14.0,7.0,fbs,fbs,1780.0,1682.0,False,-7.0,Utah
401524015,2023,4,Oregon,Colorado,42.0,6.0,fbs,fbs,1734.0,1300.0,False,-36.0,Oregon
401547197,2023,4,Husson,Anna Maria College,50.0,49.0,iii,iii,,,False,-1.0,Husson
401540048,2023,4,Bucknell,Pennsylvania,21.0,37.0,fcs,fcs,,,False,16.0,Pennsylvania
401540260,2023,4,Northern Arizona,Montana,28.0,14.0,fcs,fcs,,,False,-14.0,Northern Arizona
401552998,2023,4,St. John Fisher,Wilkes,29.0,20.0,iii,iii,,,False,-9.0,St. John Fisher
401552868,2023,4,American International,Pace,14.0,24.0,ii,ii,,,False,10.0,Pace
401552468,2023,4,Bridgewater State,Western Connecticut State,35.0,28.0,iii,iii,,,False,-7.0,Bridgewater State
401550342,2023,4,Claremont,Cal Lutheran,49.0,28.0,iii,iii,,,False,-21.0,Claremont
401547008,2023,4,Tusculum,Catawba,35.0,21.0,ii,ii,,,False,-14.0,Tusculum
401545995,2023,4,Colorado State-Pueblo,Colorado Mines,14.0,55.0,ii,ii,,,False,41.0,Colorado Mines
401541813,2023,4,Hillsdale,Findlay,21.0,31.0,ii,ii,,,False,10.0,Findlay
401540972,2023,4,Tiffin,Ashland,55.0,30.0,ii,ii,,,False,-25.0,Tiffin
401520269,2023,4,Tennessee,UT San Antonio,45.0,14.0,fbs,fbs,1830.0,1575.0,False,-31.0,Tennessee
401540245,2023,4,Idaho,Sacramento State,36.0,27.0,fcs,fcs,,,False,-9.0,Idaho
401531423,2023,4,South Florida,Rice,42.0,29.0,fbs,fbs,1279.0,1199.0,False,-13.0,South Florida
401539988,2023,4,Towson,Norfolk State,14.0,21.0,fcs,fcs,,,False,7.0,Norfolk State
401540045,2023,4,Wagner,Merrimack,30.0,27.0,fcs,fcs,,,False,-3.0,Wagner
401540227,2023,4,Portland State,Cal Poly,59.0,21.0,fcs,fcs,,,False,-38.0,Portland State
401525846,2023,4,Iowa State,Oklahoma State,34.0,27.0,fbs,fbs,1531.0,1468.0,False,-7.0,Iowa State
401541924,2023,4,Western Oregon,Central Washington,7.0,17.0,ii,ii,,,False,10.0,Central Washington
401545793,2023,4,St. Anselm,Post University,42.0,21.0,ii,ii,,,False,-21.0,St. Anselm
401540467,2023,4,San Diego,Dayton,40.0,25.0,fcs,fcs,,,False,-15.0,San Diego
401549813,2023,4,Brevard College,Maryville TN,37.0,35.0,iii,iii,,,False,-2.0,Brevard College
401549618,2023,4,Rensselaer,Dean College,63.0,0.0,iii,iii,,,False,-63.0,Rensselaer
401547056,2023,4,Miles,Clark Atlanta,55.0,14.0,ii,ii,,,False,-41.0,Miles
401520257,2023,4,Jacksonville State,Eastern Michigan,21.0,0.0,fbs,fbs,1461.0,1408.0,False,-21.0,Jacksonville State
401531876,2023,4,South Alabama,Central Michigan,30.0,34.0,fbs,fbs,1541.0,1321.0,False,4.0,Central Michigan
401550349,2023,4,Trinity (TX),Rhodes,63.0,14.0,iii,iii,,,False,-49.0,Trinity (TX)
401540324,2023,4,Delaware,New Hampshire,29.0,25.0,fcs,fcs,,,False,-4.0,Delaware
401539980,2023,4,Morgan State,Albany,17.0,23.0,fcs,fcs,,,False,6.0,Albany
401549581,2023,4,Hobart,Keystone,43.0,10.0,iii,iii,,,False,-33.0,Hobart
401540661,2023,4,Virginia State,Livingstone,33.0,0.0,ii,ii,,,False,-33.0,Virginia State
401531413,2023,4,East Carolina,Gardner-Webb,44.0,0.0,fbs,fcs,1420.0,,False,-44.0,East Carolina
401551494,2023,4,Franklin Pierce,New Haven,14.0,41.0,ii,ii,,,True,27.0,New Haven
401540193,2023,4,Eastern Kentucky,Southeast Missouri State,41.0,38.0,fcs,fcs,,,False,-3.0,Eastern Kentucky
401540314,2023,4,Campbell,Elon,24.0,28.0,fcs,fcs,,,False,4.0,Elon
401540252,2023,4,Idaho State,Northern Colorado,35.0,21.0,fcs,fcs,,,False,-14.0,Idaho State
401540000,2023,4,South Carolina State,The Citadel,31.0,10.0,fcs,fcs,,,False,-21.0,South Carolina State
401547015,2023,4,Erskine,Newberry,17.0,24.0,ii,ii,,,False,7.0,Newberry
401540670,2023,4,Virginia Union,Fayetteville State,7.0,10.0,ii,ii,,,False,3.0,Fayetteville State
401541878,2023,4,West Florida,West Georgia,49.0,21.0,ii,ii,,,True,-28.0,West Florida
401541887,2023,4,Winston-Salem,Bluefield,30.0,0.0,ii,ii,,,False,-30.0,Winston-Salem
401545754,2023,4,West Virginia State,Glenville State,31.0,21.0,ii,ii,,,False,-10.0,West Virginia State
401540117,2023,4,Florida A&M,Alabama State,23.0,10.0,fcs,fcs,,,False,-13.0,Florida A&M
401550295,2023,4,Tufts,Bates College,44.0,16.0,iii,iii,,,False,-28.0,Tufts
401520275,2023,4,Florida International,Liberty,6.0,38.0,fbs,fbs,1125.0,1533.0,False,32.0,Liberty
401525508,2023,4,Wake Forest,Georgia Tech,16.0,30.0,fbs,fbs,1607.0,1329.0,False,14.0,Georgia Tech
401541777,2023,4,East Central,Oklahoma Baptist,15.0,23.0,ii,ii,,,False,8.0,Oklahoma Baptist
401550381,2023,4,Case Western Reserve,Geneva College,42.0,7.0,iii,iii,,,False,-35.0,Case Western Reserve
401550375,2023,4,Grove City College,Carnegie Mellon,21.0,14.0,iii,iii,,,False,-7.0,Grove City College
401547171,2023,4,Mary Hardin-Baylor,McMurry,50.0,9.0,iii,iii,,,False,-41.0,Mary Hardin-Baylor
401544993,2023,4,Wilmington (OH),Capital,49.0,24.0,iii,iii,,,False,-25.0,Wilmington (OH)
401531877,2023,4,Texas State,Nevada,35.0,24.0,fbs,fbs,1353.0,1224.0,False,-11.0,Texas State
401531874,2023,4,Arkansas State,Southern Mississippi,44.0,37.0,fbs,fbs,1032.0,1258.0,False,-7.0,Arkansas State
401540399,2023,4,Davidson,St. Andrews,84.0,6.0,fcs,,,,False,-78.0,Davidson
401524016,2023,4,Stanford,Arizona,20.0,21.0,fbs,fbs,1271.0,1453.0,False,1.0,Arizona
401541753,2023,4,Henderson State,Harding,16.0,27.0,ii,ii,,,False,11.0,Harding
401541770,2023,4,Southeastern Oklahoma,Northwestern Oklahoma State,41.0,2.0,ii,ii,,,False,-39.0,Southeastern Oklahoma
401541829,2023,4,Kentucky Wesleyan,Ohio Dominican,13.0,10.0,ii,ii,,,False,-3.0,Kentucky Wesleyan
401541848,2023,4,Delta State,Shorter,56.0,20.0,ii,ii,,,False,-36.0,Delta State
401541867,2023,4,Valdosta State,North Greenville,28.0,3.0,ii,ii,,,False,-25.0,Valdosta State
401541875,2023,4,West Alabama,Mississippi College,10.0,7.0,ii,ii,,,False,-3.0,West Alabama
401541892,2023,4,Angelo State,Western New Mexico,62.0,9.0,ii,ii,,,False,-53.0,Angelo State
401541907,2023,4,University of Texas of the Permian Basin,West Texas A&M,41.0,40.0,ii,ii,,,False,-1.0,University of Texas of the Permian Basin
401520251,2023,4,Florida,Charlotte,22.0,7.0,fbs,fbs,1603.0,1205.0,False,-15.0,Florida
401544201,2023,4,Incarnate Word,North American University,63.0,3.0,fcs,,,,False,-60.0,Incarnate Word
401544937,2023,4,Wheaton College (Ill),Augustana (IL),41.0,34.0,iii,iii,,,False,-7.0,Wheaton College (Ill)
401540778,2023,4,Arkansas-Monticello,Ouachita Baptist,25.0,45.0,ii,ii,,,False,20.0,Ouachita Baptist
401524019,2023,4,Washington State,Oregon State,38.0,35.0,fbs,fbs,1621.0,1741.0,False,-3.0,Washington State
401531870,2023,4,Wyoming,Appalachian State,22.0,19.0,fbs,fbs,1402.0,1577.0,False,-3.0,Wyoming
401520262,2023,4,Middle Tennessee,Colorado State,23.0,31.0,fbs,fbs,1341.0,1278.0,False,8.0,Colorado State
401520254,2023,4,Houston,Sam Houston State,38.0,7.0,fbs,fbs,1519.0,1474.0,False,-31.0,Houston
401540214,2023,4,Tarleton State,Southwest Baptist,27.0,13.0,fcs,ii,,,False,-14.0,Tarleton State
401531349,2023,4,Tulane,Nicholls,36.0,7.0,fbs,fcs,1651.0,,False,-29.0,Tulane
401540687,2023,4,Lincoln (PA),Johnson C Smith,20.0,27.0,ii,ii,,,False,7.0,Johnson C Smith
401540535,2023,4,Tennessee Tech,Kennesaw State,17.0,7.0,fcs,fcs,,,False,-10.0,Tennessee Tech
401540720,2023,4,Southern Arkansas,Arkansas Tech,49.0,3.0,ii,ii,,,False,-46.0,Southern Arkansas
401540376,2023,4,Lamar,Lincoln University (CA),38.0,0.0,fcs,,,,False,-38.0,Lamar
401540203,2023,4,North Alabama,UT Martin,21.0,37.0,fcs,fcs,,,False,16.0,UT Martin
401540731,2023,4,Missouri S&T,Wayne State (NE),35.0,38.0,ii,ii,,,False,3.0,Wayne State (NE)
401520258,2023,4,LSU,Arkansas,34.0,31.0,fbs,fbs,1753.0,1620.0,False,-3.0,LSU
401540185,2023,4,Central Arkansas,Abilene Christian,52.0,17.0,fcs,fcs,,,False,-35.0,Central Arkansas
401540142,2023,4,Jackson State,Bethune-Cookman,22.0,16.0,fcs,fcs,,,False,-6.0,Jackson State
401540356,2023,4,Southeastern Louisiana,Houston Christian,19.0,34.0,fcs,fcs,,,False,15.0,Houston Christian
401540175,2023,4,Stephen F. Austin,Austin Peay,20.0,22.0,fcs,fcs,,,False,2.0,Austin Peay
401540126,2023,4,Alcorn State,Prairie View,20.0,23.0,fcs,fcs,,,False,3.0,Prairie View
401521330,2023,4,Notre Dame,Ohio State,14.0,17.0,fbs,fbs,1851.0,2028.0,False,3.0,Ohio State
401525844,2023,4,Baylor,Texas,6.0,38.0,fbs,fbs,1563.0,1831.0,False,32.0,Texas
401520256,2023,4,Indiana,Akron,29.0,27.0,fbs,fbs,1399.0,1224.0,False,-2.0,Indiana
401520259,2023,4,Missouri,Memphis,34.0,27.0,fbs,fbs,1485.0,1581.0,True,-7.0,Missouri
401520265,2023,4,Penn State,Iowa,31.0,0.0,fbs,fbs,1867.0,1703.0,False,-31.0,Penn State
401520267,2023,4,South Carolina,Mississippi State,37.0,30.0,fbs,fbs,1557.0,1561.0,False,-7.0,South Carolina
401520252,2023,4,Georgia,UAB,49.0,21.0,fbs,fbs,2048.0,1427.0,False,-28.0,Georgia
401531875,2023,4,Louisiana,Buffalo,45.0,38.0,fbs,fbs,1561.0,1328.0,False,-7.0,Louisiana
401520264,2023,4,Northwestern,Minnesota,37.0,34.0,fbs,fbs,1352.0,1640.0,False,-3.0,Northwestern
401540983,2023,4,Midwestern State,Eastern New Mexico,34.0,31.0,ii,ii,,,False,-3.0,Midwestern State
401531872,2023,4,Utah State,James Madison,38.0,45.0,fbs,fbs,1382.0,1593.0,False,7.0,James Madison
401544900,2023,4,Adams State,Fort Lewis,25.0,24.0,ii,ii,,,False,-1.0,Adams State
401540207,2023,4,Southern Utah,Western Illinois,37.0,17.0,fcs,fcs,,,False,-20.0,Southern Utah
401540268,2023,4,Weber State,Montana State,0.0,40.0,fcs,fcs,,,False,40.0,Montana State
401525510,2023,4,Pittsburgh,North Carolina,24.0,41.0,fbs,fbs,1578.0,1636.0,False,17.0,North Carolina
401525848,2023,4,Kansas State,UCF,44.0,31.0,fbs,fbs,1789.0,1664.0,False,-13.0,Kansas State
401520273,2023,4,UTEP,UNLV,28.0,45.0,fbs,fbs,1241.0,1341.0,False,17.0,UNLV
401552871,2023,4,Pomona-Pitzer,La Verne,34.0,7.0,iii,iii,,,False,-27.0,Pomona-Pitzer
401544146,2023,4,Chapman,Redlands,21.0,38.0,iii,iii,,,False,17.0,Redlands
401540237,2023,4,UC Davis,Eastern Washington,24.0,27.0,fcs,fcs,,,False,3.0,Eastern Washington
401524018,2023,4,Washington,California,59.0,32.0,fbs,fbs,1888.0,1551.0,False,-27.0,Washington
401524014,2023,4,Arizona State,USC,28.0,42.0,fbs,fbs,1392.0,1891.0,False,14.0,USC
401532407,2023,4,Fresno State,Kent State,53.0,10.0,fbs,fbs,1723.0,1245.0,False,-43.0,Fresno State
401520253,2023,4,Hawai'i,New Mexico State,20.0,17.0,fbs,fbs,1145.0,1264.0,False,-3.0,Hawai'i
401553855,2023,4,Stevenson,Widener,49.0,7.0,iii,iii,,,False,-42.0,Stevenson
401540694,2023,4,Elizabeth City State,Shaw,17.0,20.0,ii,ii,,,False,3.0,Shaw
401550024,2023,4,Apprentice School,Washington & Lee,9.0,28.0,iii,iii,,,False,19.0,Washington & Lee
401531339,2023,5,Tulsa,Temple,48.0,26.0,fbs,fbs,1294.0,1139.0,False,-22.0,Tulsa
401520277,2023,5,Western Kentucky,Middle Tennessee,31.0,10.0,fbs,fbs,1506.0,1320.0,False,-21.0,Western Kentucky
401520276,2023,5,Sam Houston State,Jacksonville State,28.0,35.0,fbs,fbs,1396.0,1505.0,False,7.0,Jacksonville State
401547198,2023,5,Husson,Dean College,75.0,17.0,iii,iii,,,False,-58.0,Husson
401549632,2023,5,Ursinus,Muhlenberg,20.0,28.0,iii,iii,,,False,8.0,Muhlenberg
401551495,2023,5,American International,New Haven,14.0,33.0,ii,ii,,,False,19.0,New Haven
401554813,2023,5,Dickinson,Franklin & Marshall,19.0,17.0,iii,iii,,,False,-2.0,Dickinson
401541632,2023,5,Princeton,Columbia,10.0,7.0,fcs,fcs,,,False,-3.0,Princeton
401525512,2023,5,NC State,Louisville,10.0,13.0,fbs,fbs,1520.0,1682.0,False,3.0,Louisville
401524020,2023,5,Oregon State,Utah,21.0,7.0,fbs,fbs,1738.0,1784.0,False,-14.0,Oregon State
401520278,2023,5,UTEP,Louisiana Tech,10.0,24.0,fbs,fbs,1210.0,1211.0,False,14.0,Louisiana Tech
401525851,2023,5,BYU,Cincinnati,35.0,27.0,fbs,fbs,1536.0,1593.0,False,-8.0,BYU
401531880,2023,5,James Madison,South Alabama,31.0,23.0,fbs,fbs,1590.0,1519.0,False,-8.0,James Madison
401520284,2023,5,Minnesota,Louisiana,35.0,24.0,fbs,fbs,1635.0,1558.0,False,-11.0,Minnesota
401520279,2023,5,Arkansas,Texas A&M,22.0,34.0,fbs,fbs,1621.0,1722.0,True,12.0,Texas A&M
401540400,2023,5,Davidson,San Diego,55.0,33.0,fcs,fcs,,,False,-22.0,Davidson
401540005,2023,5,Brown,Central Connecticut,42.0,20.0,fcs,fcs,,,False,-22.0,Brown
401540013,2023,5,Long Island University,Duquesne,28.0,31.0,fcs,fcs,,,False,3.0,Duquesne
401539981,2023,5,Yale,Morgan State,45.0,3.0,fcs,fcs,,,False,-42.0,Yale
401534852,2023,5,Robert Morris,Howard,10.0,35.0,fcs,fcs,,,False,25.0,Howard
401525514,2023,5,Syracuse,Clemson,14.0,31.0,fbs,fbs,1625.0,1716.0,False,17.0,Clemson
401524023,2023,5,Colorado,USC,41.0,48.0,fbs,fbs,1252.0,1879.0,False,7.0,USC
401531370,2023,5,Tulane,UAB,35.0,23.0,fbs,fbs,1630.0,1420.0,False,-12.0,Tulane
401520287,2023,5,Northwestern,Penn State,13.0,41.0,fbs,fbs,1357.0,1931.0,False,28.0,Penn State
401520292,2023,5,Connecticut,Utah State,33.0,34.0,fbs,fbs,1168.0,1385.0,False,1.0,Utah State
401532412,2023,5,Akron,Buffalo,10.0,13.0,fbs,fbs,1226.0,1331.0,False,3.0,Buffalo
401520282,2023,5,Kentucky,Florida,33.0,14.0,fbs,fbs,1675.0,1601.0,False,-19.0,Kentucky
401550362,2023,5,NC Wesleyan,Belhaven College,14.0,35.0,iii,iii,,,False,21.0,Belhaven College
401550123,2023,5,Westfield State,Mass Maritime,17.0,10.0,iii,iii,,,False,-7.0,Westfield State
401552469,2023,5,Fitchburg State,Bridgewater State,14.0,38.0,iii,iii,,,False,24.0,Bridgewater State
401550022,2023,5,SUNY Maritime,Norwich,24.0,21.0,iii,iii,,,False,-3.0,SUNY Maritime
401553022,2023,5,Wilkes,Juniata,63.0,14.0,iii,iii,,,False,-49.0,Wilkes
401564662,2023,5,Plymouth State,Framingham State,14.0,24.0,iii,iii,,,False,10.0,Framingham State
401549733,2023,5,Salve Regina,Merchant Marine,35.0,17.0,iii,iii,,,False,-18.0,Salve Regina
401545893,2023,5,Shepherd,Shippensburg,30.0,23.0,ii,ii,,,False,-7.0,Shepherd
401545877,2023,5,Kutztown,East Stroudsburg,34.0,27.0,ii,ii,,,False,-7.0,Kutztown
401545864,2023,5,California (PA),Clarion,37.0,7.0,ii,ii,,,False,-30.0,California (PA)
401545794,2023,5,Southern Connecticut State,St. Anselm,6.0,3.0,ii,ii,,,False,-3.0,Southern Connecticut State
401551506,2023,5,Limestone,Mars Hill,27.0,23.0,ii,ii,,,False,-4.0,Limestone
401545784,2023,5,Assumption,Pace,36.0,22.0,ii,ii,,,False,-14.0,Assumption
401544964,2023,5,Olivet College,Alfred State College,40.0,19.0,iii,iii,,,False,-21.0,Olivet College
401541857,2023,5,Shorter,Mississippi College,14.0,30.0,ii,ii,,,False,16.0,Mississippi College
401541105,2023,5,Worcester Polytechnic,Springfield,10.0,42.0,iii,iii,,,False,32.0,Springfield
401541027,2023,5,Millersville,Lock Haven,31.0,38.0,ii,ii,,,False,7.0,Lock Haven
401540994,2023,5,UNC Pembroke,Wheeling Jesuit,41.0,20.0,ii,ii,,,False,-21.0,UNC Pembroke
401545747,2023,5,Frostburg State,Notre Dame College,21.0,24.0,ii,ii,,,False,3.0,Notre Dame College
401541086,2023,5,Oberlin,DePauw,7.0,66.0,iii,iii,,,False,59.0,DePauw
401541841,2023,5,Chowan,Valdosta State,36.0,51.0,ii,ii,,,False,15.0,Valdosta State
401540662,2023,5,Shaw,Virginia State,19.0,38.0,ii,ii,,,False,19.0,Virginia State
401540671,2023,5,St. Augustine's,Virginia Union,7.0,47.0,ii,ii,,,False,40.0,Virginia Union
401540678,2023,5,Bluefield,Fayetteville State,18.0,28.0,ii,ii,,,False,10.0,Fayetteville State
401540688,2023,5,Elizabeth City State,Johnson C Smith,20.0,21.0,ii,ii,,,False,1.0,Johnson C Smith
401540788,2023,5,Michigan Tech,Davenport,0.0,28.0,ii,ii,,,False,28.0,Davenport
401541057,2023,5,Morrisville State,SUNY Cortland,15.0,52.0,iii,iii,,,False,37.0,SUNY Cortland
401541113,2023,5,Guilford,Randolph-Macon,14.0,70.0,iii,iii,,,False,56.0,Randolph-Macon
401541124,2023,5,Greenville,Minnesota-Morris,10.0,24.0,iii,iii,,,False,14.0,Minnesota-Morris
401541784,2023,5,Ouachita Baptist,Southeastern Oklahoma,34.0,7.0,ii,ii,,,False,-27.0,Ouachita Baptist
401541804,2023,5,Ohio Dominican,Ashland,6.0,20.0,ii,ii,,,False,14.0,Ashland
401541820,2023,5,Hillsdale,Northwood (MI),40.0,18.0,ii,ii,,,False,-22.0,Hillsdale
401544055,2023,5,Utica,Hartwick,48.0,7.0,iii,iii,,,False,-41.0,Utica
401544137,2023,5,Berry College,Trinity (TX),37.0,46.0,iii,iii,,,False,9.0,Trinity (TX)
401545710,2023,5,Concord,West Liberty,21.0,23.0,ii,ii,,,False,2.0,West Liberty
401545755,2023,5,Glenville State,Charleston (WV),17.0,52.0,ii,ii,,,False,35.0,Charleston (WV)
401545772,2023,5,WV Wesleyan,West Virginia State,16.0,51.0,ii,ii,,,False,35.0,West Virginia State
401545822,2023,5,Concordia-St. Paul,University of Mary,37.0,34.0,ii,ii,,,False,-3.0,Concordia-St. Paul
401545830,2023,5,Minnesota-Duluth,Winona State,38.0,14.0,ii,ii,,,False,-24.0,Minnesota-Duluth
401545837,2023,5,Minnesota St-Moorhead,Northern State,45.0,26.0,ii,ii,,,False,-19.0,Minnesota St-Moorhead
401546944,2023,5,Lincoln (PA),Winston-Salem,30.0,27.0,ii,ii,,,False,-3.0,Lincoln (PA)
401547073,2023,5,Central State,Miles,7.0,40.0,ii,ii,,,False,33.0,Miles
401547188,2023,5,Rowan,Johns Hopkins,20.0,55.0,iii,iii,,,False,35.0,Johns Hopkins
401549574,2023,5,Union,St Lawrence,34.0,0.0,iii,iii,,,False,-34.0,Union
401549582,2023,5,Ithaca,Hobart,24.0,14.0,iii,iii,,,False,-10.0,Ithaca
401549715,2023,5,Middlebury,Bowdoin,34.0,27.0,iii,iii,,,False,-7.0,Middlebury
401549797,2023,5,Huntingdon,Methodist,52.0,7.0,iii,iii,,,False,-45.0,Huntingdon
401549821,2023,5,Susquehanna,Catholic University,50.0,21.0,iii,iii,,,False,-29.0,Susquehanna
401550102,2023,5,Moravian,Keystone,58.0,34.0,iii,iii,,,False,-24.0,Moravian
401550141,2023,5,Albion,Kalamazoo,44.0,17.0,iii,iii,,,False,-27.0,Albion
401550266,2023,5,Kenyon,Hiram,40.0,16.0,iii,iii,,,False,-24.0,Kenyon
401550284,2023,5,Ohio Wesleyan,Wabash College,13.0,31.0,iii,iii,,,False,18.0,Wabash College
401539972,2023,5,Delaware State,Virginia Lynchburg,48.0,10.0,fcs,,,,False,-38.0,Delaware State
401550457,2023,5,Crown College,Westminster,25.0,17.0,iii,iii,,,False,-8.0,Crown College
401551513,2023,5,Nichols,Gallaudet,55.0,28.0,iii,iii,,,False,-27.0,Nichols
401552875,2023,5,Trinity (CT),Amherst College,49.0,0.0,iii,iii,,,False,-49.0,Trinity (CT)
401552994,2023,5,McDaniel College,Gettysburg,20.0,27.0,iii,iii,,,False,7.0,Gettysburg
401553862,2023,5,William Paterson,Kean,21.0,9.0,iii,iii,,,False,-12.0,William Paterson
401540035,2023,5,Stonehill,St Francis (PA),10.0,15.0,fcs,fcs,,,False,5.0,St Francis (PA)
401540082,2023,5,Monmouth,Lehigh,49.0,7.0,fcs,fcs,,,False,-42.0,Monmouth
401540335,2023,5,Pennsylvania,Dartmouth,20.0,23.0,fcs,fcs,,,False,3.0,Dartmouth
401550412,2023,5,Southern Virginia,LaGrange College,52.0,26.0,iii,iii,,,False,-26.0,Southern Virginia
401547042,2023,5,Kentucky State,Albany State (GA),27.0,33.0,ii,ii,,,False,6.0,Albany State (GA)
401550318,2023,5,Hampden-Sydney,Bridgewater (VA),38.0,39.0,iii,iii,,,False,1.0,Bridgewater (VA)
401540591,2023,5,Samford,East Tennessee State,42.0,28.0,fcs,fcs,,,False,-14.0,Samford
401540423,2023,5,Rhode Island,Bryant,49.0,26.0,fcs,fcs,,,False,-23.0,Rhode Island
401550303,2023,5,Wesleyan,Hamilton,35.0,14.0,iii,iii,,,False,-21.0,Wesleyan
401540555,2023,5,Butler,Presbyterian College,27.0,17.0,fcs,fcs,,,False,-10.0,Butler
401540468,2023,5,Dayton,St. Thomas (MN),14.0,20.0,fcs,fcs,,,False,6.0,St. Thomas (MN)
401540522,2023,5,Marist,Stetson,34.0,24.0,fcs,fcs,,,False,-10.0,Marist
401540030,2023,5,Sacred Heart,Merrimack,7.0,17.0,fcs,fcs,,,False,10.0,Merrimack
401552013,2023,5,Tufts,Williams,28.0,10.0,iii,iii,,,False,-18.0,Tufts
401549724,2023,5,Coast Guard,MIT,36.0,14.0,iii,iii,,,False,-22.0,Coast Guard
401532410,2023,5,Central Michigan,Eastern Michigan,26.0,23.0,fbs,fbs,1343.0,1364.0,False,-3.0,Central Michigan
401541066,2023,5,Franklin,Bluffton,31.0,24.0,iii,iii,,,False,-7.0,Franklin
401544957,2023,5,Mount St. Joseph,Manchester,69.0,14.0,iii,iii,,,False,-55.0,Mount St. Joseph
401544994,2023,5,John Carroll,Wilmington (OH),59.0,7.0,iii,iii,,,False,-52.0,John Carroll
401549755,2023,5,Muskingum,Heidelberg,17.0,20.0,iii,iii,,,False,3.0,Heidelberg
401550069,2023,5,Hanover,Defiance,21.0,27.0,iii,iii,,,False,6.0,Defiance
401550262,2023,5,Capital,Otterbein,35.0,31.0,iii,iii,,,False,-4.0,Capital
401547083,2023,5,Buena Vista,Simpson College,28.0,55.0,iii,iii,,,False,27.0,Simpson College
401547002,2023,5,Edinboro,Mercyhurst,40.0,24.0,ii,ii,,,False,-16.0,Edinboro
401550155,2023,5,Augsburg,St. Johns (MN),24.0,27.0,iii,iii,,,False,3.0,St. Johns (MN)
401546001,2023,5,Fort Lewis,Colorado State-Pueblo,7.0,85.0,ii,ii,,,False,78.0,Colorado State-Pueblo
401545983,2023,5,Colorado Mines,Chadron State,35.0,7.0,ii,ii,,,False,-28.0,Colorado Mines
401545848,2023,5,Minot State,Wayne State (NE),22.0,48.0,ii,ii,,,False,26.0,Wayne State (NE)
401549661,2023,5,Illinois College,Monmouth (IL),20.0,17.0,iii,iii,,,False,-3.0,Illinois College
401549652,2023,5,Beloit College,Chicago,7.0,48.0,iii,iii,,,False,41.0,Chicago
401541076,2023,5,Concordia (MN),Carleton,35.0,36.0,iii,iii,,,False,1.0,Carleton
401549645,2023,5,Washington (MO),North Park,41.0,7.0,iii,iii,,,False,-34.0,Washington (MO)
401550044,2023,5,Wheaton College (Ill),North Central,35.0,54.0,iii,iii,,,False,19.0,North Central
401550208,2023,5,Ripon,Cornell College (IA),33.0,36.0,iii,iii,,,False,3.0,Cornell College (IA)
401547143,2023,5,Hardin-Simmons,Howard Payne,40.0,33.0,iii,iii,,,False,-7.0,Hardin-Simmons
401547121,2023,5,Nebraska Wesleyan University,Luther,35.0,10.0,iii,iii,,,True,-25.0,Nebraska Wesleyan University
401540711,2023,5,McKendree,Truman State,24.0,56.0,ii,ii,,,False,32.0,Truman State
401549641,2023,5,Carthage,Elmhurst,27.0,20.0,iii,iii,,,False,-7.0,Carthage
401547094,2023,5,Central,Dubuque,55.0,16.0,iii,iii,,,False,-39.0,Central
401550151,2023,5,Alma College,Trine,70.0,30.0,iii,iii,,,False,-40.0,Alma College
401550163,2023,5,Bethel (MN),Gustavus Adolphus,37.0,28.0,iii,iii,,,False,-9.0,Bethel (MN)
401550221,2023,5,Aurora,Eureka College,70.0,10.0,iii,iii,,,False,-60.0,Aurora
401550181,2023,5,Hamline,St. Olaf College,25.0,49.0,iii,iii,,,False,24.0,St. Olaf College
401544910,2023,5,Tusculum,Barton College,14.0,17.0,ii,ii,,,False,3.0,Barton College
401540456,2023,5,Valparaiso,Southwest Minnesota State,16.0,15.0,fcs,ii,,,False,-1.0,Valparaiso
401541932,2023,5,Central Missouri State,Northwest Missouri State,41.0,38.0,ii,ii,,,False,-3.0,Central Missouri State
401544884,2023,5,Sioux Falls,Augustana (SD),29.0,49.0,ii,ii,,,False,20.0,Augustana (SD)
401544108,2023,5,Mount Union,Ohio Northern,35.0,0.0,iii,iii,,,False,-35.0,Mount Union
401544099,2023,5,Baldwin-Wallace,Marietta,21.0,42.0,iii,iii,,,False,21.0,Marietta
401544080,2023,5,Grinnell,Lawrence,34.0,16.0,iii,iii,,,False,-18.0,Grinnell
401550257,2023,5,Denison,Wittenberg,24.0,27.0,iii,iii,,,False,3.0,Wittenberg
401544948,2023,5,Millikin,Illinois Wesleyan,17.0,45.0,iii,iii,,,False,28.0,Illinois Wesleyan
401544938,2023,5,Augustana (IL),Carroll (WI),23.0,19.0,iii,iii,,,False,-4.0,Augustana (IL)
401545738,2023,5,Fairmont State,Alderson-Broaddus,0.0,0.0,ii,ii,,,False,-0.0,Alderson-Broaddus
401541005,2023,5,West Chester,Bloomsburg,24.0,21.0,ii,ii,,,False,-3.0,West Chester
401544929,2023,5,Clark Atlanta,Lane,24.0,34.0,ii,ii,,,False,10.0,Lane
401547177,2023,5,McMurry,Lyon College,52.0,14.0,iii,,,,False,-38.0,McMurry
401550186,2023,5,Macalester,St. Scholastica,17.0,23.0,iii,iii,,,False,6.0,St. Scholastica
401540059,2023,5,Georgetown,Fordham,28.0,24.0,fcs,fcs,,,False,-4.0,Georgetown
401547102,2023,5,Wartburg,Coe,27.0,21.0,iii,iii,,,False,-6.0,Wartburg
401549685,2023,5,Wisconsin Lutheran,Rockford,52.0,20.0,iii,iii,,,False,-32.0,Wisconsin Lutheran
401549693,2023,5,Quincy,Southwest Baptist,38.0,33.0,ii,ii,,,False,-5.0,Quincy
401549745,2023,5,Christopher Newport,Salisbury,24.0,14.0,iii,iii,,,False,-10.0,Christopher Newport
401549770,2023,5,Martin Luther College,Northwestern (MN),38.0,42.0,iii,iii,,,False,4.0,Northwestern (MN)
401549778,2023,5,Wisconsin-Stevens Point,Wisconsin-Eau Claire,17.0,24.0,iii,iii,,,False,7.0,Wisconsin-Eau Claire
401549788,2023,5,Greensboro,Brevard College,24.0,34.0,iii,iii,,,False,10.0,Brevard College
401550097,2023,5,Rose-Hulman,Anderson (IN),64.0,3.0,iii,iii,,,False,-61.0,Rose-Hulman
401550241,2023,5,Lakeland University,St. Norbert,21.0,24.0,iii,iii,,,False,3.0,St. Norbert
401550325,2023,5,Ferrum,Shenandoah,3.0,38.0,iii,iii,,,False,35.0,Shenandoah
401550393,2023,5,Grove City College,Washington & Jefferson,31.0,24.0,iii,iii,,,False,-7.0,Grove City College
401550409,2023,5,Hendrix College,Sewanee Univ. of the South,19.0,20.0,iii,iii,,,False,1.0,Sewanee Univ. of the South
401550421,2023,5,UW-River Falls,Wisconsin-Platteville,27.0,16.0,iii,iii,,,False,-11.0,UW-River Falls
401547021,2023,5,Lenoir-Rhyne,UVA-Wise,56.0,3.0,ii,ii,,,False,-53.0,Lenoir-Rhyne
401539989,2023,5,Norfolk State,North Carolina A&T,26.0,28.0,fcs,fcs,,,False,2.0,North Carolina A&T
401540176,2023,5,Lindenwood,Austin Peay,10.0,52.0,fcs,fcs,,,False,42.0,Austin Peay
401540308,2023,5,Cornell,Colgate,25.0,35.0,fcs,fcs,,,False,10.0,Colgate
401540384,2023,5,North Dakota State,South Dakota,19.0,24.0,fcs,fcs,,,False,5.0,South Dakota
401540407,2023,5,Northern Iowa,Youngstown State,44.0,41.0,fcs,fcs,,,False,-3.0,Northern Iowa
401540412,2023,5,Elon,William & Mary,14.0,6.0,fcs,fcs,,,False,-8.0,Elon
401540514,2023,5,Morehead State,Drake,9.0,16.0,fcs,fcs,,,False,7.0,Drake
401540618,2023,5,The Citadel,Western Carolina,14.0,49.0,fcs,fcs,,,False,35.0,Western Carolina
401540417,2023,5,Richmond,Hampton,14.0,31.0,fcs,fcs,,,False,17.0,Hampton
401525513,2023,5,Boston College,Virginia,27.0,24.0,fbs,fbs,1297.0,1314.0,False,-3.0,Boston College
401541132,2023,5,UW-Oshkosh,UW-Whitewater,21.0,37.0,iii,iii,,,False,16.0,UW-Whitewater
401532413,2023,5,Kent State,Miami (OH),3.0,23.0,fbs,fbs,1181.0,1361.0,False,20.0,Miami (OH)
401550382,2023,5,Bethany (WV),Case Western Reserve,12.0,34.0,iii,iii,,,False,22.0,Case Western Reserve
401553024,2023,5,Hilbert College,Endicott College,0.0,66.0,iii,iii,,,True,66.0,Endicott College
401540172,2023,5,Texas Southern,Lincoln University (CA),52.0,7.0,fcs,,,,True,-45.0,Texas Southern
401540088,2023,5,Alabama A&M,Tuskegee,58.0,3.0,fcs,ii,,,False,-55.0,Alabama A&M
401540797,2023,5,Ferris State,Northern Michigan,78.0,3.0,ii,ii,,,False,-75.0,Ferris State
401544129,2023,5,Thiel College,Waynesburg,15.0,14.0,iii,iii,,,False,-1.0,Thiel College
401540280,2023,5,Northern Colorado,Weber State,21.0,28.0,fcs,fcs,,,False,7.0,Weber State
401540370,2023,5,South Dakota State,North Dakota,42.0,21.0,fcs,fcs,,,False,-21.0,South Dakota State
401540509,2023,5,New Hampshire,Towson,51.0,54.0,fcs,fcs,,,False,3.0,Towson
401524022,2023,5,California,Arizona State,24.0,21.0,fbs,fbs,1519.0,1404.0,False,-3.0,California
401544071,2023,5,Adrian,Hope,21.0,30.0,iii,iii,,,False,9.0,Hope
401541980,2023,5,Northeastern State,Pittsburg State,7.0,42.0,ii,ii,,,False,35.0,Pittsburg State
401544901,2023,5,New Mexico Highlands,Adams State,14.0,21.0,ii,ii,,,False,7.0,Adams State
401545814,2023,5,Bemidji State,Minnesota State,24.0,27.0,ii,ii,,,False,3.0,Minnesota State
401545990,2023,5,Western State,Colorado Mesa,43.0,7.0,ii,ii,,,False,-36.0,Western State
401547208,2023,5,University of New England,Castleton State College,31.0,14.0,iii,iii,,,False,-17.0,University of New England
401549668,2023,5,Knox College,Lake Forest,0.0,50.0,iii,iii,,,False,50.0,Lake Forest
401550416,2023,5,Wisconsin-La Crosse,UW-Stout,45.0,40.0,iii,iii,,,False,-5.0,Wisconsin-La Crosse
401551510,2023,5,Rhodes,Southwestern University,31.0,7.0,iii,iii,,,False,-24.0,Rhodes
401541975,2023,5,Nebraska-Kearney,Washburn,27.0,21.0,ii,ii,,,False,-6.0,Nebraska-Kearney
401541942,2023,5,Central Oklahoma,Missouri Southern State,30.0,27.0,ii,ii,,,False,-3.0,Central Oklahoma
401541792,2023,5,Southern Nazarene,Southern Arkansas,21.0,28.0,ii,ii,,,False,7.0,Southern Arkansas
401540779,2023,5,Arkansas-Monticello,East Central,28.0,35.0,ii,ii,,,False,7.0,East Central
401549675,2023,5,Concordia (IL),Concordia (WI),42.0,57.0,iii,iii,,,False,15.0,Concordia (WI)
401525515,2023,5,Georgia Tech,Bowling Green,27.0,38.0,fbs,fbs,1391.0,1195.0,False,11.0,Bowling Green
401520286,2023,5,Nebraska,Michigan,7.0,45.0,fbs,fbs,1483.0,1953.0,False,38.0,Michigan
401540606,2023,5,Albany,Villanova,31.0,10.0,fcs,fcs,,,False,-21.0,Albany
401526836,2023,5,UMass,Arkansas State,28.0,52.0,fbs,fbs,1047.0,1055.0,False,24.0,Arkansas State
401520283,2023,5,Maryland,Indiana,44.0,17.0,fbs,fbs,1687.0,1397.0,False,-27.0,Maryland
401531424,2023,5,Navy,South Florida,30.0,44.0,fbs,fbs,1388.0,1298.0,False,14.0,South Florida
401525856,2023,5,UCF,Baylor,35.0,36.0,fbs,fbs,1649.0,1506.0,False,1.0,Baylor
401525855,2023,5,Texas Tech,Houston,49.0,28.0,fbs,fbs,1559.0,1597.0,False,-21.0,Texas Tech
401525854,2023,5,Texas,Kansas,40.0,14.0,fbs,fbs,1888.0,1480.0,False,-26.0,Texas
401540049,2023,5,Lafayette,Bucknell,56.0,22.0,fcs,fcs,,,False,-34.0,Lafayette
401540490,2023,5,Maine,Stony Brook,56.0,28.0,fcs,fcs,,,False,-28.0,Maine
401520290,2023,5,Rutgers,Wagner,52.0,3.0,fbs,fcs,1414.0,,False,-49.0,Rutgers
401531881,2023,5,Marshall,Old Dominion,41.0,35.0,fbs,fbs,1578.0,1366.0,False,-6.0,Marshall
401532411,2023,5,Toledo,Northern Illinois,35.0,33.0,fbs,fbs,1512.0,1249.0,False,-2.0,Toledo
401520289,2023,5,Purdue,Illinois,44.0,19.0,fbs,fbs,1432.0,1601.0,False,-25.0,Purdue
401532409,2023,5,Western Michigan,Ball State,42.0,24.0,fbs,fbs,1211.0,1185.0,False,-18.0,Western Michigan
401520280,2023,5,Auburn,Georgia,20.0,27.0,fbs,fbs,1607.0,2055.0,False,7.0,Georgia
401540253,2023,5,Montana,Idaho State,28.0,20.0,fcs,fcs,,,False,-8.0,Montana
401539996,2023,5,North Carolina Central,Campbell,49.0,48.0,fcs,fcs,,,False,-1.0,North Carolina Central
401540215,2023,5,Southeastern Louisiana,Tarleton State,13.0,14.0,fcs,fcs,,,False,1.0,Tarleton State
401540238,2023,5,Eastern Washington,Idaho,36.0,44.0,fcs,fcs,,,False,8.0,Idaho
401540269,2023,5,Montana State,Portland State,38.0,22.0,fcs,fcs,,,False,-16.0,Montana State
401540611,2023,5,Mercer,VMI,38.0,3.0,fcs,fcs,,,False,-35.0,Mercer
401532586,2023,5,UNLV,Hawai'i,44.0,20.0,fbs,fbs,1372.0,1148.0,False,-24.0,UNLV
401532588,2023,5,Wyoming,New Mexico,35.0,26.0,fbs,fbs,1405.0,1109.0,False,-9.0,Wyoming
401520293,2023,5,Vanderbilt,Missouri,21.0,38.0,fbs,fbs,1310.0,1508.0,False,17.0,Missouri
401531429,2023,5,Memphis,Boise State,35.0,32.0,fbs,fbs,1558.0,1542.0,False,-3.0,Memphis
401568380,2023,5,Pacific (OR),Puget Sound,28.0,14.0,iii,iii,,,False,-14.0,Pacific (OR)
401544089,2023,5,Whitworth,Pacific Lutheran,42.0,13.0,iii,iii,,,False,-29.0,Whitworth
401541814,2023,5,Findlay,Kentucky Wesleyan,27.0,21.0,ii,ii,,,False,-6.0,Findlay
401544147,2023,5,La Verne,Redlands,7.0,24.0,iii,iii,,,False,17.0,Redlands
401541016,2023,5,Seton Hill College,Gannon,6.0,23.0,ii,ii,,,False,17.0,Gannon
401550343,2023,5,Claremont,Pomona-Pitzer,30.0,20.0,iii,iii,,,False,-10.0,Claremont
401550464,2023,5,Linfield,Willamette,70.0,14.0,iii,iii,,,False,-56.0,Linfield
401540653,2023,5,Livingstone,Bowie State,31.0,18.0,ii,ii,,,False,-13.0,Livingstone
401546949,2023,5,William Jewell College,Upper Iowa,30.0,13.0,ii,ii,,,True,-17.0,William Jewell College
401549762,2023,5,Birmingham-Southern,Millsaps,8.0,14.0,iii,iii,,,False,6.0,Millsaps
401550134,2023,5,Western Connecticut State,UMass Dartmouth,52.0,21.0,iii,iii,,,False,-31.0,Western Connecticut State
401550310,2023,5,Averett,Washington & Lee,20.0,25.0,iii,iii,,,False,5.0,Washington & Lee
401541849,2023,5,West Alabama,Delta State,17.0,47.0,ii,ii,,,False,30.0,Delta State
401541967,2023,5,Missouri Western,Emporia State,34.0,31.0,ii,ii,,,False,-3.0,Missouri Western
401553020,2023,5,Buffalo State,Rochester,22.0,29.0,iii,iii,,,False,7.0,Rochester
401540347,2023,5,Southern Illinois,Missouri State,33.0,20.0,fcs,fcs,,,False,-13.0,Southern Illinois
401540135,2023,5,Arkansas-Pine Bluff,Southern,0.0,27.0,fcs,fcs,,,False,27.0,Southern
401540068,2023,5,Holy Cross,Harvard,28.0,38.0,fcs,fcs,,,True,10.0,Harvard
401544893,2023,5,Slippery Rock,Indiana (PA),42.0,21.0,ii,ii,,,False,-21.0,Slippery Rock
401541835,2023,5,Lake Erie College,Walsh,16.0,30.0,ii,ii,,,False,14.0,Walsh
401550868,2023,5,Montclair State,College of New Jersey,42.0,7.0,iii,iii,,,False,-35.0,Montclair State
401541798,2023,5,Wayne State (MI),Concordia College (MI),23.0,24.0,ii,,,,False,1.0,Concordia College (MI)
401540118,2023,5,Alabama State,Alcorn State,20.0,23.0,fcs,fcs,,,False,3.0,Alcorn State
401540473,2023,5,Charleston Southern,Kennesaw State,13.0,10.0,fcs,fcs,,,False,-3.0,Charleston Southern
401541036,2023,5,Newberry,Carson-Newman,21.0,34.0,ii,ii,,,False,13.0,Carson-Newman
401550296,2023,5,Bates College,Colby,24.0,30.0,iii,iii,,,False,6.0,Colby
401540748,2023,5,Saginaw Valley,Grand Valley State,14.0,55.0,ii,ii,,,False,41.0,Grand Valley State
401540584,2023,5,Wofford,Chattanooga,13.0,23.0,fcs,fcs,,,False,10.0,Chattanooga
401547035,2023,5,Savannah State,Edward Waters,25.0,26.0,ii,ii,,,False,1.0,Edward Waters
401547047,2023,5,Benedict College,Morehouse,27.0,3.0,ii,ii,,,False,-24.0,Benedict College
401552461,2023,5,St. John Fisher,Brockport State (NY),18.0,35.0,iii,iii,,,False,17.0,Brockport State (NY)
401547009,2023,5,Catawba,Emory & Henry,30.0,13.0,ii,ii,,,False,-17.0,Catawba
401544921,2023,5,Wingate,Erskine,45.0,0.0,ii,ii,,,False,-45.0,Wingate
401520288,2023,5,Ole Miss,LSU,55.0,49.0,fbs,fbs,1667.0,1752.0,False,-6.0,Ole Miss
401524024,2023,5,Stanford,Oregon,6.0,42.0,fbs,fbs,1278.0,1782.0,False,36.0,Oregon
401525852,2023,5,Oklahoma,Iowa State,50.0,20.0,fbs,fbs,1901.0,1537.0,False,-30.0,Oklahoma
401531878,2023,5,Georgia Southern,Coastal Carolina,38.0,28.0,fbs,fbs,1513.0,1405.0,False,-10.0,Georgia Southern
401531879,2023,5,Georgia State,Troy,7.0,28.0,fbs,fbs,1546.0,1504.0,False,21.0,Troy
401540973,2023,5,Thomas More,Tiffin,9.0,47.0,,ii,,,True,38.0,Tiffin
401541754,2023,5,Harding,Southwestern Oklahoma,64.0,0.0,ii,ii,,,False,-64.0,Harding
401541879,2023,5,North Greenville,West Florida,24.0,48.0,ii,ii,,,False,24.0,West Florida
401531414,2023,5,Rice,East Carolina,24.0,17.0,fbs,fbs,1180.0,1422.0,False,-7.0,Rice
401531436,2023,5,North Texas,Abilene Christian,45.0,31.0,fbs,fcs,1332.0,,False,-14.0,North Texas
401544118,2023,5,Geneva College,St. Vincent,19.0,28.0,iii,iii,,,False,9.0,St. Vincent
401547063,2023,5,Allen,Fort Valley State,21.0,49.0,ii,ii,,,False,28.0,Fort Valley State
401547134,2023,5,East Texas Baptist,Austin College,35.0,7.0,iii,iii,,,False,-28.0,East Texas Baptist
401550028,2023,5,Allegheny,Carnegie Mellon,3.0,19.0,iii,iii,,,False,16.0,Carnegie Mellon
401550491,2023,5,George Fox University,Lewis & Clark,31.0,37.0,iii,iii,,,False,6.0,Lewis & Clark
401541893,2023,5,Eastern New Mexico,Angelo State,14.0,23.0,ii,ii,,,False,9.0,Angelo State
401541046,2023,5,Sul Ross State,Texas Lutheran,37.0,34.0,iii,iii,,,False,-3.0,Sul Ross State
401540194,2023,5,North Alabama,Eastern Kentucky,22.0,32.0,fcs,fcs,,,False,10.0,Eastern Kentucky
401532585,2023,5,Colorado State,Utah Tech,41.0,20.0,fbs,fcs,1299.0,,False,-21.0,Colorado State
401531883,2023,5,Southern Mississippi,Texas State,36.0,50.0,fbs,fbs,1235.0,1363.0,False,14.0,Texas State
401540701,2023,5,Missouri S&T,Indianapolis,13.0,26.0,ii,ii,,,False,13.0,Indianapolis
401540721,2023,5,Arkansas Tech,Northwestern Oklahoma State,44.0,21.0,ii,ii,,,False,-23.0,Arkansas Tech
401541900,2023,5,University of Texas of the Permian Basin,Texas A&M-Kingsville,29.0,17.0,ii,ii,,,False,-12.0,University of Texas of the Permian Basin
401540150,2023,5,Mississippi Valley State,Florida A&M,7.0,31.0,fcs,fcs,,,False,24.0,Florida A&M
401540158,2023,5,Prairie View,Grambling,20.0,35.0,fcs,fcs,,,True,15.0,Grambling
401540300,2023,5,Murray State,Indiana State,30.0,28.0,fcs,fcs,,,False,-2.0,Murray State
401540357,2023,5,Houston Christian,Lamar,19.0,21.0,fcs,fcs,,,False,2.0,Lamar
401540430,2023,5,Northwestern State,Eastern Illinois,10.0,19.0,fcs,fcs,,,False,9.0,Eastern Illinois
401540438,2023,5,Stephen F. Austin,Texas A&M-Commerce,56.0,27.0,fcs,fcs,,,False,-29.0,Stephen F. Austin
401540542,2023,5,UT Martin,Tennessee State,20.0,10.0,fcs,fcs,,,False,-10.0,UT Martin
401520281,2023,5,Iowa,Michigan State,26.0,16.0,fbs,fbs,1639.0,1468.0,False,-10.0,Iowa
401531404,2023,5,SMU,Charlotte,34.0,16.0,fbs,fbs,1498.0,1207.0,False,-18.0,SMU
401520291,2023,5,Tennessee,South Carolina,41.0,20.0,fbs,fbs,1883.0,1567.0,False,-21.0,Tennessee
401525438,2023,5,Duke,Notre Dame,14.0,21.0,fbs,fbs,1675.0,1857.0,False,7.0,Notre Dame
401541953,2023,5,Fort Hays State,Lincoln (MO),71.0,3.0,ii,ii,,,False,-68.0,Fort Hays State
401541762,2023,5,Oklahoma Baptist,Henderson State,14.0,27.0,ii,ii,,,False,13.0,Henderson State
401525853,2023,5,TCU,West Virginia,21.0,24.0,fbs,fbs,1692.0,1473.0,False,3.0,West Virginia
401525516,2023,5,Virginia Tech,Pittsburgh,38.0,21.0,fbs,fbs,1369.0,1543.0,False,-17.0,Virginia Tech
401532589,2023,5,Air Force,San Diego State,49.0,10.0,fbs,fbs,1722.0,1436.0,False,-39.0,Air Force
401540186,2023,5,Southern Utah,Central Arkansas,27.0,29.0,fcs,fcs,,,False,2.0,Central Arkansas
401540391,2023,5,McNeese,Nicholls,10.0,31.0,fcs,fcs,,,False,21.0,Nicholls
401540228,2023,5,Cal Poly,UC Davis,13.0,31.0,fcs,fcs,,,False,18.0,UC Davis
401541920,2023,5,Western New Mexico,Central Washington,17.0,55.0,ii,ii,,,False,38.0,Central Washington
401541914,2023,5,West Texas A&M,Western Oregon,36.0,37.0,ii,ii,,,False,1.0,Western Oregon
401531882,2023,5,Louisiana Monroe,Appalachian State,40.0,41.0,fbs,fbs,1173.0,1574.0,False,1.0,Appalachian State
401545976,2023,5,Black Hills State,South Dakota Mines,14.0,49.0,ii,ii,,,False,35.0,South Dakota Mines
401540273,2023,5,Sacramento State,Northern Arizona,31.0,30.0,fcs,fcs,,,False,-1.0,Sacramento State
401520285,2023,5,Mississippi State,Alabama,17.0,40.0,fbs,fbs,1551.0,1959.0,False,23.0,Alabama
401550330,2023,5,Cal Lutheran,Chapman,24.0,21.0,iii,iii,,,False,-3.0,Cal Lutheran
401524021,2023,5,Arizona,Washington,24.0,31.0,fbs,fbs,1446.0,1920.0,False,7.0,Washington
401532587,2023,5,Fresno State,Nevada,27.0,9.0,fbs,fbs,1787.0,1214.0,False,-18.0,Fresno State
401520294,2023,6,Middle Tennessee,Jacksonville State,30.0,45.0,fbs,fbs,1289.0,1510.0,False,15.0,Jacksonville State
401520297,2023,6,New Mexico State,Florida International,34.0,17.0,fbs,fbs,1261.0,1084.0,False,-17.0,New Mexico State
401520296,2023,6,Liberty,Sam Houston State,21.0,16.0,fbs,fbs,1574.0,1391.0,False,-5.0,Liberty
401545731,2023,6,Fairmont State,Concord,42.0,9.0,ii,ii,,,False,-33.0,Fairmont State
401520295,2023,6,Louisiana Tech,Western Kentucky,28.0,35.0,fbs,fbs,1243.0,1537.0,False,7.0,Western Kentucky
401552470,2023,6,Worcester State College,Bridgewater State,7.0,35.0,iii,iii,,,False,28.0,Bridgewater State
401547189,2023,6,Johns Hopkins,Gettysburg,49.0,28.0,iii,iii,,,False,-21.0,Johns Hopkins
401540309,2023,6,Harvard,Cornell,41.0,23.0,fcs,fcs,,,False,-18.0,Harvard
401525857,2023,6,Oklahoma State,Kansas State,29.0,21.0,fbs,fbs,1462.0,1804.0,False,-8.0,Oklahoma State
401520301,2023,6,Illinois,Nebraska,7.0,20.0,fbs,fbs,1517.0,1432.0,False,13.0,Nebraska
401544064,2023,6,King's College (PA),FDU-Florham,17.0,14.0,iii,iii,,,False,-3.0,King's College (PA)
401541017,2023,6,Gannon,Edinboro,23.0,12.0,ii,ii,,,False,-11.0,Gannon
401550350,2023,6,Trinity (TX),Centre,31.0,3.0,iii,iii,,,False,-28.0,Trinity (TX)
401541106,2023,6,MIT,Springfield,10.0,38.0,iii,iii,,,False,28.0,Springfield
401544138,2023,6,Southwestern University,Berry College,10.0,52.0,iii,iii,,,False,42.0,Berry College
401545761,2023,6,Notre Dame College,West Virginia State,31.0,24.0,ii,ii,,,False,-7.0,Notre Dame College
401545785,2023,6,Assumption,American International,38.0,14.0,ii,ii,,,False,-24.0,Assumption
401553001,2023,6,Lycoming,Wilkes,35.0,48.0,iii,iii,,,False,13.0,Wilkes
401553011,2023,6,Albright,Stevenson,0.0,38.0,iii,iii,,,False,38.0,Stevenson
401554819,2023,6,Misericordia,Eastern University,25.0,8.0,iii,iii,,,False,-17.0,Misericordia
401558740,2023,6,Pace,Post University,38.0,7.0,ii,ii,,,False,-31.0,Pace
401520311,2023,6,Wisconsin,Rutgers,24.0,13.0,fbs,fbs,1706.0,1435.0,False,-11.0,Wisconsin
401520304,2023,6,Mississippi State,Western Michigan,41.0,28.0,fbs,fbs,1535.0,1249.0,False,-13.0,Mississippi State
401550081,2023,6,Curry,Dean College,47.0,14.0,iii,iii,,,False,-33.0,Curry
401550103,2023,6,Catholic University,Moravian,28.0,36.0,iii,iii,,,False,8.0,Moravian
401520307,2023,6,Ohio State,Maryland,37.0,17.0,fbs,fbs,2022.0,1724.0,False,-20.0,Ohio State
401520305,2023,6,Missouri,LSU,39.0,49.0,fbs,fbs,1529.0,1740.0,False,10.0,LSU
401520298,2023,6,Army,Boston College,24.0,27.0,fbs,fbs,1495.0,1298.0,False,3.0,Boston College
401540974,2023,6,Tiffin,Hillsdale,35.0,21.0,ii,ii,,,False,-14.0,Tiffin
401547022,2023,6,Limestone,Lenoir-Rhyne,28.0,31.0,ii,ii,,,False,3.0,Lenoir-Rhyne
401549590,2023,6,Rensselaer,Ithaca,17.0,20.0,iii,iii,,,False,3.0,Ithaca
401549725,2023,6,Salve Regina,Coast Guard,38.0,7.0,iii,iii,,,False,-31.0,Salve Regina
401551920,2023,6,Alfred State College,Lyon College,41.0,15.0,iii,,,,False,-26.0,Alfred State College
401552463,2023,6,Gallaudet,Hilbert College,34.0,20.0,iii,iii,,,False,-14.0,Gallaudet
401552475,2023,6,Fitchburg State,Framingham State,7.0,40.0,iii,iii,,,False,33.0,Framingham State
401540292,2023,6,Brown,Rhode Island,30.0,34.0,fcs,fcs,,,False,4.0,Rhode Island
401541067,2023,6,Bluffton,Hanover,0.0,21.0,iii,iii,,,False,21.0,Hanover
401540021,2023,6,Long Island University,Sacred Heart,23.0,13.0,fcs,fcs,,,False,-10.0,Long Island University
401525522,2023,6,Virginia,William & Mary,27.0,13.0,fbs,fcs,1311.0,,False,-14.0,Virginia
401549798,2023,6,Belhaven College,Huntingdon,29.0,3.0,iii,iii,,,False,-26.0,Belhaven College
401526837,2023,6,UMass,Toledo,24.0,41.0,fbs,fbs,984.0,1509.0,False,17.0,Toledo
401525861,2023,6,Texas,Oklahoma,30.0,34.0,fbs,fbs,1910.0,1939.0,True,4.0,Oklahoma
401540523,2023,6,Columbia,Marist,16.0,0.0,fcs,fcs,,,False,-16.0,Columbia
401550400,2023,6,Westminster PA,Bethany (WV),42.0,7.0,iii,iii,,,False,-35.0,Westminster PA
401550884,2023,6,LaGrange College,NC Wesleyan,14.0,35.0,iii,iii,,,False,21.0,NC Wesleyan
401552544,2023,6,Franklin Pierce,Southern Connecticut State,17.0,14.0,ii,ii,,,True,-3.0,Franklin Pierce
401552462,2023,6,Brockport State (NY),Hartwick,63.0,0.0,iii,iii,,,False,-63.0,Brockport State (NY)
401552449,2023,6,Franklin & Marshall,Ursinus,20.0,16.0,iii,iii,,,False,-4.0,Franklin & Marshall
401545965,2023,6,Shippensburg,West Chester,28.0,38.0,ii,ii,,,False,10.0,West Chester
401549789,2023,6,Maryville TN,Greensboro,35.0,7.0,iii,iii,,,False,-28.0,Maryville TN
401549814,2023,6,Brevard College,Southern Virginia,49.0,28.0,iii,iii,,,False,-21.0,Brevard College
401549822,2023,6,Keystone,Susquehanna,0.0,69.0,iii,iii,,,False,69.0,Susquehanna
401550112,2023,6,Widener,Lebanon Valley,24.0,27.0,iii,iii,,,False,3.0,Lebanon Valley
401550142,2023,6,Hope,Albion,14.0,6.0,iii,iii,,,False,-8.0,Hope
401550227,2023,6,Salisbury,William Paterson,36.0,19.0,iii,iii,,,False,-17.0,Salisbury
401550267,2023,6,Wittenberg,Hiram,21.0,7.0,iii,iii,,,False,-14.0,Wittenberg
401550297,2023,6,Bates College,Amherst College,7.0,17.0,iii,iii,,,False,10.0,Amherst College
401549771,2023,6,Westminster,Martin Luther College,28.0,14.0,iii,iii,,,False,-14.0,Westminster
401550304,2023,6,Hamilton,Trinity (CT),21.0,34.0,iii,iii,,,False,13.0,Trinity (CT)
401550326,2023,6,Hampden-Sydney,Ferrum,48.0,10.0,iii,iii,,,False,-38.0,Hampden-Sydney
401551517,2023,6,Western New England,Anna Maria College,33.0,17.0,iii,iii,,,False,-16.0,Western New England
401545781,2023,6,Alderson-Broaddus,Charleston (WV),0.0,0.0,ii,ii,,,False,-0.0,Charleston (WV)
401540556,2023,6,Presbyterian College,Stetson,24.0,28.0,fcs,fcs,,,False,4.0,Stetson
401540563,2023,6,St. Thomas (MN),Butler,17.0,10.0,fcs,fcs,,,False,-7.0,St. Thomas (MN)
401558980,2023,6,Kean,Montclair State,14.0,27.0,iii,iii,,,False,13.0,Montclair State
401541087,2023,6,DePauw,Denison,17.0,6.0,iii,iii,,,False,-11.0,DePauw
401555475,2023,6,Alvernia University,Delaware Valley,12.0,28.0,iii,iii,,,False,16.0,Delaware Valley
401549746,2023,6,Dickinson,Christopher Newport,27.0,24.0,iii,iii,,,False,-3.0,Dickinson
401547048,2023,6,Miles,Benedict College,24.0,27.0,ii,ii,,,False,3.0,Benedict College
401552019,2023,6,Colby,Wesleyan,20.0,13.0,iii,iii,,,False,-7.0,Colby
401545756,2023,6,West Liberty,Glenville State,48.0,40.0,ii,ii,,,False,-8.0,West Liberty
401545778,2023,6,Wheeling Jesuit,WV Wesleyan,58.0,3.0,ii,ii,,,False,-55.0,Wheeling Jesuit
401545795,2023,6,St. Anselm,Bentley,24.0,17.0,ii,ii,,,False,-7.0,St. Anselm
401549575,2023,6,Rochester,Union,17.0,21.0,iii,iii,,,False,4.0,Union
401549583,2023,6,Hobart,Buffalo State,45.0,21.0,iii,iii,,,False,-24.0,Hobart
401549734,2023,6,Norwich,Merchant Marine,21.0,28.0,iii,iii,,,False,7.0,Merchant Marine
401544119,2023,6,St. Vincent,Case Western Reserve,0.0,19.0,iii,iii,,,False,19.0,Case Western Reserve
401544885,2023,6,Concordia-St. Paul,Sioux Falls,28.0,35.0,ii,ii,,,False,7.0,Sioux Falls
401550463,2023,6,New Haven,Lincoln University (CA),38.0,0.0,ii,,,,False,-38.0,New Haven
401540074,2023,6,Princeton,Lafayette,9.0,12.0,fcs,fcs,,,False,3.0,Lafayette
401540060,2023,6,Pennsylvania,Georgetown,42.0,39.0,fcs,fcs,,,False,-3.0,Pennsylvania
401541842,2023,6,Chowan,North Greenville,16.0,31.0,ii,ii,,,False,15.0,North Greenville
401540050,2023,6,Bucknell,Holy Cross,27.0,55.0,fcs,fcs,,,False,28.0,Holy Cross
401540789,2023,6,Wayne State (MI),Michigan Tech,23.0,21.0,ii,ii,,,False,-2.0,Wayne State (MI)
401541815,2023,6,Northwood (MI),Findlay,33.0,30.0,ii,ii,,,False,-3.0,Northwood (MI)
401540672,2023,6,Elizabeth City State,Virginia Union,20.0,42.0,ii,ii,,,False,22.0,Virginia Union
401541114,2023,6,Randolph-Macon,Averett,59.0,7.0,iii,iii,,,False,-52.0,Randolph-Macon
401541037,2023,6,Carson-Newman,Tusculum,21.0,27.0,ii,ii,,,False,6.0,Tusculum
401540995,2023,6,Frostburg State,UNC Pembroke,31.0,21.0,ii,ii,,,False,-10.0,Frostburg State
401541028,2023,6,Lock Haven,Shepherd,10.0,27.0,ii,ii,,,False,17.0,Shepherd
401540041,2023,6,Merrimack,Stonehill,45.0,34.0,fcs,fcs,,,False,-11.0,Merrimack
401540804,2023,6,Ferris State,Saginaw Valley,38.0,17.0,ii,ii,,,False,-21.0,Ferris State
401544056,2023,6,SUNY Cortland,Utica,56.0,3.0,iii,iii,,,False,-53.0,SUNY Cortland
401539982,2023,6,Morgan State,Stony Brook,,,fcs,fcs,,,False,,Stony Brook
401540679,2023,6,St. Augustine's,Fayetteville State,0.0,7.0,ii,ii,,,False,7.0,Fayetteville State
401540689,2023,6,Shaw,Johnson C Smith,21.0,10.0,ii,ii,,,False,-11.0,Shaw
401544072,2023,6,Trine,Adrian,34.0,14.0,iii,iii,,,False,-20.0,Trine
401539973,2023,6,Central Connecticut,Delaware State,51.0,44.0,fcs,fcs,,,False,-7.0,Central Connecticut
401540469,2023,6,Morehead State,Dayton,31.0,7.0,fcs,fcs,,,False,-24.0,Morehead State
401540083,2023,6,Fordham,Lehigh,38.0,35.0,fcs,fcs,,,False,-3.0,Fordham
401546945,2023,6,Winston-Salem,Livingstone,21.0,23.0,ii,ii,,,False,2.0,Livingstone
401546997,2023,6,Ohio Dominican,Lake Erie College,41.0,17.0,ii,ii,,,False,-24.0,Ohio Dominican
401550088,2023,6,Anderson (IN),Franklin,28.0,36.0,iii,iii,,,False,8.0,Franklin
401544100,2023,6,Marietta,John Carroll,28.0,31.0,iii,iii,,,False,3.0,John Carroll
401544109,2023,6,Heidelberg,Mount Union,3.0,41.0,iii,iii,,,False,38.0,Mount Union
401540336,2023,6,Dartmouth,Yale,24.0,31.0,fcs,fcs,,,False,7.0,Yale
401540627,2023,6,Wofford,Samford,10.0,31.0,fcs,fcs,,,False,21.0,Samford
401550075,2023,6,Manchester,Rose-Hulman,7.0,44.0,iii,iii,,,False,37.0,Rose-Hulman
401544958,2023,6,Defiance,Mount St. Joseph,21.0,62.0,iii,iii,,,False,41.0,Mount St. Joseph
401545803,2023,6,Augustana (SD),Southwest Minnesota State,38.0,6.0,ii,ii,,,False,-32.0,Augustana (SD)
401545870,2023,6,Clarion,Seton Hill College,17.0,24.0,ii,ii,,,False,7.0,Seton Hill College
401550422,2023,6,Wisconsin-Platteville,Wisconsin-Stevens Point,51.0,10.0,iii,iii,,,False,-41.0,Wisconsin-Platteville
401552014,2023,6,Williams,Middlebury,10.0,12.0,iii,iii,,,False,2.0,Middlebury
401544930,2023,6,Edward Waters,Lane,37.0,30.0,ii,ii,,,False,-7.0,Edward Waters
401550273,2023,6,Ohio Wesleyan,Kenyon,48.0,7.0,iii,iii,,,False,-41.0,Ohio Wesleyan
401549633,2023,6,Muhlenberg,McDaniel College,50.0,6.0,iii,iii,,,False,-44.0,Muhlenberg
401545984,2023,6,Chadron State,Fort Lewis,57.0,20.0,ii,ii,,,False,-37.0,Chadron State
401545977,2023,6,Black Hills State,New Mexico Highlands,34.0,24.0,ii,ii,,,False,-10.0,Black Hills State
401541933,2023,6,Central Missouri State,Nebraska-Kearney,38.0,14.0,ii,ii,,,False,-24.0,Central Missouri State
401541850,2023,6,Valdosta State,Delta State,25.0,49.0,ii,ii,,,False,24.0,Delta State
401541096,2023,6,Wabash College,Wooster,45.0,35.0,iii,iii,,,False,-10.0,Wabash College
401541077,2023,6,Carleton,St. Olaf College,33.0,31.0,iii,iii,,,False,-2.0,Carleton
401540741,2023,6,Truman State,Quincy,33.0,27.0,ii,ii,,,False,-6.0,Truman State
401532415,2023,6,Buffalo,Central Michigan,37.0,13.0,fbs,fbs,1329.0,1344.0,False,-24.0,Buffalo
401540001,2023,6,South Carolina State,Virginia Lynchburg,56.0,6.0,fcs,,,,False,-50.0,South Carolina State
401550417,2023,6,UW-Whitewater,Wisconsin-La Crosse,34.0,37.0,iii,iii,,,False,3.0,Wisconsin-La Crosse
401550242,2023,6,Wisconsin Lutheran,Lakeland University,34.0,14.0,iii,iii,,,False,-20.0,Wisconsin Lutheran
401550233,2023,6,Concordia (WI),Benedictine (IL),28.0,0.0,iii,iii,,,False,-28.0,Concordia (WI)
401550209,2023,6,Knox College,Ripon,3.0,10.0,iii,iii,,,False,7.0,Ripon
401550174,2023,6,St. Scholastica,Gustavus Adolphus,12.0,63.0,iii,iii,,,False,51.0,Gustavus Adolphus
401550170,2023,6,St. Johns (MN),Concordia (MN),42.0,23.0,iii,iii,,,False,-19.0,St. Johns (MN)
401550156,2023,6,Hamline,Augsburg,7.0,41.0,iii,iii,,,False,34.0,Augsburg
401550029,2023,6,Washington & Jefferson,Allegheny,35.0,28.0,iii,iii,,,False,-7.0,Washington & Jefferson
401549779,2023,6,Wisconsin-Eau Claire,UW-River Falls,7.0,49.0,iii,iii,,,False,42.0,UW-River Falls
401549708,2023,6,UVA-Wise,Emory & Henry,24.0,41.0,ii,ii,,,False,17.0,Emory & Henry
401549686,2023,6,St. Norbert,Rockford,58.0,6.0,iii,iii,,,False,-52.0,St. Norbert
401549676,2023,6,Concordia (IL),Aurora,0.0,91.0,iii,iii,,,False,91.0,Aurora
401549662,2023,6,Chicago,Illinois College,20.0,41.0,iii,iii,,,False,21.0,Illinois College
401546012,2023,6,South Dakota Mines,Western State,20.0,43.0,ii,ii,,,False,23.0,Western State
401545969,2023,6,Mercyhurst,Slippery Rock,31.0,75.0,ii,ii,,,False,44.0,Slippery Rock
401544894,2023,6,Indiana (PA),California (PA),20.0,30.0,ii,ii,,,False,10.0,California (PA)
401549642,2023,6,Carthage,North Park,20.0,35.0,iii,iii,,,False,15.0,North Park
401548495,2023,6,Illinois Wesleyan,Washington (MO),10.0,38.0,iii,iii,,,False,28.0,Washington (MO)
401547144,2023,6,Howard Payne,East Texas Baptist,28.0,14.0,iii,iii,,,False,-14.0,Howard Payne
401547135,2023,6,Austin College,Sul Ross State,7.0,49.0,iii,iii,,,False,42.0,Sul Ross State
401547122,2023,6,Luther,Wartburg,0.0,54.0,iii,iii,,,False,54.0,Wartburg
401547110,2023,6,Dubuque,Nebraska Wesleyan University,56.0,28.0,iii,iii,,,False,-28.0,Dubuque
401547095,2023,6,Loras College,Central,14.0,38.0,iii,iii,,,False,24.0,Central
401547084,2023,6,Coe,Buena Vista,52.0,7.0,iii,iii,,,False,-45.0,Coe
401544939,2023,6,Augustana (IL),Millikin,42.0,3.0,iii,iii,,,False,-39.0,Augustana (IL)
401544965,2023,6,Kalamazoo,Olivet College,14.0,42.0,iii,iii,,,False,28.0,Olivet College
401545831,2023,6,Wayne State (NE),Minnesota-Duluth,28.0,18.0,ii,ii,,,False,-10.0,Wayne State (NE)
401540371,2023,6,North Dakota,Western Illinois,49.0,10.0,fcs,fcs,,,False,-39.0,North Dakota
401525521,2023,6,NC State,Marshall,48.0,41.0,fbs,fbs,1525.0,1575.0,False,-7.0,NC State
401540457,2023,6,Drake,Valparaiso,20.0,14.0,fcs,fcs,,,False,-6.0,Drake
401540600,2023,6,Furman,The Citadel,28.0,14.0,fcs,fcs,,,False,-14.0,Furman
401541006,2023,6,Bloomsburg,Kutztown,3.0,24.0,ii,ii,,,False,21.0,Kutztown
401540798,2023,6,Davenport,Northern Michigan,28.0,12.0,ii,ii,,,False,-16.0,Davenport
401540495,2023,6,Lindenwood,Tennessee Tech,23.0,0.0,fcs,fcs,,,False,-23.0,Lindenwood
401541058,2023,6,Alfred,Morrisville State,14.0,10.0,iii,iii,,,False,-4.0,Alfred
401540712,2023,6,Southwest Baptist,McKendree,24.0,17.0,ii,ii,,,False,-7.0,Southwest Baptist
401540654,2023,6,Bowie State,Virginia State,16.0,44.0,ii,ii,,,False,28.0,Virginia State
401541047,2023,6,Texas Lutheran,Mary Hardin-Baylor,21.0,55.0,iii,iii,,,False,34.0,Mary Hardin-Baylor
401531389,2023,6,Temple,UT San Antonio,34.0,49.0,fbs,fbs,1102.0,1522.0,False,15.0,UT San Antonio
401539997,2023,6,Elon,North Carolina Central,23.0,34.0,fcs,fcs,,,False,11.0,North Carolina Central
401540315,2023,6,Hampton,Campbell,27.0,30.0,fcs,fcs,,,False,3.0,Campbell
401547016,2023,6,Mars Hill,Erskine,38.0,3.0,ii,ii,,,False,-35.0,Mars Hill
401541943,2023,6,Northwest Missouri State,Central Oklahoma,34.0,21.0,ii,ii,,,False,-13.0,Northwest Missouri State
401553865,2023,6,Worcester Polytechnic,SUNY Maritime,21.0,28.0,iii,iii,,,False,7.0,SUNY Maritime
401541763,2023,6,Henderson State,Southern Nazarene,42.0,28.0,ii,ii,,,False,-14.0,Henderson State
401549653,2023,6,Cornell College (IA),Beloit College,36.0,24.0,iii,iii,,,False,-12.0,Cornell College (IA)
401541785,2023,6,East Central,Ouachita Baptist,14.0,31.0,ii,ii,,,False,17.0,Ouachita Baptist
401541888,2023,6,Bluefield,Lincoln (PA),44.0,52.0,ii,ii,,,False,8.0,Lincoln (PA)
401541954,2023,6,Missouri Southern State,Fort Hays State,22.0,35.0,ii,ii,,,False,13.0,Fort Hays State
401541981,2023,6,Lincoln (MO),Northeastern State,13.0,28.0,ii,ii,,,False,15.0,Northeastern State
401544081,2023,6,Monmouth (IL),Grinnell,69.0,6.0,iii,iii,,,False,-63.0,Monmouth (IL)
401544877,2023,6,Pittsburg State,Emporia State,33.0,25.0,ii,ii,,,False,-8.0,Pittsburg State
401545838,2023,6,Minnesota State,Minnesota St-Moorhead,24.0,21.0,ii,ii,,,False,-3.0,Minnesota State
401545858,2023,6,University of Mary,Winona State,7.0,17.0,ii,ii,,,False,10.0,Winona State
401540780,2023,6,Southeastern Oklahoma,Arkansas-Monticello,22.0,21.0,ii,ii,,,False,-1.0,Southeastern Oklahoma
401541133,2023,6,UW-Stout,UW-Oshkosh,46.0,48.0,iii,iii,,,False,2.0,UW-Oshkosh
401545991,2023,6,Colorado Mesa,Colorado Mines,0.0,52.0,ii,ii,,,False,52.0,Colorado Mines
401549669,2023,6,Lake Forest,Lawrence,76.0,0.0,iii,iii,,,False,-76.0,Lake Forest
401549763,2023,6,Sewanee Univ. of the South,Birmingham-Southern,32.0,38.0,iii,iii,,,False,6.0,Birmingham-Southern
401550196,2023,6,College of New Jersey,Rowan,7.0,9.0,iii,iii,,,False,2.0,Rowan
401550386,2023,6,Geneva College,Grove City College,21.0,48.0,iii,iii,,,False,27.0,Grove City College
401550461,2023,6,Northwestern (MN),Crown College,47.0,23.0,iii,iii,,,False,-24.0,Northwestern (MN)
401540348,2023,6,Missouri State,North Dakota State,10.0,38.0,fcs,fcs,,,False,28.0,North Dakota State
401524028,2023,6,UCLA,Washington State,25.0,17.0,fbs,fbs,1678.0,1624.0,False,-8.0,UCLA
401540479,2023,6,Eastern Illinois,UT Martin,27.0,28.0,fcs,fcs,,,False,1.0,UT Martin
401540364,2023,6,South Dakota,Murray State,38.0,7.0,fcs,fcs,,,False,-31.0,South Dakota
401520306,2023,6,Northwestern,Howard,23.0,20.0,fbs,fcs,1311.0,,False,-3.0,Northwestern
401540014,2023,6,Delaware,Duquesne,43.0,17.0,fcs,fcs,,,False,-26.0,Delaware
401540608,2023,6,Kennesaw State,Tennessee State,20.0,27.0,fcs,fcs,,,False,7.0,Tennessee State
401540119,2023,6,Alabama State,Bethune-Cookman,19.0,14.0,fcs,fcs,,,False,-5.0,Alabama State
401525520,2023,6,North Carolina,Syracuse,40.0,7.0,fbs,fbs,1671.0,1593.0,False,-33.0,North Carolina
401531884,2023,6,Louisiana,Texas State,34.0,30.0,fbs,fbs,1544.0,1383.0,False,-4.0,Louisiana
401520310,2023,6,Texas A&M,Alabama,20.0,26.0,fbs,fbs,1733.0,1975.0,False,6.0,Alabama
401525517,2023,6,Clemson,Wake Forest,17.0,12.0,fbs,fbs,1748.0,1545.0,False,-5.0,Clemson
401540127,2023,6,Alcorn State,Grambling,25.0,24.0,fcs,fcs,,,False,-1.0,Alcorn State
401540491,2023,6,Richmond,Maine,42.0,31.0,fcs,fcs,,,False,-11.0,Richmond
401540592,2023,6,East Tennessee State,Mercer,6.0,24.0,fcs,fcs,,,False,18.0,Mercer
401520302,2023,6,Iowa,Purdue,20.0,14.0,fbs,fbs,1644.0,1516.0,False,-6.0,Iowa
401531433,2023,6,Navy,North Texas,27.0,24.0,fbs,fbs,1347.0,1328.0,False,-3.0,Navy
401532418,2023,6,Akron,Northern Illinois,14.0,55.0,fbs,fbs,1228.0,1252.0,False,41.0,Northern Illinois
401525518,2023,6,Florida State,Virginia Tech,39.0,17.0,fbs,fbs,1871.0,1424.0,False,-22.0,Florida State
401532414,2023,6,Eastern Michigan,Ball State,24.0,10.0,fbs,fbs,1363.0,1147.0,False,-14.0,Eastern Michigan
401532416,2023,6,Miami (OH),Bowling Green,27.0,0.0,fbs,fbs,1392.0,1237.0,False,-27.0,Miami (OH)
401532417,2023,6,Ohio,Kent State,42.0,17.0,fbs,fbs,1542.0,1150.0,False,-25.0,Ohio
401545849,2023,6,Northern State,Minot State,46.0,9.0,ii,ii,,,False,-37.0,Northern State
401541778,2023,6,Southern Arkansas,Oklahoma Baptist,63.0,24.0,ii,ii,,,False,-39.0,Southern Arkansas
401544902,2023,6,Colorado State-Pueblo,Adams State,43.0,10.0,ii,ii,,,False,-33.0,Colorado State-Pueblo
401544090,2023,6,Willamette,Whitworth,7.0,59.0,iii,iii,,,False,52.0,Whitworth
401541858,2023,6,West Florida,Shorter,42.0,3.0,ii,ii,,,True,-39.0,West Florida
401541968,2023,6,Washburn,Missouri Western,21.0,61.0,ii,ii,,,False,40.0,Missouri Western
401550432,2023,6,Millsaps,Rhodes,7.0,37.0,iii,iii,,,False,30.0,Rhodes
401531887,2023,6,Troy,Arkansas State,37.0,3.0,fbs,fbs,1563.0,1118.0,False,-34.0,Troy
401544911,2023,6,Barton College,Newberry,34.0,17.0,ii,ii,,,False,-17.0,Barton College
401547043,2023,6,Albany State (GA),Central State,48.0,0.0,ii,ii,,,False,-48.0,Albany State (GA)
401540578,2023,6,Towson,Albany,17.0,24.0,fcs,fcs,,,False,7.0,Albany
401540585,2023,6,Chattanooga,Western Carolina,50.0,52.0,fcs,fcs,,,False,2.0,Western Carolina
401540485,2023,6,Gardner-Webb,Robert Morris,31.0,16.0,fcs,fcs,,,False,-15.0,Gardner-Webb
401525860,2023,6,Kansas,UCF,51.0,22.0,fbs,fbs,1458.0,1641.0,False,-29.0,Kansas
401540089,2023,6,Alabama A&M,Jackson State,30.0,45.0,fcs,fcs,,,True,15.0,Jackson State
401540358,2023,6,Nicholls,Houston Christian,38.0,7.0,fcs,fcs,,,False,-31.0,Nicholls
401540377,2023,6,Lamar,Northwestern State,27.0,13.0,fcs,fcs,,,False,-14.0,Lamar
401540544,2023,6,North Carolina A&T,Villanova,14.0,37.0,fcs,fcs,,,False,23.0,Villanova
401550124,2023,6,UMass Dartmouth,Mass Maritime,26.0,0.0,iii,iii,,,False,-26.0,UMass Dartmouth
401550336,2023,6,Washington & Lee,Guilford,48.0,25.0,iii,iii,,,False,-23.0,Washington & Lee
401550465,2023,6,Lewis & Clark,Linfield,15.0,57.0,iii,iii,,,False,42.0,Linfield
401550492,2023,6,Puget Sound,George Fox University,29.0,27.0,iii,iii,,,False,-2.0,Puget Sound
401551729,2023,6,Pacific Lutheran,Pacific (OR),17.0,10.0,iii,iii,,,False,-7.0,Pacific Lutheran
401552480,2023,6,Western Connecticut State,Plymouth State,55.0,20.0,iii,iii,,,False,-35.0,Western Connecticut State
401520299,2023,6,Florida,Vanderbilt,38.0,14.0,fbs,fbs,1565.0,1289.0,False,-24.0,Florida
401531380,2023,6,UAB,South Florida,56.0,35.0,fbs,fbs,1414.0,1339.0,False,-21.0,UAB
401541921,2023,6,Western Oregon,Western New Mexico,31.0,10.0,ii,ii,,,False,-21.0,Western Oregon
401520309,2023,6,Rice,Connecticut,31.0,38.0,fbs,fbs,1204.0,1177.0,False,7.0,Connecticut
401541755,2023,6,Northwestern Oklahoma State,Harding,0.0,62.0,ii,ii,,,False,62.0,Harding
401540435,2023,6,Incarnate Word,Southeastern Louisiana,33.0,26.0,fcs,fcs,,,False,-7.0,Incarnate Word
401540187,2023,6,Central Arkansas,Southeast Missouri State,38.0,33.0,fcs,fcs,,,False,-5.0,Central Arkansas
401540702,2023,6,Indianapolis,William Jewell College,59.0,17.0,ii,ii,,,False,-42.0,Indianapolis
401547057,2023,6,Allen,Clark Atlanta,35.0,27.0,ii,ii,,,False,-8.0,Allen
401547064,2023,6,Fort Valley State,Savannah State,38.0,24.0,ii,ii,,,False,-14.0,Fort Valley State
401531340,2023,6,Florida Atlantic,Tulsa,20.0,17.0,fbs,fbs,1356.0,1331.0,False,-3.0,Florida Atlantic
401541876,2023,6,West Georgia,West Alabama,24.0,6.0,ii,ii,,,False,-18.0,West Georgia
401540447,2023,6,Youngstown State,Southern Illinois,31.0,3.0,fcs,fcs,,,False,-28.0,Youngstown State
401544922,2023,6,Catawba,Wingate,13.0,31.0,ii,ii,,,False,18.0,Wingate
401545887,2023,6,East Stroudsburg,Millersville,38.0,17.0,ii,ii,,,False,-21.0,East Stroudsburg
401549716,2023,6,Bowdoin,Tufts,10.0,24.0,iii,iii,,,False,14.0,Tufts
401540722,2023,6,Southwestern Oklahoma,Arkansas Tech,7.0,9.0,ii,ii,,,False,2.0,Arkansas Tech
401524026,2023,6,Arizona State,Colorado,24.0,27.0,fbs,fbs,1405.0,1281.0,False,3.0,Colorado
401540151,2023,6,Southern,Florida A&M,19.0,26.0,fcs,fcs,,,False,7.0,Florida A&M
401540103,2023,6,Illinois State,South Dakota State,21.0,40.0,fcs,fcs,,,False,19.0,South Dakota State
401540165,2023,6,Prairie View,Mississippi Valley State,31.0,12.0,fcs,fcs,,,False,-19.0,Prairie View
401540208,2023,6,Tarleton State,Southern Utah,26.0,27.0,fcs,fcs,,,False,1.0,Southern Utah
401540261,2023,6,UC Davis,Montana,23.0,31.0,fcs,fcs,,,False,8.0,Montana
401540301,2023,6,Indiana State,Northern Iowa,20.0,27.0,fcs,fcs,,,False,7.0,Northern Iowa
401520300,2023,6,Georgia,Kentucky,51.0,13.0,fbs,fbs,2037.0,1711.0,False,-38.0,Georgia
401550319,2023,6,Shenandoah,Bridgewater (VA),10.0,24.0,iii,iii,,,False,14.0,Bridgewater (VA)
401550049,2023,6,Elmhurst,Wheaton College (Ill),6.0,61.0,iii,iii,,,False,55.0,Wheaton College (Ill)
401547178,2023,6,McMurry,Hardin-Simmons,16.0,19.0,iii,iii,,,False,3.0,Hardin-Simmons
401544130,2023,6,Carnegie Mellon,Thiel College,80.0,22.0,iii,iii,,,False,-58.0,Carnegie Mellon
401541830,2023,6,Kentucky Wesleyan,Thomas More,28.0,36.0,ii,,,,False,8.0,Thomas More
401541805,2023,6,Ashland,Walsh,21.0,7.0,ii,ii,,,False,-14.0,Ashland
401540749,2023,6,Grand Valley State,Kentucky State,65.0,7.0,ii,ii,,,False,-58.0,Grand Valley State
401540732,2023,6,Missouri S&T,Upper Iowa,31.0,6.0,ii,ii,,,False,-25.0,Missouri S&T
401531885,2023,6,Louisiana Monroe,South Alabama,7.0,55.0,fbs,fbs,1189.0,1511.0,False,48.0,South Alabama
401547216,2023,6,North Central,Carroll (WI),69.0,24.0,iii,iii,,,False,-45.0,North Central
401531886,2023,6,Southern Mississippi,Old Dominion,13.0,17.0,fbs,fbs,1215.0,1369.0,False,4.0,Old Dominion
401520308,2023,6,Ole Miss,Arkansas,27.0,20.0,fbs,fbs,1679.0,1610.0,False,-7.0,Ole Miss
401520303,2023,6,Minnesota,Michigan,10.0,52.0,fbs,fbs,1649.0,2004.0,False,42.0,Michigan
401525439,2023,6,Louisville,Notre Dame,33.0,20.0,fbs,fbs,1677.0,1856.0,False,-13.0,Louisville
401525519,2023,6,Miami,Georgia Tech,20.0,23.0,fbs,fbs,1584.0,1349.0,False,3.0,Georgia Tech
401525858,2023,6,Baylor,Texas Tech,14.0,39.0,fbs,fbs,1514.0,1613.0,False,25.0,Texas Tech
401540229,2023,6,Cal Poly,Idaho,14.0,42.0,fcs,fcs,,,False,28.0,Idaho
401540392,2023,6,Texas A&M-Commerce,McNeese,41.0,10.0,fcs,fcs,,,False,-31.0,Texas A&M-Commerce
401540274,2023,6,Weber State,Northern Arizona,10.0,27.0,fcs,fcs,,,False,17.0,Northern Arizona
401550164,2023,6,Macalester,Bethel (MN),14.0,49.0,iii,iii,,,False,35.0,Bethel (MN)
401547068,2023,6,Tuskegee,Morehouse,40.0,28.0,ii,ii,,,True,-12.0,Tuskegee
401541901,2023,6,Texas A&M-Kingsville,West Texas A&M,28.0,21.0,ii,ii,,,False,-7.0,Texas A&M-Kingsville
401525859,2023,6,Iowa State,TCU,27.0,14.0,fbs,fbs,1499.0,1673.0,False,-13.0,Iowa State
401540984,2023,6,Midwestern State,University of Texas of the Permian Basin,13.0,21.0,ii,ii,,,False,8.0,University of Texas of the Permian Basin
401532592,2023,6,Boise State,San José State,35.0,27.0,fbs,fbs,1541.0,1348.0,False,-8.0,Boise State
401532590,2023,6,Utah State,Colorado State,44.0,24.0,fbs,fbs,1376.0,1299.0,False,-20.0,Utah State
401532591,2023,6,Wyoming,Fresno State,24.0,19.0,fbs,fbs,1401.0,1777.0,False,-5.0,Wyoming
401540223,2023,6,Utah Tech,Stephen F. Austin,37.0,31.0,fcs,fcs,,,False,-6.0,Utah Tech
401541925,2023,6,Central Washington,Eastern New Mexico,38.0,35.0,ii,ii,,,False,-3.0,Central Washington
401524027,2023,6,California,Oregon State,40.0,52.0,fbs,fbs,1518.0,1770.0,False,12.0,Oregon State
401544148,2023,6,Redlands,Pomona-Pitzer,9.0,10.0,iii,iii,,,False,1.0,Pomona-Pitzer
401550331,2023,6,Chapman,Claremont,20.0,7.0,iii,iii,,,False,-13.0,Chapman
401553867,2023,6,Cal Lutheran,La Verne,55.0,0.0,iii,iii,,,False,-55.0,Cal Lutheran
401524025,2023,6,USC,Arizona,43.0,41.0,fbs,fbs,1850.0,1466.0,False,-2.0,USC
401520313,2023,7,Middle Tennessee,Louisiana Tech,31.0,23.0,fbs,fbs,1275.0,1251.0,False,-8.0,Middle Tennessee
401520312,2023,7,Jacksonville State,Liberty,13.0,31.0,fbs,fbs,1524.0,1572.0,False,18.0,Liberty
401531888,2023,7,Appalachian State,Coastal Carolina,24.0,27.0,fbs,fbs,1558.0,1396.0,False,3.0,Coastal Carolina
401520314,2023,7,Florida International,UTEP,14.0,27.0,fbs,fbs,1063.0,1178.0,False,13.0,UTEP
401520315,2023,7,New Mexico State,Sam Houston State,27.0,13.0,fbs,fbs,1282.0,1393.0,False,-14.0,New Mexico State
401525862,2023,7,Houston,West Virginia,41.0,39.0,fbs,fbs,1543.0,1492.0,False,-2.0,Houston
401540036,2023,7,St Francis (PA),Wagner,31.0,7.0,fcs,fcs,,,False,-24.0,St Francis (PA)
401550125,2023,7,Mass Maritime,Worcester State College,22.0,19.0,iii,iii,,,False,-3.0,Mass Maritime
401547049,2023,7,Benedict College,Fort Valley State,48.0,6.0,ii,ii,,,False,-42.0,Benedict College
401531415,2023,7,East Carolina,SMU,10.0,31.0,fbs,fbs,1398.0,1511.0,False,21.0,SMU
401531371,2023,7,Memphis,Tulane,21.0,31.0,fbs,fbs,1559.0,1636.0,False,10.0,Tulane
401532594,2023,7,Utah State,Fresno State,32.0,37.0,fbs,fbs,1415.0,1755.0,False,5.0,Fresno State
401524029,2023,7,Colorado,Stanford,43.0,46.0,fbs,fbs,1293.0,1237.0,False,3.0,Stanford
401520327,2023,7,Vanderbilt,Georgia,20.0,37.0,fbs,fbs,1259.0,2103.0,False,17.0,Georgia
401540031,2023,7,Yale,Sacred Heart,31.0,3.0,fcs,fcs,,,False,-28.0,Yale
401540006,2023,7,Duquesne,Central Connecticut,44.0,20.0,fcs,fcs,,,False,-24.0,Duquesne
401525524,2023,7,Florida State,Syracuse,41.0,3.0,fbs,fbs,1880.0,1512.0,False,-38.0,Florida State
401520323,2023,7,Purdue,Ohio State,7.0,41.0,fbs,fbs,1515.0,2040.0,False,34.0,Ohio State
401540293,2023,7,Brown,Princeton,28.0,27.0,fcs,fcs,,,False,-1.0,Brown
401540524,2023,7,Marist,San Diego,30.0,16.0,fcs,fcs,,,False,-14.0,Marist
401540061,2023,7,Lehigh,Georgetown,7.0,17.0,fcs,fcs,,,False,10.0,Georgetown
401520321,2023,7,Michigan,Indiana,52.0,7.0,fbs,fbs,2082.0,1360.0,False,-45.0,Michigan
401550113,2023,7,Lebanon Valley,King's College (PA),21.0,35.0,iii,iii,,,False,14.0,King's College (PA)
401551518,2023,7,Endicott College,Western New England,24.0,21.0,iii,iii,,,False,-3.0,Endicott College
401551921,2023,7,Alfred State College,Anna Maria College,46.0,20.0,iii,iii,,,False,-26.0,Alfred State College
401525863,2023,7,Cincinnati,Iowa State,10.0,30.0,fbs,fbs,1577.0,1540.0,False,20.0,Iowa State
401544065,2023,7,FDU-Florham,Delaware Valley,0.0,20.0,iii,iii,,,False,20.0,Delaware Valley
401541836,2023,7,Walsh,Ohio Dominican,10.0,12.0,ii,ii,,,False,2.0,Ohio Dominican
401541859,2023,7,Shorter,Clark Atlanta,19.0,13.0,ii,ii,,,False,-6.0,Shorter
401552476,2023,7,Plymouth State,Fitchburg State,40.0,21.0,iii,iii,,,False,-19.0,Plymouth State
401520316,2023,7,Alabama,Arkansas,24.0,21.0,fbs,fbs,1969.0,1604.0,False,-3.0,Alabama
401552481,2023,7,Framingham State,Western Connecticut State,34.0,56.0,iii,iii,,,False,22.0,Western Connecticut State
401549634,2023,7,Gettysburg,Muhlenberg,13.0,41.0,iii,iii,,,False,28.0,Muhlenberg
401541059,2023,7,Utica,Morrisville State,24.0,6.0,iii,iii,,,False,-18.0,Utica
401541018,2023,7,Gannon,Slippery Rock,24.0,49.0,ii,ii,,,False,25.0,Slippery Rock
401540996,2023,7,UNC Pembroke,Fairmont State,49.0,7.0,ii,ii,,,False,-42.0,UNC Pembroke
401551932,2023,7,Wilkes,Keystone,42.0,7.0,iii,iii,,,False,-35.0,Wilkes
401545762,2023,7,Charleston (WV),Notre Dame College,52.0,27.0,ii,ii,,,False,-25.0,Charleston (WV)
401531890,2023,7,James Madison,Georgia Southern,41.0,13.0,fbs,fbs,1598.0,1522.0,False,-28.0,James Madison
401532422,2023,7,Eastern Michigan,Kent State,28.0,14.0,fbs,fbs,1373.0,1129.0,False,-14.0,Eastern Michigan
401520324,2023,7,Rutgers,Michigan State,27.0,24.0,fbs,fbs,1435.0,1463.0,False,-3.0,Rutgers
401545871,2023,7,Clarion,Mercyhurst,35.0,36.0,ii,ii,,,False,1.0,Mercyhurst
401541816,2023,7,Findlay,Thomas More,38.0,10.0,ii,,,,False,-28.0,Findlay
401545878,2023,7,Kutztown,Shippensburg,9.0,6.0,ii,ii,,,False,-3.0,Kutztown
401545972,2023,7,West Chester,East Stroudsburg,14.0,28.0,ii,ii,,,False,14.0,East Stroudsburg
401531390,2023,7,North Texas,Temple,45.0,14.0,fbs,fbs,1327.0,1106.0,False,-31.0,North Texas
401549735,2023,7,Merchant Marine,MIT,28.0,14.0,iii,iii,,,False,-14.0,Merchant Marine
401550064,2023,7,Castleton State College,Gallaudet,23.0,24.0,iii,iii,,,False,1.0,Gallaudet
401544966,2023,7,Trine,Olivet College,28.0,14.0,iii,iii,,,False,-14.0,Trine
401549576,2023,7,Ithaca,Union,17.0,9.0,iii,iii,,,False,-8.0,Ithaca
401540655,2023,7,Virginia Union,Bowie State,52.0,3.0,ii,ii,,,False,-49.0,Virginia Union
401553856,2023,7,Alvernia University,Stevenson,6.0,42.0,iii,iii,,,False,36.0,Stevenson
401540690,2023,7,Johnson C Smith,St. Augustine's,14.0,6.0,ii,ii,,,False,-8.0,Johnson C Smith
401540695,2023,7,Shaw,Winston-Salem,20.0,41.0,ii,ii,,,False,21.0,Winston-Salem
401540703,2023,7,Truman State,Indianapolis,17.0,38.0,ii,ii,,,False,21.0,Indianapolis
401547209,2023,7,University of New England,Nichols,62.0,26.0,iii,iii,,,False,-36.0,University of New England
401549584,2023,7,Hobart,Hilbert College,49.0,3.0,iii,iii,,,False,-46.0,Hobart
401549619,2023,7,Rensselaer,Buffalo State,51.0,28.0,iii,iii,,,False,-23.0,Rensselaer
401549626,2023,7,St Lawrence,Rochester,27.0,37.0,iii,iii,,,False,10.0,Rochester
401549806,2023,7,Methodist,Brevard College,20.0,52.0,iii,iii,,,False,32.0,Brevard College
401549823,2023,7,Juniata,Susquehanna,0.0,56.0,iii,iii,,,False,56.0,Susquehanna
401541125,2023,7,Martin Luther College,Greenville,31.0,29.0,iii,iii,,,False,-2.0,Martin Luther College
401541806,2023,7,Northwood (MI),Ashland,3.0,35.0,ii,ii,,,False,32.0,Ashland
401541821,2023,7,Hillsdale,Kentucky Wesleyan,44.0,14.0,ii,ii,,,False,-30.0,Hillsdale
401544073,2023,7,Kalamazoo,Adrian,45.0,23.0,iii,iii,,,False,-22.0,Kalamazoo
401544120,2023,7,Waynesburg,St. Vincent,24.0,0.0,iii,iii,,,False,-24.0,Waynesburg
401544131,2023,7,Thiel College,Geneva College,9.0,20.0,iii,iii,,,False,11.0,Geneva College
401544874,2023,7,Lincoln (PA),Elizabeth City State,27.0,21.0,ii,ii,,,False,-6.0,Lincoln (PA)
401544886,2023,7,Minnesota St-Moorhead,Sioux Falls,53.0,40.0,ii,ii,,,False,-13.0,Minnesota St-Moorhead
401545732,2023,7,Concord,Frostburg State,3.0,34.0,ii,ii,,,False,31.0,Frostburg State
401550052,2023,7,SUNY Cortland,Alfred,59.0,21.0,iii,iii,,,False,-38.0,SUNY Cortland
401545786,2023,7,Franklin Pierce,Assumption,17.0,21.0,ii,ii,,,True,4.0,Assumption
401550258,2023,7,Denison,Wabash College,28.0,24.0,iii,iii,,,False,-4.0,Denison
401547190,2023,7,Franklin & Marshall,Johns Hopkins,27.0,34.0,iii,iii,,,False,7.0,Johns Hopkins
401547199,2023,7,Husson,Curry,28.0,7.0,iii,iii,,,False,-21.0,Husson
401550228,2023,7,Montclair State,Salisbury,12.0,31.0,iii,iii,,,False,19.0,Salisbury
401550268,2023,7,Hiram,Ohio Wesleyan,18.0,19.0,iii,iii,,,False,1.0,Ohio Wesleyan
401550337,2023,7,Guilford,Shenandoah,20.0,31.0,iii,iii,,,False,11.0,Shenandoah
401550363,2023,7,LaGrange College,Belhaven College,20.0,42.0,iii,iii,,,False,22.0,Belhaven College
401550376,2023,7,Bethany (WV),Carnegie Mellon,7.0,41.0,iii,iii,,,False,34.0,Carnegie Mellon
401550402,2023,7,Centre,Southwestern University,45.0,21.0,iii,iii,,,False,-24.0,Centre
401540530,2023,7,New Hampshire,Albany,38.0,31.0,fcs,fcs,,,False,-7.0,New Hampshire
401540570,2023,7,Rhode Island,Richmond,17.0,24.0,fcs,fcs,,,False,7.0,Richmond
401540051,2023,7,Cornell,Bucknell,13.0,21.0,fcs,fcs,,,False,8.0,Bucknell
401545796,2023,7,New Haven,St. Anselm,9.0,13.0,ii,ii,,,False,4.0,St. Anselm
401545767,2023,7,WV Wesleyan,West Liberty,7.0,24.0,ii,ii,,,False,17.0,West Liberty
401540619,2023,7,The Citadel,VMI,13.0,17.0,fcs,fcs,,,False,4.0,VMI
401545773,2023,7,West Virginia State,Alderson-Broaddus,0.0,0.0,ii,ii,,,False,-0.0,Alderson-Broaddus
401540515,2023,7,Drake,St. Thomas (MN),52.0,21.0,fcs,fcs,,,False,-31.0,Drake
401540601,2023,7,Samford,Furman,21.0,27.0,fcs,fcs,,,False,6.0,Furman
401553974,2023,7,St. Xavier (IL),Saginaw Valley,10.0,32.0,,ii,,,True,22.0,Saginaw Valley
401554820,2023,7,Widener,Misericordia,31.0,27.0,iii,iii,,,False,-4.0,Widener
401554822,2023,7,Amherst College,Colby,16.0,19.0,iii,iii,,,False,3.0,Colby
401547074,2023,7,Central State,Savannah State,21.0,10.0,ii,ii,,,False,-11.0,Central State
401540418,2023,7,Monmouth,Hampton,61.0,10.0,fcs,fcs,,,False,-51.0,Monmouth
401540510,2023,7,Dayton,Presbyterian College,17.0,20.0,fcs,fcs,,,False,3.0,Presbyterian College
401552876,2023,7,Trinity (CT),Middlebury,15.0,20.0,iii,iii,,,False,5.0,Middlebury
401552450,2023,7,Ursinus,William Paterson,39.0,15.0,iii,iii,,,False,-24.0,Ursinus
401540413,2023,7,Villanova,Elon,21.0,0.0,fcs,fcs,,,False,-21.0,Villanova
401540401,2023,7,Butler,Davidson,33.0,35.0,fcs,fcs,,,False,2.0,Davidson
401540337,2023,7,Colgate,Dartmouth,27.0,24.0,fcs,fcs,,,False,-3.0,Colgate
401534853,2023,7,Harvard,Howard,48.0,7.0,fcs,fcs,,,False,-41.0,Harvard
401540022,2023,7,Maine,Long Island University,24.0,13.0,fcs,fcs,,,False,-11.0,Maine
401553002,2023,7,Catholic University,Lycoming,25.0,28.0,iii,iii,,,False,3.0,Lycoming
401545832,2023,7,Minnesota-Duluth,University of Mary,46.0,0.0,ii,ii,,,False,-46.0,Minnesota-Duluth
401553029,2023,7,McDaniel College,Dickinson,20.0,40.0,iii,iii,,,False,20.0,Dickinson
401551507,2023,7,Emory & Henry,Mars Hill,14.0,24.0,ii,ii,,,False,10.0,Mars Hill
401550869,2023,7,Kean,College of New Jersey,0.0,27.0,iii,iii,,,False,27.0,College of New Jersey
401550443,2023,7,Minnesota-Morris,Westminster,45.0,0.0,iii,iii,,,False,-45.0,Minnesota-Morris
401545815,2023,7,Wayne State (NE),Bemidji State,23.0,33.0,ii,ii,,,False,10.0,Bemidji State
401544110,2023,7,Mount Union,Capital,76.0,0.0,iii,iii,,,False,-76.0,Mount Union
401541633,2023,7,Columbia,Pennsylvania,17.0,20.0,fcs,fcs,,,False,3.0,Pennsylvania
401541068,2023,7,Rose-Hulman,Bluffton,52.0,28.0,iii,iii,,,False,-24.0,Rose-Hulman
401540002,2023,7,South Carolina State,Tennessee Tech,7.0,28.0,fcs,fcs,,,False,21.0,Tennessee Tech
401544959,2023,7,Mount St. Joseph,Anderson (IN),77.0,14.0,iii,iii,,,False,-63.0,Mount St. Joseph
401550076,2023,7,Hanover,Manchester,34.0,0.0,iii,iii,,,False,-34.0,Hanover
401550305,2023,7,Hamilton,Williams,17.0,24.0,iii,iii,,,False,7.0,Williams
401550070,2023,7,Defiance,Franklin,21.0,35.0,iii,iii,,,False,14.0,Franklin
401545757,2023,7,Glenville State,Wheeling Jesuit,27.0,13.0,ii,ii,,,False,-14.0,Glenville State
401541048,2023,7,Hardin-Simmons,Texas Lutheran,27.0,22.0,iii,iii,,,False,-5.0,Hardin-Simmons
401541078,2023,7,St. Johns (MN),Carleton,63.0,7.0,iii,iii,,,False,-56.0,St. Johns (MN)
401532419,2023,7,Ball State,Toledo,6.0,13.0,fbs,fbs,1137.0,1500.0,False,7.0,Toledo
401541007,2023,7,Bloomsburg,Lock Haven,13.0,21.0,ii,ii,,,False,8.0,Lock Haven
401547103,2023,7,Simpson College,Coe,0.0,28.0,iii,iii,,,False,28.0,Coe
401531405,2023,7,Charlotte,Navy,0.0,14.0,fbs,fbs,1194.0,1348.0,False,14.0,Navy
401540680,2023,7,Fayetteville State,Livingstone,19.0,14.0,ii,ii,,,False,-5.0,Fayetteville State
401540663,2023,7,Virginia State,Bluefield,39.0,23.0,ii,ii,,,False,-16.0,Virginia State
401550383,2023,7,Case Western Reserve,Westminster PA,31.0,6.0,iii,iii,,,False,-25.0,Case Western Reserve
401547036,2023,7,Tuskegee,Edward Waters,38.0,41.0,ii,ii,,,False,3.0,Edward Waters
401540733,2023,7,Southwest Baptist,Missouri S&T,19.0,45.0,ii,ii,,,False,26.0,Missouri S&T
401541115,2023,7,Bridgewater (VA),Randolph-Macon,3.0,38.0,iii,iii,,,False,35.0,Randolph-Macon
401541088,2023,7,Wooster,DePauw,7.0,53.0,iii,iii,,,False,46.0,DePauw
401544895,2023,7,Indiana (PA),Edinboro,20.0,10.0,ii,ii,,,False,-10.0,Indiana (PA)
401547085,2023,7,Buena Vista,Luther,17.0,10.0,iii,iii,,,False,-7.0,Buena Vista
401547179,2023,7,East Texas Baptist,McMurry,,,iii,iii,,,False,,McMurry
401549747,2023,7,Rowan,Christopher Newport,18.0,21.0,iii,iii,,,False,3.0,Christopher Newport
401549799,2023,7,Huntingdon,Maryville TN,28.0,21.0,iii,iii,,,False,-7.0,Huntingdon
401550136,2023,7,Westfield State,UMass Dartmouth,23.0,26.0,iii,iii,,,False,3.0,UMass Dartmouth
401550157,2023,7,Augsburg,Bethel (MN),7.0,38.0,iii,iii,,,False,31.0,Bethel (MN)
401550171,2023,7,Concordia (MN),Hamline,58.0,14.0,iii,iii,,,False,-44.0,Concordia (MN)
401550175,2023,7,Gustavus Adolphus,Macalester,55.0,18.0,iii,iii,,,False,-37.0,Gustavus Adolphus
401550192,2023,7,St. Scholastica,St. Olaf College,17.0,37.0,iii,iii,,,False,20.0,St. Olaf College
401550222,2023,7,St. Norbert,Aurora,9.0,37.0,iii,iii,,,False,28.0,Aurora
401550287,2023,7,John Carroll,Ohio Northern,44.0,14.0,iii,iii,,,False,-30.0,John Carroll
401550327,2023,7,Washington & Lee,Ferrum,41.0,16.0,iii,iii,,,False,-25.0,Washington & Lee
401550418,2023,7,Wisconsin-Platteville,Wisconsin-La Crosse,17.0,21.0,iii,iii,,,False,4.0,Wisconsin-La Crosse
401550425,2023,7,UW-River Falls,UW-Whitewater,14.0,21.0,iii,iii,,,False,7.0,UW-Whitewater
401550429,2023,7,UW-Stout,Wisconsin-Stevens Point,51.0,14.0,iii,iii,,,False,-37.0,UW-Stout
401550437,2023,7,Rhodes,Sewanee Univ. of the South,30.0,10.0,iii,iii,,,False,-20.0,Rhodes
401552372,2023,7,Minnesota State,Western Oregon,45.0,14.0,ii,ii,,,False,-31.0,Minnesota State
401552547,2023,7,Southern Connecticut State,American International,21.0,27.0,ii,ii,,,False,6.0,American International
401552879,2023,7,Monmouth (IL),Cornell College (IA),43.0,6.0,iii,iii,,,False,-37.0,Monmouth (IL)
401552880,2023,7,Hope,Alma College,17.0,35.0,iii,iii,,,False,18.0,Alma College
401549654,2023,7,Lawrence,Beloit College,14.0,34.0,iii,iii,,,False,20.0,Beloit College
401547222,2023,7,North Park,Illinois Wesleyan,20.0,18.0,iii,iii,,,False,-2.0,North Park
401547217,2023,7,Carroll (WI),Elmhurst,62.0,14.0,iii,iii,,,False,-48.0,Carroll (WI)
401549717,2023,7,Bowdoin,Bates College,35.0,20.0,iii,iii,,,False,-15.0,Bowdoin
401547172,2023,7,Mary Hardin-Baylor,Sul Ross State,37.0,13.0,iii,iii,,,False,-24.0,Mary Hardin-Baylor
401547117,2023,7,Nebraska Wesleyan University,Loras College,38.0,41.0,iii,iii,,,True,3.0,Loras College
401547044,2023,7,Albany State (GA),Allen,27.0,39.0,ii,ii,,,False,12.0,Allen
401544949,2023,7,Millikin,North Central,3.0,75.0,iii,iii,,,False,72.0,North Central
401547028,2023,7,Tusculum,UVA-Wise,35.0,7.0,ii,ii,,,False,-28.0,Tusculum
401546950,2023,7,William Jewell College,Quincy,28.0,41.0,ii,ii,,,True,13.0,Quincy
401546002,2023,7,New Mexico Highlands,Colorado State-Pueblo,7.0,56.0,ii,ii,,,False,49.0,Colorado State-Pueblo
401545996,2023,7,Colorado Mines,South Dakota Mines,45.0,22.0,ii,ii,,,False,-23.0,Colorado Mines
401545992,2023,7,Fort Lewis,Colorado Mesa,14.0,62.0,ii,ii,,,False,48.0,Colorado Mesa
401541986,2023,7,Emporia State,Washburn,38.0,23.0,ii,ii,,,False,-15.0,Emporia State
401541969,2023,7,Missouri Western,Northwest Missouri State,23.0,27.0,ii,ii,,,False,4.0,Northwest Missouri State
401541955,2023,7,Fort Hays State,Nebraska-Kearney,31.0,17.0,ii,ii,,,False,-14.0,Fort Hays State
401540372,2023,7,North Dakota,North Dakota State,49.0,24.0,fcs,fcs,,,False,-25.0,North Dakota
401540458,2023,7,Valparaiso,Morehead State,21.0,24.0,fcs,fcs,,,False,3.0,Morehead State
401545888,2023,7,Millersville,Shepherd,17.0,33.0,ii,ii,,,False,16.0,Shepherd
401545823,2023,7,Minot State,Concordia-St. Paul,17.0,10.0,ii,ii,,,False,-7.0,Minot State
401544940,2023,7,Washington (MO),Augustana (IL),17.0,35.0,iii,iii,,,False,18.0,Augustana (IL)
401544912,2023,7,Lenoir-Rhyne,Barton College,47.0,3.0,ii,ii,,,False,-44.0,Lenoir-Rhyne
401544101,2023,7,Wilmington (OH),Marietta,15.0,45.0,iii,iii,,,False,30.0,Marietta
401544082,2023,7,Lake Forest,Grinnell,47.0,0.0,iii,iii,,,False,-47.0,Lake Forest
401540442,2023,7,South Dakota,Youngstown State,34.0,31.0,fcs,fcs,,,False,-3.0,South Dakota
401540177,2023,7,Austin Peay,Gardner-Webb,41.0,14.0,fcs,fcs,,,False,-27.0,Austin Peay
401549663,2023,7,Illinois College,Knox College,61.0,7.0,iii,iii,,,False,-54.0,Illinois College
401549677,2023,7,Lakeland University,Concordia (IL),17.0,9.0,iii,iii,,,False,-8.0,Lakeland University
401549687,2023,7,Rockford,Benedictine (IL),7.0,19.0,iii,iii,,,False,12.0,Benedictine (IL)
401541134,2023,7,UW-Oshkosh,Wisconsin-Eau Claire,35.0,7.0,iii,iii,,,False,-28.0,UW-Oshkosh
401552999,2023,7,Hartwick,St. John Fisher,21.0,38.0,iii,iii,,,False,17.0,St. John Fisher
401547111,2023,7,Wartburg,Dubuque,31.0,10.0,iii,iii,,,False,-21.0,Wartburg
401541868,2023,7,Mississippi College,Valdosta State,10.0,21.0,ii,ii,,,False,11.0,Valdosta State
401541788,2023,7,Southern Nazarene,Southeastern Oklahoma,19.0,20.0,ii,ii,,,False,1.0,Southeastern Oklahoma
401541934,2023,7,Northeastern State,Central Missouri State,24.0,63.0,ii,ii,,,False,39.0,Central Missouri State
401540770,2023,7,Grand Valley State,Ferris State,49.0,28.0,ii,ii,,,False,-21.0,Grand Valley State
401540195,2023,7,Eastern Kentucky,Tarleton State,41.0,35.0,fcs,fcs,,,False,-6.0,Eastern Kentucky
401540104,2023,7,Illinois State,Indiana State,44.0,7.0,fcs,fcs,,,False,-37.0,Illinois State
401540110,2023,7,Grambling,Alabama A&M,24.0,45.0,fcs,fcs,,,False,21.0,Alabama A&M
401540723,2023,7,Arkansas Tech,Arkansas-Monticello,24.0,10.0,ii,ii,,,False,-14.0,Arkansas Tech
401541764,2023,7,Henderson State,Southern Arkansas,34.0,35.0,ii,ii,,,False,1.0,Southern Arkansas
401540120,2023,7,Jackson State,Alabama State,19.0,24.0,fcs,fcs,,,False,5.0,Alabama State
401540136,2023,7,Mississippi Valley State,Arkansas-Pine Bluff,42.0,17.0,fcs,fcs,,,False,-25.0,Mississippi Valley State
401540143,2023,7,Bethune-Cookman,Texas Southern,31.0,34.0,fcs,fcs,,,False,3.0,Texas Southern
401544903,2023,7,Adams State,Chadron State,14.0,53.0,ii,ii,,,False,39.0,Chadron State
401540281,2023,7,Northern Colorado,Sacramento State,13.0,21.0,fcs,fcs,,,False,8.0,Sacramento State
401549764,2023,7,Birmingham-Southern,Hendrix College,16.0,15.0,iii,iii,,,False,-1.0,Birmingham-Southern
401547136,2023,7,Howard Payne,Austin College,35.0,11.0,iii,iii,,,False,-24.0,Howard Payne
401547069,2023,7,Morehouse,Miles,22.0,36.0,ii,ii,,,False,14.0,Miles
401541779,2023,7,Southwestern Oklahoma,Oklahoma Baptist,13.0,20.0,ii,ii,,,False,7.0,Oklahoma Baptist
401540480,2023,7,Southeast Missouri State,Eastern Illinois,35.0,28.0,fcs,fcs,,,False,-7.0,Southeast Missouri State
401540408,2023,7,South Dakota State,Northern Iowa,41.0,6.0,fcs,fcs,,,False,-35.0,South Dakota State
401540365,2023,7,Murray State,Southern Illinois,6.0,27.0,fcs,fcs,,,False,21.0,Southern Illinois
401541771,2023,7,Northwestern Oklahoma State,East Central,7.0,42.0,ii,ii,,,False,35.0,East Central
401541944,2023,7,Central Oklahoma,Lincoln (MO),59.0,17.0,ii,ii,,,False,-42.0,Central Oklahoma
401524033,2023,7,Utah,California,34.0,14.0,fbs,fbs,1752.0,1514.0,False,-20.0,Utah
401541962,2023,7,Missouri Southern State,Pittsburg State,21.0,31.0,ii,ii,,,False,10.0,Pittsburg State
401540325,2023,7,Delaware,North Carolina A&T,21.0,6.0,fcs,fcs,,,False,-15.0,Delaware
401549701,2023,7,Bentley,Pace,27.0,9.0,ii,ii,,,False,-18.0,Bentley
401544923,2023,7,Wingate,Limestone,10.0,17.0,ii,ii,,,False,7.0,Limestone
401544931,2023,7,Lane,Kentucky State,14.0,21.0,ii,ii,,,False,7.0,Kentucky State
401545804,2023,7,Winona State,Augustana (SD),28.0,48.0,ii,ii,,,False,20.0,Augustana (SD)
401545978,2023,7,Western State,Black Hills State,35.0,20.0,ii,ii,,,False,-15.0,Western State
401550210,2023,7,Chicago,Ripon,21.0,6.0,iii,iii,,,False,-15.0,Chicago
401545865,2023,7,California (PA),Seton Hill College,41.0,14.0,ii,ii,,,False,-27.0,California (PA)
401524034,2023,7,Washington,Oregon,36.0,33.0,fbs,fbs,1900.0,1823.0,False,-3.0,Washington
401520326,2023,7,Tennessee,Texas A&M,20.0,13.0,fbs,fbs,1901.0,1739.0,False,-7.0,Tennessee
401540593,2023,7,East Tennessee State,Wofford,41.0,10.0,fcs,fcs,,,False,-31.0,East Tennessee State
401550466,2023,7,Linfield,George Fox University,41.0,13.0,iii,iii,,,False,-28.0,Linfield
401520325,2023,7,South Carolina,Florida,39.0,41.0,fbs,fbs,1549.0,1595.0,False,2.0,Florida
401540575,2023,7,Stony Brook,Fordham,7.0,26.0,fcs,fcs,,,False,19.0,Fordham
401520322,2023,7,Penn State,UMass,63.0,0.0,fbs,fbs,1943.0,993.0,False,-63.0,Penn State
401525865,2023,7,TCU,BYU,44.0,11.0,fbs,fbs,1632.0,1552.0,False,-33.0,TCU
401532423,2023,7,Western Michigan,Miami (OH),21.0,34.0,fbs,fbs,1246.0,1444.0,False,13.0,Miami (OH)
401531420,2023,7,South Florida,Florida Atlantic,14.0,56.0,fbs,fbs,1297.0,1357.0,False,42.0,Florida Atlantic
401532421,2023,7,Buffalo,Bowling Green,14.0,24.0,fbs,fbs,1391.0,1185.0,False,10.0,Bowling Green
401525527,2023,7,Virginia Tech,Wake Forest,30.0,13.0,fbs,fbs,1415.0,1548.0,False,-17.0,Virginia Tech
401520320,2023,7,Maryland,Illinois,24.0,27.0,fbs,fbs,1706.0,1479.0,False,3.0,Illinois
401532420,2023,7,Central Michigan,Akron,17.0,10.0,fbs,fbs,1282.0,1107.0,False,-7.0,Central Michigan
401520317,2023,7,Army,Troy,0.0,19.0,fbs,fbs,1478.0,1604.0,False,19.0,Troy
401525864,2023,7,Oklahoma State,Kansas,39.0,32.0,fbs,fbs,1497.0,1559.0,False,-7.0,Oklahoma State
401532424,2023,7,Northern Illinois,Ohio,23.0,13.0,fbs,fbs,1373.0,1563.0,False,-10.0,Northern Illinois
401550030,2023,7,Allegheny,Grove City College,7.0,31.0,iii,iii,,,False,24.0,Grove City College
401547010,2023,7,Newberry,Catawba,38.0,31.0,ii,ii,,,False,-7.0,Newberry
401551730,2023,7,Willamette,Pacific Lutheran,7.0,62.0,iii,iii,,,False,55.0,Pacific Lutheran
401520328,2023,7,Wisconsin,Iowa,6.0,15.0,fbs,fbs,1706.0,1645.0,False,9.0,Iowa
401544091,2023,7,Whitworth,Puget Sound,63.0,21.0,iii,iii,,,False,-42.0,Whitworth
401540586,2023,7,Mercer,Chattanooga,10.0,22.0,fcs,fcs,,,False,12.0,Chattanooga
401540474,2023,7,Charleston Southern,Lindenwood,24.0,10.0,fcs,fcs,,,False,-14.0,Charleston Southern
401541038,2023,7,Erskine,Carson-Newman,10.0,14.0,ii,ii,,,False,4.0,Carson-Newman
401540975,2023,7,Lake Erie College,Tiffin,0.0,50.0,ii,ii,,,False,50.0,Tiffin
401540713,2023,7,Upper Iowa,McKendree,34.0,41.0,ii,ii,,,False,7.0,McKendree
401550311,2023,7,Averett,Hampden-Sydney,28.0,31.0,iii,iii,,,False,3.0,Hampden-Sydney
401540431,2023,7,Nicholls,Northwestern State,,,fcs,fcs,,,False,,Northwestern State
401540424,2023,7,Bryant,Robert Morris,43.0,24.0,fcs,fcs,,,False,-19.0,Bryant
401540378,2023,7,Southeastern Louisiana,Lamar,24.0,30.0,fcs,fcs,,,False,6.0,Lamar
401540349,2023,7,Western Illinois,Missouri State,7.0,48.0,fcs,fcs,,,False,41.0,Missouri State
401540204,2023,7,Abilene Christian,North Alabama,30.0,13.0,fcs,fcs,,,False,-17.0,Abilene Christian
401540275,2023,7,Northern Arizona,Portland State,21.0,45.0,fcs,fcs,,,False,24.0,Portland State
401550280,2023,7,Oberlin,Wittenberg,7.0,72.0,iii,iii,,,False,65.0,Wittenberg
401540188,2023,7,Central Arkansas,Stephen F. Austin,24.0,21.0,fcs,fcs,,,False,-3.0,Central Arkansas
401550278,2023,7,Heidelberg,Otterbein,28.0,8.0,iii,iii,,,False,-20.0,Heidelberg
401540170,2023,7,Southern,Lincoln University (CA),45.0,18.0,fcs,,,,False,-27.0,Southern
401540439,2023,7,Incarnate Word,Texas A&M-Commerce,28.0,11.0,fcs,fcs,,,False,-17.0,Incarnate Word
401541877,2023,7,West Alabama,West Florida,10.0,6.0,ii,ii,,,False,-4.0,West Alabama
401550237,2023,7,Eureka College,Wisconsin Lutheran,14.0,42.0,iii,iii,,,False,28.0,Wisconsin Lutheran
401545854,2023,7,Southwest Minnesota State,Northern State,17.0,24.0,ii,ii,,,False,7.0,Northern State
401532597,2023,7,Nevada,UNLV,27.0,45.0,fbs,fbs,1224.0,1407.0,False,18.0,UNLV
401550344,2023,7,La Verne,Claremont,17.0,30.0,iii,iii,,,False,13.0,Claremont
401532596,2023,7,New Mexico,San José State,24.0,52.0,fbs,fbs,1113.0,1348.0,False,28.0,San José State
401549790,2023,7,NC Wesleyan,Greensboro,34.0,28.0,iii,iii,,,False,-6.0,NC Wesleyan
401539990,2023,7,Tennessee State,Norfolk State,24.0,17.0,fcs,fcs,,,False,-7.0,Tennessee State
401544139,2023,7,Berry College,Millsaps,64.0,7.0,iii,iii,,,False,-57.0,Berry College
401541843,2023,7,West Georgia,Chowan,35.0,24.0,ii,ii,,,False,-11.0,West Georgia
401541799,2023,7,Wayne State (MI),Davenport,3.0,32.0,ii,ii,,,False,29.0,Davenport
401540239,2023,7,Idaho State,Eastern Washington,42.0,41.0,fcs,fcs,,,False,-1.0,Idaho State
401552020,2023,7,Tufts,Wesleyan,49.0,14.0,iii,iii,,,False,-35.0,Tufts
401525525,2023,7,Pittsburgh,Louisville,38.0,21.0,fbs,fbs,1488.0,1718.0,False,-17.0,Pittsburgh
401541851,2023,7,Delta State,North Greenville,49.0,27.0,ii,ii,,,False,-22.0,Delta State
401541756,2023,7,Harding,Ouachita Baptist,41.0,10.0,ii,ii,,,False,-31.0,Harding
401540790,2023,7,Northern Michigan,Michigan Tech,0.0,62.0,ii,ii,,,False,62.0,Michigan Tech
401541908,2023,7,University of Texas of the Permian Basin,Eastern New Mexico,52.0,29.0,ii,ii,,,False,-23.0,University of Texas of the Permian Basin
401558744,2023,7,Eastern University,Albright,21.0,9.0,iii,iii,,,True,-12.0,Eastern University
401524030,2023,7,Washington State,Arizona,6.0,44.0,fbs,fbs,1615.0,1471.0,False,38.0,Arizona
401549643,2023,7,Wheaton College (Ill),Carthage,50.0,13.0,iii,iii,,,False,-37.0,Wheaton College (Ill)
401540168,2023,7,Houston Christian,Prairie View,30.0,0.0,fcs,fcs,,,False,-30.0,Houston Christian
401549756,2023,7,Muskingum,Baldwin-Wallace,22.0,34.0,iii,iii,,,False,12.0,Baldwin-Wallace
401550877,2023,7,Pacific (OR),Lewis & Clark,35.0,51.0,iii,iii,,,False,16.0,Lewis & Clark
401532598,2023,7,Air Force,Wyoming,34.0,27.0,fbs,fbs,1797.0,1423.0,False,-7.0,Air Force
401525866,2023,7,Texas Tech,Kansas State,21.0,38.0,fbs,fbs,1668.0,1769.0,False,17.0,Kansas State
401520319,2023,7,LSU,Auburn,48.0,18.0,fbs,fbs,1743.0,1625.0,False,-30.0,LSU
401531889,2023,7,Georgia State,Marshall,41.0,24.0,fbs,fbs,1487.0,1563.0,False,-17.0,Georgia State
401531891,2023,7,Texas State,Louisiana Monroe,21.0,20.0,fbs,fbs,1385.0,1087.0,False,-1.0,Texas State
401520318,2023,7,Kentucky,Missouri,21.0,38.0,fbs,fbs,1645.0,1526.0,False,17.0,Missouri
401524031,2023,7,Notre Dame,USC,48.0,20.0,fbs,fbs,1815.0,1845.0,False,-28.0,Notre Dame
401525526,2023,7,North Carolina,Miami,41.0,31.0,fbs,fbs,1752.0,1564.0,False,-10.0,North Carolina
401525523,2023,7,Duke,NC State,24.0,3.0,fbs,fbs,1676.0,1537.0,False,-21.0,Duke
401541915,2023,7,West Texas A&M,Western New Mexico,49.0,27.0,ii,ii,,,False,-22.0,West Texas A&M
401540289,2023,7,Weber State,UC Davis,16.0,17.0,fcs,fcs,,,False,1.0,UC Davis
401540230,2023,7,Montana State,Cal Poly,59.0,19.0,fcs,fcs,,,False,-40.0,Montana State
401540985,2023,7,Midwestern State,Central Washington,7.0,10.0,ii,ii,,,False,3.0,Central Washington
401524032,2023,7,Oregon State,UCLA,36.0,24.0,fbs,fbs,1774.0,1687.0,False,-12.0,Oregon State
401541894,2023,7,Texas A&M-Kingsville,Angelo State,16.0,38.0,ii,ii,,,False,22.0,Angelo State
401531381,2023,7,UT San Antonio,UAB,41.0,20.0,fbs,fbs,1518.0,1456.0,False,-21.0,UT San Antonio
401532593,2023,7,Colorado State,Boise State,31.0,30.0,fbs,fbs,1260.0,1541.0,False,-1.0,Colorado State
401550332,2023,7,Pomona-Pitzer,Chapman,0.0,21.0,iii,iii,,,False,21.0,Chapman
401544149,2023,7,Redlands,Cal Lutheran,20.0,10.0,iii,iii,,,False,-10.0,Redlands
401540246,2023,7,Idaho,Montana,21.0,23.0,fcs,fcs,,,False,2.0,Montana
401532595,2023,7,Hawai'i,San Diego State,34.0,41.0,fbs,fbs,1113.0,1361.0,False,7.0,San Diego State
401520330,2023,8,Liberty,Middle Tennessee,42.0,35.0,fbs,fbs,1611.0,1285.0,False,-7.0,Liberty
401531892,2023,8,South Alabama,Southern Mississippi,55.0,3.0,fbs,fbs,1613.0,1218.0,False,-52.0,South Alabama
401520329,2023,8,Jacksonville State,Western Kentucky,20.0,17.0,fbs,fbs,1485.0,1529.0,False,-3.0,Jacksonville State
401520331,2023,8,Sam Houston State,Florida International,27.0,33.0,fbs,fbs,1355.0,1045.0,False,6.0,Florida International
401520332,2023,8,UTEP,New Mexico State,7.0,28.0,fbs,fbs,1196.0,1320.0,False,21.0,New Mexico State
401531341,2023,8,Tulsa,Rice,10.0,42.0,fbs,fbs,1330.0,1189.0,False,32.0,Rice
401531893,2023,8,Marshall,James Madison,9.0,20.0,fbs,fbs,1518.0,1662.0,False,11.0,James Madison
401545749,2023,8,West Virginia State,Frostburg State,14.0,28.0,ii,ii,,,False,14.0,Frostburg State
401539983,2023,8,Morgan State,North Carolina Central,10.0,16.0,fcs,fcs,,,False,6.0,North Carolina Central
401540432,2023,8,Northwestern State,Southeastern Louisiana,20.0,37.0,fcs,fcs,,,False,17.0,Southeastern Louisiana
401531391,2023,8,Temple,SMU,0.0,55.0,fbs,fbs,1049.0,1552.0,False,55.0,SMU
401550126,2023,8,Western Connecticut State,Mass Maritime,28.0,0.0,iii,iii,,,False,-28.0,Western Connecticut State
401549791,2023,8,Greensboro,Huntingdon,8.0,56.0,iii,iii,,,False,48.0,Huntingdon
401520343,2023,8,Ohio State,Penn State,20.0,12.0,fbs,fbs,2073.0,2010.0,False,-8.0,Ohio State
401520334,2023,8,Arkansas,Mississippi State,3.0,7.0,fbs,fbs,1607.0,1538.0,False,4.0,Mississippi State
401525528,2023,8,Georgia Tech,Boston College,23.0,38.0,fbs,fbs,1369.0,1315.0,False,15.0,Boston College
401540007,2023,8,Wagner,Central Connecticut,3.0,17.0,fcs,fcs,,,False,14.0,Central Connecticut
401540023,2023,8,Long Island University,Merrimack,0.0,39.0,fcs,fcs,,,False,39.0,Merrimack
401544197,2023,8,Yale,Pennsylvania,17.0,27.0,fcs,fcs,,,False,10.0,Pennsylvania
401534854,2023,8,Howard,Norfolk State,27.0,23.0,fcs,fcs,,,False,-4.0,Howard
401539974,2023,8,Delaware State,South Carolina State,7.0,35.0,fcs,fcs,,,False,28.0,South Carolina State
401549702,2023,8,American International,Bentley,12.0,62.0,ii,ii,,,False,50.0,Bentley
401541107,2023,8,Springfield,Salve Regina,31.0,21.0,iii,iii,,,False,-10.0,Springfield
401525868,2023,8,Cincinnati,Baylor,29.0,32.0,fbs,fbs,1522.0,1459.0,False,3.0,Baylor
401531382,2023,8,UAB,Memphis,21.0,45.0,fbs,fbs,1413.0,1545.0,False,24.0,Memphis
401550058,2023,8,St. John Fisher,SUNY Cortland,14.0,42.0,iii,iii,,,False,28.0,SUNY Cortland
401550104,2023,8,Juniata,Moravian,13.0,44.0,iii,iii,,,False,31.0,Moravian
401545894,2023,8,Shepherd,West Chester,59.0,21.0,ii,ii,,,False,-38.0,Shepherd
401549577,2023,8,Union,Hobart,27.0,10.0,iii,iii,,,False,-17.0,Union
401549611,2023,8,Rochester,Ithaca,10.0,24.0,iii,iii,,,False,14.0,Ithaca
401549664,2023,8,Lawrence,Illinois College,0.0,72.0,iii,iii,,,False,72.0,Illinois College
401549736,2023,8,Merchant Marine,Worcester Polytechnic,40.0,28.0,iii,iii,,,False,-12.0,Merchant Marine
401549740,2023,8,SUNY Maritime,MIT,28.0,35.0,iii,iii,,,False,7.0,MIT
401549807,2023,8,Belhaven College,Methodist,45.0,10.0,iii,iii,,,False,-35.0,Belhaven College
401550274,2023,8,Kenyon,Wabash College,18.0,67.0,iii,iii,,,False,49.0,Wabash College
401541822,2023,8,Thomas More,Hillsdale,33.0,35.0,,ii,,,True,2.0,Hillsdale
401544057,2023,8,Alfred,Utica,0.0,28.0,iii,iii,,,False,28.0,Utica
401544066,2023,8,FDU-Florham,Alvernia University,41.0,16.0,iii,iii,,,False,-25.0,FDU-Florham
401545787,2023,8,Assumption,St. Anselm,0.0,14.0,ii,ii,,,False,14.0,St. Anselm
401545872,2023,8,Edinboro,Clarion,20.0,34.0,ii,ii,,,False,14.0,Clarion
401532428,2023,8,Ohio,Western Michigan,20.0,17.0,fbs,fbs,1531.0,1235.0,False,-3.0,Ohio
401550413,2023,8,NC Wesleyan,Southern Virginia,34.0,7.0,iii,iii,,,False,-27.0,NC Wesleyan
401552882,2023,8,Plymouth State,Worcester State College,35.0,0.0,iii,iii,,,False,-35.0,Plymouth State
401553012,2023,8,Albright,Widener,3.0,48.0,iii,iii,,,False,45.0,Widener
401553031,2023,8,Dean College,Anna Maria College,20.0,52.0,iii,iii,,,False,32.0,Anna Maria College
401553857,2023,8,Stevenson,Misericordia,33.0,21.0,iii,iii,,,False,-12.0,Stevenson
401558401,2023,8,King's College (PA),Eastern University,28.0,18.0,iii,iii,,,False,-10.0,King's College (PA)
401525871,2023,8,Oklahoma,UCF,31.0,29.0,fbs,fbs,1939.0,1540.0,False,-2.0,Oklahoma
401531434,2023,8,Navy,Air Force,6.0,17.0,fbs,fbs,1365.0,1787.0,False,11.0,Air Force
401520337,2023,8,Indiana,Rutgers,14.0,31.0,fbs,fbs,1319.0,1436.0,False,17.0,Rutgers
401551514,2023,8,Nichols,Endicott College,0.0,48.0,iii,iii,,,False,48.0,Endicott College
401550250,2023,8,Otterbein,Baldwin-Wallace,0.0,24.0,iii,iii,,,False,24.0,Baldwin-Wallace
401540342,2023,8,Princeton,Harvard,21.0,14.0,fcs,fcs,,,False,-7.0,Princeton
401551922,2023,8,Gallaudet,Alfred State College,38.0,24.0,iii,iii,,,False,-14.0,Gallaudet
401540402,2023,8,Davidson,Valparaiso,42.0,21.0,fcs,fcs,,,False,-21.0,Davidson
401553030,2023,8,McDaniel College,Franklin & Marshall,17.0,27.0,iii,iii,,,False,10.0,Franklin & Marshall
401540656,2023,8,Bluefield,Bowie State,11.0,40.0,ii,ii,,,False,29.0,Bowie State
401540511,2023,8,Dayton,Butler,10.0,37.0,fcs,fcs,,,False,27.0,Butler
401551488,2023,8,Ohio Dominican,Northwood (MI),15.0,0.0,ii,ii,,,False,-15.0,Ohio Dominican
401550368,2023,8,Maryville TN,LaGrange College,26.0,6.0,iii,iii,,,False,-20.0,Maryville TN
401547210,2023,8,Curry,University of New England,13.0,19.0,iii,iii,,,False,6.0,University of New England
401540771,2023,8,Northern Michigan,Grand Valley State,14.0,73.0,ii,ii,,,False,59.0,Grand Valley State
401540587,2023,8,Chattanooga,East Tennessee State,34.0,3.0,fcs,fcs,,,False,-31.0,Chattanooga
401540525,2023,8,Presbyterian College,Marist,10.0,19.0,fcs,fcs,,,False,9.0,Marist
401540791,2023,8,Michigan Tech,Ferris State,21.0,35.0,ii,ii,,,False,14.0,Ferris State
401540545,2023,8,North Carolina A&T,Richmond,10.0,33.0,fcs,fcs,,,False,23.0,Richmond
401540564,2023,8,Stetson,St. Thomas (MN),6.0,38.0,fcs,fcs,,,False,32.0,St. Thomas (MN)
401540294,2023,8,Cornell,Brown,36.0,14.0,fcs,fcs,,,False,-22.0,Cornell
401540673,2023,8,Virginia Union,Lincoln (PA),57.0,0.0,ii,ii,,,False,-57.0,Virginia Union
401550269,2023,8,Hiram,Oberlin,27.0,19.0,iii,iii,,,False,-8.0,Hiram
401540069,2023,8,Holy Cross,Lafayette,35.0,38.0,fcs,fcs,,,False,3.0,Lafayette
401540052,2023,8,Bucknell,Lehigh,18.0,27.0,fcs,fcs,,,False,9.0,Lehigh
401550339,2023,8,Hampden-Sydney,Washington & Lee,17.0,21.0,iii,iii,,,False,4.0,Washington & Lee
401540032,2023,8,Stonehill,Sacred Heart,22.0,19.0,fcs,fcs,,,False,-3.0,Stonehill
401540302,2023,8,Indiana State,South Dakota,3.0,17.0,fcs,fcs,,,False,14.0,South Dakota
401550306,2023,8,Colby,Hamilton,6.0,17.0,iii,iii,,,False,11.0,Hamilton
401550298,2023,8,Middlebury,Bates College,48.0,7.0,iii,iii,,,False,-41.0,Middlebury
401550197,2023,8,Rowan,Salisbury,20.0,35.0,iii,iii,,,False,15.0,Salisbury
401550147,2023,8,Alma College,Kalamazoo,43.0,10.0,iii,iii,,,False,-33.0,Alma College
401550143,2023,8,Albion,Trine,28.0,35.0,iii,iii,,,False,7.0,Trine
401550114,2023,8,Delaware Valley,Lebanon Valley,21.0,17.0,iii,iii,,,False,-4.0,Delaware Valley
401540015,2023,8,Duquesne,St Francis (PA),38.0,35.0,fcs,fcs,,,False,-3.0,Duquesne
401541039,2023,8,Carson-Newman,Mars Hill,17.0,21.0,ii,ii,,,False,4.0,Mars Hill
401549824,2023,8,Susquehanna,Wilkes,34.0,7.0,iii,iii,,,False,-27.0,Susquehanna
401549748,2023,8,Christopher Newport,Kean,34.0,10.0,iii,iii,,,False,-24.0,Christopher Newport
401549718,2023,8,Wesleyan,Bowdoin,35.0,30.0,iii,iii,,,False,-5.0,Wesleyan
401549635,2023,8,Dickinson,Muhlenberg,21.0,42.0,iii,iii,,,False,21.0,Muhlenberg
401541060,2023,8,Morrisville State,Brockport State (NY),0.0,49.0,iii,iii,,,False,49.0,Brockport State (NY)
401541029,2023,8,Lock Haven,Kutztown,3.0,7.0,ii,ii,,,False,4.0,Kutztown
401547200,2023,8,Western New England,Husson,10.0,9.0,iii,iii,,,False,-1.0,Western New England
401558741,2023,8,Pace,Southern Connecticut State,23.0,25.0,ii,ii,,,False,2.0,Southern Connecticut State
401547191,2023,8,Johns Hopkins,Ursinus,42.0,14.0,iii,iii,,,False,-28.0,Johns Hopkins
401547183,2023,8,Sul Ross State,Hardin-Simmons,7.0,55.0,iii,iii,,,False,48.0,Hardin-Simmons
401541116,2023,8,Randolph-Macon,Shenandoah,48.0,13.0,iii,iii,,,False,-35.0,Randolph-Macon
401547029,2023,8,Emory & Henry,Tusculum,27.0,24.0,ii,ii,,,False,-3.0,Emory & Henry
401546993,2023,8,University of Mary,Davenport,34.0,44.0,ii,ii,,,False,10.0,Davenport
401545889,2023,8,Shippensburg,Millersville,13.0,7.0,ii,ii,,,False,-6.0,Shippensburg
401545866,2023,8,Slippery Rock,California (PA),42.0,21.0,ii,ii,,,False,-21.0,Slippery Rock
401545740,2023,8,Charleston (WV),Fairmont State,30.0,33.0,ii,ii,,,False,3.0,Fairmont State
401541126,2023,8,Greenville,Northwestern (MN),12.0,32.0,iii,iii,,,False,20.0,Northwestern (MN)
401549620,2023,8,St Lawrence,Rensselaer,7.0,37.0,iii,iii,,,False,30.0,Rensselaer
401541807,2023,8,Ashland,Lake Erie College,31.0,19.0,ii,ii,,,False,-12.0,Ashland
401541817,2023,8,Walsh,Findlay,0.0,23.0,ii,ii,,,False,23.0,Findlay
401541970,2023,8,Nebraska-Kearney,Missouri Western,17.0,20.0,ii,ii,,,False,3.0,Missouri Western
401544121,2023,8,Grove City College,St. Vincent,49.0,0.0,iii,iii,,,False,-49.0,Grove City College
401545733,2023,8,Glenville State,Concord,44.0,7.0,ii,ii,,,False,-37.0,Glenville State
401545780,2023,8,Wheeling Jesuit,Alderson-Broaddus,0.0,0.0,ii,ii,,,False,-0.0,Alderson-Broaddus
401550444,2023,8,Westminster,Minnesota-Morris,13.0,34.0,iii,iii,,,False,21.0,Minnesota-Morris
401553863,2023,8,William Paterson,Montclair State,13.0,14.0,iii,iii,,,False,1.0,Montclair State
401550403,2023,8,Millsaps,Centre,20.0,59.0,iii,iii,,,False,39.0,Centre
401552545,2023,8,Franklin Pierce,Post University,13.0,16.0,ii,ii,,,True,3.0,Post University
401552024,2023,8,Amherst College,Tufts,14.0,34.0,iii,iii,,,False,20.0,Tufts
401540997,2023,8,WV Wesleyan,UNC Pembroke,0.0,56.0,ii,ii,,,False,56.0,UNC Pembroke
401551933,2023,8,Keystone,Lycoming,7.0,34.0,iii,iii,,,False,27.0,Lycoming
401541008,2023,8,East Stroudsburg,Bloomsburg,21.0,16.0,ii,ii,,,False,-5.0,East Stroudsburg
401549726,2023,8,Coast Guard,Norwich,52.0,17.0,iii,iii,,,False,-35.0,Coast Guard
401540338,2023,8,Dartmouth,Columbia,20.0,9.0,fcs,fcs,,,False,-11.0,Dartmouth
401540623,2023,8,VMI,Samford,14.0,27.0,fcs,fcs,,,False,13.0,Samford
401552015,2023,8,Williams,Trinity (CT),14.0,41.0,iii,iii,,,False,27.0,Trinity (CT)
401550089,2023,8,Franklin,Rose-Hulman,35.0,50.0,iii,iii,,,False,15.0,Rose-Hulman
401550071,2023,8,Anderson (IN),Defiance,6.0,36.0,iii,iii,,,False,30.0,Defiance
401546946,2023,8,Winston-Salem,St. Augustine's,24.0,17.0,ii,ii,,,False,-7.0,Winston-Salem
401541069,2023,8,Bluffton,Manchester,50.0,12.0,iii,iii,,,False,-38.0,Bluffton
401544111,2023,8,Wilmington (OH),Mount Union,0.0,69.0,iii,iii,,,False,69.0,Mount Union
401544960,2023,8,Mount St. Joseph,Hanover,52.0,27.0,iii,iii,,,False,-25.0,Mount St. Joseph
401540696,2023,8,Livingstone,Shaw,27.0,26.0,ii,ii,,,False,-1.0,Livingstone
401550263,2023,8,Capital,John Carroll,17.0,63.0,iii,iii,,,False,46.0,John Carroll
401545839,2023,8,Southwest Minnesota State,Minnesota St-Moorhead,17.0,34.0,ii,ii,,,False,17.0,Minnesota St-Moorhead
401547123,2023,8,Luther,Simpson College,14.0,56.0,iii,iii,,,False,42.0,Simpson College
401550351,2023,8,Southwestern University,Trinity (TX),7.0,57.0,iii,iii,,,False,50.0,Trinity (TX)
401540105,2023,8,Youngstown State,Illinois State,41.0,38.0,fcs,fcs,,,False,-3.0,Youngstown State
401540326,2023,8,Hampton,Delaware,3.0,47.0,fcs,fcs,,,False,44.0,Delaware
401540704,2023,8,Quincy,Indianapolis,14.0,24.0,ii,ii,,,False,10.0,Indianapolis
401540414,2023,8,Elon,Monmouth,28.0,26.0,fcs,fcs,,,False,-2.0,Elon
401531894,2023,8,Georgia Southern,Louisiana Monroe,38.0,28.0,fbs,fbs,1458.0,1096.0,False,-10.0,Georgia Southern
401532429,2023,8,Bowling Green,Akron,41.0,14.0,fbs,fbs,1225.0,1107.0,False,-27.0,Bowling Green
401541089,2023,8,Wittenberg,DePauw,35.0,41.0,iii,iii,,,False,6.0,DePauw
401544950,2023,8,Elmhurst,Millikin,29.0,27.0,iii,iii,,,False,-2.0,Elmhurst
401544967,2023,8,Olivet College,Hope,7.0,45.0,iii,iii,,,False,38.0,Hope
401545712,2023,8,Bemidji State,Concordia-St. Paul,38.0,3.0,ii,ii,,,False,-35.0,Bemidji State
401545805,2023,8,Augustana (SD),Minnesota State,28.0,10.0,ii,ii,,,False,-18.0,Augustana (SD)
401545833,2023,8,Minot State,Minnesota-Duluth,7.0,42.0,ii,ii,,,False,35.0,Minnesota-Duluth
401545985,2023,8,Chadron State,Colorado State-Pueblo,3.0,28.0,ii,ii,,,False,25.0,Colorado State-Pueblo
401546007,2023,8,South Dakota Mines,Fort Lewis,48.0,10.0,ii,ii,,,False,-38.0,South Dakota Mines
401550176,2023,8,Gustavus Adolphus,St. Johns (MN),38.0,35.0,iii,iii,,,False,-3.0,Gustavus Adolphus
401547096,2023,8,Central,Nebraska Wesleyan University,72.0,0.0,iii,iii,,,False,-72.0,Central
401540805,2023,8,Saginaw Valley,Wayne State (MI),17.0,10.0,ii,ii,,,False,-7.0,Saginaw Valley
401549678,2023,8,Concordia (IL),Eureka College,28.0,27.0,iii,iii,,,False,-1.0,Concordia (IL)
401544140,2023,8,Sewanee Univ. of the South,Berry College,23.0,61.0,iii,iii,,,False,38.0,Berry College
401549670,2023,8,Ripon,Lake Forest,12.0,0.0,iii,iii,,,False,-12.0,Ripon
401550215,2023,8,Cornell College (IA),Chicago,47.0,34.0,iii,iii,,,False,-13.0,Cornell College (IA)
401550223,2023,8,Aurora,Wisconsin Lutheran,70.0,7.0,iii,iii,,,False,-63.0,Aurora
401550234,2023,8,Concordia (WI),St. Norbert,7.0,13.0,iii,iii,,,False,6.0,St. Norbert
401550243,2023,8,Benedictine (IL),Lakeland University,31.0,6.0,iii,iii,,,False,-25.0,Benedictine (IL)
401550312,2023,8,Averett,Bridgewater (VA),24.0,53.0,iii,iii,,,False,29.0,Bridgewater (VA)
401550384,2023,8,Case Western Reserve,Waynesburg,35.0,0.0,iii,iii,,,False,-35.0,Case Western Reserve
401547017,2023,8,UVA-Wise,Erskine,34.0,23.0,ii,ii,,,False,-11.0,UVA-Wise
401547050,2023,8,Benedict College,Kentucky State,63.0,14.0,ii,ii,,,False,-49.0,Benedict College
401547137,2023,8,Austin College,Mary Hardin-Baylor,14.0,49.0,iii,iii,,,False,35.0,Mary Hardin-Baylor
401547145,2023,8,McMurry,Howard Payne,45.0,21.0,iii,iii,,,False,-24.0,McMurry
401547218,2023,8,Carroll (WI),Wheaton College (Ill),6.0,52.0,iii,iii,,,False,46.0,Wheaton College (Ill)
401547058,2023,8,Clark Atlanta,Central State,21.0,48.0,ii,ii,,,False,27.0,Central State
401547065,2023,8,Fort Valley State,Morehouse,31.0,3.0,ii,ii,,,False,-28.0,Fort Valley State
401549757,2023,8,Muskingum,Ohio Northern,17.0,27.0,iii,iii,,,False,10.0,Ohio Northern
401540714,2023,8,McKendree,Missouri S&T,20.0,17.0,ii,ii,,,False,-3.0,McKendree
401544941,2023,8,Augustana (IL),North Park,42.0,28.0,iii,iii,,,False,-14.0,Augustana (IL)
401540664,2023,8,Virginia State,Elizabeth City State,16.0,17.0,ii,ii,,,False,1.0,Elizabeth City State
401540724,2023,8,Ouachita Baptist,Arkansas Tech,31.0,24.0,ii,ii,,,False,-7.0,Ouachita Baptist
401550172,2023,8,Concordia (MN),Macalester,49.0,8.0,iii,iii,,,False,-41.0,Concordia (MN)
401541079,2023,8,Carleton,St. Scholastica,42.0,21.0,iii,iii,,,False,-21.0,Carleton
401550426,2023,8,Wisconsin-Stevens Point,UW-River Falls,14.0,75.0,iii,iii,,,False,61.0,UW-River Falls
401531406,2023,8,East Carolina,Charlotte,7.0,10.0,fbs,fbs,1357.0,1177.0,False,3.0,Charlotte
401549646,2023,8,North Central,Washington (MO),49.0,3.0,iii,iii,,,False,-46.0,North Central
401547118,2023,8,Loras College,Wartburg,7.0,62.0,iii,iii,,,False,55.0,Wartburg
401550165,2023,8,Bethel (MN),Hamline,49.0,7.0,iii,iii,,,False,-42.0,Bethel (MN)
401547223,2023,8,Carthage,Illinois Wesleyan,7.0,34.0,iii,iii,,,False,27.0,Illinois Wesleyan
401550158,2023,8,St. Olaf College,Augsburg,36.0,56.0,iii,iii,,,False,20.0,Augsburg
401549655,2023,8,Beloit College,Monmouth (IL),3.0,59.0,iii,iii,,,False,56.0,Monmouth (IL)
401549780,2023,8,Wisconsin-Eau Claire,Wisconsin-Platteville,14.0,47.0,iii,iii,,,False,33.0,Wisconsin-Platteville
401549772,2023,8,Crown College,Martin Luther College,3.0,13.0,iii,iii,,,False,10.0,Martin Luther College
401544913,2023,8,Barton College,Wingate,24.0,38.0,ii,ii,,,False,14.0,Wingate
401544887,2023,8,Sioux Falls,Winona State,35.0,42.0,ii,ii,,,False,7.0,Winona State
401544083,2023,8,Grinnell,Knox College,7.0,14.0,iii,iii,,,False,7.0,Knox College
401541956,2023,8,Washburn,Fort Hays State,28.0,31.0,ii,ii,,,False,3.0,Fort Hays State
401551483,2023,8,Upper Iowa,Southwest Baptist,35.0,13.0,ii,ii,,,False,-22.0,Upper Iowa
401541135,2023,8,Wisconsin-La Crosse,UW-Oshkosh,31.0,28.0,iii,iii,,,False,-3.0,Wisconsin-La Crosse
401540681,2023,8,Fayetteville State,Johnson C Smith,14.0,7.0,ii,ii,,,False,-7.0,Fayetteville State
401541935,2023,8,Central Missouri State,Emporia State,77.0,27.0,ii,ii,,,False,-50.0,Central Missouri State
401540602,2023,8,Western Carolina,Furman,17.0,29.0,fcs,fcs,,,False,12.0,Furman
401540500,2023,8,Tennessee Tech,Southeast Missouri State,3.0,28.0,fcs,fcs,,,False,25.0,Southeast Missouri State
401547086,2023,8,Dubuque,Buena Vista,41.0,0.0,iii,iii,,,False,-41.0,Dubuque
401547079,2023,8,Savannah State,Tuskegee,14.0,21.0,ii,ii,,,False,7.0,Tuskegee
401540448,2023,8,Southern Illinois,South Dakota State,10.0,17.0,fcs,fcs,,,False,7.0,South Dakota State
401540475,2023,8,UT Martin,Charleston Southern,17.0,0.0,fcs,fcs,,,False,-17.0,UT Martin
401540630,2023,8,Tennessee State,Lincoln University (CA),54.0,0.0,fcs,,,,False,-54.0,Tennessee State
401540425,2023,8,Eastern Illinois,Bryant,25.0,24.0,fcs,fcs,,,False,-1.0,Eastern Illinois
401546010,2023,8,Western State,New Mexico Highlands,62.0,0.0,ii,ii,,,False,-62.0,Western State
401550870,2023,8,College of New Jersey,Gettysburg,30.0,13.0,iii,iii,,,False,-17.0,College of New Jersey
401540062,2023,8,Georgetown,Colgate,18.0,28.0,fcs,fcs,,,False,10.0,Colgate
401540128,2023,8,Arkansas-Pine Bluff,Alcorn State,7.0,31.0,fcs,fcs,,,False,24.0,Alcorn State
401540350,2023,8,Missouri State,Murray State,28.0,24.0,fcs,fcs,,,False,-4.0,Missouri State
401550453,2023,8,UW-Whitewater,UW-Stout,37.0,20.0,iii,iii,,,False,-17.0,UW-Whitewater
401540781,2023,8,Arkansas-Monticello,Henderson State,14.0,42.0,ii,ii,,,False,28.0,Henderson State
401541019,2023,8,Mercyhurst,Gannon,28.0,31.0,ii,ii,,,False,3.0,Gannon
401541757,2023,8,Southern Arkansas,Harding,20.0,54.0,ii,ii,,,True,34.0,Harding
401541963,2023,8,Lincoln (MO),Missouri Southern State,5.0,63.0,ii,ii,,,False,58.0,Missouri Southern State
401541860,2023,8,Valdosta State,Shorter,42.0,14.0,ii,ii,,,False,-28.0,Valdosta State
401541795,2023,8,East Central,Southern Nazarene,13.0,27.0,ii,ii,,,False,14.0,Southern Nazarene
401541789,2023,8,Southeastern Oklahoma,Southwestern Oklahoma,32.0,13.0,ii,ii,,,False,-19.0,Southeastern Oklahoma
401541097,2023,8,Denison,Wooster,35.0,31.0,iii,iii,,,False,-4.0,Denison
401540161,2023,8,Mississippi Valley State,Jackson State,6.0,21.0,fcs,fcs,,,False,15.0,Jackson State
401545979,2023,8,Black Hills State,Colorado Mines,17.0,42.0,ii,ii,,,False,25.0,Colorado Mines
401544932,2023,8,Lane,Virginia Lynchburg,42.0,45.0,ii,,,,False,3.0,Virginia Lynchburg
401544904,2023,8,Colorado Mesa,Adams State,42.0,7.0,ii,ii,,,False,-35.0,Colorado Mesa
401544896,2023,8,Seton Hill College,Indiana (PA),35.0,28.0,ii,ii,,,False,-7.0,Seton Hill College
401544879,2023,8,Northwest Missouri State,Pittsburg State,7.0,28.0,ii,ii,,,False,21.0,Pittsburg State
401544102,2023,8,Marietta,Heidelberg,37.0,14.0,iii,iii,,,False,-23.0,Marietta
401540742,2023,8,Truman State,William Jewell College,31.0,10.0,ii,ii,,,False,-21.0,Truman State
401520333,2023,8,Alabama,Tennessee,34.0,20.0,fbs,fbs,1966.0,1902.0,False,-14.0,Alabama
401525532,2023,8,Wake Forest,Pittsburgh,21.0,17.0,fbs,fbs,1497.0,1549.0,False,-4.0,Wake Forest
401525872,2023,8,West Virginia,Oklahoma State,34.0,48.0,fbs,fbs,1492.0,1510.0,False,14.0,Oklahoma State
401532430,2023,8,Kent State,Buffalo,6.0,24.0,fbs,fbs,1121.0,1351.0,False,18.0,Buffalo
401531372,2023,8,Tulane,North Texas,35.0,28.0,fbs,fbs,1650.0,1384.0,False,-7.0,Tulane
401520336,2023,8,Illinois,Wisconsin,21.0,25.0,fbs,fbs,1498.0,1683.0,False,4.0,Wisconsin
401520341,2023,8,Missouri,South Carolina,34.0,12.0,fbs,fbs,1580.0,1549.0,False,-22.0,Missouri
401540579,2023,8,William & Mary,Towson,24.0,34.0,fcs,fcs,,,False,10.0,Towson
401520342,2023,8,Nebraska,Northwestern,17.0,9.0,fbs,fbs,1470.0,1345.0,False,-8.0,Nebraska
401520338,2023,8,Iowa,Minnesota,10.0,12.0,fbs,fbs,1668.0,1571.0,False,2.0,Minnesota
401540571,2023,8,Albany,Rhode Island,35.0,10.0,fcs,fcs,,,False,-25.0,Albany
401524035,2023,8,Oregon,Washington State,38.0,24.0,fbs,fbs,1823.0,1480.0,False,-14.0,Oregon
401532426,2023,8,Northern Illinois,Eastern Michigan,20.0,13.0,fbs,fbs,1405.0,1381.0,False,-7.0,Northern Illinois
401520344,2023,8,Connecticut,South Florida,21.0,24.0,fbs,fbs,1192.0,1178.0,False,3.0,South Florida
401532425,2023,8,Ball State,Central Michigan,24.0,17.0,fbs,fbs,1150.0,1282.0,False,-7.0,Ball State
401550328,2023,8,Ferrum,Guilford,28.0,0.0,iii,iii,,,False,-28.0,Ferrum
401540385,2023,8,North Dakota State,Western Illinois,52.0,7.0,fcs,fcs,,,False,-45.0,North Dakota State
401540531,2023,8,Stony Brook,New Hampshire,14.0,45.0,fcs,fcs,,,False,31.0,New Hampshire
401550467,2023,8,Puget Sound,Linfield,6.0,55.0,iii,iii,,,False,49.0,Linfield
401540976,2023,8,Tiffin,Kentucky Wesleyan,37.0,12.0,ii,ii,,,False,-25.0,Tiffin
401541852,2023,8,Delta State,West Florida,21.0,24.0,ii,ii,,,False,3.0,West Florida
401525869,2023,8,Houston,Texas,24.0,31.0,fbs,fbs,1543.0,1910.0,False,7.0,Texas
401540316,2023,8,Campbell,Maine,34.0,28.0,fcs,fcs,,,False,-6.0,Campbell
401532427,2023,8,Miami (OH),Toledo,17.0,21.0,fbs,fbs,1455.0,1487.0,False,4.0,Toledo
401552471,2023,8,Bridgewater State,Westfield State,21.0,0.0,iii,iii,,,False,-21.0,Bridgewater State
401550878,2023,8,Pacific Lutheran,Lewis & Clark,49.0,14.0,iii,iii,,,False,-35.0,Pacific Lutheran
401550137,2023,8,UMass Dartmouth,Fitchburg State,42.0,7.0,iii,iii,,,False,-35.0,UMass Dartmouth
401547023,2023,8,Newberry,Lenoir-Rhyne,10.0,24.0,ii,ii,,,False,14.0,Lenoir-Rhyne
401544150,2023,8,Claremont,Redlands,31.0,17.0,iii,iii,,,False,-14.0,Claremont
401544092,2023,8,Whitworth,Pacific (OR),42.0,20.0,iii,iii,,,False,-22.0,Whitworth
401540254,2023,8,Portland State,Idaho State,24.0,38.0,fcs,fcs,,,False,14.0,Idaho State
401540144,2023,8,Bethune-Cookman,Southern,18.0,28.0,fcs,fcs,,,True,10.0,Southern
401552872,2023,8,La Verne,Pomona-Pitzer,7.0,20.0,iii,iii,,,False,13.0,Pomona-Pitzer
401540612,2023,8,Mercer,Wofford,31.0,17.0,fcs,fcs,,,False,-14.0,Mercer
401540986,2023,8,Western Oregon,Midwestern State,6.0,33.0,ii,ii,,,False,27.0,Midwestern State
401540440,2023,8,Texas A&M-Commerce,Nicholls,7.0,27.0,fcs,fcs,,,False,20.0,Nicholls
401545763,2023,8,West Liberty,Notre Dame College,35.0,40.0,ii,ii,,,False,5.0,Notre Dame College
401553025,2023,8,Buffalo State,Hilbert College,44.0,12.0,iii,iii,,,False,-32.0,Buffalo State
401541049,2023,8,Texas Lutheran,East Texas Baptist,6.0,16.0,iii,iii,,,False,10.0,East Texas Baptist
401540516,2023,8,San Diego,Drake,20.0,25.0,fcs,fcs,,,False,5.0,Drake
401540373,2023,8,Northern Iowa,North Dakota,27.0,0.0,fcs,fcs,,,False,-27.0,Northern Iowa
401547076,2023,8,Miles,Allen,28.0,21.0,ii,ii,,,False,-7.0,Miles
401541631,2023,8,Stephen F. Austin,Abilene Christian,27.0,34.0,fcs,fcs,,,False,7.0,Abilene Christian
401540196,2023,8,Gardner-Webb,Eastern Kentucky,35.0,32.0,fcs,fcs,,,False,-3.0,Gardner-Webb
401531397,2023,8,Florida Atlantic,UT San Antonio,10.0,36.0,fbs,fbs,1476.0,1561.0,False,26.0,UT San Antonio
401541884,2023,8,West Georgia,North Greenville,38.0,14.0,ii,ii,,,False,-24.0,West Georgia
401532600,2023,8,New Mexico,Hawai'i,42.0,21.0,fbs,fbs,1065.0,1118.0,False,-21.0,New Mexico
401547037,2023,8,Edward Waters,Albany State (GA),31.0,27.0,ii,ii,,,False,-4.0,Edward Waters
401525531,2023,8,North Carolina,Virginia,27.0,31.0,fbs,fbs,1756.0,1313.0,False,4.0,Virginia
401540216,2023,8,Tarleton State,Morehead State,42.0,0.0,fcs,fcs,,,False,-42.0,Tarleton State
401540205,2023,8,North Alabama,Utah Tech,31.0,30.0,fcs,fcs,,,False,-1.0,North Alabama
401531895,2023,8,Old Dominion,Appalachian State,28.0,21.0,fbs,fbs,1366.0,1543.0,False,-7.0,Old Dominion
401531896,2023,8,Arkansas State,Coastal Carolina,17.0,27.0,fbs,fbs,1077.0,1411.0,False,10.0,Coastal Carolina
401540240,2023,8,Eastern Washington,Weber State,31.0,23.0,fcs,fcs,,,False,-8.0,Eastern Washington
401550387,2023,8,Geneva College,Bethany (WV),45.0,20.0,iii,iii,,,False,-25.0,Geneva College
401525867,2023,8,BYU,Texas Tech,27.0,14.0,fbs,fbs,1471.0,1637.0,False,-13.0,BYU
401525870,2023,8,Kansas State,TCU,41.0,3.0,fbs,fbs,1800.0,1713.0,False,-38.0,Kansas State
401532599,2023,8,UNLV,Colorado State,25.0,23.0,fbs,fbs,1432.0,1268.0,False,-2.0,UNLV
401532602,2023,8,San José State,Utah State,42.0,21.0,fbs,fbs,1396.0,1429.0,False,-21.0,San José State
401541844,2023,8,Mississippi College,Chowan,38.0,21.0,ii,ii,,,False,-17.0,Mississippi College
401541945,2023,8,Northeastern State,Central Oklahoma,21.0,37.0,ii,ii,,,False,16.0,Central Oklahoma
401547011,2023,8,Limestone,Catawba,27.0,16.0,ii,ii,,,False,-11.0,Limestone
401545855,2023,8,Northern State,Wayne State (NE),28.0,26.0,ii,ii,,,False,-2.0,Northern State
401550371,2023,8,Westminster PA,Allegheny,27.0,17.0,iii,iii,,,False,-10.0,Westminster PA
401550377,2023,8,Carnegie Mellon,Washington & Jefferson,35.0,14.0,iii,iii,,,False,-21.0,Carnegie Mellon
401550410,2023,8,Hendrix College,Rhodes,50.0,49.0,iii,iii,,,False,-1.0,Hendrix College
401541895,2023,8,Angelo State,University of Texas of the Permian Basin,23.0,28.0,ii,ii,,,False,5.0,University of Texas of the Permian Basin
401520335,2023,8,Auburn,Ole Miss,21.0,28.0,fbs,fbs,1559.0,1685.0,False,7.0,Ole Miss
401520339,2023,8,LSU,Army,62.0,0.0,fbs,fbs,1809.0,1444.0,False,-62.0,LSU
401520340,2023,8,Michigan State,Michigan,0.0,49.0,fbs,fbs,1462.0,2123.0,False,49.0,Michigan
401525530,2023,8,Florida State,Duke,38.0,20.0,fbs,fbs,1941.0,1711.0,False,-18.0,Florida State
401541772,2023,8,Oklahoma Baptist,Northwestern Oklahoma State,28.0,7.0,ii,ii,,,False,-21.0,Oklahoma Baptist
401541902,2023,8,Eastern New Mexico,Texas A&M-Kingsville,14.0,35.0,ii,ii,,,False,21.0,Texas A&M-Kingsville
401540178,2023,8,Southern Utah,Austin Peay,45.0,48.0,fcs,fcs,,,False,3.0,Austin Peay
401540152,2023,8,Texas Southern,Florida A&M,21.0,31.0,fcs,fcs,,,False,10.0,Florida A&M
401525529,2023,8,Miami,Clemson,28.0,20.0,fbs,fbs,1560.0,1745.0,False,-8.0,Miami
401524037,2023,8,USC,Utah,32.0,34.0,fbs,fbs,1768.0,1775.0,False,2.0,Utah
401540231,2023,8,Cal Poly,Northern Colorado,24.0,17.0,fcs,fcs,,,False,-7.0,Cal Poly
401531897,2023,8,Louisiana,Georgia State,17.0,20.0,fbs,fbs,1542.0,1532.0,False,3.0,Georgia State
401540393,2023,8,McNeese,Incarnate Word,24.0,35.0,fcs,fcs,,,False,11.0,Incarnate Word
401532601,2023,8,San Diego State,Nevada,0.0,6.0,fbs,fbs,1356.0,1199.0,False,6.0,Nevada
401541916,2023,8,Central Washington,West Texas A&M,30.0,14.0,ii,ii,,,False,-16.0,Central Washington
401550333,2023,8,Chapman,Cal Lutheran,38.0,10.0,iii,iii,,,False,-28.0,Chapman
401550493,2023,8,George Fox University,Willamette,63.0,10.0,iii,iii,,,False,-53.0,George Fox University
401540270,2023,8,Sacramento State,Montana State,30.0,42.0,fcs,fcs,,,False,12.0,Montana State
401524038,2023,8,Washington,Arizona State,15.0,7.0,fbs,fbs,1900.0,1393.0,False,-8.0,Washington
401524036,2023,8,Stanford,UCLA,7.0,42.0,fbs,fbs,1245.0,1671.0,False,35.0,UCLA
401520345,2023,9,Louisiana Tech,New Mexico State,24.0,27.0,fbs,fbs,1241.0,1360.0,False,3.0,New Mexico State
401520346,2023,9,Western Kentucky,Liberty,29.0,42.0,fbs,fbs,1527.0,1603.0,False,13.0,Liberty
401520347,2023,9,Florida International,Jacksonville State,16.0,41.0,fbs,fbs,1081.0,1487.0,False,25.0,Jacksonville State
401520348,2023,9,Sam Houston State,UTEP,34.0,37.0,fbs,fbs,1319.0,1156.0,False,3.0,UTEP
401541786,2023,9,Southern Nazarene,Ouachita Baptist,28.0,49.0,ii,ii,,,False,21.0,Ouachita Baptist
401540008,2023,9,Central Connecticut,Long Island University,23.0,24.0,fcs,fcs,,,False,1.0,Long Island University
401541861,2023,9,Shorter,West Georgia,35.0,41.0,ii,ii,,,False,6.0,West Georgia
401547001,2023,9,Lincoln (MO),Eastern New Mexico,17.0,62.0,ii,ii,,,False,45.0,Eastern New Mexico
401525533,2023,9,Virginia Tech,Syracuse,38.0,10.0,fbs,fbs,1466.0,1451.0,False,-28.0,Virginia Tech
401531929,2023,9,Georgia Southern,Georgia State,44.0,27.0,fbs,fbs,1451.0,1537.0,False,-17.0,Georgia Southern
401539998,2023,9,North Carolina Central,South Carolina State,62.0,28.0,fcs,fcs,,,False,-34.0,North Carolina Central
401540295,2023,9,Pennsylvania,Brown,26.0,30.0,fcs,fcs,,,False,4.0,Brown
401531407,2023,9,Charlotte,Florida Atlantic,16.0,38.0,fbs,fbs,1193.0,1416.0,False,22.0,Florida Atlantic
401553026,2023,9,Hilbert College,Lyon College,27.0,43.0,iii,,,,True,16.0,Lyon College
401520349,2023,9,Army,UMass,14.0,21.0,fbs,fbs,1301.0,926.0,False,7.0,UMass
401553858,2023,9,Delaware Valley,Stevenson,21.0,14.0,iii,iii,,,False,-7.0,Delaware Valley
401534855,2023,9,Delaware State,Howard,10.0,17.0,fcs,fcs,,,False,7.0,Howard
401540042,2023,9,Wagner,Stonehill,28.0,17.0,fcs,fcs,,,False,-11.0,Wagner
401540497,2023,9,Robert Morris,Tennessee Tech,13.0,38.0,fcs,fcs,,,False,25.0,Tennessee Tech
401541634,2023,9,Yale,Columbia,35.0,7.0,fcs,fcs,,,False,-28.0,Yale
401520358,2023,9,Penn State,Indiana,33.0,24.0,fbs,fbs,2002.0,1290.0,False,-9.0,Penn State
401520351,2023,9,Boston College,Connecticut,21.0,14.0,fbs,fbs,1356.0,1187.0,False,-7.0,Boston College
401520356,2023,9,Northwestern,Maryland,33.0,27.0,fbs,fbs,1341.0,1687.0,False,-6.0,Northwestern
401520359,2023,9,Texas A&M,South Carolina,30.0,17.0,fbs,fbs,1738.0,1499.0,False,-13.0,Texas A&M
401550281,2023,9,Oberlin,Ohio Wesleyan,7.0,50.0,iii,iii,,,False,43.0,Ohio Wesleyan
401550082,2023,9,Curry,Nichols,48.0,46.0,iii,iii,,,False,-2.0,Curry
401553018,2023,9,Westfield State,Plymouth State,19.0,20.0,iii,iii,,,False,1.0,Plymouth State
401540977,2023,9,Tiffin,Walsh,40.0,13.0,ii,ii,,,False,-27.0,Tiffin
401531342,2023,9,SMU,Tulsa,69.0,10.0,fbs,fbs,1653.0,1219.0,False,-59.0,SMU
401525878,2023,9,UCF,West Virginia,28.0,41.0,fbs,fbs,1545.0,1462.0,False,13.0,West Virginia
401541818,2023,9,Findlay,Ohio Dominican,24.0,3.0,ii,ii,,,False,-21.0,Findlay
401525536,2023,9,Wake Forest,Florida State,16.0,41.0,fbs,fbs,1502.0,1960.0,False,25.0,Florida State
401525874,2023,9,Kansas,Oklahoma,38.0,33.0,fbs,fbs,1546.0,1934.0,False,-5.0,Kansas
401545764,2023,9,Notre Dame College,Wheeling Jesuit,28.0,25.0,ii,ii,,,False,-3.0,Notre Dame College
401525875,2023,9,Kansas State,Houston,41.0,0.0,fbs,fbs,1897.0,1556.0,False,-41.0,Kansas State
401540806,2023,9,Davenport,Saginaw Valley,24.0,21.0,ii,ii,,,False,-3.0,Davenport
401549621,2023,9,Rensselaer,Rochester,49.0,10.0,iii,iii,,,False,-39.0,Rensselaer
401547026,2023,9,Limestone,Newberry,28.0,24.0,ii,ii,,,False,-4.0,Limestone
401547003,2023,9,Seton Hill College,Edinboro,38.0,28.0,ii,ii,,,False,-10.0,Seton Hill College
401545867,2023,9,California (PA),Mercyhurst,58.0,19.0,ii,ii,,,False,-39.0,California (PA)
401541108,2023,9,Springfield,Merchant Marine,21.0,14.0,iii,iii,,,False,-7.0,Springfield
401541090,2023,9,DePauw,Kenyon,58.0,7.0,iii,iii,,,False,-51.0,DePauw
401540016,2023,9,Sacred Heart,Duquesne,0.0,27.0,fcs,fcs,,,False,27.0,Duquesne
401549741,2023,9,MIT,Norwich,29.0,26.0,iii,iii,,,False,-3.0,MIT
401550053,2023,9,St. John Fisher,Alfred,30.0,12.0,iii,iii,,,False,-18.0,St. John Fisher
401550127,2023,9,Mass Maritime,Framingham State,3.0,28.0,iii,iii,,,False,25.0,Framingham State
401550138,2023,9,Bridgewater State,UMass Dartmouth,14.0,34.0,iii,iii,,,False,20.0,UMass Dartmouth
401551934,2023,9,Keystone,Catholic University,14.0,26.0,iii,iii,,,False,12.0,Catholic University
401552464,2023,9,Anna Maria College,Gallaudet,50.0,7.0,iii,iii,,,False,-43.0,Anna Maria College
401547201,2023,9,Husson,Endicott College,13.0,23.0,iii,iii,,,False,10.0,Endicott College
401540063,2023,9,Georgetown,Lafayette,25.0,35.0,fcs,fcs,,,False,10.0,Lafayette
401549781,2023,9,Wisconsin-La Crosse,Wisconsin-Eau Claire,59.0,14.0,iii,iii,,,False,-45.0,Wisconsin-La Crosse
401540674,2023,9,Bluefield,Virginia Union,12.0,57.0,ii,ii,,,False,45.0,Virginia Union
401553003,2023,9,Lycoming,Juniata,56.0,10.0,iii,iii,,,False,-46.0,Lycoming
401550148,2023,9,Kalamazoo,Hope,17.0,63.0,iii,iii,,,False,46.0,Hope
401550115,2023,9,Lebanon Valley,Alvernia University,34.0,26.0,iii,iii,,,False,-8.0,Lebanon Valley
401553013,2023,9,Misericordia,Albright,38.0,9.0,iii,iii,,,False,-29.0,Misericordia
401549825,2023,9,Moravian,Susquehanna,14.0,33.0,iii,iii,,,False,19.0,Susquehanna
401540327,2023,9,Towson,Delaware,13.0,51.0,fcs,fcs,,,False,38.0,Delaware
401549696,2023,9,Ferris State,American International,56.0,0.0,ii,ii,,,False,-56.0,Ferris State
401547045,2023,9,Albany State (GA),Miles,48.0,7.0,ii,ii,,,False,-41.0,Albany State (GA)
401549792,2023,9,Southern Virginia,Greensboro,7.0,47.0,iii,iii,,,False,40.0,Greensboro
401541808,2023,9,Ashland,Thomas More,28.0,20.0,ii,,,,False,-8.0,Ashland
401541117,2023,9,Randolph-Macon,Washington & Lee,35.0,12.0,iii,iii,,,False,-23.0,Randolph-Macon
401549749,2023,9,William Paterson,Christopher Newport,13.0,33.0,iii,iii,,,False,20.0,Christopher Newport
401549719,2023,9,Bowdoin,Trinity (CT),,,iii,iii,,,False,,Trinity (CT)
401549709,2023,9,Mars Hill,UVA-Wise,49.0,18.0,ii,ii,,,False,-31.0,Mars Hill
401541030,2023,9,Lock Haven,West Chester,27.0,42.0,ii,ii,,,False,15.0,West Chester
401540657,2023,9,Bowie State,Elizabeth City State,19.0,7.0,ii,ii,,,False,-12.0,Bowie State
401532431,2023,9,Eastern Michigan,Western Michigan,21.0,45.0,fbs,fbs,1373.0,1238.0,False,24.0,Western Michigan
401549612,2023,9,Ithaca,Buffalo State,62.0,0.0,iii,iii,,,False,-62.0,Ithaca
401549585,2023,9,Hobart,St Lawrence,35.0,0.0,iii,iii,,,False,-35.0,Hobart
401540799,2023,9,Northern Michigan,Wayne State (MI),17.0,41.0,ii,ii,,,False,24.0,Wayne State (MI)
401550307,2023,9,Hamilton,Tufts,36.0,34.0,iii,iii,,,False,-2.0,Hamilton
401550313,2023,9,Shenandoah,Averett,49.0,35.0,iii,iii,,,False,-14.0,Shenandoah
401540682,2023,9,Shaw,Fayetteville State,14.0,21.0,ii,ii,,,False,7.0,Fayetteville State
401550338,2023,9,Guilford,Hampden-Sydney,21.0,42.0,iii,iii,,,False,21.0,Hampden-Sydney
401550299,2023,9,Bates College,Williams,,,iii,iii,,,False,,Williams
401550290,2023,9,Wabash College,Wittenberg,52.0,20.0,iii,iii,,,False,-32.0,Wabash College
401552995,2023,9,Gettysburg,Dickinson,25.0,28.0,iii,iii,,,False,3.0,Dickinson
401552878,2023,9,Colby,Middlebury,,,iii,iii,,,False,,Middlebury
401552451,2023,9,Ursinus,McDaniel College,49.0,6.0,iii,iii,,,False,-43.0,Ursinus
401552021,2023,9,Wesleyan,Amherst College,34.0,7.0,iii,iii,,,False,-27.0,Wesleyan
401545806,2023,9,Wayne State (NE),Augustana (SD),14.0,12.0,ii,ii,,,False,-2.0,Wayne State (NE)
401541845,2023,9,Chowan,West Alabama,6.0,14.0,ii,ii,,,False,8.0,West Alabama
401544122,2023,9,St. Vincent,Westminster PA,20.0,22.0,iii,iii,,,False,2.0,Westminster PA
401544132,2023,9,Allegheny,Thiel College,27.0,3.0,iii,iii,,,False,-24.0,Allegheny
401544141,2023,9,Berry College,Hendrix College,53.0,6.0,iii,iii,,,False,-47.0,Berry College
401544933,2023,9,Central State,Lane,17.0,14.0,ii,ii,,,False,-3.0,Central State
401544968,2023,9,Alma College,Olivet College,41.0,20.0,iii,iii,,,False,-21.0,Alma College
401545739,2023,9,Fairmont State,West Virginia State,21.0,20.0,ii,ii,,,False,-1.0,Fairmont State
401545788,2023,9,New Haven,Assumption,25.0,14.0,ii,ii,,,False,-11.0,New Haven
401545797,2023,9,St. Anselm,Pace,16.0,23.0,ii,ii,,,False,7.0,Pace
401545817,2023,9,Minnesota-Duluth,Bemidji State,31.0,38.0,ii,ii,,,False,7.0,Bemidji State
401540532,2023,9,Rhode Island,New Hampshire,34.0,28.0,fcs,fcs,,,False,-6.0,Rhode Island
401540517,2023,9,Drake,Stetson,33.0,7.0,fcs,fcs,,,False,-26.0,Drake
401540504,2023,9,William & Mary,Monmouth,31.0,28.0,fcs,fcs,,,False,-3.0,William & Mary
401540492,2023,9,Maine,Albany,21.0,37.0,fcs,fcs,,,False,16.0,Albany
401550871,2023,9,Salisbury,College of New Jersey,27.0,36.0,iii,iii,,,False,9.0,College of New Jersey
401550404,2023,9,Centre,Sewanee Univ. of the South,54.0,22.0,iii,iii,,,False,-32.0,Centre
401541127,2023,9,Westminster,Greenville,6.0,38.0,iii,iii,,,False,32.0,Greenville
401558981,2023,9,Franklin & Marshall,Kean,40.0,14.0,iii,iii,,,False,-26.0,Franklin & Marshall
401545748,2023,9,Frostburg State,Charleston (WV),25.0,28.0,ii,ii,,,False,3.0,Charleston (WV)
401540037,2023,9,St Francis (PA),Merrimack,28.0,21.0,fcs,fcs,,,False,-7.0,St Francis (PA)
401540053,2023,9,Colgate,Bucknell,34.0,49.0,fcs,fcs,,,False,15.0,Bucknell
401540070,2023,9,Fordham,Holy Cross,47.0,49.0,fcs,fcs,,,False,2.0,Holy Cross
401540106,2023,9,Illinois State,Northern Iowa,21.0,24.0,fcs,fcs,,,False,3.0,Northern Iowa
401575335,2023,9,Post University,Southern Connecticut State,14.0,35.0,ii,ii,,,True,21.0,Southern Connecticut State
401558402,2023,9,Widener,King's College (PA),31.0,14.0,iii,iii,,,False,-17.0,Widener
401553866,2023,9,Worcester Polytechnic,Salve Regina,24.0,27.0,iii,iii,,,False,3.0,Salve Regina
401550394,2023,9,Grove City College,Bethany (WV),56.0,14.0,iii,iii,,,False,-42.0,Grove City College
401550388,2023,9,Waynesburg,Geneva College,29.0,43.0,iii,iii,,,False,14.0,Geneva College
401550364,2023,9,Maryville TN,Belhaven College,20.0,7.0,iii,iii,,,False,-13.0,Maryville TN
401550352,2023,9,Trinity (TX),Millsaps,63.0,0.0,iii,iii,,,False,-63.0,Trinity (TX)
401547211,2023,9,University of New England,Western New England,7.0,42.0,iii,iii,,,False,35.0,Western New England
401545768,2023,9,Alderson-Broaddus,West Liberty,0.0,0.0,ii,ii,,,False,-0.0,West Liberty
401547018,2023,9,Erskine,Tusculum,14.0,52.0,ii,ii,,,False,38.0,Tusculum
401545873,2023,9,Slippery Rock,Clarion,42.0,14.0,ii,ii,,,False,-28.0,Slippery Rock
401545850,2023,9,University of Mary,Minot State,27.0,23.0,ii,ii,,,False,-4.0,University of Mary
401545840,2023,9,Minnesota St-Moorhead,Winona State,20.0,17.0,ii,ii,,,False,-3.0,Minnesota St-Moorhead
401545824,2023,9,Concordia-St. Paul,Northern State,20.0,14.0,ii,ii,,,False,-6.0,Concordia-St. Paul
401540330,2023,9,Cornell,Princeton,3.0,14.0,fcs,fcs,,,False,11.0,Princeton
401540459,2023,9,Butler,Valparaiso,17.0,7.0,fcs,fcs,,,False,-10.0,Butler
401553037,2023,9,Eastern University,FDU-Florham,19.0,24.0,iii,iii,,,True,5.0,FDU-Florham
401545966,2023,9,East Stroudsburg,Shippensburg,41.0,17.0,ii,ii,,,False,-24.0,East Stroudsburg
401550072,2023,9,Manchester,Defiance,27.0,51.0,iii,iii,,,False,24.0,Defiance
401553033,2023,9,Anderson (IN),Bluffton,7.0,45.0,iii,iii,,,False,38.0,Bluffton
401540588,2023,9,VMI,Chattanooga,23.0,24.0,fcs,fcs,,,False,1.0,Chattanooga
401544112,2023,9,Mount Union,Otterbein,51.0,14.0,iii,iii,,,False,-37.0,Mount Union
401550251,2023,9,Baldwin-Wallace,Capital,59.0,35.0,iii,iii,,,False,-24.0,Baldwin-Wallace
401544995,2023,9,Heidelberg,Wilmington (OH),49.0,35.0,iii,iii,,,False,-14.0,Heidelberg
401553032,2023,9,Mount St. Joseph,Franklin,55.0,0.0,iii,iii,,,False,-55.0,Mount St. Joseph
401540486,2023,9,Gardner-Webb,UT Martin,38.0,34.0,fcs,fcs,,,False,-4.0,Gardner-Webb
401549758,2023,9,John Carroll,Muskingum,42.0,13.0,iii,iii,,,False,-29.0,John Carroll
401541987,2023,9,Washburn,Northwest Missouri State,31.0,52.0,ii,ii,,,False,21.0,Northwest Missouri State
401545879,2023,9,Kutztown,Millersville,17.0,12.0,ii,ii,,,False,-5.0,Kutztown
401550182,2023,9,Hamline,Macalester,38.0,27.0,iii,iii,,,False,-11.0,Hamline
401549703,2023,9,Bentley,Franklin Pierce,12.0,10.0,ii,ii,,,False,-2.0,Bentley
401547000,2023,9,North Greenville,Mississippi College,34.0,10.0,ii,ii,,,False,-24.0,North Greenville
401550217,2023,9,Knox College,Cornell College (IA),21.0,28.0,iii,iii,,,False,7.0,Cornell College (IA)
401550189,2023,9,St. Johns (MN),St. Scholastica,62.0,7.0,iii,iii,,,False,-55.0,St. Johns (MN)
401540419,2023,9,Hampton,North Carolina A&T,26.0,24.0,fcs,fcs,,,False,-2.0,Hampton
401540351,2023,9,Youngstown State,Missouri State,44.0,28.0,fcs,fcs,,,False,-16.0,Youngstown State
401540303,2023,9,North Dakota,Indiana State,36.0,33.0,fcs,fcs,,,False,-3.0,North Dakota
401539984,2023,9,Norfolk State,Morgan State,28.0,32.0,fcs,fcs,,,False,4.0,Morgan State
401547138,2023,9,McMurry,Austin College,51.0,13.0,iii,iii,,,False,-38.0,McMurry
401547173,2023,9,Hardin-Simmons,Mary Hardin-Baylor,24.0,14.0,iii,iii,,,False,-10.0,Hardin-Simmons
401547184,2023,9,East Texas Baptist,Sul Ross State,24.0,10.0,iii,iii,,,False,-14.0,East Texas Baptist
401547219,2023,9,Carthage,Carroll (WI),30.0,27.0,iii,iii,,,False,-3.0,Carthage
401549647,2023,9,Washington (MO),Elmhurst,66.0,0.0,iii,iii,,,False,-66.0,Washington (MO)
401550235,2023,9,Eureka College,Concordia (WI),21.0,35.0,iii,iii,,,False,14.0,Concordia (WI)
401550247,2023,9,Wisconsin Lutheran,Benedictine (IL),24.0,34.0,iii,iii,,,False,10.0,Benedictine (IL)
401550320,2023,9,Bridgewater (VA),Ferrum,48.0,16.0,iii,iii,,,False,-32.0,Bridgewater (VA)
401550423,2023,9,UW-Whitewater,Wisconsin-Platteville,45.0,23.0,iii,iii,,,False,-22.0,UW-Whitewater
401550427,2023,9,UW-Stout,UW-River Falls,35.0,49.0,iii,iii,,,False,14.0,UW-River Falls
401550445,2023,9,Minnesota-Morris,Crown College,56.0,23.0,iii,iii,,,False,-33.0,Minnesota-Morris
401549679,2023,9,Concordia (IL),St. Norbert,7.0,56.0,iii,iii,,,False,49.0,St. Norbert
401549688,2023,9,Rockford,Aurora,10.0,77.0,iii,iii,,,False,67.0,Aurora
401549727,2023,9,SUNY Maritime,Coast Guard,24.0,21.0,iii,iii,,,False,-3.0,SUNY Maritime
401549765,2023,9,Rhodes,Birmingham-Southern,34.0,8.0,iii,iii,,,False,-26.0,Rhodes
401545980,2023,9,Fort Lewis,Black Hills State,20.0,34.0,ii,ii,,,False,14.0,Black Hills State
401541971,2023,9,Missouri Western,Northeastern State,44.0,0.0,ii,ii,,,False,-44.0,Missouri Western
401541009,2023,9,Bloomsburg,Shepherd,14.0,10.0,ii,ii,,,False,-4.0,Bloomsburg
401540743,2023,9,Southwest Baptist,Truman State,20.0,17.0,ii,ii,,,False,-3.0,Southwest Baptist
401540734,2023,9,Missouri S&T,William Jewell College,57.0,20.0,ii,ii,,,False,-37.0,Missouri S&T
401549773,2023,9,Northwestern (MN),Martin Luther College,21.0,14.0,iii,iii,,,False,-7.0,Northwestern (MN)
401550045,2023,9,North Park,North Central,0.0,56.0,iii,iii,,,False,56.0,North Central
401550093,2023,9,Rose-Hulman,Hanover,44.0,39.0,iii,iii,,,False,-5.0,Rose-Hulman
401540691,2023,9,Johnson C Smith,Winston-Salem,35.0,31.0,ii,ii,,,False,-4.0,Johnson C Smith
401540665,2023,9,Virginia State,Lincoln (PA),75.0,25.0,ii,ii,,,False,-50.0,Virginia State
401541080,2023,9,Carleton,Bethel (MN),0.0,40.0,iii,iii,,,False,40.0,Bethel (MN)
401541823,2023,9,Hillsdale,Lake Erie College,52.0,21.0,ii,ii,,,False,-31.0,Hillsdale
401541946,2023,9,Fort Hays State,Central Oklahoma,34.0,0.0,ii,ii,,,False,-34.0,Fort Hays State
401550211,2023,9,Ripon,Monmouth (IL),3.0,45.0,iii,iii,,,False,42.0,Monmouth (IL)
401541050,2023,9,Howard Payne,Texas Lutheran,31.0,27.0,iii,iii,,,False,-4.0,Howard Payne
401541020,2023,9,Indiana (PA),Gannon,15.0,16.0,ii,ii,,,False,1.0,Gannon
401549656,2023,9,Lake Forest,Beloit College,41.0,0.0,iii,iii,,,False,-41.0,Lake Forest
401525534,2023,9,NC State,Clemson,24.0,17.0,fbs,fbs,1502.0,1721.0,False,-7.0,NC State
401545845,2023,9,Minnesota State,Southwest Minnesota State,30.0,12.0,ii,ii,,,False,-18.0,Minnesota State
401545734,2023,9,Concord,WV Wesleyan,38.0,9.0,ii,ii,,,False,-29.0,Concord
401547059,2023,9,Tuskegee,Clark Atlanta,14.0,3.0,ii,ii,,,False,-11.0,Tuskegee
401544951,2023,9,Millikin,Wheaton College (Ill),0.0,75.0,iii,iii,,,False,75.0,Wheaton College (Ill)
401544942,2023,9,Illinois Wesleyan,Augustana (IL),14.0,44.0,iii,iii,,,False,30.0,Augustana (IL)
401544084,2023,9,Illinois College,Grinnell,93.0,0.0,iii,iii,,,False,-93.0,Illinois College
401544058,2023,9,Brockport State (NY),Utica,38.0,3.0,iii,iii,,,False,-35.0,Brockport State (NY)
401550177,2023,9,St. Olaf College,Gustavus Adolphus,40.0,41.0,iii,iii,,,False,1.0,Gustavus Adolphus
401545986,2023,9,New Mexico Highlands,Chadron State,21.0,24.0,ii,ii,,,False,3.0,Chadron State
401545997,2023,9,Colorado Mines,Western State,42.0,7.0,ii,ii,,,False,-35.0,Colorado Mines
401547038,2023,9,Allen,Edward Waters,59.0,21.0,ii,ii,,,False,-38.0,Allen
401547066,2023,9,Fort Valley State,Virginia Lynchburg,37.0,26.0,ii,,,,False,-11.0,Fort Valley State
401547070,2023,9,Morehouse,Kentucky State,21.0,23.0,ii,ii,,,False,2.0,Kentucky State
401547087,2023,9,Buena Vista,Loras College,21.0,49.0,iii,iii,,,False,28.0,Loras College
401547097,2023,9,Wartburg,Central,24.0,14.0,iii,iii,,,False,-10.0,Wartburg
401547104,2023,9,Coe,Luther,64.0,2.0,iii,iii,,,False,-62.0,Coe
401541098,2023,9,Wooster,Hiram,47.0,14.0,iii,iii,,,False,-33.0,Wooster
401540594,2023,9,Furman,East Tennessee State,16.0,8.0,fcs,fcs,,,False,-8.0,Furman
401544924,2023,9,Wingate,Lenoir-Rhyne,34.0,30.0,ii,ii,,,False,-4.0,Wingate
401550159,2023,9,Augsburg,Concordia (MN),10.0,30.0,iii,iii,,,False,20.0,Concordia (MN)
401550204,2023,9,Chicago,Lawrence,55.0,12.0,iii,iii,,,False,-43.0,Chicago
401544103,2023,9,Ohio Northern,Marietta,17.0,21.0,iii,iii,,,False,4.0,Marietta
401547192,2023,9,Muhlenberg,Johns Hopkins,28.0,34.0,iii,iii,,,False,6.0,Johns Hopkins
401540576,2023,9,Villanova,Stony Brook,48.0,13.0,fcs,fcs,,,False,-35.0,Villanova
401540526,2023,9,St. Thomas (MN),Marist,49.0,14.0,fcs,fcs,,,False,-35.0,St. Thomas (MN)
401540443,2023,9,South Dakota,South Dakota State,3.0,37.0,fcs,fcs,,,False,34.0,South Dakota State
401550059,2023,9,Hartwick,SUNY Cortland,7.0,73.0,iii,iii,,,False,66.0,SUNY Cortland
401540613,2023,9,Western Carolina,Mercer,38.0,45.0,fcs,fcs,,,False,7.0,Mercer
401541136,2023,9,UW-Oshkosh,Wisconsin-Stevens Point,66.0,28.0,iii,iii,,,False,-38.0,UW-Oshkosh
401545993,2023,9,Colorado State-Pueblo,Colorado Mesa,59.0,20.0,ii,ii,,,False,-39.0,Colorado State-Pueblo
401540620,2023,9,Samford,The Citadel,37.0,7.0,fcs,fcs,,,False,-30.0,Samford
401540129,2023,9,Alcorn State,Mississippi Valley State,24.0,3.0,fcs,fcs,,,False,-21.0,Alcorn State
401540137,2023,9,Arkansas-Pine Bluff,Jackson State,14.0,40.0,fcs,fcs,,,False,26.0,Jackson State
401540145,2023,9,Grambling,Bethune-Cookman,28.0,14.0,fcs,fcs,,,False,-14.0,Grambling
401540209,2023,9,Southern Utah,Abilene Christian,52.0,14.0,fcs,fcs,,,False,-38.0,Southern Utah
401540262,2023,9,Montana,Northern Colorado,40.0,0.0,fcs,fcs,,,False,-40.0,Montana
401540359,2023,9,Houston Christian,Texas A&M-Commerce,17.0,13.0,fcs,fcs,,,False,-4.0,Houston Christian
401540501,2023,9,Nicholls,Southeast Missouri State,31.0,35.0,fcs,fcs,,,False,4.0,Southeast Missouri State
401540609,2023,9,Kennesaw State,Lincoln University (CA),28.0,12.0,fcs,,,,False,-16.0,Kennesaw State
401549815,2023,9,LaGrange College,Brevard College,20.0,30.0,iii,iii,,,False,10.0,Brevard College
401547051,2023,9,Savannah State,Benedict College,17.0,38.0,ii,ii,,,False,21.0,Benedict College
401544905,2023,9,Adams State,South Dakota Mines,9.0,63.0,ii,ii,,,False,54.0,South Dakota Mines
401544880,2023,9,Pittsburg State,Sioux Falls,55.0,6.0,ii,ii,,,False,-49.0,Pittsburg State
401544074,2023,9,Adrian,Albion,21.0,34.0,iii,iii,,,False,13.0,Albion
401541976,2023,9,Emporia State,Nebraska-Kearney,39.0,17.0,ii,ii,,,False,-22.0,Emporia State
401541936,2023,9,Missouri Southern State,Central Missouri State,21.0,42.0,ii,ii,,,False,21.0,Central Missouri State
401541793,2023,9,Southern Arkansas,Southwestern Oklahoma,41.0,10.0,ii,ii,,,False,-31.0,Southern Arkansas
401541765,2023,9,Henderson State,Northwestern Oklahoma State,51.0,0.0,ii,ii,,,False,-51.0,Henderson State
401541758,2023,9,Southeastern Oklahoma,Harding,0.0,55.0,ii,ii,,,False,55.0,Harding
401541040,2023,9,Carson-Newman,Emory & Henry,37.0,7.0,ii,ii,,,False,-30.0,Carson-Newman
401540782,2023,9,Oklahoma Baptist,Arkansas-Monticello,28.0,7.0,ii,ii,,,False,-21.0,Oklahoma Baptist
401540772,2023,9,Grand Valley State,Michigan Tech,44.0,13.0,ii,ii,,,False,-31.0,Grand Valley State
401540725,2023,9,East Central,Arkansas Tech,16.0,18.0,ii,ii,,,False,2.0,Arkansas Tech
401540998,2023,9,UNC Pembroke,Glenville State,49.0,0.0,ii,ii,,,False,-49.0,UNC Pembroke
401540496,2023,9,Tennessee State,Lindenwood,43.0,20.0,fcs,fcs,,,False,-23.0,Tennessee State
401531430,2023,9,North Texas,Memphis,42.0,45.0,fbs,fbs,1389.0,1593.0,False,3.0,Memphis
401525877,2023,9,Texas,BYU,35.0,6.0,fbs,fbs,1897.0,1511.0,False,-29.0,Texas
401520355,2023,9,Nebraska,Purdue,31.0,14.0,fbs,fbs,1474.0,1482.0,False,-17.0,Nebraska
401524044,2023,9,Utah,Oregon,6.0,35.0,fbs,fbs,1777.0,1824.0,False,29.0,Oregon
401525873,2023,9,Baylor,Iowa State,18.0,30.0,fbs,fbs,1467.0,1595.0,False,12.0,Iowa State
401525538,2023,9,Miami,Virginia,29.0,26.0,fbs,fbs,1584.0,1352.0,False,-3.0,Miami
401525535,2023,9,Louisville,Duke,23.0,0.0,fbs,fbs,1657.0,1692.0,False,-23.0,Louisville
401520354,2023,9,Minnesota,Michigan State,27.0,12.0,fbs,fbs,1579.0,1401.0,False,-15.0,Minnesota
401525440,2023,9,Notre Dame,Pittsburgh,58.0,7.0,fbs,fbs,1892.0,1544.0,False,-51.0,Notre Dame
401531898,2023,9,Appalachian State,Southern Mississippi,48.0,38.0,fbs,fbs,1523.0,1115.0,False,-10.0,Appalachian State
401520352,2023,9,Florida,Georgia,20.0,43.0,fbs,fbs,1595.0,2070.0,True,23.0,Georgia
401532432,2023,9,Ohio,Miami (OH),16.0,30.0,fbs,fbs,1528.0,1451.0,False,14.0,Miami (OH)
401531398,2023,9,UT San Antonio,East Carolina,41.0,27.0,fbs,fbs,1621.0,1341.0,False,-14.0,UT San Antonio
401540111,2023,9,Alabama State,Alabama A&M,31.0,16.0,fcs,fcs,,,True,-15.0,Alabama State
401540317,2023,9,Richmond,Campbell,44.0,13.0,fcs,fcs,,,False,-31.0,Richmond
401540366,2023,9,North Dakota State,Murray State,38.0,6.0,fcs,fcs,,,False,-32.0,North Dakota State
401520350,2023,9,Auburn,Mississippi State,27.0,13.0,fbs,fbs,1555.0,1549.0,False,-14.0,Auburn
401550468,2023,9,Linfield,Pacific (OR),42.0,27.0,iii,iii,,,False,-15.0,Linfield
401550334,2023,9,Claremont,Chapman,10.0,14.0,iii,iii,,,False,4.0,Chapman
401544914,2023,9,Catawba,Barton College,32.0,27.0,ii,ii,,,False,-5.0,Catawba
401540179,2023,9,Austin Peay,North Alabama,49.0,39.0,fcs,fcs,,,False,-10.0,Austin Peay
401552869,2023,9,Livingstone,St. Augustine's,34.0,14.0,ii,ii,,,False,-20.0,Livingstone
401540449,2023,9,Western Illinois,Southern Illinois,0.0,63.0,fcs,fcs,,,False,63.0,Southern Illinois
401540247,2023,9,Idaho,Montana State,24.0,21.0,fcs,fcs,,,False,-3.0,Idaho
401540276,2023,9,Northern Arizona,UC Davis,38.0,21.0,fcs,fcs,,,False,-17.0,Northern Arizona
401540241,2023,9,Portland State,Eastern Washington,47.0,35.0,fcs,fcs,,,False,-12.0,Portland State
401553006,2023,9,Willamette,Puget Sound,21.0,40.0,iii,iii,,,False,19.0,Puget Sound
401540379,2023,9,Lamar,Incarnate Word,7.0,17.0,fcs,fcs,,,False,10.0,Incarnate Word
401544093,2023,9,Lewis & Clark,Whitworth,21.0,63.0,iii,iii,,,False,42.0,Whitworth
401541869,2023,9,West Florida,Valdosta State,28.0,31.0,ii,ii,,,True,3.0,Valdosta State
401540715,2023,9,Quincy,McKendree,34.0,41.0,ii,ii,,,False,7.0,McKendree
401540153,2023,9,Florida A&M,Prairie View,45.0,7.0,fcs,fcs,,,False,-38.0,Florida A&M
401540426,2023,9,Charleston Southern,Bryant,24.0,47.0,fcs,fcs,,,False,23.0,Bryant
401540339,2023,9,Harvard,Dartmouth,17.0,9.0,fcs,fcs,,,False,-8.0,Harvard
401524041,2023,9,California,USC,49.0,50.0,fbs,fbs,1491.0,1766.0,False,1.0,USC
401531373,2023,9,Rice,Tulane,28.0,30.0,fbs,fbs,1300.0,1645.0,False,2.0,Tulane
401550065,2023,9,Castleton State College,Dean College,18.0,19.0,iii,iii,,,False,1.0,Dean College
401531901,2023,9,Louisiana Monroe,Arkansas State,24.0,34.0,fbs,fbs,1103.0,1083.0,False,10.0,Arkansas State
401531902,2023,9,South Alabama,Louisiana,20.0,33.0,fbs,fbs,1716.0,1537.0,False,13.0,Louisiana
401547112,2023,9,Simpson College,Dubuque,21.0,45.0,iii,iii,,,False,24.0,Dubuque
401550198,2023,9,Montclair State,Rowan,14.0,21.0,iii,iii,,,False,7.0,Rowan
401540550,2023,9,San Diego,Morehead State,17.0,11.0,fcs,fcs,,,False,-6.0,San Diego
401540189,2023,9,Central Arkansas,Tarleton State,23.0,25.0,fcs,fcs,,,False,2.0,Tarleton State
401540171,2023,9,Southern,Texas Southern,23.0,17.0,fcs,fcs,,,False,-6.0,Southern
401532607,2023,9,Boise State,Wyoming,32.0,7.0,fbs,fbs,1533.0,1433.0,False,-25.0,Boise State
401531899,2023,9,Coastal Carolina,Marshall,34.0,6.0,fbs,fbs,1405.0,1507.0,False,-28.0,Coastal Carolina
401550385,2023,9,Washington & Jefferson,Case Western Reserve,38.0,33.0,iii,iii,,,False,-5.0,Washington & Jefferson
401549808,2023,9,Methodist,NC Wesleyan,3.0,27.0,iii,iii,,,False,24.0,NC Wesleyan
401540705,2023,9,Indianapolis,Upper Iowa,35.0,7.0,ii,ii,,,False,-28.0,Indianapolis
401540403,2023,9,Davidson,Presbyterian College,45.0,28.0,fcs,fcs,,,False,-17.0,Davidson
401532603,2023,9,Colorado State,Air Force,13.0,30.0,fbs,fbs,1270.0,1776.0,False,17.0,Air Force
401520353,2023,9,Kentucky,Tennessee,27.0,33.0,fbs,fbs,1591.0,1879.0,False,6.0,Tennessee
401541909,2023,9,University of Texas of the Permian Basin,Western Oregon,28.0,16.0,ii,ii,,,False,-12.0,University of Texas of the Permian Basin
401531903,2023,9,Texas State,Troy,13.0,31.0,fbs,fbs,1376.0,1638.0,False,18.0,Troy
401524042,2023,9,Stanford,Washington,33.0,42.0,fbs,fbs,1198.0,1884.0,False,9.0,Washington
401550494,2023,9,George Fox University,Pacific Lutheran,35.0,25.0,iii,iii,,,False,-10.0,George Fox University
401541831,2023,9,Kentucky Wesleyan,Northwood (MI),13.0,28.0,ii,ii,,,False,15.0,Northwood (MI)
401520357,2023,9,Ole Miss,Vanderbilt,33.0,7.0,fbs,fbs,1689.0,1292.0,False,-26.0,Ole Miss
401520360,2023,9,Wisconsin,Ohio State,10.0,24.0,fbs,fbs,1678.0,2081.0,False,14.0,Ohio State
401524043,2023,9,UCLA,Colorado,28.0,16.0,fbs,fbs,1718.0,1285.0,False,-12.0,UCLA
401525537,2023,9,Georgia Tech,North Carolina,46.0,42.0,fbs,fbs,1328.0,1717.0,False,-4.0,Georgia Tech
401540987,2023,9,Midwestern State,Western New Mexico,56.0,7.0,ii,ii,,,False,-49.0,Midwestern State
401540394,2023,9,McNeese,Northwestern State,,,fcs,fcs,,,False,,Northwestern State
401525876,2023,9,Oklahoma State,Cincinnati,45.0,13.0,fbs,fbs,1540.0,1514.0,False,-32.0,Oklahoma State
401531900,2023,9,James Madison,Old Dominion,30.0,27.0,fbs,fbs,1673.0,1386.0,False,-3.0,James Madison
401541896,2023,9,West Texas A&M,Angelo State,10.0,27.0,ii,ii,,,False,17.0,Angelo State
401541903,2023,9,Texas A&M-Kingsville,Central Washington,17.0,21.0,ii,ii,,,False,4.0,Central Washington
401524040,2023,9,Arizona State,Washington State,38.0,27.0,fbs,fbs,1409.0,1479.0,False,-11.0,Arizona State
401540197,2023,9,Utah Tech,Eastern Kentucky,30.0,34.0,fcs,fcs,,,False,4.0,Eastern Kentucky
401540255,2023,9,Sacramento State,Idaho State,51.0,16.0,fcs,fcs,,,False,-35.0,Sacramento State
401552873,2023,9,Cal Lutheran,Pomona-Pitzer,24.0,38.0,iii,iii,,,False,14.0,Pomona-Pitzer
401544151,2023,9,Redlands,La Verne,40.0,12.0,iii,iii,,,False,-28.0,Redlands
401524039,2023,9,Arizona,Oregon State,27.0,24.0,fbs,fbs,1606.0,1790.0,False,-3.0,Arizona
401532604,2023,9,Nevada,New Mexico,34.0,24.0,fbs,fbs,1222.0,1121.0,False,-10.0,Nevada
401532606,2023,9,Fresno State,UNLV,31.0,24.0,fbs,fbs,1741.0,1430.0,False,-7.0,Fresno State
401532605,2023,9,Hawai'i,San José State,0.0,35.0,fbs,fbs,1062.0,1449.0,False,35.0,San José State
401552482,2023,9,Worcester State College,Western Connecticut State,10.0,58.0,iii,iii,,,False,48.0,Western Connecticut State
401532433,2023,10,Central Michigan,Northern Illinois,37.0,31.0,fbs,fbs,1265.0,1413.0,False,-6.0,Central Michigan
401532434,2023,10,Toledo,Buffalo,31.0,13.0,fbs,fbs,1491.0,1371.0,False,-18.0,Toledo
401532435,2023,10,Bowling Green,Ball State,24.0,21.0,fbs,fbs,1281.0,1167.0,False,-3.0,Bowling Green
401532436,2023,10,Akron,Kent State,31.0,27.0,fbs,fbs,1051.0,1101.0,False,-4.0,Akron
401525879,2023,10,Texas Tech,TCU,35.0,28.0,fbs,fbs,1597.0,1616.0,False,-7.0,Texas Tech
401545769,2023,10,Charleston (WV),West Liberty,42.0,17.0,ii,ii,,,False,-25.0,Charleston (WV)
401531904,2023,10,Troy,South Alabama,28.0,10.0,fbs,fbs,1655.0,1669.0,False,-18.0,Troy
401540146,2023,10,Bethune-Cookman,Mississippi Valley State,20.0,7.0,fcs,fcs,,,False,-13.0,Bethune-Cookman
401525539,2023,10,Duke,Wake Forest,24.0,21.0,fbs,fbs,1632.0,1486.0,False,-3.0,Duke
401540340,2023,10,Dartmouth,Princeton,23.0,21.0,fcs,fcs,,,False,-2.0,Dartmouth
401525540,2023,10,Syracuse,Boston College,10.0,17.0,fbs,fbs,1379.0,1356.0,False,7.0,Boston College
401532609,2023,10,Wyoming,Colorado State,24.0,15.0,fbs,fbs,1381.0,1277.0,False,-9.0,Wyoming
401540557,2023,10,Presbyterian College,San Diego,13.0,23.0,fcs,fcs,,,False,10.0,San Diego
401540009,2023,10,Sacred Heart,Central Connecticut,31.0,24.0,fcs,fcs,,,False,-7.0,Sacred Heart
401552883,2023,10,Westfield State,Worcester State College,30.0,12.0,iii,iii,,,False,-18.0,Westfield State
401540518,2023,10,Marist,Drake,3.0,10.0,fcs,fcs,,,False,7.0,Drake
401540296,2023,10,Brown,Yale,17.0,36.0,fcs,fcs,,,False,19.0,Yale
401540071,2023,10,Lehigh,Holy Cross,24.0,28.0,fcs,fcs,,,False,4.0,Holy Cross
401540024,2023,10,St Francis (PA),Long Island University,28.0,29.0,fcs,fcs,,,False,1.0,Long Island University
401540017,2023,10,Wagner,Duquesne,26.0,34.0,fcs,fcs,,,False,8.0,Duquesne
401552548,2023,10,American International,Post University,41.0,17.0,ii,ii,,,False,-24.0,American International
401552477,2023,10,Fitchburg State,Western Connecticut State,0.0,54.0,iii,iii,,,False,54.0,Western Connecticut State
401552472,2023,10,Framingham State,Bridgewater State,7.0,21.0,iii,iii,,,False,14.0,Bridgewater State
401545798,2023,10,St. Anselm,Franklin Pierce,24.0,17.0,ii,ii,,,False,-7.0,St. Anselm
401545774,2023,10,Wheeling Jesuit,West Virginia State,29.0,22.0,ii,ii,,,False,-7.0,Wheeling Jesuit
401525545,2023,10,North Carolina,Campbell,59.0,7.0,fbs,fcs,1701.0,,False,-52.0,North Carolina
401520376,2023,10,South Carolina,Jacksonville State,38.0,28.0,fbs,fbs,1493.0,1508.0,False,-10.0,South Carolina
401520365,2023,10,Indiana,Wisconsin,20.0,14.0,fbs,fbs,1317.0,1682.0,False,-6.0,Indiana
401544897,2023,10,Clarion,Indiana (PA),27.0,39.0,ii,ii,,,False,12.0,Indiana (PA)
401520377,2023,10,Tennessee,Connecticut,59.0,3.0,fbs,fbs,1870.0,1187.0,False,-56.0,Tennessee
401544067,2023,10,Lebanon Valley,FDU-Florham,21.0,28.0,iii,iii,,,False,7.0,FDU-Florham
401541824,2023,10,Walsh,Hillsdale,3.0,28.0,ii,ii,,,False,25.0,Hillsdale
401541109,2023,10,Norwich,Springfield,7.0,58.0,iii,iii,,,False,51.0,Springfield
401541041,2023,10,UVA-Wise,Carson-Newman,7.0,52.0,ii,ii,,,False,45.0,Carson-Newman
401541021,2023,10,Gannon,California (PA),17.0,34.0,ii,ii,,,False,17.0,California (PA)
401520369,2023,10,Michigan State,Nebraska,20.0,17.0,fbs,fbs,1385.0,1512.0,False,-3.0,Michigan State
401541010,2023,10,Millersville,Bloomsburg,31.0,34.0,ii,ii,,,False,3.0,Bloomsburg
401520363,2023,10,Florida,Arkansas,36.0,39.0,fbs,fbs,1592.0,1596.0,False,3.0,Arkansas
401525884,2023,10,Texas,Kansas State,33.0,30.0,fbs,fbs,1930.0,1971.0,False,-3.0,Texas
401525441,2023,10,Clemson,Notre Dame,31.0,23.0,fbs,fbs,1698.0,1998.0,False,-8.0,Clemson
401520375,2023,10,Rutgers,Ohio State,16.0,35.0,fbs,fbs,1465.0,2077.0,False,19.0,Ohio State
401520374,2023,10,Ole Miss,Texas A&M,38.0,35.0,fbs,fbs,1713.0,1744.0,False,-3.0,Ole Miss
401550128,2023,10,Plymouth State,Mass Maritime,31.0,21.0,iii,iii,,,False,-10.0,Plymouth State
401550369,2023,10,NC Wesleyan,Maryville TN,14.0,49.0,iii,iii,,,False,35.0,Maryville TN
401550872,2023,10,College of New Jersey,William Paterson,31.0,14.0,iii,iii,,,False,-17.0,College of New Jersey
401550105,2023,10,Lycoming,Moravian,31.0,20.0,iii,iii,,,False,-11.0,Lycoming
401550083,2023,10,Endicott College,Curry,48.0,6.0,iii,iii,,,False,-42.0,Endicott College
401551935,2023,10,Juniata,Keystone,35.0,42.0,iii,iii,,,False,7.0,Keystone
401550270,2023,10,Hiram,Wabash College,13.0,52.0,iii,iii,,,False,39.0,Wabash College
401550066,2023,10,Alfred State College,Castleton State College,44.0,8.0,iii,iii,,,False,-36.0,Alfred State College
401552465,2023,10,Gallaudet,Dean College,38.0,16.0,iii,iii,,,False,-22.0,Gallaudet
401553023,2023,10,Wilkes,Catholic University,35.0,40.0,iii,iii,,,False,5.0,Catholic University
401553859,2023,10,Stevenson,King's College (PA),8.0,16.0,iii,iii,,,False,8.0,King's College (PA)
401546994,2023,10,Davenport,Ferris State,10.0,28.0,ii,ii,,,False,18.0,Ferris State
401545789,2023,10,Bentley,Assumption,31.0,6.0,ii,ii,,,False,-25.0,Bentley
401550060,2023,10,SUNY Cortland,Brockport State (NY),41.0,17.0,iii,iii,,,False,-24.0,SUNY Cortland
401545880,2023,10,West Chester,Kutztown,17.0,27.0,ii,ii,,,False,10.0,Kutztown
401545895,2023,10,Shepherd,East Stroudsburg,44.0,17.0,ii,ii,,,False,-27.0,Shepherd
401545970,2023,10,Edinboro,Slippery Rock,18.0,56.0,ii,ii,,,False,38.0,Slippery Rock
401550308,2023,10,Hamilton,Middlebury,7.0,41.0,iii,iii,,,False,34.0,Middlebury
401540075,2023,10,Lafayette,Colgate,34.0,37.0,fcs,fcs,,,False,3.0,Colgate
401540343,2023,10,Columbia,Harvard,24.0,38.0,fcs,fcs,,,False,14.0,Harvard
401547202,2023,10,University of New England,Husson,27.0,30.0,iii,iii,,,False,3.0,Husson
401547193,2023,10,Dickinson,Johns Hopkins,23.0,34.0,iii,iii,,,False,11.0,Johns Hopkins
401547075,2023,10,Kentucky State,Central State,10.0,20.0,ii,ii,,,False,10.0,Central State
401547030,2023,10,Tusculum,Mars Hill,29.0,27.0,ii,ii,,,False,-2.0,Tusculum
401547019,2023,10,Emory & Henry,Erskine,56.0,14.0,ii,ii,,,False,-42.0,Emory & Henry
401550365,2023,10,Southern Virginia,Belhaven College,7.0,61.0,iii,iii,,,False,54.0,Belhaven College
401540697,2023,10,St. Augustine's,Shaw,14.0,21.0,ii,ii,,,False,7.0,Shaw
401540692,2023,10,Johnson C Smith,Livingstone,38.0,17.0,ii,ii,,,False,-21.0,Johnson C Smith
401540666,2023,10,Virginia Union,Virginia State,30.0,20.0,ii,ii,,,False,-10.0,Virginia Union
401540658,2023,10,Lincoln (PA),Bowie State,39.0,46.0,ii,ii,,,False,7.0,Bowie State
401540773,2023,10,Wayne State (MI),Grand Valley State,10.0,66.0,ii,ii,,,False,56.0,Grand Valley State
401540792,2023,10,Michigan Tech,Minot State,37.0,3.0,ii,ii,,,False,-34.0,Michigan Tech
401540800,2023,10,Saginaw Valley,Northern Michigan,62.0,17.0,ii,ii,,,False,-45.0,Saginaw Valley
401540978,2023,10,Ohio Dominican,Tiffin,10.0,44.0,ii,ii,,,False,34.0,Tiffin
401541031,2023,10,Shippensburg,Lock Haven,7.0,21.0,ii,ii,,,False,14.0,Lock Haven
401541061,2023,10,Morrisville State,St. John Fisher,30.0,15.0,iii,iii,,,False,-15.0,Morrisville State
401541099,2023,10,Wooster,Oberlin,36.0,0.0,iii,iii,,,False,-36.0,Wooster
401541128,2023,10,Greenville,Kalamazoo,23.0,33.0,iii,iii,,,False,10.0,Kalamazoo
401541809,2023,10,Ashland,Findlay,37.0,35.0,ii,ii,,,False,-2.0,Ashland
401541862,2023,10,North Greenville,Shorter,27.0,17.0,ii,ii,,,False,-10.0,North Greenville
401541889,2023,10,Elizabeth City State,Bluefield,38.0,20.0,ii,ii,,,False,-18.0,Elizabeth City State
401541977,2023,10,Nebraska-Kearney,Lincoln (MO),38.0,6.0,ii,ii,,,False,-32.0,Nebraska-Kearney
401540999,2023,10,Alderson-Broaddus,UNC Pembroke,0.0,0.0,ii,ii,,,False,-0.0,UNC Pembroke
401540331,2023,10,Pennsylvania,Cornell,23.0,8.0,fcs,fcs,,,False,-15.0,Pennsylvania
401540328,2023,10,Delaware,Elon,27.0,33.0,fcs,fcs,,,False,6.0,Elon
401540304,2023,10,Indiana State,Youngstown State,7.0,19.0,fcs,fcs,,,False,12.0,Youngstown State
401540054,2023,10,Fordham,Bucknell,27.0,21.0,fcs,fcs,,,False,-6.0,Fordham
401525451,2023,10,Sam Houston State,Kennesaw State,24.0,21.0,fbs,fcs,1307.0,,False,-3.0,Sam Houston State
401550340,2023,10,Hampden-Sydney,Shenandoah,26.0,25.0,iii,iii,,,False,-1.0,Hampden-Sydney
401550353,2023,10,Sewanee Univ. of the South,Trinity (TX),6.0,44.0,iii,iii,,,False,38.0,Trinity (TX)
401540744,2023,10,Truman State,Upper Iowa,14.0,7.0,ii,ii,,,False,-7.0,Truman State
401550378,2023,10,Westminster PA,Carnegie Mellon,7.0,21.0,iii,iii,,,False,14.0,Carnegie Mellon
401550389,2023,10,Geneva College,Washington & Jefferson,7.0,45.0,iii,iii,,,False,38.0,Washington & Jefferson
401550399,2023,10,Bethany (WV),Waynesburg,26.0,35.0,iii,iii,,,False,9.0,Waynesburg
401540546,2023,10,North Carolina A&T,Towson,32.0,42.0,fcs,fcs,,,False,10.0,Towson
401540595,2023,10,East Tennessee State,VMI,24.0,31.0,fcs,fcs,,,False,7.0,VMI
401540617,2023,10,Albany,William & Mary,24.0,8.0,fcs,fcs,,,False,-16.0,Albany
401545750,2023,10,Frostburg State,Glenville State,10.0,13.0,ii,ii,,,False,3.0,Glenville State
401550405,2023,10,Hendrix College,Centre,29.0,47.0,iii,iii,,,False,18.0,Centre
401550300,2023,10,Trinity (CT),Bates College,52.0,7.0,iii,iii,,,False,-45.0,Trinity (CT)
401550259,2023,10,Kenyon,Denison,15.0,38.0,iii,iii,,,False,23.0,Denison
401550199,2023,10,Kean,Rowan,6.0,16.0,iii,iii,,,False,10.0,Rowan
401550152,2023,10,Hope,Trine,38.0,28.0,iii,iii,,,False,-10.0,Hope
401549809,2023,10,Methodist,LaGrange College,38.0,27.0,iii,iii,,,False,-11.0,Methodist
401549800,2023,10,Brevard College,Huntingdon,27.0,31.0,iii,iii,,,False,4.0,Huntingdon
401549750,2023,10,Christopher Newport,Montclair State,14.0,19.0,iii,iii,,,False,5.0,Montclair State
401549720,2023,10,Bowdoin,Amherst College,23.0,27.0,iii,iii,,,False,4.0,Amherst College
401549636,2023,10,Muhlenberg,Franklin & Marshall,48.0,45.0,iii,iii,,,False,-3.0,Muhlenberg
401549613,2023,10,St Lawrence,Ithaca,14.0,51.0,iii,iii,,,False,37.0,Ithaca
401549586,2023,10,Hobart,Rensselaer,31.0,21.0,iii,iii,,,False,-10.0,Hobart
401549578,2023,10,Buffalo State,Union,17.0,43.0,iii,iii,,,False,26.0,Union
401558750,2023,10,Widener,Eastern University,42.0,10.0,iii,iii,,,False,-32.0,Widener
401540505,2023,10,Monmouth,Stony Brook,56.0,17.0,fcs,fcs,,,False,-39.0,Monmouth
401540533,2023,10,New Hampshire,Villanova,33.0,45.0,fcs,fcs,,,False,12.0,Villanova
401539975,2023,10,Morgan State,Delaware State,24.0,17.0,fcs,fcs,,,False,-7.0,Morgan State
401544075,2023,10,Adrian,Alma College,24.0,45.0,iii,iii,,,False,21.0,Alma College
401544123,2023,10,St. Vincent,Thiel College,27.0,30.0,iii,iii,,,False,3.0,Thiel College
401544925,2023,10,Newberry,Wingate,17.0,21.0,ii,ii,,,False,4.0,Wingate
401540404,2023,10,Stetson,Davidson,41.0,61.0,fcs,fcs,,,False,20.0,Davidson
401540420,2023,10,Maine,Hampton,35.0,42.0,fcs,fcs,,,False,7.0,Hampton
401540427,2023,10,Bryant,Gardner-Webb,44.0,45.0,fcs,fcs,,,False,1.0,Gardner-Webb
401544969,2023,10,Olivet College,Albion,7.0,35.0,iii,iii,,,False,28.0,Albion
401545741,2023,10,WV Wesleyan,Fairmont State,20.0,55.0,ii,ii,,,False,35.0,Fairmont State
401545765,2023,10,Concord,Notre Dame College,14.0,24.0,ii,ii,,,False,10.0,Notre Dame College
401545825,2023,10,Minnesota-Duluth,Concordia-St. Paul,44.0,32.0,ii,ii,,,False,-12.0,Minnesota-Duluth
401545857,2023,10,University of Mary,Southwest Minnesota State,32.0,28.0,ii,ii,,,False,-4.0,University of Mary
401546991,2023,10,William Jewell College,Southwest Baptist,3.0,71.0,ii,ii,,,True,68.0,Southwest Baptist
401550458,2023,10,Northwestern (MN),Westminster,36.0,18.0,iii,iii,,,False,-18.0,Northwestern (MN)
401551496,2023,10,Pace,New Haven,14.0,17.0,ii,ii,,,False,3.0,New Haven
401551515,2023,10,Western New England,Nichols,69.0,28.0,iii,iii,,,False,-41.0,Western New England
401552016,2023,10,Williams,Wesleyan,22.0,30.0,iii,iii,,,False,8.0,Wesleyan
401552025,2023,10,Tufts,Colby,38.0,0.0,iii,iii,,,False,-38.0,Tufts
401552452,2023,10,Gettysburg,Ursinus,35.0,48.0,iii,iii,,,False,13.0,Ursinus
401553014,2023,10,Alvernia University,Albright,28.0,16.0,iii,iii,,,False,-12.0,Alvernia University
401553971,2023,10,Northwood (MI),Thomas More,24.0,20.0,ii,,,,False,-4.0,Northwood (MI)
401554821,2023,10,Misericordia,Delaware Valley,6.0,28.0,iii,iii,,,False,22.0,Delaware Valley
401553034,2023,10,Bluffton,Mount St. Joseph,27.0,49.0,iii,iii,,,False,22.0,Mount St. Joseph
401550073,2023,10,Defiance,Rose-Hulman,54.0,78.0,iii,iii,,,False,24.0,Rose-Hulman
401544113,2023,10,John Carroll,Mount Union,14.0,49.0,iii,iii,,,False,35.0,Mount Union
401553035,2023,10,Hanover,Anderson (IN),69.0,0.0,iii,iii,,,False,-69.0,Hanover
401544104,2023,10,Capital,Marietta,14.0,45.0,iii,iii,,,False,31.0,Marietta
401550077,2023,10,Franklin,Manchester,36.0,0.0,iii,iii,,,False,-36.0,Franklin
401550252,2023,10,Baldwin-Wallace,Heidelberg,24.0,21.0,iii,iii,,,False,-3.0,Baldwin-Wallace
401550293,2023,10,Ohio Northern,Otterbein,49.0,6.0,iii,iii,,,False,-43.0,Ohio Northern
401544996,2023,10,Muskingum,Wilmington (OH),64.0,63.0,iii,iii,,,False,-1.0,Muskingum
401540589,2023,10,Chattanooga,Furman,14.0,17.0,fcs,fcs,,,False,3.0,Furman
401550419,2023,10,UW-River Falls,Wisconsin-La Crosse,28.0,31.0,iii,iii,,,False,3.0,Wisconsin-La Crosse
401550054,2023,10,Alfred,Hartwick,42.0,6.0,iii,iii,,,False,-36.0,Alfred
401541081,2023,10,Gustavus Adolphus,Carleton,38.0,20.0,iii,iii,,,False,-18.0,Gustavus Adolphus
401541118,2023,10,Ferrum,Randolph-Macon,16.0,49.0,iii,iii,,,False,33.0,Randolph-Macon
401541137,2023,10,Wisconsin-Platteville,UW-Oshkosh,22.0,7.0,iii,iii,,,False,-15.0,Wisconsin-Platteville
401541780,2023,10,Ouachita Baptist,Oklahoma Baptist,55.0,14.0,ii,ii,,,False,-41.0,Ouachita Baptist
401541870,2023,10,West Alabama,Valdosta State,14.0,20.0,ii,ii,,,False,6.0,Valdosta State
401541910,2023,10,Western New Mexico,University of Texas of the Permian Basin,3.0,56.0,ii,ii,,,False,53.0,University of Texas of the Permian Basin
401541917,2023,10,Eastern New Mexico,West Texas A&M,35.0,27.0,ii,ii,,,False,-8.0,Eastern New Mexico
401541964,2023,10,Emporia State,Missouri Southern State,63.0,28.0,ii,ii,,,False,-35.0,Emporia State
401541972,2023,10,Missouri Western,Pittsburg State,31.0,30.0,ii,ii,,,False,-1.0,Missouri Western
401544085,2023,10,Grinnell,Chicago,14.0,48.0,iii,iii,,,False,34.0,Chicago
401544888,2023,10,Sioux Falls,Wayne State (NE),20.0,28.0,ii,ii,,,False,8.0,Wayne State (NE)
401544943,2023,10,Carthage,Augustana (IL),13.0,16.0,iii,iii,,,False,3.0,Augustana (IL)
401544952,2023,10,Carroll (WI),Millikin,41.0,0.0,iii,iii,,,False,-41.0,Carroll (WI)
401545818,2023,10,Bemidji State,Minnesota St-Moorhead,27.0,14.0,ii,ii,,,False,-13.0,Bemidji State
401545846,2023,10,Winona State,Minnesota State,42.0,49.0,ii,ii,,,False,7.0,Minnesota State
401545998,2023,10,Colorado Mines,New Mexico Highlands,77.0,3.0,ii,ii,,,False,-74.0,Colorado Mines
401546003,2023,10,South Dakota Mines,Colorado State-Pueblo,28.0,35.0,ii,ii,,,False,7.0,Colorado State-Pueblo
401547012,2023,10,Lenoir-Rhyne,Catawba,28.0,7.0,ii,ii,,,False,-21.0,Lenoir-Rhyne
401547046,2023,10,Fort Valley State,Albany State (GA),7.0,13.0,ii,ii,,,True,6.0,Albany State (GA)
401547060,2023,10,Clark Atlanta,Morehouse,21.0,35.0,ii,ii,,,False,14.0,Morehouse
401547088,2023,10,Central,Buena Vista,56.0,22.0,iii,iii,,,False,-34.0,Central
401547105,2023,10,Dubuque,Coe,20.0,23.0,iii,iii,,,False,3.0,Coe
401547119,2023,10,Loras College,Simpson College,82.0,16.0,iii,iii,,,False,-66.0,Loras College
401547128,2023,10,Nebraska Wesleyan University,Wartburg,0.0,45.0,iii,iii,,,True,45.0,Wartburg
401547139,2023,10,Austin College,Hardin-Simmons,19.0,59.0,iii,iii,,,False,40.0,Hardin-Simmons
401547146,2023,10,Sul Ross State,Howard Payne,47.0,42.0,iii,iii,,,False,-5.0,Sul Ross State
401547174,2023,10,Mary Hardin-Baylor,East Texas Baptist,21.0,12.0,iii,iii,,,False,-9.0,Mary Hardin-Baylor
401547224,2023,10,North Central,Illinois Wesleyan,83.0,26.0,iii,iii,,,False,-57.0,North Central
401549648,2023,10,Wheaton College (Ill),Washington (MO),36.0,35.0,iii,iii,,,False,-1.0,Wheaton College (Ill)
401549657,2023,10,Beloit College,Ripon,17.0,52.0,iii,iii,,,False,35.0,Ripon
401549680,2023,10,Wisconsin Lutheran,Concordia (IL),28.0,21.0,iii,iii,,,False,-7.0,Wisconsin Lutheran
401549774,2023,10,Martin Luther College,Minnesota-Morris,27.0,30.0,iii,iii,,,False,3.0,Minnesota-Morris
401549782,2023,10,Wisconsin-Eau Claire,UW-Stout,13.0,38.0,iii,iii,,,False,25.0,UW-Stout
401550160,2023,10,Macalester,Augsburg,34.0,42.0,iii,iii,,,False,8.0,Augsburg
401550166,2023,10,Bethel (MN),Concordia (MN),31.0,14.0,iii,iii,,,False,-17.0,Bethel (MN)
401550183,2023,10,St. Scholastica,Hamline,26.0,33.0,iii,iii,,,False,7.0,Hamline
401550190,2023,10,St. Olaf College,St. Johns (MN),10.0,49.0,iii,iii,,,False,39.0,St. Johns (MN)
401531392,2023,10,Temple,Navy,32.0,18.0,fbs,fbs,948.0,1376.0,False,-14.0,Temple
401547052,2023,10,Benedict College,Allen,37.0,9.0,ii,ii,,,False,-28.0,Benedict College
401525542,2023,10,Virginia,Georgia Tech,17.0,45.0,fbs,fbs,1354.0,1344.0,False,28.0,Georgia Tech
401524049,2023,10,Utah,Arizona State,55.0,3.0,fbs,fbs,1702.0,1434.0,False,-52.0,Utah
401549671,2023,10,Monmouth (IL),Lake Forest,16.0,14.0,iii,iii,,,False,-2.0,Monmouth (IL)
401550372,2023,10,Case Western Reserve,Allegheny,42.0,14.0,iii,iii,,,False,-28.0,Case Western Reserve
401550321,2023,10,Washington & Lee,Bridgewater (VA),31.0,21.0,iii,iii,,,False,-10.0,Washington & Lee
401550238,2023,10,Benedictine (IL),Eureka College,41.0,21.0,iii,iii,,,False,-20.0,Benedictine (IL)
401550229,2023,10,McDaniel College,Salisbury,20.0,59.0,iii,iii,,,False,39.0,Salisbury
401550224,2023,10,Aurora,Lakeland University,70.0,14.0,iii,iii,,,False,-56.0,Aurora
401550205,2023,10,Knox College,Lawrence,48.0,28.0,iii,iii,,,False,-20.0,Knox College
401541937,2023,10,Central Missouri State,Fort Hays State,47.0,28.0,ii,ii,,,False,-19.0,Central Missouri State
401540444,2023,10,Southern Illinois,South Dakota,7.0,14.0,fcs,fcs,,,False,7.0,South Dakota
401547005,2023,10,Mercyhurst,Seton Hill College,0.0,14.0,ii,ii,,,False,14.0,Seton Hill College
401550433,2023,10,Millsaps,Southwestern University,13.0,42.0,iii,iii,,,False,29.0,Southwestern University
401547124,2023,10,Luther,Lyon College,21.0,28.0,iii,,,,False,7.0,Lyon College
401540683,2023,10,Fayetteville State,Winston-Salem,40.0,34.0,ii,ii,,,False,-6.0,Fayetteville State
401550430,2023,10,Wisconsin-Stevens Point,UW-Whitewater,0.0,48.0,iii,iii,,,False,48.0,UW-Whitewater
401550047,2023,10,Elmhurst,North Park,8.0,31.0,iii,iii,,,False,23.0,North Park
401540807,2023,10,Northern Iowa,Western Illinois,50.0,6.0,fcs,fcs,,,False,-44.0,Northern Iowa
401540614,2023,10,The Citadel,Mercer,16.0,38.0,fcs,fcs,,,False,22.0,Mercer
401540367,2023,10,Murray State,North Dakota,31.0,45.0,fcs,fcs,,,False,14.0,North Dakota
401540112,2023,10,Alabama A&M,Florida A&M,28.0,42.0,fcs,fcs,,,False,14.0,Florida A&M
401558979,2023,10,Salve Regina,SUNY Maritime,49.0,0.0,iii,iii,,,False,-49.0,Salve Regina
401540551,2023,10,Morehead State,Butler,7.0,49.0,fcs,fcs,,,False,42.0,Butler
401540498,2023,10,Southeast Missouri State,Robert Morris,20.0,21.0,fcs,fcs,,,False,1.0,Robert Morris
401540460,2023,10,Valparaiso,Dayton,21.0,7.0,fcs,fcs,,,False,-14.0,Valparaiso
401540735,2023,10,Quincy,Missouri S&T,14.0,21.0,ii,ii,,,False,7.0,Missouri S&T
401549665,2023,10,Cornell College (IA),Illinois College,34.0,76.0,iii,iii,,,False,42.0,Illinois College
401549689,2023,10,Concordia (WI),Rockford,66.0,21.0,iii,iii,,,False,-45.0,Concordia (WI)
401541051,2023,10,Texas Lutheran,McMurry,33.0,36.0,iii,iii,,,False,3.0,McMurry
401540536,2023,10,Tennessee Tech,UT Martin,41.0,44.0,fcs,fcs,,,False,3.0,UT Martin
401520361,2023,10,Air Force,Army,3.0,23.0,fbs,fbs,1769.0,1255.0,True,20.0,Army
401550314,2023,10,Guilford,Averett,13.0,34.0,iii,iii,,,False,21.0,Averett
401531908,2023,10,Arkansas State,Louisiana,37.0,17.0,fbs,fbs,1106.0,1584.0,False,-20.0,Arkansas State
401540130,2023,10,Alcorn State,Southern,44.0,21.0,fcs,fcs,,,False,-23.0,Alcorn State
401540138,2023,10,Prairie View,Arkansas-Pine Bluff,38.0,14.0,fcs,fcs,,,False,-24.0,Prairie View
401540162,2023,10,Jackson State,Texas Southern,21.0,19.0,fcs,fcs,,,False,-2.0,Jackson State
401541947,2023,10,Central Oklahoma,Washburn,41.0,7.0,ii,ii,,,False,-34.0,Central Oklahoma
401540210,2023,10,Southern Utah,Lincoln University (CA),35.0,6.0,fcs,,,,False,-29.0,Southern Utah
401531383,2023,10,UAB,Florida Atlantic,45.0,42.0,fbs,fbs,1365.0,1448.0,False,-3.0,UAB
401531399,2023,10,North Texas,UT San Antonio,29.0,37.0,fbs,fbs,1396.0,1626.0,False,8.0,UT San Antonio
401531425,2023,10,Memphis,South Florida,59.0,50.0,fbs,fbs,1586.0,1183.0,False,-9.0,Memphis
401541982,2023,10,Northeastern State,Northwest Missouri State,0.0,52.0,ii,ii,,,False,52.0,Northwest Missouri State
401541880,2023,10,Mississippi College,West Florida,14.0,42.0,ii,ii,,,False,28.0,West Florida
401541773,2023,10,Northwestern Oklahoma State,Southern Arkansas,14.0,42.0,ii,ii,,,False,28.0,Southern Arkansas
401540783,2023,10,Arkansas-Monticello,Southern Nazarene,14.0,41.0,ii,ii,,,False,27.0,Southern Nazarene
401544906,2023,10,Black Hills State,Adams State,35.0,28.0,ii,ii,,,False,-7.0,Black Hills State
401544934,2023,10,Lane,Savannah State,27.0,21.0,ii,ii,,,False,-6.0,Lane
401541766,2023,10,Southwestern Oklahoma,Henderson State,0.0,56.0,ii,ii,,,False,56.0,Henderson State
401545807,2023,10,Northern State,Augustana (SD),21.0,31.0,ii,ii,,,False,10.0,Augustana (SD)
401546008,2023,10,Western State,Fort Lewis,57.0,3.0,ii,ii,,,False,-54.0,Western State
401545987,2023,10,Colorado Mesa,Chadron State,38.0,22.0,ii,ii,,,False,-16.0,Colorado Mesa
401553854,2023,10,Montana State,Northern Arizona,45.0,21.0,fcs,fcs,,,False,-24.0,Montana State
401540224,2023,10,Abilene Christian,Utah Tech,24.0,7.0,fcs,fcs,,,False,-17.0,Abilene Christian
401540706,2023,10,Indianapolis,McKendree,16.0,21.0,ii,ii,,,False,5.0,McKendree
401540107,2023,10,Missouri State,Illinois State,35.0,36.0,fcs,fcs,,,False,1.0,Illinois State
401540481,2023,10,Lindenwood,Eastern Illinois,10.0,16.0,fcs,fcs,,,False,6.0,Eastern Illinois
401540360,2023,10,Northwestern State,Houston Christian,0.0,1.0,fcs,fcs,,,False,1.0,Houston Christian
401540386,2023,10,South Dakota State,North Dakota State,33.0,16.0,fcs,fcs,,,False,-17.0,South Dakota State
401540626,2023,10,Wofford,Western Carolina,25.0,28.0,fcs,fcs,,,False,3.0,Western Carolina
401540248,2023,10,Northern Colorado,Idaho,13.0,27.0,fcs,fcs,,,False,14.0,Idaho
401534856,2023,10,South Carolina State,Howard,27.0,24.0,fcs,fcs,,,False,-3.0,South Carolina State
401520400,2023,10,UMass,Merrimack,31.0,21.0,fbs,fcs,958.0,,False,-10.0,UMass
401525881,2023,10,Cincinnati,UCF,26.0,28.0,fbs,fbs,1430.0,1508.0,False,2.0,UCF
401525880,2023,10,Baylor,Houston,24.0,25.0,fbs,fbs,1452.0,1482.0,False,1.0,Houston
401539991,2023,10,North Carolina Central,Norfolk State,38.0,24.0,fcs,fcs,,,False,-14.0,North Carolina Central
401520364,2023,10,Georgia,Missouri,30.0,21.0,fbs,fbs,2073.0,1630.0,False,-9.0,Georgia
401525883,2023,10,Oklahoma State,Oklahoma,27.0,24.0,fbs,fbs,1624.0,1911.0,False,-3.0,Oklahoma State
401531374,2023,10,East Carolina,Tulane,10.0,13.0,fbs,fbs,1336.0,1630.0,False,3.0,Tulane
401531906,2023,10,Georgia State,James Madison,14.0,42.0,fbs,fbs,1491.0,1670.0,False,28.0,James Madison
401531907,2023,10,Old Dominion,Coastal Carolina,24.0,28.0,fbs,fbs,1389.0,1491.0,False,4.0,Coastal Carolina
401525543,2023,10,Louisville,Virginia Tech,34.0,3.0,fbs,fbs,1717.0,1538.0,False,-31.0,Louisville
401525541,2023,10,Pittsburgh,Florida State,7.0,24.0,fbs,fbs,1438.0,1976.0,False,17.0,Florida State
401520373,2023,10,Northwestern,Iowa,7.0,10.0,fbs,fbs,1367.0,1660.0,True,3.0,Iowa
401520367,2023,10,Maryland,Penn State,15.0,51.0,fbs,fbs,1661.0,1975.0,False,36.0,Penn State
401520370,2023,10,Minnesota,Illinois,26.0,27.0,fbs,fbs,1595.0,1503.0,False,1.0,Illinois
401544094,2023,10,Whitworth,George Fox University,24.0,13.0,iii,iii,,,False,-11.0,Whitworth
401532610,2023,10,Nevada,Hawai'i,14.0,27.0,fbs,fbs,1232.0,1010.0,False,13.0,Hawai'i
401550469,2023,10,Pacific Lutheran,Linfield,19.0,42.0,iii,iii,,,False,23.0,Linfield
401541759,2023,10,Harding,East Central,48.0,7.0,ii,ii,,,False,-41.0,Harding
401531909,2023,10,Southern Mississippi,Louisiana Monroe,24.0,7.0,fbs,fbs,1125.0,1080.0,False,-17.0,Southern Mississippi
401531343,2023,10,Tulsa,Charlotte,26.0,33.0,fbs,fbs,1097.0,1161.0,False,7.0,Charlotte
401550285,2023,10,Ohio Wesleyan,Wittenberg,28.0,36.0,iii,iii,,,False,8.0,Wittenberg
401540232,2023,10,Eastern Washington,Cal Poly,48.0,13.0,fcs,fcs,,,False,-35.0,Eastern Washington
401540395,2023,10,Southeastern Louisiana,McNeese,38.0,24.0,fcs,fcs,,,False,-14.0,Southeastern Louisiana
401520379,2023,10,Vanderbilt,Auburn,15.0,31.0,fbs,fbs,1268.0,1583.0,False,16.0,Auburn
401540380,2023,10,Lamar,Texas A&M-Commerce,41.0,21.0,fcs,fcs,,,False,-20.0,Lamar
401540476,2023,10,Charleston Southern,Tennessee State,35.0,21.0,fcs,fcs,,,False,-14.0,Charleston Southern
401544202,2023,10,Incarnate Word,Nicholls,32.0,45.0,fcs,fcs,,,False,13.0,Nicholls
401541904,2023,10,Western Oregon,Texas A&M-Kingsville,27.0,34.0,ii,ii,,,False,7.0,Texas A&M-Kingsville
401547077,2023,10,Miles,Tuskegee,35.0,10.0,ii,ii,,,False,-25.0,Miles
401531910,2023,10,Texas State,Georgia Southern,45.0,24.0,fbs,fbs,1359.0,1497.0,False,-21.0,Texas State
401540180,2023,10,Eastern Kentucky,Austin Peay,30.0,33.0,fcs,fcs,,,False,3.0,Austin Peay
401540726,2023,10,Arkansas Tech,Southeastern Oklahoma,14.0,7.0,ii,ii,,,False,-7.0,Arkansas Tech
401540190,2023,10,North Alabama,Central Arkansas,14.0,27.0,fcs,fcs,,,False,13.0,Central Arkansas
401540121,2023,10,Alabama State,Grambling,17.0,6.0,fcs,fcs,,,True,-11.0,Alabama State
401544142,2023,10,Birmingham-Southern,Berry College,6.0,53.0,iii,iii,,,False,47.0,Berry College
401524047,2023,10,Oregon,California,63.0,19.0,fbs,fbs,1899.0,1502.0,False,-44.0,Oregon
401531905,2023,10,Appalachian State,Marshall,31.0,9.0,fbs,fbs,1513.0,1421.0,False,-22.0,Appalachian State
401532611,2023,10,New Mexico,UNLV,14.0,56.0,fbs,fbs,1111.0,1437.0,False,42.0,UNLV
401541853,2023,10,West Georgia,Delta State,13.0,47.0,ii,ii,,,False,34.0,Delta State
401544915,2023,10,Barton College,Limestone,28.0,33.0,ii,ii,,,False,5.0,Limestone
401547039,2023,10,Edward Waters,Virginia Lynchburg,41.0,17.0,ii,,,,False,-24.0,Edward Waters
401520372,2023,10,New Mexico State,Middle Tennessee,13.0,7.0,fbs,fbs,1357.0,1293.0,False,-6.0,New Mexico State
401540256,2023,10,Idaho State,Weber State,21.0,33.0,fcs,fcs,,,False,12.0,Weber State
401549728,2023,10,Worcester Polytechnic,Coast Guard,21.0,28.0,iii,iii,,,False,7.0,Coast Guard
401520366,2023,10,Liberty,Louisiana Tech,56.0,30.0,fbs,fbs,1625.0,1244.0,False,-26.0,Liberty
401541832,2023,10,Lake Erie College,Kentucky Wesleyan,37.0,43.0,ii,ii,,,False,6.0,Kentucky Wesleyan
401553007,2023,10,Pacific (OR),Willamette,64.0,6.0,iii,iii,,,False,-58.0,Pacific (OR)
401525882,2023,10,Iowa State,Kansas,21.0,28.0,fbs,fbs,1610.0,1569.0,False,7.0,Kansas
401532612,2023,10,San Diego State,Utah State,24.0,32.0,fbs,fbs,1333.0,1376.0,False,8.0,Utah State
401540988,2023,10,Angelo State,Midwestern State,27.0,12.0,ii,ii,,,False,-15.0,Angelo State
401540217,2023,10,Tarleton State,Stephen F. Austin,59.0,17.0,fcs,fcs,,,False,-42.0,Tarleton State
401540284,2023,10,UC Davis,Portland State,37.0,23.0,fcs,fcs,,,False,-14.0,UC Davis
401525885,2023,10,West Virginia,BYU,37.0,7.0,fbs,fbs,1499.0,1478.0,False,-30.0,West Virginia
401520368,2023,10,Michigan,Purdue,41.0,13.0,fbs,fbs,2184.0,1444.0,False,-28.0,Michigan
401531440,2023,10,Rice,SMU,31.0,36.0,fbs,fbs,1315.0,1775.0,False,5.0,SMU
401520371,2023,10,Mississippi State,Kentucky,3.0,24.0,fbs,fbs,1521.0,1600.0,False,21.0,Kentucky
401524048,2023,10,USC,Washington,42.0,52.0,fbs,fbs,1755.0,1852.0,False,10.0,Washington
401520362,2023,10,Alabama,LSU,42.0,28.0,fbs,fbs,1989.0,1952.0,False,-14.0,Alabama
401540263,2023,10,Montana,Sacramento State,34.0,7.0,fcs,fcs,,,False,-27.0,Montana
401525544,2023,10,NC State,Miami,20.0,6.0,fbs,fbs,1525.0,1582.0,False,-14.0,NC State
401520378,2023,10,UTEP,Western Kentucky,13.0,21.0,fbs,fbs,1171.0,1505.0,False,8.0,Western Kentucky
401524050,2023,10,Washington State,Stanford,7.0,10.0,fbs,fbs,1454.0,1230.0,False,3.0,Stanford
401550879,2023,10,Lewis & Clark,Puget Sound,66.0,24.0,iii,iii,,,False,-42.0,Lewis & Clark
401524046,2023,10,Colorado,Oregon State,19.0,26.0,fbs,fbs,1294.0,1786.0,False,7.0,Oregon State
401532608,2023,10,Fresno State,Boise State,37.0,30.0,fbs,fbs,1734.0,1585.0,False,-7.0,Fresno State
401544152,2023,10,Pomona-Pitzer,Redlands,20.0,7.0,iii,iii,,,False,-13.0,Pomona-Pitzer
401550335,2023,10,Chapman,La Verne,37.0,7.0,iii,iii,,,False,-30.0,Chapman
401550345,2023,10,Cal Lutheran,Claremont,13.0,30.0,iii,iii,,,False,17.0,Claremont
401524045,2023,10,Arizona,UCLA,27.0,10.0,fbs,fbs,1610.0,1709.0,False,-17.0,Arizona
401532437,2023,11,Northern Illinois,Ball State,17.0,20.0,fbs,fbs,1398.0,1167.0,False,3.0,Ball State
401532438,2023,11,Western Michigan,Central Michigan,38.0,28.0,fbs,fbs,1319.0,1280.0,False,-10.0,Western Michigan
401532439,2023,11,Buffalo,Ohio,10.0,20.0,fbs,fbs,1342.0,1488.0,False,10.0,Ohio
401532441,2023,11,Miami (OH),Akron,19.0,0.0,fbs,fbs,1491.0,1055.0,False,-19.0,Miami (OH)
401532442,2023,11,Kent State,Bowling Green,19.0,49.0,fbs,fbs,1097.0,1281.0,False,30.0,Bowling Green
401532440,2023,11,Toledo,Eastern Michigan,49.0,23.0,fbs,fbs,1520.0,1292.0,False,-26.0,Toledo
401525546,2023,11,Louisville,Virginia,31.0,24.0,fbs,fbs,1779.0,1275.0,False,-7.0,Louisville
401531911,2023,11,Louisiana,Southern Mississippi,31.0,34.0,fbs,fbs,1480.0,1158.0,False,3.0,Southern Mississippi
401549751,2023,11,College of New Jersey,Christopher Newport,21.0,27.0,iii,iii,,,False,6.0,Christopher Newport
401552434,2023,11,Salisbury,Kean,31.0,28.0,iii,iii,,,False,-3.0,Salisbury
401550200,2023,11,Rowan,William Paterson,24.0,14.0,iii,iii,,,False,-10.0,Rowan
401540139,2023,11,Arkansas-Pine Bluff,Grambling,14.0,43.0,fcs,fcs,,,False,29.0,Grambling
401531437,2023,11,SMU,North Texas,45.0,21.0,fbs,fbs,1754.0,1398.0,False,-24.0,SMU
401532618,2023,11,UNLV,Wyoming,34.0,14.0,fbs,fbs,1519.0,1389.0,False,-20.0,UNLV
401525888,2023,11,Kansas,Texas Tech,13.0,16.0,fbs,fbs,1585.0,1608.0,False,3.0,Texas Tech
401544198,2023,11,Princeton,Yale,28.0,36.0,fcs,fcs,,,False,8.0,Yale
401531393,2023,11,South Florida,Temple,27.0,23.0,fbs,fbs,1193.0,1018.0,False,-4.0,South Florida
401520381,2023,11,Army,Holy Cross,17.0,14.0,fbs,fcs,1350.0,,False,-3.0,Army
401520383,2023,11,Illinois,Indiana,48.0,45.0,fbs,fbs,1509.0,1344.0,False,-3.0,Illinois
401550139,2023,11,UMass Dartmouth,Plymouth State,41.0,7.0,iii,iii,,,False,-34.0,UMass Dartmouth
401550301,2023,11,Bates College,Hamilton,7.0,21.0,iii,iii,,,False,14.0,Hamilton
401551923,2023,11,Dean College,Alfred State College,3.0,55.0,iii,iii,,,False,52.0,Alfred State College
401520386,2023,11,Kentucky,Alabama,21.0,49.0,fbs,fbs,1645.0,2014.0,False,28.0,Alabama
401540506,2023,11,Monmouth,New Hampshire,24.0,31.0,fcs,fcs,,,False,7.0,New Hampshire
401540477,2023,11,Robert Morris,Charleston Southern,14.0,12.0,fcs,fcs,,,False,-2.0,Robert Morris
401540453,2023,11,Youngstown State,South Dakota State,0.0,27.0,fcs,fcs,,,False,27.0,South Dakota State
401540108,2023,11,Illinois State,Murray State,44.0,7.0,fcs,fcs,,,False,-37.0,Illinois State
401540025,2023,11,Long Island University,Wagner,49.0,14.0,fcs,fcs,,,True,-35.0,Long Island University
401540018,2023,11,Duquesne,Stonehill,28.0,33.0,fcs,fcs,,,False,5.0,Stonehill
401540010,2023,11,Merrimack,Central Connecticut,35.0,24.0,fcs,fcs,,,False,-11.0,Merrimack
401545766,2023,11,Notre Dame College,Alderson-Broaddus,0.0,0.0,ii,ii,,,False,-0.0,Alderson-Broaddus
401550084,2023,11,Curry,Western New England,27.0,48.0,iii,iii,,,False,21.0,Western New England
401525548,2023,11,Clemson,Georgia Tech,42.0,21.0,fbs,fbs,1730.0,1423.0,False,-21.0,Clemson
401531344,2023,11,Tulane,Tulsa,24.0,22.0,fbs,fbs,1618.0,1089.0,False,-2.0,Tulane
401549816,2023,11,Belhaven College,Brevard College,46.0,19.0,iii,iii,,,False,-27.0,Belhaven College
401549579,2023,11,Union,Rensselaer,13.0,7.0,iii,iii,,,False,-6.0,Union
401545742,2023,11,Fairmont State,Frostburg State,20.0,50.0,ii,ii,,,False,30.0,Frostburg State
401545790,2023,11,Assumption,Southern Connecticut State,14.0,20.0,ii,ii,,,False,6.0,Southern Connecticut State
401545874,2023,11,West Chester,Clarion,34.0,7.0,ii,ii,,,False,-27.0,West Chester
401545881,2023,11,Kutztown,Slippery Rock,31.0,7.0,ii,ii,,,False,-24.0,Kutztown
401544068,2023,11,FDU-Florham,Misericordia,3.0,6.0,iii,iii,,,False,3.0,Misericordia
401541837,2023,11,Walsh,Northwood (MI),24.0,31.0,ii,ii,,,False,7.0,Northwood (MI)
401547203,2023,11,Nichols,Husson,31.0,61.0,iii,iii,,,False,30.0,Husson
401541011,2023,11,Bloomsburg,Indiana (PA),0.0,31.0,ii,ii,,,False,31.0,Indiana (PA)
401539985,2023,11,South Carolina State,Morgan State,17.0,20.0,fcs,fcs,,,False,3.0,Morgan State
401520394,2023,11,Penn State,Michigan,15.0,24.0,fbs,fbs,2039.0,2180.0,False,9.0,Michigan
401525547,2023,11,Boston College,Virginia Tech,22.0,48.0,fbs,fbs,1371.0,1476.0,False,26.0,Virginia Tech
401520396,2023,11,South Carolina,Vanderbilt,47.0,6.0,fbs,fbs,1511.0,1261.0,False,-41.0,South Carolina
401520392,2023,11,Nebraska,Maryland,10.0,13.0,fbs,fbs,1509.0,1597.0,False,3.0,Maryland
401547212,2023,11,Endicott College,University of New England,41.0,14.0,iii,iii,,,False,-27.0,Endicott College
401549694,2023,11,Upper Iowa,Quincy,28.0,38.0,ii,ii,,,False,10.0,Quincy
401558743,2023,11,Delaware Valley,Widener,23.0,6.0,iii,iii,,,False,-17.0,Delaware Valley
401552478,2023,11,Fitchburg State,Westfield State,0.0,49.0,iii,iii,,,False,49.0,Westfield State
401552022,2023,11,Wesleyan,Trinity (CT),6.0,58.0,iii,iii,,,False,52.0,Trinity (CT)
401552017,2023,11,Amherst College,Williams,21.0,14.0,iii,iii,,,False,-7.0,Amherst College
401539976,2023,11,Delaware State,Norfolk State,21.0,44.0,fcs,fcs,,,False,23.0,Norfolk State
401550129,2023,11,Mass Maritime,Bridgewater State,6.0,48.0,iii,iii,,,False,42.0,Bridgewater State
401550116,2023,11,Albright,Lebanon Valley,9.0,47.0,iii,iii,,,False,38.0,Lebanon Valley
401545890,2023,11,Millersville,Seton Hill College,10.0,30.0,ii,ii,,,False,20.0,Seton Hill College
401545896,2023,11,Shepherd,Mercyhurst,49.0,25.0,ii,ii,,,False,-24.0,Shepherd
401546998,2023,11,Thomas More,Lake Erie College,44.0,6.0,,ii,,,True,-38.0,Thomas More
401550106,2023,11,Moravian,Wilkes,6.0,41.0,iii,iii,,,False,35.0,Wilkes
401550055,2023,11,Brockport State (NY),Alfred,35.0,14.0,iii,iii,,,False,-21.0,Brockport State (NY)
401549710,2023,11,UVA-Wise,Wingate,0.0,27.0,ii,ii,,,False,27.0,Wingate
401549614,2023,11,Ithaca,SUNY Cortland,28.0,38.0,iii,iii,,,False,10.0,SUNY Cortland
401550023,2023,11,Norwich,Salve Regina,0.0,38.0,iii,iii,,,False,38.0,Salve Regina
401549793,2023,11,Greensboro,Methodist,27.0,21.0,iii,iii,,,False,-6.0,Greensboro
401549729,2023,11,Coast Guard,Merchant Marine,27.0,39.0,iii,iii,,,False,12.0,Merchant Marine
401545775,2023,11,West Virginia State,Charleston (WV),20.0,52.0,ii,ii,,,False,32.0,Charleston (WV)
401541819,2023,11,Findlay,Tiffin,7.0,26.0,ii,ii,,,False,19.0,Tiffin
401549587,2023,11,Rochester,Hobart,23.0,27.0,iii,iii,,,False,4.0,Hobart
401552026,2023,11,Middlebury,Tufts,19.0,10.0,iii,iii,,,False,-9.0,Middlebury
401540076,2023,11,Lafayette,Fordham,24.0,16.0,fcs,fcs,,,False,-8.0,Lafayette
401540297,2023,11,Columbia,Brown,14.0,21.0,fcs,fcs,,,False,7.0,Brown
401550206,2023,11,Lawrence,Ripon,34.0,55.0,iii,iii,,,False,21.0,Ripon
401549681,2023,11,Rockford,Concordia (IL),61.0,41.0,iii,iii,,,False,-20.0,Rockford
401550275,2023,11,Kenyon,Oberlin,38.0,10.0,iii,iii,,,False,-28.0,Kenyon
401550260,2023,11,Denison,Ohio Wesleyan,29.0,26.0,iii,iii,,,False,-3.0,Denison
401550218,2023,11,Monmouth (IL),Knox College,42.0,7.0,iii,iii,,,False,-35.0,Monmouth (IL)
401550149,2023,11,Trine,Kalamazoo,42.0,29.0,iii,iii,,,False,-13.0,Trine
401549826,2023,11,Susquehanna,Lycoming,49.0,10.0,iii,iii,,,False,-39.0,Susquehanna
401540374,2023,11,South Dakota,North Dakota,14.0,10.0,fcs,fcs,,,False,-4.0,South Dakota
401549658,2023,11,Beloit College,Illinois College,7.0,54.0,iii,iii,,,False,47.0,Illinois College
401549672,2023,11,Lake Forest,Chicago,14.0,15.0,iii,iii,,,False,1.0,Chicago
401549704,2023,11,New Haven,Bentley,24.0,17.0,ii,ii,,,False,-7.0,New Haven
401549766,2023,11,Centre,Birmingham-Southern,10.0,6.0,iii,iii,,,False,-4.0,Centre
401540055,2023,11,Bucknell,Georgetown,47.0,50.0,fcs,fcs,,,False,3.0,Georgetown
401540084,2023,11,Colgate,Lehigh,37.0,21.0,fcs,fcs,,,False,-16.0,Colgate
401540113,2023,11,Bethune-Cookman,Alabama A&M,31.0,14.0,fcs,fcs,,,False,-17.0,Bethune-Cookman
401540305,2023,11,Indiana State,Western Illinois,27.0,6.0,fcs,fcs,,,False,-21.0,Indiana State
401540318,2023,11,Campbell,Delaware,7.0,45.0,fcs,fcs,,,False,38.0,Delaware
401540344,2023,11,Harvard,Pennsylvania,25.0,23.0,fcs,fcs,,,False,-2.0,Harvard
401540405,2023,11,Morehead State,Davidson,47.0,17.0,fcs,fcs,,,False,-30.0,Morehead State
401540421,2023,11,Hampton,William & Mary,10.0,31.0,fcs,fcs,,,False,21.0,William & Mary
401540482,2023,11,Eastern Illinois,Tennessee State,30.0,17.0,fcs,fcs,,,False,-13.0,Eastern Illinois
401540512,2023,11,Dayton,Marist,35.0,6.0,fcs,fcs,,,False,-29.0,Dayton
401540547,2023,11,Rhode Island,North Carolina A&T,31.0,24.0,fcs,fcs,,,False,-7.0,Rhode Island
401540580,2023,11,Villanova,Towson,33.0,10.0,fcs,fcs,,,False,-23.0,Villanova
401540596,2023,11,Western Carolina,East Tennessee State,58.0,7.0,fcs,fcs,,,False,-51.0,Western Carolina
401541062,2023,11,Hartwick,Morrisville State,13.0,38.0,iii,iii,,,False,25.0,Morrisville State
401541100,2023,11,Wittenberg,Wooster,52.0,24.0,iii,iii,,,False,-28.0,Wittenberg
401541119,2023,11,Randolph-Macon,Hampden-Sydney,49.0,10.0,iii,iii,,,False,-39.0,Randolph-Macon
401541129,2023,11,Greenville,Crown College,64.0,20.0,iii,iii,,,False,-44.0,Greenville
401544889,2023,11,Southwest Minnesota State,Sioux Falls,28.0,10.0,ii,ii,,,False,-18.0,Southwest Minnesota State
401544916,2023,11,Erskine,Barton College,14.0,48.0,ii,ii,,,False,34.0,Barton College
401545758,2023,11,Glenville State,WV Wesleyan,41.0,3.0,ii,ii,,,False,-38.0,Glenville State
401545826,2023,11,Concordia-St. Paul,Wayne State (NE),21.0,56.0,ii,ii,,,False,35.0,Wayne State (NE)
401545834,2023,11,Minnesota State,Minnesota-Duluth,21.0,33.0,ii,ii,,,False,12.0,Minnesota-Duluth
401545841,2023,11,Minnesota St-Moorhead,University of Mary,35.0,7.0,ii,ii,,,False,-28.0,Minnesota St-Moorhead
401547027,2023,11,Mars Hill,Newberry,21.0,14.0,ii,ii,,,False,-7.0,Mars Hill
401547113,2023,11,Luther,Dubuque,10.0,42.0,iii,iii,,,False,32.0,Dubuque
401549627,2023,11,Buffalo State,St Lawrence,7.0,30.0,iii,iii,,,False,23.0,St Lawrence
401544944,2023,11,Augustana (IL),North Central,17.0,61.0,iii,iii,,,False,44.0,North Central
401545770,2023,11,West Liberty,Wheeling Jesuit,31.0,3.0,ii,ii,,,False,-28.0,West Liberty
401550144,2023,11,Albion,Alma College,14.0,50.0,iii,iii,,,False,36.0,Alma College
401552546,2023,11,Franklin Pierce,American International,21.0,10.0,ii,ii,,,True,-11.0,Franklin Pierce
401541863,2023,11,Shorter,West Alabama,9.0,28.0,ii,ii,,,False,19.0,West Alabama
401544133,2023,11,Thiel College,Grove City College,0.0,31.0,iii,iii,,,False,31.0,Grove City College
401540577,2023,11,Stony Brook,Albany,20.0,38.0,fcs,fcs,,,False,18.0,Albany
401540568,2023,11,Valparaiso,Stetson,23.0,20.0,fcs,fcs,,,False,-3.0,Valparaiso
401540774,2023,11,Grand Valley State,Davenport,38.0,0.0,ii,ii,,,False,-38.0,Grand Valley State
401540793,2023,11,Michigan Tech,Saginaw Valley,21.0,38.0,ii,ii,,,False,17.0,Saginaw Valley
401540801,2023,11,Northern Michigan,Northern State,20.0,44.0,ii,ii,,,False,24.0,Northern State
401541800,2023,11,Ferris State,Wayne State (MI),63.0,19.0,ii,ii,,,False,-44.0,Ferris State
401541825,2023,11,Hillsdale,Ohio Dominican,35.0,17.0,ii,ii,,,False,-18.0,Hillsdale
401541846,2023,11,West Florida,Chowan,52.0,6.0,ii,ii,,,True,-46.0,West Florida
401544124,2023,11,Bethany (WV),St. Vincent,21.0,29.0,iii,iii,,,False,8.0,St. Vincent
401520388,2023,11,Liberty,Old Dominion,38.0,10.0,fbs,fbs,1650.0,1389.0,False,-28.0,Liberty
401541022,2023,11,Shippensburg,Gannon,17.0,10.0,ii,ii,,,False,-7.0,Shippensburg
401541032,2023,11,Lock Haven,Edinboro,30.0,36.0,ii,ii,,,False,6.0,Edinboro
401541042,2023,11,Carson-Newman,Catawba,14.0,24.0,ii,ii,,,False,10.0,Catawba
401550315,2023,11,Averett,Ferrum,38.0,10.0,iii,iii,,,False,-28.0,Averett
401550348,2023,11,Shenandoah,Washington & Lee,21.0,40.0,iii,iii,,,False,19.0,Washington & Lee
401550354,2023,11,Trinity (TX),Hendrix College,56.0,7.0,iii,iii,,,False,-49.0,Trinity (TX)
401550370,2023,11,Maryville TN,Southern Virginia,48.0,10.0,iii,iii,,,False,-38.0,Maryville TN
401550390,2023,11,Westminster PA,Geneva College,35.0,14.0,iii,iii,,,False,-21.0,Westminster PA
401550397,2023,11,Washington & Jefferson,Waynesburg,33.0,28.0,iii,iii,,,False,-5.0,Washington & Jefferson
401550438,2023,11,Southwestern University,Sewanee Univ. of the South,24.0,0.0,iii,iii,,,False,-24.0,Southwestern University
401552401,2023,11,Emory & Henry,Limestone,29.0,47.0,ii,ii,,,False,18.0,Limestone
401552453,2023,11,Ursinus,Dickinson,21.0,10.0,iii,iii,,,False,-11.0,Ursinus
401552996,2023,11,Franklin & Marshall,Gettysburg,35.0,10.0,iii,iii,,,False,-25.0,Franklin & Marshall
401553036,2023,11,Catholic University,Juniata,34.0,20.0,iii,iii,,,False,-14.0,Catholic University
401553860,2023,11,Stevenson,Eastern University,26.0,23.0,iii,iii,,,False,-3.0,Stevenson
401555476,2023,11,King's College (PA),Alvernia University,50.0,0.0,iii,iii,,,False,-50.0,King's College (PA)
401553949,2023,11,Springfield,SUNY Maritime,51.0,6.0,iii,iii,,,False,-45.0,Springfield
401544086,2023,11,Grinnell,Cornell College (IA),20.0,51.0,iii,iii,,,False,31.0,Cornell College (IA)
401544076,2023,11,Olivet College,Adrian,32.0,10.0,iii,iii,,,False,-22.0,Olivet College
401544059,2023,11,Utica,St. John Fisher,14.0,0.0,iii,iii,,,False,-14.0,Utica
401541938,2023,11,Lincoln (MO),Central Missouri State,27.0,63.0,ii,ii,,,False,36.0,Central Missouri State
401545868,2023,11,East Stroudsburg,California (PA),37.0,30.0,ii,ii,,,False,-7.0,East Stroudsburg
401541091,2023,11,Wabash College,DePauw,30.0,33.0,iii,iii,,,False,3.0,DePauw
401550288,2023,11,Otterbein,John Carroll,22.0,37.0,iii,iii,,,False,15.0,John Carroll
401550078,2023,11,Manchester,Anderson (IN),37.0,7.0,iii,iii,,,False,-30.0,Manchester
401550090,2023,11,Hanover,Franklin,36.0,17.0,iii,iii,,,False,-19.0,Hanover
401540603,2023,11,Furman,VMI,37.0,3.0,fcs,fcs,,,False,-34.0,Furman
401550264,2023,11,Heidelberg,Capital,31.0,17.0,iii,iii,,,False,-14.0,Heidelberg
401544961,2023,11,Rose-Hulman,Mount St. Joseph,20.0,68.0,iii,iii,,,False,48.0,Mount St. Joseph
401540332,2023,11,Dartmouth,Cornell,30.0,14.0,fcs,fcs,,,False,-16.0,Dartmouth
401541072,2023,11,Defiance,Bluffton,35.0,42.0,iii,iii,,,False,7.0,Bluffton
401544105,2023,11,Marietta,Muskingum,21.0,20.0,iii,iii,,,False,-1.0,Marietta
401544114,2023,11,Mount Union,Baldwin-Wallace,41.0,17.0,iii,iii,,,False,-24.0,Mount Union
401545988,2023,11,Chadron State,South Dakota Mines,27.0,19.0,ii,ii,,,False,-8.0,Chadron State
401545999,2023,11,Fort Lewis,Colorado Mines,0.0,82.0,ii,ii,,,False,82.0,Colorado Mines
401547089,2023,11,Buena Vista,Nebraska Wesleyan University,25.0,20.0,iii,iii,,,False,-5.0,Buena Vista
401547098,2023,11,Simpson College,Central,14.0,69.0,iii,iii,,,False,55.0,Central
401540989,2023,11,Midwestern State,Texas A&M-Kingsville,21.0,27.0,ii,ii,,,False,6.0,Texas A&M-Kingsville
401550239,2023,11,Lakeland University,Eureka College,35.0,34.0,iii,iii,,,False,-1.0,Lakeland University
401550322,2023,11,Bridgewater (VA),Guilford,47.0,15.0,iii,iii,,,False,-32.0,Bridgewater (VA)
401540707,2023,11,Southwest Baptist,Indianapolis,3.0,41.0,ii,ii,,,False,38.0,Indianapolis
401540716,2023,11,McKendree,William Jewell College,35.0,14.0,ii,ii,,,False,-21.0,McKendree
401540736,2023,11,Missouri S&T,Truman State,14.0,24.0,ii,ii,,,False,10.0,Truman State
401541052,2023,11,Texas Lutheran,Austin College,29.0,10.0,iii,iii,,,False,-19.0,Texas Lutheran
401541138,2023,11,UW-Oshkosh,UW-River Falls,38.0,31.0,iii,iii,,,False,-7.0,UW-Oshkosh
401545851,2023,11,Winona State,Minot State,13.0,7.0,ii,ii,,,False,-6.0,Winona State
401550420,2023,11,Wisconsin-Stevens Point,Wisconsin-La Crosse,7.0,41.0,iii,iii,,,False,34.0,Wisconsin-La Crosse
401531915,2023,11,Louisiana Monroe,Troy,14.0,45.0,fbs,fbs,1047.0,1697.0,False,31.0,Troy
401531913,2023,11,Georgia State,Appalachian State,14.0,42.0,fbs,fbs,1436.0,1556.0,False,28.0,Appalachian State
401531408,2023,11,Charlotte,Memphis,38.0,44.0,fbs,fbs,1169.0,1576.0,False,6.0,Memphis
401540428,2023,11,Lindenwood,Bryant,3.0,38.0,fcs,fcs,,,False,35.0,Bryant
401547225,2023,11,Illinois Wesleyan,Elmhurst,49.0,13.0,iii,iii,,,False,-36.0,Illinois Wesleyan
401525551,2023,11,Wake Forest,NC State,6.0,26.0,fbs,fbs,1487.0,1558.0,False,20.0,NC State
401547147,2023,11,Howard Payne,Mary Hardin-Baylor,10.0,35.0,iii,iii,,,False,25.0,Mary Hardin-Baylor
401547180,2023,11,McMurry,Sul Ross State,37.0,23.0,iii,iii,,,False,-14.0,McMurry
401549783,2023,11,UW-Whitewater,Wisconsin-Eau Claire,59.0,0.0,iii,iii,,,False,-59.0,UW-Whitewater
401547106,2023,11,Coe,Loras College,54.0,14.0,iii,iii,,,False,-40.0,Coe
401524052,2023,11,Colorado,Arizona,31.0,34.0,fbs,fbs,1315.0,1657.0,False,3.0,Arizona
401550048,2023,11,North Park,Wheaton College (Ill),26.0,42.0,iii,iii,,,False,16.0,Wheaton College (Ill)
401540519,2023,11,Drake,Presbyterian College,16.0,14.0,fcs,fcs,,,False,-2.0,Drake
401550067,2023,11,Anna Maria College,Castleton State College,58.0,23.0,iii,iii,,,False,-35.0,Anna Maria College
401550225,2023,11,Aurora,Concordia (WI),23.0,0.0,iii,iii,,,False,-23.0,Aurora
401540181,2023,11,Austin Peay,Utah Tech,30.0,17.0,fcs,fcs,,,False,-13.0,Austin Peay
401540415,2023,11,Richmond,Elon,38.0,24.0,fcs,fcs,,,False,-14.0,Richmond
401550446,2023,11,Minnesota-Morris,Northwestern (MN),42.0,39.0,iii,iii,,,False,-3.0,Minnesota-Morris
401520385,2023,11,James Madison,Connecticut,44.0,6.0,fbs,fbs,1725.0,1109.0,False,-38.0,James Madison
401545994,2023,11,New Mexico Highlands,Colorado Mesa,24.0,38.0,ii,ii,,,False,14.0,Colorado Mesa
401540621,2023,11,The Citadel,Wofford,3.0,11.0,fcs,fcs,,,False,8.0,Wofford
401544953,2023,11,Millikin,Carthage,15.0,24.0,iii,iii,,,False,9.0,Carthage
401544997,2023,11,Wilmington (OH),Ohio Northern,14.0,38.0,iii,iii,,,False,24.0,Ohio Northern
401545808,2023,11,Augustana (SD),Bemidji State,38.0,19.0,ii,ii,,,False,-19.0,Augustana (SD)
401544143,2023,11,Berry College,Rhodes,36.0,12.0,iii,iii,,,False,-24.0,Berry College
401541983,2023,11,Washburn,Northeastern State,45.0,14.0,ii,ii,,,False,-31.0,Washburn
401541854,2023,11,Delta State,Mississippi College,41.0,3.0,ii,ii,,,False,-38.0,Delta State
401541957,2023,11,Fort Hays State,Emporia State,42.0,45.0,ii,ii,,,False,3.0,Emporia State
401541922,2023,11,Western New Mexico,Eastern New Mexico,25.0,24.0,ii,ii,,,False,-1.0,Western New Mexico
401541767,2023,11,Ouachita Baptist,Henderson State,27.0,31.0,ii,ii,,,False,4.0,Henderson State
401549801,2023,11,Huntingdon,NC Wesleyan,21.0,0.0,iii,iii,,,False,-21.0,Huntingdon
401551508,2023,11,East Texas Baptist,Hardin-Simmons,27.0,42.0,iii,iii,,,False,15.0,Hardin-Simmons
401540487,2023,11,Tennessee Tech,Gardner-Webb,0.0,35.0,fcs,fcs,,,False,35.0,Gardner-Webb
401541978,2023,11,Northwest Missouri State,Nebraska-Kearney,56.0,7.0,ii,ii,,,False,-49.0,Northwest Missouri State
401540218,2023,11,Abilene Christian,Tarleton State,30.0,31.0,fcs,fcs,,,False,1.0,Tarleton State
401540727,2023,11,Arkansas Tech,Harding,0.0,56.0,ii,ii,,,False,56.0,Harding
401540784,2023,11,Southern Arkansas,Arkansas-Monticello,60.0,17.0,ii,ii,,,False,-43.0,Southern Arkansas
401545981,2023,11,Colorado State-Pueblo,Black Hills State,42.0,37.0,ii,ii,,,False,-5.0,Colorado State-Pueblo
401541781,2023,11,Southern Nazarene,Oklahoma Baptist,49.0,21.0,ii,ii,,,False,-28.0,Southern Nazarene
401550246,2023,11,St. Norbert,Benedictine (IL),24.0,0.0,iii,iii,,,False,-24.0,St. Norbert
401544907,2023,11,Adams State,Western State,24.0,45.0,ii,ii,,,False,21.0,Western State
401541965,2023,11,Missouri Southern State,Missouri Western,47.0,41.0,ii,ii,,,False,-6.0,Missouri Southern State
401541911,2023,11,University of Texas of the Permian Basin,Central Washington,42.0,14.0,ii,ii,,,False,-28.0,University of Texas of the Permian Basin
401541948,2023,11,Pittsburg State,Central Oklahoma,20.0,10.0,ii,ii,,,False,-10.0,Pittsburg State
401541790,2023,11,Southeastern Oklahoma,East Central,24.0,14.0,ii,ii,,,False,-10.0,Southeastern Oklahoma
401540122,2023,11,Mississippi Valley State,Alabama State,3.0,20.0,fcs,fcs,,,False,17.0,Alabama State
401550424,2023,11,Wisconsin-Platteville,UW-Stout,41.0,24.0,iii,iii,,,False,-17.0,Wisconsin-Platteville
401540242,2023,11,Montana State,Eastern Washington,57.0,14.0,fcs,fcs,,,False,-43.0,Montana State
401520387,2023,11,Louisiana Tech,Sam Houston State,27.0,42.0,fbs,fbs,1219.0,1304.0,False,15.0,Sam Houston State
401540277,2023,11,Northern Arizona,Northern Colorado,28.0,7.0,fcs,fcs,,,False,-21.0,Northern Arizona
401540249,2023,11,Weber State,Idaho,31.0,29.0,fcs,fcs,,,False,-2.0,Weber State
401540169,2023,11,Southern,Prairie View,21.0,27.0,fcs,fcs,,,False,6.0,Prairie View
401540502,2023,11,UT Martin,Southeast Missouri State,41.0,14.0,fcs,fcs,,,False,-27.0,UT Martin
401532615,2023,11,Utah State,Nevada,41.0,24.0,fbs,fbs,1388.0,1180.0,False,-17.0,Utah State
401540352,2023,11,Missouri State,Northern Iowa,35.0,16.0,fcs,fcs,,,False,-19.0,Missouri State
401540615,2023,11,Mercer,Samford,28.0,21.0,fcs,fcs,,,False,-7.0,Mercer
401540433,2023,11,Incarnate Word,Northwestern State,1.0,0.0,fcs,fcs,,,False,-1.0,Incarnate Word
401540610,2023,11,Kennesaw State,Virginia Lynchburg,63.0,3.0,fcs,,,,False,-60.0,Kennesaw State
401525889,2023,11,Kansas State,Baylor,59.0,25.0,fbs,fbs,1969.0,1452.0,False,-34.0,Kansas State
401540387,2023,11,North Dakota State,Southern Illinois,34.0,10.0,fcs,fcs,,,False,-24.0,North Dakota State
401531384,2023,11,Navy,UAB,31.0,6.0,fbs,fbs,1306.0,1367.0,False,-25.0,Navy
401525892,2023,11,UCF,Oklahoma State,45.0,3.0,fbs,fbs,1507.0,1629.0,False,-42.0,UCF
401524056,2023,11,Washington,Utah,35.0,28.0,fbs,fbs,1864.0,1823.0,False,-7.0,Washington
401525552,2023,11,Syracuse,Pittsburgh,28.0,13.0,fbs,fbs,1364.0,1448.0,True,-15.0,Syracuse
401525550,2023,11,Florida State,Miami,27.0,20.0,fbs,fbs,1966.0,1549.0,False,-7.0,Florida State
401520384,2023,11,Iowa,Rutgers,22.0,0.0,fbs,fbs,1648.0,1477.0,False,-22.0,Iowa
401520395,2023,11,Purdue,Minnesota,49.0,30.0,fbs,fbs,1448.0,1589.0,False,-19.0,Purdue
401520398,2023,11,Wisconsin,Northwestern,10.0,24.0,fbs,fbs,1655.0,1379.0,False,14.0,Northwestern
401520399,2023,11,Western Kentucky,New Mexico State,29.0,38.0,fbs,fbs,1495.0,1361.0,False,9.0,New Mexico State
401520391,2023,11,Missouri,Tennessee,36.0,7.0,fbs,fbs,1643.0,1948.0,False,-29.0,Missouri
401531912,2023,11,Coastal Carolina,Texas State,31.0,23.0,fbs,fbs,1491.0,1424.0,False,-8.0,Coastal Carolina
401534857,2023,11,Howard,North Carolina Central,50.0,20.0,fcs,fcs,,,False,-30.0,Howard
401520390,2023,11,Middle Tennessee,Florida International,40.0,6.0,fbs,fbs,1289.0,1060.0,False,-34.0,Middle Tennessee
401541774,2023,11,Northwestern Oklahoma State,Southwestern Oklahoma,41.0,0.0,ii,ii,,,False,-41.0,Northwestern Oklahoma State
401541000,2023,11,UNC Pembroke,Concord,68.0,21.0,ii,ii,,,False,-47.0,UNC Pembroke
401544095,2023,11,Linfield,Whitworth,24.0,28.0,iii,iii,,,False,4.0,Whitworth
401552011,2023,11,Puget Sound,Pacific Lutheran,7.0,42.0,iii,iii,,,False,35.0,Pacific Lutheran
401550880,2023,11,Willamette,Lewis & Clark,13.0,63.0,iii,iii,,,False,50.0,Lewis & Clark
401540560,2023,11,San Diego,St. Thomas (MN),14.0,20.0,fcs,fcs,,,False,6.0,St. Thomas (MN)
401540381,2023,11,Nicholls,Lamar,37.0,24.0,fcs,fcs,,,False,-13.0,Nicholls
401547024,2023,11,Tusculum,Lenoir-Rhyne,7.0,48.0,ii,ii,,,False,41.0,Lenoir-Rhyne
401520380,2023,11,Arkansas,Auburn,10.0,48.0,fbs,fbs,1600.0,1590.0,False,38.0,Auburn
401524051,2023,11,California,Washington State,42.0,39.0,fbs,fbs,1425.0,1435.0,False,-3.0,California
401531416,2023,11,Florida Atlantic,East Carolina,7.0,22.0,fbs,fbs,1446.0,1348.0,False,15.0,East Carolina
401540436,2023,11,Texas A&M-Commerce,Southeastern Louisiana,14.0,52.0,fcs,fcs,,,False,38.0,Southeastern Louisiana
401540191,2023,11,Central Arkansas,Eastern Kentucky,27.0,24.0,fcs,fcs,,,False,-3.0,Central Arkansas
401549775,2023,11,Mayville State,Martin Luther College,45.0,20.0,,iii,,,True,-25.0,Mayville State
401531916,2023,11,South Alabama,Arkansas State,21.0,14.0,fbs,fbs,1627.0,1210.0,False,-7.0,South Alabama
401540211,2023,11,Stephen F. Austin,Southern Utah,17.0,45.0,fcs,fcs,,,False,28.0,Southern Utah
401540233,2023,11,Sacramento State,Cal Poly,41.0,30.0,fcs,fcs,,,False,-11.0,Sacramento State
401541810,2023,11,Kentucky Wesleyan,Ashland,23.0,56.0,ii,ii,,,False,33.0,Ashland
401549721,2023,11,Colby,Bowdoin,14.0,35.0,iii,iii,,,False,21.0,Bowdoin
401547194,2023,11,Johns Hopkins,McDaniel College,58.0,7.0,iii,iii,,,False,-51.0,Johns Hopkins
401524054,2023,11,Oregon State,Stanford,62.0,17.0,fbs,fbs,1765.0,1249.0,False,-45.0,Oregon State
401549649,2023,11,Washington (MO),Carroll (WI),35.0,23.0,iii,iii,,,False,-12.0,Washington (MO)
401549637,2023,11,Montclair State,Muhlenberg,14.0,45.0,iii,iii,,,False,31.0,Muhlenberg
401549742,2023,11,MIT,Worcester Polytechnic,25.0,21.0,iii,iii,,,False,-4.0,MIT
401540257,2023,11,Idaho State,UC Davis,14.0,21.0,fcs,fcs,,,False,7.0,UC Davis
401541897,2023,11,Angelo State,Western Oregon,31.0,13.0,ii,ii,,,False,-18.0,Angelo State
401550495,2023,11,George Fox University,Pacific (OR),45.0,42.0,iii,iii,,,False,-3.0,George Fox University
401550379,2023,11,Carnegie Mellon,Case Western Reserve,31.0,21.0,iii,iii,,,False,-10.0,Carnegie Mellon
401541871,2023,11,Valdosta State,West Georgia,58.0,28.0,ii,ii,,,False,-30.0,Valdosta State
401531914,2023,11,Marshall,Georgia Southern,38.0,33.0,fbs,fbs,1378.0,1432.0,False,-5.0,Marshall
401520382,2023,11,Georgia,Ole Miss,52.0,17.0,fbs,fbs,2060.0,1714.0,False,-35.0,Georgia
401525887,2023,11,Houston,Cincinnati,14.0,24.0,fbs,fbs,1482.0,1431.0,False,10.0,Cincinnati
401532617,2023,11,Colorado State,San Diego State,22.0,19.0,fbs,fbs,1269.0,1321.0,False,-3.0,Colorado State
401525890,2023,11,Oklahoma,West Virginia,59.0,20.0,fbs,fbs,1906.0,1577.0,False,-39.0,Oklahoma
401520397,2023,11,Texas A&M,Mississippi State,51.0,10.0,fbs,fbs,1743.0,1476.0,False,-41.0,Texas A&M
401520389,2023,11,LSU,Florida,52.0,35.0,fbs,fbs,1927.0,1588.0,False,-17.0,LSU
401525891,2023,11,TCU,Texas,26.0,29.0,fbs,fbs,1605.0,1932.0,False,3.0,Texas
401531400,2023,11,UT San Antonio,Rice,34.0,14.0,fbs,fbs,1624.0,1336.0,False,-20.0,UT San Antonio
401520393,2023,11,Ohio State,Michigan State,38.0,3.0,fbs,fbs,2065.0,1388.0,False,-35.0,Ohio State
401540361,2023,11,McNeese,Houston Christian,24.0,35.0,fcs,fcs,,,False,11.0,Houston Christian
401525549,2023,11,North Carolina,Duke,47.0,45.0,fbs,fbs,1701.0,1631.0,False,-2.0,North Carolina
401524055,2023,11,UCLA,Arizona State,7.0,17.0,fbs,fbs,1662.0,1313.0,False,10.0,Arizona State
401540264,2023,11,Portland State,Montana,10.0,34.0,fcs,fcs,,,False,24.0,Montana
401532616,2023,11,Boise State,New Mexico,42.0,14.0,fbs,fbs,1584.0,1029.0,False,-28.0,Boise State
401525886,2023,11,BYU,Iowa State,13.0,45.0,fbs,fbs,1400.0,1594.0,False,32.0,Iowa State
401532614,2023,11,San José State,Fresno State,42.0,18.0,fbs,fbs,1501.0,1735.0,False,-24.0,San José State
401524053,2023,11,Oregon,USC,36.0,27.0,fbs,fbs,1976.0,1743.0,False,-9.0,Oregon
401540154,2023,11,Florida A&M,Lincoln University (CA),28.0,0.0,fcs,,,,False,-28.0,Florida A&M
401532613,2023,11,Hawai'i,Air Force,27.0,13.0,fbs,fbs,1062.0,1663.0,False,-14.0,Hawai'i
401552884,2023,11,Worcester State College,Framingham State,,,iii,iii,,,False,,Framingham State
401540131,2023,11,Texas Southern,Alcorn State,44.0,10.0,fcs,fcs,,,False,-34.0,Texas Southern
401532443,2023,12,Bowling Green,Toledo,31.0,32.0,fbs,fbs,1342.0,1561.0,False,1.0,Toledo
401532445,2023,12,Eastern Michigan,Akron,30.0,27.0,fbs,fbs,1251.0,1052.0,False,-3.0,Eastern Michigan
401532444,2023,12,Northern Illinois,Western Michigan,24.0,0.0,fbs,fbs,1379.0,1333.0,False,-24.0,Northern Illinois
401532446,2023,12,Ohio,Central Michigan,34.0,20.0,fbs,fbs,1496.0,1266.0,False,-14.0,Ohio
401532447,2023,12,Miami (OH),Buffalo,23.0,10.0,fbs,fbs,1494.0,1334.0,False,-13.0,Miami (OH)
401525553,2023,12,Pittsburgh,Boston College,24.0,16.0,fbs,fbs,1401.0,1313.0,False,-8.0,Pittsburgh
401540437,2023,12,Southeastern Louisiana,Nicholls,16.0,21.0,fcs,fcs,,,False,5.0,Nicholls
401540114,2023,12,Alabama A&M,Mississippi Valley State,30.0,21.0,fcs,fcs,,,False,-9.0,Alabama A&M
401531401,2023,12,UT San Antonio,South Florida,49.0,21.0,fbs,fbs,1642.0,1191.0,False,-28.0,UT San Antonio
401524057,2023,12,Washington State,Colorado,56.0,14.0,fbs,fbs,1434.0,1330.0,False,-42.0,Washington State
401520405,2023,12,Indiana,Michigan State,21.0,24.0,fbs,fbs,1345.0,1369.0,False,3.0,Michigan State
401520417,2023,12,Penn State,Rutgers,27.0,6.0,fbs,fbs,2032.0,1442.0,False,-21.0,Penn State
401520414,2023,12,Northwestern,Purdue,23.0,15.0,fbs,fbs,1441.0,1506.0,False,-8.0,Northwestern
401540624,2023,12,VMI,Western Carolina,20.0,10.0,fcs,fcs,,,False,-10.0,VMI
401540046,2023,12,Wagner,Post University,48.0,21.0,fcs,ii,,,False,-27.0,Wagner
401540561,2023,12,Stetson,San Diego,20.0,47.0,fcs,fcs,,,False,27.0,San Diego
401520410,2023,12,Maryland,Michigan,24.0,31.0,fbs,fbs,1596.0,2187.0,False,7.0,Michigan
401540056,2023,12,Marist,Bucknell,21.0,38.0,fcs,fcs,,,False,17.0,Bucknell
401540077,2023,12,Lehigh,Lafayette,21.0,49.0,fcs,fcs,,,False,28.0,Lafayette
401540064,2023,12,Holy Cross,Georgetown,31.0,10.0,fcs,fcs,,,False,-21.0,Holy Cross
401531431,2023,12,Memphis,SMU,34.0,38.0,fbs,fbs,1559.0,1776.0,False,4.0,SMU
401531417,2023,12,Navy,East Carolina,10.0,0.0,fbs,fbs,1376.0,1393.0,False,-10.0,Navy
401540483,2023,12,Robert Morris,Eastern Illinois,14.0,28.0,fcs,fcs,,,False,14.0,Eastern Illinois
401540298,2023,12,Brown,Dartmouth,13.0,38.0,fcs,fcs,,,False,25.0,Dartmouth
401520401,2023,12,Alabama,Chattanooga,66.0,10.0,fbs,fcs,2072.0,,False,-56.0,Alabama
401520420,2023,12,Texas A&M,Abilene Christian,38.0,10.0,fbs,fcs,1837.0,,False,-28.0,Texas A&M
401520421,2023,12,Connecticut,Sacred Heart,31.0,3.0,fbs,fcs,1047.0,,False,-28.0,Connecticut
401540520,2023,12,Butler,Drake,9.0,13.0,fcs,fcs,,,False,4.0,Drake
401540604,2023,12,Wofford,Furman,19.0,13.0,fcs,fcs,,,False,-6.0,Wofford
401540345,2023,12,Yale,Harvard,23.0,18.0,fcs,fcs,,,False,-5.0,Yale
401520416,2023,12,Ole Miss,Louisiana Monroe,35.0,3.0,fbs,fbs,1659.0,1035.0,False,-32.0,Ole Miss
401525558,2023,12,Miami,Louisville,31.0,38.0,fbs,fbs,1561.0,1763.0,False,7.0,Louisville
401531375,2023,12,Florida Atlantic,Tulane,8.0,24.0,fbs,fbs,1401.0,1611.0,False,16.0,Tulane
401520403,2023,12,Army,Coastal Carolina,28.0,21.0,fbs,fbs,1361.0,1499.0,False,-7.0,Army
401540011,2023,12,Central Connecticut,St Francis (PA),14.0,49.0,fcs,fcs,,,False,35.0,St Francis (PA)
401540019,2023,12,Merrimack,Duquesne,14.0,26.0,fcs,fcs,,,False,12.0,Duquesne
401520412,2023,12,Mississippi State,Southern Mississippi,41.0,20.0,fbs,fbs,1392.0,1184.0,False,-21.0,Mississippi State
401525893,2023,12,BYU,Oklahoma,24.0,31.0,fbs,fbs,1334.0,1975.0,False,7.0,Oklahoma
401520408,2023,12,Liberty,UMass,49.0,25.0,fbs,fbs,1693.0,972.0,False,-24.0,Liberty
401552541,2023,12,Pennsylvania,Princeton,17.0,24.0,fcs,fcs,,,False,7.0,Princeton
401541635,2023,12,Colgate,Fordham,21.0,14.0,fcs,fcs,,,False,-7.0,Colgate
401540574,2023,12,William & Mary,Richmond,26.0,27.0,fcs,fcs,,,False,1.0,Richmond
401540597,2023,12,East Tennessee State,The Citadel,35.0,23.0,fcs,fcs,,,False,-12.0,East Tennessee State
401540507,2023,12,Albany,Monmouth,41.0,0.0,fcs,fcs,,,False,-41.0,Albany
401540333,2023,12,Cornell,Columbia,14.0,22.0,fcs,fcs,,,False,8.0,Columbia
401540429,2023,12,Bryant,Southeast Missouri State,45.0,21.0,fcs,fcs,,,False,-24.0,Bryant
401540543,2023,12,Samford,UT Martin,27.0,17.0,fcs,fcs,,,False,-10.0,Samford
401540552,2023,12,Presbyterian College,Morehead State,31.0,27.0,fcs,fcs,,,False,-4.0,Presbyterian College
401540572,2023,12,Towson,Rhode Island,31.0,30.0,fcs,fcs,,,False,-1.0,Towson
401540493,2023,12,New Hampshire,Maine,44.0,25.0,fcs,fcs,,,False,-19.0,New Hampshire
401540416,2023,12,Elon,Hampton,51.0,14.0,fcs,fcs,,,False,-37.0,Elon
401540478,2023,12,Gardner-Webb,Charleston Southern,34.0,10.0,fcs,fcs,,,False,-24.0,Gardner-Webb
401534858,2023,12,Howard,Morgan State,14.0,7.0,fcs,fcs,,,False,-7.0,Howard
401540026,2023,12,Stonehill,Long Island University,40.0,23.0,fcs,fcs,,,False,-17.0,Stonehill
401540319,2023,12,North Carolina A&T,Campbell,14.0,28.0,fcs,fcs,,,False,14.0,Campbell
401540329,2023,12,Delaware,Villanova,7.0,35.0,fcs,fcs,,,False,28.0,Villanova
401520411,2023,12,Middle Tennessee,UTEP,34.0,30.0,fbs,fbs,1354.0,1181.0,False,-4.0,Middle Tennessee
401520407,2023,12,Jacksonville State,Louisiana Tech,56.0,17.0,fbs,fbs,1490.0,1192.0,False,-39.0,Jacksonville State
401540445,2023,12,Western Illinois,South Dakota,6.0,48.0,fcs,fcs,,,False,42.0,South Dakota
401540306,2023,12,Southern Illinois,Indiana State,38.0,9.0,fcs,fcs,,,False,-29.0,Southern Illinois
401532620,2023,12,Wyoming,Hawai'i,42.0,9.0,fbs,fbs,1356.0,1152.0,False,-33.0,Wyoming
401540282,2023,12,Northern Colorado,Portland State,23.0,27.0,fcs,fcs,,,False,4.0,Portland State
401531409,2023,12,Charlotte,Rice,7.0,28.0,fbs,fbs,1186.0,1318.0,False,21.0,Rice
401539977,2023,12,North Carolina Central,Delaware State,52.0,14.0,fcs,fcs,,,False,-38.0,North Carolina Central
401532448,2023,12,Ball State,Kent State,34.0,3.0,fbs,fbs,1186.0,1036.0,False,-31.0,Ball State
401531918,2023,12,James Madison,Appalachian State,23.0,26.0,fbs,fbs,1758.0,1618.0,False,3.0,Appalachian State
401539992,2023,12,Norfolk State,South Carolina State,17.0,44.0,fcs,fcs,,,False,27.0,South Carolina State
401540109,2023,12,North Dakota,Illinois State,10.0,9.0,fcs,fcs,,,False,-1.0,North Dakota
401540462,2023,12,St. Thomas (MN),Valparaiso,16.0,10.0,fcs,fcs,,,False,-6.0,St. Thomas (MN)
401540182,2023,12,Austin Peay,Central Arkansas,7.0,3.0,fcs,fcs,,,False,-4.0,Austin Peay
401540198,2023,12,Eastern Kentucky,Stephen F. Austin,36.0,24.0,fcs,fcs,,,False,-12.0,Eastern Kentucky
401540265,2023,12,Montana,Montana State,37.0,7.0,fcs,fcs,,,False,-30.0,Montana
401540368,2023,12,Murray State,Youngstown State,17.0,34.0,fcs,fcs,,,False,17.0,Youngstown State
401525899,2023,12,West Virginia,Cincinnati,42.0,21.0,fbs,fbs,1508.0,1456.0,False,-21.0,West Virginia
401524058,2023,12,Arizona,Utah,42.0,18.0,fbs,fbs,1642.0,1816.0,False,-24.0,Arizona
401540353,2023,12,South Dakota State,Missouri State,35.0,17.0,fcs,fcs,,,False,-18.0,South Dakota State
401540537,2023,12,Tennessee State,Tennessee Tech,0.0,28.0,fcs,fcs,,,False,28.0,Tennessee Tech
401540434,2023,12,Northwestern State,Texas A&M-Commerce,0.0,1.0,fcs,fcs,,,False,1.0,Texas A&M-Commerce
401540362,2023,12,Houston Christian,Incarnate Word,24.0,45.0,fcs,fcs,,,False,21.0,Incarnate Word
401525555,2023,12,Virginia,Duke,30.0,27.0,fbs,fbs,1291.0,1631.0,False,-3.0,Virginia
401532621,2023,12,Colorado State,Nevada,30.0,20.0,fbs,fbs,1271.0,1162.0,False,-10.0,Colorado State
401531919,2023,12,Arkansas State,Texas State,77.0,31.0,fbs,fbs,1222.0,1416.0,False,-46.0,Arkansas State
401540287,2023,12,UC Davis,Sacramento State,17.0,7.0,fcs,fcs,,,False,-10.0,UC Davis
401531345,2023,12,Tulsa,North Texas,28.0,35.0,fbs,fbs,1096.0,1376.0,False,7.0,North Texas
401531385,2023,12,UAB,Temple,34.0,24.0,fbs,fbs,1297.0,1020.0,False,-10.0,UAB
401540140,2023,12,Texas Southern,Arkansas-Pine Bluff,34.0,35.0,fcs,fcs,,,False,1.0,Arkansas-Pine Bluff
401540132,2023,12,Jackson State,Alcorn State,24.0,28.0,fcs,fcs,,,False,4.0,Alcorn State
401540123,2023,12,Prairie View,Alabama State,21.0,14.0,fcs,fcs,,,False,-7.0,Prairie View
401532624,2023,12,Air Force,UNLV,27.0,31.0,fbs,fbs,1573.0,1552.0,False,4.0,UNLV
401524062,2023,12,USC,UCLA,20.0,38.0,fbs,fbs,1743.0,1607.0,False,18.0,UCLA
401525442,2023,12,Notre Dame,Wake Forest,45.0,7.0,fbs,fbs,1966.0,1444.0,False,-38.0,Notre Dame
401531921,2023,12,Troy,Louisiana,31.0,24.0,fbs,fbs,1709.0,1454.0,False,-7.0,Troy
401525554,2023,12,Clemson,North Carolina,31.0,20.0,fbs,fbs,1749.0,1701.0,False,-11.0,Clemson
401540147,2023,12,Florida A&M,Bethune-Cookman,24.0,7.0,fcs,fcs,,,True,-17.0,Florida A&M
401525559,2023,12,Virginia Tech,NC State,28.0,35.0,fbs,fbs,1534.0,1601.0,False,7.0,NC State
401520406,2023,12,Iowa,Illinois,15.0,13.0,fbs,fbs,1683.0,1508.0,False,-2.0,Iowa
401520419,2023,12,Tennessee,Georgia,10.0,38.0,fbs,fbs,1830.0,2115.0,False,28.0,Georgia
401520423,2023,12,Western Kentucky,Sam Houston State,28.0,23.0,fbs,fbs,1465.0,1331.0,False,-5.0,Western Kentucky
401525897,2023,12,TCU,Baylor,42.0,17.0,fbs,fbs,1619.0,1419.0,False,-25.0,TCU
401525894,2023,12,Houston,Oklahoma State,30.0,43.0,fbs,fbs,1457.0,1486.0,False,13.0,Oklahoma State
401520404,2023,12,Auburn,New Mexico State,10.0,31.0,fbs,fbs,1705.0,1391.0,False,21.0,New Mexico State
401520415,2023,12,Ohio State,Minnesota,37.0,3.0,fbs,fbs,2084.0,1531.0,False,-34.0,Ohio State
401524059,2023,12,Arizona State,Oregon,13.0,49.0,fbs,fbs,1368.0,1976.0,False,36.0,Oregon
401540382,2023,12,Lamar,McNeese,45.0,27.0,fcs,fcs,,,False,-18.0,Lamar
401540243,2023,12,Eastern Washington,Northern Arizona,42.0,49.0,fcs,fcs,,,False,7.0,Northern Arizona
401531920,2023,12,South Alabama,Marshall,28.0,0.0,fbs,fbs,1615.0,1385.0,False,-28.0,South Alabama
401540388,2023,12,Northern Iowa,North Dakota State,27.0,48.0,fcs,fcs,,,False,21.0,North Dakota State
401525898,2023,12,Texas Tech,UCF,24.0,23.0,fbs,fbs,1611.0,1650.0,False,-1.0,Texas Tech
401531917,2023,12,Georgia Southern,Old Dominion,17.0,20.0,fbs,fbs,1425.0,1346.0,False,3.0,Old Dominion
401525556,2023,12,Florida State,North Alabama,58.0,13.0,fbs,fcs,1960.0,,False,-45.0,Florida State
401524061,2023,12,Stanford,California,15.0,27.0,fbs,fbs,1184.0,1426.0,False,12.0,California
401532619,2023,12,Utah State,Boise State,10.0,45.0,fbs,fbs,1406.0,1597.0,False,35.0,Boise State
401540406,2023,12,Davidson,Dayton,7.0,35.0,fcs,fcs,,,False,28.0,Dayton
401540250,2023,12,Idaho,Idaho State,63.0,21.0,fcs,fcs,,,False,-42.0,Idaho
401525896,2023,12,Kansas,Kansas State,27.0,31.0,fbs,fbs,1582.0,2002.0,False,4.0,Kansas State
401540212,2023,12,Utah Tech,Southern Utah,16.0,24.0,fcs,fcs,,,False,8.0,Southern Utah
401520422,2023,12,Wisconsin,Nebraska,24.0,17.0,fbs,fbs,1593.0,1510.0,False,-7.0,Wisconsin
401524060,2023,12,Oregon State,Washington,20.0,22.0,fbs,fbs,1830.0,1871.0,False,2.0,Washington
401520402,2023,12,Arkansas,Florida International,44.0,20.0,fbs,fbs,1485.0,995.0,False,-24.0,Arkansas
401520418,2023,12,South Carolina,Kentucky,17.0,14.0,fbs,fbs,1597.0,1612.0,False,-3.0,South Carolina
401520413,2023,12,Missouri,Florida,33.0,31.0,fbs,fbs,1761.0,1581.0,False,-2.0,Missouri
401525895,2023,12,Iowa State,Texas,16.0,26.0,fbs,fbs,1660.0,1918.0,False,10.0,Texas
401525557,2023,12,Georgia Tech,Syracuse,31.0,22.0,fbs,fbs,1404.0,1411.0,False,-9.0,Georgia Tech
401520409,2023,12,LSU,Georgia State,56.0,14.0,fbs,fbs,1934.0,1374.0,False,-42.0,LSU
401540234,2023,12,Cal Poly,Weber State,21.0,48.0,fcs,fcs,,,False,27.0,Weber State
401532622,2023,12,Fresno State,New Mexico,17.0,25.0,fbs,fbs,1647.0,1016.0,False,8.0,New Mexico
401532623,2023,12,San José State,San Diego State,24.0,13.0,fbs,fbs,1589.0,1319.0,False,-11.0,San José State
401532450,2023,13,Western Michigan,Bowling Green,10.0,34.0,fbs,fbs,1278.0,1351.0,False,24.0,Bowling Green
401532449,2023,13,Buffalo,Eastern Michigan,11.0,24.0,fbs,fbs,1322.0,1249.0,False,13.0,Eastern Michigan
401540124,2023,13,Alabama State,Tuskegee,41.0,3.0,fcs,ii,,,False,-38.0,Alabama State
401520424,2023,13,Mississippi State,Ole Miss,7.0,17.0,fbs,fbs,1421.0,1676.0,False,10.0,Ole Miss
401532452,2023,13,Akron,Ohio,14.0,25.0,fbs,fbs,1054.0,1505.0,False,11.0,Ohio
401525560,2023,13,Boston College,Miami,20.0,45.0,fbs,fbs,1306.0,1563.0,False,25.0,Miami
401525900,2023,13,Oklahoma,TCU,69.0,45.0,fbs,fbs,1945.0,1660.0,False,-24.0,Oklahoma
401520425,2023,13,Nebraska,Iowa,10.0,13.0,fbs,fbs,1505.0,1681.0,False,3.0,Iowa
401532451,2023,13,Central Michigan,Toledo,17.0,32.0,fbs,fbs,1257.0,1552.0,False,15.0,Toledo
401531394,2023,13,Temple,Memphis,21.0,45.0,fbs,fbs,1022.0,1566.0,False,24.0,Memphis
401531376,2023,13,Tulane,UT San Antonio,29.0,16.0,fbs,fbs,1628.0,1665.0,False,-13.0,Tulane
401532629,2023,13,New Mexico,Utah State,41.0,44.0,fbs,fbs,1093.0,1330.0,False,3.0,Utah State
401520426,2023,13,Arkansas,Missouri,14.0,48.0,fbs,fbs,1495.0,1759.0,False,34.0,Missouri
401532625,2023,13,Boise State,Air Force,27.0,19.0,fbs,fbs,1673.0,1565.0,False,-8.0,Boise State
401525901,2023,13,Texas,Texas Tech,57.0,7.0,fbs,fbs,1917.0,1613.0,False,-50.0,Texas
401520435,2023,13,Michigan State,Penn State,0.0,42.0,fbs,fbs,1372.0,2027.0,True,42.0,Penn State
401524063,2023,13,Oregon,Oregon State,31.0,7.0,fbs,fbs,2006.0,1830.0,False,-24.0,Oregon
401532454,2023,13,Ball State,Miami (OH),15.0,17.0,fbs,fbs,1251.0,1506.0,False,2.0,Miami (OH)
401520434,2023,13,Michigan,Ohio State,30.0,24.0,fbs,fbs,2160.0,2113.0,False,-6.0,Michigan
401520438,2023,13,Purdue,Indiana,35.0,31.0,fbs,fbs,1490.0,1342.0,False,-4.0,Purdue
401520440,2023,13,Sam Houston State,Middle Tennessee,23.0,20.0,fbs,fbs,1331.0,1352.0,False,-3.0,Sam Houston State
401531927,2023,13,Southern Mississippi,Troy,17.0,35.0,fbs,fbs,1155.0,1705.0,False,18.0,Troy
401532453,2023,13,Kent State,Northern Illinois,27.0,37.0,fbs,fbs,971.0,1434.0,False,10.0,Northern Illinois
401520443,2023,13,UMass,Connecticut,18.0,31.0,fbs,fbs,982.0,1076.0,False,13.0,Connecticut
401525561,2023,13,Duke,Pittsburgh,30.0,19.0,fbs,fbs,1625.0,1408.0,False,-11.0,Duke
401525906,2023,13,UCF,Houston,27.0,13.0,fbs,fbs,1648.0,1431.0,False,-14.0,UCF
401531435,2023,13,SMU,Navy,59.0,14.0,fbs,fbs,1769.0,1394.0,False,-45.0,SMU
401520433,2023,13,LSU,Texas A&M,42.0,30.0,fbs,fbs,1985.0,1827.0,False,-12.0,LSU
401520432,2023,13,Louisville,Kentucky,31.0,38.0,fbs,fbs,1761.0,1611.0,False,7.0,Kentucky
401531421,2023,13,Rice,Florida Atlantic,24.0,21.0,fbs,fbs,1357.0,1384.0,False,-3.0,Rice
401525563,2023,13,Syracuse,Wake Forest,35.0,31.0,fbs,fbs,1396.0,1400.0,False,-4.0,Syracuse
401531346,2023,13,East Carolina,Tulsa,27.0,29.0,fbs,fbs,1375.0,1103.0,False,2.0,Tulsa
401531386,2023,13,North Texas,UAB,45.0,42.0,fbs,fbs,1369.0,1295.0,False,-3.0,North Texas
401531925,2023,13,Old Dominion,Georgia State,25.0,24.0,fbs,fbs,1355.0,1323.0,False,-1.0,Old Dominion
401540159,2023,13,Grambling,Southern,22.0,27.0,fcs,fcs,,,True,5.0,Southern
401532628,2023,13,UNLV,San José State,31.0,37.0,fbs,fbs,1560.0,1589.0,False,6.0,San José State
401531926,2023,13,Louisiana,Louisiana Monroe,52.0,21.0,fbs,fbs,1458.0,1018.0,False,-31.0,Louisiana
401524067,2023,13,Utah,Colorado,23.0,17.0,fbs,fbs,1735.0,1221.0,False,-6.0,Utah
401520428,2023,13,Florida International,Western Kentucky,28.0,41.0,fbs,fbs,985.0,1465.0,False,13.0,Western Kentucky
401531923,2023,13,Coastal Carolina,James Madison,14.0,56.0,fbs,fbs,1481.0,1745.0,False,42.0,James Madison
401520427,2023,13,Auburn,Alabama,24.0,27.0,fbs,fbs,1612.0,2047.0,False,3.0,Alabama
401520431,2023,13,Illinois,Northwestern,43.0,45.0,fbs,fbs,1510.0,1457.0,False,2.0,Northwestern
401520436,2023,13,Minnesota,Wisconsin,14.0,28.0,fbs,fbs,1502.0,1598.0,False,14.0,Wisconsin
401525564,2023,13,Virginia,Virginia Tech,17.0,55.0,fbs,fbs,1297.0,1526.0,False,38.0,Virginia Tech
401531924,2023,13,Marshall,Arkansas State,35.0,21.0,fbs,fbs,1338.0,1394.0,False,-14.0,Marshall
401520444,2023,13,UTEP,Liberty,28.0,42.0,fbs,fbs,1183.0,1683.0,False,14.0,Liberty
401531922,2023,13,Appalachian State,Georgia Southern,55.0,27.0,fbs,fbs,1631.0,1416.0,False,-28.0,Appalachian State
401525905,2023,13,Oklahoma State,BYU,40.0,34.0,fbs,fbs,1512.0,1364.0,False,-6.0,Oklahoma State
401520439,2023,13,Rutgers,Maryland,24.0,42.0,fbs,fbs,1447.0,1623.0,False,18.0,Maryland
401520442,2023,13,Tennessee,Vanderbilt,48.0,24.0,fbs,fbs,1787.0,1175.0,False,-24.0,Tennessee
401524064,2023,13,Arizona State,Arizona,23.0,59.0,fbs,fbs,1338.0,1723.0,False,36.0,Arizona
401524068,2023,13,Washington,Washington State,24.0,21.0,fbs,fbs,1871.0,1543.0,False,-3.0,Washington
401520437,2023,13,New Mexico State,Jacksonville State,20.0,17.0,fbs,fbs,1484.0,1563.0,False,-3.0,New Mexico State
401525902,2023,13,Baylor,West Virginia,31.0,34.0,fbs,fbs,1378.0,1552.0,False,3.0,West Virginia
401531928,2023,13,Texas State,South Alabama,52.0,44.0,fbs,fbs,1244.0,1662.0,False,-8.0,Texas State
401520429,2023,13,Florida,Florida State,15.0,24.0,fbs,fbs,1583.0,1954.0,False,9.0,Florida State
401524065,2023,13,Stanford,Notre Dame,23.0,56.0,fbs,fbs,1179.0,2010.0,False,33.0,Notre Dame
401520441,2023,13,South Carolina,Clemson,7.0,16.0,fbs,fbs,1598.0,1765.0,False,9.0,Clemson
401531410,2023,13,South Florida,Charlotte,48.0,14.0,fbs,fbs,1168.0,1147.0,False,-34.0,South Florida
401520430,2023,13,Georgia Tech,Georgia,23.0,31.0,fbs,fbs,1419.0,2158.0,False,8.0,Georgia
401525903,2023,13,Cincinnati,Kansas,16.0,49.0,fbs,fbs,1412.0,1601.0,False,33.0,Kansas
401525904,2023,13,Kansas State,Iowa State,35.0,42.0,fbs,fbs,1983.0,1661.0,False,7.0,Iowa State
401525562,2023,13,NC State,North Carolina,39.0,20.0,fbs,fbs,1609.0,1685.0,False,-19.0,NC State
401532630,2023,13,Nevada,Wyoming,6.0,42.0,fbs,fbs,1153.0,1421.0,False,36.0,Wyoming
401524066,2023,13,UCLA,California,7.0,33.0,fbs,fbs,1667.0,1431.0,False,26.0,California
401532627,2023,13,San Diego State,Fresno State,33.0,18.0,fbs,fbs,1319.0,1570.0,False,-15.0,San Diego State
401532626,2023,13,Hawai'i,Colorado State,27.0,24.0,fbs,fbs,1087.0,1280.0,False,-3.0,Hawai'i
401539476,2023,14,Liberty,New Mexico State,49.0,35.0,fbs,fbs,1671.0,1486.0,False,-14.0,Liberty
401539475,2023,14,Washington,Oregon,34.0,31.0,fbs,fbs,1868.0,2046.0,True,-3.0,Washington
401539481,2023,14,Toledo,Miami (OH),14.0,23.0,fbs,fbs,1559.0,1495.0,True,9.0,Miami (OH)
401539479,2023,14,Texas,Oklahoma State,49.0,21.0,fbs,fbs,2026.0,1512.0,True,-28.0,Texas
401539482,2023,14,UNLV,Boise State,20.0,44.0,fbs,fbs,1551.0,1678.0,False,24.0,Boise State
401539483,2023,14,Alabama,Georgia,27.0,24.0,fbs,fbs,2028.0,2122.0,True,-3.0,Alabama
401539477,2023,14,Tulane,SMU,14.0,26.0,fbs,fbs,1657.0,1852.0,False,12.0,SMU
401539484,2023,14,Troy,Appalachian State,49.0,23.0,fbs,fbs,1696.0,1679.0,False,-26.0,Troy
401539478,2023,14,Florida State,Louisville,16.0,6.0,fbs,fbs,1943.0,1736.0,True,-10.0,Florida State
401539480,2023,14,Iowa,Michigan,0.0,26.0,fbs,fbs,1675.0,2165.0,True,26.0,Michigan
401520445,2023,15,Army,Navy,17.0,11.0,fbs,fbs,1379.0,1311.0,True,-6.0,Army
