id,season,week,home_team,away_team,home_points,away_points,home_division,away_division,home_pregame_elo,away_pregame_elo,neutral_site,point_diff,winner
401693677,2024,1,Lincoln University (CA),College of Idaho,,,ii,,,,True,,College of Idaho
401635525,2024,1,Georgia Tech,Florida State,,,fbs,fbs,1497.0,1692.0,True,,Florida State
401654665,2024,1,Tarleton State,McNeese,,,fcs,fcs,,,False,,McNeese
401643697,2024,1,New Mexico,Montana State,,,fbs,fcs,1234.0,,False,,Montana State
401654662,2024,1,Southeast Missouri State,North Alabama,,,fcs,fcs,,,True,,North Alabama
401636372,2024,1,Norfolk State,Florida A&M,,,fcs,fcs,,,True,,Florida A&M
401643696,2024,1,Nevada,SMU,,,fbs,fbs,1222.0,1690.0,False,,SMU
401643858,2024,1,Hawai'i,Delaware State,,,fbs,fcs,1227.0,,False,,Delaware State
401675545,2024,1,Sul Ross State,West Texas A&M,,,ii,ii,,,False,,West Texas A&M
401628580,2024,1,Villanova,Youngstown State,,,fcs,fcs,,,False,,Youngstown State
401674318,2024,1,Northern Michigan,Minnesota-Duluth,,,ii,ii,,,False,,Minnesota-Duluth
401628458,2024,1,Rutgers,Howard,,,fbs,fcs,1460.0,,False,,Howard
401673370,2024,1,Carson-Newman,Reinhardt,,,ii,,,,False,,Reinhardt
401673041,2024,1,Morehead State,Central State,,,fcs,ii,,,False,,Central State
401628581,2024,1,Wake Forest,North Carolina A&T,,,fbs,fcs,1431.0,,False,,North Carolina A&T
401634299,2024,1,NC State,Western Carolina,,,fbs,fcs,1606.0,,False,,Western Carolina
401628579,2024,1,Delaware,Bryant,,,fcs,fcs,,,False,,Bryant
401628582,2024,1,UCF,New Hampshire,,,fbs,fcs,1578.0,,False,,New Hampshire
401628592,2024,1,William & Mary,VMI,,,fcs,fcs,,,False,,VMI
401636387,2024,1,Louisiana Monroe,Jackson State,,,fbs,fcs,1156.0,,False,,Jackson State
401674174,2024,1,Northeastern State,Missouri Western,,,ii,ii,,,False,,Missouri Western
401674184,2024,1,Northwest Missouri State,Minnesota State,,,ii,ii,,,False,,Minnesota State
401674221,2024,1,Minot State,Valley City State,,,ii,,,,False,,Valley City State
401674274,2024,1,Fairmont State,Seton Hill College,,,ii,ii,,,False,,Seton Hill College
401674295,2024,1,West Liberty,Walsh,,,ii,ii,,,False,,Walsh
401674305,2024,1,Wheeling Jesuit,Mercyhurst,,,ii,fcs,,,False,,Mercyhurst
401674307,2024,1,Bemidji State,Michigan Tech,,,ii,ii,,,False,,Michigan Tech
401674363,2024,1,Edinboro,East Stroudsburg,,,ii,ii,,,False,,East Stroudsburg
401674525,2024,1,Wayne State (NE),Missouri S&T,,,ii,ii,,,False,,Missouri S&T
401675476,2024,1,Mars Hill,Delta State,,,ii,ii,,,False,,Delta State
401675822,2024,1,University of Mary,Jamestown,,,ii,,,,False,,Jamestown
401676074,2024,1,Millersville,Clarion,,,ii,ii,,,False,,Clarion
401644730,2024,1,Central Michigan,Central Connecticut,,,fbs,fcs,1333.0,,False,,Central Connecticut
401644729,2024,1,Bowling Green,Fordham,,,fbs,fcs,1431.0,,False,,Fordham
401644727,2024,1,Buffalo,Lafayette,,,fbs,fcs,1357.0,,False,,Lafayette
401634152,2024,1,Gardner-Webb,Wofford,,,fcs,fcs,,,False,,Wofford
401634143,2024,1,Mercer,Presbyterian College,,,fcs,fcs,,,False,,Presbyterian College
401644728,2024,1,Toledo,Duquesne,,,fbs,fcs,1526.0,,False,,Duquesne
401655664,2024,1,Drake,Quincy,,,fcs,ii,,,False,,Quincy
401628320,2024,1,Arkansas,Arkansas-Pine Bluff,,,fbs,fcs,1454.0,,True,,Arkansas-Pine Bluff
401640998,2024,1,Jacksonville State,Coastal Carolina,,,fbs,fbs,1538.0,1448.0,False,,Coastal Carolina
401645318,2024,1,Tulsa,Northwestern State,,,fbs,fcs,1248.0,,False,,Northwestern State
401645317,2024,1,Tulane,Southeastern Louisiana,,,fbs,fcs,1565.0,,False,,Southeastern Louisiana
401628327,2024,1,Missouri,Murray State,,,fbs,fcs,1744.0,,False,,Murray State
401645316,2024,1,UAB,Alcorn State,,,fbs,fcs,1363.0,,False,,Alcorn State
401674150,2024,1,Emporia State,Washburn,,,ii,ii,,,False,,Washburn
401674159,2024,1,Fort Hays State,Angelo State,,,ii,ii,,,False,,Angelo State
401675538,2024,1,Midwestern State,Missouri Southern State,,,ii,ii,,,False,,Missouri Southern State
401634206,2024,1,Colorado,North Dakota State,,,fbs,fcs,1324.0,,False,,North Dakota State
401673257,2024,1,New Mexico Highlands,Eastern New Mexico,,,ii,ii,,,False,,Eastern New Mexico
401628448,2024,1,Minnesota,North Carolina,,,fbs,fbs,1492.0,1546.0,False,,North Carolina
401673282,2024,1,Chadron State,Nebraska-Kearney,,,ii,ii,,,False,,Nebraska-Kearney
401654562,2024,1,South Dakota,Northern State,,,fcs,ii,,,False,,Northern State
401655860,2024,1,St. Thomas (MN),Sioux Falls,,,fcs,ii,,,False,,Sioux Falls
401673254,2024,1,South Dakota Mines,Colorado State-Pueblo,,,ii,ii,,,False,,Colorado State-Pueblo
401673279,2024,1,Texas A&M-Kingsville,Colorado Mesa,,,ii,ii,,,False,,Colorado Mesa
401636606,2024,1,Kansas,Lindenwood,,,fbs,fcs,1619.0,,True,,Lindenwood
401675114,2024,1,Stephen F. Austin,North American University,,,fcs,,,,False,,North American University
401628583,2024,1,Eastern Washington,Monmouth,,,fcs,fcs,,,False,,Monmouth
401654845,2024,1,Illinois,Eastern Illinois,,,fbs,fcs,1502.0,,False,,Eastern Illinois
401636607,2024,1,Utah,Southern Utah,,,fbs,fcs,1622.0,,False,,Southern Utah
401643698,2024,1,San José State,Sacramento State,,,fbs,fcs,1544.0,,False,,Sacramento State
401645319,2024,1,Army,Lehigh,,,fbs,fcs,1425.0,,False,,Lehigh
401656600,2024,1,Maine,Colgate,,,fcs,fcs,,,False,,Colgate
401628453,2024,1,Michigan State,Florida Atlantic,,,fbs,fbs,1392.0,1422.0,False,,Florida Atlantic
401628328,2024,1,Oklahoma,Temple,,,fbs,fbs,1786.0,1178.0,False,,Temple
401628584,2024,1,Duke,Elon,,,fbs,fcs,1602.0,,False,,Elon
401628461,2024,1,Wisconsin,Western Michigan,,,fbs,fbs,1587.0,1315.0,False,,Western Michigan
401634300,2024,1,Stanford,TCU,,,fbs,fbs,1286.0,1587.0,False,,TCU
401643703,2024,1,Utah State,Robert Morris,,,fbs,fcs,1346.0,,False,,Robert Morris
401654646,2024,1,Dayton,St Francis (PA),,,fcs,fcs,,,False,,St Francis (PA)
401645322,2024,1,Navy,Bucknell,,,fbs,fcs,1368.0,,False,,Bucknell
401654657,2024,1,Wagner,Virginia Lynchburg,,,fcs,,,,False,,Virginia Lynchburg
401628333,2024,1,Vanderbilt,Virginia Tech,,,fbs,fbs,1284.0,1604.0,False,,Virginia Tech
401628323,2024,1,Georgia,Clemson,,,fbs,fbs,2015.0,1676.0,True,,Clemson
401634305,2024,1,Pittsburgh,Kent State,,,fbs,fbs,1436.0,1158.0,False,,Kent State
401628457,2024,1,West Virginia,Penn State,,,fbs,fbs,1574.0,1833.0,False,,Penn State
401634169,2024,1,Purdue,Indiana State,,,fbs,fcs,1492.0,,False,,Indiana State
401632062,2024,1,Louisville,Austin Peay,,,fbs,fcs,1625.0,,False,,Austin Peay
401628451,2024,1,Maryland,Connecticut,,,fbs,fbs,1630.0,1230.0,False,,Connecticut
401628450,2024,1,Iowa,Illinois State,,,fbs,fcs,1550.0,,False,,Illinois State
401654641,2024,1,Georgetown,Davidson,,,fcs,fcs,,,False,,Davidson
401628330,2024,1,Tennessee,Chattanooga,,,fbs,fcs,1751.0,,False,,Chattanooga
401655657,2024,1,Butler,Upper Iowa,,,fcs,ii,,,False,,Upper Iowa
401677383,2024,1,Bluefield,Winston-Salem,,,ii,ii,,,False,,Winston-Salem
401676691,2024,1,Shaw,Elizabeth City State,,,ii,ii,,,False,,Elizabeth City State
401675586,2024,1,Fort Valley State,Clark Atlanta,,,ii,ii,,,False,,Clark Atlanta
401674303,2024,1,Post University,WV Wesleyan,,,ii,ii,,,True,,WV Wesleyan
401673381,2024,1,Emory & Henry,Glenville State,,,ii,ii,,,False,,Glenville State
401634212,2024,1,Oklahoma State,South Dakota State,,,fbs,fcs,1522.0,,False,,South Dakota State
401628591,2024,1,Cincinnati,Towson,,,fbs,fcs,1394.0,,False,,Towson
401675597,2024,1,Morehouse,Edward Waters,,,ii,ii,,,False,,Edward Waters
401675404,2024,1,Kentucky State,Virginia Union,,,ii,ii,,,False,,Virginia Union
401658348,2024,1,Erskine,St. Andrews,,,ii,,,,False,,St. Andrews
401637159,2024,1,Washington State,Portland State,,,fbs,fcs,1530.0,,False,,Portland State
401643699,2024,1,Air Force,Merrimack,,,fbs,fcs,1572.0,,False,,Merrimack
401644731,2024,1,Northern Illinois,Western Illinois,,,fbs,fcs,1446.0,,False,,Western Illinois
401628455,2024,1,Ohio State,Akron,,,fbs,fbs,1876.0,1212.0,False,,Akron
401644683,2024,1,Northwestern,Miami (OH),,,fbs,fbs,1498.0,1506.0,True,,Miami (OH)
401641015,2024,1,UT San Antonio,Kennesaw State,,,fbs,fbs,1598.0,1500.0,False,,Kennesaw State
401634304,2024,1,Syracuse,Ohio,,,fbs,fbs,1330.0,1522.0,False,,Ohio
401628331,2024,1,Texas,Colorado State,,,fbs,fbs,1850.0,1350.0,False,,Colorado State
401628322,2024,1,Florida,Miami,,,fbs,fbs,1562.0,1553.0,False,,Miami
401628449,2024,1,Indiana,Florida International,,,fbs,fbs,1395.0,1164.0,False,,Florida International
401628454,2024,1,Nebraska,UTEP,,,fbs,fbs,1507.0,1296.0,False,,UTEP
401629039,2024,1,UMass,Eastern Michigan,,,fbs,fbs,1141.0,1287.0,False,,Eastern Michigan
401634133,2024,1,Appalachian State,East Tennessee State,,,fbs,fcs,1578.0,,False,,East Tennessee State
401634197,2024,1,Iowa State,North Dakota,,,fbs,fcs,1612.0,,False,,North Dakota
401655628,2024,1,Northern Arizona,Lincoln University (CA),,,fcs,ii,,,False,,Lincoln University (CA)
401643700,2024,1,Georgia Southern,Boise State,,,fbs,fbs,1384.0,1626.0,False,,Boise State
401673264,2024,1,Fort Lewis,William Jewell College,,,ii,ii,,,False,,William Jewell College
401628329,2024,1,South Carolina,Old Dominion,,,fbs,fbs,1562.0,1406.0,False,,Old Dominion
401634301,2024,1,California,UC Davis,,,fbs,fcs,1483.0,,False,,UC Davis
401628590,2024,1,Marshall,Stony Brook,,,fbs,fcs,1406.0,,False,,Stony Brook
401654582,2024,1,Northern Iowa,Valparaiso,,,fcs,fcs,,,False,,Valparaiso
401643775,2024,1,South Alabama,North Texas,,,fbs,fbs,1650.0,1412.0,False,,North Texas
401654497,2024,1,Sacred Heart,Delaware State,,,fcs,fcs,,,False,,Delaware State
401645320,2024,1,East Carolina,Norfolk State,,,fbs,fcs,1404.0,,False,,Norfolk State
401654844,2024,1,Charleston Southern,The Citadel,,,fcs,fcs,,,False,,The Citadel
401654584,2024,1,Tennessee State,Mississippi Valley State,,,fcs,fcs,,,False,,Mississippi Valley State
401636373,2024,1,Florida A&M,South Carolina State,,,fcs,fcs,,,False,,South Carolina State
401628326,2024,1,Mississippi State,Eastern Kentucky,,,fbs,fcs,1447.0,,False,,Eastern Kentucky
401674289,2024,1,UNC Pembroke,Wingate,,,ii,ii,,,False,,Wingate
401675804,2024,1,Livingstone,Charleston (WV),,,ii,ii,,,False,,Charleston (WV)
401654510,2024,1,Hampton,Morgan State,,,fcs,fcs,,,False,,Morgan State
401628586,2024,1,Liberty,Campbell,,,fbs,fcs,1572.0,,False,,Campbell
401628589,2024,1,Virginia,Richmond,,,fbs,fcs,1310.0,,False,,Richmond
401673044,2024,1,Stetson,Ave Maria,,,fcs,,,,False,,Ave Maria
401632063,2024,1,West Georgia,Samford,,,fcs,fcs,,,False,,Samford
401643704,2024,1,Oregon State,Idaho State,,,fbs,fcs,1648.0,,False,,Idaho State
401654565,2024,1,Prairie View,Texas Southern,,,fcs,fcs,,,False,,Texas Southern
401628588,2024,1,Rhode Island,Holy Cross,,,fcs,fcs,,,False,,Holy Cross
401632064,2024,1,Arkansas State,Central Arkansas,,,fbs,fcs,1406.0,,False,,Central Arkansas
401636363,2024,1,South Florida,Bethune-Cookman,,,fbs,fcs,1442.0,,False,,Bethune-Cookman
401636610,2024,1,Baylor,Tarleton State,,,fbs,fcs,1422.0,,False,,Tarleton State
401636612,2024,1,Kansas State,UT Martin,,,fbs,fcs,1794.0,,False,,UT Martin
401638359,2024,1,Incarnate Word,Northern Colorado,,,fcs,fcs,,,False,,Northern Colorado
401641023,2024,1,Middle Tennessee,Tennessee Tech,,,fbs,fcs,1400.0,,False,,Tennessee Tech
401645321,2024,1,Memphis,North Alabama,,,fbs,fcs,1569.0,,False,,North Alabama
401675504,2024,1,Valdosta State,Albany State (GA),,,ii,ii,,,False,,Albany State (GA)
401643701,2024,1,Troy,Nevada,,,fbs,fbs,1657.0,,False,,Nevada
401641039,2024,1,Rice,Sam Houston State,,,fbs,fbs,1362.0,1388.0,False,,Sam Houston State
401636611,2024,1,Houston,UNLV,,,fbs,fbs,1447.0,1496.0,False,,UNLV
401628319,2024,1,Alabama,Western Kentucky,,,fbs,fbs,1854.0,1466.0,False,,Western Kentucky
401675508,2024,1,West Alabama,Miles,,,ii,ii,,,False,,Miles
401675555,2024,1,University of Texas of the Permian Basin,Western New Mexico,,,ii,ii,,,False,,Western New Mexico
401628325,2024,1,Ole Miss,Furman,,,fbs,fcs,1658.0,,False,,Furman
401628585,2024,1,Albany,Long Island University,,,fcs,fcs,,,False,,Long Island University
401628332,2024,1,Texas A&M,Notre Dame,,,fbs,fbs,1681.0,1884.0,False,,Notre Dame
401628452,2024,1,Michigan,Fresno State,,,fbs,fbs,1973.0,1558.0,False,,Fresno State
401628456,2024,1,Oregon,Idaho,,,fbs,fcs,1904.0,,False,,Idaho
401628459,2024,1,Hawai'i,UCLA,,,fbs,fbs,,1568.0,False,,UCLA
401628321,2024,1,Auburn,Alabama A&M,,,fbs,fcs,1556.0,,False,,Alabama A&M
401636613,2024,1,Texas Tech,Abilene Christian,,,fbs,fcs,1541.0,,False,,Abilene Christian
401628324,2024,1,Kentucky,Southern Mississippi,,,fbs,fbs,1594.0,1276.0,False,,Southern Mississippi
401654557,2024,1,McNeese,Southern,,,fcs,fcs,,,False,,Southern
401641007,2024,1,Louisiana Tech,Nicholls,,,fbs,fcs,1246.0,,False,,Nicholls
401634303,2024,1,SMU,Houston Christian,,,fbs,fcs,,,False,,Houston Christian
401634240,2024,1,BYU,Southern Illinois,,,fbs,fcs,1409.0,,False,,Southern Illinois
401634302,2024,1,Georgia Tech,Georgia State,,,fbs,fbs,,1416.0,False,,Georgia State
401643774,2024,1,Charlotte,James Madison,,,fbs,fbs,1203.0,1691.0,False,,James Madison
401643776,2024,1,Texas State,Lamar,,,fbs,fcs,1399.0,,False,,Lamar
401674188,2024,1,Pittsburg State,Ferris State,,,ii,ii,,,False,,Ferris State
401636380,2024,1,Louisiana,Grambling,,,fbs,fcs,1496.0,,False,,Grambling
401655621,2024,1,San Diego,Cal Poly,,,fcs,fcs,,,False,,Cal Poly
401643702,2024,1,San Diego State,Texas A&M-Commerce,,,fbs,fcs,1416.0,,False,,Texas A&M-Commerce
401634180,2024,1,Montana,Missouri State,,,fcs,fcs,,,False,,Missouri State
401641032,2024,1,New Mexico State,Southeast Missouri State,,,fbs,fcs,1432.0,,False,,Southeast Missouri State
401632066,2024,1,Utah Tech,Montana State,,,fcs,fcs,,,False,,Montana State
401636608,2024,1,Arizona,New Mexico,,,fbs,fbs,1714.0,,False,,New Mexico
401636609,2024,1,Arizona State,Wyoming,,,fbs,fbs,1355.0,1496.0,False,,Wyoming
401628460,2024,1,Washington,Weber State,,,fbs,fcs,1752.0,,False,,Weber State
401636343,2024,1,Alabama State,North Carolina Central,,,fcs,fcs,,,True,,North Carolina Central
401675386,2024,1,Virginia State,Benedict College,,,ii,ii,,,True,,Benedict College
401675113,2024,1,Johnson C Smith,Tuskegee,,,ii,ii,,,True,,Tuskegee
401628334,2024,1,LSU,USC,,,fbs,fbs,1823.0,1648.0,True,,USC
401634306,2024,1,Florida State,Boston College,,,fbs,fbs,,1396.0,False,,Boston College
401675497,2024,2,Shorter,Mississippi College,,,ii,ii,,,False,,Mississippi College
401674846,2024,2,Rensselaer,Wisconsin-La Crosse,,,iii,iii,,,False,,Wisconsin-La Crosse
401674338,2024,2,Bloomsburg,Fairmont State,,,ii,ii,,,False,,Fairmont State
401674578,2024,2,Tiffin,Wayne State (MI),,,ii,ii,,,False,,Wayne State (MI)
401674558,2024,2,Grand Valley State,Central State,,,ii,ii,,,False,,Central State
401676075,2024,2,Clarion,Lincoln (PA),,,ii,ii,,,False,,Lincoln (PA)
401673249,2024,2,Michigan Tech,South Dakota Mines,,,ii,ii,,,False,,South Dakota Mines
401674300,2024,2,Barton College,West Virginia State,,,ii,ii,,,False,,West Virginia State
401676748,2024,2,Southern Connecticut State,Shepherd,,,ii,ii,,,False,,Shepherd
401658358,2024,2,Frostburg State,Millersville,,,ii,ii,,,False,,Millersville
401673956,2024,2,UW-Stout,Carroll (WI),,,iii,iii,,,False,,Carroll (WI)
401674296,2024,2,West Liberty,Limestone,,,ii,ii,,,False,,Limestone
401674329,2024,2,Minnesota St-Moorhead,Wayne State (NE),,,ii,ii,,,False,,Wayne State (NE)
401674400,2024,2,Arkansas-Monticello,Northwestern Oklahoma State,,,ii,ii,,,False,,Northwestern Oklahoma State
401677373,2024,2,Brockport State (NY),Buffalo State,,,iii,iii,,,False,,Buffalo State
401676744,2024,2,Seton Hill College,Ohio Dominican,,,ii,ii,,,False,,Ohio Dominican
401676109,2024,2,Heidelberg,Hiram,,,iii,iii,,,False,,Hiram
401675823,2024,2,University of Mary,Augustana (SD),,,ii,ii,,,False,,Augustana (SD)
401675491,2024,2,North Greenville,Keiser University,,,ii,,,,False,,Keiser University
401675417,2024,2,Ashland,Indiana (PA),,,ii,ii,,,False,,Indiana (PA)
401674870,2024,2,Stevenson,Rowan,,,iii,iii,,,False,,Rowan
401674572,2024,2,Kentucky Wesleyan,Northern Michigan,,,ii,ii,,,False,,Northern Michigan
401674364,2024,2,Pace,East Stroudsburg,,,ii,ii,,,False,,East Stroudsburg
401674380,2024,2,Gannon,Northwood (MI),,,ii,ii,,,False,,Northwood (MI)
401674410,2024,2,East Central,Henderson State,,,ii,ii,,,False,,Henderson State
401674489,2024,2,Southeastern Oklahoma,Southern Arkansas,,,ii,ii,,,False,,Southern Arkansas
401674518,2024,2,West Florida,McKendree,,,ii,ii,,,True,,McKendree
401676094,2024,2,Kutztown,Assumption,,,ii,ii,,,False,,Assumption
401658337,2024,2,Winona State,Saginaw Valley,,,ii,ii,,,False,,Saginaw Valley
401673275,2024,2,Colorado Mines,West Texas A&M,,,ii,ii,,,False,,West Texas A&M
401674419,2024,2,Harding,Southern Nazarene,,,ii,ii,,,False,,Southern Nazarene
401674229,2024,2,Arkansas Tech,Oklahoma Baptist,,,ii,ii,,,False,,Oklahoma Baptist
401673283,2024,2,Chadron State,Jamestown,,,ii,,,,False,,Jamestown
401676065,2024,2,Millsaps,Belhaven College,,,iii,iii,,,False,,Belhaven College
401674484,2024,2,Ouachita Baptist,Southwestern Oklahoma,,,ii,ii,,,False,,Southwestern Oklahoma
401674863,2024,2,Albright,Gallaudet,,,iii,iii,,,False,,Gallaudet
401674669,2024,2,Dickinson,Randolph-Macon,,,iii,iii,,,False,,Randolph-Macon
401674703,2024,2,Salve Regina,Curry,,,iii,iii,,,False,,Curry
401673428,2024,2,FDU-Florham,William Paterson,,,iii,iii,,,False,,William Paterson
401628463,2024,2,Indiana,Western Illinois,,,fbs,fcs,,,False,,Western Illinois
401676658,2024,2,McDaniel College,Catholic University,,,iii,iii,,,False,,Catholic University
401674903,2024,2,Worcester State College,Worcester Polytechnic,,,iii,iii,,,False,,Worcester Polytechnic
401674895,2024,2,SUNY Maritime,Mass Maritime,,,iii,iii,,,False,,Mass Maritime
401674858,2024,2,Utica,Union,,,iii,iii,,,False,,Union
401674815,2024,2,Susquehanna,Bridgewater (VA),,,iii,iii,,,False,,Bridgewater (VA)
401674746,2024,2,Hobart,Alfred,,,iii,iii,,,False,,Alfred
401674601,2024,2,Dubuque,Aurora,,,iii,iii,,,False,,Aurora
401673437,2024,2,Franklin & Marshall,Lebanon Valley,,,iii,iii,,,False,,Lebanon Valley
401634765,2024,2,SMU,BYU,,,fbs,fbs,,,False,,BYU
401682350,2024,2,Westfield State,Anna Maria College,,,iii,iii,,,False,,Anna Maria College
401678581,2024,2,Ursinus,Alvernia University,,,iii,iii,,,False,,Alvernia University
401676760,2024,2,Springfield,Western New England,,,iii,iii,,,False,,Western New England
401676043,2024,2,East Texas Baptist,LaGrange College,,,iii,iii,,,False,,LaGrange College
401635533,2024,2,Northwestern,Duke,,,fbs,fbs,,,True,,Duke
401674940,2024,2,Augsburg,Valley City State,,,iii,,,,False,,Valley City State
401693678,2024,2,Lincoln University (CA),Southern Oregon,,,ii,,,,True,,Southern Oregon
401674256,2024,2,Charleston (WV),California (PA),,,ii,ii,,,False,,California (PA)
401676057,2024,2,Judson University,Concordia (WI),,,,iii,,,True,,Concordia (WI)
401675771,2024,2,Anderson (SC),St. Andrews,,,ii,,,,True,,St. Andrews
401674636,2024,2,Howard Payne,Hardin-Simmons,,,iii,iii,,,False,,Hardin-Simmons
401643707,2024,2,Fresno State,Sacramento State,,,fbs,fcs,,,False,,Sacramento State
401636999,2024,2,Connecticut,Merrimack,,,fbs,fcs,,,False,,Merrimack
401628466,2024,2,Minnesota,Rhode Island,,,fbs,fcs,,,False,,Rhode Island
401676053,2024,2,Greensboro,Guilford,,,iii,iii,,,False,,Guilford
401673399,2024,2,Alfred State College,Anderson (IN),,,iii,iii,,,False,,Anderson (IN)
401674626,2024,2,Kalamazoo,Austin College,,,iii,iii,,,False,,Austin College
401674679,2024,2,Juniata,Gettysburg,,,iii,iii,,,False,,Gettysburg
401674808,2024,2,Lycoming,Widener,,,iii,iii,,,False,,Widener
401674840,2024,2,Olivet College,Rochester,,,iii,iii,,,False,,Rochester
401674853,2024,2,St Lawrence,Endicott College,,,iii,iii,,,False,,Endicott College
401674876,2024,2,Norwich,Castleton State College,,,iii,iii,,,False,,Castleton State College
401674886,2024,2,Dean College,Fitchburg State,,,iii,iii,,,False,,Fitchburg State
401674924,2024,2,Alma College,UW-River Falls,,,iii,iii,,,False,,UW-River Falls
401675285,2024,2,Baldwin-Wallace,Wittenberg,,,iii,iii,,,False,,Wittenberg
401675458,2024,2,Thomas More,Davenport,,,ii,ii,,,True,,Davenport
401676250,2024,2,Eastern University,College of New Jersey,,,iii,iii,,,True,,College of New Jersey
401676661,2024,2,Misericordia,Keystone,,,iii,iii,,,False,,Keystone
401676752,2024,2,American International,Shippensburg,,,ii,ii,,,False,,Shippensburg
401676776,2024,2,West Chester,Bentley,,,ii,ii,,,False,,Bentley
401628336,2024,2,Oklahoma State,Arkansas,,,fbs,fbs,,,False,,Arkansas
401628347,2024,2,Michigan,Texas,,,fbs,fbs,,,False,,Texas
401628470,2024,2,Penn State,Bowling Green,,,fbs,fbs,,,False,,Bowling Green
401628471,2024,2,Rutgers,Akron,,,fbs,fbs,,,False,,Akron
401635534,2024,2,Syracuse,Georgia Tech,,,fbs,fbs,,,False,,Georgia Tech
401635538,2024,2,Cincinnati,Pittsburgh,,,fbs,fbs,,,False,,Pittsburgh
401636616,2024,2,Tulane,Kansas State,,,fbs,fbs,,,False,,Kansas State
401643784,2024,2,Memphis,Troy,,,fbs,fbs,,,False,,Troy
401645323,2024,2,Florida Atlantic,Army,,,fbs,fbs,,,False,,Army
401654538,2024,2,The Citadel,South Carolina State,,,fcs,fcs,,,False,,South Carolina State
401654616,2024,2,Lehigh,Wagner,,,fcs,fcs,,,False,,Wagner
401654642,2024,2,Marist,Georgetown,,,fcs,fcs,,,False,,Georgetown
401628348,2024,2,Texas A&M,McNeese,,,fbs,fcs,,,False,,McNeese
401674538,2024,2,Truman State,Findlay,,,ii,ii,,,False,,Findlay
401674688,2024,2,Ithaca,Johns Hopkins,,,iii,iii,,,False,,Johns Hopkins
401674711,2024,2,Husson,Framingham State,,,iii,iii,,,False,,Framingham State
401674755,2024,2,Hilbert College,SUNY Cortland,,,iii,iii,,,True,,SUNY Cortland
401674763,2024,2,Kenyon,Bluffton,,,iii,iii,,,False,,Bluffton
401674796,2024,2,DePauw,Rose-Hulman,,,iii,iii,,,False,,Rose-Hulman
401674917,2024,2,Albion,Wisconsin-Stevens Point,,,iii,iii,,,False,,Wisconsin-Stevens Point
401674939,2024,2,Trine,Christopher Newport,,,iii,iii,,,False,,Christopher Newport
401675293,2024,2,Wabash College,St. Norbert,,,iii,iii,,,False,,St. Norbert
401675376,2024,2,Lenoir-Rhyne,Bowie State,,,ii,ii,,,False,,Bowie State
401675467,2024,2,Elizabeth City State,Chowan,,,ii,ii,,,False,,Chowan
401675594,2024,2,Florida Memorial University,Edward Waters,,,,ii,,,True,,Edward Waters
401675936,2024,2,UW-Whitewater,John Carroll,,,iii,iii,,,False,,John Carroll
401675996,2024,2,Apprentice School,Southern Virginia,,,iii,iii,,,False,,Southern Virginia
401676770,2024,2,Coast Guard,University of New England,,,iii,iii,,,False,,University of New England
401654632,2024,2,Sacred Heart,St. Anselm,,,fcs,ii,,,False,,St. Anselm
401674282,2024,2,Glenville State,Lock Haven,,,ii,ii,,,False,,Lock Haven
401674609,2024,2,Hope,Loras College,,,iii,iii,,,False,,Loras College
401677458,2024,2,Concordia College (MI),Defiance,,,,iii,,,True,,Defiance
401677399,2024,2,Maine Maritime,Hartwick,,,iii,iii,,,True,,Hartwick
401628596,2024,2,Monmouth,Lafayette,,,fcs,fcs,,,False,,Lafayette
401673408,2024,2,Moravian,Muhlenberg,,,iii,iii,,,False,,Muhlenberg
401673418,2024,2,Hampden-Sydney,Delaware Valley,,,iii,iii,,,False,,Delaware Valley
401673973,2024,2,Adrian,Elmhurst,,,iii,iii,,,False,,Elmhurst
401674265,2024,2,Concord,Bluefield,,,ii,ii,,,False,,Bluefield
401676722,2024,2,Slippery Rock,New Haven,,,ii,ii,,,False,,New Haven
401676651,2024,2,Washington & Jefferson,St. Vincent,,,iii,iii,,,False,,St. Vincent
401676644,2024,2,Grove City College,Geneva College,,,iii,iii,,,False,,Geneva College
401676633,2024,2,Thiel College,Carnegie Mellon,,,iii,iii,,,False,,Carnegie Mellon
401676618,2024,2,Bethany (WV),Allegheny,,,iii,iii,,,False,,Allegheny
401676432,2024,2,Waynesburg,Case Western Reserve,,,iii,iii,,,False,,Case Western Reserve
401676359,2024,2,Mount St. Joseph,Muskingum,,,iii,iii,,,False,,Muskingum
401676354,2024,2,Ferrum,Mount Union,,,iii,iii,,,False,,Mount Union
401676348,2024,2,St. John Fisher,Marietta,,,iii,iii,,,False,,Marietta
401676244,2024,2,Salisbury,Washington & Lee,,,iii,iii,,,False,,Washington & Lee
401676236,2024,2,Morrisville State,Kean,,,iii,iii,,,False,,Kean
401676206,2024,2,Calvin University,Oberlin,,,iii,iii,,,True,,Oberlin
401676189,2024,2,Merchant Marine,Western Connecticut State,,,iii,iii,,,False,,Western Connecticut State
401676023,2024,2,Maryville TN,Sewanee Univ. of the South,,,iii,iii,,,False,,Sewanee Univ. of the South
401676015,2024,2,Methodist,Shenandoah,,,iii,iii,,,False,,Shenandoah
401674782,2024,2,Hanover,Centre,,,iii,iii,,,False,,Centre
401674773,2024,2,Ohio Northern,Franklin,,,iii,iii,,,False,,Franklin
401654649,2024,2,VMI,Bucknell,,,fcs,fcs,,,False,,Bucknell
401674745,2024,2,UW-Oshkosh,Wheaton College (Ill),,,iii,iii,,,False,,Wheaton College (Ill)
401674789,2024,2,Westminster,Manchester,,,iii,iii,,,False,,Manchester
401674964,2024,2,Concordia (MN),Wisconsin-Eau Claire,,,iii,iii,,,False,,Wisconsin-Eau Claire
401674971,2024,2,Gustavus Adolphus,Whitworth,,,iii,iii,,,False,,Whitworth
401674991,2024,2,Beloit College,Rockford,,,iii,iii,,,False,,Rockford
401674998,2024,2,Grinnell,Lyon College,,,iii,iii,,,False,,Lyon College
401675006,2024,2,Knox College,Eureka College,,,iii,iii,,,False,,Eureka College
401675013,2024,2,Lake Forest,Wisconsin Lutheran,,,iii,iii,,,False,,Wisconsin Lutheran
401675019,2024,2,Martin Luther College,Lawrence,,,iii,iii,,,False,,Lawrence
401675036,2024,2,Coe,Cornell College (IA),,,iii,iii,,,False,,Cornell College (IA)
401675276,2024,2,Wooster,Wilmington (OH),,,iii,iii,,,False,,Wilmington (OH)
401675570,2024,2,Clark Atlanta,Allen,,,ii,ii,,,False,,Allen
401675976,2024,2,Wisconsin-Platteville,Lakeland University,,,iii,iii,,,False,,Lakeland University
401676036,2024,2,Greenville,Concordia (IL),,,iii,iii,,,False,,Concordia (IL)
401634245,2024,2,Youngstown State,Valparaiso,,,fcs,fcs,,,False,,Valparaiso
401654549,2024,2,Norfolk State,Virginia State,,,fcs,ii,,,False,,Virginia State
401673445,2024,2,Millikin,Illinois College,,,iii,iii,,,False,,Illinois College
401673965,2024,2,St. Johns (MN),Carthage,,,iii,iii,,,False,,Carthage
401674109,2024,2,Central Missouri State,Northeastern State,,,ii,ii,,,False,,Northeastern State
401674151,2024,2,Emporia State,Angelo State,,,ii,ii,,,False,,Angelo State
401674508,2024,2,Quincy,Lincoln (MO),,,ii,ii,,,False,,Lincoln (MO)
401674582,2024,2,Buena Vista,Benedictine (IL),,,iii,iii,,,False,,Benedictine (IL)
401674592,2024,2,Central,Illinois Wesleyan,,,iii,iii,,,False,,Illinois Wesleyan
401674652,2024,2,Bethel (TN),Mary Hardin-Baylor,,,,iii,,,True,,Mary Hardin-Baylor
401654583,2024,2,St. Thomas (MN),Northern Iowa,,,fcs,fcs,,,False,,Northern Iowa
401628339,2024,2,Georgia,Tennessee Tech,,,fbs,fcs,,,False,,Tennessee Tech
401628598,2024,2,Holy Cross,New Hampshire,,,fcs,fcs,,,False,,New Hampshire
401634181,2024,2,Ball State,Missouri State,,,fbs,fcs,1341.0,,False,,Missouri State
401644732,2024,2,Kent State,St Francis (PA),,,fbs,fcs,,,False,,St Francis (PA)
401628594,2024,2,Western Carolina,Campbell,,,fcs,fcs,,,False,,Campbell
401673151,2024,2,Black Hills State,Southwest Baptist,,,ii,ii,,,False,,Southwest Baptist
401675798,2024,2,Morehouse,Johnson C Smith,,,ii,ii,,,False,,Johnson C Smith
401676327,2024,2,Willamette,La Verne,,,iii,iii,,,False,,La Verne
401634144,2024,2,Bethune-Cookman,Mercer,,,fcs,fcs,,,False,,Mercer
401632071,2024,2,UNLV,Utah Tech,,,fbs,fcs,,,False,,Utah Tech
401643710,2024,2,Wyoming,Idaho,,,fbs,fcs,,,False,,Idaho
401635531,2024,2,Boston College,Duquesne,,,fbs,fcs,,,False,,Duquesne
401635537,2024,2,North Carolina,Charlotte,,,fbs,fbs,,,False,,Charlotte
401635535,2024,2,Louisville,Jacksonville State,,,fbs,fbs,,,False,,Jacksonville State
401629040,2024,2,Toledo,UMass,,,fbs,fbs,,,False,,UMass
401628977,2024,2,Notre Dame,Northern Illinois,,,fbs,fbs,,,False,,Northern Illinois
401628473,2024,2,Washington,Eastern Michigan,,,fbs,fbs,,,False,,Eastern Michigan
401628465,2024,2,Maryland,Michigan State,,,fbs,fbs,,,False,,Michigan State
401628464,2024,2,Iowa,Iowa State,,,fbs,fbs,,,False,,Iowa State
401628340,2024,2,Kentucky,South Carolina,,,fbs,fbs,,,False,,South Carolina
401628337,2024,2,Auburn,California,,,fbs,fbs,,,False,,California
401636618,2024,2,Utah,Baylor,,,fbs,fbs,,,False,,Baylor
401628599,2024,2,Richmond,Wofford,,,fcs,fcs,,,False,,Wofford
401628474,2024,2,Wisconsin,South Dakota,,,fbs,fcs,,,False,,South Dakota
401634207,2024,2,North Dakota State,Tennessee State,,,fcs,fcs,,,False,,Tennessee State
401628600,2024,2,Stony Brook,Stonehill,,,fcs,fcs,,,False,,Stonehill
401645324,2024,2,Navy,Temple,,,fbs,fbs,,,False,,Temple
401673043,2024,2,San Diego,Central Washington,,,fcs,ii,,,False,,Central Washington
401643783,2024,2,Texas State,UT San Antonio,,,fbs,fbs,,,False,,UT San Antonio
401674956,2024,2,Pomona-Pitzer,Carleton,,,iii,iii,,,False,,Carleton
401675932,2024,2,Claremont,Chicago,,,iii,iii,,,False,,Chicago
401676088,2024,2,Linfield,Denison,,,iii,iii,,,False,,Denison
401676755,2024,2,UMass Dartmouth,Nichols,,,iii,iii,,,False,,Nichols
401682375,2024,2,Lewis & Clark,Puget Sound,,,iii,iii,,,False,,Puget Sound
401628604,2024,2,Bryant,Franklin Pierce,,,fcs,ii,,,False,,Franklin Pierce
401628342,2024,2,Ole Miss,Middle Tennessee,,,fbs,fbs,,,False,,Middle Tennessee
401635540,2024,2,Virginia Tech,Marshall,,,fbs,fbs,,,False,,Marshall
401675970,2024,2,Bridgewater State,MIT,,,iii,iii,,,False,,MIT
401634134,2024,2,East Tennessee State,UVA-Wise,,,fcs,ii,,,False,,UVA-Wise
401643781,2024,2,Ohio,South Alabama,,,fbs,fbs,,,False,,South Alabama
401643778,2024,2,Old Dominion,East Carolina,,,fbs,fbs,,,False,,East Carolina
401640979,2024,2,Florida International,Central Michigan,,,fbs,fbs,,,True,,Central Michigan
401676144,2024,2,Ohio Wesleyan,Otterbein,,,iii,iii,,,False,,Otterbein
401676006,2024,2,Averett,NC Wesleyan,,,iii,iii,,,False,,NC Wesleyan
401675805,2024,2,Livingstone,Virginia Lynchburg,,,ii,,,,False,,Virginia Lynchburg
401675561,2024,2,Albany State (GA),Shaw,,,ii,ii,,,False,,Shaw
401674820,2024,2,King's College (PA),Wilkes,,,iii,iii,,,False,,Wilkes
401674549,2024,2,Ferris State,Lake Erie College,,,ii,ii,,,False,,Lake Erie College
401674498,2024,2,Hillsdale,Indianapolis,,,ii,ii,,,False,,Indianapolis
401674290,2024,2,Fayetteville State,UNC Pembroke,,,ii,ii,,,False,,UNC Pembroke
401674222,2024,2,Southwest Minnesota State,Minot State,,,ii,ii,,,False,,Minot State
401628593,2024,2,West Virginia,Albany,,,fbs,fcs,,,False,,Albany
401655624,2024,2,Idaho State,Western Oregon,,,fcs,ii,,,False,,Western Oregon
401635536,2024,2,Miami,Florida A&M,,,fbs,fcs,,,False,,Florida A&M
401673042,2024,2,Morehead State,Kentucky Christian,,,fcs,,,,False,,Kentucky Christian
401654605,2024,2,Robert Morris,Edinboro,,,fcs,ii,,,False,,Edinboro
401654573,2024,2,Central Connecticut,Fordham,,,fcs,fcs,,,False,,Fordham
401643777,2024,2,James Madison,Gardner-Webb,,,fbs,fcs,,,False,,Gardner-Webb
401636344,2024,2,Alabama State,Miles,,,fcs,ii,,,False,,Miles
401628601,2024,2,Towson,Morgan State,,,fcs,fcs,,,False,,Morgan State
401628602,2024,2,Colgate,Villanova,,,fcs,fcs,,,False,,Villanova
401628605,2024,2,Hampton,Virginia Union,,,fcs,ii,,,False,,Virginia Union
401628595,2024,2,North Carolina Central,Elon,,,fcs,fcs,,,False,,Elon
401654677,2024,2,Furman,Charleston Southern,,,fcs,fcs,,,False,,Charleston Southern
401673045,2024,2,Stetson,Warner,,,fcs,,,,False,,Warner
401636617,2024,2,UCF,Sam Houston State,,,fbs,fbs,,,False,,Sam Houston State
401628462,2024,2,Illinois,Kansas,,,fbs,fbs,,,False,,Kansas
401635539,2024,2,Stanford,Cal Poly,,,fbs,fcs,,,False,,Cal Poly
401643782,2024,2,Southern Mississippi,Southeastern Louisiana,,,fbs,fcs,,,False,,Southeastern Louisiana
401634190,2024,2,Murray State,Butler,,,fcs,fcs,,,False,,Butler
401634170,2024,2,Eastern Illinois,Indiana State,,,fcs,fcs,,,False,,Indiana State
401634158,2024,2,North Alabama,Illinois State,,,fcs,fcs,,,False,,Illinois State
401645326,2024,2,Rice,Texas Southern,,,fbs,fcs,,,False,,Texas Southern
401654585,2024,2,Lamar,Mississippi Valley State,,,fcs,fcs,,,False,,Mississippi Valley State
401654664,2024,2,Houston Christian,Tarleton State,,,fcs,fcs,,,False,,Tarleton State
401643708,2024,2,Nevada,Georgia Southern,,,fbs,fbs,,,False,,Georgia Southern
401655660,2024,2,Davidson,Catawba,,,fcs,ii,,,False,,Catawba
401654558,2024,2,Southern,Savannah State,,,fcs,ii,,,False,,Savannah State
401635639,2024,2,Wake Forest,Virginia,,,fbs,fbs,,,False,,Virginia
401643780,2024,2,Louisiana Monroe,UAB,,,fbs,fbs,,,False,,UAB
401643779,2024,2,Arkansas State,Tulsa,,,fbs,fbs,,,False,,Tulsa
401643705,2024,2,Air Force,San José State,,,fbs,fbs,,,False,,San José State
401634198,2024,2,North Dakota,Montana,,,fcs,fcs,,,False,,Montana
401674306,2024,2,Walsh,Wheeling Jesuit,,,ii,ii,,,False,,Wheeling Jesuit
401673946,2024,2,Augustana (IL),Simpson College,,,iii,iii,,,False,,Simpson College
401655665,2024,2,Erskine,Presbyterian College,,,ii,fcs,,,False,,Presbyterian College
401636388,2024,2,Jackson State,Lane,,,fcs,ii,,,False,,Lane
401636381,2024,2,Grambling,Tuskegee,,,fcs,ii,,,False,,Tuskegee
401634250,2024,2,Alabama A&M,Kentucky State,,,fcs,ii,,,False,,Kentucky State
401628606,2024,2,North Carolina A&T,Winston-Salem,,,fcs,ii,,,False,,Winston-Salem
401641016,2024,2,Kennesaw State,Louisiana,,,fbs,fbs,,,False,,Louisiana
401634213,2024,2,South Dakota State,Incarnate Word,,,fcs,fcs,,,False,,Incarnate Word
401628335,2024,2,Alabama,South Florida,,,fbs,fbs,,,False,,South Florida
401628344,2024,2,Missouri,Buffalo,,,fbs,fbs,,,False,,Buffalo
401628338,2024,2,Florida,Samford,,,fbs,fcs,,,False,,Samford
401674543,2024,2,Upper Iowa,Concordia-St. Paul,,,ii,ii,,,False,,Concordia-St. Paul
401632069,2024,2,Lindenwood,Central Arkansas,,,fcs,fcs,,,False,,Central Arkansas
401632070,2024,2,Austin Peay,Southern Illinois,,,fcs,fcs,,,False,,Southern Illinois
401632459,2024,2,Georgia State,Chattanooga,,,fbs,fcs,,,False,,Chattanooga
401633979,2024,2,Southeast Missouri State,UT Martin,,,fcs,fcs,,,False,,UT Martin
401643706,2024,2,Colorado State,Northern Colorado,,,fbs,fcs,,,False,,Northern Colorado
401654569,2024,2,Northwestern State,Prairie View,,,fcs,fcs,,,False,,Prairie View
401632068,2024,2,Western Kentucky,Eastern Kentucky,,,fbs,fcs,,,False,,Eastern Kentucky
401656598,2024,2,Howard,Mercyhurst,,,fcs,fcs,,,False,,Mercyhurst
401655623,2024,2,Eastern Washington,Drake,,,fcs,fcs,,,False,,Drake
401628603,2024,2,Coastal Carolina,William & Mary,,,fbs,fcs,,,False,,William & Mary
401676048,2024,2,Huntingdon,Berry College,,,iii,iii,,,False,,Berry College
401675816,2024,2,Northern State,Sioux Falls,,,ii,ii,,,False,,Sioux Falls
401675509,2024,2,West Alabama,Tusculum,,,ii,ii,,,False,,Tusculum
401675505,2024,2,Newberry,Valdosta State,,,ii,ii,,,False,,Valdosta State
401674982,2024,2,Minnesota-Morris,Macalester,,,iii,iii,,,False,,Macalester
401674308,2024,2,Minnesota State,Bemidji State,,,ii,ii,,,False,,Bemidji State
401674526,2024,2,Delta State,Missouri S&T,,,ii,ii,,,False,,Missouri S&T
401674977,2024,2,Crown College,Hamline,,,iii,iii,,,False,,Hamline
401674740,2024,2,North Park,Ripon,,,iii,iii,,,False,,Ripon
401674663,2024,2,Trinity (TX),Texas Lutheran,,,iii,iii,,,False,,Texas Lutheran
401645325,2024,2,North Texas,Stephen F. Austin,,,fbs,fcs,,,False,,Stephen F. Austin
401628349,2024,2,Vanderbilt,Alcorn State,,,fbs,fcs,,,False,,Alcorn State
401628341,2024,2,LSU,Nicholls,,,fbs,fcs,,,False,,Nicholls
401628346,2024,2,NC State,Tennessee,,,fbs,fbs,,,True,,Tennessee
401628468,2024,2,Ohio State,Western Michigan,,,fbs,fbs,,,False,,Western Michigan
401628467,2024,2,Nebraska,Colorado,,,fbs,fbs,,,False,,Colorado
401628345,2024,2,Oklahoma,Houston,,,fbs,fbs,,,False,,Houston
401635532,2024,2,Clemson,Appalachian State,,,fbs,fbs,,,False,,Appalachian State
401636354,2024,2,Arkansas-Pine Bluff,Arkansas Baptist,,,fcs,,,,False,,Arkansas Baptist
401674622,2024,2,Monmouth (IL),Wartburg,,,iii,iii,,,False,,Wartburg
401674616,2024,2,Nebraska Wesleyan University,Dakota State,,,iii,,,,True,,Dakota State
401674180,2024,2,Nebraska-Kearney,Northwest Missouri State,,,ii,ii,,,False,,Northwest Missouri State
401674168,2024,2,Missouri Southern State,Pittsburg State,,,ii,ii,,,False,,Pittsburg State
401674160,2024,2,Fort Hays State,Missouri Western,,,ii,ii,,,False,,Missouri Western
401674140,2024,2,Central Oklahoma,Langston,,,ii,,,,False,,Langston
401673270,2024,2,Colorado State-Pueblo,University of Texas of the Permian Basin,,,ii,ii,,,False,,University of Texas of the Permian Basin
401673240,2024,2,Western State,Midwestern State,,,ii,ii,,,False,,Midwestern State
401673140,2024,2,Adams State,Western New Mexico,,,ii,ii,,,False,,Western New Mexico
401636615,2024,2,TCU,Long Island University,,,fbs,fcs,,,False,,Long Island University
401637160,2024,2,Weber State,Portland State,,,fcs,fcs,,,False,,Portland State
401675530,2024,2,Eastern New Mexico,Sul Ross State,,,ii,ii,,,False,,Sul Ross State
401674743,2024,2,Rhodes,Washington (MO),,,iii,iii,,,False,,Washington (MO)
401674656,2024,2,Southwestern University,McMurry,,,iii,iii,,,False,,McMurry
401628597,2024,2,Montana State,Maine,,,fcs,fcs,,,False,,Maine
401632067,2024,2,Abilene Christian,West Georgia,,,fcs,fcs,,,False,,West Georgia
401676204,2024,2,Centenary,Hendrix College,,,iii,iii,,,True,,Hendrix College
401674988,2024,2,Northwestern (MN),St. Olaf College,,,iii,iii,,,False,,St. Olaf College
401632072,2024,2,UTEP,Southern Utah,,,fbs,fcs,,,False,,Southern Utah
401675924,2024,2,Redlands,George Fox University,,,iii,iii,,,False,,George Fox University
401677718,2024,2,Pacific Lutheran,Simpson University (Ca),,,iii,,,,False,,Simpson University (Ca)
401654850,2024,2,UC Davis,Texas A&M-Commerce,,,fcs,fcs,,,False,,Texas A&M-Commerce
401636614,2024,2,Arizona,Northern Arizona,,,fbs,fcs,,,False,,Northern Arizona
401676197,2024,2,Chapman,Pacific (OR),,,iii,iii,,,False,,Pacific (OR)
401636859,2024,2,Washington State,Texas Tech,,,fbs,fbs,,,False,,Texas Tech
401628469,2024,2,Oregon,Boise State,,,fbs,fbs,,,False,,Boise State
401640989,2024,2,New Mexico State,Liberty,,,fbs,fbs,,,False,,Liberty
401628343,2024,2,Arizona State,Mississippi State,,,fbs,fbs,,,False,,Mississippi State
401643709,2024,2,San Diego State,Oregon State,,,fbs,fbs,,,False,,Oregon State
401628472,2024,2,USC,Utah State,,,fbs,fbs,,,False,,Utah State
401673371,2024,3,West Virginia State,Carson-Newman,,,ii,ii,,,False,,Carson-Newman
401674485,2024,3,Northwestern Oklahoma State,Ouachita Baptist,,,ii,ii,,,False,,Ouachita Baptist
401643788,2024,3,South Alabama,Northwestern State,,,fbs,fcs,,,False,,Northwestern State
401636867,2024,3,Texas State,Arizona State,,,fbs,fbs,,,False,,Arizona State
401674821,2024,3,Wilkes,Rensselaer,,,iii,iii,,,False,,Rensselaer
401676771,2024,3,Worcester Polytechnic,University of New England,,,iii,iii,,,False,,University of New England
401689234,2024,3,Southern Connecticut State,American International,,,ii,ii,,,False,,American International
401674896,2024,3,Mass Maritime,Western Connecticut State,,,iii,iii,,,False,,Western Connecticut State
401676110,2024,3,Hiram,Mount St. Joseph,,,iii,iii,,,False,,Mount St. Joseph
401676723,2024,3,Pace,New Haven,,,ii,ii,,,False,,New Haven
401674854,2024,3,Norwich,St Lawrence,,,iii,iii,,,False,,St Lawrence
401636863,2024,3,Kansas,UNLV,,,fbs,fbs,,,True,,UNLV
401636864,2024,3,Kansas State,Arizona,,,fbs,fbs,,,False,,Arizona
401674617,2024,3,Mayville State,Nebraska Wesleyan University,,,,iii,,,True,,Nebraska Wesleyan University
401675600,2024,3,Fort Valley State,Kentucky State,,,ii,ii,,,False,,Kentucky State
401675772,2024,3,Anderson (SC),LaGrange College,,,ii,iii,,,True,,LaGrange College
401676306,2024,3,Catholic University,Capital,,,iii,iii,,,False,,Capital
401676703,2024,3,Winston-Salem,Ohio Dominican,,,ii,ii,,,False,,Ohio Dominican
401675546,2024,3,Sul Ross State,Wayland Baptist,,,ii,,,,False,,Wayland Baptist
401674925,2024,3,Denison,Alma College,,,iii,iii,,,False,,Alma College
401673258,2024,3,Western New Mexico,New Mexico Highlands,,,ii,ii,,,False,,New Mexico Highlands
401675587,2024,3,Florida Memorial University,Clark Atlanta,,,,ii,,,True,,Clark Atlanta
401674566,2024,3,Michigan Tech,Hillsdale,,,ii,ii,,,False,,Hillsdale
401677402,2024,3,Buffalo State,Hilbert College,,,iii,iii,,,False,,Hilbert College
401674637,2024,3,Curry,Hardin-Simmons,,,iii,iii,,,False,,Hardin-Simmons
401674756,2024,3,SUNY Cortland,Lycoming,,,iii,iii,,,False,,Lycoming
401674826,2024,3,Randolph-Macon,Hobart,,,iii,iii,,,False,,Hobart
401674887,2024,3,Fitchburg State,UMass Dartmouth,,,iii,iii,,,False,,UMass Dartmouth
401674904,2024,3,Worcester State College,Plymouth State,,,iii,iii,,,False,,Plymouth State
401675377,2024,3,Bowie State,Davenport,,,ii,ii,,,False,,Davenport
401676054,2024,3,Greensboro,Averett,,,iii,iii,,,False,,Averett
401676190,2024,3,Gallaudet,Merchant Marine,,,iii,iii,,,False,,Merchant Marine
401676360,2024,3,Muskingum,Otterbein,,,iii,iii,,,False,,Otterbein
401677372,2024,3,Nichols,Maine Maritime,,,iii,iii,,,False,,Maine Maritime
401676749,2024,3,Shepherd,Slippery Rock,,,ii,ii,,,False,,Slippery Rock
401676654,2024,3,Eastern University,Widener,,,iii,iii,,,True,,Widener
401677453,2024,3,Anna Maria College,Coast Guard,,,iii,iii,,,False,,Coast Guard
401673409,2024,3,Moravian,Utica,,,iii,iii,,,False,,Utica
401673429,2024,3,FDU-Florham,Albright,,,iii,iii,,,False,,Albright
401674349,2024,3,West Chester,California (PA),,,ii,ii,,,False,,California (PA)
401674373,2024,3,Kutztown,Edinboro,,,ii,ii,,,False,,Edinboro
401656952,2024,3,Robert Morris,Mercyhurst,,,fcs,fcs,,,False,,Mercyhurst
401654848,2024,3,The Citadel,North Greenville,,,fcs,ii,,,False,,North Greenville
401628475,2024,3,Illinois,Central Michigan,,,fbs,fbs,,,False,,Central Michigan
401628359,2024,3,South Carolina,LSU,,,fbs,fbs,,,False,,LSU
401636869,2024,3,Tulsa,Oklahoma State,,,fbs,fbs,,,False,,Oklahoma State
401636868,2024,3,Texas Tech,North Texas,,,fbs,fbs,,,False,,North Texas
401636865,2024,3,Miami (OH),Cincinnati,,,fbs,fbs,,,False,,Cincinnati
401635546,2024,3,NC State,Louisiana Tech,,,fbs,fbs,,,False,,Louisiana Tech
401635542,2024,3,Florida State,Memphis,,,fbs,fbs,,,False,,Memphis
401654595,2024,3,Long Island University,Lehigh,,,fcs,fcs,,,True,,Lehigh
401654574,2024,3,St Francis (PA),Central Connecticut,,,fcs,fcs,,,False,,Central Connecticut
401628350,2024,3,Wisconsin,Alabama,,,fbs,fbs,,,False,,Alabama
401628479,2024,3,Michigan,Arkansas State,,,fbs,fbs,,,False,,Arkansas State
401654624,2024,3,Lafayette,Marist,,,fcs,fcs,,,False,,Marist
401628357,2024,3,Missouri,Boston College,,,fbs,fbs,,,False,,Boston College
401655666,2024,3,Presbyterian College,Virginia Lynchburg,,,fcs,,,,False,,Virginia Lynchburg
401634159,2024,3,Illinois State,Western Illinois,,,fcs,fcs,,,False,,Western Illinois
401628609,2024,3,North Carolina A&T,Delaware,,,fcs,fcs,,,False,,Delaware
401629041,2024,3,Buffalo,UMass,,,fbs,fbs,,,False,,UMass
401628616,2024,3,Fordham,Stony Brook,,,fcs,fcs,,,False,,Stony Brook
401654633,2024,3,Sacred Heart,Georgetown,,,fcs,fcs,,,False,,Georgetown
401676062,2024,3,Brevard College,Hampden-Sydney,,,iii,iii,,,False,,Hampden-Sydney
401675937,2024,3,Roosevelt,UW-Whitewater,,,ii,iii,,,True,,UW-Whitewater
401675799,2024,3,Johnson C Smith,Lincoln (PA),,,ii,ii,,,False,,Lincoln (PA)
401675498,2024,3,Shorter,Webber International,,,ii,,,,False,,Webber International
401674936,2024,3,Olivet College,Wooster,,,iii,iii,,,False,,Wooster
401674933,2024,3,Kalamazoo,Kenyon,,,iii,iii,,,False,,Kenyon
401674877,2024,3,Framingham State,Castleton State College,,,iii,iii,,,False,,Castleton State College
401674834,2024,3,Ithaca,Endicott College,,,iii,iii,,,False,,Endicott College
401674816,2024,3,Susquehanna,Brockport State (NY),,,iii,iii,,,False,,Brockport State (NY)
401674774,2024,3,Hope,Franklin,,,iii,iii,,,False,,Franklin
401674764,2024,3,Albion,Bluffton,,,iii,iii,,,False,,Bluffton
401674747,2024,3,Alfred,Juniata,,,iii,iii,,,False,,Juniata
401674712,2024,3,Husson,Springfield,,,iii,iii,,,False,,Springfield
401674670,2024,3,William Paterson,Dickinson,,,iii,iii,,,False,,Dickinson
401674579,2024,3,Wayne State (MI),Findlay,,,ii,ii,,,False,,Findlay
401673438,2024,3,Lebanon Valley,Stevenson,,,iii,iii,,,False,,Stevenson
401673419,2024,3,Delaware Valley,Alvernia University,,,iii,iii,,,False,,Alvernia University
401673382,2024,3,Emory & Henry,Bluefield,,,ii,ii,,,False,,Bluefield
401658359,2024,3,West Liberty,Frostburg State,,,ii,ii,,,False,,Frostburg State
401658349,2024,3,Erskine,Elizabeth City State,,,ii,ii,,,False,,Elizabeth City State
401658338,2024,3,Northwood (MI),Saginaw Valley,,,ii,ii,,,False,,Saginaw Valley
401676673,2024,3,Rowan,McDaniel College,,,iii,iii,,,False,,McDaniel College
401676706,2024,3,Franklin Pierce,Assumption,,,ii,ii,,,True,,Assumption
401676735,2024,3,St. Anselm,Bentley,,,ii,ii,,,False,,Bentley
401676761,2024,3,Western New England,Salve Regina,,,iii,iii,,,False,,Salve Regina
401677466,2024,3,King's College (PA),Misericordia,,,iii,iii,,,False,,Misericordia
401679012,2024,3,Trinity (CT),Colby,,,iii,iii,,,False,,Colby
401676251,2024,3,College of New Jersey,Franklin & Marshall,,,iii,iii,,,False,,Franklin & Marshall
401676076,2024,3,Shippensburg,Clarion,,,ii,ii,,,False,,Clarion
401675954,2024,3,St. Norbert,Wisconsin-Stevens Point,,,iii,iii,,,False,,Wisconsin-Stevens Point
401676619,2024,3,Allegheny,St. Vincent,,,iii,iii,,,False,,St. Vincent
401676418,2024,3,Westminster PA,Waynesburg,,,iii,iii,,,False,,Waynesburg
401676634,2024,3,Carnegie Mellon,Geneva College,,,iii,iii,,,False,,Geneva College
401676662,2024,3,Keystone,Hartwick,,,iii,iii,,,False,,Hartwick
401676237,2024,3,Kean,Ursinus,,,iii,iii,,,False,,Ursinus
401676170,2024,3,Middlebury,Wesleyan,,,iii,iii,,,False,,Wesleyan
401676146,2024,3,Amherst College,Bates College,,,iii,iii,,,False,,Bates College
401676142,2024,3,Oberlin,Anderson (IN),,,iii,iii,,,False,,Anderson (IN)
401676100,2024,3,Berry College,DePauw,,,iii,iii,,,False,,DePauw
401676271,2024,3,Wilmington (OH),Baldwin-Wallace,,,iii,iii,,,False,,Baldwin-Wallace
401676155,2024,3,Williams,Hamilton,,,iii,iii,,,False,,Hamilton
401634246,2024,3,Youngstown State,Duquesne,,,fcs,fcs,,,False,,Duquesne
401673276,2024,3,Washburn,Colorado Mines,,,ii,ii,,,False,,Colorado Mines
401673446,2024,3,Lake Forest,Illinois College,,,iii,iii,,,False,,Illinois College
401674339,2024,3,Bloomsburg,Seton Hill College,,,ii,ii,,,False,,Seton Hill College
401674573,2024,3,Wisconsin-La Crosse,Northern Michigan,,,iii,ii,,,False,,Northern Michigan
401674583,2024,3,Wisconsin Lutheran,Buena Vista,,,iii,iii,,,False,,Buena Vista
401674602,2024,3,Wisconsin-Platteville,Dubuque,,,iii,iii,,,False,,Dubuque
401674623,2024,3,St. Johns (MN),Wartburg,,,iii,iii,,,False,,Wartburg
401674989,2024,3,St. Olaf College,Luther,,,iii,iii,,,False,,Luther
401674999,2024,3,Ripon,Grinnell,,,iii,iii,,,False,,Grinnell
401675020,2024,3,Lawrence,Cornell College (IA),,,iii,iii,,,False,,Cornell College (IA)
401675027,2024,3,St. Scholastica,Rockford,,,iii,iii,,,False,,Rockford
401675294,2024,3,Wabash College,Ohio Wesleyan,,,iii,iii,,,False,,Ohio Wesleyan
401675824,2024,3,Sioux Falls,University of Mary,,,ii,ii,,,False,,University of Mary
401675898,2024,3,Wisconsin-Eau Claire,Coe,,,iii,iii,,,False,,Coe
401675946,2024,3,Dickinson State,UW-Stout,,,,iii,,,True,,UW-Stout
401675971,2024,3,Westfield State,Bridgewater State,,,iii,iii,,,False,,Bridgewater State
401675997,2024,3,Bridgewater (VA),Southern Virginia,,,iii,iii,,,False,,Southern Virginia
401676119,2024,3,Sewanee Univ. of the South,Westminster,,,iii,iii,,,False,,Westminster
401676207,2024,3,Concordia (WI),Calvin University,,,iii,iii,,,False,,Calvin University
401676446,2024,3,Washington & Lee,Apprentice School,,,iii,iii,,,False,,Apprentice School
401677464,2024,3,Chicago,Monmouth (IL),,,iii,iii,,,False,,Monmouth (IL)
401654678,2024,3,Furman,Stetson,,,fcs,fcs,,,False,,Stetson
401636389,2024,3,Jackson State,Southern,,,fcs,fcs,,,False,,Southern
401634199,2024,3,North Dakota,Idaho State,,,fcs,fcs,,,False,,Idaho State
401628618,2024,3,Bryant,Holy Cross,,,fcs,fcs,,,False,,Holy Cross
401655861,2024,3,St. Thomas (MN),Black Hills State,,,fcs,ii,,,False,,Black Hills State
401643786,2024,3,Temple,Coastal Carolina,,,fbs,fbs,,,False,,Coastal Carolina
401628615,2024,3,Richmond,Charleston Southern,,,fcs,fcs,,,False,,Charleston Southern
401628613,2024,3,Norfolk State,Hampton,,,fcs,fcs,,,False,,Hampton
401675448,2024,3,Lake Erie College,Post University,,,ii,ii,,,False,,Post University
401675981,2024,3,UW-Oshkosh,Linfield,,,iii,iii,,,False,,Linfield
401654498,2024,3,Delaware State,Wagner,,,fcs,fcs,,,False,,Wagner
401655625,2024,3,Montana,Morehead State,,,fcs,fcs,,,False,,Morehead State
401676163,2024,3,Tufts,Bowdoin,,,iii,iii,,,False,,Bowdoin
401675477,2024,3,Wingate,Delta State,,,ii,ii,,,False,,Delta State
401674680,2024,3,Montclair State,Gettysburg,,,iii,iii,,,False,,Gettysburg
401674319,2024,3,Minnesota-Duluth,Minnesota St-Moorhead,,,ii,ii,,,False,,Minnesota St-Moorhead
401674309,2024,3,Bemidji State,Southwest Minnesota State,,,ii,ii,,,False,,Southwest Minnesota State
401674266,2024,3,Concord,UVA-Wise,,,ii,ii,,,False,,UVA-Wise
401674230,2024,3,Southern Nazarene,Arkansas Tech,,,ii,ii,,,False,,Arkansas Tech
401674223,2024,3,Minot State,Northern State,,,ii,ii,,,False,,Northern State
401673280,2024,3,Colorado Mesa,Central Washington,,,ii,ii,,,False,,Central Washington
401656599,2024,3,Howard,Morehouse,,,fcs,ii,,,True,,Morehouse
401635547,2024,3,Pittsburgh,West Virginia,,,fbs,fbs,,,False,,West Virginia
401628353,2024,3,Florida,Texas A&M,,,fbs,fbs,,,False,,Texas A&M
401628358,2024,3,Oklahoma,Tulane,,,fbs,fbs,,,False,,Tulane
401644734,2024,3,Ohio,Morgan State,,,fbs,fcs,,,False,,Morgan State
401628481,2024,3,Minnesota,Nevada,,,fbs,fbs,,,False,,Nevada
401628483,2024,3,Oregon State,Oregon,,,fbs,fbs,,,False,,Oregon
401628484,2024,3,Washington,Washington State,,,fbs,fbs,,,True,,Washington State
401635544,2024,3,Miami,Ball State,,,fbs,fbs,,,False,,Ball State
401628978,2024,3,Purdue,Notre Dame,,,fbs,fbs,,,False,,Notre Dame
401628607,2024,3,Maine,Monmouth,,,fcs,fcs,,,False,,Monmouth
401628610,2024,3,Villanova,Towson,,,fcs,fcs,,,False,,Towson
401635543,2024,3,Georgia Tech,VMI,,,fbs,fcs,,,False,,VMI
401674790,2024,3,Concordia (IL),Manchester,,,iii,iii,,,False,,Manchester
401628480,2024,3,Michigan State,Prairie View,,,fbs,fcs,,,False,,Prairie View
401628617,2024,3,Idaho,Albany,,,fcs,fcs,,,False,,Albany
401654603,2024,3,Northern Colorado,Abilene Christian,,,fcs,fcs,,,False,,Abilene Christian
401676279,2024,3,George Fox University,Willamette,,,iii,iii,,,False,,Willamette
401674859,2024,3,Union,SUNY Maritime,,,iii,iii,,,False,,SUNY Maritime
401674697,2024,3,Salisbury,Muhlenberg,,,iii,iii,,,False,,Muhlenberg
401674593,2024,3,Cal Lutheran,Central,,,iii,iii,,,False,,Central
401673265,2024,3,Fort Lewis,Arizona Christian,,,ii,,,,False,,Arizona Christian
401676321,2024,3,Whitworth,Eastern Oregon,,,iii,,,,False,,Eastern Oregon
401674965,2024,3,Pacific Lutheran,Concordia (MN),,,iii,iii,,,False,,Concordia (MN)
401687170,2024,3,Puget Sound,Southwestern University,,,iii,iii,,,False,,Southwestern University
401628477,2024,3,Iowa,Troy,,,fbs,fbs,,,False,,Troy
401643785,2024,3,East Carolina,Appalachian State,,,fbs,fbs,,,False,,Appalachian State
401628351,2024,3,Arkansas,UAB,,,fbs,fbs,,,False,,UAB
401636870,2024,3,Utah State,Utah,,,fbs,fbs,,,False,,Utah
401674689,2024,3,Christopher Newport,Johns Hopkins,,,iii,iii,,,False,,Johns Hopkins
401634135,2024,3,East Tennessee State,North Dakota State,,,fcs,fcs,,,False,,North Dakota State
401634171,2024,3,Indiana State,Dayton,,,fcs,fcs,,,False,,Dayton
401628608,2024,3,Rhode Island,Campbell,,,fcs,fcs,,,False,,Campbell
401628611,2024,3,Wofford,William & Mary,,,fcs,fcs,,,False,,William & Mary
401628612,2024,3,Elon,Western Carolina,,,fcs,fcs,,,False,,Western Carolina
401628614,2024,3,New Hampshire,Stonehill,,,fcs,fcs,,,False,,Stonehill
401632074,2024,3,Eastern Kentucky,West Georgia,,,fcs,fcs,,,False,,West Georgia
401632460,2024,3,Chattanooga,Mercer,,,fcs,fcs,,,False,,Mercer
401635545,2024,3,North Carolina,North Carolina Central,,,fbs,fcs,,,False,,North Carolina Central
401643787,2024,3,Georgia Southern,South Carolina State,,,fbs,fcs,,,False,,South Carolina State
401654611,2024,3,Bucknell,Merrimack,,,fcs,fcs,,,False,,Merrimack
401677459,2024,3,St. Francis (IN),Defiance,,,,iii,,,True,,Defiance
401676083,2024,3,Lock Haven,Indiana (PA),,,ii,ii,,,False,,Indiana (PA)
401676007,2024,3,NC Wesleyan,Ferrum,,,iii,iii,,,False,,Ferrum
401675579,2024,3,Benedict College,Lane,,,ii,ii,,,False,,Lane
401675571,2024,3,Livingstone,Allen,,,ii,ii,,,False,,Allen
401675468,2024,3,Chowan,Barton College,,,ii,ii,,,False,,Barton College
401675463,2024,3,Lenoir-Rhyne,Tiffin,,,ii,ii,,,False,,Tiffin
401674550,2024,3,Ferris State,Ashland,,,ii,ii,,,False,,Ashland
401674499,2024,3,Indianapolis,Truman State,,,ii,ii,,,False,,Truman State
401674304,2024,3,WV Wesleyan,Wheeling Jesuit,,,ii,ii,,,False,,Wheeling Jesuit
401673250,2024,3,South Dakota Mines,Upper Iowa,,,ii,ii,,,False,,Upper Iowa
401655658,2024,3,Butler,Hanover,,,fcs,iii,,,False,,Hanover
401644733,2024,3,Akron,Colgate,,,fbs,fcs,,,False,,Colgate
401645327,2024,3,Charlotte,Gardner-Webb,,,fbs,fcs,,,False,,Gardner-Webb
401629030,2024,3,Duke,Connecticut,,,fbs,fbs,,,False,,Connecticut
401635548,2024,3,Old Dominion,Virginia Tech,,,fbs,fbs,,,False,,Virginia Tech
401640980,2024,3,Florida Atlantic,Florida International,,,fbs,fbs,,,False,,Florida International
401640990,2024,3,Liberty,UTEP,,,fbs,fbs,,,False,,UTEP
401674365,2024,3,East Stroudsburg,Gannon,,,ii,ii,,,False,,Gannon
401636364,2024,3,Western Michigan,Bethune-Cookman,,,fbs,fcs,,,False,,Bethune-Cookman
401628355,2024,3,Wake Forest,Ole Miss,,,fbs,fbs,,,False,,Ole Miss
401641024,2024,3,Middle Tennessee,Western Kentucky,,,fbs,fbs,,,False,,Western Kentucky
401641017,2024,3,San José State,Kennesaw State,,,fbs,fbs,,,False,,Kennesaw State
401641040,2024,3,Sam Houston State,Hawai'i,,,fbs,fbs,,,False,,Hawai'i
401640999,2024,3,Eastern Michigan,Jacksonville State,,,fbs,fbs,,,False,,Jacksonville State
401654601,2024,3,Alcorn State,Edward Waters,,,fcs,ii,,,False,,Edward Waters
401634214,2024,3,South Dakota State,Augustana (SD),,,fcs,ii,,,False,,Augustana (SD)
401654849,2024,3,Houston Christian,Louisiana College,,,fcs,,,,False,,Louisiana College
401643789,2024,3,Southern Mississippi,South Florida,,,fbs,fbs,,,False,,South Florida
401678898,2024,3,Alabama A&M,Georgetown (KY),,,fcs,,,,False,,Georgetown (KY)
401655661,2024,3,Davidson,Point University,,,fcs,,,,False,,Point University
401628362,2024,3,Georgia State,Vanderbilt,,,fbs,fbs,,,False,,Vanderbilt
401628361,2024,3,Texas,UT San Antonio,,,fbs,fbs,,,False,,UT San Antonio
401673400,2024,3,Alfred State College,Rochester,,,iii,iii,,,False,,Rochester
401674161,2024,3,Northwest Missouri State,Fort Hays State,,,ii,ii,,,False,,Fort Hays State
401674169,2024,3,Missouri Western,Missouri Southern State,,,ii,ii,,,False,,Missouri Southern State
401674401,2024,3,Southwestern Oklahoma,Arkansas-Monticello,,,ii,ii,,,False,,Arkansas-Monticello
401674411,2024,3,Southern Arkansas,East Central,,,ii,ii,,,False,,East Central
401674427,2024,3,Henderson State,Southeastern Oklahoma,,,ii,ii,,,False,,Southeastern Oklahoma
401674527,2024,3,Missouri S&T,Lincoln University (CA),,,ii,ii,,,False,,Lincoln University (CA)
401632073,2024,3,Central Arkansas,Austin Peay,,,fcs,fcs,,,False,,Austin Peay
401634182,2024,3,Missouri State,Lindenwood,,,fcs,fcs,,,False,,Lindenwood
401634191,2024,3,Murray State,Mississippi Valley State,,,fcs,fcs,,,False,,Mississippi Valley State
401634241,2024,3,Southern Illinois,Incarnate Word,,,fcs,fcs,,,False,,Incarnate Word
401636345,2024,3,Samford,Alabama State,,,fcs,fcs,,,False,,Alabama State
401636355,2024,3,Tennessee State,Arkansas-Pine Bluff,,,fcs,fcs,,,True,,Arkansas-Pine Bluff
401654663,2024,3,UT Martin,North Alabama,,,fcs,fcs,,,False,,North Alabama
401654674,2024,3,Texas A&M-Commerce,Grambling,,,fcs,fcs,,,False,,Grambling
401655616,2024,3,Lamar,Weber State,,,fcs,fcs,,,False,,Weber State
401655620,2024,3,Southeastern Louisiana,Eastern Washington,,,fcs,fcs,,,False,,Eastern Washington
401675840,2024,3,Wayne State (NE),Minnesota State,,,ii,ii,,,False,,Minnesota State
401673141,2024,3,University of Texas of the Permian Basin,Adams State,,,ii,ii,,,False,,Adams State
401675614,2024,3,Savannah State,Central State,,,ii,ii,,,False,,Central State
401675763,2024,3,Shaw,Catawba,,,ii,ii,,,False,,Catawba
401675904,2024,3,Simpson College,Crown College,,,iii,iii,,,False,,Crown College
401676016,2024,3,Guilford,Methodist,,,iii,iii,,,False,,Methodist
401676024,2024,3,Centre,Maryville TN,,,iii,iii,,,False,,Maryville TN
401676066,2024,3,Belhaven College,Trinity (TX),,,iii,iii,,,False,,Trinity (TX)
401676067,2024,3,Eureka College,Greenville,,,iii,iii,,,False,,Greenville
401676626,2024,3,Case Western Reserve,Bethany (WV),,,iii,iii,,,False,,Bethany (WV)
401676653,2024,3,Thiel College,Washington & Jefferson,,,iii,iii,,,False,,Washington & Jefferson
401676789,2024,3,Newberry,Keiser (Fl),,,ii,,,,False,,Keiser (Fl)
401677678,2024,3,Pacific (OR),Lewis & Clark,,,iii,iii,,,False,,Lewis & Clark
401674533,2024,3,Southwest Baptist,OK Panhandle St,,,ii,ii,,,False,,OK Panhandle St
401674546,2024,3,Kentucky Wesleyan,William Jewell College,,,ii,ii,,,False,,William Jewell College
401674610,2024,3,Loras College,Benedictine (IL),,,iii,iii,,,False,,Benedictine (IL)
401674627,2024,3,Austin College,Rhodes,,,iii,iii,,,False,,Rhodes
401674646,2024,3,Southwestern Assemblies of God,Howard Payne,,,,iii,,,True,,Howard Payne
401674657,2024,3,McMurry,Lyon College,,,iii,iii,,,False,,Lyon College
401674664,2024,3,Texas Lutheran,Centenary,,,iii,iii,,,False,,Centenary
401674736,2024,3,Aurora,North Central,,,iii,iii,,,False,,North Central
401674797,2024,3,Rose-Hulman,Trine,,,iii,iii,,,False,,Trine
401674910,2024,3,Adrian,Madonna University (Mich.),,,iii,,,,False,,Madonna University (Mich.)
401674949,2024,3,Northwestern (MN),Bethel (MN),,,iii,iii,,,False,,Bethel (MN)
401674978,2024,3,Hamline,Minnesota-Morris,,,iii,iii,,,False,,Minnesota-Morris
401674983,2024,3,Macalester,Martin Luther College,,,iii,iii,,,False,,Martin Luther College
401674992,2024,3,Beloit College,Knox College,,,iii,iii,,,False,,Knox College
401675411,2024,3,Valdosta State,Fayetteville State,,,ii,ii,,,False,,Fayetteville State
401675459,2024,3,Thomas More,Kentucky Christian,,,ii,,,,True,,Kentucky Christian
401675485,2024,3,Mississippi College,Texas A&M-Kingsville,,,ii,ii,,,False,,Texas A&M-Kingsville
401675510,2024,3,West Alabama,Limestone,,,ii,ii,,,False,,Limestone
401675513,2024,3,Angelo State,Eastern New Mexico,,,ii,ii,,,False,,Eastern New Mexico
401675834,2024,3,Concordia-St. Paul,Winona State,,,ii,ii,,,False,,Winona State
401636860,2024,3,Baylor,Air Force,,,fbs,fbs,,,False,,Air Force
401655859,2024,3,Valparaiso,Indiana Wesleyan,,,fcs,,,,False,,Indiana Wesleyan
401628482,2024,3,Nebraska,Northern Iowa,,,fbs,fcs,,,False,,Northern Iowa
401628476,2024,3,UCLA,Indiana,,,fbs,fbs,,,False,,Indiana
401636866,2024,3,TCU,UCF,,,fbs,fbs,,,False,,UCF
401636861,2024,3,Colorado State,Colorado,,,fbs,fbs,,,False,,Colorado
401655632,2024,3,Northwestern,Eastern Illinois,,,fbs,fcs,,,True,,Eastern Illinois
401628356,2024,3,Mississippi State,Toledo,,,fbs,fbs,,,False,,Toledo
401628354,2024,3,Kentucky,Georgia,,,fbs,fbs,,,False,,Georgia
401628352,2024,3,Auburn,New Mexico,,,fbs,fbs,,,False,,New Mexico
401628360,2024,3,Tennessee,Kent State,,,fbs,fbs,,,False,,Kent State
401628478,2024,3,Virginia,Maryland,,,fbs,fbs,,,False,,Maryland
401636862,2024,3,Houston,Rice,,,fbs,fbs,,,False,,Rice
401676368,2024,3,Hendrix College,East Texas Baptist,,,iii,iii,,,False,,East Texas Baptist
401674509,2024,3,Lincoln (MO),McKendree,,,ii,ii,,,False,,McKendree
401655622,2024,3,Cal Poly,Western Oregon,,,fcs,ii,,,False,,Western Oregon
401675115,2024,3,McNeese,Stephen F. Austin,,,fcs,fcs,,,False,,Stephen F. Austin
401674420,2024,3,Oklahoma Baptist,Harding,,,ii,ii,,,False,,Harding
401673271,2024,3,Colorado State-Pueblo,Grand Valley State,,,ii,ii,,,False,,Grand Valley State
401673241,2024,3,West Texas A&M,Western State,,,ii,ii,,,False,,Western State
401632075,2024,3,Southern Utah,UC Davis,,,fcs,fcs,,,False,,UC Davis
401674152,2024,3,Pittsburg State,Emporia State,,,ii,ii,,,False,,Emporia State
401674110,2024,3,Central Oklahoma,Central Missouri State,,,ii,ii,,,False,,Central Missouri State
401637161,2024,3,Portland State,South Dakota,,,fcs,fcs,,,False,,South Dakota
401655618,2024,3,Sacramento State,Nicholls,,,fcs,fcs,,,False,,Nicholls
401632076,2024,3,Utah Tech,Northern Arizona,,,fcs,fcs,,,False,,Northern Arizona
401636871,2024,3,Wyoming,BYU,,,fbs,fbs,,,False,,BYU
401641033,2024,3,Fresno State,New Mexico State,,,fbs,fbs,,,False,,New Mexico State
401635541,2024,3,California,San Diego State,,,fbs,fbs,,,False,,San Diego State
401676683,2024,4,Franklin & Marshall,Montclair State,,,iii,iii,,,False,,Montclair State
401674283,2024,4,Fairmont State,Glenville State,,,ii,ii,,,False,,Glenville State
401674402,2024,4,Arkansas-Monticello,Harding,,,ii,ii,,,False,,Harding
401643790,2024,4,Appalachian State,South Alabama,,,fbs,fbs,,,False,,South Alabama
401675112,2024,4,Benedict College,Edward Waters,,,ii,ii,,,False,,Edward Waters
401682326,2024,4,Bentley,Southern Connecticut State,,,ii,ii,,,False,,Southern Connecticut State
401674860,2024,4,Springfield,Union,,,iii,iii,,,False,,Union
401676762,2024,4,St Lawrence,Western New England,,,iii,iii,,,False,,Western New England
401682280,2024,4,UMass Dartmouth,Framingham State,,,iii,iii,,,False,,Framingham State
401674848,2024,4,Rensselaer,Worcester Polytechnic,,,iii,iii,,,False,,Worcester Polytechnic
401634766,2024,4,Syracuse,Stanford,,,fbs,fbs,,,False,,Stanford
401628485,2024,4,Nebraska,Illinois,,,fbs,fbs,,,False,,Illinois
401643714,2024,4,Washington State,San José State,,,fbs,fbs,,,False,,San José State
401676415,2024,4,Randolph-Macon,Berry College,,,iii,iii,,,False,,Berry College
401628365,2024,4,LSU,UCLA,,,fbs,fbs,,,False,,UCLA
401628368,2024,4,Missouri,Vanderbilt,,,fbs,fbs,,,False,,Vanderbilt
401628369,2024,4,Oklahoma,Tennessee,,,fbs,fbs,,,False,,Tennessee
401628370,2024,4,South Carolina,Akron,,,fbs,fbs,,,False,,Akron
401628486,2024,4,Indiana,Charlotte,,,fbs,fbs,,,False,,Charlotte
401628487,2024,4,Minnesota,Iowa,,,fbs,fbs,,,False,,Iowa
401628488,2024,4,Maryland,Villanova,,,fbs,fcs,,,False,,Villanova
401628490,2024,4,Boston College,Michigan State,,,fbs,fbs,,,False,,Michigan State
401628491,2024,4,Washington,Northwestern,,,fbs,fbs,,,False,,Northwestern
401628492,2024,4,Ohio State,Marshall,,,fbs,fbs,,,False,,Marshall
401628493,2024,4,Penn State,Kent State,,,fbs,fbs,,,False,,Kent State
401628494,2024,4,Virginia Tech,Rutgers,,,fbs,fbs,,,False,,Rutgers
401635551,2024,4,Florida State,California,,,fbs,fbs,,,False,,California
401635552,2024,4,Clemson,NC State,,,fbs,fbs,,,False,,NC State
401635553,2024,4,Middle Tennessee,Duke,,,fbs,fbs,,,False,,Duke
401635554,2024,4,Louisville,Georgia Tech,,,fbs,fbs,,,False,,Georgia Tech
401635555,2024,4,South Florida,Miami,,,fbs,fbs,,,False,,Miami
401635556,2024,4,North Carolina,James Madison,,,fbs,fbs,,,False,,James Madison
401635557,2024,4,SMU,TCU,,,fbs,fbs,,,False,,TCU
401635558,2024,4,Coastal Carolina,Virginia,,,fbs,fbs,,,False,,Virginia
401636872,2024,4,BYU,Kansas State,,,fbs,fbs,,,False,,Kansas State
401636873,2024,4,Cincinnati,Houston,,,fbs,fbs,,,False,,Houston
401636874,2024,4,Colorado,Baylor,,,fbs,fbs,,,False,,Baylor
401636876,2024,4,Oklahoma State,Utah,,,fbs,fbs,,,False,,Utah
401636877,2024,4,Texas Tech,Arizona State,,,fbs,fbs,,,False,,Arizona State
401636879,2024,4,West Virginia,Kansas,,,fbs,fbs,,,False,,Kansas
401640991,2024,4,Liberty,East Carolina,,,fbs,fbs,,,False,,East Carolina
401673420,2024,4,Stevenson,Delaware Valley,,,iii,iii,,,False,,Delaware Valley
401674170,2024,4,Missouri Southern State,Northwest Missouri State,,,ii,ii,,,False,,Northwest Missouri State
401674257,2024,4,Charleston (WV),UNC Pembroke,,,ii,ii,,,False,,UNC Pembroke
401675442,2024,4,Walsh,Kentucky Wesleyan,,,ii,ii,,,False,,Kentucky Wesleyan
401675460,2024,4,Ohio Dominican,Thomas More,,,ii,ii,,,False,,Thomas More
401675514,2024,4,Western New Mexico,Angelo State,,,ii,ii,,,False,,Angelo State
401675547,2024,4,Sul Ross State,Western Oregon,,,ii,ii,,,False,,Western Oregon
401693679,2024,4,Lincoln University (CA),Webber International,,,ii,,,,True,,Webber International
401675551,2024,4,University of Texas of the Permian Basin,Texas A&M-Kingsville,,,ii,ii,,,False,,Texas A&M-Kingsville
401675562,2024,4,Central State,Albany State (GA),,,ii,ii,,,False,,Albany State (GA)
401675615,2024,4,Tuskegee,Savannah State,,,ii,ii,,,False,,Savannah State
401675773,2024,4,Anderson (SC),Limestone,,,ii,ii,,,True,,Limestone
401676164,2024,4,Wesleyan,Tufts,,,iii,iii,,,False,,Tufts
401676745,2024,4,Seton Hill College,West Chester,,,ii,ii,,,False,,West Chester
401677407,2024,4,West Virginia State,West Liberty,,,ii,ii,,,False,,West Liberty
401677409,2024,4,Hampden-Sydney,Centre,,,iii,iii,,,False,,Centre
401677411,2024,4,Millsaps,Bridgewater (VA),,,iii,iii,,,False,,Bridgewater (VA)
401677679,2024,4,Pacific (OR),Pomona-Pitzer,,,iii,iii,,,False,,Pomona-Pitzer
401628363,2024,4,Auburn,Arkansas,,,fbs,fbs,,,False,,Arkansas
401641000,2024,4,Jacksonville State,Southern Mississippi,,,fbs,fbs,,,False,,Southern Mississippi
401641008,2024,4,Louisiana Tech,Tulsa,,,fbs,fbs,,,False,,Tulsa
401641034,2024,4,Sam Houston State,New Mexico State,,,fbs,fbs,,,False,,New Mexico State
401641037,2024,4,Western Kentucky,Toledo,,,fbs,fbs,,,False,,Toledo
401643715,2024,4,Temple,Utah State,,,fbs,fbs,,,False,,Utah State
401643716,2024,4,North Texas,Wyoming,,,fbs,fbs,,,False,,Wyoming
401643791,2024,4,Louisiana,Tulane,,,fbs,fbs,,,False,,Tulane
401644735,2024,4,Central Michigan,Ball State,,,fbs,fbs,,,False,,Ball State
401644736,2024,4,Northern Illinois,Buffalo,,,fbs,fbs,,,False,,Buffalo
401628623,2024,4,Hampton,Howard,,,fcs,fcs,,,True,,Howard
401674704,2024,4,Dean College,Curry,,,iii,iii,,,False,,Curry
401674340,2024,4,Edinboro,Bloomsburg,,,ii,ii,,,False,,Bloomsburg
401674381,2024,4,Gannon,Kutztown,,,ii,ii,,,False,,Kutztown
401673401,2024,4,MIT,Alfred State College,,,iii,iii,,,False,,Alfred State College
401673430,2024,4,Misericordia,FDU-Florham,,,iii,iii,,,False,,FDU-Florham
401645328,2024,4,Army,Rice,,,fbs,fbs,,,False,,Rice
401676008,2024,4,NC Wesleyan,Huntingdon,,,iii,iii,,,False,,Huntingdon
401675972,2024,4,Plymouth State,Bridgewater State,,,iii,iii,,,False,,Bridgewater State
401654487,2024,4,Columbia,Lafayette,,,fcs,fcs,,,False,,Lafayette
401654463,2024,4,Lehigh,Princeton,,,fcs,fcs,,,False,,Princeton
401628367,2024,4,Mississippi State,Florida,,,fbs,fbs,,,False,,Florida
401675454,2024,4,Tiffin,Northwood (MI),,,ii,ii,,,False,,Northwood (MI)
401644596,2024,4,Harvard,Stetson,,,fcs,fcs,,,False,,Stetson
401628627,2024,4,Long Island University,Rhode Island,,,fcs,fcs,,,True,,Rhode Island
401677403,2024,4,Endicott College,Hilbert College,,,iii,iii,,,False,,Hilbert College
401676772,2024,4,University of New England,Gallaudet,,,iii,iii,,,False,,Gallaudet
401676736,2024,4,American International,St. Anselm,,,ii,ii,,,False,,St. Anselm
401675427,2024,4,Findlay,Lake Erie College,,,ii,ii,,,False,,Lake Erie College
401654588,2024,4,Duquesne,WV Wesleyan,,,fcs,ii,,,False,,WV Wesleyan
401655663,2024,4,Dayton,Ave Maria,,,fcs,,,,False,,Ave Maria
401676663,2024,4,St. John Fisher,Keystone,,,iii,iii,,,False,,Keystone
401676659,2024,4,Catholic University,Morrisville State,,,iii,iii,,,False,,Morrisville State
401674888,2024,4,Fitchburg State,Worcester State College,,,iii,iii,,,False,,Worcester State College
401674878,2024,4,Castleton State College,Mass Maritime,,,iii,iii,,,False,,Mass Maritime
401674841,2024,4,Rochester,Salve Regina,,,iii,iii,,,False,,Salve Regina
401674809,2024,4,Utica,Lycoming,,,iii,iii,,,False,,Lycoming
401676077,2024,4,Shepherd,Clarion,,,ii,ii,,,False,,Clarion
401674111,2024,4,Davenport,Central Missouri State,,,ii,ii,,,False,,Central Missouri State
401674757,2024,4,Susquehanna,SUNY Cortland,,,iii,iii,,,False,,SUNY Cortland
401628364,2024,4,Kentucky,Ohio,,,fbs,fbs,,,False,,Ohio
401676147,2024,4,Bates College,Trinity (CT),,,iii,iii,,,False,,Trinity (CT)
401628624,2024,4,Merrimack,Maine,,,fcs,fcs,,,False,,Maine
401658360,2024,4,Frostburg State,Concord,,,ii,ii,,,False,,Concord
401673372,2024,4,Carson-Newman,Wingate,,,ii,ii,,,False,,Wingate
401673383,2024,4,Emory & Henry,Barton College,,,ii,ii,,,False,,Barton College
401673410,2024,4,Hobart,Moravian,,,iii,iii,,,False,,Moravian
401673439,2024,4,Eastern University,Lebanon Valley,,,iii,iii,,,True,,Lebanon Valley
401674224,2024,4,Minnesota State,Minot State,,,ii,ii,,,False,,Minot State
401674330,2024,4,McKendree,Minnesota St-Moorhead,,,ii,ii,,,False,,Minnesota St-Moorhead
401674350,2024,4,Lock Haven,California (PA),,,ii,ii,,,False,,California (PA)
401674510,2024,4,Lincoln (MO),William Jewell College,,,ii,ii,,,False,,William Jewell College
401674567,2024,4,UW-Oshkosh,Michigan Tech,,,iii,ii,,,False,,Michigan Tech
401674574,2024,4,Northern Michigan,Alma College,,,ii,iii,,,False,,Alma College
401674671,2024,4,Dickinson,Kean,,,iii,iii,,,False,,Kean
401674681,2024,4,Gettysburg,Christopher Newport,,,iii,iii,,,False,,Christopher Newport
401674698,2024,4,Muhlenberg,College of New Jersey,,,iii,iii,,,False,,College of New Jersey
401674783,2024,4,Hanover,Olivet College,,,iii,iii,,,False,,Olivet College
401674791,2024,4,Manchester,Kalamazoo,,,iii,iii,,,False,,Kalamazoo
401674802,2024,4,Hartwick,Juniata,,,iii,iii,,,False,,Juniata
401674822,2024,4,Brockport State (NY),Wilkes,,,iii,iii,,,False,,Wilkes
401674864,2024,4,Widener,Albright,,,iii,iii,,,False,,Albright
401674918,2024,4,Mount St. Joseph,Albion,,,iii,iii,,,False,,Albion
401675277,2024,4,DePauw,Wooster,,,iii,iii,,,False,,Wooster
401675387,2024,4,Virginia State,Winston-Salem,,,ii,ii,,,False,,Winston-Salem
401675418,2024,4,Hillsdale,Ashland,,,ii,ii,,,False,,Ashland
401675603,2024,4,Kentucky State,Morehouse,,,ii,ii,,,False,,Morehouse
401675998,2024,4,Southern Virginia,Maryville TN,,,iii,iii,,,False,,Maryville TN
401676063,2024,4,Brevard College,Belhaven College,,,iii,iii,,,False,,Belhaven College
401676089,2024,4,Denison,Kenyon,,,iii,iii,,,False,,Kenyon
401676143,2024,4,Ohio Wesleyan,Oberlin,,,iii,iii,,,False,,Oberlin
401676156,2024,4,Hamilton,Amherst College,,,iii,iii,,,False,,Amherst College
401676184,2024,4,Colby,Williams,,,iii,iii,,,False,,Williams
401676255,2024,4,McDaniel College,William Paterson,,,iii,iii,,,False,,William Paterson
401676256,2024,4,Trinity (TX),Washington & Lee,,,iii,iii,,,False,,Washington & Lee
401676264,2024,4,Guilford,Sewanee Univ. of the South,,,iii,iii,,,False,,Sewanee Univ. of the South
401676375,2024,4,Averett,Ferrum,,,iii,iii,,,False,,Ferrum
401676433,2024,4,Waynesburg,Washington & Jefferson,,,iii,iii,,,False,,Washington & Jefferson
401676648,2024,4,St. Vincent,Grove City College,,,iii,iii,,,False,,Grove City College
401676692,2024,4,Shaw,Lincoln (PA),,,ii,ii,,,False,,Lincoln (PA)
401676715,2024,4,New Haven,Franklin Pierce,,,ii,ii,,,False,,Franklin Pierce
401676730,2024,4,Post University,Pace,,,ii,ii,,,True,,Pace
401676753,2024,4,Shippensburg,Slippery Rock,,,ii,ii,,,False,,Slippery Rock
401676756,2024,4,Nichols,Coast Guard,,,iii,iii,,,False,,Coast Guard
401676777,2024,4,Mars Hill,Lenoir-Rhyne,,,ii,ii,,,False,,Lenoir-Rhyne
401676790,2024,4,Tusculum,Newberry,,,ii,ii,,,False,,Newberry
401677454,2024,4,SUNY Maritime,Anna Maria College,,,iii,iii,,,False,,Anna Maria College
401677460,2024,4,Defiance,Judson University,,,iii,,,,False,,Judson University
401679015,2024,4,Bowdoin,Middlebury,,,iii,iii,,,False,,Middlebury
401682276,2024,4,Alvernia University,King's College (PA),,,iii,iii,,,False,,King's College (PA)
401654505,2024,4,Colgate,Cornell,,,fcs,fcs,,,False,,Cornell
401654634,2024,4,Stonehill,Sacred Heart,,,fcs,fcs,,,False,,Sacred Heart
401654456,2024,4,Georgetown,Brown,,,fcs,fcs,,,False,,Brown
401654470,2024,4,Dartmouth,Fordham,,,fcs,fcs,,,False,,Fordham
401654550,2024,4,VMI,Norfolk State,,,fcs,fcs,,,False,,Norfolk State
401674775,2024,4,Franklin,Adrian,,,iii,iii,,,False,,Adrian
401674798,2024,4,Rose-Hulman,Hope,,,iii,iii,,,False,,Hope
401676208,2024,4,Anderson (IN),Calvin University,,,iii,iii,,,False,,Calvin University
401676272,2024,4,Capital,Baldwin-Wallace,,,iii,iii,,,False,,Baldwin-Wallace
401676342,2024,4,Mount Union,John Carroll,,,iii,iii,,,False,,John Carroll
401675961,2024,4,Westfield State,Western Connecticut State,,,iii,iii,,,False,,Western Connecticut State
401675989,2024,4,Aurora,St. Norbert,,,iii,iii,,,False,,St. Norbert
401675817,2024,4,Augustana (SD),Northern State,,,ii,ii,,,False,,Northern State
401675764,2024,4,UVA-Wise,Catawba,,,ii,ii,,,False,,Catawba
401675295,2024,4,Wisconsin-Platteville,Wabash College,,,iii,iii,,,False,,Wabash College
401675028,2024,4,Benedictine (IL),Rockford,,,iii,iii,,,False,,Rockford
401676037,2024,4,Concordia (IL),Lakeland University,,,iii,iii,,,False,,Lakeland University
401676084,2024,4,Millersville,Indiana (PA),,,ii,ii,,,False,,Indiana (PA)
401676140,2024,4,UW-River Falls,Greenville,,,iii,iii,,,False,,Greenville
401676349,2024,4,Otterbein,Marietta,,,iii,iii,,,False,,Marietta
401676369,2024,4,Hendrix College,Southwestern University,,,iii,iii,,,False,,Southwestern University
401673447,2024,4,Illinois College,Ripon,,,iii,iii,,,False,,Ripon
401675841,2024,4,Winona State,Wayne State (NE),,,ii,ii,,,False,,Wayne State (NE)
401675899,2024,4,Luther,Coe,,,iii,iii,,,False,,Coe
401675938,2024,4,UW-Whitewater,Mary Hardin-Baylor,,,iii,iii,,,False,,Mary Hardin-Baylor
401675947,2024,4,UW-Stout,Northwestern (MN),,,iii,iii,,,False,,Northwestern (MN)
401675021,2024,4,Monmouth (IL),Lawrence,,,iii,iii,,,False,,Lawrence
401675014,2024,4,Cornell College (IA),Lake Forest,,,iii,iii,,,False,,Lake Forest
401675007,2024,4,Knox College,Chicago,,,iii,iii,,,False,,Chicago
401636875,2024,4,Iowa State,Arkansas State,,,fbs,fbs,,,False,,Arkansas State
401674993,2024,4,Grinnell,Beloit College,,,iii,iii,,,False,,Beloit College
401674972,2024,4,Wisconsin-Stevens Point,Gustavus Adolphus,,,iii,iii,,,False,,Gustavus Adolphus
401674950,2024,4,Bethel (MN),Wisconsin-Eau Claire,,,iii,iii,,,False,,Wisconsin-Eau Claire
401674941,2024,4,Martin Luther College,Augsburg,,,iii,iii,,,False,,Augsburg
401674732,2024,4,North Park,Millikin,,,iii,iii,,,False,,Millikin
401674713,2024,4,Norwich,Husson,,,iii,iii,,,False,,Husson
401674690,2024,4,Johns Hopkins,Salisbury,,,iii,iii,,,False,,Salisbury
401674603,2024,4,Dubuque,Simpson College,,,iii,iii,,,False,,Simpson College
401674594,2024,4,Central,Wartburg,,,iii,iii,,,False,,Wartburg
401674584,2024,4,Loras College,Buena Vista,,,iii,iii,,,False,,Buena Vista
401674534,2024,4,Southwest Baptist,Upper Iowa,,,ii,ii,,,False,,Upper Iowa
401674310,2024,4,Sioux Falls,Bemidji State,,,ii,ii,,,False,,Bemidji State
401674189,2024,4,Washburn,Pittsburg State,,,ii,ii,,,False,,Pittsburg State
401674153,2024,4,Emporia State,Missouri Western,,,ii,ii,,,False,,Missouri Western
401673966,2024,4,Carthage,North Central,,,iii,iii,,,False,,North Central
401673957,2024,4,Washington (MO),Carroll (WI),,,iii,iii,,,False,,Carroll (WI)
401675835,2024,4,Southwest Minnesota State,Concordia-St. Paul,,,ii,ii,,,False,,Concordia-St. Paul
401673277,2024,4,Chadron State,Colorado Mines,,,ii,ii,,,False,,Colorado Mines
401673251,2024,4,South Dakota Mines,New Mexico Highlands,,,ii,ii,,,False,,New Mexico Highlands
401658339,2024,4,Saginaw Valley,Truman State,,,ii,ii,,,False,,Truman State
401673046,2024,4,Valparaiso,Roosevelt,,,fcs,ii,,,False,,Roosevelt
401654563,2024,4,South Dakota,Drake,,,fcs,fcs,,,False,,Drake
401644737,2024,4,Eastern Michigan,St Francis (PA),,,fbs,fcs,,,False,,St Francis (PA)
401634200,2024,4,North Dakota,San Diego,,,fcs,fcs,,,False,,San Diego
401628629,2024,4,North Dakota State,Towson,,,fcs,fcs,,,False,,Towson
401655634,2024,4,Lindenwood,St. Thomas (MN),,,fcs,fcs,,,False,,St. Thomas (MN)
401654636,2024,4,Holy Cross,Yale,,,fcs,fcs,,,False,,Yale
401633980,2024,4,Tennessee Tech,Tennessee State,,,fcs,fcs,,,False,,Tennessee State
401628619,2024,4,New Hampshire,Bryant,,,fcs,fcs,,,False,,Bryant
401677764,2024,4,Montana State,Mercyhurst,,,fcs,fcs,,,False,,Mercyhurst
401655626,2024,4,Montana,Western Carolina,,,fcs,fcs,,,False,,Western Carolina
401643713,2024,4,Nevada,Eastern Washington,,,fbs,fcs,,,False,,Eastern Washington
401674957,2024,4,Carleton,Minnesota-Morris,,,iii,iii,,,False,,Minnesota-Morris
401674320,2024,4,University of Mary,Minnesota-Duluth,,,ii,ii,,,False,,Minnesota-Duluth
401636365,2024,4,Bethune-Cookman,Clark Atlanta,,,fcs,ii,,,False,,Clark Atlanta
401676361,2024,4,Wilmington (OH),Muskingum,,,iii,iii,,,False,,Muskingum
401628979,2024,4,Notre Dame,Miami (OH),,,fbs,fbs,,,False,,Miami (OH)
401645329,2024,4,Navy,Memphis,,,fbs,fbs,,,False,,Memphis
401628489,2024,4,Michigan,USC,,,fbs,fbs,,,False,,USC
401634247,2024,4,Pittsburgh,Youngstown State,,,fbs,fcs,,,False,,Youngstown State
401629042,2024,4,UMass,Central Connecticut,,,fbs,fcs,,,False,,Central Connecticut
401645330,2024,4,UT San Antonio,Houston Christian,,,fbs,fcs,,,False,,Houston Christian
401654606,2024,4,Wagner,Robert Morris,,,fcs,fcs,,,False,,Robert Morris
401654586,2024,4,Nicholls,Mississippi Valley State,,,fcs,fcs,,,False,,Mississippi Valley State
401673272,2024,4,Colorado State-Pueblo,Colorado Mesa,,,ii,ii,,,False,,Colorado Mesa
401675286,2024,4,Hiram,Wittenberg,,,iii,iii,,,False,,Wittenberg
401675378,2024,4,Bowie State,Livingstone,,,ii,ii,,,False,,Livingstone
401675925,2024,4,Linfield,Redlands,,,iii,iii,,,False,,Redlands
401675933,2024,4,George Fox University,Claremont,,,iii,iii,,,False,,Claremont
401676176,2024,4,Cal Lutheran,Pacific Lutheran,,,iii,iii,,,False,,Pacific Lutheran
401676198,2024,4,Whitworth,Chapman,,,iii,iii,,,False,,Chapman
401682376,2024,4,Lewis & Clark,Montana-Western,,,iii,,,,False,,Montana-Western
401658350,2024,4,Erskine,Valdosta State,,,ii,ii,,,False,,Valdosta State
401674493,2024,4,Southern Nazarene,Northwestern Oklahoma State,,,ii,ii,,,False,,Northwestern Oklahoma State
401673152,2024,4,Black Hills State,Fort Lewis,,,ii,ii,,,False,,Fort Lewis
401675607,2024,4,Miles,Lane,,,ii,ii,,,False,,Lane
401628620,2024,4,Campbell,Stony Brook,,,fcs,fcs,,,False,,Stony Brook
401628622,2024,4,Elon,East Tennessee State,,,fcs,fcs,,,False,,East Tennessee State
401628628,2024,4,Delaware State,Richmond,,,fcs,fcs,,,False,,Richmond
401628621,2024,4,Delaware,Pennsylvania,,,fcs,fcs,,,False,,Pennsylvania
401632102,2024,4,Idaho State,Southern Utah,,,fcs,fcs,,,False,,Southern Utah
401674500,2024,4,Wayne State (MI),Indianapolis,,,ii,ii,,,False,,Indianapolis
401675405,2024,4,Johnson C Smith,Virginia Union,,,ii,ii,,,False,,Virginia Union
401675412,2024,4,Fayetteville State,Elizabeth City State,,,ii,ii,,,False,,Elizabeth City State
401675499,2024,4,Warner,Shorter,,,,ii,,,True,,Shorter
401628625,2024,4,Florida International,Monmouth,,,fbs,fcs,,,True,,Monmouth
401641028,2024,4,Colorado State,UTEP,,,fbs,fbs,,,False,,UTEP
401654650,2024,4,Bucknell,Marist,,,fcs,fcs,,,False,,Marist
401634145,2024,4,Mercer,The Citadel,,,fcs,fcs,,,False,,The Citadel
401628630,2024,4,William & Mary,Furman,,,fcs,fcs,,,False,,Furman
401632078,2024,4,Eastern Kentucky,Morehead State,,,fcs,fcs,,,False,,Morehead State
401676017,2024,4,Methodist,Greensboro,,,iii,iii,,,False,,Greensboro
401678897,2024,4,North Alabama,Tarleton State,,,fcs,fcs,,,False,,Tarleton State
401629031,2024,4,Connecticut,Florida Atlantic,,,fbs,fbs,,,False,,Florida Atlantic
401636374,2024,4,Troy,Florida A&M,,,fbs,fcs,,,False,,Florida A&M
401654511,2024,4,Morgan State,Virginia Lynchburg,,,fcs,,,,False,,Virginia Lynchburg
401628626,2024,4,North Carolina Central,North Carolina A&T,,,fcs,fcs,,,False,,North Carolina A&T
401632099,2024,4,Arkansas-Pine Bluff,Central Arkansas,,,fcs,fcs,,,False,,Central Arkansas
401632100,2024,4,Austin Peay,Alabama A&M,,,fcs,fcs,,,False,,Alabama A&M
401634160,2024,4,Illinois State,Eastern Illinois,,,fcs,fcs,,,False,,Eastern Illinois
401634183,2024,4,UT Martin,Missouri State,,,fcs,fcs,,,False,,Missouri State
401634215,2024,4,Southeastern Louisiana,South Dakota State,,,fcs,fcs,,,False,,South Dakota State
401634242,2024,4,Southern Illinois,Southeast Missouri State,,,fcs,fcs,,,False,,Southeast Missouri State
401636382,2024,4,Grambling,Jackson State,,,fcs,fcs,,,False,,Jackson State
401638360,2024,4,Incarnate Word,Northern Arizona,,,fcs,fcs,,,False,,Northern Arizona
401654559,2024,4,Prairie View,Southern,,,fcs,fcs,,,False,,Southern
401654566,2024,4,Lamar,Texas Southern,,,fcs,fcs,,,False,,Texas Southern
401654851,2024,4,Texas A&M-Commerce,Sacramento State,,,fcs,fcs,,,False,,Sacramento State
401655619,2024,4,Northwestern State,Weber State,,,fcs,fcs,,,False,,Weber State
401655631,2024,4,Presbyterian College,Gardner-Webb,,,fcs,fcs,,,False,,Gardner-Webb
401673947,2024,4,Wheaton College (Ill),Augustana (IL),,,iii,iii,,,False,,Augustana (IL)
401673974,2024,4,Elmhurst,Illinois Wesleyan,,,iii,iii,,,False,,Illinois Wesleyan
401674231,2024,4,Henderson State,Arkansas Tech,,,ii,ii,,,False,,Arkansas Tech
401674412,2024,4,East Central,Southwestern Oklahoma,,,ii,ii,,,False,,Southwestern Oklahoma
401674478,2024,4,Southeastern Oklahoma,Oklahoma Baptist,,,ii,ii,,,False,,Oklahoma Baptist
401674486,2024,4,Southern Arkansas,Ouachita Baptist,,,ii,ii,,,False,,Ouachita Baptist
401674528,2024,4,Missouri S&T,Quincy,,,ii,ii,,,False,,Quincy
401674559,2024,4,Grand Valley State,Wisconsin-La Crosse,,,ii,iii,,,False,,Wisconsin-La Crosse
401674628,2024,4,Austin College,Centenary,,,iii,iii,,,False,,Centenary
401674647,2024,4,Lyon College,Howard Payne,,,iii,iii,,,True,,Howard Payne
401674658,2024,4,McMurry,Texas Lutheran,,,iii,iii,,,False,,Texas Lutheran
401674765,2024,4,Bluffton,Trine,,,iii,iii,,,False,,Trine
401675478,2024,4,Delta State,Fort Valley State,,,ii,ii,,,False,,Fort Valley State
401675486,2024,4,Mississippi College,North Greenville,,,ii,ii,,,False,,North Greenville
401675511,2024,4,West Florida,West Alabama,,,ii,ii,,,True,,West Alabama
401675572,2024,4,Allen,Point University,,,ii,,,,False,,Point University
401676081,2024,4,Wisconsin Lutheran,Eureka College,,,iii,iii,,,False,,Eureka College
401676300,2024,4,Shenandoah,Rhodes,,,iii,iii,,,False,,Rhodes
401676315,2024,4,Heidelberg,Ohio Northern,,,iii,iii,,,False,,Ohio Northern
401676419,2024,4,Allegheny,Westminster PA,,,iii,iii,,,False,,Westminster PA
401676617,2024,4,Westminster,William Woods,,,iii,,,,False,,William Woods
401676627,2024,4,Carnegie Mellon,Bethany (WV),,,iii,iii,,,False,,Bethany (WV)
401676645,2024,4,Geneva College,Thiel College,,,iii,iii,,,False,,Thiel College
401677676,2024,4,Ursinus,Rowan,,,iii,iii,,,False,,Rowan
401628372,2024,4,Texas A&M,Bowling Green,,,fbs,fbs,,,False,,Bowling Green
401628366,2024,4,Ole Miss,Georgia Southern,,,fbs,fbs,,,False,,Georgia Southern
401673142,2024,4,Western State,Adams State,,,ii,ii,,,False,,Adams State
401628371,2024,4,Texas,Louisiana Monroe,,,fbs,fbs,,,False,,Louisiana Monroe
401655630,2024,4,Stephen F. Austin,Northern Colorado,,,fcs,fcs,,,False,,Northern Colorado
401654604,2024,4,Abilene Christian,Idaho,,,fcs,fcs,,,False,,Idaho
401654602,2024,4,McNeese,Alcorn State,,,fcs,fcs,,,False,,Alcorn State
401675987,2024,4,Crown College,St. Scholastica,,,iii,iii,,,False,,St. Scholastica
401675531,2024,4,Eastern New Mexico,Midwestern State,,,ii,ii,,,False,,Midwestern State
401675522,2024,4,West Texas A&M,Central Washington,,,ii,ii,,,False,,Central Washington
401674162,2024,4,Fort Hays State,Northeastern State,,,ii,ii,,,False,,Northeastern State
401674141,2024,4,Nebraska-Kearney,Central Oklahoma,,,ii,ii,,,False,,Central Oklahoma
401643717,2024,4,Oregon State,Purdue,,,fbs,fbs,,,False,,Purdue
401643711,2024,4,New Mexico,Fresno State,,,fbs,fbs,,,False,,Fresno State
401637162,2024,4,Boise State,Portland State,,,fbs,fcs,,,False,,Portland State
401632101,2024,4,UC Davis,Utah Tech,,,fcs,fcs,,,False,,Utah Tech
401677682,2024,4,La Verne,Puget Sound,,,iii,iii,,,False,,Puget Sound
401643712,2024,4,Hawai'i,Northern Iowa,,,fbs,fcs,,,False,,Northern Iowa
401645331,2024,5,Temple,Army,,,fbs,fbs,,,False,,Army
401634767,2024,5,Miami,Virginia Tech,,,fbs,fbs,,,False,,Virginia Tech
401628501,2024,5,Rutgers,Washington,,,fbs,fbs,,,False,,Washington
401675443,2024,5,Ohio Dominican,Kentucky Wesleyan,,,ii,ii,,,False,,Kentucky Wesleyan
401674926,2024,5,Alma College,Hope,,,iii,iii,,,False,,Hope
401674284,2024,5,Glenville State,UNC Pembroke,,,ii,ii,,,False,,UNC Pembroke
401674171,2024,5,Northeastern State,Missouri Southern State,,,ii,ii,,,False,,Missouri Southern State
401674112,2024,5,Central Missouri State,Nebraska-Kearney,,,ii,ii,,,False,,Nebraska-Kearney
401676090,2024,5,Denison,Hiram,,,iii,iii,,,False,,Hiram
401645337,2024,5,Tulane,South Florida,,,fbs,fbs,,,False,,South Florida
401641041,2024,5,Sam Houston State,Texas State,,,fbs,fbs,,,True,,Texas State
401643719,2024,5,Boise State,Washington State,,,fbs,fbs,,,False,,Washington State
401645336,2024,5,North Texas,Tulsa,,,fbs,fbs,,,False,,Tulsa
401645334,2024,5,East Carolina,UT San Antonio,,,fbs,fbs,,,False,,UT San Antonio
401645333,2024,5,Rice,Charlotte,,,fbs,fbs,,,False,,Charlotte
401645332,2024,5,UAB,Navy,,,fbs,fbs,,,False,,Navy
401644739,2024,5,Kent State,Eastern Michigan,,,fbs,fbs,,,False,,Eastern Michigan
401644738,2024,5,Ohio,Akron,,,fbs,fbs,,,False,,Akron
401643796,2024,5,Troy,Louisiana Monroe,,,fbs,fbs,,,False,,Louisiana Monroe
401643795,2024,5,Bowling Green,Old Dominion,,,fbs,fbs,,,False,,Old Dominion
401643794,2024,5,Marshall,Western Michigan,,,fbs,fbs,,,False,,Western Michigan
401643793,2024,5,James Madison,Ball State,,,fbs,fbs,,,False,,Ball State
401643792,2024,5,Georgia State,Georgia Southern,,,fbs,fbs,,,False,,Georgia Southern
401643721,2024,5,Central Michigan,San Diego State,,,fbs,fbs,,,False,,San Diego State
401641035,2024,5,New Mexico State,New Mexico,,,fbs,fbs,,,False,,New Mexico
401641025,2024,5,Memphis,Middle Tennessee,,,fbs,fbs,,,False,,Middle Tennessee
401640992,2024,5,Appalachian State,Liberty,,,fbs,fbs,,,False,,Liberty
401636886,2024,5,Utah,Arizona,,,fbs,fbs,,,False,,Arizona
401676049,2024,5,Hendrix College,Huntingdon,,,iii,iii,,,False,,Huntingdon
401628378,2024,5,Texas,Mississippi State,,,fbs,fbs,,,False,,Mississippi State
401628495,2024,5,Penn State,Illinois,,,fbs,fbs,,,False,,Illinois
401628496,2024,5,Indiana,Maryland,,,fbs,fbs,,,False,,Maryland
401628497,2024,5,Michigan,Minnesota,,,fbs,fbs,,,False,,Minnesota
401628498,2024,5,Michigan State,Ohio State,,,fbs,fbs,,,False,,Ohio State
401628500,2024,5,UCLA,Oregon,,,fbs,fbs,,,False,,Oregon
401635659,2024,5,Wake Forest,Louisiana,,,fbs,fbs,,,False,,Louisiana
401636880,2024,5,Baylor,BYU,,,fbs,fbs,,,False,,BYU
401636881,2024,5,Houston,Iowa State,,,fbs,fbs,,,False,,Iowa State
401636882,2024,5,Kansas,TCU,,,fbs,fbs,,,True,,TCU
401636883,2024,5,Kansas State,Oklahoma State,,,fbs,fbs,,,False,,Oklahoma State
401654587,2024,5,Mississippi Valley State,Alcorn State,,,fcs,fcs,,,False,,Alcorn State
401640981,2024,5,Florida International,Louisiana Tech,,,fbs,fbs,,,True,,Louisiana Tech
401635564,2024,5,NC State,Northern Illinois,,,fbs,fbs,,,False,,Northern Illinois
401635563,2024,5,SMU,Florida State,,,fbs,fbs,,,False,,Florida State
401635562,2024,5,Duke,North Carolina,,,fbs,fbs,,,False,,North Carolina
401635561,2024,5,Clemson,Stanford,,,fbs,fbs,,,False,,Stanford
401635560,2024,5,Boston College,Western Kentucky,,,fbs,fbs,,,False,,Western Kentucky
401629043,2024,5,Miami (OH),UMass,,,fbs,fbs,,,False,,UMass
401628502,2024,5,USC,Wisconsin,,,fbs,fbs,,,False,,Wisconsin
401628375,2024,5,Auburn,Oklahoma,,,fbs,fbs,,,False,,Oklahoma
401628373,2024,5,Texas A&M,Arkansas,,,fbs,fbs,,,True,,Arkansas
401638661,2024,5,Drake,San Diego,,,fcs,fcs,,,False,,San Diego
401636884,2024,5,Texas Tech,Cincinnati,,,fbs,fbs,,,False,,Cincinnati
401636885,2024,5,UCF,Colorado,,,fbs,fbs,,,False,,Colorado
401676209,2024,5,Kalamazoo,Calvin University,,,iii,iii,,,False,,Calvin University
401676716,2024,5,Franklin Pierce,Pace,,,ii,ii,,,True,,Pace
401677408,2024,5,West Virginia State,WV Wesleyan,,,ii,ii,,,False,,WV Wesleyan
401674705,2024,5,Curry,Ithaca,,,iii,iii,,,False,,Ithaca
401674551,2024,5,American International,Ferris State,,,ii,ii,,,False,,Ferris State
401674351,2024,5,California (PA),Gannon,,,ii,ii,,,False,,Gannon
401673431,2024,5,FDU-Florham,Lebanon Valley,,,iii,iii,,,False,,Lebanon Valley
401673411,2024,5,Morrisville State,Moravian,,,iii,iii,,,False,,Moravian
401673384,2024,5,Limestone,Emory & Henry,,,ii,ii,,,False,,Emory & Henry
401674823,2024,5,Wilkes,St. John Fisher,,,iii,iii,,,False,,St. John Fisher
401675999,2024,5,Greensboro,Southern Virginia,,,iii,iii,,,False,,Southern Virginia
401676009,2024,5,Belhaven College,NC Wesleyan,,,iii,iii,,,False,,NC Wesleyan
401676101,2024,5,DePauw,Oberlin,,,iii,iii,,,False,,Oberlin
401677473,2024,5,Salve Regina,MIT,,,iii,iii,,,False,,MIT
401676191,2024,5,SUNY Maritime,Merchant Marine,,,iii,iii,,,False,,Merchant Marine
401676218,2024,5,Worcester Polytechnic,Norwich,,,iii,iii,,,False,,Norwich
401676757,2024,5,Dean College,Nichols,,,iii,iii,,,False,,Nichols
401676936,2024,5,Mount St. Joseph,UW-River Falls,,,iii,iii,,,False,,UW-River Falls
401674810,2024,5,Lycoming,Hilbert College,,,iii,iii,,,False,,Hilbert College
401675973,2024,5,Bridgewater State,Framingham State,,,iii,iii,,,False,,Framingham State
401674879,2024,5,UMass Dartmouth,Castleton State College,,,iii,iii,,,False,,Castleton State College
401674865,2024,5,Albright,Eastern University,,,iii,iii,,,False,,Eastern University
401674849,2024,5,Endicott College,Rensselaer,,,iii,iii,,,False,,Rensselaer
401674827,2024,5,Keystone,Hobart,,,iii,iii,,,False,,Hobart
401629032,2024,5,Connecticut,Buffalo,,,fbs,fbs,,,False,,Buffalo
401644597,2024,5,Brown,Harvard,,,fcs,fcs,,,False,,Harvard
401638660,2024,5,Marist,Dayton,,,fcs,fcs,,,False,,Dayton
401654617,2024,5,Lehigh,Bucknell,,,fcs,fcs,,,False,,Bucknell
401635565,2024,5,Syracuse,Holy Cross,,,fbs,fcs,,,False,,Holy Cross
401628499,2024,5,Purdue,Nebraska,,,fbs,fbs,,,False,,Nebraska
401694304,2024,5,Campbellsville University,Roosevelt,,,,ii,,,True,,Roosevelt
401628377,2024,5,Ole Miss,Kentucky,,,fbs,fbs,,,False,,Kentucky
401654488,2024,5,Georgetown,Columbia,,,fcs,fcs,,,False,,Columbia
401656601,2024,5,Pennsylvania,Colgate,,,fcs,fcs,,,False,,Colgate
401654471,2024,5,Merrimack,Dartmouth,,,fcs,fcs,,,False,,Dartmouth
401638662,2024,5,Morehead State,Valparaiso,,,fcs,fcs,,,False,,Valparaiso
401634172,2024,5,Indiana State,Houston Christian,,,fcs,fcs,,,False,,Houston Christian
401628636,2024,5,Monmouth,Fordham,,,fcs,fcs,,,False,,Fordham
401679156,2024,5,Mercyhurst,Frostburg State,,,fcs,ii,,,False,,Frostburg State
401655659,2024,5,Butler,Virginia Lynchburg,,,fcs,,,,False,,Virginia Lynchburg
401675902,2024,5,Luther,Anderson (IN),,,iii,iii,,,False,,Anderson (IN)
401674714,2024,5,Anna Maria College,Husson,,,iii,iii,,,False,,Husson
401674737,2024,5,North Central,Washington (MO),,,iii,iii,,,False,,Washington (MO)
401674748,2024,5,Alfred,Catholic University,,,iii,iii,,,False,,Catholic University
401674803,2024,5,Juniata,Shenandoah,,,iii,iii,,,False,,Shenandoah
401674871,2024,5,Stevenson,Alvernia University,,,iii,iii,,,False,,Alvernia University
401674897,2024,5,Mass Maritime,Plymouth State,,,iii,iii,,,False,,Plymouth State
401674919,2024,5,Trine,Albion,,,iii,iii,,,False,,Albion
401675278,2024,5,Kenyon,Wooster,,,iii,iii,,,False,,Wooster
401675379,2024,5,Winston-Salem,Bowie State,,,ii,ii,,,False,,Bowie State
401675406,2024,5,Virginia Union,Shaw,,,ii,ii,,,False,,Shaw
401675419,2024,5,Ashland,Tiffin,,,ii,ii,,,False,,Tiffin
401675469,2024,5,Chowan,Mississippi College,,,ii,ii,,,False,,Mississippi College
401675581,2024,5,Morehouse,Benedict College,,,ii,ii,,,False,,Benedict College
401675836,2024,5,Concordia-St. Paul,Minnesota State,,,ii,ii,,,False,,Minnesota State
401676018,2024,5,LaGrange College,Methodist,,,iii,iii,,,False,,Methodist
401676025,2024,5,Maryville TN,Brevard College,,,iii,iii,,,False,,Brevard College
401676105,2024,5,Lock Haven,Millersville,,,ii,ii,,,False,,Millersville
401676148,2024,5,Wesleyan,Bates College,,,iii,iii,,,False,,Bates College
401676157,2024,5,Bowdoin,Hamilton,,,iii,iii,,,False,,Hamilton
401676165,2024,5,Tufts,Amherst College,,,iii,iii,,,False,,Amherst College
401676225,2024,5,Coast Guard,Springfield,,,iii,iii,,,False,,Springfield
401676265,2024,5,Sewanee Univ. of the South,Millsaps,,,iii,iii,,,False,,Millsaps
401676434,2024,5,St. Vincent,Waynesburg,,,iii,iii,,,False,,Waynesburg
401676737,2024,5,St. Anselm,Southern Connecticut State,,,ii,ii,,,False,,Southern Connecticut State
401676750,2024,5,Shippensburg,Shepherd,,,ii,ii,,,False,,Shepherd
401676763,2024,5,Western New England,Susquehanna,,,iii,iii,,,False,,Susquehanna
401676773,2024,5,Rochester,University of New England,,,iii,iii,,,False,,University of New England
401676778,2024,5,Lenoir-Rhyne,Tusculum,,,ii,ii,,,False,,Tusculum
401677461,2024,5,Defiance,Siena Heights,,,iii,,,,False,,Siena Heights
401679013,2024,5,Middlebury,Colby,,,iii,iii,,,False,,Colby
401687169,2024,5,King's College (PA),Widener,,,iii,iii,,,False,,Widener
401673421,2024,5,Delaware Valley,Misericordia,,,iii,iii,,,False,,Misericordia
401674258,2024,5,Concord,Charleston (WV),,,ii,ii,,,False,,Charleston (WV)
401674277,2024,5,Wheeling Jesuit,Fairmont State,,,ii,ii,,,False,,Fairmont State
401674331,2024,5,Minnesota St-Moorhead,Augustana (SD),,,ii,ii,,,False,,Augustana (SD)
401674648,2024,5,Wittenberg,Howard Payne,,,iii,iii,,,False,,Howard Payne
401674321,2024,5,Minnesota-Duluth,Southwest Minnesota State,,,ii,ii,,,False,,Southwest Minnesota State
401674776,2024,5,Franklin,Ohio Wesleyan,,,iii,iii,,,False,,Ohio Wesleyan
401676185,2024,5,Trinity (CT),Williams,,,iii,iii,,,False,,Williams
401676307,2024,5,Marietta,Capital,,,iii,iii,,,False,,Capital
401676336,2024,5,John Carroll,Heidelberg,,,iii,iii,,,False,,Heidelberg
401676366,2024,5,Ohio Northern,Wilmington (OH),,,iii,iii,,,False,,Wilmington (OH)
401634146,2024,5,Wofford,Mercer,,,fcs,fcs,,,False,,Mercer
401654506,2024,5,Cornell,Yale,,,fcs,fcs,,,False,,Yale
401628632,2024,5,Elon,Richmond,,,fcs,fcs,,,False,,Richmond
401628634,2024,5,Campbell,Delaware State,,,fcs,fcs,,,False,,Delaware State
401632105,2024,5,West Georgia,North Alabama,,,fcs,fcs,,,False,,North Alabama
401632106,2024,5,Austin Peay,Southern Utah,,,fcs,fcs,,,False,,Southern Utah
401632110,2024,5,Eastern Kentucky,Robert Morris,,,fcs,fcs,,,False,,Robert Morris
401634136,2024,5,The Citadel,East Tennessee State,,,fcs,fcs,,,False,,East Tennessee State
401634192,2024,5,North Dakota,Murray State,,,fcs,fcs,,,False,,Murray State
401634243,2024,5,South Dakota,Southern Illinois,,,fcs,fcs,,,False,,Southern Illinois
401638341,2024,5,Furman,Samford,,,fcs,fcs,,,False,,Samford
401674341,2024,5,Bloomsburg,West Chester,,,ii,ii,,,False,,West Chester
401674539,2024,5,Truman State,Wayne State (MI),,,ii,ii,,,False,,Wayne State (MI)
401674544,2024,5,Quincy,Upper Iowa,,,ii,ii,,,False,,Upper Iowa
401674547,2024,5,William Jewell College,Davenport,,,ii,ii,,,True,,Davenport
401674585,2024,5,Buena Vista,Central,,,iii,iii,,,False,,Central
401674604,2024,5,Coe,Dubuque,,,iii,iii,,,False,,Dubuque
401674611,2024,5,Simpson College,Loras College,,,iii,iii,,,False,,Loras College
401674618,2024,5,Wartburg,Nebraska Wesleyan University,,,iii,iii,,,False,,Nebraska Wesleyan University
401674629,2024,5,Austin College,McMurry,,,iii,iii,,,False,,McMurry
401674638,2024,5,Hardin-Simmons,North American University,,,iii,,,,False,,North American University
401674942,2024,5,Augsburg,Gustavus Adolphus,,,iii,iii,,,False,,Gustavus Adolphus
401674951,2024,5,Bethel (MN),St. Johns (MN),,,iii,iii,,,False,,St. Johns (MN)
401674958,2024,5,Hamline,Carleton,,,iii,iii,,,False,,Carleton
401674966,2024,5,Concordia (MN),St. Scholastica,,,iii,iii,,,False,,St. Scholastica
401675029,2024,5,Rockford,St. Norbert,,,iii,iii,,,False,,St. Norbert
401675388,2024,5,Virginia State,Fayetteville State,,,ii,ii,,,False,,Fayetteville State
401675428,2024,5,Findlay,Hillsdale,,,ii,ii,,,False,,Hillsdale
401675563,2024,5,Albany State (GA),Kentucky State,,,ii,ii,,,False,,Kentucky State
401675756,2024,5,Barton College,Anderson (SC),,,ii,ii,,,False,,Anderson (SC)
401675990,2024,5,Aurora,Concordia (IL),,,iii,iii,,,False,,Concordia (IL)
401676031,2024,5,Benedictine (IL),Concordia (WI),,,iii,iii,,,False,,Concordia (WI)
401676273,2024,5,Baldwin-Wallace,Mount Union,,,iii,iii,,,False,,Mount Union
401676635,2024,5,Washington & Jefferson,Carnegie Mellon,,,iii,iii,,,False,,Carnegie Mellon
401676724,2024,5,Bentley,New Haven,,,ii,ii,,,False,,New Haven
401674511,2024,5,Southwest Baptist,Lincoln (MO),,,ii,ii,,,False,,Lincoln (MO)
401673242,2024,5,New Mexico Highlands,Western State,,,ii,ii,,,False,,Western State
401673948,2024,5,Millikin,Augustana (IL),,,iii,iii,,,False,,Augustana (IL)
401673958,2024,5,Carroll (WI),Wheaton College (Ill),,,iii,iii,,,False,,Wheaton College (Ill)
401673967,2024,5,Illinois Wesleyan,Carthage,,,iii,iii,,,False,,Carthage
401673975,2024,5,Elmhurst,North Park,,,iii,iii,,,False,,North Park
401674154,2024,5,Northwest Missouri State,Emporia State,,,ii,ii,,,False,,Emporia State
401674905,2024,5,Worcester State College,Westfield State,,,iii,iii,,,False,,Westfield State
401673143,2024,5,Adams State,Colorado State-Pueblo,,,ii,ii,,,False,,Colorado State-Pueblo
401673153,2024,5,Colorado Mines,Black Hills State,,,ii,ii,,,False,,Black Hills State
401673281,2024,5,Colorado Mesa,Chadron State,,,ii,ii,,,False,,Chadron State
401674175,2024,5,Missouri Western,Washburn,,,ii,ii,,,False,,Washburn
401674225,2024,5,Minot State,Sioux Falls,,,ii,ii,,,False,,Sioux Falls
401674311,2024,5,Bemidji State,University of Mary,,,ii,ii,,,False,,University of Mary
401674560,2024,5,Grand Valley State,West Florida,,,ii,ii,,,False,,West Florida
401674911,2024,5,Adrian,Olivet College,,,iii,iii,,,False,,Olivet College
401675588,2024,5,Lane,Clark Atlanta,,,ii,ii,,,False,,Clark Atlanta
401676420,2024,5,Thiel College,Westminster PA,,,iii,iii,,,False,,Westminster PA
401676639,2024,5,Geneva College,Case Western Reserve,,,iii,iii,,,False,,Case Western Reserve
401654553,2024,5,Norfolk State,North Carolina Central,,,fcs,fcs,,,False,,North Carolina Central
401654464,2024,5,Princeton,Howard,,,fcs,fcs,,,False,,Howard
401636346,2024,5,Bethune-Cookman,Alabama State,,,fcs,fcs,,,False,,Alabama State
401634184,2024,5,Missouri State,Youngstown State,,,fcs,fcs,,,False,,Youngstown State
401634161,2024,5,Illinois State,North Dakota State,,,fcs,fcs,,,False,,North Dakota State
401634046,2024,5,Northern Colorado,Cal Poly,,,fcs,fcs,,,False,,Cal Poly
401633982,2024,5,Eastern Illinois,Lindenwood,,,fcs,fcs,,,False,,Lindenwood
401628635,2024,5,Delaware,Sacred Heart,,,fcs,fcs,,,False,,Sacred Heart
401628638,2024,5,Stony Brook,Morgan State,,,fcs,fcs,,,False,,Morgan State
401628980,2024,5,Notre Dame,Louisville,,,fbs,fbs,,,False,,Louisville
401643720,2024,5,UNLV,Fresno State,,,fbs,fbs,,,False,,Fresno State
401628631,2024,5,Albany,Maine,,,fcs,fcs,,,False,,Maine
401633983,2024,5,Gardner-Webb,Tennessee Tech,,,fcs,fcs,,,False,,Tennessee Tech
401634050,2024,5,Northern Arizona,Sacramento State,,,fcs,fcs,,,False,,Sacramento State
401654846,2024,5,Southeast Missouri State,Northwestern State,,,fcs,fcs,,,False,,Northwestern State
401658351,2024,5,Erskine,Delta State,,,ii,ii,,,False,,Delta State
401673252,2024,5,Fort Lewis,South Dakota Mines,,,ii,ii,,,False,,South Dakota Mines
401676078,2024,5,Indiana (PA),Clarion,,,ii,ii,,,False,,Clarion
401677683,2024,5,La Verne,Pomona-Pitzer,,,iii,iii,,,False,,Pomona-Pitzer
401677719,2024,5,Willamette,Simpson University (Ca),,,iii,,,,False,,Simpson University (Ca)
401675558,2024,5,Western Oregon,West Texas A&M,,,ii,ii,,,False,,West Texas A&M
401674861,2024,5,Montclair State,Union,,,iii,iii,,,False,,Union
401673402,2024,5,Buffalo State,Alfred State College,,,iii,iii,,,False,,Alfred State College
401674889,2024,5,Western Connecticut State,Fitchburg State,,,iii,iii,,,False,,Fitchburg State
401675806,2024,5,Lincoln (PA),Livingstone,,,ii,ii,,,False,,Livingstone
401676785,2024,5,Wingate,Mars Hill,,,ii,ii,,,False,,Mars Hill
401676707,2024,5,Assumption,Post University,,,ii,ii,,,False,,Post University
401658340,2024,5,Indianapolis,Saginaw Valley,,,ii,ii,,,False,,Saginaw Valley
401673373,2024,5,Catawba,Carson-Newman,,,ii,ii,,,False,,Carson-Newman
401674374,2024,5,Slippery Rock,Edinboro,,,ii,ii,,,False,,Edinboro
401675449,2024,5,Lake Erie College,Northwood (MI),,,ii,ii,,,False,,Northwood (MI)
401675601,2024,5,Savannah State,Fort Valley State,,,ii,ii,,,False,,Fort Valley State
401675800,2024,5,Bluefield,Johnson C Smith,,,ii,ii,,,False,,Johnson C Smith
401628633,2024,5,William & Mary,Hampton,,,fcs,fcs,,,False,,Hampton
401628637,2024,5,South Carolina State,North Carolina A&T,,,fcs,fcs,,,False,,North Carolina A&T
401641018,2024,5,Kennesaw State,UT Martin,,,fbs,fcs,,,False,,UT Martin
401628639,2024,5,Villanova,Long Island University,,,fcs,fcs,,,False,,Long Island University
401634252,2024,5,Florida A&M,Alabama A&M,,,fcs,fcs,,,False,,Alabama A&M
401634048,2024,5,Idaho State,Montana State,,,fcs,fcs,,,False,,Montana State
401632461,2024,5,Chattanooga,Portland State,,,fcs,fcs,,,False,,Portland State
401633981,2024,5,Tennessee State,Charleston Southern,,,fcs,fcs,,,False,,Charleston Southern
401645335,2024,5,Florida Atlantic,Wagner,,,fbs,fcs,,,False,,Wagner
401674366,2024,5,East Stroudsburg,Kutztown,,,ii,ii,,,False,,Kutztown
401676791,2024,5,Newberry,UVA-Wise,,,ii,ii,,,False,,UVA-Wise
401676620,2024,5,Grove City College,Allegheny,,,iii,iii,,,False,,Allegheny
401676205,2024,5,East Texas Baptist,Centenary,,,iii,iii,,,False,,Centenary
401675573,2024,5,Allen,Miles,,,ii,ii,,,False,,Miles
401675595,2024,5,Edward Waters,Tuskegee,,,ii,ii,,,False,,Tuskegee
401676068,2024,5,Lakeland University,Wisconsin Lutheran,,,iii,iii,,,False,,Wisconsin Lutheran
401675818,2024,5,Northern State,Winona State,,,ii,ii,,,False,,Winona State
401674232,2024,5,Arkansas Tech,Southern Arkansas,,,ii,ii,,,False,,Southern Arkansas
401674403,2024,5,Ouachita Baptist,Arkansas-Monticello,,,ii,ii,,,False,,Arkansas-Monticello
401674413,2024,5,Oklahoma Baptist,East Central,,,ii,ii,,,False,,East Central
401674490,2024,5,Northwestern Oklahoma State,Southeastern Oklahoma,,,ii,ii,,,False,,Southeastern Oklahoma
401674494,2024,5,Southwestern Oklahoma,Southern Nazarene,,,ii,ii,,,False,,Southern Nazarene
401674665,2024,5,Lyon College,Texas Lutheran,,,iii,iii,,,True,,Texas Lutheran
401675461,2024,5,Thomas More,Walsh,,,ii,ii,,,True,,Walsh
401675492,2024,5,North Greenville,Shorter,,,ii,ii,,,False,,Shorter
401675506,2024,5,Valdosta State,West Alabama,,,ii,ii,,,False,,West Alabama
401636390,2024,5,Texas Southern,Jackson State,,,fcs,fcs,,,False,,Jackson State
401654666,2024,5,Tarleton State,Southeastern Louisiana,,,fcs,fcs,,,False,,Southeastern Louisiana
401654847,2024,5,Western Illinois,McKendree,,,fcs,ii,,,False,,McKendree
401632107,2024,5,Central Arkansas,Lamar,,,fcs,fcs,,,False,,Lamar
401636383,2024,5,Prairie View,Grambling,,,fcs,fcs,,,True,,Grambling
401638659,2024,5,Presbyterian College,Davidson,,,fcs,fcs,,,False,,Davidson
401628374,2024,5,Alabama,Georgia,,,fbs,fbs,,,False,,Georgia
401628376,2024,5,LSU,South Alabama,,,fbs,fbs,,,False,,South Alabama
401634049,2024,5,Eastern Washington,Montana,,,fcs,fcs,,,False,,Montana
401655617,2024,5,Weber State,McNeese,,,fcs,fcs,,,False,,McNeese
401643718,2024,5,Wyoming,Air Force,,,fbs,fbs,,,False,,Air Force
401675539,2024,5,Midwestern State,University of Texas of the Permian Basin,,,ii,ii,,,False,,University of Texas of the Permian Basin
401674142,2024,5,Central Oklahoma,Fort Hays State,,,ii,ii,,,False,,Fort Hays State
401674421,2024,5,Harding,Henderson State,,,ii,ii,,,False,,Henderson State
401674984,2024,5,Macalester,St. Olaf College,,,iii,iii,,,False,,St. Olaf College
401675548,2024,5,Texas A&M-Kingsville,Sul Ross State,,,ii,ii,,,False,,Sul Ross State
401675523,2024,5,Central Washington,Western New Mexico,,,ii,ii,,,False,,Western New Mexico
401632103,2024,5,Utah Tech,Abilene Christian,,,fcs,fcs,,,False,,Abilene Christian
401634047,2024,5,UC Davis,Idaho,,,fcs,fcs,,,False,,Idaho
401675926,2024,5,Redlands,Chapman,,,iii,iii,,,False,,Chapman
401676177,2024,5,Cal Lutheran,Claremont,,,iii,iii,,,False,,Claremont
401643797,2024,6,Troy,Texas State,,,fbs,fbs,,,False,,Texas State
401641029,2024,6,UTEP,Sam Houston State,,,fbs,fbs,,,False,,Sam Houston State
401674691,2024,6,Johns Hopkins,Rowan,,,iii,iii,,,False,,Rowan
401674804,2024,6,Juniata,Wilkes,,,iii,iii,,,False,,Wilkes
401674699,2024,6,Muhlenberg,Ursinus,,,iii,iii,,,False,,Ursinus
401674682,2024,6,Gettysburg,McDaniel College,,,iii,iii,,,False,,McDaniel College
401674898,2024,6,Mass Maritime,UMass Dartmouth,,,iii,iii,,,False,,UMass Dartmouth
401641001,2024,6,Kennesaw State,Jacksonville State,,,fbs,fbs,,,False,,Jacksonville State
401644598,2024,6,Harvard,New Hampshire,,,fcs,fcs,,,False,,New Hampshire
401636891,2024,6,TCU,Houston,,,fbs,fbs,,,False,,Houston
401628506,2024,6,Oregon,Michigan State,,,fbs,fbs,,,False,,Michigan State
401634779,2024,6,UNLV,Syracuse,,,fbs,fbs,,,False,,Syracuse
401643799,2024,6,Marshall,Appalachian State,,,fbs,fbs,,,False,,Appalachian State
401643802,2024,6,Southern Mississippi,Louisiana,,,fbs,fbs,,,False,,Louisiana
401644684,2024,6,Toledo,Miami (OH),,,fbs,fbs,,,False,,Miami (OH)
401644740,2024,6,Akron,Bowling Green,,,fbs,fbs,,,False,,Bowling Green
401644741,2024,6,Ball State,Western Michigan,,,fbs,fbs,,,False,,Western Michigan
401645338,2024,6,UAB,Tulane,,,fbs,fbs,,,False,,Tulane
401645339,2024,6,Tulsa,Army,,,fbs,fbs,,,False,,Army
401645340,2024,6,Charlotte,East Carolina,,,fbs,fbs,,,False,,East Carolina
401636356,2024,6,Alcorn State,Arkansas-Pine Bluff,,,fcs,fcs,,,False,,Arkansas-Pine Bluff
401654489,2024,6,Columbia,Princeton,,,fcs,fcs,,,False,,Princeton
401628379,2024,6,Arkansas,Tennessee,,,fbs,fbs,,,False,,Tennessee
401628380,2024,6,Florida,UCF,,,fbs,fbs,,,False,,UCF
401628381,2024,6,Georgia,Auburn,,,fbs,fbs,,,False,,Auburn
401628382,2024,6,South Carolina,Ole Miss,,,fbs,fbs,,,False,,Ole Miss
401628384,2024,6,Vanderbilt,Alabama,,,fbs,fbs,,,False,,Alabama
401628503,2024,6,Northwestern,Indiana,,,fbs,fbs,,,True,,Indiana
401628504,2024,6,Ohio State,Iowa,,,fbs,fbs,,,False,,Iowa
401628505,2024,6,Washington,Michigan,,,fbs,fbs,,,False,,Michigan
401628507,2024,6,Minnesota,USC,,,fbs,fbs,,,False,,USC
401628508,2024,6,Nebraska,Rutgers,,,fbs,fbs,,,False,,Rutgers
401628509,2024,6,Wisconsin,Purdue,,,fbs,fbs,,,False,,Purdue
401628510,2024,6,Penn State,UCLA,,,fbs,fbs,,,False,,UCLA
401629044,2024,6,Northern Illinois,UMass,,,fbs,fbs,,,False,,UMass
401635567,2024,6,Virginia,Boston College,,,fbs,fbs,,,False,,Boston College
401635568,2024,6,California,Miami,,,fbs,fbs,,,False,,Miami
401635569,2024,6,Florida State,Clemson,,,fbs,fbs,,,False,,Clemson
401635570,2024,6,Georgia Tech,Duke,,,fbs,fbs,,,False,,Duke
401635571,2024,6,Louisville,SMU,,,fbs,fbs,,,False,,SMU
401635572,2024,6,North Carolina,Pittsburgh,,,fbs,fbs,,,False,,Pittsburgh
401635573,2024,6,Stanford,Virginia Tech,,,fbs,fbs,,,False,,Virginia Tech
401635638,2024,6,NC State,Wake Forest,,,fbs,fbs,,,False,,Wake Forest
401636887,2024,6,Arizona,Texas Tech,,,fbs,fbs,,,False,,Texas Tech
401636888,2024,6,Arizona State,Kansas,,,fbs,fbs,,,False,,Kansas
401636889,2024,6,Iowa State,Baylor,,,fbs,fbs,,,False,,Baylor
401636890,2024,6,Oklahoma State,West Virginia,,,fbs,fbs,,,False,,West Virginia
401643723,2024,6,Boise State,Utah State,,,fbs,fbs,,,False,,Utah State
401643798,2024,6,Coastal Carolina,Old Dominion,,,fbs,fbs,,,False,,Old Dominion
401643801,2024,6,Louisiana Monroe,James Madison,,,fbs,fbs,,,False,,James Madison
401676210,2024,6,Calvin University,Alma College,,,iii,iii,,,True,,Alma College
401676192,2024,6,Merchant Marine,Salve Regina,,,iii,iii,,,False,,Salve Regina
401675617,2024,6,Tuskegee,Morehouse,,,ii,ii,,,True,,Morehouse
401675604,2024,6,Kentucky State,Lane,,,ii,ii,,,False,,Lane
401675589,2024,6,Clark Atlanta,Savannah State,,,ii,ii,,,False,,Savannah State
401675560,2024,6,Western New Mexico,Western Oregon,,,ii,ii,,,False,,Western Oregon
401675515,2024,6,University of Texas of the Permian Basin,Angelo State,,,ii,ii,,,False,,Angelo State
401674568,2024,6,Michigan Tech,Wayne State (MI),,,ii,ii,,,False,,Wayne State (MI)
401674291,2024,6,Wheeling Jesuit,UNC Pembroke,,,ii,ii,,,False,,UNC Pembroke
401674259,2024,6,Charleston (WV),Glenville State,,,ii,ii,,,False,,Glenville State
401658361,2024,6,Frostburg State,WV Wesleyan,,,ii,ii,,,False,,WV Wesleyan
401676731,2024,6,St. Anselm,Post University,,,ii,ii,,,False,,Post University
401676725,2024,6,New Haven,American International,,,ii,ii,,,False,,American International
401676355,2024,6,Otterbein,Mount Union,,,iii,iii,,,False,,Mount Union
401676350,2024,6,Marietta,Ohio Northern,,,iii,iii,,,False,,Ohio Northern
401676754,2024,6,West Chester,Shippensburg,,,ii,ii,,,False,,Shippensburg
401676758,2024,6,Gallaudet,Nichols,,,iii,iii,,,False,,Nichols
401677474,2024,6,MIT,Coast Guard,,,iii,iii,,,False,,Coast Guard
401682327,2024,6,Pace,Bentley,,,ii,ii,,,False,,Bentley
401673403,2024,6,Alfred State College,Apprentice School,,,iii,iii,,,False,,Apprentice School
401674342,2024,6,Kutztown,Bloomsburg,,,ii,ii,,,False,,Bloomsburg
401674367,2024,6,Millersville,East Stroudsburg,,,ii,ii,,,False,,East Stroudsburg
401674561,2024,6,Davenport,Grand Valley State,,,ii,ii,,,False,,Grand Valley State
401674842,2024,6,Rochester,Rensselaer,,,iii,iii,,,False,,Rensselaer
401674890,2024,6,Framingham State,Fitchburg State,,,iii,iii,,,False,,Fitchburg State
401675450,2024,6,Walsh,Lake Erie College,,,ii,ii,,,False,,Lake Erie College
401675500,2024,6,Shorter,Valdosta State,,,ii,ii,,,False,,Valdosta State
401675964,2024,6,Plymouth State,Western Connecticut State,,,iii,iii,,,False,,Western Connecticut State
401676106,2024,6,Shepherd,Lock Haven,,,ii,ii,,,False,,Lock Haven
401676118,2024,6,Oberlin,Kenyon,,,iii,iii,,,False,,Kenyon
401676226,2024,6,Springfield,Worcester Polytechnic,,,iii,iii,,,False,,Worcester Polytechnic
401676665,2024,6,Hartwick,Utica,,,iii,iii,,,False,,Utica
401654575,2024,6,Yale,Central Connecticut,,,fcs,fcs,,,False,,Central Connecticut
401628646,2024,6,Brown,Bryant,,,fcs,fcs,,,False,,Bryant
401643722,2024,6,Air Force,Navy,,,fbs,fbs,,,False,,Navy
401628383,2024,6,Texas A&M,Missouri,,,fbs,fbs,,,False,,Missouri
401628645,2024,6,Cornell,Albany,,,fcs,fcs,,,False,,Albany
401628640,2024,6,Monmouth,Delaware,,,fcs,fcs,,,False,,Delaware
401674912,2024,6,Albion,Adrian,,,iii,iii,,,False,,Adrian
401674930,2024,6,Hope,Trine,,,iii,iii,,,False,,Trine
401675000,2024,6,Lawrence,Grinnell,,,iii,iii,,,False,,Grinnell
401675279,2024,6,Wooster,Wabash College,,,iii,iii,,,False,,Wabash College
401675380,2024,6,Fayetteville State,Bowie State,,,ii,ii,,,False,,Bowie State
401675407,2024,6,Virginia Union,Winston-Salem,,,ii,ii,,,False,,Winston-Salem
401675420,2024,6,Ashland,Ohio Dominican,,,ii,ii,,,False,,Ohio Dominican
401675435,2024,6,Northwood (MI),Hillsdale,,,ii,ii,,,False,,Hillsdale
401675948,2024,6,Wisconsin-Stevens Point,UW-Stout,,,iii,iii,,,False,,UW-Stout
401676000,2024,6,Southern Virginia,Brevard College,,,iii,iii,,,False,,Brevard College
401676026,2024,6,LaGrange College,Maryville TN,,,iii,iii,,,False,,Maryville TN
401676058,2024,6,St. Norbert,Concordia (WI),,,iii,iii,,,False,,Concordia (WI)
401676158,2024,6,Hamilton,Wesleyan,,,iii,iii,,,False,,Wesleyan
401676186,2024,6,Williams,Bowdoin,,,iii,iii,,,False,,Bowdoin
401676219,2024,6,Norwich,SUNY Maritime,,,iii,iii,,,False,,SUNY Maritime
401676238,2024,6,Kean,William Paterson,,,iii,iii,,,False,,William Paterson
401676257,2024,6,Centre,Trinity (TX),,,iii,iii,,,False,,Trinity (TX)
401676421,2024,6,Westminster PA,Washington & Jefferson,,,iii,iii,,,False,,Washington & Jefferson
401676428,2024,6,Hampden-Sydney,Guilford,,,iii,iii,,,False,,Guilford
401676441,2024,6,Shenandoah,Randolph-Macon,,,iii,iii,,,False,,Randolph-Macon
401676621,2024,6,Allegheny,Case Western Reserve,,,iii,iii,,,False,,Case Western Reserve
401676628,2024,6,Bethany (WV),Grove City College,,,iii,iii,,,False,,Grove City College
401676646,2024,6,St. Vincent,Geneva College,,,iii,iii,,,False,,Geneva College
401676693,2024,6,Shaw,Bluefield,,,ii,ii,,,False,,Bluefield
401676774,2024,6,University of New England,Dean College,,,iii,iii,,,False,,Dean College
401676782,2024,6,Tusculum,Limestone,,,ii,ii,,,False,,Limestone
401676922,2024,6,SUNY Cortland,Morrisville State,,,iii,iii,,,False,,Morrisville State
401677374,2024,6,Brockport State (NY),St. John Fisher,,,iii,iii,,,False,,St. John Fisher
401654472,2024,6,Dartmouth,Pennsylvania,,,fcs,fcs,,,False,,Pennsylvania
401638665,2024,6,Butler,Morehead State,,,fcs,fcs,,,False,,Morehead State
401638664,2024,6,Davidson,Marist,,,fcs,fcs,,,False,,Marist
401638663,2024,6,Valparaiso,Drake,,,fcs,fcs,,,False,,Drake
401654625,2024,6,Fordham,Lafayette,,,fcs,fcs,,,False,,Lafayette
401654589,2024,6,Duquesne,Long Island University,,,fcs,fcs,,,False,,Long Island University
401654551,2024,6,Sacred Heart,Norfolk State,,,fcs,fcs,,,False,,Norfolk State
401654509,2024,6,Delaware State,St Francis (PA),,,fcs,fcs,,,False,,St Francis (PA)
401638667,2024,6,St. Thomas (MN),Stetson,,,fcs,fcs,,,False,,Stetson
401654654,2024,6,Stonehill,Wagner,,,fcs,fcs,,,False,,Wagner
401654637,2024,6,Colgate,Holy Cross,,,fcs,fcs,,,False,,Holy Cross
401654512,2024,6,Morgan State,Lincoln (PA),,,fcs,ii,,,False,,Lincoln (PA)
401677465,2024,6,Mercyhurst,Buffalo State,,,fcs,iii,,,False,,Buffalo State
401673374,2024,6,Carson-Newman,Barton College,,,ii,ii,,,False,,Barton College
401658341,2024,6,Northern Michigan,Saginaw Valley,,,ii,ii,,,False,,Saginaw Valley
401674817,2024,6,Catholic University,Susquehanna,,,iii,iii,,,False,,Susquehanna
401674828,2024,6,Hobart,Ithaca,,,iii,iii,,,False,,Ithaca
401674856,2024,6,St Lawrence,Union,,,iii,iii,,,False,,Union
401674749,2024,6,Alfred,Hilbert College,,,iii,iii,,,False,,Hilbert College
401674792,2024,6,Defiance,Manchester,,,iii,iii,,,False,,Manchester
401674672,2024,6,Franklin & Marshall,Dickinson,,,iii,iii,,,False,,Dickinson
401674382,2024,6,Gannon,Seton Hill College,,,ii,ii,,,False,,Seton Hill College
401674267,2024,6,West Liberty,Concord,,,ii,ii,,,False,,Concord
401673412,2024,6,Keystone,Moravian,,,iii,iii,,,False,,Moravian
401673385,2024,6,Emory & Henry,Lenoir-Rhyne,,,ii,ii,,,False,,Lenoir-Rhyne
401674766,2024,6,Bluffton,Anderson (IN),,,iii,iii,,,False,,Anderson (IN)
401674784,2024,6,Hanover,Mount St. Joseph,,,iii,iii,,,False,,Mount St. Joseph
401676308,2024,6,Capital,Heidelberg,,,iii,iii,,,False,,Heidelberg
401676343,2024,6,Muskingum,John Carroll,,,iii,iii,,,False,,John Carroll
401676166,2024,6,Tufts,Trinity (CT),,,iii,iii,,,False,,Trinity (CT)
401676404,2024,6,Ferrum,Bridgewater (VA),,,iii,iii,,,False,,Bridgewater (VA)
401676708,2024,6,Southern Connecticut State,Assumption,,,ii,ii,,,False,,Assumption
401676795,2024,6,UVA-Wise,Wingate,,,ii,ii,,,False,,Wingate
401677469,2024,6,Amherst College,Middlebury,,,iii,iii,,,False,,Middlebury
401628641,2024,6,Hampton,Rhode Island,,,fcs,fcs,,,False,,Rhode Island
401628642,2024,6,Richmond,North Carolina A&T,,,fcs,fcs,,,False,,North Carolina A&T
401632109,2024,6,West Georgia,Austin Peay,,,fcs,fcs,,,False,,Austin Peay
401633987,2024,6,Lindenwood,Tennessee State,,,fcs,fcs,,,False,,Tennessee State
401634173,2024,6,Youngstown State,Indiana State,,,fcs,fcs,,,False,,Indiana State
401638343,2024,6,The Citadel,Furman,,,fcs,fcs,,,False,,Furman
401674612,2024,6,Loras College,Coe,,,iii,iii,,,False,,Coe
401674595,2024,6,Central,Simpson College,,,iii,iii,,,False,,Simpson College
401674586,2024,6,Nebraska Wesleyan University,Buena Vista,,,iii,iii,,,True,,Buena Vista
401674552,2024,6,Ferris State,Roosevelt,,,ii,ii,,,False,,Roosevelt
401674501,2024,6,William Jewell College,Indianapolis,,,ii,ii,,,True,,Indianapolis
401674428,2024,6,Henderson State,Oklahoma Baptist,,,ii,ii,,,False,,Oklahoma Baptist
401674352,2024,6,Clarion,California (PA),,,ii,ii,,,False,,California (PA)
401674332,2024,6,Winona State,Minnesota St-Moorhead,,,ii,ii,,,False,,Minnesota St-Moorhead
401674322,2024,6,Augustana (SD),Minnesota-Duluth,,,ii,ii,,,False,,Minnesota-Duluth
401674278,2024,6,Fairmont State,West Virginia State,,,ii,ii,,,False,,West Virginia State
401674226,2024,6,Wayne State (NE),Minot State,,,ii,ii,,,False,,Minot State
401674181,2024,6,Southwest Minnesota State,Nebraska-Kearney,,,ii,ii,,,False,,Nebraska-Kearney
401673968,2024,6,Carthage,Elmhurst,,,iii,iii,,,False,,Elmhurst
401673959,2024,6,Carroll (WI),Millikin,,,iii,iii,,,False,,Millikin
401673949,2024,6,Augustana (IL),North Park,,,iii,iii,,,False,,North Park
401673144,2024,6,Chadron State,Adams State,,,ii,ii,,,False,,Adams State
401674630,2024,6,Texas Lutheran,Austin College,,,iii,iii,,,False,,Austin College
401674639,2024,6,Hardin-Simmons,Endicott College,,,iii,iii,,,False,,Endicott College
401674653,2024,6,Mary Hardin-Baylor,East Texas Baptist,,,iii,iii,,,False,,East Texas Baptist
401674727,2024,6,Illinois Wesleyan,Washington (MO),,,iii,iii,,,False,,Washington (MO)
401674738,2024,6,Wheaton College (Ill),North Central,,,iii,iii,,,False,,North Central
401674777,2024,6,Rose-Hulman,Franklin,,,iii,iii,,,False,,Franklin
401674880,2024,6,Castleton State College,Westfield State,,,iii,iii,,,False,,Westfield State
401674934,2024,6,Olivet College,Kalamazoo,,,iii,iii,,,False,,Kalamazoo
401674943,2024,6,St. Johns (MN),Augsburg,,,iii,iii,,,False,,Augsburg
401674952,2024,6,Gustavus Adolphus,Bethel (MN),,,iii,iii,,,False,,Bethel (MN)
401674959,2024,6,Carleton,Concordia (MN),,,iii,iii,,,False,,Concordia (MN)
401674979,2024,6,St. Olaf College,Hamline,,,iii,iii,,,False,,Hamline
401674985,2024,6,St. Scholastica,Macalester,,,iii,iii,,,False,,Macalester
401674994,2024,6,Chicago,Beloit College,,,iii,iii,,,False,,Beloit College
401675287,2024,6,Wittenberg,Denison,,,iii,iii,,,False,,Denison
401675389,2024,6,Johnson C Smith,Virginia State,,,ii,ii,,,False,,Virginia State
401675429,2024,6,Kentucky Wesleyan,Findlay,,,ii,ii,,,False,,Findlay
401675765,2024,6,Anderson (SC),Catawba,,,ii,ii,,,True,,Catawba
401675939,2024,6,UW-Whitewater,UW-Oshkosh,,,iii,iii,,,False,,UW-Oshkosh
401675977,2024,6,Wisconsin-La Crosse,Wisconsin-Platteville,,,iii,iii,,,False,,Wisconsin-Platteville
401675988,2024,6,UW-River Falls,Wisconsin-Eau Claire,,,iii,iii,,,False,,Wisconsin-Eau Claire
401675991,2024,6,Wisconsin Lutheran,Aurora,,,iii,iii,,,False,,Aurora
401676032,2024,6,Lakeland University,Benedictine (IL),,,iii,iii,,,False,,Benedictine (IL)
401676050,2024,6,Huntingdon,Belhaven College,,,iii,iii,,,False,,Belhaven College
401676085,2024,6,Indiana (PA),Slippery Rock,,,ii,ii,,,False,,Slippery Rock
401676102,2024,6,Ohio Wesleyan,DePauw,,,iii,iii,,,False,,DePauw
401676120,2024,6,Westminster,Greenville,,,iii,iii,,,False,,Greenville
401676127,2024,6,Northwestern (MN),Crown College,,,iii,iii,,,False,,Crown College
401676133,2024,6,Martin Luther College,Minnesota-Morris,,,iii,iii,,,False,,Minnesota-Morris
401634153,2024,6,Western Carolina,Wofford,,,fcs,fcs,,,False,,Wofford
401654539,2024,6,Tennessee Tech,South Carolina State,,,fcs,fcs,,,False,,South Carolina State
401676740,2024,6,University of Mary,Concordia-St. Paul,,,ii,ii,,,False,,Concordia-St. Paul
401676741,2024,6,Minnesota State,Sioux Falls,,,ii,ii,,,False,,Sioux Falls
401674143,2024,6,Missouri Southern State,Central Oklahoma,,,ii,ii,,,False,,Central Oklahoma
401638342,2024,6,Samford,VMI,,,fcs,fcs,,,False,,VMI
401633986,2024,6,UT Martin,Gardner-Webb,,,fcs,fcs,,,False,,Gardner-Webb
401633985,2024,6,Eastern Illinois,Southeast Missouri State,,,fcs,fcs,,,False,,Southeast Missouri State
401658352,2024,6,West Alabama,Erskine,,,ii,ii,,,False,,Erskine
401673278,2024,6,Colorado Mesa,Colorado Mines,,,ii,ii,,,False,,Colorado Mines
401673448,2024,6,Monmouth (IL),Illinois College,,,iii,iii,,,False,,Illinois College
401674155,2024,6,Emporia State,Northeastern State,,,ii,ii,,,False,,Northeastern State
401675493,2024,6,Benedict College,North Greenville,,,ii,ii,,,False,,North Greenville
401676252,2024,6,College of New Jersey,Montclair State,,,iii,iii,,,False,,Montclair State
401675024,2024,6,Cornell College (IA),Ripon,,,iii,iii,,,False,,Ripon
401675008,2024,6,Lake Forest,Knox College,,,iii,iii,,,False,,Knox College
401654567,2024,6,Texas Southern,Virginia Lynchburg,,,fcs,,,,False,,Virginia Lynchburg
401674605,2024,6,Dubuque,Luther,,,iii,iii,,,False,,Luther
401674512,2024,6,Lincoln (MO),Lincoln University (CA),,,ii,ii,,,False,,Lincoln University (CA)
401674487,2024,6,Southeastern Oklahoma,Ouachita Baptist,,,ii,ii,,,False,,Ouachita Baptist
401674422,2024,6,Southwestern Oklahoma,Harding,,,ii,ii,,,False,,Harding
401674176,2024,6,Pittsburg State,Missouri Western,,,ii,ii,,,False,,Missouri Western
401636347,2024,6,Alabama State,Florida A&M,,,fcs,fcs,,,False,,Florida A&M
401634193,2024,6,Murray State,South Dakota,,,fcs,fcs,,,False,,South Dakota
401634053,2024,6,Montana,Weber State,,,fcs,fcs,,,False,,Weber State
401674495,2024,6,Southern Arkansas,Southern Nazarene,,,ii,ii,,,False,,Southern Nazarene
401632462,2024,6,East Tennessee State,Chattanooga,,,fcs,fcs,,,False,,Chattanooga
401628643,2024,6,Stony Brook,Villanova,,,fcs,fcs,,,False,,Villanova
401629033,2024,6,Connecticut,Temple,,,fbs,fbs,,,False,,Temple
401674312,2024,6,Northern State,Bemidji State,,,ii,ii,,,False,,Bemidji State
401634201,2024,6,North Dakota State,North Dakota,,,fcs,fcs,,,False,,North Dakota
401676280,2024,6,Lewis & Clark,George Fox University,,,iii,iii,,,False,,George Fox University
401673259,2024,6,Colorado State-Pueblo,New Mexico Highlands,,,ii,ii,,,False,,New Mexico Highlands
401674185,2024,6,Washburn,Northwest Missouri State,,,ii,ii,,,False,,Northwest Missouri State
401674233,2024,6,Northwestern Oklahoma State,Arkansas Tech,,,ii,ii,,,False,,Arkansas Tech
401674404,2024,6,East Central,Arkansas-Monticello,,,ii,ii,,,False,,Arkansas-Monticello
401674519,2024,6,McKendree,Quincy,,,ii,ii,,,False,,Quincy
401674906,2024,6,Bridgewater State,Worcester State College,,,iii,iii,,,False,,Worcester State College
401638666,2024,6,San Diego,Presbyterian College,,,fcs,fcs,,,False,,Presbyterian College
401634055,2024,6,Portland State,UC Davis,,,fcs,fcs,,,False,,UC Davis
401634054,2024,6,Montana State,Northern Colorado,,,fcs,fcs,,,False,,Northern Colorado
401633984,2024,6,Charleston Southern,Western Illinois,,,fcs,fcs,,,False,,Western Illinois
401632117,2024,6,Abilene Christian,Central Arkansas,,,fcs,fcs,,,False,,Central Arkansas
401628647,2024,6,Campbell,North Carolina Central,,,fcs,fcs,,,False,,North Carolina Central
401677680,2024,6,Puget Sound,Pacific (OR),,,iii,iii,,,False,,Pacific (OR)
401675462,2024,6,Tiffin,Thomas More,,,ii,ii,,,False,,Thomas More
401675596,2024,6,Edward Waters,Fort Valley State,,,ii,ii,,,False,,Fort Valley State
401675807,2024,6,Livingstone,Elizabeth City State,,,ii,ii,,,False,,Elizabeth City State
401676316,2024,6,Pacific Lutheran,Whitworth,,,iii,iii,,,False,,Whitworth
401675487,2024,6,West Florida,Mississippi College,,,ii,ii,,,True,,Mississippi College
401676396,2024,6,Washington & Lee,Averett,,,iii,iii,,,False,,Averett
401675611,2024,6,Miles,Central State,,,ii,ii,,,False,,Central State
401632108,2024,6,North Alabama,Utah Tech,,,fcs,fcs,,,False,,Utah Tech
401634052,2024,6,Idaho,Northern Arizona,,,fcs,fcs,,,False,,Northern Arizona
401634216,2024,6,Northern Iowa,South Dakota State,,,fcs,fcs,,,False,,South Dakota State
401634253,2024,6,Jackson State,Alabama A&M,,,fcs,fcs,,,True,,Alabama A&M
401676416,2024,6,Berry College,Southwestern University,,,iii,iii,,,False,,Southwestern University
401676301,2024,6,Rhodes,Hendrix College,,,iii,iii,,,False,,Hendrix College
401676230,2024,6,Salisbury,Christopher Newport,,,iii,iii,,,False,,Christopher Newport
401676010,2024,6,NC Wesleyan,Methodist,,,iii,iii,,,False,,Methodist
401628644,2024,6,Towson,William & Mary,,,fcs,fcs,,,False,,William & Mary
401643724,2024,6,Oregon State,Colorado State,,,fbs,fbs,,,False,,Colorado State
401676149,2024,6,Colby,Bates College,,,iii,iii,,,False,,Bates College
401675470,2024,6,Delta State,Chowan,,,ii,ii,,,False,,Chowan
401674540,2024,6,Upper Iowa,Truman State,,,ii,ii,,,False,,Truman State
401673154,2024,6,South Dakota Mines,Black Hills State,,,ii,ii,,,False,,Black Hills State
401674529,2024,6,Missouri S&T,Southwest Baptist,,,ii,ii,,,False,,Southwest Baptist
401675564,2024,6,Allen,Albany State (GA),,,ii,ii,,,False,,Albany State (GA)
401676786,2024,6,Newberry,Mars Hill,,,ii,ii,,,False,,Mars Hill
401676764,2024,6,Anna Maria College,Western New England,,,iii,iii,,,False,,Western New England
401676435,2024,6,Carnegie Mellon,Waynesburg,,,iii,iii,,,False,,Waynesburg
401676287,2024,6,Willamette,Linfield,,,iii,iii,,,False,,Linfield
401676202,2024,6,Centenary,Lyon College,,,iii,iii,,,True,,Lyon College
401634031,2024,6,Houston Christian,McNeese,,,fcs,fcs,,,False,,McNeese
401634038,2024,6,Southeastern Louisiana,Texas A&M-Commerce,,,fcs,fcs,,,False,,Texas A&M-Commerce
401634162,2024,6,Southern Illinois,Illinois State,,,fcs,fcs,,,False,,Illinois State
401638361,2024,6,Incarnate Word,Prairie View,,,fcs,fcs,,,False,,Prairie View
401654560,2024,6,Southern,Nicholls,,,fcs,fcs,,,False,,Nicholls
401643800,2024,6,Arkansas State,South Alabama,,,fbs,fbs,,,False,,South Alabama
401643726,2024,6,San José State,Nevada,,,fbs,fbs,,,False,,Nevada
401676038,2024,6,Eureka College,Concordia (IL),,,iii,iii,,,False,,Concordia (IL)
401632112,2024,6,Southern Utah,Tarleton State,,,fcs,fcs,,,False,,Tarleton State
401634051,2024,6,Cal Poly,Idaho State,,,fcs,fcs,,,False,,Idaho State
401643725,2024,6,San Diego State,Hawai'i,,,fbs,fbs,,,False,,Hawai'i
401674113,2024,6,Fort Hays State,Central Missouri State,,,ii,ii,,,False,,Central Missouri State
401675540,2024,6,Texas A&M-Kingsville,Midwestern State,,,ii,ii,,,False,,Midwestern State
401675117,2024,6,Stephen F. Austin,Northwestern State,,,fcs,fcs,,,False,,Northwestern State
401673243,2024,6,Western State,Fort Lewis,,,ii,ii,,,False,,Fort Lewis
401675524,2024,6,Eastern New Mexico,Central Washington,,,ii,ii,,,False,,Central Washington
401675934,2024,6,Pomona-Pitzer,Claremont,,,iii,iii,,,False,,Claremont
401675927,2024,6,Redlands,La Verne,,,iii,iii,,,False,,La Verne
401676178,2024,6,Chapman,Cal Lutheran,,,iii,iii,,,False,,Cal Lutheran
401640982,2024,7,Liberty,Florida International,,,fbs,fbs,,,False,,Florida International
401641002,2024,7,Jacksonville State,New Mexico State,,,fbs,fbs,,,False,,New Mexico State
401674479,2024,7,Oklahoma Baptist,Southern Arkansas,,,ii,ii,,,False,,Southern Arkansas
401643803,2024,7,James Madison,Coastal Carolina,,,fbs,fbs,,,False,,Coastal Carolina
401641009,2024,7,Louisiana Tech,Middle Tennessee,,,fbs,fbs,,,False,,Middle Tennessee
401641030,2024,7,Western Kentucky,UTEP,,,fbs,fbs,,,False,,UTEP
401682361,2024,7,Eureka College,Lakeland University,,,iii,iii,,,False,,Lakeland University
401644599,2024,7,Cornell,Harvard,,,fcs,fcs,,,False,,Harvard
401674683,2024,7,Gettysburg,Johns Hopkins,,,iii,iii,,,False,,Johns Hopkins
401645341,2024,7,South Florida,Memphis,,,fbs,fbs,,,False,,Memphis
401628513,2024,7,Maryland,Northwestern,,,fbs,fbs,,,False,,Northwestern
401643733,2024,7,Utah State,UNLV,,,fbs,fbs,,,False,,UNLV
401636357,2024,7,Arkansas-Pine Bluff,Prairie View,,,fcs,fcs,,,False,,Prairie View
401636892,2024,7,Arizona State,Utah,,,fbs,fbs,,,False,,Utah
401644685,2024,7,Eastern Michigan,Miami (OH),,,fbs,fbs,,,False,,Miami (OH)
401674569,2024,7,Michigan Tech,Davenport,,,ii,ii,,,False,,Davenport
401674513,2024,7,Northeastern State,Lincoln (MO),,,ii,ii,,,False,,Lincoln (MO)
401674502,2024,7,Indianapolis,Quincy,,,ii,ii,,,False,,Quincy
401674353,2024,7,Seton Hill College,California (PA),,,ii,ii,,,False,,California (PA)
401674323,2024,7,Minnesota-Duluth,Northern State,,,ii,ii,,,False,,Northern State
401674292,2024,7,UNC Pembroke,West Liberty,,,ii,ii,,,False,,West Liberty
401674260,2024,7,Charleston (WV),Wheeling Jesuit,,,ii,ii,,,False,,Wheeling Jesuit
401674156,2024,7,Missouri Southern State,Emporia State,,,ii,ii,,,False,,Emporia State
401674114,2024,7,Central Missouri State,Missouri Western,,,ii,ii,,,False,,Missouri Western
401658362,2024,7,Glenville State,Frostburg State,,,ii,ii,,,False,,Frostburg State
401658342,2024,7,Roosevelt,Saginaw Valley,,,ii,ii,,,True,,Saginaw Valley
401645344,2024,7,Rice,UT San Antonio,,,fbs,fbs,,,False,,UT San Antonio
401645343,2024,7,Florida Atlantic,North Texas,,,fbs,fbs,,,False,,North Texas
401644746,2024,7,Central Michigan,Ohio,,,fbs,fbs,,,False,,Ohio
401644745,2024,7,Buffalo,Toledo,,,fbs,fbs,,,False,,Toledo
401644744,2024,7,Bowling Green,Northern Illinois,,,fbs,fbs,,,False,,Northern Illinois
401644743,2024,7,Kent State,Ball State,,,fbs,fbs,,,False,,Ball State
401644742,2024,7,Western Michigan,Akron,,,fbs,fbs,,,False,,Akron
401643808,2024,7,Texas State,Arkansas State,,,fbs,fbs,,,False,,Arkansas State
401643807,2024,7,Louisiana Monroe,Southern Mississippi,,,fbs,fbs,,,False,,Southern Mississippi
401643806,2024,7,Louisiana,Appalachian State,,,fbs,fbs,,,False,,Appalachian State
401643805,2024,7,Georgia State,Old Dominion,,,fbs,fbs,,,False,,Old Dominion
401643804,2024,7,Georgia Southern,Marshall,,,fbs,fbs,,,False,,Marshall
401643730,2024,7,Fresno State,Washington State,,,fbs,fbs,,,False,,Washington State
401636896,2024,7,West Virginia,Iowa State,,,fbs,fbs,,,False,,Iowa State
401636895,2024,7,UCF,Cincinnati,,,fbs,fbs,,,False,,Cincinnati
401636894,2024,7,Colorado,Kansas State,,,fbs,fbs,,,False,,Kansas State
401636893,2024,7,BYU,Arizona,,,fbs,fbs,,,False,,Arizona
401635578,2024,7,Virginia,Louisville,,,fbs,fbs,,,False,,Louisville
401635577,2024,7,North Carolina,Georgia Tech,,,fbs,fbs,,,False,,Georgia Tech
401635576,2024,7,Wake Forest,Clemson,,,fbs,fbs,,,False,,Clemson
401635575,2024,7,Pittsburgh,California,,,fbs,fbs,,,False,,California
401635574,2024,7,NC State,Syracuse,,,fbs,fbs,,,False,,Syracuse
401628517,2024,7,Rutgers,Wisconsin,,,fbs,fbs,,,False,,Wisconsin
401628516,2024,7,USC,Penn State,,,fbs,fbs,,,False,,Penn State
401628515,2024,7,Oregon,Ohio State,,,fbs,fbs,,,False,,Ohio State
401628514,2024,7,UCLA,Minnesota,,,fbs,fbs,,,False,,Minnesota
401628512,2024,7,Iowa,Washington,,,fbs,fbs,,,False,,Washington
401628511,2024,7,Illinois,Purdue,,,fbs,fbs,,,False,,Purdue
401628391,2024,7,Tennessee,Florida,,,fbs,fbs,,,False,,Florida
401628389,2024,7,UMass,Missouri,,,fbs,fbs,,,False,,Missouri
401628388,2024,7,LSU,Ole Miss,,,fbs,fbs,,,False,,Ole Miss
401628387,2024,7,Kentucky,Vanderbilt,,,fbs,fbs,,,False,,Vanderbilt
401628386,2024,7,Georgia,Mississippi State,,,fbs,fbs,,,False,,Mississippi State
401638668,2024,7,Drake,Butler,,,fcs,fcs,,,False,,Butler
401634254,2024,7,Alabama A&M,Bethune-Cookman,,,fcs,fcs,,,False,,Bethune-Cookman
401676717,2024,7,American International,Franklin Pierce,,,ii,ii,,,False,,Franklin Pierce
401676694,2024,7,Winston-Salem,Shaw,,,ii,ii,,,False,,Shaw
401676294,2024,7,Madonna University,Olivet College,,,,iii,,,True,,Olivet College
401676150,2024,7,Bates College,Tufts,,,iii,iii,,,False,,Tufts
401675582,2024,7,Kentucky State,Benedict College,,,ii,ii,,,False,,Benedict College
401675574,2024,7,Fort Valley State,Allen,,,ii,ii,,,False,,Allen
401675541,2024,7,Midwestern State,Sul Ross State,,,ii,ii,,,False,,Sul Ross State
401676751,2024,7,West Chester,Shepherd,,,ii,ii,,,False,,Shepherd
401673413,2024,7,Moravian,Catholic University,,,iii,iii,,,False,,Catholic University
401673404,2024,7,Curry,Alfred State College,,,iii,iii,,,False,,Alfred State College
401654596,2024,7,Long Island University,Stonehill,,,fcs,fcs,,,True,,Stonehill
401654590,2024,7,St Francis (PA),Duquesne,,,fcs,fcs,,,False,,Duquesne
401654576,2024,7,Central Connecticut,Mercyhurst,,,fcs,fcs,,,False,,Mercyhurst
401654490,2024,7,Wagner,Columbia,,,fcs,fcs,,,False,,Columbia
401654473,2024,7,Yale,Dartmouth,,,fcs,fcs,,,False,,Dartmouth
401638671,2024,7,Marist,St. Thomas (MN),,,fcs,fcs,,,False,,St. Thomas (MN)
401676921,2024,7,Morrisville State,Alfred,,,iii,iii,,,False,,Alfred
401677404,2024,7,Hilbert College,St. John Fisher,,,iii,iii,,,True,,St. John Fisher
401674715,2024,7,Dean College,Husson,,,iii,iii,,,False,,Husson
401645342,2024,7,Army,UAB,,,fbs,fbs,,,False,,UAB
401674811,2024,7,Wilkes,Lycoming,,,iii,iii,,,False,,Lycoming
401674850,2024,7,Rensselaer,St Lawrence,,,iii,iii,,,False,,St Lawrence
401638669,2024,7,Dayton,Davidson,,,fcs,fcs,,,False,,Davidson
401676193,2024,7,MIT,Merchant Marine,,,iii,iii,,,False,,Merchant Marine
401676128,2024,7,Greenville,Northwestern (MN),,,iii,iii,,,False,,Northwestern (MN)
401676655,2024,7,Eastern University,King's College (PA),,,iii,iii,,,True,,King's College (PA)
401676709,2024,7,Assumption,Bentley,,,ii,ii,,,False,,Bentley
401676732,2024,7,Post University,Southern Connecticut State,,,ii,ii,,,True,,Southern Connecticut State
401674866,2024,7,Albright,Misericordia,,,iii,iii,,,False,,Misericordia
401676738,2024,7,Pace,St. Anselm,,,ii,ii,,,False,,St. Anselm
401675421,2024,7,Findlay,Ashland,,,ii,ii,,,False,,Ashland
401675455,2024,7,Thomas More,Northwood (MI),,,ii,ii,,,True,,Northwood (MI)
401675464,2024,7,Tiffin,Ohio Dominican,,,ii,ii,,,False,,Ohio Dominican
401676011,2024,7,NC Wesleyan,LaGrange College,,,iii,iii,,,False,,LaGrange College
401676095,2024,7,Kutztown,Lock Haven,,,ii,ii,,,False,,Lock Haven
401628385,2024,7,Alabama,South Carolina,,,fbs,fbs,,,False,,South Carolina
401654626,2024,7,Lafayette,Georgetown,,,fcs,fcs,,,False,,Georgetown
401677470,2024,7,Amherst College,Bowdoin,,,iii,iii,,,False,,Bowdoin
401676253,2024,7,Rowan,College of New Jersey,,,iii,iii,,,False,,College of New Jersey
401676258,2024,7,Trinity (TX),Sewanee Univ. of the South,,,iii,iii,,,False,,Sewanee Univ. of the South
401676370,2024,7,Hendrix College,Berry College,,,iii,iii,,,False,,Berry College
401676410,2024,7,Shenandoah,Ferrum,,,iii,iii,,,False,,Ferrum
401676429,2024,7,Washington & Lee,Hampden-Sydney,,,iii,iii,,,False,,Hampden-Sydney
401676442,2024,7,Randolph-Macon,Guilford,,,iii,iii,,,False,,Guilford
401676622,2024,7,Thiel College,Allegheny,,,iii,iii,,,False,,Allegheny
401676647,2024,7,Washington & Jefferson,Geneva College,,,iii,iii,,,False,,Geneva College
401677375,2024,7,Hartwick,Brockport State (NY),,,iii,iii,,,False,,Brockport State (NY)
401676779,2024,7,Lenoir-Rhyne,Newberry,,,ii,ii,,,False,,Newberry
401693676,2024,7,Lincoln (PA),Bluefield,,,ii,ii,,,False,,Bluefield
401673031,2024,7,Howard,Sacred Heart,,,fcs,fcs,,,False,,Sacred Heart
401654651,2024,7,Pennsylvania,Bucknell,,,fcs,fcs,,,False,,Bucknell
401654638,2024,7,Holy Cross,Fordham,,,fcs,fcs,,,False,,Fordham
401638672,2024,7,Stetson,Valparaiso,,,fcs,fcs,,,False,,Valparaiso
401634174,2024,7,Indiana State,Murray State,,,fcs,fcs,,,False,,Murray State
401634163,2024,7,Illinois State,Missouri State,,,fcs,fcs,,,False,,Missouri State
401628653,2024,7,Rhode Island,Brown,,,fcs,fcs,,,False,,Brown
401628650,2024,7,Delaware,Maine,,,fcs,fcs,,,False,,Maine
401628649,2024,7,Bryant,Albany,,,fcs,fcs,,,False,,Albany
401673375,2024,7,Mars Hill,Carson-Newman,,,ii,ii,,,False,,Carson-Newman
401673422,2024,7,Lebanon Valley,Delaware Valley,,,iii,iii,,,False,,Delaware Valley
401673432,2024,7,Alvernia University,FDU-Florham,,,iii,iii,,,False,,FDU-Florham
401674268,2024,7,West Virginia State,Concord,,,ii,ii,,,False,,Concord
401674279,2024,7,WV Wesleyan,Fairmont State,,,ii,ii,,,False,,Fairmont State
401674333,2024,7,Minnesota St-Moorhead,Minnesota State,,,ii,ii,,,False,,Minnesota State
401674383,2024,7,Slippery Rock,Gannon,,,ii,ii,,,False,,Gannon
401674414,2024,7,Ouachita Baptist,East Central,,,ii,ii,,,False,,East Central
401675955,2024,7,Wisconsin-Eau Claire,Wisconsin-Stevens Point,,,iii,iii,,,False,,Wisconsin-Stevens Point
401676001,2024,7,Belhaven College,Southern Virginia,,,iii,iii,,,False,,Southern Virginia
401676111,2024,7,Hiram,Kenyon,,,iii,iii,,,False,,Kenyon
401676121,2024,7,Minnesota-Morris,Westminster,,,iii,iii,,,False,,Westminster
401676171,2024,7,Wesleyan,Colby,,,iii,iii,,,False,,Colby
401676245,2024,7,William Paterson,Salisbury,,,iii,iii,,,False,,Salisbury
401678582,2024,7,Ursinus,Franklin & Marshall,,,iii,iii,,,False,,Franklin & Marshall
401677401,2024,7,Apprentice School,Maine Maritime,,,iii,iii,,,False,,Maine Maritime
401674673,2024,7,Christopher Newport,Dickinson,,,iii,iii,,,False,,Dickinson
401674758,2024,7,Utica,SUNY Cortland,,,iii,iii,,,False,,SUNY Cortland
401674818,2024,7,Susquehanna,Keystone,,,iii,iii,,,False,,Keystone
401674835,2024,7,Ithaca,Rochester,,,iii,iii,,,False,,Rochester
401674872,2024,7,Widener,Stevenson,,,iii,iii,,,False,,Stevenson
401674944,2024,7,Augsburg,Hamline,,,iii,iii,,,False,,Hamline
401675015,2024,7,Lawrence,Lake Forest,,,iii,iii,,,False,,Lake Forest
401675408,2024,7,Virginia Union,Elizabeth City State,,,ii,ii,,,False,,Elizabeth City State
401675471,2024,7,Chowan,Shorter,,,ii,ii,,,False,,Shorter
401675590,2024,7,Central State,Clark Atlanta,,,ii,ii,,,False,,Clark Atlanta
401675940,2024,7,UW-Stout,UW-Whitewater,,,iii,iii,,,False,,UW-Whitewater
401676362,2024,7,Ohio Northern,Muskingum,,,iii,iii,,,False,,Muskingum
401676356,2024,7,Mount Union,Wilmington (OH),,,iii,iii,,,False,,Wilmington (OH)
401676309,2024,7,John Carroll,Capital,,,iii,iii,,,False,,Capital
401676274,2024,7,Baldwin-Wallace,Otterbein,,,iii,iii,,,False,,Otterbein
401676159,2024,7,Trinity (CT),Hamilton,,,iii,iii,,,False,,Hamilton
401674767,2024,7,Manchester,Bluffton,,,iii,iii,,,False,,Bluffton
401634154,2024,7,Wofford,VMI,,,fcs,fcs,,,False,,VMI
401678696,2024,7,Anderson (IN),Mount St. Joseph,,,iii,iii,,,False,,Mount St. Joseph
401673969,2024,7,Washington (MO),Carthage,,,iii,iii,,,False,,Carthage
401632463,2024,7,Furman,Chattanooga,,,fcs,fcs,,,False,,Chattanooga
401628652,2024,7,Norfolk State,Towson,,,fcs,fcs,,,False,,Towson
401628651,2024,7,Elon,New Hampshire,,,fcs,fcs,,,False,,New Hampshire
401675001,2024,7,Grinnell,Monmouth,,,iii,fcs,,,False,,Monmouth
401654555,2024,7,North Carolina Central,Virginia Lynchburg,,,fcs,,,,False,,Virginia Lynchburg
401674343,2024,7,Bloomsburg,East Stroudsburg,,,ii,ii,,,False,,East Stroudsburg
401673960,2024,7,North Park,Carroll (WI),,,iii,iii,,,False,,Carroll (WI)
401673950,2024,7,Augustana (IL),Elmhurst,,,iii,iii,,,False,,Elmhurst
401673386,2024,7,Tusculum,Emory & Henry,,,ii,ii,,,False,,Emory & Henry
401673260,2024,7,New Mexico Highlands,Chadron State,,,ii,ii,,,False,,Chadron State
401673253,2024,7,Colorado Mines,South Dakota Mines,,,ii,ii,,,False,,South Dakota Mines
401638670,2024,7,Morehead State,Presbyterian College,,,fcs,fcs,,,False,,Presbyterian College
401633988,2024,7,Lindenwood,Charleston Southern,,,fcs,fcs,,,False,,Charleston Southern
401675978,2024,7,Wisconsin-Platteville,UW-River Falls,,,iii,iii,,,False,,UW-River Falls
401675982,2024,7,UW-Oshkosh,Wisconsin-La Crosse,,,iii,iii,,,False,,Wisconsin-La Crosse
401675992,2024,7,Concordia (WI),Aurora,,,iii,iii,,,False,,Aurora
401676019,2024,7,Methodist,Huntingdon,,,iii,iii,,,False,,Huntingdon
401676114,2024,7,Millersville,Shippensburg,,,ii,ii,,,False,,Shippensburg
401676137,2024,7,Crown College,Martin Luther College,,,iii,iii,,,False,,Martin Luther College
401676187,2024,7,Middlebury,Williams,,,iii,iii,,,False,,Williams
401676302,2024,7,Southwestern University,Rhodes,,,iii,iii,,,False,,Rhodes
401676337,2024,7,Heidelberg,Marietta,,,iii,iii,,,False,,Marietta
401676397,2024,7,Bridgewater (VA),Averett,,,iii,iii,,,False,,Averett
401676636,2024,7,Grove City College,Carnegie Mellon,,,iii,iii,,,False,,Carnegie Mellon
401677462,2024,7,St. Xavier (IL),Defiance,,,,iii,,,True,,Defiance
401689233,2024,7,Grinnell,Monmouth (IL),,,iii,iii,,,False,,Monmouth (IL)
401674596,2024,7,Coe,Central,,,iii,iii,,,False,,Central
401675565,2024,7,Miles,Albany State (GA),,,ii,ii,,,False,,Albany State (GA)
401674631,2024,7,Lyon College,Austin College,,,iii,iii,,,True,,Austin College
401674375,2024,7,Edinboro,Indiana (PA),,,ii,ii,,,False,,Indiana (PA)
401674619,2024,7,Simpson College,Nebraska Wesleyan University,,,iii,iii,,,False,,Nebraska Wesleyan University
401674613,2024,7,Luther,Loras College,,,iii,iii,,,False,,Loras College
401674520,2024,7,McKendree,Southwest Baptist,,,ii,ii,,,False,,Southwest Baptist
401675413,2024,7,Livingstone,Fayetteville State,,,ii,ii,,,False,,Fayetteville State
401674587,2024,7,Buena Vista,Wartburg,,,iii,iii,,,False,,Wartburg
401674545,2024,7,Upper Iowa,William Jewell College,,,ii,ii,,,False,,William Jewell College
401675774,2024,7,UVA-Wise,Anderson (SC),,,ii,ii,,,False,,Anderson (SC)
401675837,2024,7,Sioux Falls,Concordia-St. Paul,,,ii,ii,,,False,,Concordia-St. Paul
401674649,2024,7,East Texas Baptist,Howard Payne,,,iii,iii,,,False,,Howard Payne
401674700,2024,7,McDaniel College,Muhlenberg,,,iii,iii,,,False,,Muhlenberg
401674728,2024,7,Wheaton College (Ill),Illinois Wesleyan,,,iii,iii,,,False,,Illinois Wesleyan
401674733,2024,7,Millikin,North Central,,,iii,iii,,,False,,North Central
401674785,2024,7,Hanover,Rose-Hulman,,,iii,iii,,,False,,Rose-Hulman
401674953,2024,7,Bethel (MN),Macalester,,,iii,iii,,,False,,Macalester
401674960,2024,7,St. Olaf College,Carleton,,,iii,iii,,,False,,Carleton
401674967,2024,7,Concordia (MN),St. Johns (MN),,,iii,iii,,,False,,St. Johns (MN)
401674973,2024,7,Gustavus Adolphus,St. Scholastica,,,iii,iii,,,False,,St. Scholastica
401675030,2024,7,Concordia (IL),Rockford,,,iii,iii,,,False,,Rockford
401674640,2024,7,Mary Hardin-Baylor,Hardin-Simmons,,,iii,iii,,,False,,Hardin-Simmons
401675037,2024,7,Beloit College,Cornell College (IA),,,iii,iii,,,False,,Cornell College (IA)
401675381,2024,7,Virginia State,Bowie State,,,ii,ii,,,False,,Bowie State
401676363,2024,7,Millsaps,Centre,,,iii,iii,,,False,,Centre
401638344,2024,7,Western Carolina,The Citadel,,,fcs,fcs,,,False,,The Citadel
401634208,2024,7,Southern Illinois,North Dakota State,,,fcs,fcs,,,False,,North Dakota State
401654499,2024,7,Robert Morris,Delaware State,,,fcs,fcs,,,False,,Delaware State
401636384,2024,7,Grambling,Alcorn State,,,fcs,fcs,,,False,,Alcorn State
401636348,2024,7,Alabama State,Mississippi Valley State,,,fcs,fcs,,,False,,Mississippi Valley State
401634217,2024,7,South Dakota State,Youngstown State,,,fcs,fcs,,,False,,Youngstown State
401634030,2024,7,Northwestern State,Texas A&M-Commerce,,,fcs,fcs,,,False,,Texas A&M-Commerce
401654513,2024,7,Morgan State,Merrimack,,,fcs,fcs,,,False,,Merrimack
401654564,2024,7,South Dakota,Northern Iowa,,,fcs,fcs,,,False,,Northern Iowa
401675116,2024,7,Houston Christian,Southeastern Louisiana,,,fcs,fcs,,,False,,Southeastern Louisiana
401674227,2024,7,Minot State,Augustana (SD),,,ii,ii,,,False,,Augustana (SD)
401674182,2024,7,Nebraska-Kearney,Pittsburg State,,,ii,ii,,,False,,Pittsburg State
401674144,2024,7,Central Oklahoma,Northwest Missouri State,,,ii,ii,,,False,,Northwest Missouri State
401673155,2024,7,Black Hills State,Western State,,,ii,ii,,,False,,Western State
401673145,2024,7,Adams State,Colorado Mesa,,,ii,ii,,,False,,Colorado Mesa
401676071,2024,7,Benedictine (IL),St. Norbert,,,iii,iii,,,False,,St. Norbert
401675825,2024,7,Winona State,University of Mary,,,ii,ii,,,False,,University of Mary
401675757,2024,7,Wingate,Barton College,,,ii,ii,,,False,,Barton College
401675608,2024,7,Lane,Tuskegee,,,ii,ii,,,False,,Tuskegee
401675488,2024,7,Mississippi College,West Alabama,,,ii,ii,,,False,,West Alabama
401674829,2024,7,Buffalo State,Hobart,,,iii,iii,,,False,,Hobart
401674429,2024,7,Southern Nazarene,Henderson State,,,ii,ii,,,False,,Henderson State
401674405,2024,7,Arkansas-Monticello,Southeastern Oklahoma,,,ii,ii,,,False,,Southeastern Oklahoma
401674423,2024,7,Harding,Northwestern Oklahoma State,,,ii,ii,,,False,,Northwestern Oklahoma State
401628390,2024,7,Oklahoma,Texas,,,fbs,fbs,,,True,,Texas
401628981,2024,7,Notre Dame,Stanford,,,fbs,fbs,,,False,,Stanford
401643732,2024,7,Wyoming,San Diego State,,,fbs,fbs,,,False,,San Diego State
401634147,2024,7,Mercer,Princeton,,,fcs,fcs,,,False,,Princeton
401634137,2024,7,East Tennessee State,Samford,,,fcs,fcs,,,False,,Samford
401633990,2024,7,Southeast Missouri State,Tennessee Tech,,,fcs,fcs,,,False,,Tennessee Tech
401633991,2024,7,Western Illinois,UT Martin,,,fcs,fcs,,,False,,UT Martin
401634099,2024,7,Montana,Northern Arizona,,,fcs,fcs,,,False,,Northern Arizona
401675118,2024,7,Lamar,Stephen F. Austin,,,fcs,fcs,,,False,,Stephen F. Austin
401678917,2024,7,Southern Utah,Eastern Kentucky,,,fcs,fcs,,,False,,Eastern Kentucky
401676288,2024,7,Linfield,Lewis & Clark,,,iii,iii,,,False,,Lewis & Clark
401673266,2024,7,Fort Lewis,Colorado State-Pueblo,,,ii,ii,,,False,,Colorado State-Pueblo
401675436,2024,7,Hillsdale,Walsh,,,ii,ii,,,False,,Walsh
401676199,2024,7,Claremont,Chapman,,,iii,iii,,,False,,Chapman
401676281,2024,7,George Fox University,Puget Sound,,,iii,iii,,,False,,Puget Sound
401676317,2024,7,Pacific (OR),Pacific Lutheran,,,iii,iii,,,False,,Pacific Lutheran
401676322,2024,7,Whitworth,Willamette,,,iii,iii,,,False,,Willamette
401675532,2024,7,Western Oregon,Eastern New Mexico,,,ii,ii,,,False,,Eastern New Mexico
401676422,2024,7,Bethany (WV),Westminster PA,,,iii,iii,,,False,,Westminster PA
401643729,2024,7,Colorado State,San José State,,,fbs,fbs,,,False,,San José State
401632136,2024,7,Central Arkansas,West Georgia,,,fcs,fcs,,,False,,West Georgia
401675479,2024,7,West Florida,Delta State,,,ii,ii,,,True,,Delta State
401674234,2024,7,Arkansas Tech,Southwestern Oklahoma,,,ii,ii,,,False,,Southwestern Oklahoma
401675444,2024,7,Kentucky Wesleyan,Lake Erie College,,,ii,ii,,,False,,Lake Erie College
401676055,2024,7,Brevard College,Greensboro,,,iii,iii,,,False,,Greensboro
401675842,2024,7,Southwest Minnesota State,Wayne State (NE),,,ii,ii,,,False,,Wayne State (NE)
401675766,2024,7,Catawba,Limestone,,,ii,ii,,,False,,Limestone
401675616,2024,7,Savannah State,Lincoln University (CA),,,ii,ii,,,False,,Lincoln University (CA)
401674553,2024,7,Wayne State (MI),Ferris State,,,ii,ii,,,False,,Ferris State
401674659,2024,7,Centenary,McMurry,,,iii,iii,,,True,,McMurry
401676239,2024,7,Montclair State,Kean,,,iii,iii,,,False,,Kean
401634058,2024,7,Idaho State,Portland State,,,fcs,fcs,,,False,,Portland State
401633989,2024,7,Tennessee State,Eastern Illinois,,,fcs,fcs,,,False,,Eastern Illinois
401634056,2024,7,UC Davis,Cal Poly,,,fcs,fcs,,,False,,Cal Poly
401654547,2024,7,Texas Southern,Southern,,,fcs,fcs,,,False,,Southern
401632113,2024,7,North Alabama,Abilene Christian,,,fcs,fcs,,,False,,Abilene Christian
401632114,2024,7,Tarleton State,Utah Tech,,,fcs,fcs,,,False,,Utah Tech
401634019,2024,7,Incarnate Word,Nicholls,,,fcs,fcs,,,False,,Nicholls
401674530,2024,7,Truman State,Missouri S&T,,,ii,ii,,,False,,Missouri S&T
401674562,2024,7,Grand Valley State,Northern Michigan,,,ii,ii,,,False,,Northern Michigan
401675009,2024,7,Ripon,Knox College,,,iii,iii,,,False,,Knox College
401675280,2024,7,Wooster,Denison,,,iii,iii,,,False,,Denison
401675288,2024,7,Wittenberg,Ohio Wesleyan,,,iii,iii,,,False,,Ohio Wesleyan
401675494,2024,7,North Greenville,Valdosta State,,,ii,ii,,,False,,Valdosta State
401675516,2024,7,Angelo State,Texas A&M-Kingsville,,,ii,ii,,,False,,Texas A&M-Kingsville
401676640,2024,7,Case Western Reserve,St. Vincent,,,iii,iii,,,False,,St. Vincent
401673449,2024,7,Illinois College,Chicago,,,iii,iii,,,False,,Chicago
401643731,2024,7,Nevada,Oregon State,,,fbs,fbs,,,False,,Oregon State
401634101,2024,7,Weber State,Northern Colorado,,,fcs,fcs,,,False,,Northern Colorado
401643727,2024,7,New Mexico,Air Force,,,fbs,fbs,,,False,,Air Force
401675559,2024,7,West Texas A&M,Western New Mexico,,,ii,ii,,,False,,Western New Mexico
401674163,2024,7,Fort Hays State,Washburn,,,ii,ii,,,False,,Washburn
401675525,2024,7,Central Washington,University of Texas of the Permian Basin,,,ii,ii,,,False,,University of Texas of the Permian Basin
401634057,2024,7,Sacramento State,Eastern Washington,,,fcs,fcs,,,False,,Eastern Washington
401675928,2024,7,Pomona-Pitzer,Redlands,,,iii,iii,,,False,,Redlands
401676179,2024,7,La Verne,Cal Lutheran,,,iii,iii,,,False,,Cal Lutheran
401634100,2024,7,Montana State,Idaho,,,fcs,fcs,,,False,,Idaho
401643728,2024,7,Hawai'i,Boise State,,,fbs,fbs,,,False,,Boise State
401675296,2024,7,Oberlin,Wabash College,,,iii,iii,,,False,,Wabash College
401643809,2024,8,South Alabama,Troy,,,fbs,fbs,,,False,,Troy
401641019,2024,8,Middle Tennessee,Kennesaw State,,,fbs,fbs,,,False,,Kennesaw State
401641010,2024,8,New Mexico State,Louisiana Tech,,,fbs,fbs,,,False,,Louisiana Tech
401641038,2024,8,Sam Houston State,Western Kentucky,,,fbs,fbs,,,False,,Western Kentucky
401640983,2024,8,UTEP,Florida International,,,fbs,fbs,,,False,,Florida International
401634768,2024,8,Virginia Tech,Boston College,,,fbs,fbs,,,False,,Boston College
401643810,2024,8,Marshall,Georgia State,,,fbs,fbs,,,False,,Georgia State
401654457,2024,8,Princeton,Brown,,,fcs,fcs,,,False,,Brown
401634769,2024,8,Duke,Florida State,,,fbs,fbs,,,False,,Florida State
401675941,2024,8,UW-Whitewater,Wisconsin-Stevens Point,,,iii,iii,,,False,,Wisconsin-Stevens Point
401628523,2024,8,Purdue,Oregon,,,fbs,fbs,,,False,,Oregon
401636898,2024,8,BYU,Oklahoma State,,,fbs,fbs,,,False,,Oklahoma State
401643735,2024,8,Nevada,Fresno State,,,fbs,fbs,,,False,,Fresno State
401628518,2024,8,Illinois,Michigan,,,fbs,fbs,,,False,,Michigan
401638346,2024,8,VMI,The Citadel,,,fcs,fcs,,,False,,The Citadel
401628393,2024,8,Florida,Kentucky,,,fbs,fbs,,,False,,Kentucky
401636366,2024,8,Mississippi Valley State,Bethune-Cookman,,,fcs,fcs,,,False,,Bethune-Cookman
401636358,2024,8,Grambling,Arkansas-Pine Bluff,,,fcs,fcs,,,False,,Arkansas-Pine Bluff
401634209,2024,8,North Dakota State,South Dakota State,,,fcs,fcs,,,False,,South Dakota State
401643814,2024,8,Southern Mississippi,Arkansas State,,,fbs,fbs,,,False,,Arkansas State
401644686,2024,8,Miami (OH),Ohio,,,fbs,fbs,,,False,,Ohio
401644748,2024,8,Bowling Green,Kent State,,,fbs,fbs,,,False,,Kent State
401644749,2024,8,Buffalo,Western Michigan,,,fbs,fbs,,,False,,Western Michigan
401636903,2024,8,Utah,TCU,,,fbs,fbs,,,False,,TCU
401636902,2024,8,Texas Tech,Baylor,,,fbs,fbs,,,False,,Baylor
401636901,2024,8,Kansas,Houston,,,fbs,fbs,,,True,,Houston
401636900,2024,8,Iowa State,UCF,,,fbs,fbs,,,False,,UCF
401636899,2024,8,Cincinnati,Arizona State,,,fbs,fbs,,,False,,Arizona State
401636897,2024,8,Arizona,Colorado,,,fbs,fbs,,,False,,Colorado
401635590,2024,8,Stanford,SMU,,,fbs,fbs,,,False,,SMU
401635589,2024,8,Louisville,Miami,,,fbs,fbs,,,False,,Miami
401635588,2024,8,Clemson,Virginia,,,fbs,fbs,,,False,,Virginia
401635587,2024,8,California,NC State,,,fbs,fbs,,,False,,NC State
401628982,2024,8,Georgia Tech,Notre Dame,,,fbs,fbs,,,True,,Notre Dame
401628524,2024,8,Rutgers,UCLA,,,fbs,fbs,,,False,,UCLA
401628522,2024,8,Northwestern,Wisconsin,,,fbs,fbs,,,True,,Wisconsin
401628521,2024,8,Maryland,USC,,,fbs,fbs,,,False,,USC
401628520,2024,8,Michigan State,Iowa,,,fbs,fbs,,,False,,Iowa
401628395,2024,8,Missouri,Auburn,,,fbs,fbs,,,False,,Auburn
401628396,2024,8,Oklahoma,South Carolina,,,fbs,fbs,,,False,,South Carolina
401628397,2024,8,Tennessee,Alabama,,,fbs,fbs,,,False,,Alabama
401628398,2024,8,Texas,Georgia,,,fbs,fbs,,,False,,Georgia
401644750,2024,8,Eastern Michigan,Central Michigan,,,fbs,fbs,,,False,,Central Michigan
401628519,2024,8,Indiana,Nebraska,,,fbs,fbs,,,False,,Nebraska
401643736,2024,8,Washington State,Hawai'i,,,fbs,fbs,,,False,,Hawai'i
401643738,2024,8,San José State,Wyoming,,,fbs,fbs,,,False,,Wyoming
401643739,2024,8,Oregon State,UNLV,,,fbs,fbs,,,False,,UNLV
401643811,2024,8,Coastal Carolina,Louisiana,,,fbs,fbs,,,False,,Louisiana
401643812,2024,8,Georgia Southern,James Madison,,,fbs,fbs,,,False,,James Madison
401643813,2024,8,Old Dominion,Texas State,,,fbs,fbs,,,False,,Texas State
401628392,2024,8,Arkansas,LSU,,,fbs,fbs,,,False,,LSU
401644751,2024,8,Northern Illinois,Toledo,,,fbs,fbs,,,False,,Toledo
401645345,2024,8,South Florida,UAB,,,fbs,fbs,,,False,,UAB
401628394,2024,8,Mississippi State,Texas A&M,,,fbs,fbs,,,False,,Texas A&M
401645348,2024,8,UT San Antonio,Florida Atlantic,,,fbs,fbs,,,False,,Florida Atlantic
401645349,2024,8,Memphis,North Texas,,,fbs,fbs,,,False,,North Texas
401645350,2024,8,Tulane,Rice,,,fbs,fbs,,,False,,Rice
401645351,2024,8,Temple,Tulsa,,,fbs,fbs,,,False,,Tulsa
401636904,2024,8,West Virginia,Kansas State,,,fbs,fbs,,,False,,Kansas State
401675605,2024,8,Tuskegee,Kentucky State,,,ii,ii,,,False,,Kentucky State
401658363,2024,8,Frostburg State,Charleston (WV),,,ii,ii,,,False,,Charleston (WV)
401673387,2024,8,Anderson (SC),Emory & Henry,,,ii,ii,,,True,,Emory & Henry
401674145,2024,8,Northeastern State,Central Oklahoma,,,ii,ii,,,False,,Central Oklahoma
401674302,2024,8,Wheeling Jesuit,West Virginia State,,,ii,ii,,,False,,West Virginia State
401674920,2024,8,Alma College,Albion,,,iii,iii,,,False,,Albion
401675409,2024,8,Lincoln (PA),Virginia Union,,,ii,ii,,,False,,Virginia Union
401675430,2024,8,Ohio Dominican,Findlay,,,ii,ii,,,False,,Findlay
401675549,2024,8,Sul Ross State,Western New Mexico,,,ii,ii,,,False,,Western New Mexico
401675556,2024,8,University of Texas of the Permian Basin,Western Oregon,,,ii,ii,,,False,,Western Oregon
401675591,2024,8,Clark Atlanta,Miles,,,ii,ii,,,False,,Miles
401676282,2024,8,George Fox University,Linfield,,,iii,iii,,,False,,Linfield
401676710,2024,8,St. Anselm,Assumption,,,ii,ii,,,False,,Assumption
401676718,2024,8,Franklin Pierce,Post University,,,ii,ii,,,True,,Post University
401677396,2024,8,Hilbert College,Brockport State (NY),,,iii,iii,,,True,,Brockport State (NY)
401675985,2024,8,Wisconsin-Eau Claire,Wisconsin-La Crosse,,,iii,iii,,,False,,Wisconsin-La Crosse
401676666,2024,8,Morrisville State,Utica,,,iii,iii,,,False,,Utica
401676783,2024,8,Limestone,Wingate,,,ii,ii,,,False,,Wingate
401677410,2024,8,Southwestern University,Millsaps,,,iii,iii,,,False,,Millsaps
401677467,2024,8,Misericordia,Widener,,,iii,iii,,,False,,Widener
401676194,2024,8,Merchant Marine,Norwich,,,iii,iii,,,False,,Norwich
401676115,2024,8,Shepherd,Millersville,,,ii,ii,,,False,,Millersville
401673405,2024,8,Alfred State College,Dean College,,,iii,iii,,,False,,Dean College
401673423,2024,8,Delaware Valley,FDU-Florham,,,iii,iii,,,False,,FDU-Florham
401674280,2024,8,Fairmont State,UNC Pembroke,,,ii,ii,,,False,,UNC Pembroke
401674376,2024,8,Clarion,Edinboro,,,ii,ii,,,False,,Edinboro
401674684,2024,8,Muhlenberg,Gettysburg,,,iii,iii,,,False,,Gettysburg
401674812,2024,8,Lycoming,Catholic University,,,iii,iii,,,False,,Catholic University
401674824,2024,8,Keystone,Wilkes,,,iii,iii,,,False,,Wilkes
401674891,2024,8,Fitchburg State,Mass Maritime,,,iii,iii,,,False,,Mass Maritime
401676056,2024,8,Greensboro,Belhaven College,,,iii,iii,,,False,,Belhaven College
401675465,2024,8,Walsh,Tiffin,,,ii,ii,,,False,,Tiffin
401675422,2024,8,Thomas More,Ashland,,,ii,ii,,,True,,Ashland
401676227,2024,8,Springfield,MIT,,,iii,iii,,,False,,MIT
401674907,2024,8,Worcester State College,UMass Dartmouth,,,iii,iii,,,False,,UMass Dartmouth
401654618,2024,8,Yale,Lehigh,,,fcs,fcs,,,False,,Lehigh
401644600,2024,8,Harvard,Holy Cross,,,fcs,fcs,,,False,,Holy Cross
401654597,2024,8,Robert Morris,Long Island University,,,fcs,fcs,,,False,,Long Island University
401654647,2024,8,Wagner,St Francis (PA),,,fcs,fcs,,,False,,St Francis (PA)
401629034,2024,8,Connecticut,Wake Forest,,,fbs,fbs,,,False,,Wake Forest
401645346,2024,8,Army,East Carolina,,,fbs,fbs,,,False,,East Carolina
401634034,2024,8,Nicholls,Northwestern State,,,fcs,fcs,,,False,,Northwestern State
401654627,2024,8,Lafayette,Sacred Heart,,,fcs,fcs,,,False,,Sacred Heart
401654507,2024,8,Bucknell,Cornell,,,fcs,fcs,,,False,,Cornell
401638676,2024,8,Davidson,Stetson,,,fcs,fcs,,,False,,Stetson
401654474,2024,8,Dartmouth,Central Connecticut,,,fcs,fcs,,,False,,Central Connecticut
401654612,2024,8,Merrimack,Stonehill,,,fcs,fcs,,,False,,Stonehill
401654491,2024,8,Pennsylvania,Columbia,,,fcs,fcs,,,False,,Columbia
401654643,2024,8,Colgate,Georgetown,,,fcs,fcs,,,False,,Georgetown
401628655,2024,8,Maine,Villanova,,,fcs,fcs,,,False,,Villanova
401628656,2024,8,North Carolina A&T,Hampton,,,fcs,fcs,,,False,,Hampton
401628657,2024,8,Towson,Stony Brook,,,fcs,fcs,,,False,,Stony Brook
401628659,2024,8,New Hampshire,Rhode Island,,,fcs,fcs,,,False,,Rhode Island
401638673,2024,8,Butler,Dayton,,,fcs,fcs,,,False,,Dayton
401638674,2024,8,Presbyterian College,Drake,,,fcs,fcs,,,False,,Drake
401628660,2024,8,Monmouth,Bryant,,,fcs,fcs,,,False,,Bryant
401675289,2024,8,Kenyon,Wittenberg,,,iii,iii,,,False,,Wittenberg
401675297,2024,8,Wabash College,Hiram,,,iii,iii,,,False,,Hiram
401675382,2024,8,Bowie State,Bluefield,,,ii,ii,,,False,,Bluefield
401675390,2024,8,Elizabeth City State,Virginia State,,,ii,ii,,,False,,Virginia State
401675437,2024,8,Lake Erie College,Hillsdale,,,ii,ii,,,False,,Hillsdale
401675445,2024,8,Northwood (MI),Kentucky Wesleyan,,,ii,ii,,,False,,Kentucky Wesleyan
401675472,2024,8,Chowan,West Florida,,,ii,ii,,,False,,West Florida
401675801,2024,8,Johnson C Smith,Shaw,,,ii,ii,,,False,,Shaw
401675949,2024,8,UW-River Falls,UW-Stout,,,iii,iii,,,False,,UW-Stout
401676027,2024,8,Maryville TN,Huntingdon,,,iii,iii,,,False,,Huntingdon
401676091,2024,8,Denison,DePauw,,,iii,iii,,,False,,DePauw
401676096,2024,8,Shippensburg,Kutztown,,,ii,ii,,,False,,Kutztown
401676122,2024,8,Westminster,Crown College,,,iii,iii,,,False,,Crown College
401676138,2024,8,Greenville,Martin Luther College,,,iii,iii,,,False,,Martin Luther College
401676151,2024,8,Williams,Bates College,,,iii,iii,,,False,,Bates College
401676160,2024,8,Tufts,Hamilton,,,iii,iii,,,False,,Hamilton
401676172,2024,8,Bowdoin,Wesleyan,,,iii,iii,,,False,,Wesleyan
401676231,2024,8,Christopher Newport,Rowan,,,iii,iii,,,False,,Rowan
401676246,2024,8,Salisbury,Montclair State,,,iii,iii,,,False,,Montclair State
401676259,2024,8,Rhodes,Trinity (TX),,,iii,iii,,,False,,Trinity (TX)
401676266,2024,8,Berry College,Sewanee Univ. of the South,,,iii,iii,,,False,,Sewanee Univ. of the South
401676276,2024,8,William Paterson,Ursinus,,,iii,iii,,,False,,Ursinus
401676423,2024,8,Westminster PA,St. Vincent,,,iii,iii,,,False,,St. Vincent
401676436,2024,8,Waynesburg,Bethany (WV),,,iii,iii,,,False,,Bethany (WV)
401676726,2024,8,Southern Connecticut State,New Haven,,,ii,ii,,,False,,New Haven
401676765,2024,8,Western New England,Curry,,,iii,iii,,,False,,Curry
401676775,2024,8,University of New England,Endicott College,,,iii,iii,,,False,,Endicott College
401677455,2024,8,Gallaudet,Anna Maria College,,,iii,iii,,,False,,Anna Maria College
401677471,2024,8,Colby,Amherst College,,,iii,iii,,,False,,Amherst College
401682323,2024,8,Bentley,American International,,,ii,ii,,,False,,American International
401682362,2024,8,Middlebury,Trinity (CT),,,iii,iii,,,False,,Trinity (CT)
401676656,2024,8,Alvernia University,Eastern University,,,iii,iii,,,False,,Eastern University
401673376,2024,8,Carson-Newman,UVA-Wise,,,ii,ii,,,False,,UVA-Wise
401673440,2024,8,King's College (PA),Lebanon Valley,,,iii,iii,,,False,,Lebanon Valley
401674269,2024,8,Concord,Glenville State,,,ii,ii,,,False,,Glenville State
401674298,2024,8,West Liberty,WV Wesleyan,,,ii,ii,,,False,,WV Wesleyan
401674334,2024,8,Concordia-St. Paul,Minnesota St-Moorhead,,,ii,ii,,,False,,Minnesota St-Moorhead
401674514,2024,8,Lincoln (MO),Upper Iowa,,,ii,ii,,,False,,Upper Iowa
401674554,2024,8,Ferris State,Michigan Tech,,,ii,ii,,,False,,Michigan Tech
401674575,2024,8,Northern Michigan,Roosevelt,,,ii,ii,,,False,,Roosevelt
401674674,2024,8,Dickinson,McDaniel College,,,iii,iii,,,False,,McDaniel College
401674693,2024,8,Johns Hopkins,Franklin & Marshall,,,iii,iii,,,False,,Franklin & Marshall
401674716,2024,8,Husson,Nichols,,,iii,iii,,,False,,Nichols
401674750,2024,8,Alfred,SUNY Cortland,,,iii,iii,,,False,,SUNY Cortland
401674805,2024,8,Susquehanna,Juniata,,,iii,iii,,,False,,Juniata
401674830,2024,8,St Lawrence,Hobart,,,iii,iii,,,False,,Hobart
401674836,2024,8,Ithaca,Rensselaer,,,iii,iii,,,False,,Rensselaer
401674862,2024,8,Union,Buffalo State,,,iii,iii,,,False,,Buffalo State
401674867,2024,8,Stevenson,Albright,,,iii,iii,,,False,,Albright
401674931,2024,8,Kalamazoo,Hope,,,iii,iii,,,False,,Hope
401674938,2024,8,Trine,Olivet College,,,iii,iii,,,False,,Olivet College
401677498,2024,8,Coast Guard,Salve Regina,,,iii,iii,,,False,,Salve Regina
401676372,2024,8,Wilmington (OH),Otterbein,,,iii,iii,,,False,,Otterbein
401676338,2024,8,Mount Union,Heidelberg,,,iii,iii,,,False,,Heidelberg
401676310,2024,8,Capital,Ohio Northern,,,iii,iii,,,False,,Ohio Northern
401676275,2024,8,John Carroll,Baldwin-Wallace,,,iii,iii,,,False,,Baldwin-Wallace
401674799,2024,8,Rose-Hulman,Defiance,,,iii,iii,,,False,,Defiance
401674786,2024,8,Anderson (IN),Hanover,,,iii,iii,,,False,,Hanover
401674778,2024,8,Manchester,Franklin,,,iii,iii,,,False,,Franklin
401674768,2024,8,Mount St. Joseph,Bluffton,,,iii,iii,,,False,,Bluffton
401632464,2024,8,Chattanooga,Wofford,,,fcs,fcs,,,False,,Wofford
401676039,2024,8,St. Norbert,Concordia (IL),,,iii,iii,,,False,,Concordia (IL)
401689231,2024,8,Cornell College (IA),Monmouth (IL),,,iii,iii,,,False,,Monmouth (IL)
401682328,2024,8,SUNY Maritime,Worcester Polytechnic,,,iii,iii,,,False,,Worcester Polytechnic
401682278,2024,8,Westfield State,Framingham State,,,iii,iii,,,False,,Framingham State
401676411,2024,8,Ferrum,Hampden-Sydney,,,iii,iii,,,False,,Hampden-Sydney
401676365,2024,8,Centre,Hendrix College,,,iii,iii,,,False,,Hendrix College
401676203,2024,8,Lyon College,Centenary,,,iii,iii,,,True,,Centenary
401676129,2024,8,Northwestern (MN),Minnesota-Morris,,,iii,iii,,,False,,Minnesota-Morris
401676086,2024,8,Indiana (PA),Seton Hill College,,,ii,ii,,,False,,Seton Hill College
401676059,2024,8,Concordia (WI),Eureka College,,,iii,iii,,,False,,Eureka College
401676033,2024,8,Benedictine (IL),Wisconsin Lutheran,,,iii,iii,,,False,,Wisconsin Lutheran
401675979,2024,8,UW-Oshkosh,Wisconsin-Platteville,,,iii,iii,,,False,,Wisconsin-Platteville
401675829,2024,8,Augustana (SD),Winona State,,,ii,ii,,,False,,Winona State
401675758,2024,8,Barton College,Lenoir-Rhyne,,,ii,ii,,,False,,Lenoir-Rhyne
401675566,2024,8,Albany State (GA),Morehouse,,,ii,ii,,,False,,Morehouse
401654540,2024,8,South Carolina State,Fort Valley State,,,fcs,ii,,,False,,Fort Valley State
401632118,2024,8,West Georgia,Shorter,,,fcs,ii,,,False,,Shorter
401634033,2024,8,Texas A&M-Commerce,Lamar,,,fcs,fcs,,,False,,Lamar
401634202,2024,8,North Dakota,Northern Iowa,,,fcs,fcs,,,False,,Northern Iowa
401638345,2024,8,Furman,Western Carolina,,,fcs,fcs,,,False,,Western Carolina
401638677,2024,8,Valparaiso,St. Thomas (MN),,,fcs,fcs,,,False,,St. Thomas (MN)
401673970,2024,8,Carthage,Wheaton College (Ill),,,iii,iii,,,False,,Wheaton College (Ill)
401658353,2024,8,North Greenville,Erskine,,,ii,ii,,,False,,Erskine
401673450,2024,8,Knox College,Illinois College,,,iii,iii,,,False,,Illinois College
401673951,2024,8,Carroll (WI),Augustana (IL),,,iii,iii,,,False,,Augustana (IL)
401673976,2024,8,Elmhurst,Washington (MO),,,iii,iii,,,False,,Washington (MO)
401674172,2024,8,Washburn,Missouri Southern State,,,ii,ii,,,False,,Missouri Southern State
401674313,2024,8,Bemidji State,Minot State,,,ii,ii,,,False,,Minot State
401674324,2024,8,Sioux Falls,Minnesota-Duluth,,,ii,ii,,,False,,Minnesota-Duluth
401674503,2024,8,McKendree,Indianapolis,,,ii,ii,,,False,,Indianapolis
401674531,2024,8,William Jewell College,Missouri S&T,,,ii,ii,,,True,,Missouri S&T
401674541,2024,8,Quincy,Truman State,,,ii,ii,,,False,,Truman State
401674580,2024,8,Davenport,Wayne State (MI),,,ii,ii,,,False,,Wayne State (MI)
401674597,2024,8,Central,Luther,,,iii,iii,,,False,,Luther
401674606,2024,8,Loras College,Dubuque,,,iii,iii,,,False,,Dubuque
401674620,2024,8,Nebraska Wesleyan University,Coe,,,iii,iii,,,True,,Coe
401674632,2024,8,Austin College,Texas Lutheran,,,iii,iii,,,False,,Texas Lutheran
401674729,2024,8,Illinois Wesleyan,Millikin,,,iii,iii,,,False,,Millikin
401674945,2024,8,Bethel (MN),Augsburg,,,iii,iii,,,False,,Augsburg
401674961,2024,8,Carleton,St. Johns (MN),,,iii,iii,,,False,,St. Johns (MN)
401674968,2024,8,Hamline,Concordia (MN),,,iii,iii,,,False,,Concordia (MN)
401674974,2024,8,Macalester,Gustavus Adolphus,,,iii,iii,,,False,,Gustavus Adolphus
401674990,2024,8,St. Olaf College,St. Scholastica,,,iii,iii,,,False,,St. Scholastica
401674995,2024,8,Beloit College,Lawrence,,,iii,iii,,,False,,Lawrence
401675002,2024,8,Grinnell,Lake Forest,,,iii,iii,,,False,,Lake Forest
401675025,2024,8,Ripon,Chicago,,,iii,iii,,,False,,Chicago
401675031,2024,8,Aurora,Rockford,,,iii,iii,,,False,,Rockford
401675533,2024,8,Eastern New Mexico,West Texas A&M,,,ii,ii,,,False,,West Texas A&M
401676787,2024,8,Mars Hill,Tusculum,,,ii,ii,,,False,,Tusculum
401674881,2024,8,Castleton State College,Plymouth State,,,iii,iii,,,False,,Plymouth State
401674624,2024,8,Wartburg,Simpson College,,,iii,iii,,,False,,Simpson College
401676211,2024,8,Adrian,Calvin University,,,iii,iii,,,False,,Calvin University
401676240,2024,8,College of New Jersey,Kean,,,iii,iii,,,False,,Kean
401687156,2024,8,St. John Fisher,Hartwick,,,iii,iii,,,False,,Hartwick
401674354,2024,8,California (PA),Slippery Rock,,,ii,ii,,,False,,Slippery Rock
401674235,2024,8,Arkansas-Monticello,Arkansas Tech,,,ii,ii,,,False,,Arkansas Tech
401674177,2024,8,Missouri Western,Nebraska-Kearney,,,ii,ii,,,False,,Nebraska-Kearney
401674164,2024,8,Pittsburg State,Fort Hays State,,,ii,ii,,,False,,Fort Hays State
401674115,2024,8,Northwest Missouri State,Central Missouri State,,,ii,ii,,,False,,Central Missouri State
401673267,2024,8,Chadron State,Fort Lewis,,,ii,ii,,,False,,Fort Lewis
401675843,2024,8,University of Mary,Wayne State (NE),,,ii,ii,,,False,,Wayne State (NE)
401675609,2024,8,Lane,Central State,,,ii,ii,,,False,,Central State
401675489,2024,8,Valdosta State,Mississippi College,,,ii,ii,,,False,,Mississippi College
401674491,2024,8,Southeastern Oklahoma,Southern Nazarene,,,ii,ii,,,False,,Southern Nazarene
401674430,2024,8,Henderson State,Southern Arkansas,,,ii,ii,,,False,,Southern Arkansas
401634175,2024,8,Missouri State,Indiana State,,,fcs,fcs,,,False,,Indiana State
401634164,2024,8,Murray State,Illinois State,,,fcs,fcs,,,False,,Illinois State
401634148,2024,8,Samford,Mercer,,,fcs,fcs,,,False,,Mercer
401673261,2024,8,Colorado Mesa,New Mexico Highlands,,,ii,ii,,,False,,New Mexico Highlands
401676002,2024,8,Methodist,Southern Virginia,,,iii,iii,,,False,,Southern Virginia
401673244,2024,8,Western State,South Dakota Mines,,,ii,ii,,,False,,South Dakota Mines
401673236,2024,8,Colorado State-Pueblo,Black Hills State,,,ii,ii,,,False,,Black Hills State
401673146,2024,8,Adams State,Colorado Mines,,,ii,ii,,,False,,Colorado Mines
401658343,2024,8,Saginaw Valley,Grand Valley State,,,ii,ii,,,False,,Grand Valley State
401645347,2024,8,Navy,Charlotte,,,fbs,fbs,,,False,,Charlotte
401655635,2024,8,Howard,Tennessee State,,,fcs,fcs,,,False,,Tennessee State
401636375,2024,8,Jackson State,Florida A&M,,,fcs,fcs,,,False,,Florida A&M
401628661,2024,8,Albany,Elon,,,fcs,fcs,,,False,,Elon
401628658,2024,8,Richmond,Delaware,,,fcs,fcs,,,False,,Delaware
401628654,2024,8,William & Mary,Campbell,,,fcs,fcs,,,False,,Campbell
401676044,2024,8,Brevard College,LaGrange College,,,iii,iii,,,False,,LaGrange College
401674650,2024,8,Howard Payne,Mary Hardin-Baylor,,,iii,iii,,,False,,Mary Hardin-Baylor
401674415,2024,8,East Central,Northwestern Oklahoma State,,,ii,ii,,,False,,Northwestern Oklahoma State
401675808,2024,8,Livingstone,Winston-Salem,,,ii,ii,,,False,,Winston-Salem
401675935,2024,8,Claremont,La Verne,,,iii,iii,,,False,,La Verne
401676318,2024,8,Pacific Lutheran,Willamette,,,iii,iii,,,False,,Willamette
401676323,2024,8,Puget Sound,Whitworth,,,iii,iii,,,False,,Whitworth
401676398,2024,8,Averett,Randolph-Macon,,,iii,iii,,,False,,Randolph-Macon
401676447,2024,8,Guilford,Washington & Lee,,,iii,iii,,,False,,Washington & Lee
401677681,2024,8,Lewis & Clark,Pacific (OR),,,iii,iii,,,False,,Pacific (OR)
401633992,2024,8,Charleston Southern,Southeast Missouri State,,,fcs,fcs,,,False,,Southeast Missouri State
401633993,2024,8,Gardner-Webb,Lindenwood,,,fcs,fcs,,,False,,Lindenwood
401633994,2024,8,Western Illinois,Tennessee Tech,,,fcs,fcs,,,False,,Tennessee Tech
401634102,2024,8,Idaho,Cal Poly,,,fcs,fcs,,,False,,Cal Poly
401634104,2024,8,Northern Arizona,Idaho State,,,fcs,fcs,,,False,,Idaho State
401634105,2024,8,Portland State,Montana State,,,fcs,fcs,,,False,,Montana State
401632134,2024,8,Utah Tech,Austin Peay,,,fcs,fcs,,,False,,Austin Peay
401632137,2024,8,Abilene Christian,Eastern Kentucky,,,fcs,fcs,,,False,,Eastern Kentucky
401675480,2024,8,Delta State,West Alabama,,,ii,ii,,,False,,West Alabama
401675974,2024,8,Western Connecticut State,Bridgewater State,,,iii,iii,,,False,,Bridgewater State
401643737,2024,8,Utah State,New Mexico,,,fbs,fbs,,,False,,New Mexico
401638675,2024,8,San Diego,Marist,,,fcs,fcs,,,False,,Marist
401675119,2024,8,Southeastern Louisiana,Stephen F. Austin,,,fcs,fcs,,,False,,Stephen F. Austin
401634022,2024,8,Incarnate Word,McNeese,,,fcs,fcs,,,False,,McNeese
401634248,2024,8,Youngstown State,South Dakota,,,fcs,fcs,,,False,,South Dakota
401674344,2024,8,Lock Haven,Bloomsburg,,,ii,ii,,,False,,Bloomsburg
401675598,2024,8,Edward Waters,Savannah State,,,ii,ii,,,False,,Savannah State
401675767,2024,8,Catawba,Newberry,,,ii,ii,,,False,,Newberry
401676405,2024,8,Bridgewater (VA),Shenandoah,,,iii,iii,,,False,,Shenandoah
401676641,2024,8,Case Western Reserve,Thiel College,,,iii,iii,,,False,,Thiel College
401676649,2024,8,Washington & Jefferson,Grove City College,,,iii,iii,,,False,,Grove City College
401674368,2024,8,East Stroudsburg,West Chester,,,ii,ii,,,False,,West Chester
401675575,2024,8,Allen,Benedict College,,,ii,ii,,,False,,Benedict College
401634103,2024,8,Eastern Washington,UC Davis,,,fcs,fcs,,,False,,UC Davis
401654561,2024,8,Southern,Alcorn State,,,fcs,fcs,,,False,,Alcorn State
401628399,2024,8,Vanderbilt,Ball State,,,fbs,fbs,,,False,,Ball State
401675281,2024,8,Wooster,Ohio Wesleyan,,,iii,iii,,,False,,Ohio Wesleyan
401676623,2024,8,Geneva College,Allegheny,,,iii,iii,,,False,,Allegheny
401676351,2024,8,Muskingum,Marietta,,,iii,iii,,,False,,Marietta
401674480,2024,8,Oklahoma Baptist,Southwestern Oklahoma,,,ii,ii,,,False,,Southwestern Oklahoma
401674641,2024,8,McMurry,Hardin-Simmons,,,iii,iii,,,False,,Hardin-Simmons
401674739,2024,8,North Central,North Park,,,iii,iii,,,False,,North Park
401675819,2024,8,Northern State,Southwest Minnesota State,,,ii,ii,,,False,,Southwest Minnesota State
401675526,2024,8,Texas A&M-Kingsville,Central Washington,,,ii,ii,,,False,,Central Washington
401675517,2024,8,Midwestern State,Angelo State,,,ii,ii,,,False,,Angelo State
401674424,2024,8,Ouachita Baptist,Harding,,,ii,ii,,,False,,Harding
401643734,2024,8,Air Force,Colorado State,,,fbs,fbs,,,False,,Colorado State
401634106,2024,8,Sacramento State,Weber State,,,fcs,fcs,,,False,,Weber State
401676180,2024,8,Cal Lutheran,Redlands,,,iii,iii,,,False,,Redlands
401676200,2024,8,Chapman,Pomona-Pitzer,,,iii,iii,,,False,,Pomona-Pitzer
401640984,2024,9,Florida International,Sam Houston State,,,fbs,fbs,,,True,,Sam Houston State
401641011,2024,9,Louisiana Tech,UTEP,,,fbs,fbs,,,False,,UTEP
401640993,2024,9,Kennesaw State,Liberty,,,fbs,fbs,,,False,,Liberty
401641003,2024,9,Jacksonville State,Middle Tennessee,,,fbs,fbs,,,False,,Middle Tennessee
401643815,2024,9,Old Dominion,Georgia Southern,,,fbs,fbs,,,False,,Georgia Southern
401634770,2024,9,Pittsburgh,Syracuse,,,fbs,fbs,,,False,,Syracuse
401673036,2024,9,Pennsylvania,Yale,,,fcs,fcs,,,False,,Yale
401634771,2024,9,Boston College,Louisville,,,fbs,fbs,,,False,,Louisville
401643740,2024,9,UNLV,Boise State,,,fbs,fbs,,,False,,Boise State
401628532,2024,9,USC,Rutgers,,,fbs,fbs,,,False,,Rutgers
401643819,2024,9,South Alabama,Louisiana Monroe,,,fbs,fbs,,,False,,Louisiana Monroe
401644687,2024,9,Miami (OH),Central Michigan,,,fbs,fbs,,,False,,Central Michigan
401644752,2024,9,Akron,Eastern Michigan,,,fbs,fbs,,,False,,Eastern Michigan
401644753,2024,9,Ball State,Northern Illinois,,,fbs,fbs,,,False,,Northern Illinois
401644754,2024,9,Toledo,Bowling Green,,,fbs,fbs,,,False,,Bowling Green
401644755,2024,9,Ohio,Buffalo,,,fbs,fbs,,,False,,Buffalo
401644756,2024,9,Western Michigan,Kent State,,,fbs,fbs,,,False,,Kent State
401628400,2024,9,Alabama,Missouri,,,fbs,fbs,,,False,,Missouri
401645352,2024,9,East Carolina,Temple,,,fbs,fbs,,,False,,Temple
401645353,2024,9,Memphis,Charlotte,,,fbs,fbs,,,False,,Charlotte
401645354,2024,9,North Texas,Tulane,,,fbs,fbs,,,False,,Tulane
401654492,2024,9,Columbia,Dartmouth,,,fcs,fcs,,,False,,Dartmouth
401628402,2024,9,Ole Miss,Oklahoma,,,fbs,fbs,,,False,,Oklahoma
401628403,2024,9,Mississippi State,Arkansas,,,fbs,fbs,,,False,,Arkansas
401628404,2024,9,Texas A&M,LSU,,,fbs,fbs,,,False,,LSU
401628405,2024,9,Vanderbilt,Texas,,,fbs,fbs,,,False,,Texas
401628525,2024,9,Oregon,Illinois,,,fbs,fbs,,,False,,Illinois
401628526,2024,9,Indiana,Washington,,,fbs,fbs,,,False,,Washington
401674285,2024,9,Glenville State,West Liberty,,,ii,ii,,,False,,West Liberty
401628401,2024,9,Kentucky,Auburn,,,fbs,fbs,,,False,,Auburn
401636911,2024,9,UCF,BYU,,,fbs,fbs,,,False,,BYU
401645355,2024,9,Tulsa,UT San Antonio,,,fbs,fbs,,,False,,UT San Antonio
401636910,2024,9,TCU,Texas Tech,,,fbs,fbs,,,False,,Texas Tech
401635594,2024,9,California,Oregon State,,,fbs,fbs,,,False,,Oregon State
401628531,2024,9,Wisconsin,Penn State,,,fbs,fbs,,,False,,Penn State
401628530,2024,9,Ohio State,Nebraska,,,fbs,fbs,,,False,,Nebraska
401628529,2024,9,Michigan,Michigan State,,,fbs,fbs,,,False,,Michigan State
401636909,2024,9,Kansas State,Kansas,,,fbs,fbs,,,False,,Kansas
401636908,2024,9,Houston,Utah,,,fbs,fbs,,,False,,Utah
401636907,2024,9,Colorado,Cincinnati,,,fbs,fbs,,,False,,Cincinnati
401628528,2024,9,Minnesota,Maryland,,,fbs,fbs,,,False,,Maryland
401675534,2024,9,Western New Mexico,Eastern New Mexico,,,ii,ii,,,False,,Eastern New Mexico
401676371,2024,9,Millsaps,Hendrix College,,,iii,iii,,,False,,Hendrix College
401675557,2024,9,West Texas A&M,University of Texas of the Permian Basin,,,ii,ii,,,False,,University of Texas of the Permian Basin
401636906,2024,9,Baylor,Oklahoma State,,,fbs,fbs,,,False,,Oklahoma State
401636905,2024,9,Arizona,West Virginia,,,fbs,fbs,,,False,,West Virginia
401674136,2024,9,Central Missouri State,Washburn,,,ii,ii,,,False,,Washburn
401674261,2024,9,Charleston (WV),Fairmont State,,,ii,ii,,,False,,Fairmont State
401675466,2024,9,Ohio Dominican,Walsh,,,ii,ii,,,False,,Walsh
401674927,2024,9,Alma College,Olivet College,,,iii,iii,,,False,,Olivet College
401674570,2024,9,Michigan Tech,Northern Michigan,,,ii,ii,,,False,,Northern Michigan
401674293,2024,9,UNC Pembroke,West Virginia State,,,ii,ii,,,False,,West Virginia State
401643741,2024,9,Colorado State,New Mexico,,,fbs,fbs,,,False,,New Mexico
401635599,2024,9,Stanford,Wake Forest,,,fbs,fbs,,,False,,Wake Forest
401635598,2024,9,Virginia,North Carolina,,,fbs,fbs,,,False,,North Carolina
401635597,2024,9,Virginia Tech,Georgia Tech,,,fbs,fbs,,,False,,Georgia Tech
401635596,2024,9,Miami,Florida State,,,fbs,fbs,,,False,,Florida State
401643816,2024,9,Appalachian State,Georgia State,,,fbs,fbs,,,False,,Georgia State
401643817,2024,9,James Madison,Southern Mississippi,,,fbs,fbs,,,False,,Southern Mississippi
401635595,2024,9,Duke,SMU,,,fbs,fbs,,,False,,SMU
401674819,2024,9,Wilkes,Susquehanna,,,iii,iii,,,False,,Susquehanna
401628983,2024,9,Navy,Notre Dame,,,fbs,fbs,,,True,,Notre Dame
401628663,2024,9,Bryant,Richmond,,,fcs,fcs,,,False,,Richmond
401638679,2024,9,Dayton,Morehead State,,,fcs,fcs,,,False,,Morehead State
401638682,2024,9,Marist,Valparaiso,,,fcs,fcs,,,False,,Valparaiso
401654458,2024,9,Brown,Cornell,,,fcs,fcs,,,False,,Cornell
401654577,2024,9,Long Island University,Central Connecticut,,,fcs,fcs,,,True,,Central Connecticut
401654619,2024,9,Lehigh,Fordham,,,fcs,fcs,,,False,,Fordham
401656951,2024,9,Sacred Heart,Mercyhurst,,,fcs,fcs,,,False,,Mercyhurst
401673406,2024,9,Anna Maria College,Alfred State College,,,iii,iii,,,False,,Alfred State College
401673424,2024,9,Delaware Valley,Albright,,,iii,iii,,,False,,Albright
401673433,2024,9,FDU-Florham,King's College (PA),,,iii,iii,,,False,,King's College (PA)
401674355,2024,9,California (PA),Indiana (PA),,,ii,ii,,,False,,Indiana (PA)
401674377,2024,9,Edinboro,Gannon,,,ii,ii,,,False,,Gannon
401674769,2024,9,Bluffton,Rose-Hulman,,,iii,iii,,,False,,Rose-Hulman
401674843,2024,9,Rochester,St Lawrence,,,iii,iii,,,False,,St Lawrence
401674873,2024,9,Eastern University,Stevenson,,,iii,iii,,,True,,Stevenson
401674882,2024,9,Fitchburg State,Castleton State College,,,iii,iii,,,False,,Castleton State College
401674899,2024,9,Framingham State,Mass Maritime,,,iii,iii,,,False,,Mass Maritime
401675282,2024,9,Oberlin,Wooster,,,iii,iii,,,False,,Wooster
401675431,2024,9,Thomas More,Findlay,,,ii,ii,,,True,,Findlay
401675451,2024,9,Tiffin,Lake Erie College,,,ii,ii,,,False,,Lake Erie College
401676112,2024,9,Ohio Wesleyan,Hiram,,,iii,iii,,,False,,Hiram
401676161,2024,9,Hamilton,Colby,,,iii,iii,,,False,,Colby
401676220,2024,9,Norwich,Coast Guard,,,iii,iii,,,False,,Coast Guard
401676228,2024,9,Salve Regina,Springfield,,,iii,iii,,,False,,Springfield
401676232,2024,9,Kean,Christopher Newport,,,iii,iii,,,False,,Christopher Newport
401676277,2024,9,Montclair State,William Paterson,,,iii,iii,,,False,,William Paterson
401676311,2024,9,Otterbein,Capital,,,iii,iii,,,False,,Capital
401676373,2024,9,Southwestern University,Centre,,,iii,iii,,,False,,Centre
401676444,2024,9,Shenandoah,Guilford,,,iii,iii,,,False,,Guilford
401676711,2024,9,Assumption,New Haven,,,ii,ii,,,False,,New Haven
401677405,2024,9,Hartwick,Hilbert College,,,iii,iii,,,False,,Hilbert College
401677457,2024,9,Dean College,Gallaudet,,,iii,iii,,,False,,Gallaudet
401677496,2024,9,MIT,SUNY Maritime,,,iii,iii,,,False,,SUNY Maritime
401682351,2024,9,Plymouth State,Westfield State,,,iii,iii,,,False,,Westfield State
401674369,2024,9,East Stroudsburg,Lock Haven,,,ii,ii,,,False,,Lock Haven
401628667,2024,9,Monmouth,Towson,,,fcs,fcs,,,False,,Towson
401682324,2024,9,Pace,American International,,,ii,ii,,,False,,American International
401682277,2024,9,Widener,Alvernia University,,,iii,iii,,,False,,Alvernia University
401677736,2024,9,Elizabeth City State,Lincoln (PA),,,ii,ii,,,False,,Lincoln (PA)
401676780,2024,9,Lenoir-Rhyne,Limestone,,,ii,ii,,,False,,Limestone
401676766,2024,9,Western New England,Endicott College,,,iii,iii,,,False,,Endicott College
401676733,2024,9,Post University,Bentley,,,ii,ii,,,True,,Bentley
401676719,2024,9,Southern Connecticut State,Franklin Pierce,,,ii,ii,,,False,,Franklin Pierce
401676678,2024,9,Franklin & Marshall,McDaniel College,,,iii,iii,,,False,,McDaniel College
401676650,2024,9,Grove City College,Thiel College,,,iii,iii,,,False,,Thiel College
401676637,2024,9,St. Vincent,Carnegie Mellon,,,iii,iii,,,False,,Carnegie Mellon
401676629,2024,9,Washington & Jefferson,Bethany (WV),,,iii,iii,,,False,,Bethany (WV)
401676406,2024,9,Randolph-Macon,Bridgewater (VA),,,iii,iii,,,False,,Bridgewater (VA)
401676399,2024,9,Hampden-Sydney,Averett,,,iii,iii,,,False,,Averett
401676247,2024,9,Salisbury,Rowan,,,iii,iii,,,False,,Rowan
401676212,2024,9,Trine,Calvin University,,,iii,iii,,,False,,Calvin University
401676173,2024,9,Amherst College,Wesleyan,,,iii,iii,,,False,,Wesleyan
401676152,2024,9,Bates College,Middlebury,,,iii,iii,,,False,,Middlebury
401676134,2024,9,Minnesota-Morris,Greenville,,,iii,iii,,,False,,Greenville
401676130,2024,9,Crown College,Northwestern (MN),,,iii,iii,,,False,,Northwestern (MN)
401676123,2024,9,Martin Luther College,Westminster,,,iii,iii,,,False,,Westminster
401676045,2024,9,LaGrange College,Greensboro,,,iii,iii,,,False,,Greensboro
401676020,2024,9,Maryville TN,Methodist,,,iii,iii,,,False,,Methodist
401676003,2024,9,Southern Virginia,NC Wesleyan,,,iii,iii,,,False,,NC Wesleyan
401675986,2024,9,Wisconsin-La Crosse,UW-River Falls,,,iii,iii,,,False,,UW-River Falls
401675950,2024,9,UW-Stout,Wisconsin-Eau Claire,,,iii,iii,,,False,,Wisconsin-Eau Claire
401675844,2024,9,Wayne State (NE),Sioux Falls,,,ii,ii,,,False,,Sioux Falls
401675820,2024,9,Concordia-St. Paul,Northern State,,,ii,ii,,,False,,Northern State
401675802,2024,9,Winston-Salem,Johnson C Smith,,,ii,ii,,,False,,Johnson C Smith
401675775,2024,9,Tusculum,Anderson (SC),,,ii,ii,,,False,,Anderson (SC)
401675618,2024,9,Central State,Tuskegee,,,ii,ii,,,False,,Tuskegee
401675576,2024,9,Kentucky State,Allen,,,ii,ii,,,False,,Allen
401675481,2024,9,North Greenville,Delta State,,,ii,ii,,,False,,Delta State
401675438,2024,9,Kentucky Wesleyan,Hillsdale,,,ii,ii,,,False,,Hillsdale
401675423,2024,9,Ashland,Northwood (MI),,,ii,ii,,,False,,Northwood (MI)
401675383,2024,9,Bowie State,Virginia Union,,,ii,ii,,,False,,Virginia Union
401675298,2024,9,Wabash College,Kenyon,,,iii,iii,,,False,,Kenyon
401675290,2024,9,DePauw,Wittenberg,,,iii,iii,,,False,,Wittenberg
401674946,2024,9,Augsburg,St. Olaf College,,,iii,iii,,,False,,St. Olaf College
401674921,2024,9,Albion,Kalamazoo,,,iii,iii,,,False,,Kalamazoo
401674837,2024,9,Buffalo State,Ithaca,,,iii,iii,,,False,,Ithaca
401674831,2024,9,Hobart,Union,,,iii,iii,,,False,,Union
401674813,2024,9,Lycoming,Keystone,,,iii,iii,,,False,,Keystone
401674759,2024,9,SUNY Cortland,St. John Fisher,,,iii,iii,,,False,,St. John Fisher
401674751,2024,9,Utica,Alfred,,,iii,iii,,,False,,Alfred
401674725,2024,9,Nichols,University of New England,,,iii,iii,,,False,,University of New England
401674707,2024,9,Curry,Husson,,,iii,iii,,,False,,Husson
401674694,2024,9,Ursinus,Johns Hopkins,,,iii,iii,,,False,,Johns Hopkins
401674685,2024,9,Gettysburg,College of New Jersey,,,iii,iii,,,False,,College of New Jersey
401674675,2024,9,Muhlenberg,Dickinson,,,iii,iii,,,False,,Dickinson
401674504,2024,9,Upper Iowa,Indianapolis,,,ii,ii,,,False,,Indianapolis
401674335,2024,9,Minnesota St-Moorhead,Southwest Minnesota State,,,ii,ii,,,False,,Southwest Minnesota State
401673451,2024,9,Illinois College,Lawrence,,,iii,iii,,,False,,Lawrence
401673441,2024,9,Misericordia,Lebanon Valley,,,iii,iii,,,False,,Lebanon Valley
401673377,2024,9,Emory & Henry,Carson-Newman,,,ii,ii,,,False,,Carson-Newman
401658364,2024,9,Frostburg State,Wheeling Jesuit,,,ii,ii,,,False,,Wheeling Jesuit
401658344,2024,9,Wayne State (MI),Saginaw Valley,,,ii,ii,,,False,,Saginaw Valley
401628666,2024,9,Rhode Island,Maine,,,fcs,fcs,,,False,,Maine
401638678,2024,9,Davidson,Butler,,,fcs,fcs,,,False,,Butler
401634176,2024,9,Indiana State,Southern Illinois,,,fcs,fcs,,,False,,Southern Illinois
401654613,2024,9,Merrimack,Colgate,,,fcs,fcs,,,False,,Colgate
401654591,2024,9,Stonehill,Duquesne,,,fcs,fcs,,,False,,Duquesne
401638681,2024,9,St. Thomas (MN),San Diego,,,fcs,fcs,,,False,,San Diego
401638680,2024,9,Stetson,Presbyterian College,,,fcs,fcs,,,False,,Presbyterian College
401673414,2024,9,Moravian,Juniata,,,iii,iii,,,False,,Juniata
401679016,2024,9,Trinity (CT),Bowdoin,,,iii,iii,,,False,,Bowdoin
401676357,2024,9,Ohio Northern,Mount Union,,,iii,iii,,,False,,Mount Union
401676344,2024,9,Wilmington (OH),John Carroll,,,iii,iii,,,False,,John Carroll
401676339,2024,9,Heidelberg,Muskingum,,,iii,iii,,,False,,Muskingum
401676167,2024,9,Williams,Tufts,,,iii,iii,,,False,,Tufts
401674787,2024,9,Manchester,Hanover,,,iii,iii,,,False,,Hanover
401674779,2024,9,Franklin,Mount St. Joseph,,,iii,iii,,,False,,Mount St. Joseph
401654500,2024,9,South Carolina State,Delaware State,,,fcs,fcs,,,False,,Delaware State
401654628,2024,9,Lafayette,Holy Cross,,,fcs,fcs,,,False,,Holy Cross
401634194,2024,9,Murray State,North Dakota State,,,fcs,fcs,,,False,,North Dakota State
401634138,2024,9,Wofford,East Tennessee State,,,fcs,fcs,,,False,,East Tennessee State
401632116,2024,9,Southern Utah,West Georgia,,,fcs,fcs,,,False,,West Georgia
401654608,2024,9,Robert Morris,St Francis (PA),,,fcs,fcs,,,False,,St Francis (PA)
401673971,2024,9,Millikin,Carthage,,,iii,iii,,,False,,Carthage
401673961,2024,9,Elmhurst,Carroll (WI),,,iii,iii,,,False,,Carroll (WI)
401673952,2024,9,Augustana (IL),North Central,,,iii,iii,,,False,,North Central
401673245,2024,9,Colorado Mines,Western State,,,ii,ii,,,False,,Western State
401673147,2024,9,New Mexico Highlands,Adams State,,,ii,ii,,,False,,Adams State
401654644,2024,9,Georgetown,Bucknell,,,fcs,fcs,,,False,,Bucknell
401674165,2024,9,Fort Hays State,Missouri Southern State,,,ii,ii,,,False,,Missouri Southern State
401654552,2024,9,Norfolk State,Howard,,,fcs,fcs,,,False,,Howard
401638347,2024,9,The Citadel,Samford,,,fcs,fcs,,,False,,Samford
401628665,2024,9,Hampton,Elon,,,fcs,fcs,,,False,,Elon
401689232,2024,9,Monmouth (IL),Beloit College,,,iii,iii,,,False,,Beloit College
401677397,2024,9,Brockport State (NY),Morrisville State,,,iii,iii,,,False,,Morrisville State
401676788,2024,9,UVA-Wise,Mars Hill,,,ii,ii,,,False,,Mars Hill
401676705,2024,9,Roosevelt,Davenport,,,ii,ii,,,True,,Davenport
401676412,2024,9,Ferrum,Washington & Lee,,,iii,iii,,,False,,Washington & Lee
401676324,2024,9,Pacific (OR),Whitworth,,,iii,iii,,,False,,Whitworth
401676296,2024,9,Marietta,Baldwin-Wallace,,,iii,iii,,,False,,Baldwin-Wallace
401676267,2024,9,Sewanee Univ. of the South,Rhodes,,,iii,iii,,,False,,Rhodes
401676260,2024,9,Trinity (TX),Berry College,,,iii,iii,,,False,,Berry College
401676116,2024,9,West Chester,Millersville,,,ii,ii,,,False,,Millersville
401676097,2024,9,Kutztown,Shepherd,,,ii,ii,,,False,,Shepherd
401676051,2024,9,Huntingdon,Brevard College,,,iii,iii,,,False,,Brevard College
401676034,2024,9,Eureka College,Benedictine (IL),,,iii,iii,,,False,,Benedictine (IL)
401675993,2024,9,Lakeland University,Aurora,,,iii,iii,,,False,,Aurora
401675956,2024,9,Wisconsin-Stevens Point,UW-Oshkosh,,,iii,iii,,,False,,UW-Oshkosh
401675942,2024,9,Wisconsin-Platteville,UW-Whitewater,,,iii,iii,,,False,,UW-Whitewater
401675900,2024,9,Coe,Wartburg,,,iii,iii,,,False,,Wartburg
401675830,2024,9,Minnesota State,Augustana (SD),,,ii,ii,,,False,,Augustana (SD)
401675602,2024,9,Morehouse,Fort Valley State,,,ii,ii,,,False,,Fort Valley State
401675583,2024,9,Benedict College,Miles,,,ii,ii,,,False,,Miles
401675567,2024,9,Albany State (GA),Edward Waters,,,ii,ii,,,False,,Edward Waters
401675032,2024,9,Rockford,Concordia (WI),,,iii,iii,,,False,,Concordia (WI)
401675016,2024,9,Lake Forest,Ripon,,,iii,iii,,,False,,Ripon
401675003,2024,9,Knox College,Grinnell,,,iii,iii,,,False,,Grinnell
401674975,2024,9,St. Johns (MN),Gustavus Adolphus,,,iii,iii,,,False,,Gustavus Adolphus
401674969,2024,9,Macalester,Concordia (MN),,,iii,iii,,,False,,Concordia (MN)
401674962,2024,9,St. Scholastica,Carleton,,,iii,iii,,,False,,Carleton
401674954,2024,9,Hamline,Bethel (MN),,,iii,iii,,,False,,Bethel (MN)
401674913,2024,9,Hope,Adrian,,,iii,iii,,,False,,Adrian
401674744,2024,9,Washington (MO),Wheaton College (Ill),,,iii,iii,,,False,,Wheaton College (Ill)
401674730,2024,9,North Park,Illinois Wesleyan,,,iii,iii,,,False,,Illinois Wesleyan
401674642,2024,9,Hardin-Simmons,East Texas Baptist,,,iii,iii,,,False,,East Texas Baptist
401674621,2024,9,Luther,Nebraska Wesleyan University,,,iii,iii,,,False,,Nebraska Wesleyan University
401674598,2024,9,Dubuque,Central,,,iii,iii,,,False,,Central
401674588,2024,9,Simpson College,Buena Vista,,,iii,iii,,,False,,Buena Vista
401674535,2024,9,Southwest Baptist,William Jewell College,,,ii,ii,,,False,,William Jewell College
401674515,2024,9,Missouri S&T,Lincoln (MO),,,ii,ii,,,False,,Lincoln (MO)
401674406,2024,9,Henderson State,Arkansas-Monticello,,,ii,ii,,,False,,Arkansas-Monticello
401674345,2024,9,Bloomsburg,Shippensburg,,,ii,ii,,,False,,Shippensburg
401674314,2024,9,Winona State,Bemidji State,,,ii,ii,,,False,,Bemidji State
401674270,2024,9,WV Wesleyan,Concord,,,ii,ii,,,False,,Concord
401633995,2024,9,Tennessee Tech,Charleston Southern,,,fcs,fcs,,,False,,Charleston Southern
401675414,2024,9,Fayetteville State,Shaw,,,ii,ii,,,False,,Shaw
401676195,2024,9,Worcester Polytechnic,Merchant Marine,,,iii,iii,,,False,,Merchant Marine
401674555,2024,9,Grand Valley State,Ferris State,,,ii,ii,,,False,,Ferris State
401674521,2024,9,Truman State,McKendree,,,ii,ii,,,False,,McKendree
401674492,2024,9,Southwestern Oklahoma,Southeastern Oklahoma,,,ii,ii,,,False,,Southeastern Oklahoma
401674481,2024,9,Northwestern Oklahoma State,Oklahoma Baptist,,,ii,ii,,,False,,Oklahoma Baptist
401674416,2024,9,Southern Nazarene,East Central,,,ii,ii,,,False,,East Central
401674396,2024,9,Arkansas Tech,Ouachita Baptist,,,ii,ii,,,False,,Ouachita Baptist
401675473,2024,9,West Alabama,Chowan,,,ii,ii,,,False,,Chowan
401675038,2024,9,Chicago,Cornell College (IA),,,iii,iii,,,False,,Cornell College (IA)
401675610,2024,9,Savannah State,Lane,,,ii,ii,,,False,,Lane
401674325,2024,9,Minnesota-Duluth,Minot State,,,ii,ii,,,False,,Minot State
401674157,2024,9,Nebraska-Kearney,Emporia State,,,ii,ii,,,False,,Emporia State
401674146,2024,9,Central Oklahoma,Pittsburg State,,,ii,ii,,,False,,Pittsburg State
401675768,2024,9,Wingate,Catawba,,,ii,ii,,,False,,Catawba
401654570,2024,9,Prairie View,Texas A&M-Commerce,,,fcs,fcs,,,False,,Texas A&M-Commerce
401654514,2024,9,North Carolina Central,Morgan State,,,fcs,fcs,,,False,,Morgan State
401644601,2024,9,Harvard,Princeton,,,fcs,fcs,,,False,,Princeton
401636367,2024,9,Bethune-Cookman,Jackson State,,,fcs,fcs,,,False,,Jackson State
401636359,2024,9,Arkansas-Pine Bluff,Mississippi Valley State,,,fcs,fcs,,,False,,Mississippi Valley State
401634218,2024,9,South Dakota State,South Dakota,,,fcs,fcs,,,False,,South Dakota
401634109,2024,9,Northern Colorado,Montana,,,fcs,fcs,,,False,,Montana
401634017,2024,9,Northwestern State,Lamar,,,fcs,fcs,,,False,,Lamar
401633998,2024,9,Lindenwood,Western Illinois,,,fcs,fcs,,,False,,Western Illinois
401633997,2024,9,Southeast Missouri State,Gardner-Webb,,,fcs,fcs,,,False,,Gardner-Webb
401633996,2024,9,UT Martin,Eastern Illinois,,,fcs,fcs,,,False,,Eastern Illinois
401632120,2024,9,Eastern Kentucky,Utah Tech,,,fcs,fcs,,,False,,Utah Tech
401628662,2024,9,Delaware,Albany,,,fcs,fcs,,,False,,Albany
401628668,2024,9,Villanova,New Hampshire,,,fcs,fcs,,,False,,New Hampshire
401676040,2024,9,Concordia (IL),Wisconsin Lutheran,,,iii,iii,,,False,,Wisconsin Lutheran
401628527,2024,9,Iowa,Northwestern,,,fbs,fbs,,,False,,Northwestern
401629035,2024,9,Connecticut,Rice,,,fbs,fbs,,,False,,Rice
401634255,2024,9,Alabama A&M,Alabama State,,,fcs,fcs,,,True,,Alabama State
401634149,2024,9,Mercer,Western Carolina,,,fcs,fcs,,,False,,Western Carolina
401645308,2024,9,UMass,Wagner,,,fbs,fcs,,,False,,Wagner
401628669,2024,9,Stony Brook,William & Mary,,,fcs,fcs,,,False,,William & Mary
401673268,2024,9,Fort Lewis,Colorado Mesa,,,ii,ii,,,False,,Colorado Mesa
401632465,2024,9,Chattanooga,VMI,,,fcs,fcs,,,False,,VMI
401632122,2024,9,Austin Peay,Tarleton State,,,fcs,fcs,,,False,,Tarleton State
401674425,2024,9,Harding,Southern Arkansas,,,ii,ii,,,False,,Southern Arkansas
401628664,2024,9,Campbell,North Carolina A&T,,,fcs,fcs,,,False,,North Carolina A&T
401634026,2024,9,Nicholls,McNeese,,,fcs,fcs,,,False,,McNeese
401676079,2024,9,Seton Hill College,Clarion,,,ii,ii,,,False,,Clarion
401675759,2024,9,Newberry,Barton College,,,ii,ii,,,False,,Barton College
401674908,2024,9,Western Connecticut State,Worcester State College,,,iii,iii,,,False,,Worcester State College
401676283,2024,9,Willamette,George Fox University,,,iii,iii,,,False,,George Fox University
401676289,2024,9,Linfield,Puget Sound,,,iii,iii,,,False,,Puget Sound
401676319,2024,9,Lewis & Clark,Pacific Lutheran,,,iii,iii,,,False,,Pacific Lutheran
401675552,2024,9,Western Oregon,Texas A&M-Kingsville,,,ii,ii,,,False,,Texas A&M-Kingsville
401675501,2024,9,West Florida,Shorter,,,ii,ii,,,True,,Shorter
401674660,2024,9,Texas Lutheran,McMurry,,,iii,iii,,,False,,McMurry
401658354,2024,9,Mississippi College,Erskine,,,ii,ii,,,False,,Erskine
401676437,2024,9,Allegheny,Waynesburg,,,iii,iii,,,False,,Waynesburg
401675975,2024,9,UMass Dartmouth,Bridgewater State,,,iii,iii,,,False,,Bridgewater State
401632123,2024,9,Central Arkansas,North Alabama,,,fcs,fcs,,,False,,North Alabama
401634185,2024,9,Northern Iowa,Missouri State,,,fcs,fcs,,,False,,Missouri State
401634203,2024,9,Youngstown State,North Dakota,,,fcs,fcs,,,False,,North Dakota
401634108,2024,9,Idaho State,Sacramento State,,,fcs,fcs,,,False,,Sacramento State
401673237,2024,9,Black Hills State,Chadron State,,,ii,ii,,,False,,Chadron State
401675512,2024,9,Northeastern State,Lincoln University (CA),,,ii,ii,,,False,,Lincoln University (CA)
401675391,2024,9,Bluefield,Virginia State,,,ii,ii,,,False,,Virginia State
401675518,2024,9,Angelo State,Sul Ross State,,,ii,ii,,,False,,Sul Ross State
401676424,2024,9,Westminster PA,Case Western Reserve,,,iii,iii,,,False,,Case Western Reserve
401674633,2024,9,Centenary,Austin College,,,iii,iii,,,True,,Austin College
401675120,2024,9,Stephen F. Austin,Houston Christian,,,fcs,fcs,,,False,,Houston Christian
401636385,2024,9,Texas Southern,Grambling,,,fcs,fcs,,,False,,Grambling
401636376,2024,9,Florida A&M,Southern,,,fcs,fcs,,,False,,Southern
401634032,2024,9,Southeastern Louisiana,Incarnate Word,,,fcs,fcs,,,False,,Incarnate Word
401643745,2024,9,Wyoming,Utah State,,,fbs,fbs,,,False,,Utah State
401643818,2024,9,Arkansas State,Troy,,,fbs,fbs,,,False,,Troy
401643742,2024,9,Fresno State,San José State,,,fbs,fbs,,,False,,San José State
401634107,2024,9,Idaho,Eastern Washington,,,fcs,fcs,,,False,,Eastern Washington
401675527,2024,9,Central Washington,Midwestern State,,,ii,ii,,,False,,Midwestern State
401675929,2024,9,Redlands,Claremont,,,iii,iii,,,False,,Claremont
401676181,2024,9,Cal Lutheran,Chapman,,,iii,iii,,,False,,Chapman
401677684,2024,9,Pomona-Pitzer,La Verne,,,iii,iii,,,False,,La Verne
401643744,2024,9,San Diego State,Washington State,,,fbs,fbs,,,False,,Washington State
401643743,2024,9,Hawai'i,Nevada,,,fbs,fbs,,,False,,Nevada
401640985,2024,10,Florida International,New Mexico State,,,fbs,fbs,,,True,,New Mexico State
401643820,2024,10,Texas State,Louisiana,,,fbs,fbs,,,False,,Louisiana
401641012,2024,10,Sam Houston State,Louisiana Tech,,,fbs,fbs,,,False,,Louisiana Tech
401640994,2024,10,Liberty,Jacksonville State,,,fbs,fbs,,,False,,Jacksonville State
401641020,2024,10,Western Kentucky,Kennesaw State,,,fbs,fbs,,,False,,Kennesaw State
401676080,2024,10,Clarion,Slippery Rock,,,ii,ii,,,False,,Slippery Rock
401674488,2024,10,Ouachita Baptist,Southern Nazarene,,,ii,ii,,,False,,Southern Nazarene
401654541,2024,10,South Carolina State,North Carolina Central,,,fcs,fcs,,,False,,North Carolina Central
401645356,2024,10,Charlotte,Tulane,,,fbs,fbs,,,False,,Tulane
401674426,2024,10,Harding,Southeastern Oklahoma,,,ii,ii,,,False,,Southeastern Oklahoma
401654493,2024,10,Columbia,Yale,,,fcs,fcs,,,False,,Yale
401629036,2024,10,Connecticut,Georgia State,,,fbs,fbs,,,False,,Georgia State
401645357,2024,10,Florida Atlantic,South Florida,,,fbs,fbs,,,False,,South Florida
401643747,2024,10,Boise State,San Diego State,,,fbs,fbs,,,False,,San Diego State
401628539,2024,10,Penn State,Ohio State,,,fbs,fbs,,,False,,Ohio State
401628538,2024,10,Purdue,Northwestern,,,fbs,fbs,,,False,,Northwestern
401628537,2024,10,Nebraska,UCLA,,,fbs,fbs,,,False,,UCLA
401628536,2024,10,Michigan,Oregon,,,fbs,fbs,,,False,,Oregon
401635604,2024,10,Syracuse,Virginia Tech,,,fbs,fbs,,,False,,Virginia Tech
401634256,2024,10,Alabama A&M,Southern,,,fcs,fcs,,,False,,Southern
401636912,2024,10,Baylor,TCU,,,fbs,fbs,,,False,,TCU
401628534,2024,10,Michigan State,Indiana,,,fbs,fbs,,,False,,Indiana
401628533,2024,10,Illinois,Minnesota,,,fbs,fbs,,,False,,Minnesota
401628412,2024,10,Tennessee,Kentucky,,,fbs,fbs,,,False,,Kentucky
401628411,2024,10,South Carolina,Texas A&M,,,fbs,fbs,,,False,,Texas A&M
401628407,2024,10,Auburn,Vanderbilt,,,fbs,fbs,,,False,,Vanderbilt
401628406,2024,10,Arkansas,Ole Miss,,,fbs,fbs,,,False,,Ole Miss
401628535,2024,10,Iowa,Wisconsin,,,fbs,fbs,,,False,,Wisconsin
401635602,2024,10,Florida State,North Carolina,,,fbs,fbs,,,False,,North Carolina
401635601,2024,10,Miami,Duke,,,fbs,fbs,,,False,,Duke
401635600,2024,10,Clemson,Louisville,,,fbs,fbs,,,False,,Louisville
401635516,2024,10,NC State,Stanford,,,fbs,fbs,,,False,,Stanford
401628540,2024,10,Washington,USC,,,fbs,fbs,,,False,,USC
401638685,2024,10,Drake,Marist,,,fcs,fcs,,,False,,Marist
401654571,2024,10,Mississippi Valley State,Prairie View,,,fcs,fcs,,,False,,Prairie View
401636360,2024,10,Jackson State,Arkansas-Pine Bluff,,,fcs,fcs,,,False,,Arkansas-Pine Bluff
401643824,2024,10,Troy,Coastal Carolina,,,fbs,fbs,,,False,,Coastal Carolina
401674928,2024,10,Alma College,Trine,,,iii,iii,,,False,,Trine
401675474,2024,10,Valdosta State,Chowan,,,ii,ii,,,False,,Chowan
401675535,2024,10,Sul Ross State,Eastern New Mexico,,,ii,ii,,,False,,Eastern New Mexico
401675542,2024,10,Midwestern State,Western Oregon,,,ii,ii,,,False,,Western Oregon
401675584,2024,10,Fort Valley State,Benedict College,,,ii,ii,,,False,,Benedict College
401675592,2024,10,Clark Atlanta,Tuskegee,,,ii,ii,,,False,,Tuskegee
401676660,2024,10,Catholic University,Keystone,,,iii,iii,,,False,,Keystone
401676712,2024,10,American International,Assumption,,,ii,ii,,,False,,Assumption
401676720,2024,10,Franklin Pierce,St. Anselm,,,ii,ii,,,True,,St. Anselm
401645360,2024,10,Rice,Navy,,,fbs,fbs,,,False,,Navy
401645359,2024,10,UT San Antonio,Memphis,,,fbs,fbs,,,False,,Memphis
401645358,2024,10,UAB,Tulsa,,,fbs,fbs,,,False,,Tulsa
401644758,2024,10,Eastern Michigan,Toledo,,,fbs,fbs,,,False,,Toledo
401644757,2024,10,Akron,Buffalo,,,fbs,fbs,,,False,,Buffalo
401674900,2024,10,Mass Maritime,Westfield State,,,iii,iii,,,False,,Westfield State
401643823,2024,10,South Alabama,Georgia Southern,,,fbs,fbs,,,False,,Georgia Southern
401643822,2024,10,Marshall,Louisiana Monroe,,,fbs,fbs,,,False,,Louisiana Monroe
401643821,2024,10,Appalachian State,Old Dominion,,,fbs,fbs,,,False,,Old Dominion
401643746,2024,10,Army,Air Force,,,fbs,fbs,,,False,,Air Force
401636916,2024,10,UCF,Arizona,,,fbs,fbs,,,False,,Arizona
401636915,2024,10,Oklahoma State,Arizona State,,,fbs,fbs,,,False,,Arizona State
401636914,2024,10,Iowa State,Texas Tech,,,fbs,fbs,,,False,,Texas Tech
401636913,2024,10,Houston,Kansas State,,,fbs,fbs,,,False,,Kansas State
401635627,2024,10,SMU,Pittsburgh,,,fbs,fbs,,,False,,Pittsburgh
401658355,2024,10,Erskine,West Florida,,,ii,ii,,,False,,West Florida
401658365,2024,10,West Virginia State,Frostburg State,,,ii,ii,,,False,,Frostburg State
401674262,2024,10,West Liberty,Charleston (WV),,,ii,ii,,,False,,Charleston (WV)
401674294,2024,10,UNC Pembroke,WV Wesleyan,,,ii,ii,,,False,,WV Wesleyan
401674571,2024,10,Roosevelt,Michigan Tech,,,ii,ii,,,True,,Michigan Tech
401676221,2024,10,Springfield,Norwich,,,iii,iii,,,False,,Norwich
401676767,2024,10,Husson,Western New England,,,iii,iii,,,False,,Western New England
401677406,2024,10,Morrisville State,Hilbert College,,,iii,iii,,,False,,Hilbert College
401677456,2024,10,Anna Maria College,Dean College,,,iii,iii,,,False,,Dean College
401682279,2024,10,Framingham State,Plymouth State,,,iii,iii,,,False,,Plymouth State
401682363,2024,10,Coast Guard,Worcester Polytechnic,,,iii,iii,,,False,,Worcester Polytechnic
401676107,2024,10,West Chester,Lock Haven,,,ii,ii,,,False,,Lock Haven
401676098,2024,10,Millersville,Kutztown,,,ii,ii,,,False,,Kutztown
401676021,2024,10,Brevard College,Methodist,,,iii,iii,,,False,,Methodist
401676759,2024,10,Endicott College,Nichols,,,iii,iii,,,False,,Nichols
401676667,2024,10,Utica,Brockport State (NY),,,iii,iii,,,False,,Brockport State (NY)
401676012,2024,10,Greensboro,NC Wesleyan,,,iii,iii,,,False,,NC Wesleyan
401675826,2024,10,Southwest Minnesota State,University of Mary,,,ii,ii,,,False,,University of Mary
401675502,2024,10,Shorter,Virginia Lynchburg,,,ii,,,,False,,Virginia Lynchburg
401675432,2024,10,Findlay,Walsh,,,ii,ii,,,False,,Walsh
401675283,2024,10,Hiram,Wooster,,,iii,iii,,,False,,Wooster
401674892,2024,10,Bridgewater State,Fitchburg State,,,iii,iii,,,False,,Fitchburg State
401674868,2024,10,Albright,Alvernia University,,,iii,iii,,,False,,Alvernia University
401674844,2024,10,Rochester,Buffalo State,,,iii,iii,,,False,,Buffalo State
401674832,2024,10,Rensselaer,Hobart,,,iii,iii,,,False,,Hobart
401674384,2024,10,Gannon,Indiana (PA),,,ii,ii,,,False,,Indiana (PA)
401674378,2024,10,Edinboro,Seton Hill College,,,ii,ii,,,False,,Seton Hill College
401674346,2024,10,Shepherd,Bloomsburg,,,ii,ii,,,False,,Bloomsburg
401674271,2024,10,Fairmont State,Concord,,,ii,ii,,,False,,Concord
401673434,2024,10,Stevenson,FDU-Florham,,,iii,iii,,,False,,FDU-Florham
401673407,2024,10,Alfred State College,Gallaudet,,,iii,iii,,,False,,Gallaudet
401676657,2024,10,Eastern University,Misericordia,,,iii,iii,,,True,,Misericordia
401676340,2024,10,Otterbein,Heidelberg,,,iii,iii,,,False,,Heidelberg
401654578,2024,10,Central Connecticut,Wagner,,,fcs,fcs,,,False,,Wagner
401654459,2024,10,Brown,Pennsylvania,,,fcs,fcs,,,False,,Pennsylvania
401654592,2024,10,Duquesne,Mercyhurst,,,fcs,fcs,,,False,,Mercyhurst
401654609,2024,10,Robert Morris,Merrimack,,,fcs,fcs,,,False,,Merrimack
401654620,2024,10,Georgetown,Lehigh,,,fcs,fcs,,,False,,Lehigh
401676162,2024,10,Middlebury,Hamilton,,,iii,iii,,,False,,Hamilton
401676781,2024,10,Lenoir-Rhyne,Wingate,,,ii,ii,,,False,,Wingate
401658345,2024,10,Saginaw Valley,Davenport,,,ii,ii,,,False,,Davenport
401673388,2024,10,Mars Hill,Emory & Henry,,,ii,ii,,,False,,Emory & Henry
401673415,2024,10,Susquehanna,Moravian,,,iii,iii,,,False,,Moravian
401673425,2024,10,King's College (PA),Delaware Valley,,,iii,iii,,,False,,Delaware Valley
401673442,2024,10,Lebanon Valley,Widener,,,iii,iii,,,False,,Widener
401673977,2024,10,Wheaton College (Ill),Elmhurst,,,iii,iii,,,False,,Elmhurst
401674286,2024,10,Wheeling Jesuit,Glenville State,,,ii,ii,,,False,,Glenville State
401674370,2024,10,Shippensburg,East Stroudsburg,,,ii,ii,,,False,,East Stroudsburg
401674516,2024,10,Truman State,Lincoln (MO),,,ii,ii,,,False,,Lincoln (MO)
401674556,2024,10,Northern Michigan,Ferris State,,,ii,ii,,,False,,Ferris State
401674676,2024,10,Dickinson,Gettysburg,,,iii,iii,,,False,,Gettysburg
401674708,2024,10,University of New England,Curry,,,iii,iii,,,False,,Curry
401674734,2024,10,Washington (MO),Millikin,,,iii,iii,,,False,,Millikin
401674752,2024,10,Alfred,St. John Fisher,,,iii,iii,,,False,,St. John Fisher
401674760,2024,10,SUNY Cortland,Hartwick,,,iii,iii,,,False,,Hartwick
401674806,2024,10,Juniata,Lycoming,,,iii,iii,,,False,,Lycoming
401674838,2024,10,Union,Ithaca,,,iii,iii,,,False,,Ithaca
401674914,2024,10,Adrian,Kalamazoo,,,iii,iii,,,False,,Kalamazoo
401674922,2024,10,Hope,Albion,,,iii,iii,,,False,,Albion
401675299,2024,10,Wabash College,Denison,,,iii,iii,,,False,,Denison
401675384,2024,10,Elizabeth City State,Bowie State,,,ii,ii,,,False,,Bowie State
401675392,2024,10,Lincoln (PA),Virginia State,,,ii,ii,,,False,,Virginia State
401675410,2024,10,Virginia Union,Bluefield,,,ii,ii,,,False,,Bluefield
401675415,2024,10,Johnson C Smith,Fayetteville State,,,ii,ii,,,False,,Fayetteville State
401675424,2024,10,Lake Erie College,Ashland,,,ii,ii,,,False,,Ashland
401675439,2024,10,Hillsdale,Thomas More,,,ii,ii,,,False,,Thomas More
401675456,2024,10,Northwood (MI),Ohio Dominican,,,ii,ii,,,False,,Ohio Dominican
401675809,2024,10,Shaw,Livingstone,,,ii,ii,,,False,,Livingstone
401675943,2024,10,UW-Whitewater,UW-River Falls,,,iii,iii,,,False,,UW-River Falls
401675951,2024,10,UW-Stout,Wisconsin-La Crosse,,,iii,iii,,,False,,Wisconsin-La Crosse
401676028,2024,10,Belhaven College,Maryville TN,,,iii,iii,,,False,,Maryville TN
401676103,2024,10,Kenyon,DePauw,,,iii,iii,,,False,,DePauw
401676153,2024,10,Bates College,Bowdoin,,,iii,iii,,,False,,Bowdoin
401676168,2024,10,Colby,Tufts,,,iii,iii,,,False,,Tufts
401676174,2024,10,Wesleyan,Williams,,,iii,iii,,,False,,Williams
401676213,2024,10,Olivet College,Calvin University,,,iii,iii,,,False,,Calvin University
401676233,2024,10,Christopher Newport,William Paterson,,,iii,iii,,,False,,William Paterson
401676241,2024,10,Kean,Franklin & Marshall,,,iii,iii,,,False,,Franklin & Marshall
401676261,2024,10,Hendrix College,Trinity (TX),,,iii,iii,,,False,,Trinity (TX)
401676268,2024,10,Sewanee Univ. of the South,Southwestern University,,,iii,iii,,,False,,Southwestern University
401676297,2024,10,Baldwin-Wallace,Muskingum,,,iii,iii,,,False,,Muskingum
401676374,2024,10,Berry College,Centre,,,iii,iii,,,False,,Centre
401676400,2024,10,Averett,Shenandoah,,,iii,iii,,,False,,Shenandoah
401676413,2024,10,Guilford,Ferrum,,,iii,iii,,,False,,Ferrum
401676425,2024,10,Carnegie Mellon,Westminster PA,,,iii,iii,,,False,,Westminster PA
401676438,2024,10,Waynesburg,Grove City College,,,iii,iii,,,False,,Grove City College
401676630,2024,10,Bethany (WV),Geneva College,,,iii,iii,,,False,,Geneva College
401676642,2024,10,Case Western Reserve,Washington & Jefferson,,,iii,iii,,,False,,Washington & Jefferson
401676652,2024,10,Thiel College,St. Vincent,,,iii,iii,,,False,,St. Vincent
401676727,2024,10,New Haven,Post University,,,ii,ii,,,False,,Post University
401677463,2024,10,Taylor,Defiance,,,,iii,,,True,,Defiance
401677472,2024,10,Amherst College,Trinity (CT),,,iii,iii,,,False,,Trinity (CT)
401677499,2024,10,SUNY Maritime,Salve Regina,,,iii,iii,,,False,,Salve Regina
401678583,2024,10,McDaniel College,Ursinus,,,iii,iii,,,False,,Ursinus
401689236,2024,10,Southern Connecticut State,Pace,,,ii,ii,,,False,,Pace
401656602,2024,10,Fordham,Colgate,,,fcs,fcs,,,False,,Colgate
401628675,2024,10,Albany,New Hampshire,,,fcs,fcs,,,False,,New Hampshire
401638684,2024,10,Presbyterian College,Dayton,,,fcs,fcs,,,False,,Dayton
401638686,2024,10,Butler,Stetson,,,fcs,fcs,,,False,,Stetson
401638687,2024,10,Morehead State,St. Thomas (MN),,,fcs,fcs,,,False,,St. Thomas (MN)
401654466,2024,10,Princeton,Cornell,,,fcs,fcs,,,False,,Cornell
401654501,2024,10,Howard,Delaware State,,,fcs,fcs,,,False,,Delaware State
401654515,2024,10,Morgan State,Norfolk State,,,fcs,fcs,,,False,,Norfolk State
401654629,2024,10,Bucknell,Lafayette,,,fcs,fcs,,,False,,Lafayette
401634177,2024,10,Indiana State,North Dakota,,,fcs,fcs,,,False,,North Dakota
401628670,2024,10,North Carolina A&T,William & Mary,,,fcs,fcs,,,False,,William & Mary
401628671,2024,10,Hampton,Villanova,,,fcs,fcs,,,False,,Villanova
401628673,2024,10,Bryant,Stony Brook,,,fcs,fcs,,,False,,Stony Brook
401628674,2024,10,Rhode Island,Monmouth,,,fcs,fcs,,,False,,Monmouth
401654648,2024,10,St Francis (PA),Stonehill,,,fcs,fcs,,,False,,Stonehill
401674780,2024,10,Franklin,Anderson (IN),,,iii,iii,,,False,,Anderson (IN)
401674770,2024,10,Hanover,Bluffton,,,iii,iii,,,False,,Bluffton
401676312,2024,10,Capital,Mount Union,,,iii,iii,,,False,,Mount Union
401638348,2024,10,VMI,Furman,,,fcs,fcs,,,False,,Furman
401644602,2024,10,Dartmouth,Harvard,,,fcs,fcs,,,False,,Harvard
401676352,2024,10,Marietta,Wilmington (OH),,,iii,iii,,,False,,Wilmington (OH)
401676345,2024,10,Ohio Northern,John Carroll,,,iii,iii,,,False,,John Carroll
401674793,2024,10,Rose-Hulman,Manchester,,,iii,iii,,,False,,Manchester
401676407,2024,10,Bridgewater (VA),Hampden-Sydney,,,iii,iii,,,False,,Hampden-Sydney
401628672,2024,10,Richmond,Towson,,,fcs,fcs,,,False,,Towson
401628676,2024,10,Elon,Campbell,,,fcs,fcs,,,False,,Campbell
401633999,2024,10,Charleston Southern,Gardner-Webb,,,fcs,fcs,,,False,,Gardner-Webb
401673255,2024,10,Chadron State,South Dakota Mines,,,ii,ii,,,False,,South Dakota Mines
401673262,2024,10,New Mexico Highlands,Colorado Mines,,,ii,ii,,,False,,Colorado Mines
401673452,2024,10,Grinnell,Illinois College,,,iii,iii,,,False,,Illinois College
401673953,2024,10,Illinois Wesleyan,Augustana (IL),,,iii,iii,,,False,,Augustana (IL)
401673962,2024,10,North Central,Carroll (WI),,,iii,iii,,,False,,Carroll (WI)
401673972,2024,10,Carthage,North Park,,,iii,iii,,,False,,North Park
401674158,2024,10,Emporia State,Fort Hays State,,,ii,ii,,,False,,Fort Hays State
401674183,2024,10,Washburn,Nebraska-Kearney,,,ii,ii,,,False,,Nebraska-Kearney
401674315,2024,10,Bemidji State,Wayne State (NE),,,ii,ii,,,False,,Wayne State (NE)
401674326,2024,10,Winona State,Minnesota-Duluth,,,ii,ii,,,False,,Minnesota-Duluth
401674522,2024,10,Missouri S&T,McKendree,,,ii,ii,,,False,,McKendree
401674548,2024,10,Quincy,William Jewell College,,,ii,ii,,,False,,William Jewell College
401674589,2024,10,Buena Vista,Coe,,,iii,iii,,,False,,Coe
401674599,2024,10,Central,Loras College,,,iii,iii,,,False,,Loras College
401674607,2024,10,Nebraska Wesleyan University,Dubuque,,,iii,iii,,,True,,Dubuque
401674625,2024,10,Wartburg,Luther,,,iii,iii,,,False,,Luther
401674634,2024,10,McMurry,Austin College,,,iii,iii,,,False,,Austin College
401674643,2024,10,Hardin-Simmons,Howard Payne,,,iii,iii,,,False,,Howard Payne
401674654,2024,10,East Texas Baptist,Mary Hardin-Baylor,,,iii,iii,,,False,,Mary Hardin-Baylor
401674666,2024,10,Texas Lutheran,Lyon College,,,iii,iii,,,False,,Lyon College
401674695,2024,10,Johns Hopkins,Muhlenberg,,,iii,iii,,,False,,Muhlenberg
401674947,2024,10,Concordia (MN),Augsburg,,,iii,iii,,,False,,Augsburg
401674955,2024,10,Bethel (MN),Carleton,,,iii,iii,,,False,,Carleton
401674976,2024,10,Gustavus Adolphus,St. Olaf College,,,iii,iii,,,False,,St. Olaf College
401674986,2024,10,St. Scholastica,St. Johns (MN),,,iii,iii,,,False,,St. Johns (MN)
401674996,2024,10,Beloit College,Lake Forest,,,iii,iii,,,False,,Lake Forest
401675010,2024,10,Cornell College (IA),Knox College,,,iii,iii,,,False,,Knox College
401675026,2024,10,Monmouth (IL),Ripon,,,iii,iii,,,False,,Ripon
401675033,2024,10,Rockford,Eureka College,,,iii,iii,,,False,,Eureka College
401675446,2024,10,Kentucky Wesleyan,Tiffin,,,ii,ii,,,False,,Tiffin
401675577,2024,10,Allen,Central State,,,ii,ii,,,False,,Central State
401675760,2024,10,Barton College,Catawba,,,ii,ii,,,False,,Catawba
401675831,2024,10,Augustana (SD),Concordia-St. Paul,,,ii,ii,,,False,,Concordia-St. Paul
401675957,2024,10,Wisconsin-Stevens Point,Wisconsin-Platteville,,,iii,iii,,,False,,Wisconsin-Platteville
401675983,2024,10,Wisconsin-Eau Claire,UW-Oshkosh,,,iii,iii,,,False,,UW-Oshkosh
401675994,2024,10,Aurora,Benedictine (IL),,,iii,iii,,,False,,Benedictine (IL)
401676046,2024,10,Huntingdon,LaGrange College,,,iii,iii,,,False,,LaGrange College
401676060,2024,10,Concordia (WI),Lakeland University,,,iii,iii,,,False,,Lakeland University
401676072,2024,10,Wisconsin Lutheran,St. Norbert,,,iii,iii,,,False,,St. Norbert
401676124,2024,10,Greenville,Westminster,,,iii,iii,,,False,,Westminster
401676131,2024,10,Northwestern (MN),Martin Luther College,,,iii,iii,,,False,,Martin Luther College
401676248,2024,10,College of New Jersey,Salisbury,,,iii,iii,,,False,,Salisbury
401676793,2024,10,UVA-Wise,Tusculum,,,ii,ii,,,False,,Tusculum
401677677,2024,10,Rowan,Montclair State,,,iii,iii,,,False,,Montclair State
401693680,2024,10,West Georgia,Lincoln University (CA),,,fcs,ii,,,False,,Lincoln University (CA)
401632466,2024,10,Western Carolina,Chattanooga,,,fcs,fcs,,,False,,Chattanooga
401628410,2024,10,Oklahoma,Maine,,,fbs,fcs,,,False,,Maine
401674883,2024,10,Castleton State College,Worcester State College,,,iii,iii,,,False,,Worcester State College
401634001,2024,10,Tennessee Tech,Lindenwood,,,fcs,fcs,,,False,,Lindenwood
401674186,2024,10,Northwest Missouri State,Northeastern State,,,ii,ii,,,False,,Northeastern State
401634155,2024,10,Samford,Wofford,,,fcs,fcs,,,False,,Wofford
401634139,2024,10,Mercer,East Tennessee State,,,fcs,fcs,,,False,,East Tennessee State
401634035,2024,10,Incarnate Word,Houston Christian,,,fcs,fcs,,,False,,Houston Christian
401634000,2024,10,Eastern Illinois,Western Illinois,,,fcs,fcs,,,False,,Western Illinois
401676443,2024,10,Washington & Lee,Randolph-Macon,,,iii,iii,,,False,,Randolph-Macon
401676303,2024,10,Rhodes,Millsaps,,,iii,iii,,,False,,Millsaps
401675821,2024,10,Northern State,Minnesota State,,,ii,ii,,,False,,Minnesota State
401636368,2024,10,Bethune-Cookman,Grambling,,,fcs,fcs,,,False,,Grambling
401634195,2024,10,South Dakota State,Murray State,,,fcs,fcs,,,False,,Murray State
401634186,2024,10,Missouri State,Southern Illinois,,,fcs,fcs,,,False,,Southern Illinois
401634165,2024,10,Illinois State,Youngstown State,,,fcs,fcs,,,False,,Youngstown State
401675568,2024,10,Savannah State,Albany State (GA),,,ii,ii,,,False,,Albany State (GA)
401675599,2024,10,Lane,Edward Waters,,,ii,ii,,,False,,Edward Waters
401675967,2024,10,UMass Dartmouth,Western Connecticut State,,,iii,iii,,,False,,Western Connecticut State
401673148,2024,10,Adams State,Fort Lewis,,,ii,ii,,,False,,Fort Lewis
401673238,2024,10,Colorado Mesa,Black Hills State,,,ii,ii,,,False,,Black Hills State
401673246,2024,10,Western State,Colorado State-Pueblo,,,ii,ii,,,False,,Colorado State-Pueblo
401673378,2024,10,Carson-Newman,Anderson (SC),,,ii,ii,,,False,,Anderson (SC)
401674137,2024,10,Pittsburg State,Central Missouri State,,,ii,ii,,,False,,Central Missouri State
401674147,2024,10,Missouri Western,Central Oklahoma,,,ii,ii,,,False,,Central Oklahoma
401674336,2024,10,Minot State,Minnesota St-Moorhead,,,ii,ii,,,False,,Minnesota St-Moorhead
401674397,2024,10,Arkansas Tech,East Central,,,ii,ii,,,False,,East Central
401674407,2024,10,Arkansas-Monticello,Oklahoma Baptist,,,ii,ii,,,False,,Oklahoma Baptist
401674431,2024,10,Northwestern Oklahoma State,Henderson State,,,ii,ii,,,False,,Henderson State
401674563,2024,10,Grand Valley State,Wayne State (MI),,,ii,ii,,,False,,Wayne State (MI)
401675291,2024,10,Wittenberg,Oberlin,,,iii,iii,,,False,,Oberlin
401675365,2024,10,Southwestern Oklahoma,Southern Arkansas,,,ii,ii,,,False,,Southern Arkansas
401675495,2024,10,West Alabama,North Greenville,,,ii,ii,,,False,,North Greenville
401628408,2024,10,Georgia,Florida,,,fbs,fbs,,,True,,Florida
401641026,2024,10,UTEP,Middle Tennessee,,,fbs,fbs,,,False,,Middle Tennessee
401634210,2024,10,North Dakota State,Northern Iowa,,,fcs,fcs,,,False,,Northern Iowa
401634113,2024,10,UC Davis,Northern Colorado,,,fcs,fcs,,,False,,Northern Colorado
401675930,2024,10,La Verne,Redlands,,,iii,iii,,,False,,Redlands
401676284,2024,10,Pacific Lutheran,George Fox University,,,iii,iii,,,False,,George Fox University
401676290,2024,10,Pacific (OR),Linfield,,,iii,iii,,,False,,Linfield
401676325,2024,10,Whitworth,Lewis & Clark,,,iii,iii,,,False,,Lewis & Clark
401676328,2024,10,Puget Sound,Willamette,,,iii,iii,,,False,,Willamette
401676784,2024,10,Newberry,Limestone,,,ii,ii,,,False,,Limestone
401632125,2024,10,Utah Tech,Central Arkansas,,,fcs,fcs,,,False,,Central Arkansas
401632128,2024,10,Abilene Christian,Southern Utah,,,fcs,fcs,,,False,,Southern Utah
401634025,2024,10,Lamar,Southeastern Louisiana,,,fcs,fcs,,,False,,Southeastern Louisiana
401634111,2024,10,Eastern Washington,Montana State,,,fcs,fcs,,,False,,Montana State
401634112,2024,10,Northern Arizona,Weber State,,,fcs,fcs,,,False,,Weber State
401636377,2024,10,Florida A&M,Texas Southern,,,fcs,fcs,,,False,,Texas Southern
401675121,2024,10,Nicholls,Stephen F. Austin,,,fcs,fcs,,,False,,Stephen F. Austin
401638683,2024,10,San Diego,Davidson,,,fcs,fcs,,,False,,Davidson
401628409,2024,10,Mississippi State,UMass,,,fbs,fbs,,,False,,UMass
401634110,2024,10,Cal Poly,Montana,,,fcs,fcs,,,False,,Montana
401636349,2024,10,Alabama State,Alcorn State,,,fcs,fcs,,,True,,Alcorn State
401675612,2024,10,Miles,Morehouse,,,ii,ii,,,False,,Morehouse
401632126,2024,10,North Alabama,Austin Peay,,,fcs,fcs,,,False,,Austin Peay
401643750,2024,10,New Mexico,Wyoming,,,fbs,fbs,,,False,,Wyoming
401676135,2024,10,Crown College,Minnesota-Morris,,,iii,iii,,,False,,Minnesota-Morris
401675022,2024,10,Lawrence,Chicago,,,iii,iii,,,False,,Chicago
401674505,2024,10,Indianapolis,Southwest Baptist,,,ii,ii,,,False,,Southwest Baptist
401634002,2024,10,Tennessee State,UT Martin,,,fcs,fcs,,,False,,UT Martin
401675519,2024,10,Angelo State,Central Washington,,,ii,ii,,,False,,Central Washington
401643749,2024,10,Fresno State,Hawai'i,,,fbs,fbs,,,False,,Hawai'i
401632124,2024,10,Tarleton State,Eastern Kentucky,,,fcs,fcs,,,False,,Eastern Kentucky
401643748,2024,10,Nevada,Colorado State,,,fbs,fbs,,,False,,Colorado State
401675553,2024,10,Texas A&M-Kingsville,West Texas A&M,,,ii,ii,,,False,,West Texas A&M
401674980,2024,10,Macalester,Hamline,,,iii,iii,,,False,,Hamline
401634020,2024,10,McNeese,Texas A&M-Commerce,,,fcs,fcs,,,False,,Texas A&M-Commerce
401634114,2024,10,Sacramento State,Portland State,,,fcs,fcs,,,False,,Portland State
401676182,2024,10,Pomona-Pitzer,Cal Lutheran,,,iii,iii,,,False,,Cal Lutheran
401676196,2024,10,Chapman,Claremont,,,iii,iii,,,False,,Claremont
401644688,2024,11,Ball State,Miami (OH),,,fbs,fbs,,,False,,Miami (OH)
401644760,2024,11,Central Michigan,Bowling Green,,,fbs,fbs,,,False,,Bowling Green
401644761,2024,11,Kent State,Ohio,,,fbs,fbs,,,False,,Ohio
401644762,2024,11,Western Michigan,Northern Illinois,,,fbs,fbs,,,False,,Northern Illinois
401645361,2024,11,East Carolina,Florida Atlantic,,,fbs,fbs,,,False,,Florida Atlantic
401643825,2024,11,Coastal Carolina,Appalachian State,,,fbs,fbs,,,False,,Appalachian State
401654467,2024,11,Princeton,Dartmouth,,,fcs,fcs,,,False,,Dartmouth
401634773,2024,11,Wake Forest,California,,,fbs,fbs,,,False,,California
401628542,2024,11,UCLA,Iowa,,,fbs,fbs,,,False,,Iowa
401645362,2024,11,Memphis,Rice,,,fbs,fbs,,,False,,Rice
401643754,2024,11,San Diego State,New Mexico,,,fbs,fbs,,,False,,New Mexico
401643756,2024,11,Washington State,Utah State,,,fbs,fbs,,,False,,Utah State
401676728,2024,11,St. Anselm,New Haven,,,ii,ii,,,False,,New Haven
401676721,2024,11,Franklin Pierce,Bentley,,,ii,ii,,,True,,Bentley
401676664,2024,11,Keystone,Juniata,,,iii,iii,,,False,,Juniata
401676216,2024,11,Merchant Marine,Springfield,,,iii,iii,,,False,,Springfield
401676214,2024,11,Calvin University,Hope,,,iii,iii,,,True,,Hope
401676092,2024,11,Denison,Oberlin,,,iii,iii,,,False,,Oberlin
401675796,2024,11,Anderson (SC),Mars Hill,,,ii,ii,,,True,,Mars Hill
401675613,2024,11,Tuskegee,Miles,,,ii,ii,,,False,,Miles
401675554,2024,11,Western New Mexico,Texas A&M-Kingsville,,,ii,ii,,,False,,Texas A&M-Kingsville
401675433,2024,11,Findlay,Northwood (MI),,,ii,ii,,,False,,Northwood (MI)
401674845,2024,11,Union,Rochester,,,iii,iii,,,False,,Rochester
401674590,2024,11,Luther,Buena Vista,,,iii,iii,,,False,,Buena Vista
401674564,2024,11,Michigan Tech,Grand Valley State,,,ii,ii,,,False,,Grand Valley State
401674523,2024,11,McKendree,Upper Iowa,,,ii,ii,,,False,,Upper Iowa
401674287,2024,11,Glenville State,West Virginia State,,,ii,ii,,,False,,West Virginia State
401674263,2024,11,WV Wesleyan,Charleston (WV),,,ii,ii,,,False,,Charleston (WV)
401674173,2024,11,Missouri Southern State,Nebraska-Kearney,,,ii,ii,,,False,,Nebraska-Kearney
401658366,2024,11,UNC Pembroke,Frostburg State,,,ii,ii,,,False,,Frostburg State
401654568,2024,11,Alcorn State,Texas Southern,,,fcs,fcs,,,False,,Texas Southern
401636391,2024,11,Jackson State,Mississippi Valley State,,,fcs,fcs,,,False,,Mississippi Valley State
401634150,2024,11,VMI,Mercer,,,fcs,fcs,,,False,,Mercer
401634115,2024,11,Cal Poly,Northern Arizona,,,fcs,fcs,,,False,,Northern Arizona
401632140,2024,11,Eastern Kentucky,Central Arkansas,,,fcs,fcs,,,False,,Central Arkansas
401628413,2024,11,LSU,Alabama,,,fbs,fbs,,,False,,Alabama
401628414,2024,11,Ole Miss,Georgia,,,fbs,fbs,,,False,,Georgia
401628415,2024,11,Missouri,Oklahoma,,,fbs,fbs,,,False,,Oklahoma
401628416,2024,11,Tennessee,Mississippi State,,,fbs,fbs,,,False,,Mississippi State
401628418,2024,11,Vanderbilt,South Carolina,,,fbs,fbs,,,False,,South Carolina
401628541,2024,11,Indiana,Michigan,,,fbs,fbs,,,False,,Michigan
401628543,2024,11,Oregon,Maryland,,,fbs,fbs,,,False,,Maryland
401628544,2024,11,Rutgers,Minnesota,,,fbs,fbs,,,False,,Minnesota
401628545,2024,11,Ohio State,Purdue,,,fbs,fbs,,,False,,Purdue
401628546,2024,11,Penn State,Washington,,,fbs,fbs,,,False,,Washington
401629037,2024,11,UAB,Connecticut,,,fbs,fbs,,,False,,Connecticut
401629045,2024,11,North Texas,Army,,,fbs,fbs,,,False,,Army
401635606,2024,11,Boston College,Syracuse,,,fbs,fbs,,,False,,Syracuse
401635607,2024,11,Virginia Tech,Clemson,,,fbs,fbs,,,False,,Clemson
401635608,2024,11,NC State,Duke,,,fbs,fbs,,,False,,Duke
401635609,2024,11,Georgia Tech,Miami,,,fbs,fbs,,,False,,Miami
401635610,2024,11,Pittsburgh,Virginia,,,fbs,fbs,,,False,,Virginia
401636917,2024,11,Arizona State,UCF,,,fbs,fbs,,,False,,UCF
401636918,2024,11,Cincinnati,West Virginia,,,fbs,fbs,,,False,,West Virginia
401636919,2024,11,Kansas,Iowa State,,,fbs,fbs,,,True,,Iowa State
401636920,2024,11,TCU,Oklahoma State,,,fbs,fbs,,,False,,Oklahoma State
401636921,2024,11,Texas Tech,Colorado,,,fbs,fbs,,,False,,Colorado
401636922,2024,11,Utah,BYU,,,fbs,fbs,,,False,,BYU
401641021,2024,11,UTEP,Kennesaw State,,,fbs,fbs,,,False,,Kennesaw State
401641036,2024,11,New Mexico State,Western Kentucky,,,fbs,fbs,,,False,,Western Kentucky
401643751,2024,11,Air Force,Fresno State,,,fbs,fbs,,,False,,Fresno State
401643752,2024,11,Boise State,Nevada,,,fbs,fbs,,,False,,Nevada
401645364,2024,11,Tulane,Temple,,,fbs,fbs,,,False,,Temple
401645363,2024,11,South Florida,Navy,,,fbs,fbs,,,False,,Navy
401643829,2024,11,Southern Mississippi,Marshall,,,fbs,fbs,,,False,,Marshall
401643828,2024,11,Louisiana Monroe,Texas State,,,fbs,fbs,,,False,,Texas State
401643827,2024,11,Louisiana,Arkansas State,,,fbs,fbs,,,False,,Arkansas State
401643826,2024,11,James Madison,Georgia State,,,fbs,fbs,,,False,,Georgia State
401643755,2024,11,Oregon State,San José State,,,fbs,fbs,,,False,,San José State
401679157,2024,11,Mercyhurst,Lincoln University (CA),,,fcs,ii,,,False,,Lincoln University (CA)
401674825,2024,11,Catholic University,Wilkes,,,iii,iii,,,False,,Wilkes
401687162,2024,11,St. John Fisher,Morrisville State,,,iii,iii,,,False,,Morrisville State
401674884,2024,11,Castleton State College,Bridgewater State,,,iii,iii,,,False,,Bridgewater State
401674893,2024,11,Fitchburg State,Plymouth State,,,iii,iii,,,False,,Plymouth State
401674869,2024,11,Albright,King's College (PA),,,iii,iii,,,False,,King's College (PA)
401674901,2024,11,Worcester State College,Mass Maritime,,,iii,iii,,,False,,Mass Maritime
401675425,2024,11,Walsh,Ashland,,,ii,ii,,,False,,Ashland
401675503,2024,11,Shorter,West Alabama,,,ii,ii,,,False,,West Alabama
401673416,2024,11,Moravian,Lycoming,,,iii,iii,,,False,,Lycoming
401675761,2024,11,Limestone,Barton College,,,ii,ii,,,False,,Barton College
401676013,2024,11,NC Wesleyan,Brevard College,,,iii,iii,,,False,,Brevard College
401676029,2024,11,Greensboro,Maryville TN,,,iii,iii,,,False,,Maryville TN
401676099,2024,11,Kutztown,West Chester,,,ii,ii,,,False,,West Chester
401676104,2024,11,Hiram,DePauw,,,iii,iii,,,False,,DePauw
401676132,2024,11,Northwestern (MN),Greenville,,,iii,iii,,,False,,Greenville
401676154,2024,11,Hamilton,Bates College,,,iii,iii,,,False,,Bates College
401676175,2024,11,Trinity (CT),Wesleyan,,,iii,iii,,,False,,Wesleyan
401676188,2024,11,Williams,Amherst College,,,iii,iii,,,False,,Amherst College
401676222,2024,11,Norwich,MIT,,,iii,iii,,,False,,MIT
401676304,2024,11,Centre,Rhodes,,,iii,iii,,,False,,Rhodes
401676624,2024,11,Carnegie Mellon,Allegheny,,,iii,iii,,,False,,Allegheny
401676668,2024,11,Hilbert College,Utica,,,iii,iii,,,True,,Utica
401676743,2024,11,Southwest Minnesota State,Winona State,,,ii,ii,,,False,,Winona State
401677362,2024,11,Western Connecticut State,Framingham State,,,iii,iii,,,False,,Framingham State
401654621,2024,11,Holy Cross,Lehigh,,,fcs,fcs,,,False,,Lehigh
401654598,2024,11,Sacred Heart,Long Island University,,,fcs,fcs,,,False,,Long Island University
401654593,2024,11,Duquesne,Robert Morris,,,fcs,fcs,,,False,,Robert Morris
401654494,2024,11,Harvard,Columbia,,,fcs,fcs,,,False,,Columbia
401654460,2024,11,Yale,Brown,,,fcs,fcs,,,False,,Brown
401638692,2024,11,Dayton,San Diego,,,fcs,fcs,,,False,,San Diego
401634140,2024,11,East Tennessee State,Western Carolina,,,fcs,fcs,,,False,,Western Carolina
401674874,2024,11,Misericordia,Stevenson,,,iii,iii,,,False,,Stevenson
401677500,2024,11,Salve Regina,Worcester Polytechnic,,,iii,iii,,,False,,Worcester Polytechnic
401682281,2024,11,Westfield State,UMass Dartmouth,,,iii,iii,,,False,,UMass Dartmouth
401628417,2024,11,Texas,Florida,,,fbs,fbs,,,False,,Florida
401682329,2024,11,Coast Guard,SUNY Maritime,,,iii,iii,,,False,,SUNY Maritime
401673426,2024,11,Delaware Valley,Eastern University,,,iii,iii,,,False,,Eastern University
401673435,2024,11,FDU-Florham,Widener,,,iii,iii,,,False,,Widener
401674281,2024,11,Fairmont State,West Liberty,,,ii,ii,,,False,,West Liberty
401674356,2024,11,California (PA),Edinboro,,,ii,ii,,,False,,Edinboro
401674385,2024,11,Clarion,Gannon,,,ii,ii,,,False,,Gannon
401674576,2024,11,Davenport,Northern Michigan,,,ii,ii,,,False,,Northern Michigan
401674709,2024,11,Nichols,Curry,,,iii,iii,,,False,,Curry
401674718,2024,11,Endicott College,Husson,,,iii,iii,,,False,,Husson
401674761,2024,11,Brockport State (NY),SUNY Cortland,,,iii,iii,,,False,,SUNY Cortland
401676169,2024,11,Tufts,Middlebury,,,iii,iii,,,False,,Middlebury
401675452,2024,11,Lake Erie College,Ohio Dominican,,,ii,ii,,,False,,Ohio Dominican
401675490,2024,11,Mississippi College,Northeastern State,,,ii,ii,,,False,,Northeastern State
401675593,2024,11,Morehouse,Clark Atlanta,,,ii,ii,,,False,,Clark Atlanta
401675606,2024,11,Central State,Kentucky State,,,ii,ii,,,False,,Kentucky State
401675827,2024,11,Minnesota State,University of Mary,,,ii,ii,,,False,,University of Mary
401675839,2024,11,Wayne State (NE),Northern State,,,ii,ii,,,False,,Northern State
401675944,2024,11,Wisconsin-La Crosse,UW-Whitewater,,,iii,iii,,,False,,UW-Whitewater
401675958,2024,11,UW-River Falls,Wisconsin-Stevens Point,,,iii,iii,,,False,,Wisconsin-Stevens Point
401676004,2024,11,Southern Virginia,Huntingdon,,,iii,iii,,,False,,Huntingdon
401676041,2024,11,Concordia (WI),Concordia (IL),,,iii,iii,,,False,,Concordia (IL)
401676047,2024,11,Belhaven College,LaGrange College,,,iii,iii,,,False,,LaGrange College
401654652,2024,11,Bucknell,Fordham,,,fcs,fcs,,,False,,Fordham
401654630,2024,11,Colgate,Lafayette,,,fcs,fcs,,,False,,Lafayette
401654579,2024,11,Stonehill,Central Connecticut,,,fcs,fcs,,,False,,Central Connecticut
401654508,2024,11,Cornell,Pennsylvania,,,fcs,fcs,,,False,,Pennsylvania
401654502,2024,11,Delaware State,Morgan State,,,fcs,fcs,,,False,,Morgan State
401638691,2024,11,Davidson,Morehead State,,,fcs,fcs,,,False,,Morehead State
401638690,2024,11,Stetson,Marist,,,fcs,fcs,,,False,,Marist
401634244,2024,11,Southern Illinois,Youngstown State,,,fcs,fcs,,,False,,Youngstown State
401628684,2024,11,Villanova,North Carolina A&T,,,fcs,fcs,,,False,,North Carolina A&T
401628683,2024,11,New Hampshire,Monmouth,,,fcs,fcs,,,False,,Monmouth
401628682,2024,11,Towson,Hampton,,,fcs,fcs,,,False,,Hampton
401628681,2024,11,William & Mary,Elon,,,fcs,fcs,,,False,,Elon
401628680,2024,11,Delaware,Rhode Island,,,fcs,fcs,,,False,,Rhode Island
401628678,2024,11,Maine,Bryant,,,fcs,fcs,,,False,,Bryant
401628677,2024,11,Stony Brook,Albany,,,fcs,fcs,,,False,,Albany
401676108,2024,11,Lock Haven,Shippensburg,,,ii,ii,,,False,,Shippensburg
401676125,2024,11,Westminster,Minnesota-Morris,,,iii,iii,,,False,,Minnesota-Morris
401640995,2024,11,Middle Tennessee,Liberty,,,fbs,fbs,,,False,,Liberty
401676070,2024,11,St. Norbert,Lakeland University,,,iii,iii,,,False,,Lakeland University
401658346,2024,11,Ferris State,Saginaw Valley,,,ii,ii,,,False,,Saginaw Valley
401658356,2024,11,Chowan,Erskine,,,ii,ii,,,False,,Erskine
401673379,2024,11,Tusculum,Carson-Newman,,,ii,ii,,,False,,Carson-Newman
401673389,2024,11,Emory & Henry,UVA-Wise,,,ii,ii,,,False,,UVA-Wise
401673443,2024,11,Alvernia University,Lebanon Valley,,,iii,iii,,,False,,Lebanon Valley
401673963,2024,11,Carroll (WI),Illinois Wesleyan,,,iii,iii,,,False,,Illinois Wesleyan
401673978,2024,11,North Central,Elmhurst,,,iii,iii,,,False,,Elmhurst
401674272,2024,11,Concord,Wheeling Jesuit,,,ii,ii,,,False,,Wheeling Jesuit
401674316,2024,11,Minnesota St-Moorhead,Bemidji State,,,ii,ii,,,False,,Bemidji State
401674327,2024,11,Concordia-St. Paul,Minnesota-Duluth,,,ii,ii,,,False,,Minnesota-Duluth
401674517,2024,11,Lincoln (MO),Lane,,,ii,ii,,,False,,Lane
401674581,2024,11,Wayne State (MI),Roosevelt,,,ii,ii,,,False,,Roosevelt
401674677,2024,11,Johns Hopkins,Dickinson,,,iii,iii,,,False,,Dickinson
401674686,2024,11,Ursinus,Gettysburg,,,iii,iii,,,False,,Gettysburg
401674701,2024,11,Franklin & Marshall,Muhlenberg,,,iii,iii,,,False,,Muhlenberg
401674741,2024,11,North Park,Washington (MO),,,iii,iii,,,False,,Washington (MO)
401674753,2024,11,Hartwick,Alfred,,,iii,iii,,,False,,Alfred
401674788,2024,11,Defiance,Hanover,,,iii,iii,,,False,,Hanover
401674839,2024,11,Ithaca,St Lawrence,,,iii,iii,,,False,,St Lawrence
401674851,2024,11,Buffalo State,Rensselaer,,,iii,iii,,,False,,Rensselaer
401674915,2024,11,Trine,Adrian,,,iii,iii,,,False,,Adrian
401674923,2024,11,Albion,Olivet College,,,iii,iii,,,False,,Olivet College
401674929,2024,11,Kalamazoo,Alma College,,,iii,iii,,,False,,Alma College
401675034,2024,11,Rockford,Wisconsin Lutheran,,,iii,iii,,,False,,Wisconsin Lutheran
401675292,2024,11,Wittenberg,Wabash College,,,iii,iii,,,False,,Wabash College
401675385,2024,11,Bowie State,Lincoln (PA),,,ii,ii,,,False,,Lincoln (PA)
401675393,2024,11,Virginia State,Virginia Union,,,ii,ii,,,False,,Virginia Union
401676768,2024,11,Western New England,University of New England,,,iii,iii,,,False,,University of New England
401676746,2024,11,Slippery Rock,Seton Hill College,,,ii,ii,,,False,,Seton Hill College
401676734,2024,11,Post University,American International,,,ii,ii,,,True,,American International
401676713,2024,11,Pace,Assumption,,,ii,ii,,,False,,Assumption
401676643,2024,11,Grove City College,Case Western Reserve,,,iii,iii,,,False,,Case Western Reserve
401676631,2024,11,St. Vincent,Bethany (WV),,,iii,iii,,,False,,Bethany (WV)
401676439,2024,11,Waynesburg,Thiel College,,,iii,iii,,,False,,Thiel College
401676430,2024,11,Shenandoah,Hampden-Sydney,,,iii,iii,,,False,,Hampden-Sydney
401676426,2024,11,Geneva College,Westminster PA,,,iii,iii,,,False,,Westminster PA
401676417,2024,11,Berry College,Millsaps,,,iii,iii,,,False,,Millsaps
401676414,2024,11,Randolph-Macon,Ferrum,,,iii,iii,,,False,,Ferrum
401676401,2024,11,Averett,Guilford,,,iii,iii,,,False,,Guilford
401676254,2024,11,William Paterson,College of New Jersey,,,iii,iii,,,False,,College of New Jersey
401676249,2024,11,Salisbury,McDaniel College,,,iii,iii,,,False,,McDaniel College
401676242,2024,11,Rowan,Kean,,,iii,iii,,,False,,Kean
401676145,2024,11,Kenyon,Ohio Wesleyan,,,iii,iii,,,False,,Ohio Wesleyan
401675416,2024,11,Winston-Salem,Fayetteville State,,,ii,ii,,,False,,Fayetteville State
401675440,2024,11,Hillsdale,Tiffin,,,ii,ii,,,False,,Tiffin
401674371,2024,11,East Stroudsburg,Shepherd,,,ii,ii,,,False,,Shepherd
401676792,2024,11,Wingate,Newberry,,,ii,ii,,,False,,Newberry
401674771,2024,11,Bluffton,Franklin,,,iii,iii,,,False,,Franklin
401674794,2024,11,Manchester,Mount St. Joseph,,,iii,iii,,,False,,Mount St. Joseph
401674800,2024,11,Anderson (IN),Rose-Hulman,,,iii,iii,,,False,,Rose-Hulman
401676298,2024,11,Baldwin-Wallace,Ohio Northern,,,iii,iii,,,False,,Ohio Northern
401676313,2024,11,Muskingum,Capital,,,iii,iii,,,False,,Capital
401676341,2024,11,Wilmington (OH),Heidelberg,,,iii,iii,,,False,,Heidelberg
401676346,2024,11,John Carroll,Otterbein,,,iii,iii,,,False,,Otterbein
401676353,2024,11,Mount Union,Marietta,,,iii,iii,,,False,,Marietta
401632077,2024,11,West Georgia,Tarleton State,,,fcs,fcs,,,False,,Tarleton State
401632467,2024,11,The Citadel,Chattanooga,,,fcs,fcs,,,False,,Chattanooga
401634003,2024,11,Charleston Southern,UT Martin,,,fcs,fcs,,,False,,UT Martin
401634005,2024,11,Lindenwood,Southeast Missouri State,,,fcs,fcs,,,False,,Southeast Missouri State
401634006,2024,11,Western Illinois,Tennessee State,,,fcs,fcs,,,False,,Tennessee State
401674963,2024,11,Carleton,Gustavus Adolphus,,,iii,iii,,,False,,Gustavus Adolphus
401674948,2024,11,Augsburg,Macalester,,,iii,iii,,,False,,Macalester
401674735,2024,11,Millikin,Wheaton College (Ill),,,iii,iii,,,False,,Wheaton College (Ill)
401674667,2024,11,Centenary,Texas Lutheran,,,iii,iii,,,True,,Texas Lutheran
401674661,2024,11,Lyon College,McMurry,,,iii,iii,,,True,,McMurry
401674651,2024,11,Howard Payne,East Texas Baptist,,,iii,iii,,,False,,East Texas Baptist
401674644,2024,11,Hardin-Simmons,Mary Hardin-Baylor,,,iii,iii,,,False,,Mary Hardin-Baylor
401674614,2024,11,Loras College,Nebraska Wesleyan University,,,iii,iii,,,False,,Nebraska Wesleyan University
401674608,2024,11,Dubuque,Wartburg,,,iii,iii,,,False,,Wartburg
401674536,2024,11,Southwest Baptist,Quincy,,,ii,ii,,,False,,Quincy
401674506,2024,11,Indianapolis,Missouri S&T,,,ii,ii,,,False,,Missouri S&T
401674432,2024,11,Henderson State,Southwestern Oklahoma,,,ii,ii,,,False,,Southwestern Oklahoma
401674347,2024,11,Bloomsburg,Millersville,,,ii,ii,,,False,,Millersville
401674148,2024,11,Washburn,Central Oklahoma,,,ii,ii,,,False,,Central Oklahoma
401674138,2024,11,Emporia State,Central Missouri State,,,ii,ii,,,False,,Central Missouri State
401673954,2024,11,Augustana (IL),Carthage,,,iii,iii,,,False,,Carthage
401673453,2024,11,Illinois College,Cornell College (IA),,,iii,iii,,,False,,Cornell College (IA)
401673263,2024,11,Fort Lewis,New Mexico Highlands,,,ii,ii,,,False,,New Mexico Highlands
401673256,2024,11,South Dakota Mines,Colorado Mesa,,,ii,ii,,,False,,Colorado Mesa
401634116,2024,11,Northern Colorado,Eastern Washington,,,fcs,fcs,,,False,,Eastern Washington
401634156,2024,11,Furman,Wofford,,,fcs,fcs,,,False,,Wofford
401634166,2024,11,Northern Iowa,Illinois State,,,fcs,fcs,,,False,,Illinois State
401634178,2024,11,South Dakota,Indiana State,,,fcs,fcs,,,False,,Indiana State
401634187,2024,11,Murray State,Missouri State,,,fcs,fcs,,,False,,Missouri State
401634204,2024,11,North Dakota,South Dakota State,,,fcs,fcs,,,False,,South Dakota State
401638688,2024,11,Valparaiso,Butler,,,fcs,fcs,,,False,,Butler
401638689,2024,11,St. Thomas (MN),Drake,,,fcs,fcs,,,False,,Drake
401675447,2024,11,Thomas More,Kentucky Wesleyan,,,ii,ii,,,True,,Kentucky Wesleyan
401675569,2024,11,Fort Valley State,Albany State (GA),,,ii,ii,,,True,,Albany State (GA)
401675536,2024,11,Eastern New Mexico,University of Texas of the Permian Basin,,,ii,ii,,,False,,University of Texas of the Permian Basin
401675578,2024,11,Edward Waters,Allen,,,ii,ii,,,False,,Allen
401675585,2024,11,Benedict College,Savannah State,,,ii,ii,,,False,,Savannah State
401674970,2024,11,Concordia (MN),Bethel (MN),,,iii,iii,,,False,,Bethel (MN)
401675803,2024,11,Livingstone,Johnson C Smith,,,ii,ii,,,False,,Johnson C Smith
401675832,2024,11,Augustana (SD),Sioux Falls,,,ii,ii,,,False,,Sioux Falls
401675901,2024,11,Coe,Simpson College,,,iii,iii,,,False,,Simpson College
401675980,2024,11,Wisconsin-Platteville,Wisconsin-Eau Claire,,,iii,iii,,,False,,Wisconsin-Eau Claire
401676139,2024,11,Martin Luther College,Crown College,,,iii,iii,,,False,,Crown College
401674981,2024,11,Hamline,St. Scholastica,,,iii,iii,,,False,,St. Scholastica
401674987,2024,11,St. Johns (MN),St. Olaf College,,,iii,iii,,,False,,St. Olaf College
401674997,2024,11,Ripon,Beloit College,,,iii,iii,,,False,,Beloit College
401675004,2024,11,Chicago,Grinnell,,,iii,iii,,,False,,Grinnell
401675011,2024,11,Lawrence,Knox College,,,iii,iii,,,False,,Knox College
401675017,2024,11,Lake Forest,Monmouth (IL),,,iii,iii,,,False,,Monmouth (IL)
401676234,2024,11,Montclair State,Christopher Newport,,,iii,iii,,,False,,Christopher Newport
401676262,2024,11,Trinity (TX),Southwestern University,,,iii,iii,,,False,,Southwestern University
401676269,2024,11,Sewanee Univ. of the South,Hendrix College,,,iii,iii,,,False,,Hendrix College
401676408,2024,11,Bridgewater (VA),Washington & Lee,,,iii,iii,,,False,,Washington & Lee
401674496,2024,11,Southern Arkansas,Northwestern Oklahoma State,,,ii,ii,,,False,,Northwestern Oklahoma State
401675482,2024,11,Delta State,Valdosta State,,,ii,ii,,,False,,Valdosta State
401675496,2024,11,West Florida,North Greenville,,,ii,ii,,,True,,North Greenville
401675952,2024,11,UW-Oshkosh,UW-Stout,,,iii,iii,,,False,,UW-Stout
401673149,2024,11,Black Hills State,Adams State,,,ii,ii,,,False,,Adams State
401673247,2024,11,Western State,Chadron State,,,ii,ii,,,False,,Chadron State
401673273,2024,11,Colorado State-Pueblo,Colorado Mines,,,ii,ii,,,False,,Colorado Mines
401674178,2024,11,Missouri Western,Northwest Missouri State,,,ii,ii,,,False,,Northwest Missouri State
401674398,2024,11,Southeastern Oklahoma,Arkansas Tech,,,ii,ii,,,False,,Arkansas Tech
401674408,2024,11,Southern Nazarene,Arkansas-Monticello,,,ii,ii,,,False,,Arkansas-Monticello
401674417,2024,11,East Central,Harding,,,ii,ii,,,False,,Harding
401674482,2024,11,Oklahoma Baptist,Ouachita Baptist,,,ii,ii,,,False,,Ouachita Baptist
401632135,2024,11,North Alabama,Southern Utah,,,fcs,fcs,,,False,,Southern Utah
401634027,2024,11,Houston Christian,Nicholls,,,fcs,fcs,,,False,,Nicholls
401634028,2024,11,Incarnate Word,Lamar,,,fcs,fcs,,,False,,Lamar
401634118,2024,11,Weber State,Idaho State,,,fcs,fcs,,,False,,Idaho State
401634120,2024,11,Montana State,Sacramento State,,,fcs,fcs,,,False,,Sacramento State
401634257,2024,11,Arkansas-Pine Bluff,Alabama A&M,,,fcs,fcs,,,False,,Alabama A&M
401636350,2024,11,Grambling,Alabama State,,,fcs,fcs,,,False,,Alabama State
401636369,2024,11,Southern,Bethune-Cookman,,,fcs,fcs,,,False,,Bethune-Cookman
401636378,2024,11,Prairie View,Florida A&M,,,fcs,fcs,,,False,,Florida A&M
401655656,2024,11,Samford,Tennessee Tech,,,fcs,fcs,,,False,,Tennessee Tech
401654542,2024,11,Howard,South Carolina State,,,fcs,fcs,,,False,,South Carolina State
401628679,2024,11,Campbell,Richmond,,,fcs,fcs,,,False,,Richmond
401634117,2024,11,Portland State,Idaho,,,fcs,fcs,,,False,,Idaho
401634004,2024,11,Gardner-Webb,Eastern Illinois,,,fcs,fcs,,,False,,Eastern Illinois
401632130,2024,11,Austin Peay,Abilene Christian,,,fcs,fcs,,,False,,Abilene Christian
401682377,2024,11,Puget Sound,Lewis & Clark,,,iii,iii,,,False,,Lewis & Clark
401676201,2024,11,La Verne,Chapman,,,iii,iii,,,False,,Chapman
401676285,2024,11,George Fox University,Whitworth,,,iii,iii,,,False,,Whitworth
401676291,2024,11,Linfield,Pacific Lutheran,,,iii,iii,,,False,,Pacific Lutheran
401674542,2024,11,William Jewell College,Truman State,,,ii,ii,,,True,,Truman State
401676183,2024,11,Claremont,Cal Lutheran,,,iii,iii,,,False,,Cal Lutheran
401676329,2024,11,Willamette,Pacific (OR),,,iii,iii,,,False,,Pacific (OR)
401675520,2024,11,Western Oregon,Angelo State,,,ii,ii,,,False,,Angelo State
401675122,2024,11,Texas A&M-Commerce,Stephen F. Austin,,,fcs,fcs,,,False,,Stephen F. Austin
401641004,2024,11,Louisiana Tech,Jacksonville State,,,fbs,fbs,,,False,,Jacksonville State
401679014,2024,11,Bowdoin,Colby,,,iii,iii,,,False,,Colby
401675769,2024,11,Catawba,Lenoir-Rhyne,,,ii,ii,,,False,,Lenoir-Rhyne
401677737,2024,11,Bluefield,Elizabeth City State,,,ii,ii,,,False,,Elizabeth City State
401675543,2024,11,West Texas A&M,Midwestern State,,,ii,ii,,,False,,Midwestern State
401675995,2024,11,Eureka College,Aurora,,,iii,iii,,,False,,Aurora
401634023,2024,11,Southeastern Louisiana,Northwestern State,,,fcs,fcs,,,False,,Northwestern State
401628984,2024,11,Notre Dame,Florida State,,,fbs,fbs,,,False,,Florida State
401643753,2024,11,Hawai'i,UNLV,,,fbs,fbs,,,False,,UNLV
401675528,2024,11,Central Washington,Sul Ross State,,,ii,ii,,,False,,Sul Ross State
401675931,2024,11,Redlands,Pomona-Pitzer,,,iii,iii,,,False,,Pomona-Pitzer
401634119,2024,11,Montana,UC Davis,,,fcs,fcs,,,False,,UC Davis
401644763,2024,12,Buffalo,Ball State,,,fbs,fbs,,,False,,Ball State
401644764,2024,12,Bowling Green,Western Michigan,,,fbs,fbs,,,False,,Western Michigan
401644765,2024,12,Toledo,Central Michigan,,,fbs,fbs,,,False,,Central Michigan
401644689,2024,12,Miami (OH),Kent State,,,fbs,fbs,,,False,,Kent State
401644766,2024,12,Northern Illinois,Akron,,,fbs,fbs,,,False,,Akron
401644767,2024,12,Ohio,Eastern Michigan,,,fbs,fbs,,,False,,Eastern Michigan
401645365,2024,12,Tulsa,East Carolina,,,fbs,fbs,,,False,,East Carolina
401634258,2024,12,Alabama A&M,Grambling,,,fcs,fcs,,,False,,Grambling
401654556,2024,12,North Carolina Central,Howard,,,fcs,fcs,,,False,,Howard
401643759,2024,12,Colorado State,Wyoming,,,fbs,fbs,,,False,,Wyoming
401645366,2024,12,UT San Antonio,North Texas,,,fbs,fbs,,,False,,North Texas
401628553,2024,12,Washington,UCLA,,,fbs,fbs,,,False,,UCLA
401636923,2024,12,Arizona,Houston,,,fbs,fbs,,,False,,Houston
401628547,2024,12,Illinois,Michigan State,,,fbs,fbs,,,False,,Michigan State
401628421,2024,12,Georgia,Tennessee,,,fbs,fbs,,,False,,Tennessee
401628423,2024,12,South Carolina,Missouri,,,fbs,fbs,,,False,,Missouri
401643835,2024,12,Texas State,Southern Mississippi,,,fbs,fbs,,,False,,Southern Mississippi
401645367,2024,12,Memphis,UAB,,,fbs,fbs,,,False,,UAB
401645368,2024,12,Charlotte,South Florida,,,fbs,fbs,,,False,,South Florida
401638693,2024,12,Drake,Morehead State,,,fcs,fcs,,,False,,Morehead State
401645369,2024,12,Temple,Florida Atlantic,,,fbs,fbs,,,False,,Florida Atlantic
401636926,2024,12,Iowa State,Cincinnati,,,fbs,fbs,,,False,,Cincinnati
401636925,2024,12,Colorado,Utah,,,fbs,fbs,,,False,,Utah
401636924,2024,12,BYU,Kansas,,,fbs,fbs,,,False,,Kansas
401635583,2024,12,North Carolina,Wake Forest,,,fbs,fbs,,,False,,Wake Forest
401635582,2024,12,Pittsburgh,Clemson,,,fbs,fbs,,,False,,Clemson
401635581,2024,12,California,Syracuse,,,fbs,fbs,,,False,,Syracuse
401635580,2024,12,SMU,Boston College,,,fbs,fbs,,,False,,Boston College
401635517,2024,12,Stanford,Louisville,,,fbs,fbs,,,False,,Louisville
401629046,2024,12,UMass,Liberty,,,fbs,fbs,,,False,,Liberty
401628552,2024,12,Purdue,Penn State,,,fbs,fbs,,,False,,Penn State
401628551,2024,12,Wisconsin,Oregon,,,fbs,fbs,,,False,,Oregon
401628550,2024,12,Northwestern,Ohio State,,,fbs,fbs,,,True,,Ohio State
401628549,2024,12,USC,Nebraska,,,fbs,fbs,,,False,,Nebraska
401628548,2024,12,Maryland,Rutgers,,,fbs,fbs,,,False,,Rutgers
401643834,2024,12,Louisiana,South Alabama,,,fbs,fbs,,,False,,South Alabama
401674264,2024,12,Charleston (WV),West Virginia State,,,ii,ii,,,False,,West Virginia State
401693681,2024,12,Lincoln University (CA),Florida Memorial University,,,ii,,,,True,,Florida Memorial University
401658357,2024,12,Erskine,Shorter,,,ii,ii,,,False,,Shorter
401658367,2024,12,Frostburg State,Fairmont State,,,ii,ii,,,False,,Fairmont State
401674139,2024,12,Central Missouri State,Missouri Southern State,,,ii,ii,,,False,,Missouri Southern State
401674288,2024,12,WV Wesleyan,Glenville State,,,ii,ii,,,False,,Glenville State
401643833,2024,12,Old Dominion,James Madison,,,fbs,fbs,,,False,,James Madison
401643832,2024,12,Marshall,Coastal Carolina,,,fbs,fbs,,,False,,Coastal Carolina
401643831,2024,12,Georgia State,Arkansas State,,,fbs,fbs,,,False,,Arkansas State
401643830,2024,12,Georgia Southern,Troy,,,fbs,fbs,,,False,,Troy
401643761,2024,12,New Mexico,Washington State,,,fbs,fbs,,,False,,Washington State
401674299,2024,12,Wheeling Jesuit,West Liberty,,,ii,ii,,,False,,West Liberty
401641022,2024,12,Kennesaw State,Sam Houston State,,,fbs,fbs,,,False,,Sam Houston State
401640986,2024,12,Jacksonville State,Florida International,,,fbs,fbs,,,False,,Florida International
401636929,2024,12,West Virginia,Baylor,,,fbs,fbs,,,False,,Baylor
401636927,2024,12,Kansas State,Arizona State,,,fbs,fbs,,,False,,Arizona State
401674328,2024,12,Minnesota-Duluth,Minnesota State,,,ii,ii,,,False,,Minnesota State
401674565,2024,12,Roosevelt,Grand Valley State,,,ii,ii,,,True,,Grand Valley State
401675441,2024,12,Ohio Dominican,Hillsdale,,,ii,ii,,,False,,Hillsdale
401675550,2024,12,Sul Ross State,University of Texas of the Permian Basin,,,ii,ii,,,False,,University of Texas of the Permian Basin
401675903,2024,12,Simpson College,Luther,,,iii,iii,,,False,,Luther
401675959,2024,12,Wisconsin-La Crosse,Wisconsin-Stevens Point,,,iii,iii,,,False,,Wisconsin-Stevens Point
401676087,2024,12,Indiana (PA),Kutztown,,,ii,ii,,,False,,Kutztown
401676215,2024,12,Calvin University,Albion,,,iii,iii,,,True,,Albion
401676286,2024,12,Pacific (OR),George Fox University,,,iii,iii,,,False,,George Fox University
401676367,2024,12,Otterbein,Ohio Northern,,,iii,iii,,,False,,Ohio Northern
401628420,2024,12,Florida,LSU,,,fbs,fbs,,,False,,LSU
401676014,2024,12,Maryville TN,NC Wesleyan,,,iii,iii,,,False,,NC Wesleyan
401676769,2024,12,Nichols,Western New England,,,iii,iii,,,False,,Western New England
401676747,2024,12,Seton Hill College,Shepherd,,,ii,ii,,,False,,Shepherd
401676739,2024,12,Bentley,St. Anselm,,,ii,ii,,,False,,St. Anselm
401676229,2024,12,SUNY Maritime,Springfield,,,iii,iii,,,False,,Springfield
401676223,2024,12,Salve Regina,Norwich,,,iii,iii,,,False,,Norwich
401676217,2024,12,Merchant Marine,Coast Guard,,,iii,iii,,,False,,Coast Guard
401673380,2024,12,Limestone,Carson-Newman,,,ii,ii,,,False,,Carson-Newman
401673417,2024,12,Wilkes,Moravian,,,iii,iii,,,False,,Moravian
401677497,2024,12,Worcester Polytechnic,MIT,,,iii,iii,,,False,,MIT
401682282,2024,12,Plymouth State,UMass Dartmouth,,,iii,iii,,,False,,UMass Dartmouth
401682325,2024,12,American International,Southern Connecticut State,,,ii,ii,,,False,,Southern Connecticut State
401628419,2024,12,Arkansas,Texas,,,fbs,fbs,,,False,,Texas
401676113,2024,12,Oberlin,Hiram,,,iii,iii,,,False,,Hiram
401645370,2024,12,Navy,Tulane,,,fbs,fbs,,,False,,Tulane
401673436,2024,12,FDU-Florham,Eastern University,,,iii,iii,,,False,,Eastern University
401674357,2024,12,California (PA),Shippensburg,,,ii,ii,,,False,,Shippensburg
401674372,2024,12,Clarion,East Stroudsburg,,,ii,ii,,,False,,East Stroudsburg
401687157,2024,12,Morrisville State,Hartwick,,,iii,iii,,,False,,Hartwick
401674379,2024,12,Edinboro,Millersville,,,ii,ii,,,False,,Millersville
401674386,2024,12,Gannon,Lock Haven,,,ii,ii,,,False,,Lock Haven
401674696,2024,12,McDaniel College,Johns Hopkins,,,iii,iii,,,False,,Johns Hopkins
401674710,2024,12,Curry,Endicott College,,,iii,iii,,,False,,Endicott College
401674762,2024,12,SUNY Cortland,Ithaca,,,iii,iii,,,False,,Ithaca
401674814,2024,12,Lycoming,Susquehanna,,,iii,iii,,,False,,Susquehanna
401674852,2024,12,Rensselaer,Union,,,iii,iii,,,False,,Union
401641013,2024,12,Western Kentucky,Louisiana Tech,,,fbs,fbs,,,False,,Louisiana Tech
401674875,2024,12,King's College (PA),Stevenson,,,iii,iii,,,False,,Stevenson
401674885,2024,12,Western Connecticut State,Castleton State College,,,iii,iii,,,False,,Castleton State College
401674894,2024,12,Westfield State,Fitchburg State,,,iii,iii,,,False,,Fitchburg State
401674902,2024,12,Bridgewater State,Mass Maritime,,,iii,iii,,,False,,Mass Maritime
401674909,2024,12,Framingham State,Worcester State College,,,iii,iii,,,False,,Worcester State College
401675434,2024,12,Tiffin,Findlay,,,ii,ii,,,False,,Findlay
401654622,2024,12,Lehigh,Colgate,,,fcs,fcs,,,False,,Colgate
401628686,2024,12,Monmouth,Villanova,,,fcs,fcs,,,False,,Villanova
401634141,2024,12,East Tennessee State,Furman,,,fcs,fcs,,,False,,Furman
401634249,2024,12,Youngstown State,Northern Iowa,,,fcs,fcs,,,False,,Northern Iowa
401638694,2024,12,Marist,Presbyterian College,,,fcs,fcs,,,False,,Presbyterian College
401638697,2024,12,Dayton,Valparaiso,,,fcs,fcs,,,False,,Valparaiso
401654468,2024,12,Yale,Princeton,,,fcs,fcs,,,False,,Princeton
401654495,2024,12,Brown,Columbia,,,fcs,fcs,,,False,,Columbia
401654580,2024,12,Central Connecticut,Robert Morris,,,fcs,fcs,,,False,,Robert Morris
401654594,2024,12,Duquesne,Wagner,,,fcs,fcs,,,False,,Wagner
401654599,2024,12,Long Island University,St Francis (PA),,,fcs,fcs,,,True,,St Francis (PA)
401654614,2024,12,Merrimack,Sacred Heart,,,fcs,fcs,,,False,,Sacred Heart
401654639,2024,12,Holy Cross,Bucknell,,,fcs,fcs,,,False,,Bucknell
401654631,2024,12,Lafayette,Stonehill,,,fcs,fcs,,,False,,Stonehill
401628426,2024,12,Auburn,Louisiana Monroe,,,fbs,fbs,,,False,,Louisiana Monroe
401675838,2024,12,Wayne State (NE),Concordia-St. Paul,,,ii,ii,,,False,,Concordia-St. Paul
401676305,2024,12,Rhodes,Berry College,,,iii,iii,,,False,,Berry College
401676427,2024,12,Westminster PA,Grove City College,,,iii,iii,,,False,,Grove City College
401676431,2024,12,Hampden-Sydney,Randolph-Macon,,,iii,iii,,,False,,Randolph-Macon
401676440,2024,12,Geneva College,Waynesburg,,,iii,iii,,,False,,Waynesburg
401676445,2024,12,Washington & Lee,Shenandoah,,,iii,iii,,,False,,Shenandoah
401676625,2024,12,Allegheny,Washington & Jefferson,,,iii,iii,,,False,,Washington & Jefferson
401676632,2024,12,Bethany (WV),Thiel College,,,iii,iii,,,False,,Thiel College
401676714,2024,12,Assumption,Franklin Pierce,,,ii,ii,,,False,,Franklin Pierce
401676729,2024,12,New Haven,Pace,,,ii,ii,,,False,,Pace
401677468,2024,12,Alvernia University,Misericordia,,,iii,iii,,,False,,Misericordia
401658347,2024,12,Saginaw Valley,Michigan Tech,,,ii,ii,,,False,,Michigan Tech
401673390,2024,12,Newberry,Emory & Henry,,,ii,ii,,,False,,Emory & Henry
401673427,2024,12,Widener,Delaware Valley,,,iii,iii,,,False,,Delaware Valley
401673444,2024,12,Lebanon Valley,Albright,,,iii,iii,,,False,,Albright
401673454,2024,12,Illinois College,Beloit College,,,iii,iii,,,False,,Beloit College
401673955,2024,12,Washington (MO),Augustana (IL),,,iii,iii,,,False,,Augustana (IL)
401673964,2024,12,Carroll (WI),Carthage,,,iii,iii,,,False,,Carthage
401674166,2024,12,Nebraska-Kearney,Fort Hays State,,,ii,ii,,,False,,Fort Hays State
401674273,2024,12,Concord,UNC Pembroke,,,ii,ii,,,False,,UNC Pembroke
401674337,2024,12,University of Mary,Minnesota St-Moorhead,,,ii,ii,,,False,,Minnesota St-Moorhead
401674348,2024,12,Slippery Rock,Bloomsburg,,,ii,ii,,,False,,Bloomsburg
401674507,2024,12,Lincoln (MO),Indianapolis,,,ii,ii,,,False,,Indianapolis
401674532,2024,12,Upper Iowa,Missouri S&T,,,ii,ii,,,False,,Missouri S&T
401674537,2024,12,Truman State,Southwest Baptist,,,ii,ii,,,False,,Southwest Baptist
401674557,2024,12,Ferris State,Davenport,,,ii,ii,,,False,,Davenport
401674577,2024,12,Wayne State (MI),Northern Michigan,,,ii,ii,,,False,,Northern Michigan
401674662,2024,12,McMurry,Centenary,,,iii,iii,,,False,,Centenary
401674678,2024,12,Dickinson,Ursinus,,,iii,iii,,,False,,Ursinus
401674687,2024,12,Gettysburg,Franklin & Marshall,,,iii,iii,,,False,,Franklin & Marshall
401674702,2024,12,Muhlenberg,Montclair State,,,iii,iii,,,False,,Montclair State
401674719,2024,12,Husson,University of New England,,,iii,iii,,,False,,University of New England
401674742,2024,12,Wheaton College (Ill),North Park,,,iii,iii,,,False,,North Park
401674754,2024,12,Alfred,Brockport State (NY),,,iii,iii,,,False,,Brockport State (NY)
401674807,2024,12,Juniata,Catholic University,,,iii,iii,,,False,,Catholic University
401674833,2024,12,Hobart,Rochester,,,iii,iii,,,False,,Rochester
401674857,2024,12,St Lawrence,Buffalo State,,,iii,iii,,,False,,Buffalo State
401674916,2024,12,Adrian,Alma College,,,iii,iii,,,False,,Alma College
401674932,2024,12,Olivet College,Hope,,,iii,iii,,,False,,Hope
401674935,2024,12,Kalamazoo,Trine,,,iii,iii,,,False,,Trine
401675005,2024,12,Cornell College (IA),Grinnell,,,iii,iii,,,False,,Grinnell
401675012,2024,12,Knox College,Monmouth (IL),,,iii,iii,,,False,,Monmouth (IL)
401675023,2024,12,Ripon,Lawrence,,,iii,iii,,,False,,Lawrence
401675284,2024,12,Wooster,Wittenberg,,,iii,iii,,,False,,Wittenberg
401675426,2024,12,Ashland,Kentucky Wesleyan,,,ii,ii,,,False,,Kentucky Wesleyan
401675453,2024,12,Lake Erie College,Thomas More,,,ii,ii,,,False,,Thomas More
401675457,2024,12,Northwood (MI),Walsh,,,ii,ii,,,False,,Walsh
401675475,2024,12,North Greenville,Chowan,,,ii,ii,,,False,,Chowan
401675483,2024,12,Mississippi College,Delta State,,,ii,ii,,,False,,Delta State
401675797,2024,12,Lenoir-Rhyne,Anderson (SC),,,ii,ii,,,False,,Anderson (SC)
401675945,2024,12,Wisconsin-Eau Claire,UW-Whitewater,,,iii,iii,,,False,,UW-Whitewater
401676005,2024,12,LaGrange College,Southern Virginia,,,iii,iii,,,False,,Southern Virginia
401676022,2024,12,Methodist,Belhaven College,,,iii,iii,,,False,,Belhaven College
401676042,2024,12,Concordia (IL),Benedictine (IL),,,iii,iii,,,False,,Benedictine (IL)
401676064,2024,12,Kentucky Christian,Brevard College,,,,iii,,,True,,Brevard College
401676073,2024,12,St. Norbert,Eureka College,,,iii,iii,,,False,,Eureka College
401676093,2024,12,Ohio Wesleyan,Denison,,,iii,iii,,,False,,Denison
401676126,2024,12,Westminster,Northwestern (MN),,,iii,iii,,,False,,Northwestern (MN)
401676141,2024,12,Crown College,Greenville,,,iii,iii,,,False,,Greenville
401676235,2024,12,Christopher Newport,College of New Jersey,,,iii,iii,,,False,,College of New Jersey
401676243,2024,12,Kean,Salisbury,,,iii,iii,,,False,,Salisbury
401676270,2024,12,Centre,Sewanee Univ. of the South,,,iii,iii,,,False,,Sewanee Univ. of the South
401676278,2024,12,William Paterson,Rowan,,,iii,iii,,,False,,Rowan
401676669,2024,12,St. John Fisher,Utica,,,iii,iii,,,False,,Utica
401628691,2024,12,Delaware,Campbell,,,fcs,fcs,,,False,,Campbell
401628692,2024,12,New Hampshire,Stony Brook,,,fcs,fcs,,,False,,Stony Brook
401634007,2024,12,Eastern Illinois,Charleston Southern,,,fcs,fcs,,,False,,Charleston Southern
401636379,2024,12,Florida A&M,Mississippi Valley State,,,fcs,fcs,,,False,,Mississippi Valley State
401634205,2024,12,North Dakota,South Dakota,,,fcs,fcs,,,False,,South Dakota
401628689,2024,12,Rhode Island,Albany,,,fcs,fcs,,,False,,Albany
401654645,2024,12,Fordham,Georgetown,,,fcs,fcs,,,False,,Georgetown
401654476,2024,12,Cornell,Dartmouth,,,fcs,fcs,,,False,,Dartmouth
401644604,2024,12,Pennsylvania,Harvard,,,fcs,fcs,,,False,,Harvard
401638349,2024,12,Western Carolina,VMI,,,fcs,fcs,,,False,,VMI
401634167,2024,12,Indiana State,Illinois State,,,fcs,fcs,,,False,,Illinois State
401628685,2024,12,Hampton,Richmond,,,fcs,fcs,,,False,,Richmond
401628688,2024,12,Towson,North Carolina A&T,,,fcs,fcs,,,False,,North Carolina A&T
401628690,2024,12,William & Mary,Bryant,,,fcs,fcs,,,False,,Bryant
401675300,2024,12,DePauw,Wabash College,,,iii,iii,,,False,,Wabash College
401628422,2024,12,Kentucky,Murray State,,,fbs,fcs,,,False,,Murray State
401674801,2024,12,Mount St. Joseph,Rose-Hulman,,,iii,iii,,,False,,Rose-Hulman
401676794,2024,12,Wingate,Tusculum,,,ii,ii,,,False,,Tusculum
401676638,2024,12,Case Western Reserve,Carnegie Mellon,,,iii,iii,,,False,,Carnegie Mellon
401676358,2024,12,Muskingum,Mount Union,,,iii,iii,,,False,,Mount Union
401676347,2024,12,John Carroll,Marietta,,,iii,iii,,,False,,Marietta
401676314,2024,12,Capital,Wilmington (OH),,,iii,iii,,,False,,Wilmington (OH)
401676299,2024,12,Heidelberg,Baldwin-Wallace,,,iii,iii,,,False,,Baldwin-Wallace
401674795,2024,12,Anderson (IN),Manchester,,,iii,iii,,,False,,Manchester
401674772,2024,12,Bluffton,Defiance,,,iii,iii,,,False,,Defiance
401674781,2024,12,Franklin,Hanover,,,iii,iii,,,False,,Hanover
401634157,2024,12,Wofford,The Citadel,,,fcs,fcs,,,False,,The Citadel
401632468,2024,12,Chattanooga,Samford,,,fcs,fcs,,,False,,Samford
401634009,2024,12,Southeast Missouri State,Western Illinois,,,fcs,fcs,,,False,,Western Illinois
401632119,2024,12,Austin Peay,Eastern Kentucky,,,fcs,fcs,,,False,,Eastern Kentucky
401628687,2024,12,Elon,Maine,,,fcs,fcs,,,False,,Maine
401638696,2024,12,Butler,St. Thomas (MN),,,fcs,fcs,,,False,,St. Thomas (MN)
401634036,2024,12,Northwestern State,McNeese,,,fcs,fcs,,,False,,McNeese
401634126,2024,12,Northern Colorado,Northern Arizona,,,fcs,fcs,,,False,,Northern Arizona
401634021,2024,12,Texas A&M-Commerce,Houston Christian,,,fcs,fcs,,,False,,Houston Christian
401676263,2024,12,Millsaps,Trinity (TX),,,iii,iii,,,False,,Trinity (TX)
401628425,2024,12,Alabama,Mercer,,,fbs,fcs,,,False,,Mercer
401654503,2024,12,Norfolk State,Delaware State,,,fcs,fcs,,,False,,Delaware State
401676082,2024,12,Wisconsin Lutheran,Concordia (WI),,,iii,iii,,,False,,Concordia (WI)
401676052,2024,12,Huntingdon,Greensboro,,,iii,iii,,,False,,Greensboro
401675984,2024,12,UW-River Falls,UW-Oshkosh,,,iii,iii,,,False,,UW-Oshkosh
401673239,2024,12,New Mexico Highlands,Black Hills State,,,ii,ii,,,False,,Black Hills State
401673269,2024,12,Colorado Mines,Fort Lewis,,,ii,ii,,,False,,Fort Lewis
401673274,2024,12,Chadron State,Colorado State-Pueblo,,,ii,ii,,,False,,Colorado State-Pueblo
401673979,2024,12,Elmhurst,Millikin,,,iii,iii,,,False,,Millikin
401674149,2024,12,Central Oklahoma,Emporia State,,,ii,ii,,,False,,Emporia State
401674228,2024,12,Minot State,Winona State,,,ii,ii,,,False,,Winona State
401674317,2024,12,Bemidji State,Augustana (SD),,,ii,ii,,,False,,Augustana (SD)
401674524,2024,12,William Jewell College,McKendree,,,ii,ii,,,True,,McKendree
401674591,2024,12,Buena Vista,Dubuque,,,iii,iii,,,False,,Dubuque
401674600,2024,12,Nebraska Wesleyan University,Central,,,iii,iii,,,True,,Central
401675953,2024,12,UW-Stout,Wisconsin-Platteville,,,iii,iii,,,False,,Wisconsin-Platteville
401675762,2024,12,Barton College,UVA-Wise,,,ii,ii,,,False,,UVA-Wise
401675544,2024,12,Midwestern State,Western New Mexico,,,ii,ii,,,False,,Western New Mexico
401675035,2024,12,Lakeland University,Rockford,,,iii,iii,,,False,,Rockford
401675018,2024,12,Chicago,Lake Forest,,,iii,iii,,,False,,Lake Forest
401674731,2024,12,Illinois Wesleyan,North Central,,,iii,iii,,,False,,North Central
401674668,2024,12,Texas Lutheran,Southwestern University,,,iii,iii,,,False,,Southwestern University
401674655,2024,12,Mary Hardin-Baylor,Howard Payne,,,iii,iii,,,False,,Howard Payne
401674645,2024,12,East Texas Baptist,Hardin-Simmons,,,iii,iii,,,False,,Hardin-Simmons
401674635,2024,12,Austin College,Lyon College,,,iii,iii,,,False,,Lyon College
401674615,2024,12,Wartburg,Loras College,,,iii,iii,,,False,,Loras College
401676742,2024,12,Sioux Falls,Southwest Minnesota State,,,ii,ii,,,False,,Southwest Minnesota State
401676402,2024,12,Ferrum,Averett,,,iii,iii,,,False,,Averett
401676136,2024,12,Minnesota-Morris,Martin Luther College,,,iii,iii,,,False,,Martin Luther College
401674187,2024,12,Northwest Missouri State,Pittsburg State,,,ii,ii,,,False,,Pittsburg State
401673248,2024,12,Colorado Mesa,Western State,,,ii,ii,,,False,,Western State
401674418,2024,12,East Central,Southeastern Oklahoma,,,ii,ii,,,False,,Southeastern Oklahoma
401643760,2024,12,Utah State,Hawai'i,,,fbs,fbs,,,False,,Hawai'i
401674409,2024,12,Arkansas-Monticello,Southern Arkansas,,,ii,ii,,,False,,Southern Arkansas
401674399,2024,12,Harding,Arkansas Tech,,,ii,ii,,,False,,Arkansas Tech
401674190,2024,12,Northeastern State,Washburn,,,ii,ii,,,False,,Washburn
401673150,2024,12,Adams State,South Dakota Mines,,,ii,ii,,,False,,South Dakota Mines
401674179,2024,12,Missouri Western,Quincy,,,ii,ii,,,False,,Quincy
401676409,2024,12,Guilford,Bridgewater (VA),,,iii,iii,,,False,,Bridgewater (VA)
401676292,2024,12,Whitworth,Linfield,,,iii,iii,,,False,,Linfield
401674433,2024,12,Henderson State,Ouachita Baptist,,,ii,ii,,,False,,Ouachita Baptist
401636361,2024,12,Southern,Arkansas-Pine Bluff,,,fcs,fcs,,,False,,Arkansas-Pine Bluff
401634239,2024,12,South Dakota State,Southern Illinois,,,fcs,fcs,,,False,,Southern Illinois
401634124,2024,12,Montana,Portland State,,,fcs,fcs,,,False,,Portland State
401634010,2024,12,UT Martin,Tennessee Tech,,,fcs,fcs,,,False,,Tennessee Tech
401675123,2024,12,Stephen F. Austin,Incarnate Word,,,fcs,fcs,,,False,,Incarnate Word
401654572,2024,12,Prairie View,Alcorn State,,,fcs,fcs,,,False,,Alcorn State
401636370,2024,12,Texas Southern,Bethune-Cookman,,,fcs,fcs,,,False,,Bethune-Cookman
401636351,2024,12,Alabama State,Jackson State,,,fcs,fcs,,,False,,Jackson State
401634188,2024,12,North Dakota State,Missouri State,,,fcs,fcs,,,False,,Missouri State
401628985,2024,12,Notre Dame,Virginia,,,fbs,fbs,,,False,,Virginia
401643757,2024,12,Air Force,Oregon State,,,fbs,fbs,,,False,,Oregon State
401675529,2024,12,Central Washington,Western Oregon,,,ii,ii,,,False,,Western Oregon
401674497,2024,12,Southwestern Oklahoma,Northwestern Oklahoma State,,,ii,ii,,,False,,Northwestern Oklahoma State
401676320,2024,12,Pacific Lutheran,Puget Sound,,,iii,iii,,,False,,Puget Sound
401654536,2024,12,Morgan State,South Carolina State,,,fcs,fcs,,,False,,South Carolina State
401638695,2024,12,San Diego,Stetson,,,fcs,fcs,,,False,,Stetson
401634122,2024,12,Eastern Washington,Idaho State,,,fcs,fcs,,,False,,Idaho State
401634037,2024,12,Lamar,Nicholls,,,fcs,fcs,,,False,,Nicholls
401634008,2024,12,Gardner-Webb,Tennessee State,,,fcs,fcs,,,False,,Tennessee State
401632129,2024,12,Utah Tech,West Georgia,,,fcs,fcs,,,False,,West Georgia
401634121,2024,12,Cal Poly,Sacramento State,,,fcs,fcs,,,False,,Sacramento State
401678916,2024,12,Central Arkansas,Southern Utah,,,fcs,fcs,,,False,,Southern Utah
401676330,2024,12,Lewis & Clark,Willamette,,,iii,iii,,,False,,Willamette
401675770,2024,12,Catawba,Mars Hill,,,ii,ii,,,False,,Mars Hill
401675521,2024,12,Angelo State,West Texas A&M,,,ii,ii,,,False,,West Texas A&M
401643758,2024,12,San José State,Boise State,,,fbs,fbs,,,False,,Boise State
401675507,2024,12,Valdosta State,West Florida,,,ii,ii,,,False,,West Florida
401632139,2024,12,Tarleton State,Abilene Christian,,,fcs,fcs,,,False,,Abilene Christian
401628424,2024,12,Texas A&M,New Mexico State,,,fbs,fbs,,,False,,New Mexico State
401675537,2024,12,Texas A&M-Kingsville,Eastern New Mexico,,,ii,ii,,,False,,Eastern New Mexico
401674483,2024,12,Oklahoma Baptist,Southern Nazarene,,,ii,ii,,,False,,Southern Nazarene
401634123,2024,12,Idaho,Weber State,,,fcs,fcs,,,False,,Weber State
401634125,2024,12,UC Davis,Montana State,,,fcs,fcs,,,False,,Montana State
401643762,2024,12,UNLV,San Diego State,,,fbs,fbs,,,False,,San Diego State
401644690,2024,13,Miami (OH),Northern Illinois,,,fbs,fbs,,,False,,Northern Illinois
401644770,2024,13,Central Michigan,Western Michigan,,,fbs,fbs,,,False,,Western Michigan
401644769,2024,13,Kent State,Akron,,,fbs,fbs,,,False,,Akron
401644773,2024,13,Toledo,Ohio,,,fbs,fbs,,,False,,Ohio
401644772,2024,13,Eastern Michigan,Buffalo,,,fbs,fbs,,,False,,Buffalo
401634039,2024,13,Nicholls,Southeastern Louisiana,,,fcs,fcs,,,False,,Southeastern Louisiana
401634772,2024,13,Georgia Tech,NC State,,,fbs,fbs,,,False,,NC State
401643767,2024,13,San José State,UNLV,,,fbs,fbs,,,False,,UNLV
401645374,2024,13,UT San Antonio,Temple,,,fbs,fbs,,,False,,Temple
401628558,2024,13,Michigan State,Purdue,,,fbs,fbs,,,False,,Purdue
401628433,2024,13,Oklahoma,Alabama,,,fbs,fbs,,,False,,Alabama
401628554,2024,13,Rutgers,Illinois,,,fbs,fbs,,,False,,Illinois
401635616,2024,13,Florida State,Charleston Southern,,,fbs,fcs,,,False,,Charleston Southern
401628431,2024,13,LSU,Vanderbilt,,,fbs,fbs,,,False,,Vanderbilt
401628428,2024,13,Auburn,Texas A&M,,,fbs,fbs,,,False,,Texas A&M
401628427,2024,13,Arkansas,Louisiana Tech,,,fbs,fbs,,,False,,Louisiana Tech
401628432,2024,13,Mississippi State,Missouri,,,fbs,fbs,,,False,,Missouri
401628436,2024,13,Texas,Kentucky,,,fbs,fbs,,,False,,Kentucky
401636937,2024,13,West Virginia,UCF,,,fbs,fbs,,,False,,UCF
401645371,2024,13,Florida Atlantic,Charlotte,,,fbs,fbs,,,False,,Charlotte
401644774,2024,13,Ball State,Bowling Green,,,fbs,fbs,,,False,,Bowling Green
401643842,2024,13,Texas State,Georgia State,,,fbs,fbs,,,False,,Georgia State
401643841,2024,13,Southern Mississippi,South Alabama,,,fbs,fbs,,,False,,South Alabama
401643840,2024,13,Louisiana,Troy,,,fbs,fbs,,,False,,Troy
401643838,2024,13,Old Dominion,Marshall,,,fbs,fbs,,,False,,Marshall
401643837,2024,13,Coastal Carolina,Georgia Southern,,,fbs,fbs,,,False,,Georgia Southern
401643836,2024,13,Appalachian State,James Madison,,,fbs,fbs,,,False,,James Madison
401643763,2024,13,Nevada,Air Force,,,fbs,fbs,,,False,,Air Force
401641027,2024,13,Middle Tennessee,New Mexico State,,,fbs,fbs,,,False,,New Mexico State
401640996,2024,13,Liberty,Western Kentucky,,,fbs,fbs,,,False,,Western Kentucky
401640987,2024,13,Kennesaw State,Florida International,,,fbs,fbs,,,False,,Florida International
401636936,2024,13,Utah,Iowa State,,,fbs,fbs,,,False,,Iowa State
401636935,2024,13,TCU,Arizona,,,fbs,fbs,,,False,,Arizona
401636934,2024,13,Oklahoma State,Texas Tech,,,fbs,fbs,,,False,,Texas Tech
401636933,2024,13,Kansas State,Cincinnati,,,fbs,fbs,,,False,,Cincinnati
401636932,2024,13,Kansas,Colorado,,,fbs,fbs,,,True,,Colorado
401636931,2024,13,Houston,Baylor,,,fbs,fbs,,,False,,Baylor
401636930,2024,13,Arizona State,BYU,,,fbs,fbs,,,False,,BYU
401635619,2024,13,Virginia,SMU,,,fbs,fbs,,,False,,SMU
401635618,2024,13,Miami,Wake Forest,,,fbs,fbs,,,False,,Wake Forest
401635617,2024,13,Louisville,Pittsburgh,,,fbs,fbs,,,False,,Pittsburgh
401635615,2024,13,Duke,Virginia Tech,,,fbs,fbs,,,False,,Virginia Tech
401635613,2024,13,California,Stanford,,,fbs,fbs,,,False,,Stanford
401635518,2024,13,Syracuse,Connecticut,,,fbs,fbs,,,False,,Connecticut
401628561,2024,13,UCLA,USC,,,fbs,fbs,,,False,,USC
401628560,2024,13,Nebraska,Wisconsin,,,fbs,fbs,,,False,,Wisconsin
401628559,2024,13,Minnesota,Penn State,,,fbs,fbs,,,False,,Penn State
401628557,2024,13,Michigan,Northwestern,,,fbs,fbs,,,False,,Northwestern
401628556,2024,13,Maryland,Iowa,,,fbs,fbs,,,False,,Iowa
401628555,2024,13,Ohio State,Indiana,,,fbs,fbs,,,False,,Indiana
401635612,2024,13,Boston College,North Carolina,,,fbs,fbs,,,False,,North Carolina
401632132,2024,13,Eastern Kentucky,North Alabama,,,fcs,fcs,,,False,,North Alabama
401634142,2024,13,VMI,East Tennessee State,,,fcs,fcs,,,False,,East Tennessee State
401634259,2024,13,Mississippi Valley State,Alabama A&M,,,fcs,fcs,,,False,,Alabama A&M
401635614,2024,13,Clemson,The Citadel,,,fbs,fcs,,,False,,The Citadel
401654496,2024,13,Columbia,Cornell,,,fcs,fcs,,,False,,Cornell
401645372,2024,13,North Texas,East Carolina,,,fbs,fbs,,,False,,East Carolina
401645373,2024,13,UAB,Rice,,,fbs,fbs,,,False,,Rice
401645375,2024,13,South Florida,Tulsa,,,fbs,fbs,,,False,,Tulsa
401654581,2024,13,Central Connecticut,Duquesne,,,fcs,fcs,,,False,,Duquesne
401654623,2024,13,Lehigh,Lafayette,,,fcs,fcs,,,False,,Lafayette
401654610,2024,13,Robert Morris,Stonehill,,,fcs,fcs,,,False,,Stonehill
401654600,2024,13,Wagner,Long Island University,,,fcs,fcs,,,False,,Long Island University
401628429,2024,13,Florida,Ole Miss,,,fbs,fbs,,,False,,Ole Miss
401641005,2024,13,Jacksonville State,Sam Houston State,,,fbs,fbs,,,False,,Sam Houston State
401628695,2024,13,Richmond,William & Mary,,,fcs,fcs,,,False,,William & Mary
401644605,2024,13,Harvard,Yale,,,fcs,fcs,,,False,,Yale
401654640,2024,13,Georgetown,Holy Cross,,,fcs,fcs,,,False,,Holy Cross
401628430,2024,13,Georgia,UMass,,,fbs,fbs,,,False,,UMass
401634168,2024,13,Illinois State,North Dakota,,,fcs,fcs,,,False,,North Dakota
401634011,2024,13,Tennessee Tech,Eastern Illinois,,,fcs,fcs,,,False,,Eastern Illinois
401628699,2024,13,Bryant,Rhode Island,,,fcs,fcs,,,False,,Rhode Island
401638698,2024,13,Presbyterian College,Butler,,,fcs,fcs,,,False,,Butler
401638701,2024,13,Stetson,Drake,,,fcs,fcs,,,False,,Drake
401638702,2024,13,Morehead State,San Diego,,,fcs,fcs,,,False,,San Diego
401654462,2024,13,Dartmouth,Brown,,,fcs,fcs,,,False,,Brown
401654469,2024,13,Princeton,Pennsylvania,,,fcs,fcs,,,False,,Pennsylvania
401654504,2024,13,Delaware State,North Carolina Central,,,fcs,fcs,,,False,,North Carolina Central
401654537,2024,13,Morgan State,Howard,,,fcs,fcs,,,False,,Howard
401654615,2024,13,Fordham,Merrimack,,,fcs,fcs,,,False,,Merrimack
401654635,2024,13,Mercyhurst,St Francis (PA),,,fcs,fcs,,,False,,St Francis (PA)
401654653,2024,13,Bucknell,Colgate,,,fcs,fcs,,,False,,Colgate
401628693,2024,13,Maine,New Hampshire,,,fcs,fcs,,,False,,New Hampshire
401628694,2024,13,Villanova,Delaware,,,fcs,fcs,,,False,,Delaware
401628697,2024,13,Stony Brook,Monmouth,,,fcs,fcs,,,False,,Monmouth
401634196,2024,13,Southern Illinois,Murray State,,,fcs,fcs,,,False,,Murray State
401628698,2024,13,Albany,Hampton,,,fcs,fcs,,,False,,Hampton
401628435,2024,13,Tennessee,UTEP,,,fbs,fbs,,,False,,UTEP
401628696,2024,13,North Carolina A&T,Elon,,,fcs,fcs,,,False,,Elon
401654543,2024,13,South Carolina State,Norfolk State,,,fcs,fcs,,,False,,Norfolk State
401634211,2024,13,South Dakota,North Dakota State,,,fcs,fcs,,,False,,North Dakota State
401638700,2024,13,St. Thomas (MN),Dayton,,,fcs,fcs,,,False,,Dayton
401638699,2024,13,Valparaiso,Davidson,,,fcs,fcs,,,False,,Davidson
401634179,2024,13,Northern Iowa,Indiana State,,,fcs,fcs,,,False,,Indiana State
401634130,2024,13,Montana State,Montana,,,fcs,fcs,,,False,,Montana
401634041,2024,13,Texas A&M-Commerce,Incarnate Word,,,fcs,fcs,,,False,,Incarnate Word
401634012,2024,13,Western Illinois,Gardner-Webb,,,fcs,fcs,,,False,,Gardner-Webb
401632142,2024,13,Austin Peay,Chattanooga,,,fcs,fcs,,,False,,Chattanooga
401628700,2024,13,Campbell,Towson,,,fcs,fcs,,,False,,Towson
401634127,2024,13,Weber State,Cal Poly,,,fcs,fcs,,,False,,Cal Poly
401634040,2024,13,Houston Christian,Northwestern State,,,fcs,fcs,,,False,,Northwestern State
401634013,2024,13,UT Martin,Lindenwood,,,fcs,fcs,,,False,,Lindenwood
401632143,2024,13,Southern Utah,Utah Tech,,,fcs,fcs,,,False,,Utah Tech
401632131,2024,13,Tarleton State,Central Arkansas,,,fcs,fcs,,,False,,Central Arkansas
401643839,2024,13,Arkansas State,Louisiana Monroe,,,fbs,fbs,,,False,,Louisiana Monroe
401678896,2024,13,Stephen F. Austin,Abilene Christian,,,fcs,fcs,,,False,,Abilene Christian
401638350,2024,13,Samford,Western Carolina,,,fcs,fcs,,,False,,Western Carolina
401636362,2024,13,Arkansas-Pine Bluff,Texas Southern,,,fcs,fcs,,,False,,Texas Southern
401636352,2024,13,Alabama State,Prairie View,,,fcs,fcs,,,False,,Prairie View
401634189,2024,13,Missouri State,South Dakota State,,,fcs,fcs,,,False,,South Dakota State
401634151,2024,13,Mercer,Furman,,,fcs,fcs,,,False,,Furman
401634128,2024,13,Northern Arizona,Eastern Washington,,,fcs,fcs,,,False,,Eastern Washington
401643766,2024,13,Utah State,San Diego State,,,fbs,fbs,,,False,,San Diego State
401636371,2024,13,Bethune-Cookman,Florida A&M,,,fcs,fcs,,,True,,Florida A&M
401628434,2024,13,South Carolina,Wofford,,,fbs,fcs,,,False,,Wofford
401634131,2024,13,Portland State,Northern Colorado,,,fcs,fcs,,,False,,Northern Colorado
401634014,2024,13,Tennessee State,Southeast Missouri State,,,fcs,fcs,,,False,,Southeast Missouri State
401634132,2024,13,Sacramento State,UC Davis,,,fcs,fcs,,,False,,UC Davis
401634129,2024,13,Idaho State,Idaho,,,fcs,fcs,,,False,,Idaho
401628572,2024,13,Oregon State,Washington State,,,fbs,fbs,,,False,,Washington State
401640959,2024,13,Notre Dame,Army,,,fbs,fbs,,,True,,Army
401643764,2024,13,Wyoming,Boise State,,,fbs,fbs,,,False,,Boise State
401636392,2024,13,Alcorn State,Jackson State,,,fcs,fcs,,,False,,Jackson State
401634042,2024,13,McNeese,Lamar,,,fcs,fcs,,,False,,Lamar
401643765,2024,13,Fresno State,Colorado State,,,fbs,fbs,,,False,,Colorado State
401644775,2024,14,Akron,Toledo,,,fbs,fbs,,,False,,Toledo
401644776,2024,14,Buffalo,Kent State,,,fbs,fbs,,,False,,Kent State
401636353,2024,14,Alabama State,Tuskegee,,,fcs,ii,,,False,,Tuskegee
401645376,2024,14,Tulane,Memphis,,,fbs,fbs,,,False,,Memphis
401644777,2024,14,Ohio,Ball State,,,fbs,fbs,,,False,,Ball State
401644691,2024,14,Bowling Green,Miami (OH),,,fbs,fbs,,,False,,Miami (OH)
401643770,2024,14,Colorado State,Utah State,,,fbs,fbs,,,False,,Utah State
401643769,2024,14,Boise State,Oregon State,,,fbs,fbs,,,False,,Oregon State
401628568,2024,14,Wisconsin,Minnesota,,,fbs,fbs,,,False,,Minnesota
401636938,2024,14,Colorado,Oklahoma State,,,fbs,fbs,,,False,,Oklahoma State
401628442,2024,14,Ole Miss,Mississippi State,,,fbs,fbs,,,False,,Mississippi State
401643843,2024,14,South Alabama,Texas State,,,fbs,fbs,,,False,,Texas State
401640997,2024,14,Sam Houston State,Liberty,,,fbs,fbs,,,False,,Liberty
401635625,2024,14,San José State,Stanford,,,fbs,fbs,,,False,,Stanford
401628562,2024,14,Iowa,Nebraska,,,fbs,fbs,,,False,,Nebraska
401628439,2024,14,Georgia,Georgia Tech,,,fbs,fbs,,,False,,Georgia Tech
401636939,2024,14,UCF,Utah,,,fbs,fbs,,,False,,Utah
401628444,2024,14,Clemson,South Carolina,,,fbs,fbs,,,False,,South Carolina
401628437,2024,14,Alabama,Auburn,,,fbs,fbs,,,False,,Auburn
401628438,2024,14,Florida State,Florida,,,fbs,fbs,,,False,,Florida
401628440,2024,14,Kentucky,Louisville,,,fbs,fbs,,,False,,Louisville
401628441,2024,14,LSU,Oklahoma,,,fbs,fbs,,,False,,Oklahoma
401628443,2024,14,Missouri,Arkansas,,,fbs,fbs,,,False,,Arkansas
401628445,2024,14,Texas A&M,Texas,,,fbs,fbs,,,False,,Texas
401636944,2024,14,Iowa State,Kansas State,,,fbs,fbs,,,False,,Kansas State
401628564,2024,14,Indiana,Purdue,,,fbs,fbs,,,False,,Purdue
401636945,2024,14,Texas Tech,West Virginia,,,fbs,fbs,,,False,,West Virginia
401641031,2024,14,New Mexico State,UTEP,,,fbs,fbs,,,False,,UTEP
401643768,2024,14,San Diego State,Air Force,,,fbs,fbs,,,False,,Air Force
401628565,2024,14,Penn State,Maryland,,,fbs,fbs,,,False,,Maryland
401629038,2024,14,UMass,Connecticut,,,fbs,fbs,,,False,,Connecticut
401635620,2024,14,Boston College,Pittsburgh,,,fbs,fbs,,,False,,Pittsburgh
401635621,2024,14,SMU,California,,,fbs,fbs,,,False,,California
401635622,2024,14,Wake Forest,Duke,,,fbs,fbs,,,False,,Duke
401635623,2024,14,Syracuse,Miami,,,fbs,fbs,,,False,,Miami
401635624,2024,14,North Carolina,NC State,,,fbs,fbs,,,False,,NC State
401635640,2024,14,Virginia Tech,Virginia,,,fbs,fbs,,,False,,Virginia
401636940,2024,14,Arizona,Arizona State,,,fbs,fbs,,,False,,Arizona State
401636941,2024,14,Baylor,Kansas,,,fbs,fbs,,,False,,Kansas
401636942,2024,14,BYU,Houston,,,fbs,fbs,,,False,,Houston
401636943,2024,14,Cincinnati,TCU,,,fbs,fbs,,,False,,TCU
401645382,2024,14,Rice,South Florida,,,fbs,fbs,,,False,,South Florida
401641014,2024,14,Louisiana Tech,Kennesaw State,,,fbs,fbs,,,False,,Kennesaw State
401641006,2024,14,Western Kentucky,Jacksonville State,,,fbs,fbs,,,False,,Jacksonville State
401628563,2024,14,Northwestern,Illinois,,,fbs,fbs,,,True,,Illinois
401628570,2024,14,UCLA,Fresno State,,,fbs,fbs,,,False,,Fresno State
401628569,2024,14,Oregon,Washington,,,fbs,fbs,,,False,,Washington
401628567,2024,14,Michigan State,Rutgers,,,fbs,fbs,,,False,,Rutgers
401628571,2024,14,USC,Notre Dame,,,fbs,fbs,,,False,,Notre Dame
401643844,2024,14,Georgia Southern,Appalachian State,,,fbs,fbs,,,False,,Appalachian State
401643845,2024,14,Georgia State,Coastal Carolina,,,fbs,fbs,,,False,,Coastal Carolina
401643846,2024,14,James Madison,Marshall,,,fbs,fbs,,,False,,Marshall
401643848,2024,14,Louisiana Monroe,Louisiana,,,fbs,fbs,,,False,,Louisiana
401643849,2024,14,Troy,Southern Mississippi,,,fbs,fbs,,,False,,Southern Mississippi
401644779,2024,14,Northern Illinois,Central Michigan,,,fbs,fbs,,,False,,Central Michigan
401644780,2024,14,Western Michigan,Eastern Michigan,,,fbs,fbs,,,False,,Eastern Michigan
401645377,2024,14,Charlotte,UAB,,,fbs,fbs,,,False,,UAB
401645379,2024,14,East Carolina,Navy,,,fbs,fbs,,,False,,Navy
401645380,2024,14,Tulsa,Florida Atlantic,,,fbs,fbs,,,False,,Florida Atlantic
401645381,2024,14,Temple,North Texas,,,fbs,fbs,,,False,,North Texas
401628446,2024,14,Vanderbilt,Tennessee,,,fbs,fbs,,,False,,Tennessee
401640988,2024,14,Florida International,Middle Tennessee,,,fbs,fbs,,,True,,Middle Tennessee
401645378,2024,14,Army,UT San Antonio,,,fbs,fbs,,,False,,UT San Antonio
401628566,2024,14,Ohio State,Michigan,,,fbs,fbs,,,False,,Michigan
401636386,2024,14,Southern,Grambling,,,fcs,fcs,,,True,,Grambling
401643847,2024,14,Arkansas State,Old Dominion,,,fbs,fbs,,,False,,Old Dominion
401643773,2024,14,Washington State,Wyoming,,,fbs,fbs,,,False,,Wyoming
401643772,2024,14,UNLV,Nevada,,,fbs,fbs,,,False,,Nevada
401643771,2024,14,Hawai'i,New Mexico,,,fbs,fbs,,,False,,New Mexico
401645383,2024,16,Army,Navy,,,fbs,fbs,,,True,,Navy
