id,season,week,season_type,start_date,home_team,home_conference,home_score,away_team,away_conference,away_score,lines,bovada_spread
401212487,2020,7,regular,2020-10-16T22:00:00.000Z,Tulane,American Athletic,34,SMU,American Athletic,37,"[{'provider': 'Bovada', 'spread': 6.5, 'formatted_spread': 'SMU -6.5', 'spread_open': None, 'over_under': 66.0, 'over_under_open': None, 'home_moneyline': None, 'away_moneyline': None}]",6.5
401212544,2020,10,regular,2020-11-07T20:30:00.000Z,Cincinnati,American Athletic,38,Houston,American Athletic,10,"[{'provider': 'Bovada', 'spread': -13.5, 'formatted_spread': 'Cincinnati -13.5', 'spread_open': None, 'over_under': 57.0, 'over_under_open': None, 'home_moneyline': None, 'away_moneyline': None}]",-13.5
401234565,2020,2,regular,2020-09-12T16:00:00.000Z,North Carolina,ACC,31,Syracuse,ACC,6,"[{'provider': 'Bovada', 'spread': -24.5, 'formatted_spread': 'North Carolina -24.5', 'spread_open': None, 'over_under': 67.0, 'over_under_open': None, 'home_moneyline': None, 'away_moneyline': None}]",-24.5
401234567,2020,3,regular,2020-09-19T16:00:00.000Z,Duke,ACC,6,Boston College,ACC,26,"[{'provider': 'Bovada', 'spread': -3.5, 'formatted_spread': 'Duke -3.5', 'spread_open': None, 'over_under': 50.5, 'over_under_open': None, 'home_moneyline': None, 'away_moneyline': None}]",-3.5
401234571,2020,3,regular,2020-09-19T16:00:00.000Z,Pittsburgh,ACC,21,Syracuse,ACC,10,"[{'provider': 'Bovada', 'spread': -21.5, 'formatted_spread': 'Pittsburgh -21.5', 'spread_open': None, 'over_under': 47.0, 'over_under_open': None, 'home_moneyline': None, 'away_moneyline': None}]",-21.5
401234576,2020,1,regular,2020-09-08T00:00:00.000Z,Navy,American Athletic,3,BYU,FBS Independents,55,"[{'provider': 'Bovada', 'spread': 1.0, 'formatted_spread': 'BYU -1.0', 'spread_open': None, 'over_under': 48.0, 'over_under_open': None, 'home_moneyline': None, 'away_moneyline': None}]",1.0
401234594,2020,4,regular,2020-09-26T16:00:00.000Z,Syracuse,ACC,37,Georgia Tech,ACC,20,"[{'provider': 'Bovada', 'spread': 7.5, 'formatted_spread': 'Georgia Tech -7.5', 'spread_open': None, 'over_under': 52.0, 'over_under_open': None, 'home_moneyline': None, 'away_moneyline': None}]",7.5
401234595,2020,4,regular,2020-09-26T16:00:00.000Z,Pittsburgh,ACC,23,Louisville,ACC,20,"[{'provider': 'Bovada', 'spread': -3.0, 'formatted_spread': 'Pittsburgh -3.0', 'spread_open': None, 'over_under': 54.0, 'over_under_open': None, 'home_moneyline': None, 'away_moneyline': None}]",-3.0
401234600,2020,5,regular,2020-10-03T16:00:00.000Z,Pittsburgh,ACC,29,NC State,ACC,30,"[{'provider': 'Bovada', 'spread': -14.0, 'formatted_spread': 'Pittsburgh -14.0', 'spread_open': None, 'over_under': 46.0, 'over_under_open': None, 'home_moneyline': None, 'away_moneyline': None}]",-14.0
401234615,2020,7,regular,2020-10-17T16:00:00.000Z,Syracuse,ACC,21,Liberty,FBS Independents,38,"[{'provider': 'Bovada', 'spread': 3.0, 'formatted_spread': 'Liberty -3.0', 'spread_open': None, 'over_under': 54.0, 'over_under_open': None, 'home_moneyline': None, 'away_moneyline': None}]",3.0
401234617,2020,8,regular,2020-10-24T20:00:00.000Z,Boston College,ACC,48,Georgia Tech,ACC,27,"[{'provider': 'Bovada', 'spread': -3.5, 'formatted_spread': 'Boston College -3.5', 'spread_open': None, 'over_under': 57.0, 'over_under_open': None, 'home_moneyline': None, 'away_moneyline': None}]",-3.5
401234625,2020,9,regular,2020-10-31T23:00:00.000Z,Duke,ACC,53,Charlotte,Conference USA,19,"[{'provider': 'Bovada', 'spread': -10.5, 'formatted_spread': 'Duke -10.5', 'spread_open': None, 'over_under': None, 'over_under_open': None, 'home_moneyline': None, 'away_moneyline': None}]",-10.5
401234629,2020,9,regular,2020-10-31T16:00:00.000Z,Syracuse,ACC,14,Wake Forest,ACC,38,"[{'provider': 'Bovada', 'spread': 11.0, 'formatted_spread': 'Wake Forest -11.0', 'spread_open': None, 'over_under': None, 'over_under_open': None, 'home_moneyline': None, 'away_moneyline': None}]",11.0
401234637,2020,11,regular,2020-11-14T20:30:00.000Z,Boston College,ACC,31,Notre Dame,FBS Independents,45,"[{'provider': 'Bovada', 'spread': 13.0, 'formatted_spread': 'Notre Dame -13.0', 'spread_open': None, 'over_under': 52.0, 'over_under_open': None, 'home_moneyline': None, 'away_moneyline': None}]",13.0
401234649,2020,13,regular,2020-11-28T21:00:00.000Z,Boston College,ACC,34,Louisville,ACC,27,"[{'provider': 'Bovada', 'spread': -1.0, 'formatted_spread': 'Boston College -1.0', 'spread_open': None, 'over_under': 56.5, 'over_under_open': None, 'home_moneyline': None, 'away_moneyline': None}]",-1.0
401234655,2020,13,regular,2020-11-28T17:00:00.000Z,Syracuse,ACC,29,NC State,ACC,36,"[{'provider': 'Bovada', 'spread': 17.0, 'formatted_spread': 'NC State -17.0', 'spread_open': None, 'over_under': 50.0, 'over_under_open': None, 'home_moneyline': None, 'away_moneyline': None}]",17.0
401236030,2020,13,regular,2020-11-29T01:00:00.000Z,Kansas,Big 12,23,TCU,Big 12,59,"[{'provider': 'Bovada', 'spread': 23.0, 'formatted_spread': 'TCU -23.0', 'spread_open': None, 'over_under': 51.5, 'over_under_open': None, 'home_moneyline': None, 'away_moneyline': None}]",23.0
401236221,2020,2,regular,2020-09-12T16:00:00.000Z,Iowa State,Big 12,14,Louisiana,Sun Belt,31,"[{'provider': 'Bovada', 'spread': -11.0, 'formatted_spread': 'Iowa State -11.0', 'spread_open': None, 'over_under': 56.5, 'over_under_open': None, 'home_moneyline': None, 'away_moneyline': None}]",-11.0
401236658,2020,2,regular,2020-09-13T02:00:00.000Z,Kansas,Big 12,23,Coastal Carolina,Sun Belt,38,"[{'provider': 'Bovada', 'spread': -6.5, 'formatted_spread': 'Kansas -6.5', 'spread_open': None, 'over_under': 55.0, 'over_under_open': None, 'home_moneyline': None, 'away_moneyline': None}]",-6.5
401240039,2020,2,regular,2020-09-12T23:00:00.000Z,South Florida,American Athletic,27,The Citadel,Southern,6,"[{'provider': 'Bovada', 'spread': -17.5, 'formatted_spread': 'South Florida -17.5', 'spread_open': None, 'over_under': 52.5, 'over_under_open': None, 'home_moneyline': None, 'away_moneyline': None}]",-17.5
401240233,2020,2,regular,2020-09-12T20:00:00.000Z,Pittsburgh,ACC,55,Austin Peay,OVC,0,"[{'provider': 'Bovada', 'spread': -31.0, 'formatted_spread': 'Pittsburgh -31.0', 'spread_open': None, 'over_under': 49.0, 'over_under_open': None, 'home_moneyline': None, 'away_moneyline': None}]",-31.0
401240996,2020,4,regular,2020-09-26T19:30:00.000Z,Cincinnati,American Athletic,24,Army,FBS Independents,10,"[{'provider': 'Bovada', 'spread': -12.0, 'formatted_spread': 'Cincinnati -12.0', 'spread_open': None, 'over_under': 44.5, 'over_under_open': None, 'home_moneyline': None, 'away_moneyline': None}]",-12.0
401241303,2020,4,regular,2020-09-26T22:00:00.000Z,Boston College,ACC,24,Texas State,Sun Belt,21,"[{'provider': 'Bovada', 'spread': -21.5, 'formatted_spread': 'Boston College -21.5', 'spread_open': None, 'over_under': 57.0, 'over_under_open': None, 'home_moneyline': None, 'away_moneyline': None}]",-21.5
401247297,2020,8,regular,2020-10-24T00:00:00.000Z,Wisconsin,Big Ten,45,Illinois,Big Ten,7,"[{'provider': 'Bovada', 'spread': -20.0, 'formatted_spread': 'Wisconsin -20.0', 'spread_open': None, 'over_under': 51.5, 'over_under_open': None, 'home_moneyline': None, 'away_moneyline': None}]",-20.0
401247321,2020,12,regular,2020-11-21T17:00:00.000Z,Nebraska,Big Ten,23,Illinois,Big Ten,41,"[{'provider': 'Bovada', 'spread': -17.0, 'formatted_spread': 'Nebraska -17.0', 'spread_open': None, 'over_under': 61.0, 'over_under_open': None, 'home_moneyline': None, 'away_moneyline': None}]",-17.0
401247323,2020,12,regular,2020-11-21T20:30:00.000Z,Northwestern,Big Ten,17,Wisconsin,Big Ten,7,"[{'provider': 'Bovada', 'spread': 7.5, 'formatted_spread': 'Wisconsin -7.5', 'spread_open': None, 'over_under': 43.0, 'over_under_open': None, 'home_moneyline': None, 'away_moneyline': None}]",7.5
401247333,2020,13,regular,2020-11-28T17:00:00.000Z,Michigan,Big Ten,17,Penn State,Big Ten,27,"[{'provider': 'Bovada', 'spread': -1.0, 'formatted_spread': 'Michigan -1.0', 'spread_open': None, 'over_under': 56.0, 'over_under_open': None, 'home_moneyline': None, 'away_moneyline': None}]",-1.0
401247345,2020,15,regular,2020-12-12T17:00:00.000Z,Nebraska,Big Ten,17,Minnesota,Big Ten,24,"[{'provider': 'Bovada', 'spread': -10.5, 'formatted_spread': 'Nebraska -10.5', 'spread_open': None, 'over_under': 59.5, 'over_under_open': None, 'home_moneyline': None, 'away_moneyline': None}]",-10.5
401248997,2020,8,regular,2020-10-24T23:00:00.000Z,Boise State,Mountain West,42,Utah State,Mountain West,13,"[{'provider': 'Bovada', 'spread': -17.0, 'formatted_spread': 'Boise State -17.0', 'spread_open': None, 'over_under': 51.5, 'over_under_open': None, 'home_moneyline': None, 'away_moneyline': None}]",-17.0
401249003,2020,9,regular,2020-10-31T23:00:00.000Z,New Mexico,Mountain West,21,San José State,Mountain West,38,"[{'provider': 'Bovada', 'spread': 9.5, 'formatted_spread': 'San José State -9.5', 'spread_open': None, 'over_under': None, 'over_under_open': None, 'home_moneyline': None, 'away_moneyline': None}]",9.5
401249007,2020,10,regular,2020-11-08T04:00:00.000Z,Hawai'i,Mountain West,39,New Mexico,Mountain West,33,"[{'provider': 'Bovada', 'spread': -15.5, 'formatted_spread': ""Hawai'i -15.5"", 'spread_open': None, 'over_under': 61.5, 'over_under_open': None, 'home_moneyline': None, 'away_moneyline': None}]",-15.5
401249010,2020,10,regular,2020-11-06T02:00:00.000Z,Colorado State,Mountain West,34,Wyoming,Mountain West,24,"[{'provider': 'Bovada', 'spread': 4.0, 'formatted_spread': 'Wyoming -4.0', 'spread_open': None, 'over_under': 52.5, 'over_under_open': None, 'home_moneyline': None, 'away_moneyline': None}]",4.0
401249013,2020,11,regular,2020-11-14T19:30:00.000Z,Utah State,Mountain West,16,Fresno State,Mountain West,35,"[{'provider': 'Bovada', 'spread': 11.0, 'formatted_spread': 'Fresno State -11.0', 'spread_open': None, 'over_under': 51.5, 'over_under_open': None, 'home_moneyline': None, 'away_moneyline': None}]",11.0
401249014,2020,11,regular,2020-11-14T21:00:00.000Z,San Diego State,Mountain West,34,Hawai'i,Mountain West,10,"[{'provider': 'Bovada', 'spread': -10.0, 'formatted_spread': 'San Diego State -10.0', 'spread_open': None, 'over_under': 51.0, 'over_under_open': None, 'home_moneyline': None, 'away_moneyline': None}]",-10.0
401249016,2020,11,regular,2020-11-15T03:30:00.000Z,San José State,Mountain West,34,UNLV,Mountain West,17,"[{'provider': 'Bovada', 'spread': -17.0, 'formatted_spread': 'San José State -17.0', 'spread_open': None, 'over_under': 62.0, 'over_under_open': None, 'home_moneyline': None, 'away_moneyline': None}]",-17.0
401249031,2020,14,regular,2020-12-06T00:00:00.000Z,San Diego State,Mountain West,29,Colorado State,Mountain West,17,"[{'provider': 'Bovada', 'spread': -7.5, 'formatted_spread': 'San Diego State -7.5', 'spread_open': None, 'over_under': 45.5, 'over_under_open': None, 'home_moneyline': None, 'away_moneyline': None}]",-7.5
401249033,2020,14,regular,2020-12-05T23:00:00.000Z,San José State,Mountain West,35,Hawai'i,Mountain West,24,"[{'provider': 'Bovada', 'spread': -6.0, 'formatted_spread': 'San José State -6.0', 'spread_open': None, 'over_under': 59.5, 'over_under_open': None, 'home_moneyline': None, 'away_moneyline': None}]",-6.0
401249038,2020,15,regular,2020-12-13T04:00:00.000Z,Hawai'i,Mountain West,38,UNLV,Mountain West,21,"[{'provider': 'Bovada', 'spread': -19.5, 'formatted_spread': ""Hawai'i -19.5"", 'spread_open': None, 'over_under': 60.0, 'over_under_open': None, 'home_moneyline': None, 'away_moneyline': None}]",-19.5
401249400,2020,10,regular,2020-11-07T17:00:00.000Z,USC,Pac-12,28,Arizona State,Pac-12,27,"[{'provider': 'Bovada', 'spread': -11.0, 'formatted_spread': 'USC -11.0', 'spread_open': None, 'over_under': 58.0, 'over_under_open': None, 'home_moneyline': None, 'away_moneyline': None}]",-11.0
401249405,2020,11,regular,2020-11-15T00:00:00.000Z,Washington State,Pac-12,29,Oregon,Pac-12,43,"[{'provider': 'Bovada', 'spread': 11.0, 'formatted_spread': 'Oregon -11.0', 'spread_open': None, 'over_under': 58.0, 'over_under_open': None, 'home_moneyline': None, 'away_moneyline': None}]",11.0
401249411,2020,12,regular,2020-11-21T20:30:00.000Z,Oregon State,Pac-12,31,California,Pac-12,27,"[{'provider': 'Bovada', 'spread': 1.0, 'formatted_spread': 'California -1.0', 'spread_open': None, 'over_under': 46.5, 'over_under_open': None, 'home_moneyline': None, 'away_moneyline': None}]",1.0
401249421,2020,13,regular,2020-11-29T01:00:00.000Z,UCLA,Pac-12,27,Arizona,Pac-12,10,"[{'provider': 'Bovada', 'spread': -10.0, 'formatted_spread': 'UCLA -10.0', 'spread_open': None, 'over_under': 70.0, 'over_under_open': None, 'home_moneyline': None, 'away_moneyline': None}]",-10.0
401249425,2020,14,regular,2020-12-06T03:30:00.000Z,Arizona State,Pac-12,18,UCLA,Pac-12,25,"[{'provider': 'Bovada', 'spread': -3.0, 'formatted_spread': 'Arizona State -3.0', 'spread_open': None, 'over_under': 57.5, 'over_under_open': None, 'home_moneyline': None, 'away_moneyline': None}]",-3.0
401249426,2020,14,regular,2020-12-06T00:00:00.000Z,Arizona,Pac-12,13,Colorado,Pac-12,24,"[{'provider': 'Bovada', 'spread': 9.5, 'formatted_spread': 'Colorado -9.5', 'spread_open': None, 'over_under': 56.0, 'over_under_open': None, 'home_moneyline': None, 'away_moneyline': None}]",9.5
401249428,2020,15,regular,2020-12-12T17:00:00.000Z,Colorado,Pac-12,21,Utah,Pac-12,38,"[{'provider': 'Bovada', 'spread': 3.0, 'formatted_spread': 'Utah -3.0', 'spread_open': None, 'over_under': 49.5, 'over_under_open': None, 'home_moneyline': None, 'away_moneyline': None}]",3.0
401249429,2020,15,regular,2020-12-12T00:00:00.000Z,Arizona,Pac-12,7,Arizona State,Pac-12,70,"[{'provider': 'Bovada', 'spread': 8.0, 'formatted_spread': 'Arizona State -8.0', 'spread_open': None, 'over_under': 58.0, 'over_under_open': None, 'home_moneyline': None, 'away_moneyline': None}]",8.0
401249867,2020,12,regular,2020-11-18T01:00:00.000Z,Kent State,Mid-American,69,Akron,Mid-American,35,"[{'provider': 'Bovada', 'spread': -26.0, 'formatted_spread': 'Kent State -26.0', 'spread_open': None, 'over_under': 60.0, 'over_under_open': None, 'home_moneyline': None, 'away_moneyline': None}]",-26.0
401249873,2020,13,regular,2020-11-28T17:00:00.000Z,Toledo,Mid-American,24,Ball State,Mid-American,27,"[{'provider': 'Bovada', 'spread': -10.0, 'formatted_spread': 'Toledo -10.0', 'spread_open': None, 'over_under': 67.5, 'over_under_open': None, 'home_moneyline': None, 'away_moneyline': None}]",-10.0
401249875,2020,13,regular,2020-11-28T17:00:00.000Z,Western Michigan,Mid-American,30,Northern Illinois,Mid-American,27,"[{'provider': 'Bovada', 'spread': -19.0, 'formatted_spread': 'Western Michigan -19.0', 'spread_open': None, 'over_under': 64.5, 'over_under_open': None, 'home_moneyline': None, 'away_moneyline': None}]",-19.0
401249878,2020,14,regular,2020-12-05T19:00:00.000Z,Central Michigan,Mid-American,20,Ball State,Mid-American,45,"[{'provider': 'Bovada', 'spread': 3.0, 'formatted_spread': 'Ball State -3.0', 'spread_open': None, 'over_under': 63.0, 'over_under_open': None, 'home_moneyline': None, 'away_moneyline': None}]",3.0
401249879,2020,14,regular,2020-12-05T19:00:00.000Z,Western Michigan,Mid-American,42,Eastern Michigan,Mid-American,53,"[{'provider': 'Bovada', 'spread': -13.5, 'formatted_spread': 'Western Michigan -13.5', 'spread_open': None, 'over_under': 67.5, 'over_under_open': None, 'home_moneyline': None, 'away_moneyline': None}]",-13.5
401249880,2020,14,regular,2020-12-05T17:00:00.000Z,Northern Illinois,Mid-American,24,Toledo,Mid-American,41,"[{'provider': 'Bovada', 'spread': 10.0, 'formatted_spread': 'Toledo -10.0', 'spread_open': None, 'over_under': 53.5, 'over_under_open': None, 'home_moneyline': None, 'away_moneyline': None}]",10.0
401249881,2020,14,regular,2020-12-05T19:00:00.000Z,Akron,Mid-American,31,Bowling Green,Mid-American,3,"[{'provider': 'Bovada', 'spread': -3.0, 'formatted_spread': 'Akron -3.0', 'spread_open': None, 'over_under': 55.0, 'over_under_open': None, 'home_moneyline': None, 'away_moneyline': None}]",-3.0
401249892,2020,13,regular,2020-11-28T18:00:00.000Z,Akron,Mid-American,7,Miami (OH),Mid-American,38,"[{'provider': 'Bovada', 'spread': 14.0, 'formatted_spread': 'Miami (OH) -14.0', 'spread_open': None, 'over_under': 55.5, 'over_under_open': None, 'home_moneyline': None, 'away_moneyline': None}]",14.0
401261454,2020,12,regular,2020-11-15T17:00:00.000Z,UCLA,Pac-12,34,California,Pac-12,10,"[{'provider': 'Bovada', 'spread': 3.5, 'formatted_spread': 'California -3.5', 'spread_open': None, 'over_under': 57.5, 'over_under_open': None, 'home_moneyline': None, 'away_moneyline': None}]",3.5
401269376,2020,16,regular,2020-12-20T00:00:00.000Z,UCLA,Pac-12,47,Stanford,Pac-12,48,"[{'provider': 'Bovada', 'spread': -7.0, 'formatted_spread': 'UCLA -7.0', 'spread_open': None, 'over_under': 59.0, 'over_under_open': None, 'home_moneyline': None, 'away_moneyline': None}]",-7.0
401269378,2020,16,regular,2020-12-20T03:30:00.000Z,Oregon State,Pac-12,33,Arizona State,Pac-12,46,"[{'provider': 'Bovada', 'spread': 7.5, 'formatted_spread': 'Arizona State -7.5', 'spread_open': None, 'over_under': 55.0, 'over_under_open': None, 'home_moneyline': None, 'away_moneyline': None}]",7.5
401269381,2020,16,regular,2020-12-19T22:30:00.000Z,Penn State,Big Ten,56,Illinois,Big Ten,21,"[{'provider': 'Bovada', 'spread': -15.0, 'formatted_spread': 'Penn State -15.0', 'spread_open': None, 'over_under': 52.0, 'over_under_open': None, 'home_moneyline': None, 'away_moneyline': None}]",-15.0
401207136,2020,5,regular,2020-10-03T20:00:00.000Z,Florida Atlantic,Conference USA,21,Charlotte,Conference USA,17,"[{'provider': 'Bovada', 'spread': -5.0, 'formatted_spread': 'Florida Atlantic -5.0', 'spread_open': None, 'over_under': 62.5, 'over_under_open': None, 'home_moneyline': None, 'away_moneyline': None}]",-5.0
401234570,2020,3,regular,2020-09-20T00:00:00.000Z,NC State,ACC,45,Wake Forest,ACC,42,"[{'provider': 'Bovada', 'spread': 2.0, 'formatted_spread': 'Wake Forest -2.0', 'spread_open': None, 'over_under': 53.0, 'over_under_open': None, 'home_moneyline': None, 'away_moneyline': None}]",2.0
401237353,2020,1,regular,2020-09-05T17:00:00.000Z,Marshall,Conference USA,59,Eastern Kentucky,OVC,0,"[{'provider': 'Bovada', 'spread': -26.0, 'formatted_spread': 'Marshall -26.0', 'spread_open': None, 'over_under': 55.0, 'over_under_open': None, 'home_moneyline': None, 'away_moneyline': None}]",-26.0
401247299,2020,8,regular,2020-10-24T16:00:00.000Z,Michigan State,Big Ten,27,Rutgers,Big Ten,38,"[{'provider': 'Bovada', 'spread': -9.5, 'formatted_spread': 'Michigan State -9.5', 'spread_open': None, 'over_under': 45.0, 'over_under_open': None, 'home_moneyline': None, 'away_moneyline': None}]",-9.5
401247329,2020,13,regular,2020-11-28T17:00:00.000Z,Indiana,Big Ten,27,Maryland,Big Ten,11,"[{'provider': 'Bovada', 'spread': -11.0, 'formatted_spread': 'Indiana -11.0', 'spread_open': None, 'over_under': 65.0, 'over_under_open': None, 'home_moneyline': None, 'away_moneyline': None}]",-11.0
401249034,2020,14,regular,2020-12-06T03:30:00.000Z,New Mexico,Mountain West,17,Wyoming,Mountain West,16,"[{'provider': 'Bovada', 'spread': 15.0, 'formatted_spread': 'Wyoming -15.0', 'spread_open': None, 'over_under': 51.0, 'over_under_open': None, 'home_moneyline': None, 'away_moneyline': None}]",15.0
401249036,2020,15,regular,2020-12-13T03:30:00.000Z,New Mexico,Mountain West,49,Fresno State,Mountain West,39,"[{'provider': 'Bovada', 'spread': 14.5, 'formatted_spread': 'Fresno State -14.5', 'spread_open': None, 'over_under': 57.0, 'over_under_open': None, 'home_moneyline': None, 'away_moneyline': None}]",14.5
401235996,2020,4,regular,2020-09-26T16:00:00.000Z,Oklahoma,Big 12,35,Kansas State,Big 12,38,"[{'provider': 'Bovada', 'spread': -28.0, 'formatted_spread': 'Oklahoma -28.0', 'spread_open': None, 'over_under': 62.5, 'over_under_open': None, 'home_moneyline': None, 'away_moneyline': None}]",-28.0
401236952,2020,4,regular,2020-09-26T16:00:00.000Z,Ole Miss,SEC,35,Florida,SEC,51,"[{'provider': 'Bovada', 'spread': 14.0, 'formatted_spread': 'Florida -14.0', 'spread_open': None, 'over_under': 59.5, 'over_under_open': None, 'home_moneyline': None, 'away_moneyline': None}]",14.0
401212523,2020,6,regular,2020-10-08T23:30:00.000Z,Houston,American Athletic,49,Tulane,American Athletic,31,"[{'provider': 'Bovada', 'spread': -6.5, 'formatted_spread': 'Houston -6.5', 'spread_open': None, 'over_under': 58.5, 'over_under_open': None, 'home_moneyline': None, 'away_moneyline': None}]",-6.5
401234601,2020,6,regular,2020-10-09T23:00:00.000Z,Georgia Tech,ACC,46,Louisville,ACC,27,"[{'provider': 'Bovada', 'spread': 5.0, 'formatted_spread': 'Louisville -5.0', 'spread_open': None, 'over_under': 63.0, 'over_under_open': None, 'home_moneyline': None, 'away_moneyline': None}]",5.0
401234604,2020,6,regular,2020-10-10T23:30:00.000Z,Clemson,ACC,42,Miami,ACC,17,"[{'provider': 'Bovada', 'spread': -14.0, 'formatted_spread': 'Clemson -14.0', 'spread_open': None, 'over_under': 60.5, 'over_under_open': None, 'home_moneyline': None, 'away_moneyline': None}]",-14.0
401215308,2020,6,regular,2020-10-10T19:30:00.000Z,Troy,Sun Belt,37,Texas State,Sun Belt,17,"[{'provider': 'Bovada', 'spread': -7.0, 'formatted_spread': 'Troy -7.0', 'spread_open': None, 'over_under': 59.0, 'over_under_open': None, 'home_moneyline': None, 'away_moneyline': None}]",-7.0
401212515,2020,6,regular,2020-10-10T22:00:00.000Z,Navy,American Athletic,31,Temple,American Athletic,29,"[{'provider': 'Bovada', 'spread': 4.0, 'formatted_spread': 'Temple -4.0', 'spread_open': None, 'over_under': 51.0, 'over_under_open': None, 'home_moneyline': None, 'away_moneyline': None}]",4.0
401237093,2020,5,regular,2020-10-03T19:30:00.000Z,Alabama,SEC,52,Texas A&M,SEC,24,"[{'provider': 'Bovada', 'spread': -18.5, 'formatted_spread': 'Alabama -18.5', 'spread_open': None, 'over_under': 54.0, 'over_under_open': None, 'home_moneyline': None, 'away_moneyline': None}]",-18.5
401212531,2020,5,regular,2020-10-03T23:30:00.000Z,UCF,American Athletic,26,Tulsa,American Athletic,34,"[{'provider': 'Bovada', 'spread': -21.0, 'formatted_spread': 'UCF -21.0', 'spread_open': None, 'over_under': 70.0, 'over_under_open': None, 'home_moneyline': None, 'away_moneyline': None}]",-21.0
401212486,2020,5,regular,2020-10-03T19:30:00.000Z,SMU,American Athletic,30,Memphis,American Athletic,27,"[{'provider': 'Bovada', 'spread': -2.5, 'formatted_spread': 'SMU -2.5', 'spread_open': None, 'over_under': 75.0, 'over_under_open': None, 'home_moneyline': None, 'away_moneyline': None}]",-2.5
401207139,2020,5,regular,2020-10-03T23:30:00.000Z,North Texas,Conference USA,31,Southern Mississippi,Conference USA,41,"[{'provider': 'Bovada', 'spread': -1.5, 'formatted_spread': 'North Texas -1.5', 'spread_open': None, 'over_under': 74.5, 'over_under_open': None, 'home_moneyline': None, 'away_moneyline': None}]",-1.5
401237096,2020,5,regular,2020-10-03T16:00:00.000Z,Florida,SEC,38,South Carolina,SEC,24,"[{'provider': 'Bovada', 'spread': -15.0, 'formatted_spread': 'Florida -15.0', 'spread_open': None, 'over_under': 57.5, 'over_under_open': None, 'home_moneyline': None, 'away_moneyline': None}]",-15.0
401237095,2020,5,regular,2020-10-03T23:30:00.000Z,Georgia,SEC,27,Auburn,SEC,6,"[{'provider': 'Bovada', 'spread': -7.0, 'formatted_spread': 'Georgia -7.0', 'spread_open': None, 'over_under': 44.5, 'over_under_open': None, 'home_moneyline': None, 'away_moneyline': None}]",-7.0
401237094,2020,5,regular,2020-10-03T23:30:00.000Z,Mississippi State,SEC,14,Arkansas,SEC,21,"[{'provider': 'Bovada', 'spread': -17.0, 'formatted_spread': 'Mississippi State -17.0', 'spread_open': None, 'over_under': 68.5, 'over_under_open': None, 'home_moneyline': None, 'away_moneyline': None}]",-17.0
401237098,2020,5,regular,2020-10-03T23:30:00.000Z,Vanderbilt,SEC,7,LSU,SEC,41,"[{'provider': 'Bovada', 'spread': 21.5, 'formatted_spread': 'LSU -21.5', 'spread_open': None, 'over_under': 50.0, 'over_under_open': None, 'home_moneyline': None, 'away_moneyline': None}]",21.5
401237099,2020,5,regular,2020-10-03T16:00:00.000Z,Tennessee,SEC,35,Missouri,SEC,12,"[{'provider': 'Bovada', 'spread': -10.0, 'formatted_spread': 'Tennessee -10.0', 'spread_open': None, 'over_under': 49.0, 'over_under_open': None, 'home_moneyline': None, 'away_moneyline': None}]",-10.0
401212547,2020,5,regular,2020-10-03T16:00:00.000Z,Georgia State,Sun Belt,49,East Carolina,American Athletic,29,"[{'provider': 'Bovada', 'spread': 2.0, 'formatted_spread': 'East Carolina -2.0', 'spread_open': None, 'over_under': 70.0, 'over_under_open': None, 'home_moneyline': None, 'away_moneyline': None}]",2.0
401215304,2020,5,regular,2020-10-03T16:00:00.000Z,Coastal Carolina,Sun Belt,52,Arkansas State,Sun Belt,23,"[{'provider': 'Bovada', 'spread': 3.5, 'formatted_spread': 'Arkansas State -3.5', 'spread_open': None, 'over_under': 64.5, 'over_under_open': None, 'home_moneyline': None, 'away_moneyline': None}]",3.5
401235998,2020,5,regular,2020-10-03T16:00:00.000Z,West Virginia,Big 12,27,Baylor,Big 12,21,"[{'provider': 'Bovada', 'spread': 1.5, 'formatted_spread': 'Baylor -1.5', 'spread_open': None, 'over_under': 54.0, 'over_under_open': None, 'home_moneyline': None, 'away_moneyline': None}]",1.5
401215305,2020,5,regular,2020-10-03T23:00:00.000Z,Louisiana Monroe,Sun Belt,30,Georgia Southern,Sun Belt,35,"[{'provider': 'Bovada', 'spread': 19.5, 'formatted_spread': 'Georgia Southern -19.5', 'spread_open': None, 'over_under': 50.5, 'over_under_open': None, 'home_moneyline': None, 'away_moneyline': None}]",19.5
401234638,2020,4,regular,2020-09-26T20:00:00.000Z,Virginia,ACC,38,Duke,ACC,20,"[{'provider': 'Bovada', 'spread': -4.0, 'formatted_spread': 'Virginia -4.0', 'spread_open': None, 'over_under': 45.5, 'over_under_open': None, 'home_moneyline': None, 'away_moneyline': None}]",-4.0
401207132,2020,4,regular,2020-09-24T23:30:00.000Z,South Alabama,Sun Belt,10,UAB,Conference USA,42,"[{'provider': 'Bovada', 'spread': 8.0, 'formatted_spread': 'UAB -8.0', 'spread_open': None, 'over_under': 47.5, 'over_under_open': None, 'home_moneyline': None, 'away_moneyline': None}]",8.0
401237033,2020,4,regular,2020-09-26T20:00:00.000Z,Arkansas,SEC,10,Georgia,SEC,37,"[{'provider': 'Bovada', 'spread': 28.0, 'formatted_spread': 'Georgia -28.0', 'spread_open': None, 'over_under': 53.0, 'over_under_open': None, 'home_moneyline': None, 'away_moneyline': None}]",28.0
401237035,2020,4,regular,2020-09-26T19:30:00.000Z,LSU,SEC,34,Mississippi State,SEC,44,"[{'provider': 'Bovada', 'spread': -14.5, 'formatted_spread': 'LSU -14.5', 'spread_open': None, 'over_under': 57.5, 'over_under_open': None, 'home_moneyline': None, 'away_moneyline': None}]",-14.5
401237034,2020,4,regular,2020-09-26T16:00:00.000Z,Auburn,SEC,29,Kentucky,SEC,13,"[{'provider': 'Bovada', 'spread': -6.0, 'formatted_spread': 'Auburn -6.0', 'spread_open': None, 'over_under': 47.0, 'over_under_open': None, 'home_moneyline': None, 'away_moneyline': None}]",-6.0
401235997,2020,4,regular,2020-09-26T19:30:00.000Z,Oklahoma State,Big 12,27,West Virginia,Big 12,13,"[{'provider': 'Bovada', 'spread': -6.0, 'formatted_spread': 'Oklahoma State -6.0', 'spread_open': None, 'over_under': 49.5, 'over_under_open': None, 'home_moneyline': None, 'away_moneyline': None}]",-6.0
401234566,2020,4,regular,2020-09-27T00:00:00.000Z,Virginia Tech,ACC,45,NC State,ACC,24,"[{'provider': 'Bovada', 'spread': -6.0, 'formatted_spread': 'Virginia Tech -6.0', 'spread_open': None, 'over_under': 56.5, 'over_under_open': None, 'home_moneyline': None, 'away_moneyline': None}]",-6.0
401235994,2020,4,regular,2020-09-26T17:30:00.000Z,TCU,Big 12,34,Iowa State,Big 12,37,"[{'provider': 'Bovada', 'spread': 4.5, 'formatted_spread': 'Iowa State -4.5', 'spread_open': None, 'over_under': 43.5, 'over_under_open': None, 'home_moneyline': None, 'away_moneyline': None}]",4.5
401240194,2020,4,regular,2020-09-26T19:30:00.000Z,Louisiana Monroe,Sun Belt,6,UTEP,Conference USA,31,"[{'provider': 'Bovada', 'spread': -10.0, 'formatted_spread': 'Louisiana Monroe -10.0', 'spread_open': None, 'over_under': 49.5, 'over_under_open': None, 'home_moneyline': None, 'away_moneyline': None}]",-10.0
401235993,2020,4,regular,2020-09-26T23:30:00.000Z,Baylor,Big 12,47,Kansas,Big 12,14,"[{'provider': 'Bovada', 'spread': -17.5, 'formatted_spread': 'Baylor -17.5', 'spread_open': None, 'over_under': 61.0, 'over_under_open': None, 'home_moneyline': None, 'away_moneyline': None}]",-17.5
401236000,2020,5,regular,2020-10-03T19:30:00.000Z,Kansas,Big 12,7,Oklahoma State,Big 12,47,"[{'provider': 'Bovada', 'spread': 21.5, 'formatted_spread': 'Oklahoma State -21.5', 'spread_open': None, 'over_under': 53.0, 'over_under_open': None, 'home_moneyline': None, 'away_moneyline': None}]",21.5
401234598,2020,5,regular,2020-10-04T00:00:00.000Z,Clemson,ACC,41,Virginia,ACC,23,"[{'provider': 'Bovada', 'spread': -28.5, 'formatted_spread': 'Clemson -28.5', 'spread_open': None, 'over_under': 56.0, 'over_under_open': None, 'home_moneyline': None, 'away_moneyline': None}]",-28.5
401236002,2020,5,regular,2020-10-03T16:00:00.000Z,Texas,Big 12,31,TCU,Big 12,33,"[{'provider': 'Bovada', 'spread': -10.5, 'formatted_spread': 'Texas -10.5', 'spread_open': None, 'over_under': 62.0, 'over_under_open': None, 'home_moneyline': None, 'away_moneyline': None}]",-10.5
401235999,2020,5,regular,2020-10-03T23:30:00.000Z,Iowa State,Big 12,37,Oklahoma,Big 12,30,"[{'provider': 'Bovada', 'spread': 8.0, 'formatted_spread': 'Oklahoma -8.0', 'spread_open': None, 'over_under': 63.0, 'over_under_open': None, 'home_moneyline': None, 'away_moneyline': None}]",8.0
401236029,2020,13,regular,2020-11-27T17:00:00.000Z,Texas,Big 12,20,Iowa State,Big 12,23,"[{'provider': 'Bovada', 'spread': 2.0, 'formatted_spread': 'Iowa State -2.0', 'spread_open': None, 'over_under': 59.0, 'over_under_open': None, 'home_moneyline': None, 'away_moneyline': None}]",2.0
401237142,2020,13,regular,2020-11-28T20:30:00.000Z,Alabama,SEC,42,Auburn,SEC,13,"[{'provider': 'Bovada', 'spread': -24.5, 'formatted_spread': 'Alabama -24.5', 'spread_open': None, 'over_under': 65.0, 'over_under_open': None, 'home_moneyline': None, 'away_moneyline': None}]",-24.5
401237146,2020,13,regular,2020-11-29T00:00:00.000Z,Texas A&M,SEC,20,LSU,SEC,7,"[{'provider': 'Bovada', 'spread': -15.5, 'formatted_spread': 'Texas A&M -15.5', 'spread_open': None, 'over_under': 61.0, 'over_under_open': None, 'home_moneyline': None, 'away_moneyline': None}]",-15.5
401237144,2020,13,regular,2020-11-28T17:00:00.000Z,Florida,SEC,34,Kentucky,SEC,10,"[{'provider': 'Bovada', 'spread': -24.0, 'formatted_spread': 'Florida -24.0', 'spread_open': None, 'over_under': 61.0, 'over_under_open': None, 'home_moneyline': None, 'away_moneyline': None}]",-24.0
401237145,2020,13,regular,2020-11-29T00:30:00.000Z,South Carolina,SEC,16,Georgia,SEC,45,"[{'provider': 'Bovada', 'spread': 22.0, 'formatted_spread': 'Georgia -22.0', 'spread_open': None, 'over_under': 51.0, 'over_under_open': None, 'home_moneyline': None, 'away_moneyline': None}]",22.0
401236032,2020,13,regular,2020-11-28T17:00:00.000Z,Oklahoma State,Big 12,50,Texas Tech,Big 12,44,"[{'provider': 'Bovada', 'spread': -12.0, 'formatted_spread': 'Oklahoma State -12.0', 'spread_open': None, 'over_under': 57.0, 'over_under_open': None, 'home_moneyline': None, 'away_moneyline': None}]",-12.0
401212513,2020,13,regular,2020-11-28T17:00:00.000Z,East Carolina,American Athletic,52,SMU,American Athletic,38,"[{'provider': 'Bovada', 'spread': 12.0, 'formatted_spread': 'SMU -12.0', 'spread_open': None, 'over_under': 72.0, 'over_under_open': None, 'home_moneyline': None, 'away_moneyline': None}]",12.0
401215339,2020,13,regular,2020-11-28T17:00:00.000Z,Georgia State,Sun Belt,30,Georgia Southern,Sun Belt,24,"[{'provider': 'Bovada', 'spread': -3.0, 'formatted_spread': 'Georgia State -3.0', 'spread_open': None, 'over_under': 51.0, 'over_under_open': None, 'home_moneyline': None, 'away_moneyline': None}]",-3.0
401212476,2020,5,regular,2020-10-03T19:30:00.000Z,Cincinnati,American Athletic,28,South Florida,American Athletic,7,"[{'provider': 'Bovada', 'spread': -22.0, 'formatted_spread': 'Cincinnati -22.0', 'spread_open': None, 'over_under': 45.5, 'over_under_open': None, 'home_moneyline': None, 'away_moneyline': None}]",-22.0
401234597,2020,5,regular,2020-10-03T19:30:00.000Z,Boston College,ACC,22,North Carolina,ACC,26,"[{'provider': 'Bovada', 'spread': 14.5, 'formatted_spread': 'North Carolina -14.5', 'spread_open': None, 'over_under': 52.5, 'over_under_open': None, 'home_moneyline': None, 'away_moneyline': None}]",14.5
401246275,2020,5,regular,2020-10-03T01:00:00.000Z,BYU,FBS Independents,45,Louisiana Tech,Conference USA,14,"[{'provider': 'Bovada', 'spread': -24.0, 'formatted_spread': 'BYU -24.0', 'spread_open': None, 'over_under': 62.0, 'over_under_open': None, 'home_moneyline': None, 'away_moneyline': None}]",-24.0
401215338,2020,13,regular,2020-11-28T20:00:00.000Z,Texas State,Sun Belt,14,Coastal Carolina,Sun Belt,49,"[{'provider': 'Bovada', 'spread': 17.5, 'formatted_spread': 'Coastal Carolina -17.5', 'spread_open': None, 'over_under': 58.5, 'over_under_open': None, 'home_moneyline': None, 'away_moneyline': None}]",17.5
401215337,2020,13,regular,2020-11-28T20:00:00.000Z,Arkansas State,Sun Belt,31,South Alabama,Sun Belt,38,"[{'provider': 'Bovada', 'spread': -7.5, 'formatted_spread': 'Arkansas State -7.5', 'spread_open': None, 'over_under': 64.0, 'over_under_open': None, 'home_moneyline': None, 'away_moneyline': None}]",-7.5
401207143,2020,6,regular,2020-10-10T20:00:00.000Z,Florida International,Conference USA,28,Middle Tennessee,Conference USA,31,"[{'provider': 'Bovada', 'spread': -7.0, 'formatted_spread': 'Florida International -7.0', 'spread_open': None, 'over_under': 57.0, 'over_under_open': None, 'home_moneyline': None, 'away_moneyline': None}]",-7.0
401234607,2020,6,regular,2020-10-10T16:00:00.000Z,North Carolina,ACC,56,Virginia Tech,ACC,45,"[{'provider': 'Bovada', 'spread': -3.5, 'formatted_spread': 'North Carolina -3.5', 'spread_open': None, 'over_under': 59.0, 'over_under_open': None, 'home_moneyline': None, 'away_moneyline': None}]",-3.5
401236003,2020,6,regular,2020-10-10T19:30:00.000Z,Iowa State,Big 12,31,Texas Tech,Big 12,15,"[{'provider': 'Bovada', 'spread': -10.5, 'formatted_spread': 'Iowa State -10.5', 'spread_open': None, 'over_under': 63.0, 'over_under_open': None, 'home_moneyline': None, 'away_moneyline': None}]",-10.5
401212477,2020,6,regular,2020-10-10T23:00:00.000Z,South Florida,American Athletic,24,East Carolina,American Athletic,44,"[{'provider': 'Bovada', 'spread': -6.0, 'formatted_spread': 'South Florida -6.0', 'spread_open': None, 'over_under': 58.5, 'over_under_open': None, 'home_moneyline': None, 'away_moneyline': None}]",-6.0
401237104,2020,6,regular,2020-10-10T23:30:00.000Z,Kentucky,SEC,24,Mississippi State,SEC,2,"[{'provider': 'Bovada', 'spread': -3.0, 'formatted_spread': 'Kentucky -3.0', 'spread_open': None, 'over_under': 58.0, 'over_under_open': None, 'home_moneyline': None, 'away_moneyline': None}]",-3.0
401207142,2020,6,regular,2020-10-11T00:00:00.000Z,North Texas,Conference USA,21,Charlotte,Conference USA,49,"[{'provider': 'Bovada', 'spread': 3.0, 'formatted_spread': 'Charlotte -3.0', 'spread_open': None, 'over_under': 66.0, 'over_under_open': None, 'home_moneyline': None, 'away_moneyline': None}]",3.0
401234605,2020,6,regular,2020-10-10T16:30:00.000Z,Syracuse,ACC,24,Duke,ACC,38,"[{'provider': 'Bovada', 'spread': 2.5, 'formatted_spread': 'Duke -2.5', 'spread_open': None, 'over_under': 52.5, 'over_under_open': None, 'home_moneyline': None, 'away_moneyline': None}]",2.5
401236004,2020,6,regular,2020-10-10T20:00:00.000Z,TCU,Big 12,14,Kansas State,Big 12,21,"[{'provider': 'Bovada', 'spread': -10.5, 'formatted_spread': 'TCU -10.5', 'spread_open': None, 'over_under': 49.5, 'over_under_open': None, 'home_moneyline': None, 'away_moneyline': None}]",-10.5
401237102,2020,6,regular,2020-10-10T16:00:00.000Z,Texas A&M,SEC,41,Florida,SEC,38,"[{'provider': 'Bovada', 'spread': 6.0, 'formatted_spread': 'Florida -6.0', 'spread_open': None, 'over_under': 61.0, 'over_under_open': None, 'home_moneyline': None, 'away_moneyline': None}]",6.0
401234606,2020,6,regular,2020-10-10T23:30:00.000Z,Notre Dame,FBS Independents,42,Florida State,ACC,26,"[{'provider': 'Bovada', 'spread': -21.0, 'formatted_spread': 'Notre Dame -21.0', 'spread_open': None, 'over_under': 54.0, 'over_under_open': None, 'home_moneyline': None, 'away_moneyline': None}]",-21.0
401237101,2020,6,regular,2020-10-10T20:00:00.000Z,Auburn,SEC,30,Arkansas,SEC,28,"[{'provider': 'Bovada', 'spread': -13.5, 'formatted_spread': 'Auburn -13.5', 'spread_open': None, 'over_under': 46.0, 'over_under_open': None, 'home_moneyline': None, 'away_moneyline': None}]",-13.5
401234608,2020,6,regular,2020-10-10T16:00:00.000Z,Virginia,ACC,21,NC State,ACC,38,"[{'provider': 'Bovada', 'spread': -7.0, 'formatted_spread': 'Virginia -7.0', 'spread_open': None, 'over_under': 59.0, 'over_under_open': None, 'home_moneyline': None, 'away_moneyline': None}]",-7.0
401207145,2020,6,regular,2020-10-10T23:30:00.000Z,Louisiana Tech,Conference USA,21,UTEP,Conference USA,17,"[{'provider': 'Bovada', 'spread': -14.5, 'formatted_spread': 'Louisiana Tech -14.5', 'spread_open': None, 'over_under': 55.5, 'over_under_open': None, 'home_moneyline': None, 'away_moneyline': None}]",-14.5
401207146,2020,6,regular,2020-10-10T23:30:00.000Z,Western Kentucky,Conference USA,14,Marshall,Conference USA,38,"[{'provider': 'Bovada', 'spread': 7.0, 'formatted_spread': 'Marshall -7.0', 'spread_open': None, 'over_under': 43.0, 'over_under_open': None, 'home_moneyline': None, 'away_moneyline': None}]",7.0
401207153,2020,7,regular,2020-10-17T17:30:00.000Z,UAB,Conference USA,37,Western Kentucky,Conference USA,14,"[{'provider': 'Bovada', 'spread': -11.0, 'formatted_spread': 'UAB -11.0', 'spread_open': None, 'over_under': 44.0, 'over_under_open': None, 'home_moneyline': None, 'away_moneyline': None}]",-11.0
401215321,2020,9,regular,2020-10-29T23:30:00.000Z,Georgia Southern,Sun Belt,24,South Alabama,Sun Belt,17,"[{'provider': 'Bovada', 'spread': -7.0, 'formatted_spread': 'Georgia Southern -7.0', 'spread_open': None, 'over_under': None, 'over_under_open': None, 'home_moneyline': None, 'away_moneyline': None}]",-7.0
401215318,2020,9,regular,2020-10-31T16:00:00.000Z,Georgia State,Sun Belt,0,Coastal Carolina,Sun Belt,51,"[{'provider': 'Bovada', 'spread': 3.5, 'formatted_spread': 'Coastal Carolina -3.5', 'spread_open': None, 'over_under': None, 'over_under_open': None, 'home_moneyline': None, 'away_moneyline': None}]",3.5
401234632,2020,10,regular,2020-11-08T00:30:00.000Z,Notre Dame,FBS Independents,47,Clemson,ACC,40,"[{'provider': 'Bovada', 'spread': 6.0, 'formatted_spread': 'Clemson -6.0', 'spread_open': None, 'over_under': 52.0, 'over_under_open': None, 'home_moneyline': None, 'away_moneyline': None}]",6.0
401251931,2020,10,regular,2020-11-07T19:30:00.000Z,Marshall,Conference USA,51,UMass,FBS Independents,10,"[{'provider': 'Bovada', 'spread': -44.5, 'formatted_spread': 'Marshall -44.5', 'spread_open': None, 'over_under': 55.0, 'over_under_open': None, 'home_moneyline': None, 'away_moneyline': None}]",-44.5
401212491,2020,11,regular,2020-11-15T00:00:00.000Z,Tulsa,American Athletic,28,SMU,American Athletic,24,"[{'provider': 'Bovada', 'spread': 2.0, 'formatted_spread': 'SMU -2.0', 'spread_open': None, 'over_under': 64.0, 'over_under_open': None, 'home_moneyline': None, 'away_moneyline': None}]",2.0
401234647,2020,12,regular,2020-11-22T00:30:00.000Z,NC State,ACC,15,Liberty,FBS Independents,14,"[{'provider': 'Bovada', 'spread': -4.0, 'formatted_spread': 'NC State -4.0', 'spread_open': None, 'over_under': 66.5, 'over_under_open': None, 'home_moneyline': None, 'away_moneyline': None}]",-4.0
401237137,2020,12,regular,2020-11-22T00:00:00.000Z,Auburn,SEC,30,Tennessee,SEC,17,"[{'provider': 'Bovada', 'spread': -10.5, 'formatted_spread': 'Auburn -10.5', 'spread_open': None, 'over_under': 51.0, 'over_under_open': None, 'home_moneyline': None, 'away_moneyline': None}]",-10.5
401215334,2020,12,regular,2020-11-21T17:00:00.000Z,Texas State,Sun Belt,47,Arkansas State,Sun Belt,45,"[{'provider': 'Bovada', 'spread': 4.5, 'formatted_spread': 'Arkansas State -4.5', 'spread_open': None, 'over_under': 69.0, 'over_under_open': None, 'home_moneyline': None, 'away_moneyline': None}]",4.5
401235975,2020,12,regular,2020-11-21T17:00:00.000Z,Army,FBS Independents,28,Georgia Southern,Sun Belt,27,"[{'provider': 'Bovada', 'spread': -3.5, 'formatted_spread': 'Army -3.5', 'spread_open': None, 'over_under': 38.5, 'over_under_open': None, 'home_moneyline': None, 'away_moneyline': None}]",-3.5
401207181,2020,12,regular,2020-11-21T19:00:00.000Z,Western Kentucky,Conference USA,38,Florida International,Conference USA,21,"[{'provider': 'Bovada', 'spread': -7.0, 'formatted_spread': 'Western Kentucky -7.0', 'spread_open': None, 'over_under': 42.0, 'over_under_open': None, 'home_moneyline': None, 'away_moneyline': None}]",-7.0
401215313,2020,7,regular,2020-10-17T16:00:00.000Z,South Alabama,Sun Belt,30,Texas State,Sun Belt,20,"[{'provider': 'Bovada', 'spread': -4.5, 'formatted_spread': 'South Alabama -4.5', 'spread_open': None, 'over_under': 57.5, 'over_under_open': None, 'home_moneyline': None, 'away_moneyline': None}]",-4.5
401247335,2020,14,regular,2020-12-05T17:00:00.000Z,Purdue,Big Ten,27,Nebraska,Big Ten,37,"[{'provider': 'Bovada', 'spread': -1.0, 'formatted_spread': 'Purdue -1.0', 'spread_open': None, 'over_under': 64.0, 'over_under_open': None, 'home_moneyline': None, 'away_moneyline': None}]",-1.0
401247336,2020,14,regular,2020-12-05T17:00:00.000Z,Rutgers,Big Ten,7,Penn State,Big Ten,23,"[{'provider': 'Bovada', 'spread': 13.0, 'formatted_spread': 'Penn State -13.0', 'spread_open': None, 'over_under': 51.0, 'over_under_open': None, 'home_moneyline': None, 'away_moneyline': None}]",13.0
401215310,2020,7,regular,2020-10-15T23:30:00.000Z,Arkansas State,Sun Belt,59,Georgia State,Sun Belt,52,"[{'provider': 'Bovada', 'spread': -3.5, 'formatted_spread': 'Arkansas State -3.5', 'spread_open': None, 'over_under': 72.5, 'over_under_open': None, 'home_moneyline': None, 'away_moneyline': None}]",-3.5
401234610,2020,7,regular,2020-10-17T16:00:00.000Z,Georgia Tech,ACC,7,Clemson,ACC,73,"[{'provider': 'Bovada', 'spread': 27.0, 'formatted_spread': 'Clemson -27.0', 'spread_open': None, 'over_under': 65.5, 'over_under_open': None, 'home_moneyline': None, 'away_moneyline': None}]",27.0
401234613,2020,7,regular,2020-10-17T18:30:00.000Z,Notre Dame,FBS Independents,12,Louisville,ACC,7,"[{'provider': 'Bovada', 'spread': -16.0, 'formatted_spread': 'Notre Dame -16.0', 'spread_open': None, 'over_under': 62.5, 'over_under_open': None, 'home_moneyline': None, 'away_moneyline': None}]",-16.0
401234612,2020,7,regular,2020-10-17T23:30:00.000Z,Florida State,ACC,31,North Carolina,ACC,28,"[{'provider': 'Bovada', 'spread': 14.0, 'formatted_spread': 'North Carolina -14.0', 'spread_open': None, 'over_under': 65.0, 'over_under_open': None, 'home_moneyline': None, 'away_moneyline': None}]",14.0
401237112,2020,7,regular,2020-10-17T20:00:00.000Z,Mississippi State,SEC,14,Texas A&M,SEC,28,"[{'provider': 'Bovada', 'spread': 4.5, 'formatted_spread': 'Texas A&M -4.5', 'spread_open': None, 'over_under': 56.0, 'over_under_open': None, 'home_moneyline': None, 'away_moneyline': None}]",4.5
401234614,2020,7,regular,2020-10-17T16:00:00.000Z,Miami,ACC,31,Pittsburgh,ACC,19,"[{'provider': 'Bovada', 'spread': -12.5, 'formatted_spread': 'Miami -12.5', 'spread_open': None, 'over_under': 47.5, 'over_under_open': None, 'home_moneyline': None, 'away_moneyline': None}]",-12.5
401237109,2020,7,regular,2020-10-17T16:00:00.000Z,South Carolina,SEC,30,Auburn,SEC,22,"[{'provider': 'Bovada', 'spread': 2.5, 'formatted_spread': 'Auburn -2.5', 'spread_open': None, 'over_under': 54.0, 'over_under_open': None, 'home_moneyline': None, 'away_moneyline': None}]",2.5
401237111,2020,7,regular,2020-10-17T16:00:00.000Z,Tennessee,SEC,7,Kentucky,SEC,34,"[{'provider': 'Bovada', 'spread': -6.0, 'formatted_spread': 'Tennessee -6.0', 'spread_open': None, 'over_under': 45.5, 'over_under_open': None, 'home_moneyline': None, 'away_moneyline': None}]",-6.0
401234609,2020,7,regular,2020-10-18T00:00:00.000Z,Virginia Tech,ACC,40,Boston College,ACC,14,"[{'provider': 'Bovada', 'spread': -13.0, 'formatted_spread': 'Virginia Tech -13.0', 'spread_open': None, 'over_under': 62.0, 'over_under_open': None, 'home_moneyline': None, 'away_moneyline': None}]",-13.0
401212478,2020,7,regular,2020-10-17T16:00:00.000Z,Temple,American Athletic,39,South Florida,American Athletic,37,"[{'provider': 'Bovada', 'spread': -14.0, 'formatted_spread': 'Temple -14.0', 'spread_open': None, 'over_under': 53.0, 'over_under_open': None, 'home_moneyline': None, 'away_moneyline': None}]",-14.0
401212548,2020,7,regular,2020-10-17T16:00:00.000Z,East Carolina,American Athletic,23,Navy,American Athletic,27,"[{'provider': 'Bovada', 'spread': 3.5, 'formatted_spread': 'Navy -3.5', 'spread_open': None, 'over_under': 56.0, 'over_under_open': None, 'home_moneyline': None, 'away_moneyline': None}]",3.5
401234611,2020,7,regular,2020-10-17T19:30:00.000Z,NC State,ACC,31,Duke,ACC,20,"[{'provider': 'Bovada', 'spread': -3.5, 'formatted_spread': 'NC State -3.5', 'spread_open': None, 'over_under': 60.0, 'over_under_open': None, 'home_moneyline': None, 'away_moneyline': None}]",-3.5
401237108,2020,7,regular,2020-10-17T19:30:00.000Z,Arkansas,SEC,33,Ole Miss,SEC,21,"[{'provider': 'Bovada', 'spread': -1.0, 'formatted_spread': 'Arkansas -1.0', 'spread_open': None, 'over_under': 77.5, 'over_under_open': None, 'home_moneyline': None, 'away_moneyline': None}]",-1.0
401234616,2020,7,regular,2020-10-17T20:00:00.000Z,Wake Forest,ACC,40,Virginia,ACC,23,"[{'provider': 'Bovada', 'spread': -2.5, 'formatted_spread': 'Wake Forest -2.5', 'spread_open': None, 'over_under': 57.0, 'over_under_open': None, 'home_moneyline': None, 'away_moneyline': None}]",-2.5
401207150,2020,7,regular,2020-10-17T21:00:00.000Z,Middle Tennessee,Conference USA,35,North Texas,Conference USA,52,"[{'provider': 'Bovada', 'spread': -3.5, 'formatted_spread': 'Middle Tennessee -3.5', 'spread_open': None, 'over_under': 71.5, 'over_under_open': None, 'home_moneyline': None, 'away_moneyline': None}]",-3.5
401240642,2020,8,regular,2020-10-22T23:30:00.000Z,Appalachian State,Sun Belt,45,Arkansas State,Sun Belt,17,"[{'provider': 'Bovada', 'spread': -13.5, 'formatted_spread': 'Appalachian State -13.5', 'spread_open': None, 'over_under': 69.5, 'over_under_open': None, 'home_moneyline': None, 'away_moneyline': None}]",-13.5
401236008,2020,8,regular,2020-10-24T19:30:00.000Z,Texas,Big 12,27,Baylor,Big 12,16,"[{'provider': 'Bovada', 'spread': -11.0, 'formatted_spread': 'Texas -11.0', 'spread_open': None, 'over_under': 61.5, 'over_under_open': None, 'home_moneyline': None, 'away_moneyline': None}]",-11.0
401207158,2020,8,regular,2020-10-24T19:30:00.000Z,Rice,Conference USA,34,Middle Tennessee,Conference USA,40,"[{'provider': 'Bovada', 'spread': -4.0, 'formatted_spread': 'Rice -4.0', 'spread_open': None, 'over_under': 48.0, 'over_under_open': None, 'home_moneyline': None, 'away_moneyline': None}]",-4.0
401212540,2020,12,regular,2020-11-21T20:30:00.000Z,UCF,American Athletic,33,Cincinnati,American Athletic,36,"[{'provider': 'Bovada', 'spread': 4.5, 'formatted_spread': 'Cincinnati -4.5', 'spread_open': None, 'over_under': 66.0, 'over_under_open': None, 'home_moneyline': None, 'away_moneyline': None}]",4.5
401215333,2020,12,regular,2020-11-21T17:00:00.000Z,Coastal Carolina,Sun Belt,34,Appalachian State,Sun Belt,23,"[{'provider': 'Bovada', 'spread': -3.0, 'formatted_spread': 'Coastal Carolina -3.0', 'spread_open': None, 'over_under': 48.5, 'over_under_open': None, 'home_moneyline': None, 'away_moneyline': None}]",-3.0
401212483,2020,13,regular,2020-11-27T20:30:00.000Z,South Florida,American Athletic,46,UCF,American Athletic,58,"[{'provider': 'Bovada', 'spread': 26.0, 'formatted_spread': 'UCF -26.0', 'spread_open': None, 'over_under': 70.5, 'over_under_open': None, 'home_moneyline': None, 'away_moneyline': None}]",26.0
401236025,2020,12,regular,2020-11-21T21:00:00.000Z,Iowa State,Big 12,45,Kansas State,Big 12,0,"[{'provider': 'Bovada', 'spread': -13.5, 'formatted_spread': 'Iowa State -13.5', 'spread_open': None, 'over_under': 48.0, 'over_under_open': None, 'home_moneyline': None, 'away_moneyline': None}]",-13.5
401240641,2020,12,regular,2020-11-21T20:30:00.000Z,Troy,Sun Belt,17,Middle Tennessee,Conference USA,20,"[{'provider': 'Bovada', 'spread': -11.0, 'formatted_spread': 'Troy -11.0', 'spread_open': None, 'over_under': 60.0, 'over_under_open': None, 'home_moneyline': None, 'away_moneyline': None}]",-11.0
401234650,2020,13,regular,2020-11-27T20:30:00.000Z,North Carolina,ACC,17,Notre Dame,FBS Independents,31,"[{'provider': 'Bovada', 'spread': 4.5, 'formatted_spread': 'Notre Dame -4.5', 'spread_open': None, 'over_under': 70.0, 'over_under_open': None, 'home_moneyline': None, 'away_moneyline': None}]",4.5
401212519,2020,12,regular,2020-11-21T17:00:00.000Z,Temple,American Athletic,3,East Carolina,American Athletic,28,"[{'provider': 'Bovada', 'spread': 7.0, 'formatted_spread': 'East Carolina -7.0', 'spread_open': None, 'over_under': 53.0, 'over_under_open': None, 'home_moneyline': None, 'away_moneyline': None}]",7.0
401238035,2020,1,regular,2020-09-04T00:00:00.000Z,UAB,Conference USA,45,Central Arkansas,Southland,35,"[{'provider': 'Bovada', 'spread': -21.0, 'formatted_spread': 'UAB -21.0', 'spread_open': None, 'over_under': 50.0, 'over_under_open': None, 'home_moneyline': None, 'away_moneyline': None}]",-21.0
401236054,2020,2,regular,2020-09-12T23:00:00.000Z,Oklahoma,Big 12,48,Missouri State,MVFC,0,"[{'provider': 'Bovada', 'spread': -48.0, 'formatted_spread': 'Oklahoma -48.0', 'spread_open': None, 'over_under': 72.0, 'over_under_open': None, 'home_moneyline': None, 'away_moneyline': None}]",-48.0
401249001,2020,9,regular,2020-10-31T01:45:00.000Z,Wyoming,Mountain West,31,Hawai'i,Mountain West,7,"[{'provider': 'Bovada', 'spread': 2.0, 'formatted_spread': ""Hawai'i -2.0"", 'spread_open': None, 'over_under': None, 'over_under_open': None, 'home_moneyline': None, 'away_moneyline': None}]",2.0
401248999,2020,9,regular,2020-10-31T22:00:00.000Z,Air Force,Mountain West,30,Boise State,Mountain West,49,"[{'provider': 'Bovada', 'spread': 10.5, 'formatted_spread': 'Boise State -10.5', 'spread_open': None, 'over_under': None, 'over_under_open': None, 'home_moneyline': None, 'away_moneyline': None}]",10.5
401249004,2020,9,regular,2020-11-01T01:30:00.000Z,Utah State,Mountain West,7,San Diego State,Mountain West,38,"[{'provider': 'Bovada', 'spread': 7.5, 'formatted_spread': 'San Diego State -7.5', 'spread_open': None, 'over_under': None, 'over_under_open': None, 'home_moneyline': None, 'away_moneyline': None}]",7.5
401249002,2020,9,regular,2020-11-01T02:30:00.000Z,UNLV,Mountain West,19,Nevada,Mountain West,37,"[{'provider': 'Bovada', 'spread': 10.5, 'formatted_spread': 'Nevada -10.5', 'spread_open': None, 'over_under': None, 'over_under_open': None, 'home_moneyline': None, 'away_moneyline': None}]",10.5
401249404,2020,11,regular,2020-11-15T04:00:00.000Z,Washington,Pac-12,27,Oregon State,Pac-12,21,"[{'provider': 'Bovada', 'spread': -13.5, 'formatted_spread': 'Washington -13.5', 'spread_open': None, 'over_under': 51.0, 'over_under_open': None, 'home_moneyline': None, 'away_moneyline': None}]",-13.5
401237119,2020,9,regular,2020-10-31T23:00:00.000Z,Alabama,SEC,41,Mississippi State,SEC,0,"[{'provider': 'Bovada', 'spread': -32.0, 'formatted_spread': 'Alabama -32.0', 'spread_open': None, 'over_under': None, 'over_under_open': None, 'home_moneyline': None, 'away_moneyline': None}]",-32.0
401236017,2020,9,regular,2020-10-31T20:00:00.000Z,Oklahoma State,Big 12,34,Texas,Big 12,41,"[{'provider': 'Bovada', 'spread': -3.5, 'formatted_spread': 'Oklahoma State -3.5', 'spread_open': None, 'over_under': None, 'over_under_open': None, 'home_moneyline': None, 'away_moneyline': None}]",-3.5
401237116,2020,9,regular,2020-10-31T23:30:00.000Z,Florida,SEC,41,Missouri,SEC,17,"[{'provider': 'Bovada', 'spread': -13.0, 'formatted_spread': 'Florida -13.0', 'spread_open': None, 'over_under': None, 'over_under_open': None, 'home_moneyline': None, 'away_moneyline': None}]",-13.0
401234628,2020,9,regular,2020-11-01T00:00:00.000Z,Virginia,ACC,44,North Carolina,ACC,41,"[{'provider': 'Bovada', 'spread': 7.0, 'formatted_spread': 'North Carolina -7.0', 'spread_open': None, 'over_under': None, 'over_under_open': None, 'home_moneyline': None, 'away_moneyline': None}]",7.0
401212489,2020,9,regular,2020-10-31T23:30:00.000Z,SMU,American Athletic,51,Navy,American Athletic,37,"[{'provider': 'Bovada', 'spread': -14.0, 'formatted_spread': 'SMU -14.0', 'spread_open': None, 'over_under': None, 'over_under_open': None, 'home_moneyline': None, 'away_moneyline': None}]",-14.0
401236014,2020,9,regular,2020-10-31T16:00:00.000Z,Kansas,Big 12,22,Iowa State,Big 12,52,"[{'provider': 'Bovada', 'spread': 28.5, 'formatted_spread': 'Iowa State -28.5', 'spread_open': None, 'over_under': None, 'over_under_open': None, 'home_moneyline': None, 'away_moneyline': None}]",28.5
401237123,2020,9,regular,2020-10-31T20:00:00.000Z,Vanderbilt,SEC,21,Ole Miss,SEC,54,"[{'provider': 'Bovada', 'spread': 18.0, 'formatted_spread': 'Ole Miss -18.0', 'spread_open': None, 'over_under': None, 'over_under_open': None, 'home_moneyline': None, 'away_moneyline': None}]",18.0
401234624,2020,9,regular,2020-10-31T16:00:00.000Z,Clemson,ACC,34,Boston College,ACC,28,"[{'provider': 'Bovada', 'spread': -31.5, 'formatted_spread': 'Clemson -31.5', 'spread_open': None, 'over_under': None, 'over_under_open': None, 'home_moneyline': None, 'away_moneyline': None}]",-31.5
401234626,2020,9,regular,2020-10-31T19:30:00.000Z,Georgia Tech,ACC,13,Notre Dame,FBS Independents,31,"[{'provider': 'Bovada', 'spread': 19.5, 'formatted_spread': 'Notre Dame -19.5', 'spread_open': None, 'over_under': None, 'over_under_open': None, 'home_moneyline': None, 'away_moneyline': None}]",19.5
401237120,2020,9,regular,2020-10-31T23:30:00.000Z,Texas A&M,SEC,42,Arkansas,SEC,31,"[{'provider': 'Bovada', 'spread': -10.5, 'formatted_spread': 'Texas A&M -10.5', 'spread_open': None, 'over_under': None, 'over_under_open': None, 'home_moneyline': None, 'away_moneyline': None}]",-10.5
401236015,2020,9,regular,2020-10-31T16:00:00.000Z,West Virginia,Big 12,37,Kansas State,Big 12,10,"[{'provider': 'Bovada', 'spread': -3.0, 'formatted_spread': 'West Virginia -3.0', 'spread_open': None, 'over_under': None, 'over_under_open': None, 'home_moneyline': None, 'away_moneyline': None}]",-3.0
401236016,2020,9,regular,2020-11-01T00:00:00.000Z,Texas Tech,Big 12,28,Oklahoma,Big 12,62,"[{'provider': 'Bovada', 'spread': 14.5, 'formatted_spread': 'Oklahoma -14.5', 'spread_open': None, 'over_under': None, 'over_under_open': None, 'home_moneyline': None, 'away_moneyline': None}]",14.5
401212517,2020,9,regular,2020-10-31T16:00:00.000Z,Tulane,American Athletic,38,Temple,American Athletic,3,"[{'provider': 'Bovada', 'spread': -3.0, 'formatted_spread': 'Tulane -3.0', 'spread_open': None, 'over_under': None, 'over_under_open': None, 'home_moneyline': None, 'away_moneyline': None}]",-3.0
401212538,2020,9,regular,2020-10-31T18:00:00.000Z,Houston,American Athletic,21,UCF,American Athletic,44,"[{'provider': 'Bovada', 'spread': 3.0, 'formatted_spread': 'UCF -3.0', 'spread_open': None, 'over_under': None, 'over_under_open': None, 'home_moneyline': None, 'away_moneyline': None}]",3.0
401215320,2020,9,regular,2020-10-31T19:00:00.000Z,Arkansas State,Sun Belt,10,Troy,Sun Belt,38,"[{'provider': 'Bovada', 'spread': -3.5, 'formatted_spread': 'Arkansas State -3.5', 'spread_open': None, 'over_under': None, 'over_under_open': None, 'home_moneyline': None, 'away_moneyline': None}]",-3.5
401236013,2020,9,regular,2020-10-31T19:30:00.000Z,Baylor,Big 12,23,TCU,Big 12,33,"[{'provider': 'Bovada', 'spread': 3.0, 'formatted_spread': 'TCU -3.0', 'spread_open': None, 'over_under': None, 'over_under_open': None, 'home_moneyline': None, 'away_moneyline': None}]",3.0
401237121,2020,9,regular,2020-10-31T19:30:00.000Z,Auburn,SEC,48,LSU,SEC,11,"[{'provider': 'Bovada', 'spread': 2.0, 'formatted_spread': 'LSU -2.0', 'spread_open': None, 'over_under': None, 'over_under_open': None, 'home_moneyline': None, 'away_moneyline': None}]",2.0
401215325,2020,10,regular,2020-11-08T01:00:00.000Z,Coastal Carolina,Sun Belt,23,South Alabama,Sun Belt,6,"[{'provider': 'Bovada', 'spread': -17.0, 'formatted_spread': 'Coastal Carolina -17.0', 'spread_open': None, 'over_under': 54.0, 'over_under_open': None, 'home_moneyline': None, 'away_moneyline': None}]",-17.0
401212480,2020,10,regular,2020-11-07T17:00:00.000Z,Memphis,American Athletic,34,South Florida,American Athletic,33,"[{'provider': 'Bovada', 'spread': -18.0, 'formatted_spread': 'Memphis -18.0', 'spread_open': None, 'over_under': 65.0, 'over_under_open': None, 'home_moneyline': None, 'away_moneyline': None}]",-18.0
401212525,2020,10,regular,2020-11-07T17:00:00.000Z,East Carolina,American Athletic,21,Tulane,American Athletic,38,"[{'provider': 'Bovada', 'spread': 5.0, 'formatted_spread': 'Tulane -5.0', 'spread_open': None, 'over_under': 60.5, 'over_under_open': None, 'home_moneyline': None, 'away_moneyline': None}]",5.0
401215327,2020,10,regular,2020-11-07T17:00:00.000Z,Georgia State,Sun Belt,52,Louisiana Monroe,Sun Belt,34,"[{'provider': 'Bovada', 'spread': -18.0, 'formatted_spread': 'Georgia State -18.0', 'spread_open': None, 'over_under': 58.5, 'over_under_open': None, 'home_moneyline': None, 'away_moneyline': None}]",-18.0
401215324,2020,10,regular,2020-11-07T20:00:00.000Z,Texas State,Sun Belt,17,Appalachian State,Sun Belt,38,"[{'provider': 'Bovada', 'spread': 17.5, 'formatted_spread': 'Appalachian State -17.5', 'spread_open': None, 'over_under': 57.5, 'over_under_open': None, 'home_moneyline': None, 'away_moneyline': None}]",17.5
401237117,2020,9,regular,2020-10-31T16:00:00.000Z,Kentucky,SEC,3,Georgia,SEC,14,"[{'provider': 'Bovada', 'spread': 14.5, 'formatted_spread': 'Georgia -14.5', 'spread_open': None, 'over_under': None, 'over_under_open': None, 'home_moneyline': None, 'away_moneyline': None}]",14.5
401239887,2020,9,regular,2020-11-01T02:15:00.000Z,BYU,FBS Independents,41,Western Kentucky,Conference USA,10,"[{'provider': 'Bovada', 'spread': -28.5, 'formatted_spread': 'BYU -28.5', 'spread_open': None, 'over_under': None, 'over_under_open': None, 'home_moneyline': None, 'away_moneyline': None}]",-28.5
401247305,2020,9,regular,2020-10-31T16:00:00.000Z,Michigan,Big Ten,24,Michigan State,Big Ten,27,"[{'provider': 'Bovada', 'spread': -25.0, 'formatted_spread': 'Michigan -25.0', 'spread_open': None, 'over_under': None, 'over_under_open': None, 'home_moneyline': None, 'away_moneyline': None}]",-25.0
401234627,2020,9,regular,2020-10-31T20:00:00.000Z,Louisville,ACC,35,Virginia Tech,ACC,42,"[{'provider': 'Bovada', 'spread': 3.0, 'formatted_spread': 'Virginia Tech -3.0', 'spread_open': None, 'over_under': None, 'over_under_open': None, 'home_moneyline': None, 'away_moneyline': None}]",3.0
401249860,2020,10,regular,2020-11-05T00:00:00.000Z,Central Michigan,Mid-American,30,Ohio,Mid-American,27,"[{'provider': 'Bovada', 'spread': 1.0, 'formatted_spread': 'Ohio -1.0', 'spread_open': None, 'over_under': 59.0, 'over_under_open': None, 'home_moneyline': None, 'away_moneyline': None}]",1.0
401253924,2020,10,regular,2020-11-07T17:00:00.000Z,Louisiana,Sun Belt,27,Arkansas State,Sun Belt,20,"[{'provider': 'Bovada', 'spread': -14.0, 'formatted_spread': 'Louisiana -14.0', 'spread_open': None, 'over_under': 66.0, 'over_under_open': None, 'home_moneyline': None, 'away_moneyline': None}]",-14.0
401249861,2020,11,regular,2020-11-11T00:00:00.000Z,Ohio,Mid-American,24,Akron,Mid-American,10,"[{'provider': 'Bovada', 'spread': -27.0, 'formatted_spread': 'Ohio -27.0', 'spread_open': None, 'over_under': 59.0, 'over_under_open': None, 'home_moneyline': None, 'away_moneyline': None}]",-27.0
401249402,2020,10,regular,2020-11-08T00:00:00.000Z,Colorado,Pac-12,48,UCLA,Pac-12,42,"[{'provider': 'Bovada', 'spread': 6.5, 'formatted_spread': 'UCLA -6.5', 'spread_open': None, 'over_under': 56.5, 'over_under_open': None, 'home_moneyline': None, 'away_moneyline': None}]",6.5
401249005,2020,10,regular,2020-11-07T02:45:00.000Z,Boise State,Mountain West,17,BYU,FBS Independents,51,"[{'provider': 'Bovada', 'spread': 3.0, 'formatted_spread': 'BYU -3.0', 'spread_open': None, 'over_under': 59.0, 'over_under_open': None, 'home_moneyline': None, 'away_moneyline': None}]",3.0
401249006,2020,10,regular,2020-11-07T20:30:00.000Z,UNLV,Mountain West,27,Fresno State,Mountain West,40,"[{'provider': 'Bovada', 'spread': 11.0, 'formatted_spread': 'Fresno State -11.0', 'spread_open': None, 'over_under': 58.0, 'over_under_open': None, 'home_moneyline': None, 'away_moneyline': None}]",11.0
401249012,2020,11,regular,2020-11-13T01:00:00.000Z,Boise State,Mountain West,52,Colorado State,Mountain West,21,"[{'provider': 'Bovada', 'spread': -14.0, 'formatted_spread': 'Boise State -14.0', 'spread_open': None, 'over_under': 62.5, 'over_under_open': None, 'home_moneyline': None, 'away_moneyline': None}]",-14.0
401237125,2020,10,regular,2020-11-07T20:30:00.000Z,Georgia,SEC,28,Florida,SEC,44,"[{'provider': 'Bovada', 'spread': -3.5, 'formatted_spread': 'Georgia -3.5', 'spread_open': None, 'over_under': 54.0, 'over_under_open': None, 'home_moneyline': None, 'away_moneyline': None}]",-3.5
401236018,2020,10,regular,2020-11-08T00:00:00.000Z,Iowa State,Big 12,38,Baylor,Big 12,31,"[{'provider': 'Bovada', 'spread': -14.0, 'formatted_spread': 'Iowa State -14.0', 'spread_open': None, 'over_under': 48.0, 'over_under_open': None, 'home_moneyline': None, 'away_moneyline': None}]",-14.0
401236022,2020,10,regular,2020-11-07T17:00:00.000Z,Texas,Big 12,17,West Virginia,Big 12,13,"[{'provider': 'Bovada', 'spread': -6.5, 'formatted_spread': 'Texas -6.5', 'spread_open': None, 'over_under': 55.0, 'over_under_open': None, 'home_moneyline': None, 'away_moneyline': None}]",-6.5
401247313,2020,10,regular,2020-11-07T17:00:00.000Z,Iowa,Big Ten,49,Michigan State,Big Ten,7,"[{'provider': 'Bovada', 'spread': -6.5, 'formatted_spread': 'Iowa -6.5', 'spread_open': None, 'over_under': 47.0, 'over_under_open': None, 'home_moneyline': None, 'away_moneyline': None}]",-6.5
401234633,2020,10,regular,2020-11-07T17:00:00.000Z,Duke,ACC,24,North Carolina,ACC,56,"[{'provider': 'Bovada', 'spread': 10.5, 'formatted_spread': 'North Carolina -10.5', 'spread_open': None, 'over_under': 62.5, 'over_under_open': None, 'home_moneyline': None, 'away_moneyline': None}]",10.5
401247310,2020,10,regular,2020-11-08T00:30:00.000Z,Ohio State,Big Ten,49,Rutgers,Big Ten,27,"[{'provider': 'Bovada', 'spread': -38.0, 'formatted_spread': 'Ohio State -38.0', 'spread_open': None, 'over_under': 64.5, 'over_under_open': None, 'home_moneyline': None, 'away_moneyline': None}]",-38.0
401237127,2020,10,regular,2020-11-08T00:00:00.000Z,South Carolina,SEC,3,Texas A&M,SEC,48,"[{'provider': 'Bovada', 'spread': 10.0, 'formatted_spread': 'Texas A&M -10.0', 'spread_open': None, 'over_under': 57.5, 'over_under_open': None, 'home_moneyline': None, 'away_moneyline': None}]",10.0
401247309,2020,10,regular,2020-11-07T17:00:00.000Z,Indiana,Big Ten,38,Michigan,Big Ten,21,"[{'provider': 'Bovada', 'spread': 3.0, 'formatted_spread': 'Michigan -3.0', 'spread_open': None, 'over_under': 51.5, 'over_under_open': None, 'home_moneyline': None, 'away_moneyline': None}]",3.0
401236020,2020,10,regular,2020-11-07T21:00:00.000Z,Kansas State,Big 12,18,Oklahoma State,Big 12,20,"[{'provider': 'Bovada', 'spread': 12.5, 'formatted_spread': 'Oklahoma State -12.5', 'spread_open': None, 'over_under': 46.5, 'over_under_open': None, 'home_moneyline': None, 'away_moneyline': None}]",12.5
401236019,2020,10,regular,2020-11-07T20:30:00.000Z,Oklahoma,Big 12,62,Kansas,Big 12,9,"[{'provider': 'Bovada', 'spread': -38.0, 'formatted_spread': 'Oklahoma -38.0', 'spread_open': None, 'over_under': 65.5, 'over_under_open': None, 'home_moneyline': None, 'away_moneyline': None}]",-38.0
401247317,2020,11,regular,2020-11-14T00:00:00.000Z,Minnesota,Big Ten,7,Iowa,Big Ten,35,"[{'provider': 'Bovada', 'spread': 3.0, 'formatted_spread': 'Iowa -3.0', 'spread_open': None, 'over_under': 58.0, 'over_under_open': None, 'home_moneyline': None, 'away_moneyline': None}]",3.0
401207200,2020,11,regular,2020-11-14T17:00:00.000Z,Tulane,American Athletic,38,Army,FBS Independents,12,"[{'provider': 'Bovada', 'spread': -3.0, 'formatted_spread': 'Tulane -3.0', 'spread_open': None, 'over_under': 46.5, 'over_under_open': None, 'home_moneyline': None, 'away_moneyline': None}]",-3.0
401212545,2020,11,regular,2020-11-14T00:30:00.000Z,Cincinnati,American Athletic,55,East Carolina,American Athletic,17,"[{'provider': 'Bovada', 'spread': -27.5, 'formatted_spread': 'Cincinnati -27.5', 'spread_open': None, 'over_under': 57.0, 'over_under_open': None, 'home_moneyline': None, 'away_moneyline': None}]",-27.5
401234631,2020,10,regular,2020-11-07T19:00:00.000Z,Syracuse,ACC,13,Boston College,ACC,16,"[{'provider': 'Bovada', 'spread': 14.0, 'formatted_spread': 'Boston College -14.0', 'spread_open': None, 'over_under': 53.5, 'over_under_open': None, 'home_moneyline': None, 'away_moneyline': None}]",14.0
401207174,2020,11,regular,2020-11-14T00:00:00.000Z,Florida International,Conference USA,19,Florida Atlantic,Conference USA,38,"[{'provider': 'Bovada', 'spread': 9.5, 'formatted_spread': 'Florida Atlantic -9.5', 'spread_open': None, 'over_under': 42.0, 'over_under_open': None, 'home_moneyline': None, 'away_moneyline': None}]",9.5
401234642,2020,11,regular,2020-11-14T17:00:00.000Z,North Carolina,ACC,59,Wake Forest,ACC,53,"[{'provider': 'Bovada', 'spread': -13.0, 'formatted_spread': 'North Carolina -13.0', 'spread_open': None, 'over_under': 70.5, 'over_under_open': None, 'home_moneyline': None, 'away_moneyline': None}]",-13.0
401236024,2020,11,regular,2020-11-14T17:00:00.000Z,West Virginia,Big 12,24,TCU,Big 12,6,"[{'provider': 'Bovada', 'spread': -3.0, 'formatted_spread': 'West Virginia -3.0', 'spread_open': None, 'over_under': 44.5, 'over_under_open': None, 'home_moneyline': None, 'away_moneyline': None}]",-3.0
401249008,2020,10,regular,2020-11-07T02:00:00.000Z,San Diego State,Mountain West,17,San José State,Mountain West,28,"[{'provider': 'Bovada', 'spread': -9.0, 'formatted_spread': 'San Diego State -9.0', 'spread_open': None, 'over_under': 48.0, 'over_under_open': None, 'home_moneyline': None, 'away_moneyline': None}]",-9.0
401249397,2020,10,regular,2020-11-08T03:30:00.000Z,Oregon State,Pac-12,28,Washington State,Pac-12,38,"[{'provider': 'Bovada', 'spread': -2.5, 'formatted_spread': 'Oregon State -2.5', 'spread_open': None, 'over_under': 64.5, 'over_under_open': None, 'home_moneyline': None, 'away_moneyline': None}]",-2.5
401247308,2020,10,regular,2020-11-07T20:30:00.000Z,Illinois,Big Ten,14,Minnesota,Big Ten,41,"[{'provider': 'Bovada', 'spread': 7.0, 'formatted_spread': 'Minnesota -7.0', 'spread_open': None, 'over_under': 61.5, 'over_under_open': None, 'home_moneyline': None, 'away_moneyline': None}]",7.0
401237124,2020,10,regular,2020-11-08T00:30:00.000Z,Arkansas,SEC,24,Tennessee,SEC,13,"[{'provider': 'Bovada', 'spread': 1.5, 'formatted_spread': 'Tennessee -1.5', 'spread_open': None, 'over_under': 52.5, 'over_under_open': None, 'home_moneyline': None, 'away_moneyline': None}]",1.5
401249890,2020,11,regular,2020-11-11T01:00:00.000Z,Buffalo,Mid-American,42,Miami (OH),Mid-American,10,"[{'provider': 'Bovada', 'spread': -7.5, 'formatted_spread': 'Buffalo -7.5', 'spread_open': None, 'over_under': 57.0, 'over_under_open': None, 'home_moneyline': None, 'away_moneyline': None}]",-7.5
401249866,2020,11,regular,2020-11-12T01:00:00.000Z,Western Michigan,Mid-American,41,Toledo,Mid-American,38,"[{'provider': 'Bovada', 'spread': -1.5, 'formatted_spread': 'Western Michigan -1.5', 'spread_open': None, 'over_under': 59.5, 'over_under_open': None, 'home_moneyline': None, 'away_moneyline': None}]",-1.5
401249862,2020,11,regular,2020-11-11T00:30:00.000Z,Bowling Green,Mid-American,24,Kent State,Mid-American,62,"[{'provider': 'Bovada', 'spread': 21.0, 'formatted_spread': 'Kent State -21.0', 'spread_open': None, 'over_under': 55.0, 'over_under_open': None, 'home_moneyline': None, 'away_moneyline': None}]",21.0
401249865,2020,11,regular,2020-11-12T00:00:00.000Z,Ball State,Mid-American,38,Eastern Michigan,Mid-American,31,"[{'provider': 'Bovada', 'spread': -8.0, 'formatted_spread': 'Ball State -8.0', 'spread_open': None, 'over_under': 62.0, 'over_under_open': None, 'home_moneyline': None, 'away_moneyline': None}]",-8.0
401247316,2020,11,regular,2020-11-14T17:00:00.000Z,Michigan State,Big Ten,0,Indiana,Big Ten,24,"[{'provider': 'Bovada', 'spread': 7.5, 'formatted_spread': 'Indiana -7.5', 'spread_open': None, 'over_under': 53.0, 'over_under_open': None, 'home_moneyline': None, 'away_moneyline': None}]",7.5
401247346,2020,15,regular,2020-12-12T17:00:00.000Z,Penn State,Big Ten,39,Michigan State,Big Ten,24,"[{'provider': 'Bovada', 'spread': -14.5, 'formatted_spread': 'Penn State -14.5', 'spread_open': None, 'over_under': 46.5, 'over_under_open': None, 'home_moneyline': None, 'away_moneyline': None}]",-14.5
401249883,2020,15,regular,2020-12-12T20:00:00.000Z,Toledo,Mid-American,24,Central Michigan,Mid-American,23,"[{'provider': 'Bovada', 'spread': -10.0, 'formatted_spread': 'Toledo -10.0', 'spread_open': None, 'over_under': 54.5, 'over_under_open': None, 'home_moneyline': None, 'away_moneyline': None}]",-10.0
401249886,2020,15,regular,2020-12-12T19:30:00.000Z,Buffalo,Mid-American,56,Akron,Mid-American,7,"[{'provider': 'Bovada', 'spread': -33.5, 'formatted_spread': 'Buffalo -33.5', 'spread_open': None, 'over_under': 59.0, 'over_under_open': None, 'home_moneyline': None, 'away_moneyline': None}]",-33.5
401215309,2020,15,regular,2020-12-12T23:00:00.000Z,Georgia Southern,Sun Belt,26,Appalachian State,Sun Belt,34,"[{'provider': 'Bovada', 'spread': 9.0, 'formatted_spread': 'Appalachian State -9.0', 'spread_open': None, 'over_under': 45.0, 'over_under_open': None, 'home_moneyline': None, 'away_moneyline': None}]",9.0
401249035,2020,15,regular,2020-12-12T23:00:00.000Z,Wyoming,Mountain West,9,Boise State,Mountain West,17,"[{'provider': 'Bovada', 'spread': 9.5, 'formatted_spread': 'Boise State -9.5', 'spread_open': None, 'over_under': 47.5, 'over_under_open': None, 'home_moneyline': None, 'away_moneyline': None}]",9.5
401249884,2020,15,regular,2020-12-12T17:00:00.000Z,Eastern Michigan,Mid-American,41,Northern Illinois,Mid-American,33,"[{'provider': 'Bovada', 'spread': -6.5, 'formatted_spread': 'Eastern Michigan -6.5', 'spread_open': None, 'over_under': 55.5, 'over_under_open': None, 'home_moneyline': None, 'away_moneyline': None}]",-6.5
401249885,2020,15,regular,2020-12-12T17:00:00.000Z,Ball State,Mid-American,30,Western Michigan,Mid-American,27,"[{'provider': 'Bovada', 'spread': 2.0, 'formatted_spread': 'Western Michigan -2.0', 'spread_open': None, 'over_under': 66.0, 'over_under_open': None, 'home_moneyline': None, 'away_moneyline': None}]",2.0
401237132,2020,11,regular,2020-11-14T17:00:00.000Z,Kentucky,SEC,38,Vanderbilt,SEC,35,"[{'provider': 'Bovada', 'spread': -17.5, 'formatted_spread': 'Kentucky -17.5', 'spread_open': None, 'over_under': 41.5, 'over_under_open': None, 'home_moneyline': None, 'away_moneyline': None}]",-17.5
401260157,2020,15,regular,2020-12-13T00:30:00.000Z,Mississippi State,SEC,10,Auburn,SEC,24,"[{'provider': 'Bovada', 'spread': 5.5, 'formatted_spread': 'Auburn -5.5', 'spread_open': None, 'over_under': 51.0, 'over_under_open': None, 'home_moneyline': None, 'away_moneyline': None}]",5.5
401260158,2020,16,regular,2020-12-19T17:00:00.000Z,Tennessee,SEC,13,Texas A&M,SEC,34,"[{'provider': 'Bovada', 'spread': 14.0, 'formatted_spread': 'Texas A&M -14.0', 'spread_open': None, 'over_under': 51.5, 'over_under_open': None, 'home_moneyline': None, 'away_moneyline': None}]",14.0
401207179,2020,11,regular,2020-11-14T20:00:00.000Z,UT San Antonio,Conference USA,52,UTEP,Conference USA,21,"[{'provider': 'Bovada', 'spread': -6.0, 'formatted_spread': 'UT San Antonio -6.0', 'spread_open': None, 'over_under': 45.5, 'over_under_open': None, 'home_moneyline': None, 'away_moneyline': None}]",-6.0
401247319,2020,11,regular,2020-11-15T00:30:00.000Z,Michigan,Big Ten,11,Wisconsin,Big Ten,49,"[{'provider': 'Bovada', 'spread': 7.0, 'formatted_spread': 'Wisconsin -7.0', 'spread_open': None, 'over_under': 51.5, 'over_under_open': None, 'home_moneyline': None, 'away_moneyline': None}]",7.0
401247315,2020,11,regular,2020-11-14T22:00:00.000Z,Purdue,Big Ten,20,Northwestern,Big Ten,27,"[{'provider': 'Bovada', 'spread': 3.5, 'formatted_spread': 'Northwestern -3.5', 'spread_open': None, 'over_under': 48.0, 'over_under_open': None, 'home_moneyline': None, 'away_moneyline': None}]",3.5
401215332,2020,11,regular,2020-11-14T19:00:00.000Z,Louisiana,Sun Belt,38,South Alabama,Sun Belt,10,"[{'provider': 'Bovada', 'spread': -14.0, 'formatted_spread': 'Louisiana -14.0', 'spread_open': None, 'over_under': 53.0, 'over_under_open': None, 'home_moneyline': None, 'away_moneyline': None}]",-14.0
401215328,2020,11,regular,2020-11-14T19:30:00.000Z,Appalachian State,Sun Belt,17,Georgia State,Sun Belt,13,"[{'provider': 'Bovada', 'spread': -18.0, 'formatted_spread': 'Appalachian State -18.0', 'spread_open': None, 'over_under': 63.0, 'over_under_open': None, 'home_moneyline': None, 'away_moneyline': None}]",-18.0
401212481,2020,11,regular,2020-11-14T20:30:00.000Z,Houston,American Athletic,56,South Florida,American Athletic,21,"[{'provider': 'Bovada', 'spread': -14.5, 'formatted_spread': 'Houston -14.5', 'spread_open': None, 'over_under': 58.5, 'over_under_open': None, 'home_moneyline': None, 'away_moneyline': None}]",-14.5
401257934,2020,11,regular,2020-11-14T20:30:00.000Z,Virginia,ACC,31,Louisville,ACC,17,"[{'provider': 'Bovada', 'spread': -6.0, 'formatted_spread': 'Virginia -6.0', 'spread_open': None, 'over_under': 63.5, 'over_under_open': None, 'home_moneyline': None, 'away_moneyline': None}]",-6.0
401212518,2020,11,regular,2020-11-15T00:30:00.000Z,UCF,American Athletic,38,Temple,American Athletic,13,"[{'provider': 'Bovada', 'spread': -29.0, 'formatted_spread': 'UCF -29.0', 'spread_open': None, 'over_under': 72.5, 'over_under_open': None, 'home_moneyline': None, 'away_moneyline': None}]",-29.0
401234639,2020,11,regular,2020-11-15T00:30:00.000Z,NC State,ACC,38,Florida State,ACC,22,"[{'provider': 'Bovada', 'spread': -12.0, 'formatted_spread': 'NC State -12.0', 'spread_open': None, 'over_under': 61.0, 'over_under_open': None, 'home_moneyline': None, 'away_moneyline': None}]",-12.0
401237133,2020,11,regular,2020-11-15T00:30:00.000Z,Ole Miss,SEC,59,South Carolina,SEC,42,"[{'provider': 'Bovada', 'spread': -12.5, 'formatted_spread': 'Ole Miss -12.5', 'spread_open': None, 'over_under': 73.0, 'over_under_open': None, 'home_moneyline': None, 'away_moneyline': None}]",-12.5
401249868,2020,12,regular,2020-11-18T00:00:00.000Z,Bowling Green,Mid-American,17,Buffalo,Mid-American,42,"[{'provider': 'Bovada', 'spread': 32.0, 'formatted_spread': 'Buffalo -32.0', 'spread_open': None, 'over_under': 58.5, 'over_under_open': None, 'home_moneyline': None, 'away_moneyline': None}]",32.0
401236023,2020,11,regular,2020-11-14T21:00:00.000Z,Texas Tech,Big 12,24,Baylor,Big 12,23,"[{'provider': 'Bovada', 'spread': -1.0, 'formatted_spread': 'Texas Tech -1.0', 'spread_open': None, 'over_under': 54.5, 'over_under_open': None, 'home_moneyline': None, 'away_moneyline': None}]",-1.0
401247337,2020,14,regular,2020-12-05T20:30:00.000Z,Illinois,Big Ten,21,Iowa,Big Ten,35,"[{'provider': 'Bovada', 'spread': 14.0, 'formatted_spread': 'Iowa -14.0', 'spread_open': None, 'over_under': 52.5, 'over_under_open': None, 'home_moneyline': None, 'away_moneyline': None}]",14.0
401249424,2020,14,regular,2020-12-05T21:00:00.000Z,Washington,Pac-12,26,Stanford,Pac-12,31,"[{'provider': 'Bovada', 'spread': -12.0, 'formatted_spread': 'Washington -12.0', 'spread_open': None, 'over_under': 50.0, 'over_under_open': None, 'home_moneyline': None, 'away_moneyline': None}]",-12.0
401248781,2020,14,regular,2020-12-05T17:00:00.000Z,North Carolina,ACC,49,Western Carolina,Southern,9,"[{'provider': 'Bovada', 'spread': -50.0, 'formatted_spread': 'North Carolina -50.0', 'spread_open': None, 'over_under': 69.0, 'over_under_open': None, 'home_moneyline': None, 'away_moneyline': None}]",-50.0
401237129,2020,11,regular,2020-11-15T00:00:00.000Z,Florida,SEC,63,Arkansas,SEC,35,"[{'provider': 'Bovada', 'spread': -17.0, 'formatted_spread': 'Florida -17.0', 'spread_open': None, 'over_under': 62.0, 'over_under_open': None, 'home_moneyline': None, 'away_moneyline': None}]",-17.0
401249018,2020,12,regular,2020-11-21T02:30:00.000Z,Air Force,Mountain West,28,New Mexico,Mountain West,0,"[{'provider': 'Bovada', 'spread': -8.0, 'formatted_spread': 'Air Force -8.0', 'spread_open': None, 'over_under': 55.0, 'over_under_open': None, 'home_moneyline': None, 'away_moneyline': None}]",-8.0
401237135,2020,12,regular,2020-11-21T21:00:00.000Z,Alabama,SEC,63,Kentucky,SEC,3,"[{'provider': 'Bovada', 'spread': -31.5, 'formatted_spread': 'Alabama -31.5', 'spread_open': None, 'over_under': 57.5, 'over_under_open': None, 'home_moneyline': None, 'away_moneyline': None}]",-31.5
401247326,2020,12,regular,2020-11-21T17:00:00.000Z,Ohio State,Big Ten,42,Indiana,Big Ten,35,"[{'provider': 'Bovada', 'spread': -21.0, 'formatted_spread': 'Ohio State -21.0', 'spread_open': None, 'over_under': 67.0, 'over_under_open': None, 'home_moneyline': None, 'away_moneyline': None}]",-21.0
401237136,2020,12,regular,2020-11-21T17:00:00.000Z,Arkansas,SEC,24,LSU,SEC,27,"[{'provider': 'Bovada', 'spread': 1.5, 'formatted_spread': 'LSU -1.5', 'spread_open': None, 'over_under': 65.0, 'over_under_open': None, 'home_moneyline': None, 'away_moneyline': None}]",1.5
401247314,2020,11,regular,2020-11-14T18:00:00.000Z,Rutgers,Big Ten,20,Illinois,Big Ten,23,"[{'provider': 'Bovada', 'spread': -5.5, 'formatted_spread': 'Rutgers -5.5', 'spread_open': None, 'over_under': 51.5, 'over_under_open': None, 'home_moneyline': None, 'away_moneyline': None}]",-5.5
401249410,2020,12,regular,2020-11-22T03:30:00.000Z,Utah,Pac-12,17,USC,Pac-12,33,"[{'provider': 'Bovada', 'spread': 1.0, 'formatted_spread': 'USC -1.0', 'spread_open': None, 'over_under': 59.0, 'over_under_open': None, 'home_moneyline': None, 'away_moneyline': None}]",1.0
401249415,2020,12,regular,2020-11-21T20:30:00.000Z,Oregon,Pac-12,38,UCLA,Pac-12,35,"[{'provider': 'Bovada', 'spread': -18.5, 'formatted_spread': 'Oregon -18.5', 'spread_open': None, 'over_under': 62.0, 'over_under_open': None, 'home_moneyline': None, 'away_moneyline': None}]",-18.5
401249872,2020,12,regular,2020-11-19T00:00:00.000Z,Central Michigan,Mid-American,44,Western Michigan,Mid-American,52,"[{'provider': 'Bovada', 'spread': 1.0, 'formatted_spread': 'Western Michigan -1.0', 'spread_open': None, 'over_under': 60.0, 'over_under_open': None, 'home_moneyline': None, 'away_moneyline': None}]",1.0
401249871,2020,12,regular,2020-11-19T00:00:00.000Z,Eastern Michigan,Mid-American,28,Toledo,Mid-American,45,"[{'provider': 'Bovada', 'spread': 7.0, 'formatted_spread': 'Toledo -7.0', 'spread_open': None, 'over_under': 62.5, 'over_under_open': None, 'home_moneyline': None, 'away_moneyline': None}]",7.0
401261674,2020,12,regular,2020-11-21T01:00:00.000Z,Florida Atlantic,Conference USA,24,UMass,FBS Independents,2,"[{'provider': 'Bovada', 'spread': -34.0, 'formatted_spread': 'Florida Atlantic -34.0', 'spread_open': None, 'over_under': 51.0, 'over_under_open': None, 'home_moneyline': None, 'away_moneyline': None}]",-34.0
401236027,2020,12,regular,2020-11-22T00:30:00.000Z,Oklahoma,Big 12,41,Oklahoma State,Big 12,13,"[{'provider': 'Bovada', 'spread': -6.5, 'formatted_spread': 'Oklahoma -6.5', 'spread_open': None, 'over_under': 61.0, 'over_under_open': None, 'home_moneyline': None, 'away_moneyline': None}]",-6.5
401249413,2020,12,regular,2020-11-22T01:00:00.000Z,Washington,Pac-12,44,Arizona,Pac-12,27,"[{'provider': 'Bovada', 'spread': -12.0, 'formatted_spread': 'Washington -12.0', 'spread_open': None, 'over_under': 53.5, 'over_under_open': None, 'home_moneyline': None, 'away_moneyline': None}]",-12.0
401261245,2020,15,regular,2020-12-11T00:00:00.000Z,Georgia Tech,ACC,20,Pittsburgh,ACC,34,"[{'provider': 'Bovada', 'spread': 7.5, 'formatted_spread': 'Pittsburgh -7.5', 'spread_open': None, 'over_under': 55.5, 'over_under_open': None, 'home_moneyline': None, 'away_moneyline': None}]",7.5
401247338,2020,14,regular,2020-12-05T20:30:00.000Z,Wisconsin,Big Ten,6,Indiana,Big Ten,14,"[{'provider': 'Bovada', 'spread': -13.0, 'formatted_spread': 'Wisconsin -13.0', 'spread_open': None, 'over_under': 44.5, 'over_under_open': None, 'home_moneyline': None, 'away_moneyline': None}]",-13.0
401247344,2020,15,regular,2020-12-12T17:00:00.000Z,Northwestern,Big Ten,28,Illinois,Big Ten,10,"[{'provider': 'Bovada', 'spread': -13.0, 'formatted_spread': 'Northwestern -13.0', 'spread_open': None, 'over_under': 41.5, 'over_under_open': None, 'home_moneyline': None, 'away_moneyline': None}]",-13.0
401249037,2020,15,regular,2020-12-12T03:00:00.000Z,San José State,Mountain West,30,Nevada,Mountain West,20,"[{'provider': 'Bovada', 'spread': 2.5, 'formatted_spread': 'Nevada -2.5', 'spread_open': None, 'over_under': 61.5, 'over_under_open': None, 'home_moneyline': None, 'away_moneyline': None}]",2.5
401249422,2020,14,regular,2020-12-06T03:30:00.000Z,Utah,Pac-12,30,Oregon State,Pac-12,24,"[{'provider': 'Bovada', 'spread': -13.5, 'formatted_spread': 'Utah -13.5', 'spread_open': None, 'over_under': 51.0, 'over_under_open': None, 'home_moneyline': None, 'away_moneyline': None}]",-13.5
401249423,2020,14,regular,2020-12-06T00:00:00.000Z,California,Pac-12,21,Oregon,Pac-12,17,"[{'provider': 'Bovada', 'spread': 9.0, 'formatted_spread': 'Oregon -9.0', 'spread_open': None, 'over_under': 59.5, 'over_under_open': None, 'home_moneyline': None, 'away_moneyline': None}]",9.0
401249431,2020,15,regular,2020-12-13T00:30:00.000Z,UCLA,Pac-12,38,USC,Pac-12,43,"[{'provider': 'Bovada', 'spread': 3.5, 'formatted_spread': 'USC -3.5', 'spread_open': None, 'over_under': 65.0, 'over_under_open': None, 'home_moneyline': None, 'away_moneyline': None}]",3.5
401249432,2020,15,regular,2020-12-13T03:00:00.000Z,Oregon State,Pac-12,24,Stanford,Pac-12,27,"[{'provider': 'Bovada', 'spread': 2.5, 'formatted_spread': 'Stanford -2.5', 'spread_open': None, 'over_under': 55.0, 'over_under_open': None, 'home_moneyline': None, 'away_moneyline': None}]",2.5
401236033,2020,14,regular,2020-12-06T01:00:00.000Z,Oklahoma,Big 12,27,Baylor,Big 12,14,"[{'provider': 'Bovada', 'spread': -24.0, 'formatted_spread': 'Oklahoma -24.0', 'spread_open': None, 'over_under': 61.0, 'over_under_open': None, 'home_moneyline': None, 'away_moneyline': None}]",-24.0
401257812,2020,14,regular,2020-12-05T17:00:00.000Z,Marshall,Conference USA,0,Rice,Conference USA,20,"[{'provider': 'Bovada', 'spread': -22.5, 'formatted_spread': 'Marshall -22.5', 'spread_open': None, 'over_under': 43.0, 'over_under_open': None, 'home_moneyline': None, 'away_moneyline': None}]",-22.5
401262493,2020,14,regular,2020-12-05T20:00:00.000Z,Arkansas State,Sun Belt,48,Louisiana Monroe,Sun Belt,15,"[{'provider': 'Bovada', 'spread': -20.0, 'formatted_spread': 'Arkansas State -20.0', 'spread_open': None, 'over_under': 71.0, 'over_under_open': None, 'home_moneyline': None, 'away_moneyline': None}]",-20.0
401261675,2020,14,regular,2020-12-05T23:00:00.000Z,Georgia Southern,Sun Belt,20,Florida Atlantic,Conference USA,3,"[{'provider': 'Bovada', 'spread': 2.5, 'formatted_spread': 'Florida Atlantic -2.5', 'spread_open': None, 'over_under': 40.5, 'over_under_open': None, 'home_moneyline': None, 'away_moneyline': None}]",2.5
401249032,2020,14,regular,2020-12-06T02:00:00.000Z,Nevada,Mountain West,37,Fresno State,Mountain West,26,"[{'provider': 'Bovada', 'spread': -6.5, 'formatted_spread': 'Nevada -6.5', 'spread_open': None, 'over_under': 59.0, 'over_under_open': None, 'home_moneyline': None, 'away_moneyline': None}]",-6.5
401251100,2020,15,regular,2020-12-13T00:00:00.000Z,Florida,SEC,34,LSU,SEC,37,"[{'provider': 'Bovada', 'spread': -23.5, 'formatted_spread': 'Florida -23.5', 'spread_open': None, 'over_under': 66.0, 'over_under_open': None, 'home_moneyline': None, 'away_moneyline': None}]",-23.5
401247347,2020,15,regular,2020-12-12T20:30:00.000Z,Iowa,Big Ten,28,Wisconsin,Big Ten,7,"[{'provider': 'Bovada', 'spread': 1.0, 'formatted_spread': 'Wisconsin -1.0', 'spread_open': None, 'over_under': 40.0, 'over_under_open': None, 'home_moneyline': None, 'away_moneyline': None}]",1.0
401249435,2020,15,regular,2020-12-13T03:00:00.000Z,BYU,FBS Independents,28,San Diego State,Mountain West,14,"[{'provider': 'Bovada', 'spread': -17.0, 'formatted_spread': 'BYU -17.0', 'spread_open': None, 'over_under': 47.5, 'over_under_open': None, 'home_moneyline': None, 'away_moneyline': None}]",-17.0
401257815,2020,15,regular,2020-12-12T18:00:00.000Z,Rice,Conference USA,16,UAB,Conference USA,21,"[{'provider': 'Bovada', 'spread': 7.0, 'formatted_spread': 'UAB -7.0', 'spread_open': None, 'over_under': 42.5, 'over_under_open': None, 'home_moneyline': None, 'away_moneyline': None}]",7.0
401251926,2020,13,regular,2020-11-27T17:00:00.000Z,Liberty,FBS Independents,45,UMass,FBS Independents,0,"[{'provider': 'Bovada', 'spread': -36.0, 'formatted_spread': 'Liberty -36.0', 'spread_open': None, 'over_under': 58.5, 'over_under_open': None, 'home_moneyline': None, 'away_moneyline': None}]",-36.0
401249876,2020,13,regular,2020-11-28T17:00:00.000Z,Ohio,Mid-American,52,Bowling Green,Mid-American,10,"[{'provider': 'Bovada', 'spread': -23.0, 'formatted_spread': 'Ohio -23.0', 'spread_open': None, 'over_under': 55.0, 'over_under_open': None, 'home_moneyline': None, 'away_moneyline': None}]",-23.0
401249029,2020,14,regular,2020-12-04T02:30:00.000Z,Utah State,Mountain West,7,Air Force,Mountain West,35,"[{'provider': 'Bovada', 'spread': 13.5, 'formatted_spread': 'Air Force -13.5', 'spread_open': None, 'over_under': 52.0, 'over_under_open': None, 'home_moneyline': None, 'away_moneyline': None}]",13.5
401265818,2020,14,regular,2020-12-05T17:00:00.000Z,Missouri,SEC,50,Arkansas,SEC,48,"[{'provider': 'Bovada', 'spread': -2.5, 'formatted_spread': 'Missouri -2.5', 'spread_open': None, 'over_under': 55.0, 'over_under_open': None, 'home_moneyline': None, 'away_moneyline': None}]",-2.5
401250713,2020,15,regular,2020-12-12T20:30:00.000Z,Baylor,Big 12,3,Oklahoma State,Big 12,42,"[{'provider': 'Bovada', 'spread': 6.5, 'formatted_spread': 'Oklahoma State -6.5', 'spread_open': None, 'over_under': 49.0, 'over_under_open': None, 'home_moneyline': None, 'away_moneyline': None}]",6.5
401249028,2020,13,regular,2020-11-27T21:00:00.000Z,UNLV,Mountain West,14,Wyoming,Mountain West,45,"[{'provider': 'Bovada', 'spread': 16.5, 'formatted_spread': 'Wyoming -16.5', 'spread_open': None, 'over_under': 52.0, 'over_under_open': None, 'home_moneyline': None, 'away_moneyline': None}]",16.5
401249417,2020,13,regular,2020-11-27T21:30:00.000Z,California,Pac-12,23,Stanford,Pac-12,24,"[{'provider': 'Bovada', 'spread': 2.0, 'formatted_spread': 'Stanford -2.0', 'spread_open': None, 'over_under': 51.5, 'over_under_open': None, 'home_moneyline': None, 'away_moneyline': None}]",2.0
401249877,2020,13,regular,2020-11-28T17:00:00.000Z,Buffalo,Mid-American,70,Kent State,Mid-American,41,"[{'provider': 'Bovada', 'spread': -7.0, 'formatted_spread': 'Buffalo -7.0', 'spread_open': None, 'over_under': 70.0, 'over_under_open': None, 'home_moneyline': None, 'away_moneyline': None}]",-7.0
401249024,2020,13,regular,2020-11-29T04:00:00.000Z,Hawai'i,Mountain West,24,Nevada,Mountain West,21,"[{'provider': 'Bovada', 'spread': 7.0, 'formatted_spread': 'Nevada -7.0', 'spread_open': None, 'over_under': 63.0, 'over_under_open': None, 'home_moneyline': None, 'away_moneyline': None}]",7.0
401249418,2020,13,regular,2020-11-28T00:30:00.000Z,Oregon State,Pac-12,41,Oregon,Pac-12,38,"[{'provider': 'Bovada', 'spread': 13.5, 'formatted_spread': 'Oregon -13.5', 'spread_open': None, 'over_under': 65.0, 'over_under_open': None, 'home_moneyline': None, 'away_moneyline': None}]",13.5
401249427,2020,14,regular,2020-12-07T00:30:00.000Z,USC,Pac-12,38,Washington State,Pac-12,13,"[{'provider': 'Bovada', 'spread': -11.0, 'formatted_spread': 'USC -11.0', 'spread_open': None, 'over_under': 68.5, 'over_under_open': None, 'home_moneyline': None, 'away_moneyline': None}]",-11.0
401207106,2020,3,regular,2020-09-19T23:30:00.000Z,Southern Mississippi,Conference USA,30,Louisiana Tech,Conference USA,31,"[{'provider': 'Bovada', 'spread': -7.0, 'formatted_spread': 'Southern Mississippi -7.0', 'spread_open': None, 'over_under': 59.0, 'over_under_open': None, 'home_moneyline': None, 'away_moneyline': None}]",-7.0
401212522,2020,3,regular,2020-09-19T16:00:00.000Z,Tulane,American Athletic,24,Navy,American Athletic,27,"[{'provider': 'Bovada', 'spread': -5.0, 'formatted_spread': 'Tulane -5.0', 'spread_open': None, 'over_under': 44.5, 'over_under_open': None, 'home_moneyline': None, 'away_moneyline': None}]",-5.0
401207101,2020,1,regular,2020-09-04T01:00:00.000Z,Southern Mississippi,Conference USA,21,South Alabama,Sun Belt,32,"[{'provider': 'Bovada', 'spread': -12.0, 'formatted_spread': 'Southern Mississippi -12.0', 'spread_open': None, 'over_under': 54.5, 'over_under_open': None, 'home_moneyline': None, 'away_moneyline': None}]",-12.0
401236001,2020,5,regular,2020-10-03T19:30:00.000Z,Kansas State,Big 12,31,Texas Tech,Big 12,21,"[{'provider': 'Bovada', 'spread': -1.0, 'formatted_spread': 'Kansas State -1.0', 'spread_open': None, 'over_under': 63.0, 'over_under_open': None, 'home_moneyline': None, 'away_moneyline': None}]",-1.0
401237097,2020,5,regular,2020-10-03T20:00:00.000Z,Kentucky,SEC,41,Ole Miss,SEC,42,"[{'provider': 'Bovada', 'spread': -7.0, 'formatted_spread': 'Kentucky -7.0', 'spread_open': None, 'over_under': 63.0, 'over_under_open': None, 'home_moneyline': None, 'away_moneyline': None}]",-7.0
401207138,2020,5,regular,2020-10-03T21:00:00.000Z,Middle Tennessee,Conference USA,17,Western Kentucky,Conference USA,20,"[{'provider': 'Bovada', 'spread': 7.0, 'formatted_spread': 'Western Kentucky -7.0', 'spread_open': None, 'over_under': 52.5, 'over_under_open': None, 'home_moneyline': None, 'away_moneyline': None}]",7.0
401212557,2020,5,regular,2020-10-03T22:00:00.000Z,Air Force,Mountain West,40,Navy,American Athletic,7,"[{'provider': 'Bovada', 'spread': 6.5, 'formatted_spread': 'Navy -6.5', 'spread_open': None, 'over_under': 46.5, 'over_under_open': None, 'home_moneyline': None, 'away_moneyline': None}]",6.5
401234599,2020,5,regular,2020-10-03T20:00:00.000Z,Duke,ACC,31,Virginia Tech,ACC,38,"[{'provider': 'Bovada', 'spread': 14.0, 'formatted_spread': 'Virginia Tech -14.0', 'spread_open': None, 'over_under': 54.0, 'over_under_open': None, 'home_moneyline': None, 'away_moneyline': None}]",14.0
401234734,2020,4,regular,2020-09-26T23:00:00.000Z,Southern Mississippi,Conference USA,24,Tulane,American Athletic,66,"[{'provider': 'Bovada', 'spread': 3.5, 'formatted_spread': 'Tulane -3.5', 'spread_open': None, 'over_under': 54.5, 'over_under_open': None, 'home_moneyline': None, 'away_moneyline': None}]",3.5
401237037,2020,4,regular,2020-09-26T23:30:00.000Z,Texas A&M,SEC,17,Vanderbilt,SEC,12,"[{'provider': 'Bovada', 'spread': -31.0, 'formatted_spread': 'Texas A&M -31.0', 'spread_open': None, 'over_under': 46.5, 'over_under_open': None, 'home_moneyline': None, 'away_moneyline': None}]",-31.0
401264084,2020,15,regular,2020-12-12T20:30:00.000Z,Memphis,American Athletic,30,Houston,American Athletic,27,"[{'provider': 'Bovada', 'spread': 6.5, 'formatted_spread': 'Houston -6.5', 'spread_open': None, 'over_under': 65.0, 'over_under_open': None, 'home_moneyline': None, 'away_moneyline': None}]",6.5
401249009,2020,10,regular,2020-11-06T00:00:00.000Z,Nevada,Mountain West,34,Utah State,Mountain West,9,"[{'provider': 'Bovada', 'spread': -16.0, 'formatted_spread': 'Nevada -16.0', 'spread_open': None, 'over_under': 56.0, 'over_under_open': None, 'home_moneyline': None, 'away_moneyline': None}]",-16.0
401237100,2020,6,regular,2020-10-10T23:30:00.000Z,Ole Miss,SEC,48,Alabama,SEC,63,"[{'provider': 'Bovada', 'spread': 24.0, 'formatted_spread': 'Alabama -24.0', 'spread_open': None, 'over_under': 74.0, 'over_under_open': None, 'home_moneyline': None, 'away_moneyline': None}]",24.0
401237103,2020,6,regular,2020-10-10T19:30:00.000Z,Georgia,SEC,44,Tennessee,SEC,21,"[{'provider': 'Bovada', 'spread': -12.0, 'formatted_spread': 'Georgia -12.0', 'spread_open': None, 'over_under': 43.0, 'over_under_open': None, 'home_moneyline': None, 'away_moneyline': None}]",-12.0
401207215,2020,6,regular,2020-10-10T16:00:00.000Z,Liberty,FBS Independents,40,Louisiana Monroe,Sun Belt,7,"[{'provider': 'Bovada', 'spread': -17.5, 'formatted_spread': 'Liberty -17.5', 'spread_open': None, 'over_under': 63.5, 'over_under_open': None, 'home_moneyline': None, 'away_moneyline': None}]",-17.5
401237106,2020,6,regular,2020-10-10T16:00:00.000Z,Vanderbilt,SEC,7,South Carolina,SEC,41,"[{'provider': 'Bovada', 'spread': 14.0, 'formatted_spread': 'South Carolina -14.0', 'spread_open': None, 'over_under': 40.5, 'over_under_open': None, 'home_moneyline': None, 'away_moneyline': None}]",14.0
401207185,2020,12,regular,2020-11-21T20:00:00.000Z,Southern Mississippi,Conference USA,20,UT San Antonio,Conference USA,23,"[{'provider': 'Bovada', 'spread': 9.0, 'formatted_spread': 'UT San Antonio -9.0', 'spread_open': None, 'over_under': 53.0, 'over_under_open': None, 'home_moneyline': None, 'away_moneyline': None}]",9.0
401234603,2020,6,regular,2020-10-10T20:00:00.000Z,Boston College,ACC,31,Pittsburgh,ACC,30,"[{'provider': 'Bovada', 'spread': 6.0, 'formatted_spread': 'Pittsburgh -6.0', 'spread_open': None, 'over_under': 42.5, 'over_under_open': None, 'home_moneyline': None, 'away_moneyline': None}]",6.0
401249856,2020,10,regular,2020-11-04T23:00:00.000Z,Kent State,Mid-American,27,Eastern Michigan,Mid-American,23,"[{'provider': 'Bovada', 'spread': -6.0, 'formatted_spread': 'Kent State -6.0', 'spread_open': None, 'over_under': 62.0, 'over_under_open': None, 'home_moneyline': None, 'away_moneyline': None}]",-6.0
401235700,2020,1,regular,2020-09-05T17:30:00.000Z,Army,FBS Independents,42,Middle Tennessee,Conference USA,0,"[{'provider': 'Bovada', 'spread': -4.0, 'formatted_spread': 'Army -4.0', 'spread_open': None, 'over_under': 54.0, 'over_under_open': None, 'home_moneyline': None, 'away_moneyline': None}]",-4.0
401207098,2020,1,regular,2020-09-05T23:30:00.000Z,North Texas,Conference USA,57,Houston Christian,Southland,31,"[{'provider': 'Bovada', 'spread': -23.0, 'formatted_spread': 'North Texas -23.0', 'spread_open': None, 'over_under': 74.0, 'over_under_open': None, 'home_moneyline': None, 'away_moneyline': None}]",-23.0
401212553,2020,1,regular,2020-09-06T00:00:00.000Z,Memphis,American Athletic,37,Arkansas State,Sun Belt,24,"[{'provider': 'Bovada', 'spread': -18.5, 'formatted_spread': 'Memphis -18.5', 'spread_open': None, 'over_under': 71.5, 'over_under_open': None, 'home_moneyline': None, 'away_moneyline': None}]",-18.5
401239884,2020,1,regular,2020-09-06T01:00:00.000Z,UTEP,Conference USA,24,Stephen F. Austin,Southland,14,"[{'provider': 'Bovada', 'spread': -4.0, 'formatted_spread': 'UTEP -4.0', 'spread_open': None, 'over_under': 54.0, 'over_under_open': None, 'home_moneyline': None, 'away_moneyline': None}]",-4.0
401234559,2020,2,regular,2020-09-11T00:00:00.000Z,Miami,ACC,31,UAB,Conference USA,14,"[{'provider': 'Bovada', 'spread': -16.0, 'formatted_spread': 'Miami -16.0', 'spread_open': None, 'over_under': 55.0, 'over_under_open': None, 'home_moneyline': None, 'away_moneyline': None}]",-16.0
401234574,2020,2,regular,2020-09-12T18:30:00.000Z,Notre Dame,FBS Independents,27,Duke,ACC,13,"[{'provider': 'Bovada', 'spread': -22.5, 'formatted_spread': 'Notre Dame -22.5', 'spread_open': None, 'over_under': 51.5, 'over_under_open': None, 'home_moneyline': None, 'away_moneyline': None}]",-22.5
401236038,2020,2,regular,2020-09-12T16:00:00.000Z,West Virginia,Big 12,56,Eastern Kentucky,OVC,10,"[{'provider': 'Bovada', 'spread': -41.0, 'formatted_spread': 'West Virginia -41.0', 'spread_open': None, 'over_under': 59.5, 'over_under_open': None, 'home_moneyline': None, 'away_moneyline': None}]",-41.0
401240113,2020,2,regular,2020-09-12T17:30:00.000Z,Army,FBS Independents,37,Louisiana Monroe,Sun Belt,7,"[{'provider': 'Bovada', 'spread': -25.0, 'formatted_spread': 'Army -25.0', 'spread_open': None, 'over_under': 53.5, 'over_under_open': None, 'home_moneyline': None, 'away_moneyline': None}]",-25.0
401239973,2020,2,regular,2020-09-12T23:30:00.000Z,South Alabama,Sun Belt,24,Tulane,American Athletic,27,"[{'provider': 'Bovada', 'spread': 10.5, 'formatted_spread': 'Tulane -10.5', 'spread_open': None, 'over_under': 51.5, 'over_under_open': None, 'home_moneyline': None, 'away_moneyline': None}]",10.5
401241282,2020,3,regular,2020-09-19T18:30:00.000Z,Notre Dame,FBS Independents,52,South Florida,American Athletic,0,"[{'provider': 'Bovada', 'spread': -23.5, 'formatted_spread': 'Notre Dame -23.5', 'spread_open': None, 'over_under': 49.0, 'over_under_open': None, 'home_moneyline': None, 'away_moneyline': None}]",-23.5
401236041,2020,3,regular,2020-09-19T16:00:00.000Z,Oklahoma State,Big 12,16,Tulsa,American Athletic,7,"[{'provider': 'Bovada', 'spread': -24.5, 'formatted_spread': 'Oklahoma State -24.5', 'spread_open': None, 'over_under': 67.0, 'over_under_open': None, 'home_moneyline': None, 'away_moneyline': None}]",-24.5
401234568,2020,3,regular,2020-09-19T19:30:00.000Z,Georgia Tech,ACC,21,UCF,American Athletic,49,"[{'provider': 'Bovada', 'spread': 9.5, 'formatted_spread': 'UCF -9.5', 'spread_open': None, 'over_under': 63.5, 'over_under_open': None, 'home_moneyline': None, 'away_moneyline': None}]",9.5
401234569,2020,3,regular,2020-09-19T23:30:00.000Z,Louisville,ACC,34,Miami,ACC,47,"[{'provider': 'Bovada', 'spread': 2.5, 'formatted_spread': 'Miami -2.5', 'spread_open': None, 'over_under': 65.5, 'over_under_open': None, 'home_moneyline': None, 'away_moneyline': None}]",2.5
401236939,2020,3,regular,2020-09-19T19:30:00.000Z,Marshall,Conference USA,17,Appalachian State,Sun Belt,7,"[{'provider': 'Bovada', 'spread': 6.0, 'formatted_spread': 'Appalachian State -6.0', 'spread_open': None, 'over_under': 61.0, 'over_under_open': None, 'home_moneyline': None, 'away_moneyline': None}]",6.0
401207124,2020,3,regular,2020-09-19T16:00:00.000Z,Western Kentucky,Conference USA,24,Liberty,FBS Independents,30,"[{'provider': 'Bovada', 'spread': -14.5, 'formatted_spread': 'Western Kentucky -14.5', 'spread_open': None, 'over_under': 52.0, 'over_under_open': None, 'home_moneyline': None, 'away_moneyline': None}]",-14.5
401240640,2020,3,regular,2020-09-19T19:30:00.000Z,Middle Tennessee,Conference USA,14,Troy,Sun Belt,47,"[{'provider': 'Bovada', 'spread': 2.5, 'formatted_spread': 'Troy -2.5', 'spread_open': None, 'over_under': 65.5, 'over_under_open': None, 'home_moneyline': None, 'away_moneyline': None}]",2.5
401207120,2020,3,regular,2020-09-19T22:00:00.000Z,North Texas,Conference USA,35,SMU,American Athletic,65,"[{'provider': 'Bovada', 'spread': 15.0, 'formatted_spread': 'SMU -15.0', 'spread_open': None, 'over_under': 72.5, 'over_under_open': None, 'home_moneyline': None, 'away_moneyline': None}]",15.0
401215302,2020,3,regular,2020-09-19T23:30:00.000Z,Louisiana Monroe,Sun Belt,17,Texas State,Sun Belt,38,"[{'provider': 'Bovada', 'spread': 3.5, 'formatted_spread': 'Texas State -3.5', 'spread_open': None, 'over_under': 58.0, 'over_under_open': None, 'home_moneyline': None, 'away_moneyline': None}]",3.5
401235995,2020,4,regular,2020-09-26T19:30:00.000Z,Texas Tech,Big 12,56,Texas,Big 12,63,"[{'provider': 'Bovada', 'spread': 18.0, 'formatted_spread': 'Texas -18.0', 'spread_open': None, 'over_under': 71.0, 'over_under_open': None, 'home_moneyline': None, 'away_moneyline': None}]",18.0
401237036,2020,4,regular,2020-09-26T23:30:00.000Z,South Carolina,SEC,27,Tennessee,SEC,31,"[{'provider': 'Bovada', 'spread': 5.0, 'formatted_spread': 'Tennessee -5.0', 'spread_open': None, 'over_under': 45.5, 'over_under_open': None, 'home_moneyline': None, 'away_moneyline': None}]",5.0
401207126,2020,4,regular,2020-09-26T17:00:00.000Z,Liberty,FBS Independents,36,Florida International,Conference USA,34,"[{'provider': 'Bovada', 'spread': -10.0, 'formatted_spread': 'Liberty -10.0', 'spread_open': None, 'over_under': 60.5, 'over_under_open': None, 'home_moneyline': None, 'away_moneyline': None}]",-10.0
401236005,2020,6,regular,2020-10-10T16:00:00.000Z,Oklahoma,Big 12,53,Texas,Big 12,45,"[{'provider': 'Bovada', 'spread': -3.0, 'formatted_spread': 'Oklahoma -3', 'spread_open': None, 'over_under': 75.0, 'over_under_open': None, 'home_moneyline': None, 'away_moneyline': None}]",-3.0
401237105,2020,6,regular,2020-10-10T16:00:00.000Z,LSU,SEC,41,Missouri,SEC,45,"[{'provider': 'Bovada', 'spread': -20.5, 'formatted_spread': 'LSU -20.5', 'spread_open': None, 'over_under': 50.5, 'over_under_open': None, 'home_moneyline': None, 'away_moneyline': None}]",-20.5
401236007,2020,7,regular,2020-10-17T16:00:00.000Z,West Virginia,Big 12,38,Kansas,Big 12,17,"[{'provider': 'Bovada', 'spread': -21.5, 'formatted_spread': 'West Virginia -21.5', 'spread_open': None, 'over_under': 49.0, 'over_under_open': None, 'home_moneyline': None, 'away_moneyline': None}]",-21.5
401239872,2020,7,regular,2020-10-17T19:30:00.000Z,Troy,Sun Belt,31,Eastern Kentucky,OVC,29,"[{'provider': 'Bovada', 'spread': -28.5, 'formatted_spread': 'Troy -28.5', 'spread_open': None, 'over_under': None, 'over_under_open': None, 'home_moneyline': None, 'away_moneyline': None}]",-28.5
401250215,2020,7,regular,2020-10-17T20:00:00.000Z,Georgia Southern,Sun Belt,41,UMass,FBS Independents,0,"[{'provider': 'Bovada', 'spread': -30.5, 'formatted_spread': 'Georgia Southern -30.5', 'spread_open': None, 'over_under': 62.0, 'over_under_open': None, 'home_moneyline': None, 'away_moneyline': None}]",-30.5
401212479,2020,8,regular,2020-10-23T23:30:00.000Z,South Florida,American Athletic,13,Tulsa,American Athletic,42,"[{'provider': 'Bovada', 'spread': 12.0, 'formatted_spread': 'Tulsa -12.0', 'spread_open': None, 'over_under': 51.5, 'over_under_open': None, 'home_moneyline': None, 'away_moneyline': None}]",12.0
401234618,2020,8,regular,2020-10-24T16:00:00.000Z,Clemson,ACC,47,Syracuse,ACC,21,"[{'provider': 'Bovada', 'spread': -48.0, 'formatted_spread': 'Clemson -48.0', 'spread_open': None, 'over_under': 64.0, 'over_under_open': None, 'home_moneyline': None, 'away_moneyline': None}]",-48.0
401237114,2020,8,regular,2020-10-24T19:30:00.000Z,Tennessee,SEC,17,Alabama,SEC,48,"[{'provider': 'Bovada', 'spread': 23.0, 'formatted_spread': 'Alabama -23.0', 'spread_open': None, 'over_under': 67.0, 'over_under_open': None, 'home_moneyline': None, 'away_moneyline': None}]",23.0
401234622,2020,8,regular,2020-10-24T19:41:00.000Z,Pittsburgh,ACC,3,Notre Dame,FBS Independents,45,"[{'provider': 'Bovada', 'spread': 10.0, 'formatted_spread': 'Notre Dame -10.0', 'spread_open': None, 'over_under': 43.5, 'over_under_open': None, 'home_moneyline': None, 'away_moneyline': None}]",10.0
401247293,2020,8,regular,2020-10-24T16:00:00.000Z,Ohio State,Big Ten,52,Nebraska,Big Ten,17,"[{'provider': 'Bovada', 'spread': -28.5, 'formatted_spread': 'Ohio State -28.5', 'spread_open': None, 'over_under': 69.5, 'over_under_open': None, 'home_moneyline': None, 'away_moneyline': None}]",-28.5
401236009,2020,8,regular,2020-10-24T19:30:00.000Z,Oklahoma State,Big 12,24,Iowa State,Big 12,21,"[{'provider': 'Bovada', 'spread': -3.0, 'formatted_spread': 'Oklahoma State -3.0', 'spread_open': None, 'over_under': 54.0, 'over_under_open': None, 'home_moneyline': None, 'away_moneyline': None}]",-3.0
401247295,2020,8,regular,2020-10-24T19:30:00.000Z,Indiana,Big Ten,36,Penn State,Big Ten,35,"[{'provider': 'Bovada', 'spread': 7.0, 'formatted_spread': 'Penn State -7.0', 'spread_open': None, 'over_under': 62.0, 'over_under_open': None, 'home_moneyline': None, 'away_moneyline': None}]",7.0
401212488,2020,8,regular,2020-10-25T01:00:00.000Z,SMU,American Athletic,13,Cincinnati,American Athletic,42,"[{'provider': 'Bovada', 'spread': 0.0, 'formatted_spread': 'Cincinnati -0.0', 'spread_open': None, 'over_under': 57.0, 'over_under_open': None, 'home_moneyline': None, 'away_moneyline': None}]",0.0
401234620,2020,8,regular,2020-10-25T00:00:00.000Z,Miami,ACC,19,Virginia,ACC,14,"[{'provider': 'Bovada', 'spread': -14.0, 'formatted_spread': 'Miami -14.0', 'spread_open': None, 'over_under': 54.0, 'over_under_open': None, 'home_moneyline': None, 'away_moneyline': None}]",-14.0
401240998,2020,8,regular,2020-10-25T02:15:00.000Z,BYU,FBS Independents,52,Texas State,Sun Belt,14,"[{'provider': 'Bovada', 'spread': -30.5, 'formatted_spread': 'BYU -30.5', 'spread_open': None, 'over_under': 61.5, 'over_under_open': None, 'home_moneyline': None, 'away_moneyline': None}]",-30.5
401234621,2020,8,regular,2020-10-24T16:00:00.000Z,North Carolina,ACC,48,NC State,ACC,21,"[{'provider': 'Bovada', 'spread': -15.0, 'formatted_spread': 'North Carolina -15.0', 'spread_open': None, 'over_under': 62.0, 'over_under_open': None, 'home_moneyline': None, 'away_moneyline': None}]",-15.0
401247294,2020,8,regular,2020-10-24T23:30:00.000Z,Minnesota,Big Ten,24,Michigan,Big Ten,49,"[{'provider': 'Bovada', 'spread': 3.0, 'formatted_spread': 'Michigan -3.0', 'spread_open': None, 'over_under': 54.0, 'over_under_open': None, 'home_moneyline': None, 'away_moneyline': None}]",3.0
401234623,2020,8,regular,2020-10-24T19:30:00.000Z,Wake Forest,ACC,23,Virginia Tech,ACC,16,"[{'provider': 'Bovada', 'spread': 11.0, 'formatted_spread': 'Virginia Tech -11.0', 'spread_open': None, 'over_under': 69.0, 'over_under_open': None, 'home_moneyline': None, 'away_moneyline': None}]",11.0
401236010,2020,8,regular,2020-10-24T16:00:00.000Z,Kansas State,Big 12,55,Kansas,Big 12,14,"[{'provider': 'Bovada', 'spread': -19.5, 'formatted_spread': 'Kansas State -19.5', 'spread_open': None, 'over_under': 46.0, 'over_under_open': None, 'home_moneyline': None, 'away_moneyline': None}]",-19.5
401207156,2020,8,regular,2020-10-24T18:30:00.000Z,Marshall,Conference USA,20,Florida Atlantic,Conference USA,9,"[{'provider': 'Bovada', 'spread': -19.5, 'formatted_spread': 'Marshall -19.5', 'spread_open': None, 'over_under': 51.0, 'over_under_open': None, 'home_moneyline': None, 'away_moneyline': None}]",-19.5
401215316,2020,8,regular,2020-10-24T16:00:00.000Z,Coastal Carolina,Sun Belt,28,Georgia Southern,Sun Belt,14,"[{'provider': 'Bovada', 'spread': -1.5, 'formatted_spread': 'Coastal Carolina -1.5', 'spread_open': None, 'over_under': 49.0, 'over_under_open': None, 'home_moneyline': None, 'away_moneyline': None}]",-1.5
401207154,2020,8,regular,2020-10-24T16:00:00.000Z,Charlotte,Conference USA,38,UTEP,Conference USA,28,"[{'provider': 'Bovada', 'spread': -17.5, 'formatted_spread': 'Charlotte -17.5', 'spread_open': None, 'over_under': 50.0, 'over_under_open': None, 'home_moneyline': None, 'away_moneyline': None}]",-17.5
401212516,2020,8,regular,2020-10-24T16:00:00.000Z,Memphis,American Athletic,41,Temple,American Athletic,29,"[{'provider': 'Bovada', 'spread': -14.0, 'formatted_spread': 'Memphis -14.0', 'spread_open': None, 'over_under': 70.0, 'over_under_open': None, 'home_moneyline': None, 'away_moneyline': None}]",-14.0
401234619,2020,8,regular,2020-10-24T16:00:00.000Z,Louisville,ACC,48,Florida State,ACC,16,"[{'provider': 'Bovada', 'spread': -5.0, 'formatted_spread': 'Louisville -5.0', 'spread_open': None, 'over_under': 63.0, 'over_under_open': None, 'home_moneyline': None, 'away_moneyline': None}]",-5.0
401236011,2020,8,regular,2020-10-24T16:00:00.000Z,TCU,Big 12,14,Oklahoma,Big 12,33,"[{'provider': 'Bovada', 'spread': 7.0, 'formatted_spread': 'Oklahoma -7.0', 'spread_open': None, 'over_under': 59.0, 'over_under_open': None, 'home_moneyline': None, 'away_moneyline': None}]",7.0
401237115,2020,8,regular,2020-10-24T16:00:00.000Z,Ole Miss,SEC,28,Auburn,SEC,35,"[{'provider': 'Bovada', 'spread': 3.5, 'formatted_spread': 'Auburn -3.5', 'spread_open': None, 'over_under': 73.0, 'over_under_open': None, 'home_moneyline': None, 'away_moneyline': None}]",3.5
401207160,2020,8,regular,2020-10-24T17:00:00.000Z,Liberty,FBS Independents,56,Southern Mississippi,Conference USA,35,"[{'provider': 'Bovada', 'spread': -14.5, 'formatted_spread': 'Liberty -14.5', 'spread_open': None, 'over_under': 60.0, 'over_under_open': None, 'home_moneyline': None, 'away_moneyline': None}]",-14.5
401212524,2020,8,regular,2020-10-24T18:00:00.000Z,UCF,American Athletic,51,Tulane,American Athletic,34,"[{'provider': 'Bovada', 'spread': -21.0, 'formatted_spread': 'UCF -21.0', 'spread_open': None, 'over_under': 71.0, 'over_under_open': None, 'home_moneyline': None, 'away_moneyline': None}]",-21.0
401212552,2020,8,regular,2020-10-24T19:30:00.000Z,Navy,American Athletic,21,Houston,American Athletic,37,"[{'provider': 'Bovada', 'spread': 15.5, 'formatted_spread': 'Houston -15.5', 'spread_open': None, 'over_under': 56.5, 'over_under_open': None, 'home_moneyline': None, 'away_moneyline': None}]",15.5
401247296,2020,8,regular,2020-10-24T19:30:00.000Z,Purdue,Big Ten,24,Iowa,Big Ten,20,"[{'provider': 'Bovada', 'spread': 3.5, 'formatted_spread': 'Iowa -3.5', 'spread_open': None, 'over_under': 52.0, 'over_under_open': None, 'home_moneyline': None, 'away_moneyline': None}]",3.5
401215317,2020,8,regular,2020-10-24T20:00:00.000Z,Troy,Sun Belt,34,Georgia State,Sun Belt,36,"[{'provider': 'Bovada', 'spread': -2.5, 'formatted_spread': 'Troy -2.5', 'spread_open': None, 'over_under': 68.5, 'over_under_open': None, 'home_moneyline': None, 'away_moneyline': None}]",-2.5
401237122,2020,8,regular,2020-10-24T20:00:00.000Z,Missouri,SEC,20,Kentucky,SEC,10,"[{'provider': 'Bovada', 'spread': 3.5, 'formatted_spread': 'Kentucky -3.5', 'spread_open': None, 'over_under': 47.0, 'over_under_open': None, 'home_moneyline': None, 'away_moneyline': None}]",3.5
401236012,2020,8,regular,2020-10-24T21:30:00.000Z,Texas Tech,Big 12,34,West Virginia,Big 12,27,"[{'provider': 'Bovada', 'spread': 3.0, 'formatted_spread': 'West Virginia -3.0', 'spread_open': None, 'over_under': 54.0, 'over_under_open': None, 'home_moneyline': None, 'away_moneyline': None}]",3.0
401237118,2020,8,regular,2020-10-24T23:00:00.000Z,LSU,SEC,52,South Carolina,SEC,24,"[{'provider': 'Bovada', 'spread': -4.5, 'formatted_spread': 'LSU -4.5', 'spread_open': None, 'over_under': 55.0, 'over_under_open': None, 'home_moneyline': None, 'away_moneyline': None}]",-4.5
401248998,2020,8,regular,2020-10-24T23:00:00.000Z,Nevada,Mountain West,37,Wyoming,Mountain West,34,"[{'provider': 'Bovada', 'spread': 3.0, 'formatted_spread': 'Wyoming -3.0', 'spread_open': None, 'over_under': 54.0, 'over_under_open': None, 'home_moneyline': None, 'away_moneyline': None}]",3.0
401250784,2020,8,regular,2020-10-24T23:00:00.000Z,South Alabama,Sun Belt,38,Louisiana Monroe,Sun Belt,14,"[{'provider': 'Bovada', 'spread': -14.5, 'formatted_spread': 'South Alabama -14.5', 'spread_open': None, 'over_under': 57.0, 'over_under_open': None, 'home_moneyline': None, 'away_moneyline': None}]",-14.5
401207184,2020,12,regular,2020-11-21T19:00:00.000Z,North Texas,Conference USA,27,Rice,Conference USA,17,"[{'provider': 'Bovada', 'spread': -2.5, 'formatted_spread': 'North Texas -2.5', 'spread_open': None, 'over_under': 65.0, 'over_under_open': None, 'home_moneyline': None, 'away_moneyline': None}]",-2.5
401215335,2020,12,regular,2020-11-21T20:30:00.000Z,South Alabama,Sun Belt,14,Georgia State,Sun Belt,31,"[{'provider': 'Bovada', 'spread': 4.0, 'formatted_spread': 'Georgia State -4.0', 'spread_open': None, 'over_under': 59.0, 'over_under_open': None, 'home_moneyline': None, 'away_moneyline': None}]",4.0
401234648,2020,12,regular,2020-11-21T21:00:00.000Z,Pittsburgh,ACC,47,Virginia Tech,ACC,14,"[{'provider': 'Bovada', 'spread': 6.5, 'formatted_spread': 'Virginia Tech -6.5', 'spread_open': None, 'over_under': 52.5, 'over_under_open': None, 'home_moneyline': None, 'away_moneyline': None}]",6.5
401237141,2020,12,regular,2020-11-22T00:30:00.000Z,South Carolina,SEC,10,Missouri,SEC,17,"[{'provider': 'Bovada', 'spread': 5.0, 'formatted_spread': 'Missouri -5.0', 'spread_open': None, 'over_under': 57.5, 'over_under_open': None, 'home_moneyline': None, 'away_moneyline': None}]",5.0
401234651,2020,13,regular,2020-11-28T20:30:00.000Z,Clemson,ACC,52,Pittsburgh,ACC,17,"[{'provider': 'Bovada', 'spread': -24.0, 'formatted_spread': 'Clemson -24.0', 'spread_open': None, 'over_under': 59.0, 'over_under_open': None, 'home_moneyline': None, 'away_moneyline': None}]",-24.0
401237143,2020,13,regular,2020-11-28T17:00:00.000Z,Missouri,SEC,41,Vanderbilt,SEC,0,"[{'provider': 'Bovada', 'spread': 2.0, 'formatted_spread': 'Vanderbilt -2.0', 'spread_open': None, 'over_under': 52.5, 'over_under_open': None, 'home_moneyline': None, 'away_moneyline': None}]",2.0
401207191,2020,13,regular,2020-11-28T20:00:00.000Z,UT San Antonio,Conference USA,49,North Texas,Conference USA,17,"[{'provider': 'Bovada', 'spread': -1.5, 'formatted_spread': 'UT San Antonio -1.5', 'spread_open': None, 'over_under': 67.0, 'over_under_open': None, 'home_moneyline': None, 'away_moneyline': None}]",-1.5
401215340,2020,13,regular,2020-11-28T20:00:00.000Z,Louisiana Monroe,Sun Belt,20,Louisiana,Sun Belt,70,"[{'provider': 'Bovada', 'spread': 29.0, 'formatted_spread': 'Louisiana -29.0', 'spread_open': None, 'over_under': 58.0, 'over_under_open': None, 'home_moneyline': None, 'away_moneyline': None}]",29.0
401215336,2020,13,regular,2020-11-28T20:30:00.000Z,Appalachian State,Sun Belt,47,Troy,Sun Belt,10,"[{'provider': 'Bovada', 'spread': -14.0, 'formatted_spread': 'Appalachian State -14.0', 'spread_open': None, 'over_under': 50.5, 'over_under_open': None, 'home_moneyline': None, 'away_moneyline': None}]",-14.0
401237147,2020,13,regular,2020-11-28T21:00:00.000Z,Ole Miss,SEC,31,Mississippi State,SEC,24,"[{'provider': 'Bovada', 'spread': -9.5, 'formatted_spread': 'Ole Miss -9.5', 'spread_open': None, 'over_under': 70.5, 'over_under_open': None, 'home_moneyline': None, 'away_moneyline': None}]",-9.5
401234652,2020,13,regular,2020-11-29T00:00:00.000Z,Georgia Tech,ACC,56,Duke,ACC,33,"[{'provider': 'Bovada', 'spread': 2.5, 'formatted_spread': 'Duke -2.5', 'spread_open': None, 'over_under': 58.0, 'over_under_open': None, 'home_moneyline': None, 'away_moneyline': None}]",2.5
401236028,2020,13,regular,2020-11-29T00:00:00.000Z,Baylor,Big 12,32,Kansas State,Big 12,31,"[{'provider': 'Bovada', 'spread': -5.5, 'formatted_spread': 'Baylor -5.5', 'spread_open': None, 'over_under': 44.5, 'over_under_open': None, 'home_moneyline': None, 'away_moneyline': None}]",-5.5
401265458,2020,13,regular,2020-11-29T00:30:00.000Z,Washington,Pac-12,24,Utah,Pac-12,21,"[{'provider': 'Bovada', 'spread': -9.5, 'formatted_spread': 'Washington -9.5', 'spread_open': None, 'over_under': 47.0, 'over_under_open': None, 'home_moneyline': None, 'away_moneyline': None}]",-9.5
401265703,2020,14,regular,2020-12-03T23:00:00.000Z,North Texas,Conference USA,31,Louisiana Tech,Conference USA,42,"[{'provider': 'Bovada', 'spread': 1.0, 'formatted_spread': 'Louisiana Tech -1.0', 'spread_open': None, 'over_under': 65.5, 'over_under_open': None, 'home_moneyline': None, 'away_moneyline': None}]",1.0
401236034,2020,14,regular,2020-12-05T20:30:00.000Z,Iowa State,Big 12,42,West Virginia,Big 12,6,"[{'provider': 'Bovada', 'spread': -6.0, 'formatted_spread': 'Iowa State -6.0', 'spread_open': None, 'over_under': 48.0, 'over_under_open': None, 'home_moneyline': None, 'away_moneyline': None}]",-6.0
401237514,2020,14,regular,2020-12-05T22:30:00.000Z,Coastal Carolina,Sun Belt,22,BYU,FBS Independents,17,"[{'provider': 'Bovada', 'spread': -11.0, 'formatted_spread': 'Coastal Carolina -11.0', 'spread_open': None, 'over_under': 53.5, 'over_under_open': None, 'home_moneyline': None, 'away_moneyline': None}]",-11.0
401236037,2020,14,regular,2020-12-05T17:00:00.000Z,TCU,Big 12,29,Oklahoma State,Big 12,22,"[{'provider': 'Bovada', 'spread': 2.5, 'formatted_spread': 'Oklahoma State -2.5', 'spread_open': None, 'over_under': 52.5, 'over_under_open': None, 'home_moneyline': None, 'away_moneyline': None}]",2.5
401236035,2020,14,regular,2020-12-05T17:00:00.000Z,Texas Tech,Big 12,16,Kansas,Big 12,13,"[{'provider': 'Bovada', 'spread': -26.5, 'formatted_spread': 'Texas Tech -26.5', 'spread_open': None, 'over_under': 63.5, 'over_under_open': None, 'home_moneyline': None, 'away_moneyline': None}]",-26.5
401236036,2020,14,regular,2020-12-05T17:00:00.000Z,Kansas State,Big 12,31,Texas,Big 12,69,"[{'provider': 'Bovada', 'spread': 7.0, 'formatted_spread': 'Texas -7.0', 'spread_open': None, 'over_under': 53.5, 'over_under_open': None, 'home_moneyline': None, 'away_moneyline': None}]",7.0
401234656,2020,14,regular,2020-12-05T20:30:00.000Z,Virginia,ACC,43,Boston College,ACC,32,"[{'provider': 'Bovada', 'spread': -6.0, 'formatted_spread': 'Virginia -6.0', 'spread_open': None, 'over_under': 54.5, 'over_under_open': None, 'home_moneyline': None, 'away_moneyline': None}]",-6.0
401234659,2020,14,regular,2020-12-05T21:00:00.000Z,NC State,ACC,23,Georgia Tech,ACC,13,"[{'provider': 'Bovada', 'spread': -7.0, 'formatted_spread': 'NC State -7.0', 'spread_open': None, 'over_under': 61.0, 'over_under_open': None, 'home_moneyline': None, 'away_moneyline': None}]",-7.0
401237153,2020,14,regular,2020-12-06T00:30:00.000Z,Kentucky,SEC,41,South Carolina,SEC,18,"[{'provider': 'Bovada', 'spread': -12.0, 'formatted_spread': 'Kentucky -12.0', 'spread_open': None, 'over_under': 47.0, 'over_under_open': None, 'home_moneyline': None, 'away_moneyline': None}]",-12.0
401234661,2020,15,regular,2020-12-12T20:30:00.000Z,Miami,ACC,26,North Carolina,ACC,62,"[{'provider': 'Bovada', 'spread': -3.0, 'formatted_spread': 'Miami -3.0', 'spread_open': None, 'over_under': 72.5, 'over_under_open': None, 'home_moneyline': None, 'away_moneyline': None}]",-3.0
401207203,2020,15,regular,2020-12-12T20:00:00.000Z,Army,FBS Independents,15,Navy,American Athletic,0,"[{'provider': 'Bovada', 'spread': -7.5, 'formatted_spread': 'Army -7.5', 'spread_open': None, 'over_under': 35.5, 'over_under_open': None, 'home_moneyline': None, 'away_moneyline': None}]",-7.5
401234572,2020,15,regular,2020-12-13T01:00:00.000Z,Virginia Tech,ACC,33,Virginia,ACC,15,"[{'provider': 'Bovada', 'spread': -3.0, 'formatted_spread': 'Virginia Tech -3.0', 'spread_open': None, 'over_under': 64.5, 'over_under_open': None, 'home_moneyline': None, 'away_moneyline': None}]",-3.0
401207149,2020,7,regular,2020-10-17T22:00:00.000Z,Louisiana Tech,Conference USA,17,Marshall,Conference USA,35,"[{'provider': 'Bovada', 'spread': 12.0, 'formatted_spread': 'Marshall -12.0', 'spread_open': None, 'over_under': 48.5, 'over_under_open': None, 'home_moneyline': None, 'away_moneyline': None}]",12.0
401237107,2020,7,regular,2020-10-18T00:00:00.000Z,Alabama,SEC,41,Georgia,SEC,24,"[{'provider': 'Bovada', 'spread': -6.0, 'formatted_spread': 'Alabama -6.0', 'spread_open': None, 'over_under': 57.5, 'over_under_open': None, 'home_moneyline': None, 'away_moneyline': None}]",-6.0
401248993,2020,8,regular,2020-10-25T02:30:00.000Z,San José State,Mountain West,17,Air Force,Mountain West,6,"[{'provider': 'Bovada', 'spread': 7.5, 'formatted_spread': 'Air Force -7.5', 'spread_open': None, 'over_under': 64.0, 'over_under_open': None, 'home_moneyline': None, 'away_moneyline': None}]",7.5
401248994,2020,8,regular,2020-10-24T23:30:00.000Z,Fresno State,Mountain West,19,Hawai'i,Mountain West,34,"[{'provider': 'Bovada', 'spread': -3.0, 'formatted_spread': 'Fresno State -3.0', 'spread_open': None, 'over_under': 64.5, 'over_under_open': None, 'home_moneyline': None, 'away_moneyline': None}]",-3.0
401248996,2020,8,regular,2020-10-25T02:30:00.000Z,San Diego State,Mountain West,34,UNLV,Mountain West,6,"[{'provider': 'Bovada', 'spread': -14.0, 'formatted_spread': 'San Diego State -14.0', 'spread_open': None, 'over_under': 51.0, 'over_under_open': None, 'home_moneyline': None, 'away_moneyline': None}]",-14.0
401249000,2020,9,regular,2020-10-30T02:00:00.000Z,Fresno State,Mountain West,38,Colorado State,Mountain West,17,"[{'provider': 'Bovada', 'spread': 1.5, 'formatted_spread': 'Colorado State -1.5', 'spread_open': None, 'over_under': None, 'over_under_open': None, 'home_moneyline': None, 'away_moneyline': None}]",1.5
401247298,2020,8,regular,2020-10-24T23:30:00.000Z,Northwestern,Big Ten,43,Maryland,Big Ten,3,"[{'provider': 'Bovada', 'spread': -13.0, 'formatted_spread': 'Northwestern -13.0', 'spread_open': None, 'over_under': 52.0, 'over_under_open': None, 'home_moneyline': None, 'away_moneyline': None}]",-13.0
401238036,2020,8,regular,2020-10-24T00:00:00.000Z,UAB,Conference USA,20,Louisiana,Sun Belt,24,"[{'provider': 'Bovada', 'spread': 2.5, 'formatted_spread': 'Louisiana -2.5', 'spread_open': None, 'over_under': 50.5, 'over_under_open': None, 'home_moneyline': None, 'away_moneyline': None}]",2.5
401212526,2020,12,regular,2020-11-20T00:30:00.000Z,Tulsa,American Athletic,30,Tulane,American Athletic,24,"[{'provider': 'Bovada', 'spread': -5.0, 'formatted_spread': 'Tulsa -5.0', 'spread_open': None, 'over_under': 56.5, 'over_under_open': None, 'home_moneyline': None, 'away_moneyline': None}]",-5.0
401236039,2020,2,regular,2020-09-13T00:00:00.000Z,Texas Tech,Big 12,35,Houston Christian,Southland,33,"[{'provider': 'Bovada', 'spread': -40.0, 'formatted_spread': 'Texas Tech -40.0', 'spread_open': None, 'over_under': 80.0, 'over_under_open': None, 'home_moneyline': None, 'away_moneyline': None}]",-40.0
401247306,2020,9,regular,2020-10-31T23:30:00.000Z,Penn State,Big Ten,25,Ohio State,Big Ten,38,"[{'provider': 'Bovada', 'spread': 13.0, 'formatted_spread': 'Ohio State -13.0', 'spread_open': None, 'over_under': None, 'over_under_open': None, 'home_moneyline': None, 'away_moneyline': None}]",13.0
401247301,2020,9,regular,2020-10-31T16:00:00.000Z,Illinois,Big Ten,24,Purdue,Big Ten,31,"[{'provider': 'Bovada', 'spread': 7.0, 'formatted_spread': 'Purdue -7.0', 'spread_open': None, 'over_under': None, 'over_under_open': None, 'home_moneyline': None, 'away_moneyline': None}]",7.0
401247303,2020,9,regular,2020-10-31T19:30:00.000Z,Iowa,Big Ten,20,Northwestern,Big Ten,21,"[{'provider': 'Bovada', 'spread': -3.0, 'formatted_spread': 'Iowa -3.0', 'spread_open': None, 'over_under': None, 'over_under_open': None, 'home_moneyline': None, 'away_moneyline': None}]",-3.0
401247300,2020,9,regular,2020-10-31T19:30:00.000Z,Rutgers,Big Ten,21,Indiana,Big Ten,37,"[{'provider': 'Bovada', 'spread': 12.0, 'formatted_spread': 'Indiana -12.0', 'spread_open': None, 'over_under': None, 'over_under_open': None, 'home_moneyline': None, 'away_moneyline': None}]",12.0
401207163,2020,9,regular,2020-10-31T19:30:00.000Z,Louisiana Tech,Conference USA,37,UAB,Conference USA,34,"[{'provider': 'Bovada', 'spread': 10.0, 'formatted_spread': 'UAB -10.0', 'spread_open': None, 'over_under': None, 'over_under_open': None, 'home_moneyline': None, 'away_moneyline': None}]",10.0
401215319,2020,9,regular,2020-10-31T20:00:00.000Z,Louisiana Monroe,Sun Belt,13,Appalachian State,Sun Belt,31,"[{'provider': 'Bovada', 'spread': 31.5, 'formatted_spread': 'Appalachian State -31.5', 'spread_open': None, 'over_under': None, 'over_under_open': None, 'home_moneyline': None, 'away_moneyline': None}]",31.5
401207166,2020,9,regular,2020-10-31T19:00:00.000Z,Southern Mississippi,Conference USA,6,Rice,Conference USA,30,"[{'provider': 'Bovada', 'spread': -3.0, 'formatted_spread': 'Southern Mississippi -3.0', 'spread_open': None, 'over_under': None, 'over_under_open': None, 'home_moneyline': None, 'away_moneyline': None}]",-3.0
401212533,2020,9,regular,2020-10-31T01:00:00.000Z,Tulsa,American Athletic,34,East Carolina,American Athletic,30,"[{'provider': 'Bovada', 'spread': -18.0, 'formatted_spread': 'Tulsa -18.0', 'spread_open': None, 'over_under': None, 'over_under_open': None, 'home_moneyline': None, 'away_moneyline': None}]",-18.0
401215322,2020,9,regular,2020-11-01T00:00:00.000Z,Texas State,Sun Belt,34,Louisiana,Sun Belt,44,"[{'provider': 'Bovada', 'spread': 17.0, 'formatted_spread': 'Louisiana -17.0', 'spread_open': None, 'over_under': None, 'over_under_open': None, 'home_moneyline': None, 'away_moneyline': None}]",17.0
401212543,2020,9,regular,2020-10-31T16:00:00.000Z,Cincinnati,American Athletic,49,Memphis,American Athletic,10,"[{'provider': 'Bovada', 'spread': -7.0, 'formatted_spread': 'Cincinnati -7.0', 'spread_open': None, 'over_under': None, 'over_under_open': None, 'home_moneyline': None, 'away_moneyline': None}]",-7.0
401247302,2020,9,regular,2020-10-30T23:30:00.000Z,Maryland,Big Ten,45,Minnesota,Big Ten,44,"[{'provider': 'Bovada', 'spread': 20.5, 'formatted_spread': 'Minnesota -20.5', 'spread_open': None, 'over_under': None, 'over_under_open': None, 'home_moneyline': None, 'away_moneyline': None}]",20.5
401249399,2020,10,regular,2020-11-08T00:30:00.000Z,Oregon,Pac-12,35,Stanford,Pac-12,14,"[{'provider': 'Bovada', 'spread': -10.5, 'formatted_spread': 'Oregon -10.5', 'spread_open': None, 'over_under': 52.5, 'over_under_open': None, 'home_moneyline': None, 'away_moneyline': None}]",-10.5
401249403,2020,11,regular,2020-11-14T20:30:00.000Z,Arizona,Pac-12,30,USC,Pac-12,34,"[{'provider': 'Bovada', 'spread': 15.5, 'formatted_spread': 'USC -15.5', 'spread_open': None, 'over_under': 67.5, 'over_under_open': None, 'home_moneyline': None, 'away_moneyline': None}]",15.5
401249406,2020,11,regular,2020-11-14T20:30:00.000Z,Stanford,Pac-12,32,Colorado,Pac-12,35,"[{'provider': 'Bovada', 'spread': -9.5, 'formatted_spread': 'Stanford -9.5', 'spread_open': None, 'over_under': 55.0, 'over_under_open': None, 'home_moneyline': None, 'away_moneyline': None}]",-9.5
401249858,2020,10,regular,2020-11-05T01:00:00.000Z,Toledo,Mid-American,38,Bowling Green,Mid-American,3,"[{'provider': 'Bovada', 'spread': -22.0, 'formatted_spread': 'Toledo -22.0', 'spread_open': None, 'over_under': 62.0, 'over_under_open': None, 'home_moneyline': None, 'away_moneyline': None}]",-22.0
401249889,2020,10,regular,2020-11-05T00:00:00.000Z,Miami (OH),Mid-American,38,Ball State,Mid-American,31,"[{'provider': 'Bovada', 'spread': -2.0, 'formatted_spread': 'Miami (OH) -2.0', 'spread_open': None, 'over_under': 55.5, 'over_under_open': None, 'home_moneyline': None, 'away_moneyline': None}]",-2.0
401249857,2020,10,regular,2020-11-04T23:00:00.000Z,Akron,Mid-American,13,Western Michigan,Mid-American,58,"[{'provider': 'Bovada', 'spread': 18.0, 'formatted_spread': 'Western Michigan -18.0', 'spread_open': None, 'over_under': 54.0, 'over_under_open': None, 'home_moneyline': None, 'away_moneyline': None}]",18.0
401247312,2020,10,regular,2020-11-07T20:30:00.000Z,Penn State,Big Ten,19,Maryland,Big Ten,35,"[{'provider': 'Bovada', 'spread': -25.0, 'formatted_spread': 'Penn State -25.0', 'spread_open': None, 'over_under': 62.0, 'over_under_open': None, 'home_moneyline': None, 'away_moneyline': None}]",-25.0
401247307,2020,10,regular,2020-11-07T17:00:00.000Z,Northwestern,Big Ten,21,Nebraska,Big Ten,13,"[{'provider': 'Bovada', 'spread': -3.5, 'formatted_spread': 'Northwestern -3.5', 'spread_open': None, 'over_under': 55.0, 'over_under_open': None, 'home_moneyline': None, 'away_moneyline': None}]",-3.5
401207169,2020,10,regular,2020-11-07T23:00:00.000Z,Florida Atlantic,Conference USA,10,Western Kentucky,Conference USA,6,"[{'provider': 'Bovada', 'spread': -7.0, 'formatted_spread': 'Florida Atlantic -7.0', 'spread_open': None, 'over_under': 41.0, 'over_under_open': None, 'home_moneyline': None, 'away_moneyline': None}]",-7.0
401234636,2020,10,regular,2020-11-07T17:00:00.000Z,Virginia Tech,ACC,35,Liberty,FBS Independents,38,"[{'provider': 'Bovada', 'spread': -14.5, 'formatted_spread': 'Virginia Tech -14.5', 'spread_open': None, 'over_under': 67.5, 'over_under_open': None, 'home_moneyline': None, 'away_moneyline': None}]",-14.5
401215326,2020,10,regular,2020-11-07T18:00:00.000Z,Georgia Southern,Sun Belt,20,Troy,Sun Belt,13,"[{'provider': 'Bovada', 'spread': 3.0, 'formatted_spread': 'Troy -3.0', 'spread_open': None, 'over_under': 52.0, 'over_under_open': None, 'home_moneyline': None, 'away_moneyline': None}]",3.0
401236021,2020,10,regular,2020-11-07T20:30:00.000Z,TCU,Big 12,34,Texas Tech,Big 12,18,"[{'provider': 'Bovada', 'spread': -9.5, 'formatted_spread': 'TCU -9.5', 'spread_open': None, 'over_under': 61.5, 'over_under_open': None, 'home_moneyline': None, 'away_moneyline': None}]",-9.5
401237126,2020,10,regular,2020-11-07T20:30:00.000Z,Mississippi State,SEC,24,Vanderbilt,SEC,17,"[{'provider': 'Bovada', 'spread': -19.5, 'formatted_spread': 'Mississippi State -19.5', 'spread_open': None, 'over_under': 48.0, 'over_under_open': None, 'home_moneyline': None, 'away_moneyline': None}]",-19.5
401234634,2020,10,regular,2020-11-07T21:00:00.000Z,Florida State,ACC,17,Pittsburgh,ACC,41,"[{'provider': 'Bovada', 'spread': -2.5, 'formatted_spread': 'Florida State -2.5', 'spread_open': None, 'over_under': 51.0, 'over_under_open': None, 'home_moneyline': None, 'away_moneyline': None}]",-2.5
401234641,2020,11,regular,2020-11-14T17:00:00.000Z,Virginia Tech,ACC,24,Miami,ACC,25,"[{'provider': 'Bovada', 'spread': -2.0, 'formatted_spread': 'Virginia Tech -2.0', 'spread_open': None, 'over_under': 67.5, 'over_under_open': None, 'home_moneyline': None, 'away_moneyline': None}]",-2.0
401207176,2020,11,regular,2020-11-14T17:00:00.000Z,Marshall,Conference USA,42,Middle Tennessee,Conference USA,14,"[{'provider': 'Bovada', 'spread': -24.0, 'formatted_spread': 'Marshall -24.0', 'spread_open': None, 'over_under': 55.5, 'over_under_open': None, 'home_moneyline': None, 'away_moneyline': None}]",-24.0
401249015,2020,11,regular,2020-11-14T23:30:00.000Z,New Mexico,Mountain West,20,Nevada,Mountain West,27,"[{'provider': 'Bovada', 'spread': 17.5, 'formatted_spread': 'Nevada -17.5', 'spread_open': None, 'over_under': 62.5, 'over_under_open': None, 'home_moneyline': None, 'away_moneyline': None}]",17.5
401247342,2020,15,regular,2020-12-12T17:00:00.000Z,Maryland,Big Ten,24,Rutgers,Big Ten,27,"[{'provider': 'Bovada', 'spread': -3.0, 'formatted_spread': 'Maryland -3.0', 'spread_open': None, 'over_under': 54.5, 'over_under_open': None, 'home_moneyline': None, 'away_moneyline': None}]",-3.0
401207178,2020,11,regular,2020-11-14T20:30:00.000Z,Western Kentucky,Conference USA,10,Southern Mississippi,Conference USA,7,"[{'provider': 'Bovada', 'spread': -7.5, 'formatted_spread': 'Western Kentucky -7.5', 'spread_open': None, 'over_under': 45.0, 'over_under_open': None, 'home_moneyline': None, 'away_moneyline': None}]",-7.5
401257813,2020,15,regular,2020-12-10T23:30:00.000Z,Southern Mississippi,Conference USA,45,Florida Atlantic,Conference USA,31,"[{'provider': 'Bovada', 'spread': 9.5, 'formatted_spread': 'Florida Atlantic -9.5', 'spread_open': None, 'over_under': 44.0, 'over_under_open': None, 'home_moneyline': None, 'away_moneyline': None}]",9.5
401234563,2020,2,regular,2020-09-12T20:00:00.000Z,Florida State,ACC,13,Georgia Tech,ACC,16,"[{'provider': 'Bovada', 'spread': -13.5, 'formatted_spread': 'Florida State -13.5', 'spread_open': None, 'over_under': 49.0, 'over_under_open': None, 'home_moneyline': None, 'away_moneyline': None}]",-13.5
401237139,2020,12,regular,2020-11-22T00:30:00.000Z,Georgia,SEC,31,Mississippi State,SEC,24,"[{'provider': 'Bovada', 'spread': -26.0, 'formatted_spread': 'Georgia -26.0', 'spread_open': None, 'over_under': 44.0, 'over_under_open': None, 'home_moneyline': None, 'away_moneyline': None}]",-26.0
401247327,2020,12,regular,2020-11-21T20:30:00.000Z,Penn State,Big Ten,21,Iowa,Big Ten,41,"[{'provider': 'Bovada', 'spread': 1.0, 'formatted_spread': 'Iowa -1.0', 'spread_open': None, 'over_under': 45.5, 'over_under_open': None, 'home_moneyline': None, 'away_moneyline': None}]",1.0
401264080,2020,13,regular,2020-11-29T00:00:00.000Z,Navy,American Athletic,7,Memphis,American Athletic,10,"[{'provider': 'Bovada', 'spread': 13.5, 'formatted_spread': 'Memphis -13.5', 'spread_open': None, 'over_under': 63.0, 'over_under_open': None, 'home_moneyline': None, 'away_moneyline': None}]",13.5
401247330,2020,13,regular,2020-11-28T20:30:00.000Z,Michigan State,Big Ten,29,Northwestern,Big Ten,20,"[{'provider': 'Bovada', 'spread': 14.0, 'formatted_spread': 'Northwestern -14.0', 'spread_open': None, 'over_under': 41.0, 'over_under_open': None, 'home_moneyline': None, 'away_moneyline': None}]",14.0
401234662,2020,14,regular,2020-12-05T19:30:00.000Z,Notre Dame,FBS Independents,45,Syracuse,ACC,21,"[{'provider': 'Bovada', 'spread': -34.0, 'formatted_spread': 'Notre Dame -34.0', 'spread_open': None, 'over_under': 51.0, 'over_under_open': None, 'home_moneyline': None, 'away_moneyline': None}]",-34.0
401237151,2020,14,regular,2020-12-05T20:30:00.000Z,Tennessee,SEC,19,Florida,SEC,31,"[{'provider': 'Bovada', 'spread': 18.5, 'formatted_spread': 'Florida -18.5', 'spread_open': None, 'over_under': 63.0, 'over_under_open': None, 'home_moneyline': None, 'away_moneyline': None}]",18.5
401237074,2020,16,regular,2020-12-20T01:00:00.000Z,Florida,SEC,46,Alabama,SEC,52,"[{'provider': 'Bovada', 'spread': 17.5, 'formatted_spread': 'Alabama -17.5', 'spread_open': None, 'over_under': 74.5, 'over_under_open': None, 'home_moneyline': None, 'away_moneyline': None}]",17.5
401262060,2020,16,regular,2020-12-19T17:00:00.000Z,Iowa State,Big 12,21,Oklahoma,Big 12,27,"[{'provider': 'Bovada', 'spread': 5.5, 'formatted_spread': 'Oklahoma -5.5', 'spread_open': None, 'over_under': 58.5, 'over_under_open': None, 'home_moneyline': None, 'away_moneyline': None}]",5.5
401264085,2020,16,regular,2020-12-20T01:00:00.000Z,Cincinnati,American Athletic,27,Tulsa,American Athletic,24,"[{'provider': 'Bovada', 'spread': -14.0, 'formatted_spread': 'Cincinnati -14.0', 'spread_open': None, 'over_under': 45.5, 'over_under_open': None, 'home_moneyline': None, 'away_moneyline': None}]",-14.0
401265734,2020,13,regular,2020-11-28T22:37:00.000Z,Colorado,Pac-12,20,San Diego State,Mountain West,10,"[{'provider': 'Bovada', 'spread': -6.0, 'formatted_spread': 'Colorado -6.0', 'spread_open': None, 'over_under': 51.0, 'over_under_open': None, 'home_moneyline': None, 'away_moneyline': None}]",-6.0
401249025,2020,13,regular,2020-11-27T00:00:00.000Z,Utah State,Mountain West,41,New Mexico,Mountain West,27,"[{'provider': 'Bovada', 'spread': 6.0, 'formatted_spread': 'New Mexico -6.0', 'spread_open': None, 'over_under': 49.0, 'over_under_open': None, 'home_moneyline': None, 'away_moneyline': None}]",6.0
401247328,2020,13,regular,2020-11-28T21:00:00.000Z,Purdue,Big Ten,30,Rutgers,Big Ten,37,"[{'provider': 'Bovada', 'spread': -12.5, 'formatted_spread': 'Purdue -12.5', 'spread_open': None, 'over_under': 61.0, 'over_under_open': None, 'home_moneyline': None, 'away_moneyline': None}]",-12.5
401252117,2020,14,regular,2020-12-05T01:30:00.000Z,Appalachian State,Sun Belt,21,Louisiana,Sun Belt,24,"[{'provider': 'Bovada', 'spread': -3.0, 'formatted_spread': 'Appalachian State -3.0', 'spread_open': None, 'over_under': 53.0, 'over_under_open': None, 'home_moneyline': None, 'away_moneyline': None}]",-3.0
401247332,2020,13,regular,2020-11-27T18:00:00.000Z,Iowa,Big Ten,26,Nebraska,Big Ten,20,"[{'provider': 'Bovada', 'spread': -13.0, 'formatted_spread': 'Iowa -13.0', 'spread_open': None, 'over_under': 53.0, 'over_under_open': None, 'home_moneyline': None, 'away_moneyline': None}]",-13.0
401249874,2020,13,regular,2020-11-27T21:00:00.000Z,Eastern Michigan,Mid-American,23,Central Michigan,Mid-American,31,"[{'provider': 'Bovada', 'spread': 6.5, 'formatted_spread': 'Central Michigan -6.5', 'spread_open': None, 'over_under': 59.0, 'over_under_open': None, 'home_moneyline': None, 'away_moneyline': None}]",6.5
401265817,2020,14,regular,2020-12-06T01:00:00.000Z,LSU,SEC,17,Alabama,SEC,55,"[{'provider': 'Bovada', 'spread': 29.5, 'formatted_spread': 'Alabama -29.5', 'spread_open': None, 'over_under': 64.0, 'over_under_open': None, 'home_moneyline': None, 'away_moneyline': None}]",29.5
401266134,2020,14,regular,2020-12-06T01:00:00.000Z,Duke,ACC,0,Miami,ACC,48,"[{'provider': 'Bovada', 'spread': 15.0, 'formatted_spread': 'Miami -15.0', 'spread_open': None, 'over_under': 63.0, 'over_under_open': None, 'home_moneyline': None, 'away_moneyline': None}]",15.0
401269375,2020,16,regular,2020-12-19T18:30:00.000Z,Utah,Pac-12,45,Washington State,Pac-12,28,"[{'provider': 'Bovada', 'spread': -10.5, 'formatted_spread': 'Utah -10.5', 'spread_open': None, 'over_under': 56.5, 'over_under_open': None, 'home_moneyline': None, 'away_moneyline': None}]",-10.5
401269384,2020,16,regular,2020-12-19T21:00:00.000Z,Wisconsin,Big Ten,20,Minnesota,Big Ten,17,"[{'provider': 'Bovada', 'spread': -12.0, 'formatted_spread': 'Wisconsin -12.0', 'spread_open': None, 'over_under': 47.5, 'over_under_open': None, 'home_moneyline': None, 'away_moneyline': None}]",-12.0
401234657,2020,14,regular,2020-12-06T00:30:00.000Z,Virginia Tech,ACC,10,Clemson,ACC,45,"[{'provider': 'Bovada', 'spread': 23.5, 'formatted_spread': 'Clemson -23.5', 'spread_open': None, 'over_under': 67.0, 'over_under_open': None, 'home_moneyline': None, 'away_moneyline': None}]",23.5
401264082,2020,14,regular,2020-12-05T17:00:00.000Z,Tulane,American Athletic,35,Memphis,American Athletic,21,"[{'provider': 'Bovada', 'spread': -3.0, 'formatted_spread': 'Tulane -3.0', 'spread_open': None, 'over_under': 64.0, 'over_under_open': None, 'home_moneyline': None, 'away_moneyline': None}]",-3.0
401266696,2020,15,regular,2020-12-12T17:00:00.000Z,Louisville,ACC,45,Wake Forest,ACC,21,"[{'provider': 'Bovada', 'spread': 1.5, 'formatted_spread': 'Wake Forest -1.5', 'spread_open': None, 'over_under': 61.5, 'over_under_open': None, 'home_moneyline': None, 'away_moneyline': None}]",1.5
401249043,2020,16,regular,2020-12-19T21:40:00.000Z,San José State,Mountain West,34,Boise State,Mountain West,20,"[{'provider': 'Bovada', 'spread': 6.5, 'formatted_spread': 'Boise State -6.5', 'spread_open': None, 'over_under': 56.0, 'over_under_open': None, 'home_moneyline': None, 'away_moneyline': None}]",6.5
401264083,2020,14,regular,2020-12-05T20:30:00.000Z,Navy,American Athletic,6,Tulsa,American Athletic,19,"[{'provider': 'Bovada', 'spread': 12.0, 'formatted_spread': 'Tulsa -12.0', 'spread_open': None, 'over_under': 45.0, 'over_under_open': None, 'home_moneyline': None, 'away_moneyline': None}]",12.0
401266789,2020,14,regular,2020-12-06T17:00:00.000Z,Charlotte,Conference USA,19,Western Kentucky,Conference USA,37,"[{'provider': 'Bovada', 'spread': -2.5, 'formatted_spread': 'Charlotte -2.5', 'spread_open': None, 'over_under': 46.0, 'over_under_open': None, 'home_moneyline': None, 'away_moneyline': None}]",-2.5
401266694,2020,15,regular,2020-12-12T21:00:00.000Z,Florida State,ACC,56,Duke,ACC,35,"[{'provider': 'Bovada', 'spread': -3.0, 'formatted_spread': 'Florida State -3.0', 'spread_open': None, 'over_under': 57.0, 'over_under_open': None, 'home_moneyline': None, 'away_moneyline': None}]",-3.0
401266711,2020,15,regular,2020-12-13T00:00:00.000Z,TCU,Big 12,52,Louisiana Tech,Conference USA,10,"[{'provider': 'Bovada', 'spread': -21.5, 'formatted_spread': 'TCU -21.5', 'spread_open': None, 'over_under': 50.0, 'over_under_open': None, 'home_moneyline': None, 'away_moneyline': None}]",-21.5
401265699,2020,16,regular,2020-12-19T20:00:00.000Z,Army,FBS Independents,10,Air Force,Mountain West,7,"[{'provider': 'Bovada', 'spread': 3.0, 'formatted_spread': 'Air Force -3.0', 'spread_open': None, 'over_under': 37.0, 'over_under_open': None, 'home_moneyline': None, 'away_moneyline': None}]",3.0
401267164,2020,15,regular,2020-12-12T17:00:00.000Z,Arkansas,SEC,3,Alabama,SEC,52,"[{'provider': 'Bovada', 'spread': 29.5, 'formatted_spread': 'Alabama -29.5', 'spread_open': None, 'over_under': 70.5, 'over_under_open': None, 'home_moneyline': None, 'away_moneyline': None}]",29.5
401267161,2020,15,regular,2020-12-12T17:00:00.000Z,Missouri,SEC,14,Georgia,SEC,49,"[{'provider': 'Bovada', 'spread': 14.0, 'formatted_spread': 'Georgia -14.0', 'spread_open': None, 'over_under': 54.5, 'over_under_open': None, 'home_moneyline': None, 'away_moneyline': None}]",14.0
401267163,2020,15,regular,2020-12-12T21:00:00.000Z,Vanderbilt,SEC,17,Tennessee,SEC,42,"[{'provider': 'Bovada', 'spread': 15.5, 'formatted_spread': 'Tennessee -15.5', 'spread_open': None, 'over_under': 50.5, 'over_under_open': None, 'home_moneyline': None, 'away_moneyline': None}]",15.5
401267165,2020,16,regular,2020-12-19T20:30:00.000Z,LSU,SEC,53,Ole Miss,SEC,48,"[{'provider': 'Bovada', 'spread': 0.0, 'formatted_spread': 'Ole Miss -0.0', 'spread_open': None, 'over_under': 75.0, 'over_under_open': None, 'home_moneyline': None, 'away_moneyline': None}]",0.0
401267166,2020,16,regular,2020-12-19T20:30:00.000Z,Mississippi State,SEC,51,Missouri,SEC,32,"[{'provider': 'Bovada', 'spread': 1.0, 'formatted_spread': 'Missouri -1.0', 'spread_open': None, 'over_under': 49.5, 'over_under_open': None, 'home_moneyline': None, 'away_moneyline': None}]",1.0
401234643,2020,12,regular,2020-11-21T00:00:00.000Z,Louisville,ACC,30,Syracuse,ACC,0,"[{'provider': 'Bovada', 'spread': -19.5, 'formatted_spread': 'Louisville -19.5', 'spread_open': None, 'over_under': 55.5, 'over_under_open': None, 'home_moneyline': None, 'away_moneyline': None}]",-19.5
401249864,2020,11,regular,2020-11-12T01:00:00.000Z,Northern Illinois,Mid-American,10,Central Michigan,Mid-American,40,"[{'provider': 'Bovada', 'spread': 6.5, 'formatted_spread': 'Central Michigan -6.5', 'spread_open': None, 'over_under': 58.0, 'over_under_open': None, 'home_moneyline': None, 'away_moneyline': None}]",6.5
401215331,2020,11,regular,2020-11-14T20:30:00.000Z,Georgia Southern,Sun Belt,40,Texas State,Sun Belt,38,"[{'provider': 'Bovada', 'spread': -12.0, 'formatted_spread': 'Georgia Southern -12.0', 'spread_open': None, 'over_under': 50.0, 'over_under_open': None, 'home_moneyline': None, 'away_moneyline': None}]",-12.0
401236081,2020,2,regular,2020-09-12T16:00:00.000Z,Appalachian State,Sun Belt,35,Charlotte,Conference USA,20,"[{'provider': 'Bovada', 'spread': -17.0, 'formatted_spread': 'Appalachian State -17.0', 'spread_open': None, 'over_under': 60.0, 'over_under_open': None, 'home_moneyline': None, 'away_moneyline': None}]",-17.0
401234564,2020,2,regular,2020-09-13T00:00:00.000Z,Louisville,ACC,35,Western Kentucky,Conference USA,21,"[{'provider': 'Bovada', 'spread': -13.5, 'formatted_spread': 'Louisville -13.5', 'spread_open': None, 'over_under': 55.5, 'over_under_open': None, 'home_moneyline': None, 'away_moneyline': None}]",-13.5
401212484,2020,1,regular,2020-09-05T20:30:00.000Z,Texas State,Sun Belt,24,SMU,American Athletic,31,"[{'provider': 'Bovada', 'spread': 25.5, 'formatted_spread': 'SMU -25.5', 'spread_open': None, 'over_under': 70.0, 'over_under_open': None, 'home_moneyline': None, 'away_moneyline': None}]",25.5
401234630,2020,10,regular,2020-11-07T00:30:00.000Z,NC State,ACC,41,Miami,ACC,44,"[{'provider': 'Bovada', 'spread': 10.0, 'formatted_spread': 'Miami -10.0', 'spread_open': None, 'over_under': 58.5, 'over_under_open': None, 'home_moneyline': None, 'away_moneyline': None}]",10.0
401249019,2020,12,regular,2020-11-21T20:30:00.000Z,Nevada,Mountain West,26,San Diego State,Mountain West,21,"[{'provider': 'Bovada', 'spread': 1.5, 'formatted_spread': 'San Diego State -1.5', 'spread_open': None, 'over_under': 46.5, 'over_under_open': None, 'home_moneyline': None, 'away_moneyline': None}]",1.5
401247340,2020,14,regular,2020-12-05T17:00:00.000Z,Michigan State,Big Ten,12,Ohio State,Big Ten,52,"[{'provider': 'Bovada', 'spread': 22.5, 'formatted_spread': 'Ohio State -22.5', 'spread_open': None, 'over_under': 59.0, 'over_under_open': None, 'home_moneyline': None, 'away_moneyline': None}]",22.5
401234562,2020,2,regular,2020-09-12T23:30:00.000Z,Wake Forest,ACC,13,Clemson,ACC,37,"[{'provider': 'Bovada', 'spread': 36.0, 'formatted_spread': 'Clemson -36.0', 'spread_open': None, 'over_under': 59.0, 'over_under_open': None, 'home_moneyline': None, 'away_moneyline': None}]",36.0
401215298,2020,2,regular,2020-09-12T20:14:00.000Z,Georgia Southern,Sun Belt,27,Campbell,Big South,26,"[{'provider': 'Bovada', 'spread': -31.0, 'formatted_spread': 'Georgia Southern -31.0', 'spread_open': None, 'over_under': 58.5, 'over_under_open': None, 'home_moneyline': None, 'away_moneyline': None}]",-31.0
401237138,2020,12,regular,2020-11-21T17:00:00.000Z,Vanderbilt,SEC,17,Florida,SEC,38,"[{'provider': 'Bovada', 'spread': 31.0, 'formatted_spread': 'Florida -31.0', 'spread_open': None, 'over_under': 68.5, 'over_under_open': None, 'home_moneyline': None, 'away_moneyline': None}]",31.0
401256001,2020,16,regular,2020-12-19T21:00:00.000Z,Notre Dame,FBS Independents,10,Clemson,ACC,34,"[{'provider': 'Bovada', 'spread': 10.0, 'formatted_spread': 'Clemson -10.0', 'spread_open': None, 'over_under': 60.0, 'over_under_open': None, 'home_moneyline': None, 'away_moneyline': None}]",10.0
401247324,2020,12,regular,2020-11-22T00:30:00.000Z,Rutgers,Big Ten,42,Michigan,Big Ten,48,"[{'provider': 'Bovada', 'spread': 12.0, 'formatted_spread': 'Michigan -12.0', 'spread_open': None, 'over_under': 52.5, 'over_under_open': None, 'home_moneyline': None, 'away_moneyline': None}]",12.0
401236222,2020,2,regular,2020-09-13T00:00:00.000Z,Texas,Big 12,59,UTEP,Conference USA,3,"[{'provider': 'Bovada', 'spread': -44.0, 'formatted_spread': 'Texas -44.0', 'spread_open': None, 'over_under': 56.0, 'over_under_open': None, 'home_moneyline': None, 'away_moneyline': None}]",-44.0
401236053,2020,2,regular,2020-09-12T16:00:00.000Z,Kansas State,Big 12,31,Arkansas State,Sun Belt,35,"[{'provider': 'Bovada', 'spread': -15.5, 'formatted_spread': 'Kansas State -15.5', 'spread_open': None, 'over_under': 56.0, 'over_under_open': None, 'home_moneyline': None, 'away_moneyline': None}]",-15.5
401249870,2020,12,regular,2020-11-19T00:00:00.000Z,Ball State,Mid-American,31,Northern Illinois,Mid-American,25,"[{'provider': 'Bovada', 'spread': -14.5, 'formatted_spread': 'Ball State -14.5', 'spread_open': None, 'over_under': 60.0, 'over_under_open': None, 'home_moneyline': None, 'away_moneyline': None}]",-14.5
401207113,2020,2,regular,2020-09-12T19:30:00.000Z,Texas State,Sun Belt,48,UT San Antonio,Conference USA,51,"[{'provider': 'Bovada', 'spread': -6.0, 'formatted_spread': 'Texas State -6.0', 'spread_open': None, 'over_under': 56.5, 'over_under_open': None, 'home_moneyline': None, 'away_moneyline': None}]",-6.0
401236951,2020,4,regular,2020-09-26T23:00:00.000Z,Missouri,SEC,19,Alabama,SEC,38,"[{'provider': 'Bovada', 'spread': 29.0, 'formatted_spread': 'Alabama -29.0', 'spread_open': None, 'over_under': 56.0, 'over_under_open': None, 'home_moneyline': None, 'away_moneyline': None}]",29.0
401249859,2020,10,regular,2020-11-05T00:00:00.000Z,Northern Illinois,Mid-American,30,Buffalo,Mid-American,49,"[{'provider': 'Bovada', 'spread': 11.0, 'formatted_spread': 'Buffalo -11.0', 'spread_open': None, 'over_under': 52.0, 'over_under_open': None, 'home_moneyline': None, 'away_moneyline': None}]",11.0
401247349,2020,16,regular,2020-12-19T17:00:00.000Z,Ohio State,Big Ten,22,Northwestern,Big Ten,10,"[{'provider': 'Bovada', 'spread': -21.0, 'formatted_spread': 'Ohio State -21.0', 'spread_open': None, 'over_under': 57.0, 'over_under_open': None, 'home_moneyline': None, 'away_moneyline': None}]",-21.0
401237150,2020,14,regular,2020-12-05T17:00:00.000Z,Auburn,SEC,20,Texas A&M,SEC,31,"[{'provider': 'Bovada', 'spread': 6.0, 'formatted_spread': 'Texas A&M -6.0', 'spread_open': None, 'over_under': 49.0, 'over_under_open': None, 'home_moneyline': None, 'away_moneyline': None}]",6.0
401212537,2020,7,regular,2020-10-17T19:30:00.000Z,Memphis,American Athletic,50,UCF,American Athletic,49,"[{'provider': 'Bovada', 'spread': 3.0, 'formatted_spread': 'UCF -3.0', 'spread_open': None, 'over_under': 77.0, 'over_under_open': None, 'home_moneyline': None, 'away_moneyline': None}]",3.0
401234593,2020,4,regular,2020-09-26T23:30:00.000Z,Miami,ACC,52,Florida State,ACC,10,"[{'provider': 'Bovada', 'spread': -12.5, 'formatted_spread': 'Miami -12.5', 'spread_open': None, 'over_under': 54.0, 'over_under_open': None, 'home_moneyline': None, 'away_moneyline': None}]",-12.5
401212536,2020,4,regular,2020-09-26T16:00:00.000Z,East Carolina,American Athletic,28,UCF,American Athletic,51,"[{'provider': 'Bovada', 'spread': 28.5, 'formatted_spread': 'UCF -28.5', 'spread_open': None, 'over_under': 77.5, 'over_under_open': None, 'home_moneyline': None, 'away_moneyline': None}]",28.5
401249017,2020,12,regular,2020-11-22T04:00:00.000Z,Hawai'i,Mountain West,32,Boise State,Mountain West,40,"[{'provider': 'Bovada', 'spread': 14.0, 'formatted_spread': 'Boise State -14.0', 'spread_open': None, 'over_under': 56.0, 'over_under_open': None, 'home_moneyline': None, 'away_moneyline': None}]",14.0
401236223,2020,4,regular,2020-09-27T02:15:00.000Z,BYU,FBS Independents,48,Troy,Sun Belt,7,"[{'provider': 'Bovada', 'spread': -14.5, 'formatted_spread': 'BYU -14.5', 'spread_open': None, 'over_under': 59.0, 'over_under_open': None, 'home_moneyline': None, 'away_moneyline': None}]",-14.5
401247320,2020,11,regular,2020-11-14T17:00:00.000Z,Nebraska,Big Ten,30,Penn State,Big Ten,23,"[{'provider': 'Bovada', 'spread': 3.0, 'formatted_spread': 'Penn State -3.0', 'spread_open': None, 'over_under': 57.5, 'over_under_open': None, 'home_moneyline': None, 'away_moneyline': None}]",3.0
