id,season,week,season_type,start_date,home_team,home_conference,home_score,away_team,away_conference,away_score,lines,bovada_spread
401287887,2021,1,regular,2021-09-04T20:30:00.000Z,Iowa State,Big 12,16,Northern Iowa,MVFC,10,"[{'provider': 'Bovada', 'spread': -29.0, 'formatted_spread': 'Iowa State -29.0', 'spread_open': -31.5, 'over_under': 50.0, 'over_under_open': 50.0, 'home_moneyline': None, 'away_moneyline': None}]",-29.0
401309842,2021,1,regular,2021-09-04T21:00:00.000Z,USC,Pac-12,30,San José State,Mountain West,7,"[{'provider': 'Bovada', 'spread': -14.0, 'formatted_spread': 'USC -14.0', 'spread_open': -16.5, 'over_under': 60.0, 'over_under_open': 59.5, 'home_moneyline': -700.0, 'away_moneyline': 450.0}]",-14.0
401287892,2021,1,regular,2021-09-04T20:30:00.000Z,Texas,Big 12,38,Louisiana,Sun Belt,18,"[{'provider': 'Bovada', 'spread': -8.5, 'formatted_spread': 'Texas -8.5', 'spread_open': -12.0, 'over_under': 58.0, 'over_under_open': 59.0, 'home_moneyline': -340.0, 'away_moneyline': 270.0}]",-8.5
401282174,2021,1,regular,2021-09-04T19:30:00.000Z,Navy,American Athletic,7,Marshall,Conference USA,49,"[{'provider': 'Bovada', 'spread': 3.0, 'formatted_spread': 'Marshall -3.0', 'spread_open': 2.5, 'over_under': 47.0, 'over_under_open': 45.5, 'home_moneyline': 120.0, 'away_moneyline': -140.0}]",3.0
401309913,2021,6,regular,2021-10-09T19:30:00.000Z,BYU,FBS Independents,17,Boise State,Mountain West,26,"[{'provider': 'Bovada', 'spread': -6.5, 'formatted_spread': 'BYU -6.5', 'spread_open': -3.5, 'over_under': 57.5, 'over_under_open': 56.0, 'home_moneyline': -235.0, 'away_moneyline': 195.0}]",-6.5
401309564,2021,6,regular,2021-10-09T16:00:00.000Z,Toledo,Mid-American,20,Northern Illinois,Mid-American,22,"[{'provider': 'Bovada', 'spread': -13.0, 'formatted_spread': 'Toledo -13.0', 'spread_open': -12.5, 'over_under': 51.0, 'over_under_open': 54.5, 'home_moneyline': -520.0, 'away_moneyline': 375.0}]",-13.0
401309566,2021,6,regular,2021-10-09T16:00:00.000Z,Bowling Green,Mid-American,20,Akron,Mid-American,35,"[{'provider': 'Bovada', 'spread': -14.0, 'formatted_spread': 'Bowling Green -14.0', 'spread_open': -13.0, 'over_under': 46.0, 'over_under_open': 45.0, 'home_moneyline': -565.0, 'away_moneyline': 400.0}]",-14.0
401309567,2021,6,regular,2021-10-09T19:30:00.000Z,Ohio,Mid-American,27,Central Michigan,Mid-American,30,"[{'provider': 'Bovada', 'spread': 5.0, 'formatted_spread': 'Central Michigan -5.0', 'spread_open': 5.0, 'over_under': 57.5, 'over_under_open': 55.0, 'home_moneyline': 175.0, 'away_moneyline': -210.0}]",5.0
401310715,2021,6,regular,2021-10-09T19:30:00.000Z,Colorado State,Mountain West,32,San José State,Mountain West,14,"[{'provider': 'Bovada', 'spread': -3.5, 'formatted_spread': 'Colorado State -3.5', 'spread_open': -1.0, 'over_under': 44.5, 'over_under_open': 45.5, 'home_moneyline': -165.0, 'away_moneyline': 140.0}]",-3.5
401309869,2021,6,regular,2021-10-09T20:00:00.000Z,Washington State,Pac-12,31,Oregon State,Pac-12,24,"[{'provider': 'Bovada', 'spread': 4.0, 'formatted_spread': 'Oregon State -4.0', 'spread_open': 3.0, 'over_under': 59.0, 'over_under_open': 59.0, 'home_moneyline': 155.0, 'away_moneyline': -180.0}]",4.0
401309565,2021,6,regular,2021-10-09T23:00:00.000Z,Kent State,Mid-American,48,Buffalo,Mid-American,38,"[{'provider': 'Bovada', 'spread': -7.0, 'formatted_spread': 'Kent State -7.0', 'spread_open': -5.5, 'over_under': 66.0, 'over_under_open': 61.0, 'home_moneyline': -230.0, 'away_moneyline': 190.0}]",-7.0
401309617,2021,6,regular,2021-10-09T23:00:00.000Z,Troy,Sun Belt,27,Georgia Southern,Sun Belt,24,"[{'provider': 'Bovada', 'spread': -5.5, 'formatted_spread': 'Troy -5.5', 'spread_open': -4.0, 'over_under': 51.0, 'over_under_open': 51.0, 'home_moneyline': -220.0, 'away_moneyline': 180.0}]",-5.5
401309619,2021,6,regular,2021-10-09T23:00:00.000Z,Texas State,Sun Belt,33,South Alabama,Sun Belt,31,"[{'provider': 'Bovada', 'spread': 4.0, 'formatted_spread': 'South Alabama -4.0', 'spread_open': 1.0, 'over_under': 52.0, 'over_under_open': 53.0, 'home_moneyline': 155.0, 'away_moneyline': -180.0}]",4.0
401310714,2021,6,regular,2021-10-09T23:00:00.000Z,Air Force,Mountain West,24,Wyoming,Mountain West,14,"[{'provider': 'Bovada', 'spread': -5.5, 'formatted_spread': 'Air Force -5.5', 'spread_open': -4.0, 'over_under': 46.0, 'over_under_open': 49.0, 'home_moneyline': -210.0, 'away_moneyline': 175.0}]",-5.5
401309618,2021,6,regular,2021-10-10T00:00:00.000Z,Louisiana Monroe,Sun Belt,21,Georgia State,Sun Belt,55,"[{'provider': 'Bovada', 'spread': 16.0, 'formatted_spread': 'Georgia State -16.0', 'spread_open': 14.5, 'over_under': 49.5, 'over_under_open': 53.0, 'home_moneyline': 500.0, 'away_moneyline': -750.0}]",16.0
401309870,2021,6,regular,2021-10-10T02:30:00.000Z,Arizona,Pac-12,16,UCLA,Pac-12,34,"[{'provider': 'Bovada', 'spread': 16.0, 'formatted_spread': 'UCLA -16.0', 'spread_open': 16.0, 'over_under': 60.5, 'over_under_open': 61.0, 'home_moneyline': 525.0, 'away_moneyline': -800.0}]",16.0
401310723,2021,7,regular,2021-10-16T02:30:00.000Z,San José State,Mountain West,13,San Diego State,Mountain West,19,"[{'provider': 'Bovada', 'spread': 10.0, 'formatted_spread': 'San Diego State -10.0', 'spread_open': 8.0, 'over_under': 41.0, 'over_under_open': 43.0, 'home_moneyline': 280.0, 'away_moneyline': -360.0}]",10.0
401309876,2021,7,regular,2021-10-17T02:00:00.000Z,Utah,Pac-12,35,Arizona State,Pac-12,21,"[{'provider': 'Bovada', 'spread': -1.5, 'formatted_spread': 'Utah -1.5', 'spread_open': 1.0, 'over_under': 51.0, 'over_under_open': 51.0, 'home_moneyline': -115.0, 'away_moneyline': -105.0}]",-1.5
401309571,2021,7,regular,2021-10-16T16:00:00.000Z,Buffalo,Mid-American,27,Ohio,Mid-American,26,"[{'provider': 'Bovada', 'spread': -7.5, 'formatted_spread': 'Buffalo -7.5', 'spread_open': -10.5, 'over_under': 54.5, 'over_under_open': 55.0, 'home_moneyline': -320.0, 'away_moneyline': 260.0}]",-7.5
401309569,2021,7,regular,2021-10-16T19:30:00.000Z,Central Michigan,Mid-American,26,Toledo,Mid-American,23,"[{'provider': 'Bovada', 'spread': 5.0, 'formatted_spread': 'Toledo -5.0', 'spread_open': 6.0, 'over_under': 53.0, 'over_under_open': 51.5, 'home_moneyline': 170.0, 'away_moneyline': -200.0}]",5.0
401309570,2021,7,regular,2021-10-16T19:30:00.000Z,Northern Illinois,Mid-American,34,Bowling Green,Mid-American,26,"[{'provider': 'Bovada', 'spread': -9.0, 'formatted_spread': 'Northern Illinois -9.0', 'spread_open': -9.5, 'over_under': 45.0, 'over_under_open': 49.0, 'home_moneyline': -350.0, 'away_moneyline': 275.0}]",-9.0
401309572,2021,7,regular,2021-10-16T19:30:00.000Z,Western Michigan,Mid-American,64,Kent State,Mid-American,31,"[{'provider': 'Bovada', 'spread': -6.5, 'formatted_spread': 'Western Michigan -6.5', 'spread_open': -7.0, 'over_under': 68.5, 'over_under_open': 63.0, 'home_moneyline': -260.0, 'away_moneyline': 215.0}]",-6.5
401309875,2021,7,regular,2021-10-16T19:30:00.000Z,Colorado,Pac-12,34,Arizona,Pac-12,0,"[{'provider': 'Bovada', 'spread': -6.0, 'formatted_spread': 'Colorado -6.0', 'spread_open': -6.0, 'over_under': 46.5, 'over_under_open': 43.5, 'home_moneyline': -235.0, 'away_moneyline': 195.0}]",-6.0
401310721,2021,7,regular,2021-10-16T19:30:00.000Z,Wyoming,Mountain West,0,Fresno State,Mountain West,17,"[{'provider': 'Bovada', 'spread': 3.0, 'formatted_spread': 'Fresno State -3.0', 'spread_open': 3.5, 'over_under': 53.5, 'over_under_open': 56.0, 'home_moneyline': 140.0, 'away_moneyline': -165.0}]",3.0
401310719,2021,7,regular,2021-10-16T23:00:00.000Z,New Mexico,Mountain West,7,Colorado State,Mountain West,36,"[{'provider': 'Bovada', 'spread': 11.5, 'formatted_spread': 'Colorado State -11.5', 'spread_open': 9.5, 'over_under': 45.5, 'over_under_open': 44.0, 'home_moneyline': 340.0, 'away_moneyline': -460.0}]",11.5
401310720,2021,7,regular,2021-10-16T23:00:00.000Z,UNLV,Mountain West,24,Utah State,Mountain West,28,"[{'provider': 'Bovada', 'spread': 7.0, 'formatted_spread': 'Utah State -7.0', 'spread_open': 7.5, 'over_under': 64.0, 'over_under_open': 57.5, 'home_moneyline': 230.0, 'away_moneyline': -280.0}]",7.0
401309873,2021,7,regular,2021-10-16T23:30:00.000Z,Washington State,Pac-12,34,Stanford,Pac-12,31,"[{'provider': 'Bovada', 'spread': -1.0, 'formatted_spread': 'Washington State -1.0', 'spread_open': 2.5, 'over_under': 53.0, 'over_under_open': 50.5, 'home_moneyline': -115.0, 'away_moneyline': -105.0}]",-1.0
401309874,2021,7,regular,2021-10-17T00:30:00.000Z,Washington,Pac-12,17,UCLA,Pac-12,24,"[{'provider': 'Bovada', 'spread': -1.5, 'formatted_spread': 'Washington -1.5', 'spread_open': -1.0, 'over_under': 55.0, 'over_under_open': 55.0, 'home_moneyline': -120.0, 'away_moneyline': 105.0}]",-1.5
401310718,2021,7,regular,2021-10-17T01:00:00.000Z,Boise State,Mountain West,17,Air Force,Mountain West,24,"[{'provider': 'Bovada', 'spread': -3.5, 'formatted_spread': 'Boise State -3.5', 'spread_open': -6.0, 'over_under': 52.0, 'over_under_open': 50.5, 'home_moneyline': -170.0, 'away_moneyline': 145.0}]",-3.5
401310722,2021,7,regular,2021-10-17T02:30:00.000Z,Nevada,Mountain West,34,Hawai'i,Mountain West,17,"[{'provider': 'Bovada', 'spread': -14.5, 'formatted_spread': 'Nevada -14.5', 'spread_open': -16.0, 'over_under': 61.5, 'over_under_open': 59.5, 'home_moneyline': -645.0, 'away_moneyline': 440.0}]",-14.5
401309623,2021,8,regular,2021-10-20T23:30:00.000Z,Appalachian State,Sun Belt,30,Coastal Carolina,Sun Belt,27,"[{'provider': 'Bovada', 'spread': 5.0, 'formatted_spread': 'Coastal Carolina -5.0', 'spread_open': 3.5, 'over_under': 61.0, 'over_under_open': 59.5, 'home_moneyline': 145.0, 'away_moneyline': -170.0}]",5.0
401301025,2021,8,regular,2021-10-21T23:30:00.000Z,SMU,American Athletic,55,Tulane,American Athletic,26,"[{'provider': 'Bovada', 'spread': -14.0, 'formatted_spread': 'SMU -14.0', 'spread_open': -14.0, 'over_under': 70.0, 'over_under_open': 70.0, 'home_moneyline': -605.0, 'away_moneyline': 420.0}]",-14.0
401309624,2021,8,regular,2021-10-21T23:30:00.000Z,Arkansas State,Sun Belt,27,Louisiana,Sun Belt,28,"[{'provider': 'Bovada', 'spread': 18.0, 'formatted_spread': 'Louisiana -18.0', 'spread_open': 17.0, 'over_under': 70.0, 'over_under_open': 67.0, 'home_moneyline': 625.0, 'away_moneyline': -1000.0}]",18.0
401309614,2021,5,regular,2021-10-02T18:30:00.000Z,Coastal Carolina,Sun Belt,59,Louisiana Monroe,Sun Belt,6,"[{'provider': 'Bovada', 'spread': -34.0, 'formatted_spread': 'Coastal Carolina -34.0', 'spread_open': -33.5, 'over_under': 57.5, 'over_under_open': 58.5, 'home_moneyline': None, 'away_moneyline': None}]",-34.0
401309612,2021,5,regular,2021-10-02T18:00:00.000Z,Georgia State,Sun Belt,16,Appalachian State,Sun Belt,45,"[{'provider': 'Bovada', 'spread': 10.0, 'formatted_spread': 'Appalachian State -10.0', 'spread_open': 9.5, 'over_under': 54.0, 'over_under_open': 56.0, 'home_moneyline': 300.0, 'away_moneyline': -395.0}]",10.0
401309613,2021,5,regular,2021-10-02T20:00:00.000Z,Georgia Southern,Sun Belt,59,Arkansas State,Sun Belt,33,"[{'provider': 'Bovada', 'spread': -2.0, 'formatted_spread': 'Georgia Southern -2.0', 'spread_open': -3.0, 'over_under': 66.0, 'over_under_open': 45.5, 'home_moneyline': -125.0, 'away_moneyline': 105.0}]",-2.0
401309871,2021,6,regular,2021-10-10T00:00:00.000Z,USC,Pac-12,26,Utah,Pac-12,42,"[{'provider': 'Bovada', 'spread': -3.0, 'formatted_spread': 'USC -3.0', 'spread_open': -3.5, 'over_under': 53.0, 'over_under_open': 51.5, 'home_moneyline': -150.0, 'away_moneyline': 130.0}]",-3.0
401282770,2021,12,regular,2021-11-20T20:30:00.000Z,Maryland,Big Ten,18,Michigan,Big Ten,59,"[{'provider': 'Bovada', 'spread': 16.0, 'formatted_spread': 'Michigan -16.0', 'spread_open': 15.0, 'over_under': 57.5, 'over_under_open': 55.0, 'home_moneyline': 475.0, 'away_moneyline': -700.0}]",16.0
401282262,2021,12,regular,2021-11-21T00:00:00.000Z,Florida International,Conference USA,7,North Texas,Conference USA,49,"[{'provider': 'Bovada', 'spread': 10.5, 'formatted_spread': 'North Texas -10.5', 'spread_open': 9.5, 'over_under': 57.5, 'over_under_open': 59.0, 'home_moneyline': 290.0, 'away_moneyline': -380.0}]",10.5
401282721,2021,12,regular,2021-11-20T19:00:00.000Z,Iowa,Big Ten,33,Illinois,Big Ten,23,"[{'provider': 'Bovada', 'spread': -11.5, 'formatted_spread': 'Iowa -11.5', 'spread_open': -12.0, 'over_under': 38.0, 'over_under_open': 37.5, 'home_moneyline': -500.0, 'away_moneyline': 360.0}]",-11.5
401282698,2021,12,regular,2021-11-20T20:30:00.000Z,Pittsburgh,ACC,48,Virginia,ACC,38,"[{'provider': 'Bovada', 'spread': -15.5, 'formatted_spread': 'Pittsburgh -15.5', 'spread_open': -13.5, 'over_under': 66.0, 'over_under_open': 66.5, 'home_moneyline': -625.0, 'away_moneyline': 430.0}]",-15.5
401282695,2021,12,regular,2021-11-20T21:00:00.000Z,NC State,ACC,41,Syracuse,ACC,17,"[{'provider': 'Bovada', 'spread': -11.5, 'formatted_spread': 'NC State -11.5', 'spread_open': -11.5, 'over_under': 49.5, 'over_under_open': 50.5, 'home_moneyline': -455.0, 'away_moneyline': 335.0}]",-11.5
401282267,2021,12,regular,2021-11-20T20:30:00.000Z,UT San Antonio,Conference USA,34,UAB,Conference USA,31,"[{'provider': 'Bovada', 'spread': -4.0, 'formatted_spread': 'UT San Antonio -4.0', 'spread_open': -5.5, 'over_under': 53.5, 'over_under_open': 53.0, 'home_moneyline': -200.0, 'away_moneyline': 170.0}]",-4.0
401282264,2021,12,regular,2021-11-20T01:00:00.000Z,Louisiana Tech,Conference USA,19,Southern Mississippi,Conference USA,35,"[{'provider': 'Bovada', 'spread': -15.0, 'formatted_spread': 'Louisiana Tech -15.0', 'spread_open': -17.0, 'over_under': 47.5, 'over_under_open': 51.0, 'home_moneyline': -800.0, 'away_moneyline': 525.0}]",-15.0
401282786,2021,12,regular,2021-11-20T17:00:00.000Z,Ohio State,Big Ten,56,Michigan State,Big Ten,7,"[{'provider': 'Bovada', 'spread': -19.0, 'formatted_spread': 'Ohio State -19.0', 'spread_open': -20.0, 'over_under': 70.5, 'over_under_open': 67.5, 'home_moneyline': -1000.0, 'away_moneyline': 625.0}]",-19.0
401282697,2021,12,regular,2021-11-20T19:30:00.000Z,Notre Dame,FBS Independents,55,Georgia Tech,ACC,0,"[{'provider': 'Bovada', 'spread': -18.0, 'formatted_spread': 'Notre Dame -18.0', 'spread_open': -15.5, 'over_under': 57.5, 'over_under_open': 60.0, 'home_moneyline': -900.0, 'away_moneyline': 575.0}]",-18.0
401282693,2021,12,regular,2021-11-20T17:00:00.000Z,Clemson,ACC,48,Wake Forest,ACC,27,"[{'provider': 'Bovada', 'spread': -3.5, 'formatted_spread': 'Clemson -3.5', 'spread_open': -4.0, 'over_under': 57.0, 'over_under_open': 55.0, 'home_moneyline': -180.0, 'away_moneyline': 155.0}]",-3.5
401282803,2021,12,regular,2021-11-20T20:30:00.000Z,Wisconsin,Big Ten,35,Nebraska,Big Ten,28,"[{'provider': 'Bovada', 'spread': -9.5, 'formatted_spread': 'Wisconsin -9.5', 'spread_open': -10.0, 'over_under': 43.5, 'over_under_open': 42.0, 'home_moneyline': -395.0, 'away_moneyline': 300.0}]",-9.5
401282144,2021,12,regular,2021-11-20T17:00:00.000Z,Texas A&M,SEC,52,Prairie View,SWAC,3,"[{'provider': 'Bovada', 'spread': -41.5, 'formatted_spread': 'Texas A&M -41.5', 'spread_open': -41.5, 'over_under': 50.5, 'over_under_open': 50.5, 'home_moneyline': None, 'away_moneyline': None}]",-41.5
401282263,2021,12,regular,2021-11-20T17:00:00.000Z,Western Kentucky,Conference USA,52,Florida Atlantic,Conference USA,17,"[{'provider': 'Bovada', 'spread': -11.0, 'formatted_spread': 'Western Kentucky -11.0', 'spread_open': -10.5, 'over_under': 64.0, 'over_under_open': 64.5, 'home_moneyline': -415.0, 'away_moneyline': 310.0}]",-11.0
401282692,2021,12,regular,2021-11-20T17:00:00.000Z,Boston College,ACC,23,Florida State,ACC,26,"[{'provider': 'Bovada', 'spread': -3.0, 'formatted_spread': 'Boston College -3.0', 'spread_open': -2.5, 'over_under': 55.5, 'over_under_open': 54.0, 'home_moneyline': -130.0, 'away_moneyline': 110.0}]",-3.0
401281946,2021,1,regular,2021-09-04T23:30:00.000Z,Clemson,ACC,3,Georgia,SEC,10,"[{'provider': 'Bovada', 'spread': -2.5, 'formatted_spread': 'Clemson -2.5', 'spread_open': -4.5, 'over_under': 51.5, 'over_under_open': 52.0, 'home_moneyline': -145.0, 'away_moneyline': 125.0}]",-2.5
401300998,2021,1,regular,2021-09-04T23:00:00.000Z,SMU,American Athletic,56,Abilene Christian,AWC,9,"[{'provider': 'Bovada', 'spread': -32.0, 'formatted_spread': 'SMU -32.0', 'spread_open': -32.0, 'over_under': 66.0, 'over_under_open': 66.0, 'home_moneyline': None, 'away_moneyline': None}]",-32.0
401309543,2021,1,regular,2021-09-04T23:00:00.000Z,Toledo,Mid-American,49,Norfolk State,MEAC,10,"[{'provider': 'Bovada', 'spread': -39.5, 'formatted_spread': 'Toledo -39.5', 'spread_open': -40.0, 'over_under': 56.0, 'over_under_open': 56.0, 'home_moneyline': None, 'away_moneyline': None}]",-39.5
401281945,2021,1,regular,2021-09-04T23:30:00.000Z,Florida,SEC,35,Florida Atlantic,Conference USA,14,"[{'provider': 'Bovada', 'spread': -23.5, 'formatted_spread': 'Florida -23.5', 'spread_open': -25.5, 'over_under': 52.0, 'over_under_open': 53.0, 'home_moneyline': -2300.0, 'away_moneyline': 1025.0}]",-23.5
401281947,2021,1,regular,2021-09-04T16:00:00.000Z,Kentucky,SEC,45,Louisiana Monroe,Sun Belt,10,"[{'provider': 'Bovada', 'spread': -31.0, 'formatted_spread': 'Kentucky -31.0', 'spread_open': -28.5, 'over_under': 54.0, 'over_under_open': 54.0, 'home_moneyline': None, 'away_moneyline': None}]",-31.0
401282609,2021,1,regular,2021-09-04T16:00:00.000Z,Boston College,ACC,51,Colgate,Patriot,0,"[{'provider': 'Bovada', 'spread': -42.5, 'formatted_spread': 'Boston College -42.5', 'spread_open': -45.0, 'over_under': 56.0, 'over_under_open': 56.5, 'home_moneyline': None, 'away_moneyline': None}]",-42.5
401282772,2021,1,regular,2021-09-04T16:00:00.000Z,Michigan,Big Ten,47,Western Michigan,Mid-American,14,"[{'provider': 'Bovada', 'spread': -16.5, 'formatted_spread': 'Michigan -16.5', 'spread_open': -16.5, 'over_under': 65.5, 'over_under_open': 67.0, 'home_moneyline': -1000.0, 'away_moneyline': 600.0}]",-16.5
401310861,2021,1,regular,2021-09-04T18:00:00.000Z,Air Force,Mountain West,35,Lafayette,Patriot,14,"[{'provider': 'Bovada', 'spread': -41.0, 'formatted_spread': 'Air Force -41.0', 'spread_open': -41.0, 'over_under': 49.5, 'over_under_open': 50.0, 'home_moneyline': None, 'away_moneyline': None}]",-41.0
401310697,2021,1,regular,2021-09-04T20:00:00.000Z,Wyoming,Mountain West,19,Montana State,Big Sky,16,"[{'provider': 'Bovada', 'spread': -19.0, 'formatted_spread': 'Wyoming -19.0', 'spread_open': -19.0, 'over_under': 45.0, 'over_under_open': 45.0, 'home_moneyline': None, 'away_moneyline': None}]",-19.0
401282611,2021,1,regular,2021-09-04T23:00:00.000Z,Ohio,Mid-American,9,Syracuse,ACC,29,"[{'provider': 'Bovada', 'spread': -2.0, 'formatted_spread': 'Ohio -2.0', 'spread_open': 0.0, 'over_under': 55.5, 'over_under_open': 56.0, 'home_moneyline': -130.0, 'away_moneyline': 110.0}]",-2.0
401282819,2021,1,regular,2021-09-04T23:00:00.000Z,Purdue,Big Ten,30,Oregon State,Pac-12,21,"[{'provider': 'Bovada', 'spread': -7.0, 'formatted_spread': 'Purdue -7.0', 'spread_open': -7.0, 'over_under': 68.5, 'over_under_open': 65.0, 'home_moneyline': -280.0, 'away_moneyline': 230.0}]",-7.0
401287886,2021,1,regular,2021-09-04T23:00:00.000Z,Houston,American Athletic,21,Texas Tech,Big 12,38,"[{'provider': 'Bovada', 'spread': -2.5, 'formatted_spread': 'Houston -2.5', 'spread_open': 4.0, 'over_under': 64.0, 'over_under_open': 65.0, 'home_moneyline': -120.0, 'away_moneyline': -105.0}]",-2.5
401287890,2021,1,regular,2021-09-04T23:00:00.000Z,Oklahoma State,Big 12,23,Missouri State,MVFC,16,"[{'provider': 'Bovada', 'spread': -38.0, 'formatted_spread': 'Oklahoma State -38.0', 'spread_open': -38.0, 'over_under': 55.0, 'over_under_open': 55.0, 'home_moneyline': None, 'away_moneyline': None}]",-38.0
401287893,2021,1,regular,2021-09-04T23:00:00.000Z,Texas State,Sun Belt,20,Baylor,Big 12,29,"[{'provider': 'Bovada', 'spread': 14.0, 'formatted_spread': 'Baylor -14.0', 'spread_open': 12.0, 'over_under': 53.0, 'over_under_open': 55.5, 'home_moneyline': 400.0, 'away_moneyline': -600.0}]",14.0
401300997,2021,1,regular,2021-09-04T23:00:00.000Z,Memphis,American Athletic,42,Nicholls,Southland,17,"[{'provider': 'Bovada', 'spread': -23.5, 'formatted_spread': 'Memphis -23.5', 'spread_open': -23.5, 'over_under': 69.5, 'over_under_open': 69.0, 'home_moneyline': None, 'away_moneyline': None}]",-23.5
401309598,2021,1,regular,2021-09-04T23:00:00.000Z,Arkansas State,Sun Belt,40,Central Arkansas,AWC,21,"[{'provider': 'Bovada', 'spread': -14.0, 'formatted_spread': 'Arkansas State -14.0', 'spread_open': -13.0, 'over_under': 64.5, 'over_under_open': 64.0, 'home_moneyline': None, 'away_moneyline': None}]",-14.0
401309602,2021,1,regular,2021-09-04T23:00:00.000Z,Troy,Sun Belt,55,Southern,SWAC,3,"[{'provider': 'Bovada', 'spread': -25.0, 'formatted_spread': 'Troy -25.0', 'spread_open': -25.0, 'over_under': 54.0, 'over_under_open': 54.0, 'home_moneyline': None, 'away_moneyline': None}]",-25.0
401282175,2021,1,regular,2021-09-04T23:30:00.000Z,North Texas,Conference USA,44,Northwestern State,Southland,14,"[{'provider': 'Bovada', 'spread': -20.5, 'formatted_spread': 'North Texas -20.5', 'spread_open': -20.0, 'over_under': 66.0, 'over_under_open': 65.0, 'home_moneyline': None, 'away_moneyline': None}]",-20.5
401282179,2021,1,regular,2021-09-04T23:30:00.000Z,Illinois,Big Ten,30,UT San Antonio,Conference USA,37,"[{'provider': 'Bovada', 'spread': -4.5, 'formatted_spread': 'Illinois -4.5', 'spread_open': -6.0, 'over_under': 51.5, 'over_under_open': 53.0, 'home_moneyline': -200.0, 'away_moneyline': 170.0}]",-4.5
401309837,2021,1,regular,2021-09-05T02:30:00.000Z,California,Pac-12,17,Nevada,Mountain West,22,"[{'provider': 'Bovada', 'spread': -3.0, 'formatted_spread': 'California -3.0', 'spread_open': -3.5, 'over_under': 52.5, 'over_under_open': 52.5, 'home_moneyline': -170.0, 'away_moneyline': 150.0}]",-3.0
401282614,2021,1,regular,2021-09-05T23:30:00.000Z,Florida State,ACC,38,Notre Dame,FBS Independents,41,"[{'provider': 'Bovada', 'spread': 7.5, 'formatted_spread': 'Notre Dame -7.5', 'spread_open': 10.5, 'over_under': 53.5, 'over_under_open': 55.5, 'home_moneyline': 240.0, 'away_moneyline': -290.0}]",7.5
401282055,2021,1,regular,2021-09-07T00:00:00.000Z,Ole Miss,SEC,43,Louisville,ACC,24,"[{'provider': 'Bovada', 'spread': -9.0, 'formatted_spread': 'Ole Miss -9', 'spread_open': -7.5, 'over_under': 74.0, 'over_under_open': 75.0, 'home_moneyline': -400.0, 'away_moneyline': 300.0}]",-9.0
401310698,2021,1,regular,2021-09-05T03:59:00.000Z,Hawai'i,Mountain West,49,Portland State,Big Sky,35,"[{'provider': 'Bovada', 'spread': -26.0, 'formatted_spread': ""Hawai'i -26.0"", 'spread_open': -24.5, 'over_under': 57.5, 'over_under_open': 57.5, 'home_moneyline': None, 'away_moneyline': None}]",-26.0
401301022,2021,7,regular,2021-10-14T23:30:00.000Z,Memphis,American Athletic,35,Navy,American Athletic,17,"[{'provider': 'Bovada', 'spread': -10.5, 'formatted_spread': 'Memphis -10.5', 'spread_open': -8.5, 'over_under': 55.5, 'over_under_open': 52.5, 'home_moneyline': -395.0, 'away_moneyline': 300.0}]",-10.5
401309621,2021,7,regular,2021-10-14T23:30:00.000Z,South Alabama,Sun Belt,41,Georgia Southern,Sun Belt,14,"[{'provider': 'Bovada', 'spread': -2.5, 'formatted_spread': 'South Alabama -2.5', 'spread_open': -3.5, 'over_under': 49.5, 'over_under_open': 50.0, 'home_moneyline': -160.0, 'away_moneyline': 135.0}]",-2.5
401282657,2021,7,regular,2021-10-15T23:00:00.000Z,Syracuse,ACC,14,Clemson,ACC,17,"[{'provider': 'Bovada', 'spread': 13.5, 'formatted_spread': 'Clemson -13.5', 'spread_open': 14.0, 'over_under': 43.5, 'over_under_open': 45.5, 'home_moneyline': 400.0, 'away_moneyline': -565.0}]",13.5
401301023,2021,7,regular,2021-10-16T16:00:00.000Z,Cincinnati,American Athletic,56,UCF,American Athletic,21,"[{'provider': 'Bovada', 'spread': -22.5, 'formatted_spread': 'Cincinnati -22.5', 'spread_open': -20.0, 'over_under': 56.0, 'over_under_open': 56.0, 'home_moneyline': -1600.0, 'away_moneyline': 800.0}]",-22.5
401287923,2021,7,regular,2021-10-16T23:30:00.000Z,Oklahoma,Big 12,52,TCU,Big 12,31,"[{'provider': 'Bovada', 'spread': -13.5, 'formatted_spread': 'Oklahoma -13.5', 'spread_open': -12.0, 'over_under': 64.0, 'over_under_open': 65.5, 'home_moneyline': -565.0, 'away_moneyline': 400.0}]",-13.5
401287924,2021,7,regular,2021-10-16T16:00:00.000Z,Texas,Big 12,24,Oklahoma State,Big 12,32,"[{'provider': 'Bovada', 'spread': -3.0, 'formatted_spread': 'Texas -3.0', 'spread_open': -5.0, 'over_under': 61.5, 'over_under_open': 60.5, 'home_moneyline': -165.0, 'away_moneyline': 140.0}]",-3.0
401287920,2021,7,regular,2021-10-16T19:30:00.000Z,Baylor,Big 12,38,BYU,FBS Independents,24,"[{'provider': 'Bovada', 'spread': -5.0, 'formatted_spread': 'Baylor -5.0', 'spread_open': -5.0, 'over_under': 52.0, 'over_under_open': 48.0, 'home_moneyline': -210.0, 'away_moneyline': 175.0}]",-5.0
401286192,2021,7,regular,2021-10-16T16:00:00.000Z,Connecticut,FBS Independents,21,Yale,Ivy,15,"[{'provider': 'Bovada', 'spread': 3.5, 'formatted_spread': 'Yale -3.5', 'spread_open': 3.0, 'over_under': 46.5, 'over_under_open': 46.5, 'home_moneyline': 140.0, 'away_moneyline': -165.0}]",3.5
401301024,2021,7,regular,2021-10-16T16:00:00.000Z,South Florida,American Athletic,31,Tulsa,American Athletic,32,"[{'provider': 'Bovada', 'spread': 7.0, 'formatted_spread': 'Tulsa -7.0', 'spread_open': 8.5, 'over_under': 56.0, 'over_under_open': 57.0, 'home_moneyline': 255.0, 'away_moneyline': -310.0}]",7.0
401309568,2021,7,regular,2021-10-16T18:00:00.000Z,Eastern Michigan,Mid-American,31,Ball State,Mid-American,38,"[{'provider': 'Bovada', 'spread': 1.0, 'formatted_spread': 'Ball State -1.0', 'spread_open': 2.5, 'over_under': 55.0, 'over_under_open': 54.5, 'home_moneyline': 105.0, 'away_moneyline': -120.0}]",1.0
401308837,2021,7,regular,2021-10-16T18:30:00.000Z,Miami (OH),Mid-American,34,Akron,Mid-American,21,"[{'provider': 'Bovada', 'spread': -20.0, 'formatted_spread': 'Miami (OH) -20.0', 'spread_open': -20.0, 'over_under': 51.0, 'over_under_open': 52.5, 'home_moneyline': -1200.0, 'away_moneyline': 700.0}]",-20.0
401287921,2021,7,regular,2021-10-16T20:00:00.000Z,Kansas,Big 12,14,Texas Tech,Big 12,41,"[{'provider': 'Bovada', 'spread': 18.5, 'formatted_spread': 'Texas Tech -18.5', 'spread_open': 15.5, 'over_under': 68.5, 'over_under_open': 67.0, 'home_moneyline': 600.0, 'away_moneyline': -950.0}]",18.5
401286296,2021,7,regular,2021-10-16T23:00:00.000Z,Louisiana Monroe,Sun Belt,31,Liberty,FBS Independents,28,"[{'provider': 'Bovada', 'spread': 33.0, 'formatted_spread': 'Liberty -33.0', 'spread_open': 32.0, 'over_under': 57.5, 'over_under_open': 54.5, 'home_moneyline': None, 'away_moneyline': None}]",33.0
401282113,2021,8,regular,2021-10-23T19:30:00.000Z,Ole Miss,SEC,31,LSU,SEC,17,"[{'provider': 'Bovada', 'spread': -9.0, 'formatted_spread': 'Ole Miss -9.0', 'spread_open': -10.5, 'over_under': 76.5, 'over_under_open': 76.0, 'home_moneyline': -330.0, 'away_moneyline': 265.0}]",-9.0
401282236,2021,8,regular,2021-10-23T23:00:00.000Z,Florida International,Conference USA,19,Western Kentucky,Conference USA,34,"[{'provider': 'Bovada', 'spread': 16.0, 'formatted_spread': 'Western Kentucky -16.0', 'spread_open': 17.0, 'over_under': 77.0, 'over_under_open': 75.5, 'home_moneyline': 525.0, 'away_moneyline': -800.0}]",16.0
401282709,2021,8,regular,2021-10-23T23:30:00.000Z,Notre Dame,FBS Independents,31,USC,Pac-12,16,"[{'provider': 'Bovada', 'spread': -7.5, 'formatted_spread': 'Notre Dame -7.5', 'spread_open': -6.5, 'over_under': 59.0, 'over_under_open': 57.5, 'home_moneyline': -270.0, 'away_moneyline': 220.0}]",-7.5
401282662,2021,8,regular,2021-10-23T16:00:00.000Z,Army,FBS Independents,56,Wake Forest,ACC,70,"[{'provider': 'Bovada', 'spread': 3.0, 'formatted_spread': 'Wake Forest -3.0', 'spread_open': 3.5, 'over_under': 54.0, 'over_under_open': 52.0, 'home_moneyline': 135.0, 'away_moneyline': -160.0}]",3.0
401282114,2021,8,regular,2021-10-23T23:30:00.000Z,Texas A&M,SEC,44,South Carolina,SEC,14,"[{'provider': 'Bovada', 'spread': -19.5, 'formatted_spread': 'Texas A&M -19.5', 'spread_open': -19.5, 'over_under': 45.5, 'over_under_open': 44.5, 'home_moneyline': -1400.0, 'away_moneyline': 750.0}]",-19.5
401282665,2021,8,regular,2021-10-23T23:30:00.000Z,Miami,ACC,31,NC State,ACC,30,"[{'provider': 'Bovada', 'spread': 3.5, 'formatted_spread': 'NC State -3.5', 'spread_open': 3.5, 'over_under': 53.5, 'over_under_open': 53.0, 'home_moneyline': 140.0, 'away_moneyline': -165.0}]",3.5
401282666,2021,8,regular,2021-10-23T19:30:00.000Z,Pittsburgh,ACC,27,Clemson,ACC,17,"[{'provider': 'Bovada', 'spread': -3.5, 'formatted_spread': 'Pittsburgh -3.5', 'spread_open': -3.0, 'over_under': 47.0, 'over_under_open': 47.0, 'home_moneyline': -160.0, 'away_moneyline': 135.0}]",-3.5
401282237,2021,8,regular,2021-10-23T23:00:00.000Z,Louisiana Tech,Conference USA,16,UT San Antonio,Conference USA,45,"[{'provider': 'Bovada', 'spread': 6.0, 'formatted_spread': 'UT San Antonio -6.0', 'spread_open': 6.0, 'over_under': 60.0, 'over_under_open': 58.5, 'home_moneyline': 180.0, 'away_moneyline': -220.0}]",6.0
401282821,2021,8,regular,2021-10-23T19:00:00.000Z,Purdue,Big Ten,13,Wisconsin,Big Ten,30,"[{'provider': 'Bovada', 'spread': 3.5, 'formatted_spread': 'Wisconsin -3.5', 'spread_open': 3.0, 'over_under': 41.0, 'over_under_open': 39.0, 'home_moneyline': 135.0, 'away_moneyline': -160.0}]",3.5
401282663,2021,8,regular,2021-10-23T16:00:00.000Z,Florida State,ACC,59,UMass,FBS Independents,3,"[{'provider': 'Bovada', 'spread': -35.5, 'formatted_spread': 'Florida State -35.5', 'spread_open': -35.5, 'over_under': 59.0, 'over_under_open': 61.0, 'home_moneyline': None, 'away_moneyline': None}]",-35.5
401282668,2021,8,regular,2021-10-23T16:30:00.000Z,Virginia Tech,ACC,36,Syracuse,ACC,41,"[{'provider': 'Bovada', 'spread': -3.5, 'formatted_spread': 'Virginia Tech -3.5', 'spread_open': -4.0, 'over_under': 45.5, 'over_under_open': 46.0, 'home_moneyline': -165.0, 'away_moneyline': 140.0}]",-3.5
401282238,2021,8,regular,2021-10-23T19:30:00.000Z,UAB,Conference USA,24,Rice,Conference USA,30,"[{'provider': 'Bovada', 'spread': -24.0, 'formatted_spread': 'UAB -24.0', 'spread_open': -23.0, 'over_under': 44.5, 'over_under_open': 45.0, 'home_moneyline': -2200.0, 'away_moneyline': 1000.0}]",-24.0
401282767,2021,8,regular,2021-10-23T19:30:00.000Z,Minnesota,Big Ten,34,Maryland,Big Ten,16,"[{'provider': 'Bovada', 'spread': -4.0, 'formatted_spread': 'Minnesota -4.0', 'spread_open': -5.0, 'over_under': 52.5, 'over_under_open': 54.0, 'home_moneyline': -185.0, 'away_moneyline': 160.0}]",-4.0
401310699,2021,1,regular,2021-09-05T02:30:00.000Z,San Diego State,Mountain West,28,New Mexico State,FBS Independents,10,"[{'provider': 'Bovada', 'spread': -31.0, 'formatted_spread': 'San Diego State -31.0', 'spread_open': -28.5, 'over_under': 50.5, 'over_under_open': 50.0, 'home_moneyline': None, 'away_moneyline': None}]",-31.0
401309840,2021,1,regular,2021-09-05T03:00:00.000Z,Washington State,Pac-12,23,Utah State,Mountain West,26,"[{'provider': 'Bovada', 'spread': -17.5, 'formatted_spread': 'Washington State -17.5', 'spread_open': -15.5, 'over_under': 66.5, 'over_under_open': 64.5, 'home_moneyline': -1000.0, 'away_moneyline': 600.0}]",-17.5
401282235,2021,8,regular,2021-10-21T23:30:00.000Z,Charlotte,Conference USA,9,Florida Atlantic,Conference USA,38,"[{'provider': 'Bovada', 'spread': 6.5, 'formatted_spread': 'Florida Atlantic -6.5', 'spread_open': 5.0, 'over_under': 58.0, 'over_under_open': 55.0, 'home_moneyline': 230.0, 'away_moneyline': -280.0}]",6.5
401282239,2021,8,regular,2021-10-22T22:00:00.000Z,Connecticut,FBS Independents,13,Middle Tennessee,Conference USA,44,"[{'provider': 'Bovada', 'spread': 14.0, 'formatted_spread': 'Middle Tennessee -14.0', 'spread_open': 15.0, 'over_under': 54.0, 'over_under_open': 54.0, 'home_moneyline': 475.0, 'away_moneyline': -700.0}]",14.0
401301026,2021,8,regular,2021-10-22T23:00:00.000Z,UCF,American Athletic,24,Memphis,American Athletic,7,"[{'provider': 'Bovada', 'spread': 1.5, 'formatted_spread': 'Memphis -1.5', 'spread_open': -3.0, 'over_under': 66.0, 'over_under_open': 64.0, 'home_moneyline': 110.0, 'away_moneyline': -130.0}]",1.5
401282186,2021,2,regular,2021-09-11T18:00:00.000Z,Virginia Tech,ACC,35,Middle Tennessee,Conference USA,14,"[{'provider': 'Bovada', 'spread': -20.0, 'formatted_spread': 'Virginia Tech -20.0', 'spread_open': -20.0, 'over_under': 54.5, 'over_under_open': 54.5, 'home_moneyline': -1300.0, 'away_moneyline': 725.0}]",-20.0
401282193,2021,2,regular,2021-09-11T15:30:00.000Z,Army,FBS Independents,38,Western Kentucky,Conference USA,35,"[{'provider': 'Bovada', 'spread': -6.0, 'formatted_spread': 'Army -6.0', 'spread_open': -5.0, 'over_under': 52.0, 'over_under_open': 54.5, 'home_moneyline': -230.0, 'away_moneyline': 190.0}]",-6.0
401282183,2021,2,regular,2021-09-11T19:30:00.000Z,Florida Atlantic,Conference USA,38,Georgia Southern,Sun Belt,6,"[{'provider': 'Bovada', 'spread': -7.0, 'formatted_spread': 'Florida Atlantic -7.0', 'spread_open': -7.0, 'over_under': 48.0, 'over_under_open': 48.0, 'home_moneyline': -275.0, 'away_moneyline': 225.0}]",-7.0
401282192,2021,2,regular,2021-09-11T22:00:00.000Z,UT San Antonio,Conference USA,54,Lamar,AWC,0,"[{'provider': 'Bovada', 'spread': -38.0, 'formatted_spread': 'UT San Antonio -38.0', 'spread_open': -37.5, 'over_under': 65.0, 'over_under_open': 65.0, 'home_moneyline': None, 'away_moneyline': None}]",-38.0
401282185,2021,2,regular,2021-09-11T22:30:00.000Z,Marshall,Conference USA,44,North Carolina Central,MEAC,10,"[{'provider': 'Bovada', 'spread': -43.5, 'formatted_spread': 'Marshall -43.5', 'spread_open': -43.5, 'over_under': 51.0, 'over_under_open': 50.0, 'home_moneyline': None, 'away_moneyline': None}]",-43.5
401282189,2021,2,regular,2021-09-11T22:30:00.000Z,Rice,Conference USA,7,Houston,American Athletic,44,"[{'provider': 'Bovada', 'spread': 8.0, 'formatted_spread': 'Houston -8.0', 'spread_open': 9.0, 'over_under': 51.0, 'over_under_open': 54.5, 'home_moneyline': 260.0, 'away_moneyline': -320.0}]",8.0
401282184,2021,2,regular,2021-09-11T23:00:00.000Z,Louisiana Tech,Conference USA,45,Southeastern Louisiana,Southland,42,"[{'provider': 'Bovada', 'spread': -11.5, 'formatted_spread': 'Louisiana Tech -11.5', 'spread_open': -11.5, 'over_under': 70.5, 'over_under_open': 70.5, 'home_moneyline': None, 'away_moneyline': None}]",-11.5
401282187,2021,2,regular,2021-09-11T23:00:00.000Z,SMU,American Athletic,35,North Texas,Conference USA,12,"[{'provider': 'Bovada', 'spread': -22.5, 'formatted_spread': 'SMU -22.5', 'spread_open': -21.5, 'over_under': 74.0, 'over_under_open': 72.5, 'home_moneyline': -1900.0, 'away_moneyline': 900.0}]",-22.5
401282188,2021,2,regular,2021-09-11T23:00:00.000Z,Old Dominion,Conference USA,47,Hampton,Big South,7,"[{'provider': 'Bovada', 'spread': -20.5, 'formatted_spread': 'Old Dominion -20.5', 'spread_open': -20.0, 'over_under': 55.0, 'over_under_open': 55.0, 'home_moneyline': None, 'away_moneyline': None}]",-20.5
401282190,2021,2,regular,2021-09-11T23:00:00.000Z,Southern Mississippi,Conference USA,37,Grambling,SWAC,0,"[{'provider': 'Bovada', 'spread': -23.5, 'formatted_spread': 'Southern Mississippi -23.5', 'spread_open': -23.5, 'over_under': 47.5, 'over_under_open': 47.5, 'home_moneyline': None, 'away_moneyline': None}]",-23.5
401301021,2021,6,regular,2021-10-09T19:30:00.000Z,Navy,American Athletic,24,SMU,American Athletic,31,"[{'provider': 'Bovada', 'spread': 13.5, 'formatted_spread': 'SMU -13.5', 'spread_open': 14.5, 'over_under': 56.0, 'over_under_open': 57.5, 'home_moneyline': 395.0, 'away_moneyline': -555.0}]",13.5
401310716,2021,6,regular,2021-10-10T01:00:00.000Z,San Diego State,Mountain West,31,New Mexico,Mountain West,7,"[{'provider': 'Bovada', 'spread': -19.5, 'formatted_spread': 'San Diego State -19.5', 'spread_open': -19.0, 'over_under': 42.5, 'over_under_open': 44.5, 'home_moneyline': -1200.0, 'away_moneyline': 700.0}]",-19.5
401308836,2021,6,regular,2021-10-09T19:30:00.000Z,Eastern Michigan,Mid-American,13,Miami (OH),Mid-American,12,"[{'provider': 'Bovada', 'spread': 2.0, 'formatted_spread': 'Miami (OH) -2.0', 'spread_open': 1.0, 'over_under': 58.5, 'over_under_open': 55.5, 'home_moneyline': 110.0, 'away_moneyline': -130.0}]",2.0
401309851,2021,3,regular,2021-09-18T19:30:00.000Z,Oregon State,Pac-12,42,Idaho,Big Sky,0,"[{'provider': 'Bovada', 'spread': -28.0, 'formatted_spread': 'Oregon State -28.0', 'spread_open': -28.0, 'over_under': 63.5, 'over_under_open': 64.0, 'home_moneyline': None, 'away_moneyline': None}]",-28.0
401309852,2021,3,regular,2021-09-18T19:30:00.000Z,Washington State,Pac-12,14,USC,Pac-12,45,"[{'provider': 'Bovada', 'spread': 7.5, 'formatted_spread': 'USC -7.5', 'spread_open': 9.0, 'over_under': 62.0, 'over_under_open': 63.0, 'home_moneyline': 250.0, 'away_moneyline': -300.0}]",7.5
401309553,2021,3,regular,2021-09-18T20:00:00.000Z,Toledo,Mid-American,6,Colorado State,Mountain West,22,"[{'provider': 'Bovada', 'spread': -14.5, 'formatted_spread': 'Toledo -14.5', 'spread_open': -14.0, 'over_under': 58.5, 'over_under_open': 58.5, 'home_moneyline': -700.0, 'away_moneyline': 475.0}]",-14.5
401309605,2021,3,regular,2021-09-18T20:15:00.000Z,Washington,Pac-12,52,Arkansas State,Sun Belt,3,"[{'provider': 'Bovada', 'spread': -17.0, 'formatted_spread': 'Washington -17.0', 'spread_open': -16.5, 'over_under': 58.5, 'over_under_open': 58.5, 'home_moneyline': -900.0, 'away_moneyline': 575.0}]",-17.0
401309609,2021,3,regular,2021-09-18T23:00:00.000Z,Texas State,Sun Belt,34,Incarnate Word,Southland,42,"[{'provider': 'Bovada', 'spread': -11.0, 'formatted_spread': 'Texas State -11.0', 'spread_open': -10.5, 'over_under': 66.0, 'over_under_open': 64.5, 'home_moneyline': -435.0, 'away_moneyline': 325.0}]",-11.0
401309607,2021,3,regular,2021-09-19T00:00:00.000Z,Louisiana Monroe,Sun Belt,12,Jackson State,SWAC,7,"[{'provider': 'Bovada', 'spread': -4.5, 'formatted_spread': 'Louisiana Monroe -4.5', 'spread_open': -6.0, 'over_under': 52.5, 'over_under_open': 52.5, 'home_moneyline': -200.0, 'away_moneyline': 170.0}]",-4.5
401309608,2021,3,regular,2021-09-19T00:00:00.000Z,South Alabama,Sun Belt,28,Alcorn State,SWAC,21,"[{'provider': 'Bovada', 'spread': -21.0, 'formatted_spread': 'South Alabama -21.0', 'spread_open': -21.5, 'over_under': 44.0, 'over_under_open': 44.0, 'home_moneyline': None, 'away_moneyline': None}]",-21.0
401309853,2021,3,regular,2021-09-19T02:00:00.000Z,Arizona,Pac-12,19,Northern Arizona,Big Sky,21,"[{'provider': 'Bovada', 'spread': -26.5, 'formatted_spread': 'Arizona -26.5', 'spread_open': -24.5, 'over_under': 53.5, 'over_under_open': 52.0, 'home_moneyline': None, 'away_moneyline': None}]",-26.5
401309850,2021,3,regular,2021-09-18T23:30:00.000Z,Oregon,Pac-12,48,Stony Brook,CAA,7,"[{'provider': 'Bovada', 'spread': -41.5, 'formatted_spread': 'Oregon -41.5', 'spread_open': -40.5, 'over_under': 53.5, 'over_under_open': 53.0, 'home_moneyline': None, 'away_moneyline': None}]",-41.5
401309604,2021,3,regular,2021-09-18T19:30:00.000Z,Appalachian State,Sun Belt,44,Elon,CAA,10,"[{'provider': 'Bovada', 'spread': -35.0, 'formatted_spread': 'Appalachian State -35.0', 'spread_open': -35.0, 'over_under': 52.0, 'over_under_open': 51.0, 'home_moneyline': None, 'away_moneyline': None}]",-35.0
401309849,2021,3,regular,2021-09-18T20:00:00.000Z,California,Pac-12,42,Sacramento State,Big Sky,30,"[{'provider': 'Bovada', 'spread': -24.5, 'formatted_spread': 'California -24.5', 'spread_open': -24.5, 'over_under': 49.0, 'over_under_open': 49.0, 'home_moneyline': None, 'away_moneyline': None}]",-24.5
401309606,2021,3,regular,2021-09-17T00:00:00.000Z,Louisiana,Sun Belt,49,Ohio,Mid-American,14,"[{'provider': 'Bovada', 'spread': -19.0, 'formatted_spread': 'Louisiana -19.0', 'spread_open': -20.0, 'over_under': 56.5, 'over_under_open': 54.5, 'home_moneyline': -1600.0, 'away_moneyline': 800.0}]",-19.0
401309854,2021,3,regular,2021-09-19T02:15:00.000Z,BYU,FBS Independents,27,Arizona State,Pac-12,17,"[{'provider': 'Bovada', 'spread': 3.5, 'formatted_spread': 'Arizona State -3.5', 'spread_open': 2.5, 'over_under': 50.5, 'over_under_open': 50.5, 'home_moneyline': 145.0, 'away_moneyline': -170.0}]",3.5
401282078,2021,3,regular,2021-09-18T16:00:00.000Z,Tennessee,SEC,56,Tennessee Tech,OVC,0,"[{'provider': 'Bovada', 'spread': -38.5, 'formatted_spread': 'Tennessee -38.5', 'spread_open': -40.5, 'over_under': 53.0, 'over_under_open': 51.5, 'home_moneyline': None, 'away_moneyline': None}]",-38.5
401282079,2021,3,regular,2021-09-18T16:00:00.000Z,Texas A&M,SEC,34,New Mexico,Mountain West,0,"[{'provider': 'Bovada', 'spread': -30.5, 'formatted_spread': 'Texas A&M -30.5', 'spread_open': -28.0, 'over_under': 49.5, 'over_under_open': 51.0, 'home_moneyline': -6500.0, 'away_moneyline': 1325.0}]",-30.5
401282194,2021,3,regular,2021-09-18T22:00:00.000Z,UT San Antonio,Conference USA,27,Middle Tennessee,Conference USA,13,"[{'provider': 'Bovada', 'spread': -11.0, 'formatted_spread': 'UT San Antonio -11.0', 'spread_open': -13.0, 'over_under': 59.5, 'over_under_open': 57.5, 'home_moneyline': -530.0, 'away_moneyline': 380.0}]",-11.0
401282195,2021,3,regular,2021-09-18T23:30:00.000Z,North Texas,Conference USA,6,UAB,Conference USA,40,"[{'provider': 'Bovada', 'spread': 13.0, 'formatted_spread': 'UAB -13.0', 'spread_open': 13.5, 'over_under': 58.0, 'over_under_open': 57.0, 'home_moneyline': 360.0, 'away_moneyline': -500.0}]",13.0
401282080,2021,3,regular,2021-09-19T00:00:00.000Z,Vanderbilt,SEC,23,Stanford,Pac-12,41,"[{'provider': 'Bovada', 'spread': 13.0, 'formatted_spread': 'Stanford -13.0', 'spread_open': 11.0, 'over_under': 48.5, 'over_under_open': 48.5, 'home_moneyline': 345.0, 'away_moneyline': -470.0}]",13.0
401282204,2021,4,regular,2021-09-24T22:30:00.000Z,Charlotte,Conference USA,42,Middle Tennessee,Conference USA,39,"[{'provider': 'Bovada', 'spread': -3.0, 'formatted_spread': 'Charlotte -3.0', 'spread_open': -2.5, 'over_under': 56.0, 'over_under_open': 56.0, 'home_moneyline': -150.0, 'away_moneyline': 130.0}]",-3.0
401282088,2021,4,regular,2021-09-25T16:00:00.000Z,Vanderbilt,SEC,0,Georgia,SEC,62,"[{'provider': 'Bovada', 'spread': 37.0, 'formatted_spread': 'Georgia -37.0', 'spread_open': 34.0, 'over_under': 54.5, 'over_under_open': 51.0, 'home_moneyline': None, 'away_moneyline': None}]",37.0
401282206,2021,4,regular,2021-09-25T16:00:00.000Z,Central Michigan,Mid-American,31,Florida International,Conference USA,27,"[{'provider': 'Bovada', 'spread': -12.5, 'formatted_spread': 'Central Michigan -12.5', 'spread_open': -11.5, 'over_under': 55.5, 'over_under_open': 56.5, 'home_moneyline': -470.0, 'away_moneyline': 345.0}]",-12.5
401282205,2021,4,regular,2021-09-25T23:00:00.000Z,Louisiana Tech,Conference USA,24,North Texas,Conference USA,17,"[{'provider': 'Bovada', 'spread': -11.0, 'formatted_spread': 'Louisiana Tech -11.0', 'spread_open': -12.5, 'over_under': 65.5, 'over_under_open': 64.5, 'home_moneyline': -460.0, 'away_moneyline': 340.0}]",-11.0
401282207,2021,4,regular,2021-09-26T00:00:00.000Z,Air Force,Mountain West,31,Florida Atlantic,Conference USA,7,"[{'provider': 'Bovada', 'spread': -4.0, 'formatted_spread': 'Air Force -4.0', 'spread_open': -5.0, 'over_under': 54.0, 'over_under_open': 50.5, 'home_moneyline': -180.0, 'away_moneyline': 155.0}]",-4.0
401286305,2021,12,regular,2021-11-20T17:00:00.000Z,Army,FBS Independents,33,UMass,FBS Independents,17,"[{'provider': 'Bovada', 'spread': -37.0, 'formatted_spread': 'Army -37.0', 'spread_open': -37.5, 'over_under': 56.0, 'over_under_open': 57.0, 'home_moneyline': None, 'away_moneyline': None}]",-37.0
401282209,2021,4,regular,2021-09-25T22:00:00.000Z,Old Dominion,Conference USA,34,Buffalo,Mid-American,35,"[{'provider': 'Bovada', 'spread': 13.0, 'formatted_spread': 'Buffalo -13.0', 'spread_open': 12.5, 'over_under': 50.5, 'over_under_open': 54.0, 'home_moneyline': 390.0, 'away_moneyline': -545.0}]",13.0
401310711,2021,5,regular,2021-10-02T19:30:00.000Z,Boise State,Mountain West,31,Nevada,Mountain West,41,"[{'provider': 'Bovada', 'spread': -4.5, 'formatted_spread': 'Boise State -4.5', 'spread_open': -6.5, 'over_under': 59.0, 'over_under_open': 56.0, 'home_moneyline': -200.0, 'away_moneyline': 170.0}]",-4.5
401310712,2021,5,regular,2021-10-03T03:00:00.000Z,Hawai'i,Mountain West,27,Fresno State,Mountain West,24,"[{'provider': 'Bovada', 'spread': 11.0, 'formatted_spread': 'Fresno State -11.0', 'spread_open': 10.0, 'over_under': 64.0, 'over_under_open': 63.0, 'home_moneyline': 310.0, 'away_moneyline': -415.0}]",11.0
401308835,2021,5,regular,2021-10-02T19:30:00.000Z,Miami (OH),Mid-American,28,Central Michigan,Mid-American,17,"[{'provider': 'Bovada', 'spread': 1.5, 'formatted_spread': 'Central Michigan -1.5', 'spread_open': -1.0, 'over_under': 56.0, 'over_under_open': 56.0, 'home_moneyline': -115.0, 'away_moneyline': -120.0}]",1.5
401282813,2021,5,regular,2021-10-02T19:30:00.000Z,Rutgers,Big Ten,13,Ohio State,Big Ten,52,"[{'provider': 'Bovada', 'spread': 15.0, 'formatted_spread': 'Ohio State -15.0', 'spread_open': 15.5, 'over_under': 58.0, 'over_under_open': 56.5, 'home_moneyline': 475.0, 'away_moneyline': -700.0}]",15.0
401282224,2021,6,regular,2021-10-08T23:00:00.000Z,Florida International,Conference USA,33,Charlotte,Conference USA,45,"[{'provider': 'Bovada', 'spread': 3.5, 'formatted_spread': 'Charlotte -3.5', 'spread_open': 3.5, 'over_under': 61.0, 'over_under_open': 59.0, 'home_moneyline': 150.0, 'away_moneyline': -175.0}]",3.5
401309864,2021,5,regular,2021-10-02T19:30:00.000Z,Stanford,Pac-12,31,Oregon,Pac-12,24,"[{'provider': 'Bovada', 'spread': 8.5, 'formatted_spread': 'Oregon -8.5', 'spread_open': 7.0, 'over_under': 57.5, 'over_under_open': 58.5, 'home_moneyline': 255.0, 'away_moneyline': -310.0}]",8.5
401287913,2021,5,regular,2021-10-02T19:30:00.000Z,Kansas State,Big 12,31,Oklahoma,Big 12,37,"[{'provider': 'Bovada', 'spread': 13.0, 'formatted_spread': 'Oklahoma -13.0', 'spread_open': 10.5, 'over_under': 53.0, 'over_under_open': 52.5, 'home_moneyline': 325.0, 'away_moneyline': -435.0}]",13.0
401287914,2021,5,regular,2021-10-02T23:00:00.000Z,Oklahoma State,Big 12,24,Baylor,Big 12,14,"[{'provider': 'Bovada', 'spread': -4.0, 'formatted_spread': 'Oklahoma State -4.0', 'spread_open': -4.0, 'over_under': 47.0, 'over_under_open': 49.5, 'home_moneyline': -175.0, 'away_moneyline': 150.0}]",-4.0
401309866,2021,5,regular,2021-10-03T02:30:00.000Z,UCLA,Pac-12,23,Arizona State,Pac-12,42,"[{'provider': 'Bovada', 'spread': -3.0, 'formatted_spread': 'UCLA -3.0', 'spread_open': -3.5, 'over_under': 56.0, 'over_under_open': 55.0, 'home_moneyline': -145.0, 'away_moneyline': 125.0}]",-3.0
401286302,2021,5,regular,2021-10-02T16:00:00.000Z,UMass,FBS Independents,7,Toledo,Mid-American,45,"[{'provider': 'Bovada', 'spread': 27.0, 'formatted_spread': 'Toledo -27.0', 'spread_open': 26.5, 'over_under': 56.5, 'over_under_open': 58.0, 'home_moneyline': None, 'away_moneyline': None}]",27.0
401287915,2021,5,regular,2021-10-02T16:00:00.000Z,TCU,Big 12,27,Texas,Big 12,32,"[{'provider': 'Bovada', 'spread': 4.0, 'formatted_spread': 'Texas -4.0', 'spread_open': 4.0, 'over_under': 65.5, 'over_under_open': 67.0, 'home_moneyline': 165.0, 'away_moneyline': -195.0}]",4.0
401301015,2021,5,regular,2021-10-02T16:00:00.000Z,Temple,American Athletic,34,Memphis,American Athletic,31,"[{'provider': 'Bovada', 'spread': 11.5, 'formatted_spread': 'Memphis -11.5', 'spread_open': 11.5, 'over_under': 58.0, 'over_under_open': 61.0, 'home_moneyline': 320.0, 'away_moneyline': -430.0}]",11.5
401309561,2021,5,regular,2021-10-02T16:00:00.000Z,Buffalo,Mid-American,17,Western Michigan,Mid-American,24,"[{'provider': 'Bovada', 'spread': 7.0, 'formatted_spread': 'Western Michigan -7.0', 'spread_open': 6.0, 'over_under': 59.5, 'over_under_open': 59.0, 'home_moneyline': 215.0, 'away_moneyline': -260.0}]",7.0
401309867,2021,5,regular,2021-10-02T18:00:00.000Z,Colorado,Pac-12,14,USC,Pac-12,37,"[{'provider': 'Bovada', 'spread': 9.0, 'formatted_spread': 'USC -9.0', 'spread_open': 7.0, 'over_under': 51.0, 'over_under_open': 50.5, 'home_moneyline': 260.0, 'away_moneyline': -320.0}]",9.0
401309558,2021,5,regular,2021-10-02T18:30:00.000Z,Northern Illinois,Mid-American,27,Eastern Michigan,Mid-American,20,"[{'provider': 'Bovada', 'spread': 0.0, 'formatted_spread': 'Eastern Michigan -0.0', 'spread_open': 1.0, 'over_under': 62.0, 'over_under_open': 62.0, 'home_moneyline': -120.0, 'away_moneyline': -115.0}]",0.0
401287916,2021,5,regular,2021-10-02T19:30:00.000Z,West Virginia,Big 12,20,Texas Tech,Big 12,23,"[{'provider': 'Bovada', 'spread': -7.0, 'formatted_spread': 'West Virginia -7.0', 'spread_open': -7.5, 'over_under': 55.0, 'over_under_open': 57.0, 'home_moneyline': -280.0, 'away_moneyline': 230.0}]",-7.0
401301013,2021,5,regular,2021-10-02T19:30:00.000Z,Navy,American Athletic,34,UCF,American Athletic,30,"[{'provider': 'Bovada', 'spread': 16.0, 'formatted_spread': 'UCF -16.0', 'spread_open': 16.0, 'over_under': 52.5, 'over_under_open': 56.5, 'home_moneyline': 525.0, 'away_moneyline': -800.0}]",16.0
401301014,2021,5,regular,2021-10-02T19:30:00.000Z,East Carolina,American Athletic,52,Tulane,American Athletic,29,"[{'provider': 'Bovada', 'spread': 3.0, 'formatted_spread': 'Tulane -3.0', 'spread_open': 3.5, 'over_under': 64.5, 'over_under_open': 64.0, 'home_moneyline': 135.0, 'away_moneyline': -160.0}]",3.0
401309560,2021,5,regular,2021-10-02T19:30:00.000Z,Akron,Mid-American,17,Ohio,Mid-American,34,"[{'provider': 'Bovada', 'spread': 9.5, 'formatted_spread': 'Ohio -9.5', 'spread_open': 9.0, 'over_under': 55.0, 'over_under_open': 54.5, 'home_moneyline': 280.0, 'away_moneyline': -360.0}]",9.5
401309562,2021,5,regular,2021-10-02T19:30:00.000Z,Kent State,Mid-American,27,Bowling Green,Mid-American,20,"[{'provider': 'Bovada', 'spread': -16.5, 'formatted_spread': 'Kent State -16.5', 'spread_open': -16.0, 'over_under': 56.0, 'over_under_open': 55.5, 'home_moneyline': -850.0, 'away_moneyline': 550.0}]",-16.5
401301016,2021,5,regular,2021-10-02T20:00:00.000Z,SMU,American Athletic,41,South Florida,American Athletic,17,"[{'provider': 'Bovada', 'spread': -21.0, 'formatted_spread': 'SMU -21.0', 'spread_open': -20.0, 'over_under': 68.5, 'over_under_open': 68.0, 'home_moneyline': -1500.0, 'away_moneyline': 775.0}]",-21.0
401309559,2021,5,regular,2021-10-02T21:00:00.000Z,Ball State,Mid-American,28,Army,FBS Independents,16,"[{'provider': 'Bovada', 'spread': 10.5, 'formatted_spread': 'Army -10.5', 'spread_open': 6.0, 'over_under': 47.5, 'over_under_open': 47.0, 'home_moneyline': 310.0, 'away_moneyline': -415.0}]",10.5
401309863,2021,5,regular,2021-10-02T21:30:00.000Z,California,Pac-12,6,Washington State,Pac-12,21,"[{'provider': 'Bovada', 'spread': -7.5, 'formatted_spread': 'California -7.5', 'spread_open': -7.5, 'over_under': 52.5, 'over_under_open': 52.5, 'home_moneyline': -300.0, 'away_moneyline': 250.0}]",-7.5
401310710,2021,5,regular,2021-10-02T22:30:00.000Z,New Mexico,Mountain West,10,Air Force,Mountain West,38,"[{'provider': 'Bovada', 'spread': 11.5, 'formatted_spread': 'Air Force -11.5', 'spread_open': 10.5, 'over_under': 45.5, 'over_under_open': 48.5, 'home_moneyline': 335.0, 'away_moneyline': -455.0}]",11.5
401287912,2021,5,regular,2021-10-02T23:00:00.000Z,Iowa State,Big 12,59,Kansas,Big 12,7,"[{'provider': 'Bovada', 'spread': -34.5, 'formatted_spread': 'Iowa State -34.5', 'spread_open': -33.5, 'over_under': 57.0, 'over_under_open': 57.5, 'home_moneyline': None, 'away_moneyline': None}]",-34.5
401282800,2021,5,regular,2021-10-02T23:30:00.000Z,Nebraska,Big Ten,56,Northwestern,Big Ten,7,"[{'provider': 'Bovada', 'spread': -11.0, 'formatted_spread': 'Nebraska -11.0', 'spread_open': -10.0, 'over_under': 51.5, 'over_under_open': 50.0, 'home_moneyline': -445.0, 'away_moneyline': 330.0}]",-11.0
401309615,2021,5,regular,2021-10-03T00:00:00.000Z,South Alabama,Sun Belt,18,Louisiana,Sun Belt,20,"[{'provider': 'Bovada', 'spread': 12.0, 'formatted_spread': 'Louisiana -12.0', 'spread_open': 11.0, 'over_under': 53.0, 'over_under_open': 51.0, 'home_moneyline': 360.0, 'away_moneyline': -500.0}]",12.0
401309865,2021,5,regular,2021-10-03T01:00:00.000Z,Oregon State,Pac-12,27,Washington,Pac-12,24,"[{'provider': 'Bovada', 'spread': -2.0, 'formatted_spread': 'Oregon State -2.0', 'spread_open': 3.0, 'over_under': 57.5, 'over_under_open': 54.5, 'home_moneyline': -130.0, 'away_moneyline': 110.0}]",-2.0
401310713,2021,5,regular,2021-10-03T02:30:00.000Z,San José State,Mountain West,37,New Mexico State,FBS Independents,31,"[{'provider': 'Bovada', 'spread': -25.5, 'formatted_spread': 'San José State -25.5', 'spread_open': -27.5, 'over_under': 51.5, 'over_under_open': 51.5, 'home_moneyline': None, 'away_moneyline': None}]",-25.5
401309616,2021,6,regular,2021-10-07T23:30:00.000Z,Arkansas State,Sun Belt,20,Coastal Carolina,Sun Belt,52,"[{'provider': 'Bovada', 'spread': 20.5, 'formatted_spread': 'Coastal Carolina -20.5', 'spread_open': 17.5, 'over_under': 74.5, 'over_under_open': 70.0, 'home_moneyline': 700.0, 'away_moneyline': -1200.0}]",20.5
401301017,2021,6,regular,2021-10-07T23:30:00.000Z,Tulane,American Athletic,22,Houston,American Athletic,40,"[{'provider': 'Bovada', 'spread': 7.0, 'formatted_spread': 'Houston -7.0', 'spread_open': 4.5, 'over_under': 60.0, 'over_under_open': 62.0, 'home_moneyline': 170.0, 'away_moneyline': -200.0}]",7.0
401301018,2021,6,regular,2021-10-08T23:00:00.000Z,Cincinnati,American Athletic,52,Temple,American Athletic,3,"[{'provider': 'Bovada', 'spread': -30.0, 'formatted_spread': 'Cincinnati -30.0', 'spread_open': -28.0, 'over_under': 53.0, 'over_under_open': 54.0, 'home_moneyline': -6500.0, 'away_moneyline': 1325.0}]",-30.0
401309868,2021,6,regular,2021-10-09T02:30:00.000Z,Arizona State,Pac-12,28,Stanford,Pac-12,10,"[{'provider': 'Bovada', 'spread': -13.5, 'formatted_spread': 'Arizona State -13.5', 'spread_open': -10.5, 'over_under': 53.5, 'over_under_open': 52.0, 'home_moneyline': -520.0, 'away_moneyline': 375.0}]",-13.5
401282103,2021,6,regular,2021-10-10T00:00:00.000Z,Texas A&M,SEC,41,Alabama,SEC,38,"[{'provider': 'Bovada', 'spread': 18.5, 'formatted_spread': 'Alabama -18.5', 'spread_open': 17.5, 'over_under': 51.0, 'over_under_open': 51.0, 'home_moneyline': 700.0, 'away_moneyline': -1200.0}]",18.5
401282097,2021,6,regular,2021-10-09T19:30:00.000Z,Auburn,SEC,10,Georgia,SEC,34,"[{'provider': 'Bovada', 'spread': 15.5, 'formatted_spread': 'Georgia -15.5', 'spread_open': 14.5, 'over_under': 46.0, 'over_under_open': 45.0, 'home_moneyline': 475.0, 'away_moneyline': -700.0}]",15.5
401282100,2021,6,regular,2021-10-09T16:00:00.000Z,Ole Miss,SEC,52,Arkansas,SEC,51,"[{'provider': 'Bovada', 'spread': -5.0, 'formatted_spread': 'Ole Miss -5.0', 'spread_open': -6.0, 'over_under': 66.5, 'over_under_open': 66.0, 'home_moneyline': -195.0, 'away_moneyline': 165.0}]",-5.0
401282656,2021,6,regular,2021-10-09T23:30:00.000Z,Virginia Tech,ACC,29,Notre Dame,FBS Independents,32,"[{'provider': 'Bovada', 'spread': 0.0, 'formatted_spread': 'Notre Dame -0.0', 'spread_open': 1.5, 'over_under': 47.0, 'over_under_open': 46.5, 'home_moneyline': -105.0, 'away_moneyline': -115.0}]",0.0
401282099,2021,6,regular,2021-10-09T23:30:00.000Z,Kentucky,SEC,42,LSU,SEC,21,"[{'provider': 'Bovada', 'spread': -2.5, 'formatted_spread': 'Kentucky -2.5', 'spread_open': -3.5, 'over_under': 50.5, 'over_under_open': 52.5, 'home_moneyline': -135.0, 'away_moneyline': 115.0}]",-2.5
401282655,2021,6,regular,2021-10-09T19:30:00.000Z,Syracuse,ACC,37,Wake Forest,ACC,40,"[{'provider': 'Bovada', 'spread': 6.0, 'formatted_spread': 'Wake Forest -6.0', 'spread_open': 6.5, 'over_under': 58.5, 'over_under_open': 57.5, 'home_moneyline': 190.0, 'away_moneyline': -230.0}]",6.0
401282098,2021,6,regular,2021-10-09T16:00:00.000Z,Florida,SEC,42,Vanderbilt,SEC,0,"[{'provider': 'Bovada', 'spread': -39.0, 'formatted_spread': 'Florida -39.0', 'spread_open': -39.0, 'over_under': 60.0, 'over_under_open': 57.5, 'home_moneyline': None, 'away_moneyline': None}]",-39.0
401309549,2021,3,regular,2021-09-18T20:00:00.000Z,Wyoming,Mountain West,45,Ball State,Mid-American,12,"[{'provider': 'Bovada', 'spread': -7.0, 'formatted_spread': 'Wyoming -7.0', 'spread_open': -6.0, 'over_under': 53.0, 'over_under_open': 55.0, 'home_moneyline': -250.0, 'away_moneyline': 210.0}]",-7.0
401309856,2021,3,regular,2021-09-18T23:00:00.000Z,San Diego State,Mountain West,33,Utah,Pac-12,31,"[{'provider': 'Bovada', 'spread': 8.0, 'formatted_spread': 'Utah -8.0', 'spread_open': 7.0, 'over_under': 43.0, 'over_under_open': 44.5, 'home_moneyline': 275.0, 'away_moneyline': -350.0}]",8.0
401310704,2021,3,regular,2021-09-18T23:30:00.000Z,Air Force,Mountain West,45,Utah State,Mountain West,49,"[{'provider': 'Bovada', 'spread': -9.0, 'formatted_spread': 'Air Force -9.0', 'spread_open': -9.0, 'over_under': 54.0, 'over_under_open': 51.5, 'home_moneyline': -360.0, 'away_moneyline': 280.0}]",-9.0
401309550,2021,3,regular,2021-09-18T19:30:00.000Z,Akron,Mid-American,35,Bryant,NEC,14,"[{'provider': 'Bovada', 'spread': -13.0, 'formatted_spread': 'Akron -13.0', 'spread_open': -10.5, 'over_under': 50.0, 'over_under_open': 50.0, 'home_moneyline': -415.0, 'away_moneyline': 310.0}]",-13.0
401309551,2021,3,regular,2021-09-18T21:00:00.000Z,Bowling Green,Mid-American,27,Murray State,OVC,10,"[{'provider': 'Bovada', 'spread': 2.5, 'formatted_spread': 'Murray State -2.5', 'spread_open': 1.0, 'over_under': 45.5, 'over_under_open': 46.0, 'home_moneyline': 110.0, 'away_moneyline': -130.0}]",2.5
401319455,2021,3,regular,2021-09-19T00:00:00.000Z,New Mexico State,FBS Independents,43,South Carolina State,MEAC,35,"[{'provider': 'Bovada', 'spread': -1.0, 'formatted_spread': 'New Mexico State -1.0', 'spread_open': -1.0, 'over_under': 54.5, 'over_under_open': 55.0, 'home_moneyline': -115.0, 'away_moneyline': -105.0}]",-1.0
401282208,2021,4,regular,2021-09-23T23:30:00.000Z,Appalachian State,Sun Belt,31,Marshall,Conference USA,30,"[{'provider': 'Bovada', 'spread': -7.5, 'formatted_spread': 'Appalachian State -7.5', 'spread_open': -7.0, 'over_under': 59.5, 'over_under_open': 56.5, 'home_moneyline': -340.0, 'away_moneyline': 270.0}]",-7.5
401282638,2021,4,regular,2021-09-24T23:00:00.000Z,Virginia,ACC,17,Wake Forest,ACC,37,"[{'provider': 'Bovada', 'spread': -3.5, 'formatted_spread': 'Virginia -3.5', 'spread_open': -4.0, 'over_under': 70.0, 'over_under_open': 66.5, 'home_moneyline': -175.0, 'away_moneyline': 150.0}]",-3.5
401282081,2021,4,regular,2021-09-25T23:30:00.000Z,Alabama,SEC,63,Southern Mississippi,Conference USA,14,"[{'provider': 'Bovada', 'spread': -45.0, 'formatted_spread': 'Alabama -45.0', 'spread_open': -45.0, 'over_under': 58.0, 'over_under_open': 57.0, 'home_moneyline': None, 'away_moneyline': None}]",-45.0
401287908,2021,4,regular,2021-09-25T23:30:00.000Z,Oklahoma,Big 12,16,West Virginia,Big 12,13,"[{'provider': 'Bovada', 'spread': -17.0, 'formatted_spread': 'Oklahoma -17.0', 'spread_open': -15.0, 'over_under': 56.0, 'over_under_open': 58.5, 'home_moneyline': -900.0, 'away_moneyline': 575.0}]",-17.0
401282082,2021,4,regular,2021-09-25T19:30:00.000Z,Arkansas,SEC,20,Texas A&M,SEC,10,"[{'provider': 'Bovada', 'spread': 4.0, 'formatted_spread': 'Texas A&M -4.0', 'spread_open': 5.5, 'over_under': 47.0, 'over_under_open': 47.5, 'home_moneyline': 165.0, 'away_moneyline': -195.0}]",4.0
401282084,2021,4,regular,2021-09-25T23:00:00.000Z,Florida,SEC,38,Tennessee,SEC,14,"[{'provider': 'Bovada', 'spread': -19.0, 'formatted_spread': 'Florida -19.0', 'spread_open': -20.0, 'over_under': 64.5, 'over_under_open': 60.5, 'home_moneyline': -1300.0, 'away_moneyline': 725.0}]",-19.0
401287907,2021,4,regular,2021-09-25T19:30:00.000Z,Baylor,Big 12,31,Iowa State,Big 12,29,"[{'provider': 'Bovada', 'spread': 7.0, 'formatted_spread': 'Iowa State -7.0', 'spread_open': 6.5, 'over_under': 46.5, 'over_under_open': 48.5, 'home_moneyline': 215.0, 'away_moneyline': -260.0}]",7.0
401282083,2021,4,regular,2021-09-25T20:00:00.000Z,Auburn,SEC,34,Georgia State,Sun Belt,24,"[{'provider': 'Bovada', 'spread': -27.5, 'formatted_spread': 'Auburn -27.5', 'spread_open': -27.0, 'over_under': 57.5, 'over_under_open': 57.0, 'home_moneyline': -5000.0, 'away_moneyline': 1275.0}]",-27.5
401282085,2021,4,regular,2021-09-25T16:00:00.000Z,Mississippi State,SEC,25,LSU,SEC,28,"[{'provider': 'Bovada', 'spread': 1.0, 'formatted_spread': 'LSU -1.0', 'spread_open': 3.0, 'over_under': 55.0, 'over_under_open': 57.5, 'home_moneyline': 105.0, 'away_moneyline': -125.0}]",1.0
401282086,2021,4,regular,2021-09-25T16:00:00.000Z,Boston College,ACC,41,Missouri,SEC,34,"[{'provider': 'Bovada', 'spread': -1.0, 'formatted_spread': 'Boston College -1.0', 'spread_open': 2.0, 'over_under': 58.0, 'over_under_open': 59.0, 'home_moneyline': -105.0, 'away_moneyline': -115.0}]",-1.0
401282087,2021,4,regular,2021-09-25T23:00:00.000Z,South Carolina,SEC,10,Kentucky,SEC,16,"[{'provider': 'Bovada', 'spread': 5.0, 'formatted_spread': 'Kentucky -5.0', 'spread_open': 6.0, 'over_under': 48.5, 'over_under_open': 49.0, 'home_moneyline': 170.0, 'away_moneyline': -200.0}]",5.0
401310705,2021,3,regular,2021-09-19T04:30:00.000Z,Hawai'i,Mountain West,13,San José State,Mountain West,17,"[{'provider': 'Bovada', 'spread': 7.0, 'formatted_spread': 'San José State -7.0', 'spread_open': 7.0, 'over_under': 62.0, 'over_under_open': 59.5, 'home_moneyline': 215.0, 'away_moneyline': -260.0}]",7.0
401282637,2021,4,regular,2021-09-25T00:00:00.000Z,Syracuse,ACC,24,Liberty,FBS Independents,21,"[{'provider': 'Bovada', 'spread': 7.0, 'formatted_spread': 'Liberty -7.0', 'spread_open': 6.5, 'over_under': 54.0, 'over_under_open': 52.5, 'home_moneyline': 210.0, 'away_moneyline': -250.0}]",7.0
401287925,2021,8,regular,2021-10-23T19:30:00.000Z,Iowa State,Big 12,24,Oklahoma State,Big 12,21,"[{'provider': 'Bovada', 'spread': -7.0, 'formatted_spread': 'Iowa State -7.0', 'spread_open': -6.5, 'over_under': 47.0, 'over_under_open': 47.0, 'home_moneyline': -260.0, 'away_moneyline': 215.0}]",-7.0
401309641,2021,11,regular,2021-11-13T20:30:00.000Z,Troy,Sun Belt,21,Louisiana,Sun Belt,35,"[{'provider': 'Bovada', 'spread': 6.5, 'formatted_spread': 'Louisiana -6.5', 'spread_open': 7.5, 'over_under': 48.0, 'over_under_open': 47.5, 'home_moneyline': 200.0, 'away_moneyline': -240.0}]",6.5
401282139,2021,12,regular,2021-11-21T00:30:00.000Z,Ole Miss,SEC,31,Vanderbilt,SEC,17,"[{'provider': 'Bovada', 'spread': -36.0, 'formatted_spread': 'Ole Miss -36.0', 'spread_open': -37.0, 'over_under': 65.0, 'over_under_open': 64.0, 'home_moneyline': None, 'away_moneyline': None}]",-36.0
401282140,2021,12,regular,2021-11-20T17:00:00.000Z,Mississippi State,SEC,55,Tennessee State,OVC,10,"[{'provider': 'Bovada', 'spread': -44.0, 'formatted_spread': 'Mississippi State -44.0', 'spread_open': -44.0, 'over_under': 56.0, 'over_under_open': 56.0, 'home_moneyline': None, 'away_moneyline': None}]",-44.0
401282141,2021,12,regular,2021-11-20T21:00:00.000Z,Missouri,SEC,24,Florida,SEC,23,"[{'provider': 'Bovada', 'spread': 9.0, 'formatted_spread': 'Florida -9.0', 'spread_open': 7.5, 'over_under': 69.0, 'over_under_open': 69.5, 'home_moneyline': 260.0, 'away_moneyline': -320.0}]",9.0
401282142,2021,12,regular,2021-11-21T00:00:00.000Z,South Carolina,SEC,21,Auburn,SEC,17,"[{'provider': 'Bovada', 'spread': 7.5, 'formatted_spread': 'Auburn -7.5', 'spread_open': 10.5, 'over_under': 45.5, 'over_under_open': 47.5, 'home_moneyline': 250.0, 'away_moneyline': -300.0}]",7.5
401282138,2021,12,regular,2021-11-21T02:00:00.000Z,LSU,SEC,27,Louisiana Monroe,Sun Belt,14,"[{'provider': 'Bovada', 'spread': -29.0, 'formatted_spread': 'LSU -29.0', 'spread_open': -29.0, 'over_under': 57.5, 'over_under_open': 56.5, 'home_moneyline': None, 'away_moneyline': None}]",-29.0
401282761,2021,13,regular,2021-11-26T18:30:00.000Z,Nebraska,Big Ten,21,Iowa,Big Ten,28,"[{'provider': 'Bovada', 'spread': -1.0, 'formatted_spread': 'Nebraska -1.0', 'spread_open': -3.5, 'over_under': 41.0, 'over_under_open': 44.5, 'home_moneyline': -115.0, 'away_moneyline': -105.0}]",-1.0
401309595,2021,13,regular,2021-11-26T17:00:00.000Z,Central Michigan,Mid-American,31,Eastern Michigan,Mid-American,10,"[{'provider': 'Bovada', 'spread': -8.5, 'formatted_spread': 'Central Michigan -8.5', 'spread_open': -8.5, 'over_under': 63.5, 'over_under_open': 64.0, 'home_moneyline': -340.0, 'away_moneyline': 270.0}]",-8.5
401301050,2021,13,regular,2021-11-26T20:30:00.000Z,UCF,American Athletic,17,South Florida,American Athletic,13,"[{'provider': 'Bovada', 'spread': -17.5, 'formatted_spread': 'UCF -17.5', 'spread_open': -18.5, 'over_under': 62.0, 'over_under_open': 62.0, 'home_moneyline': -1100.0, 'away_moneyline': 650.0}]",-17.5
401282269,2021,13,regular,2021-11-27T20:00:00.000Z,Southern Mississippi,Conference USA,37,Florida International,Conference USA,17,"[{'provider': 'Bovada', 'spread': -14.0, 'formatted_spread': 'Southern Mississippi -14.0', 'spread_open': -10.0, 'over_under': 46.0, 'over_under_open': 46.0, 'home_moneyline': -520.0, 'away_moneyline': 375.0}]",-14.0
401282272,2021,13,regular,2021-11-27T20:30:00.000Z,Marshall,Conference USA,21,Western Kentucky,Conference USA,53,"[{'provider': 'Bovada', 'spread': -1.5, 'formatted_spread': 'Marshall -1.5', 'spread_open': -1.0, 'over_under': 75.0, 'over_under_open': 75.5, 'home_moneyline': -120.0, 'away_moneyline': 105.0}]",-1.5
401282270,2021,13,regular,2021-11-28T00:00:00.000Z,Florida Atlantic,Conference USA,17,Middle Tennessee,Conference USA,27,"[{'provider': 'Bovada', 'spread': -3.5, 'formatted_spread': 'Florida Atlantic -3.5', 'spread_open': -4.0, 'over_under': 50.0, 'over_under_open': 49.5, 'home_moneyline': -175.0, 'away_moneyline': 150.0}]",-3.5
401287926,2021,8,regular,2021-10-23T16:00:00.000Z,Kansas,Big 12,23,Oklahoma,Big 12,35,"[{'provider': 'Bovada', 'spread': 39.0, 'formatted_spread': 'Oklahoma -39.0', 'spread_open': 39.0, 'over_under': 66.5, 'over_under_open': 67.5, 'home_moneyline': None, 'away_moneyline': None}]",39.0
401282271,2021,13,regular,2021-11-27T18:00:00.000Z,Rice,Conference USA,35,Louisiana Tech,Conference USA,31,"[{'provider': 'Bovada', 'spread': 4.0, 'formatted_spread': 'Louisiana Tech -4.0', 'spread_open': 3.5, 'over_under': 53.0, 'over_under_open': 53.5, 'home_moneyline': 155.0, 'away_moneyline': -180.0}]",4.0
401310707,2021,4,regular,2021-09-25T02:00:00.000Z,Fresno State,Mountain West,38,UNLV,Mountain West,30,"[{'provider': 'Bovada', 'spread': -30.0, 'formatted_spread': 'Fresno State -30.0', 'spread_open': -31.0, 'over_under': 58.5, 'over_under_open': 57.5, 'home_moneyline': None, 'away_moneyline': None}]",-30.0
401310709,2021,4,regular,2021-09-25T19:30:00.000Z,San Diego State,Mountain West,48,Towson,CAA,21,"[{'provider': 'Bovada', 'spread': -23.0, 'formatted_spread': 'San Diego State -23.0', 'spread_open': -23.0, 'over_under': 41.0, 'over_under_open': 41.5, 'home_moneyline': None, 'away_moneyline': None}]",-23.0
401310708,2021,4,regular,2021-09-26T00:00:00.000Z,New Mexico State,FBS Independents,21,Hawai'i,Mountain West,41,"[{'provider': 'Bovada', 'spread': 17.0, 'formatted_spread': ""Hawai'i -17.0"", 'spread_open': 17.0, 'over_under': 63.0, 'over_under_open': 57.5, 'home_moneyline': 575.0, 'away_moneyline': -900.0}]",17.0
401282646,2021,5,regular,2021-09-30T23:30:00.000Z,Miami,ACC,28,Virginia,ACC,30,"[{'provider': 'Bovada', 'spread': -3.5, 'formatted_spread': 'Miami -3.5', 'spread_open': -3.0, 'over_under': 64.0, 'over_under_open': 62.0, 'home_moneyline': -160.0, 'away_moneyline': 135.0}]",-3.5
401309912,2021,5,regular,2021-10-02T01:00:00.000Z,Utah State,Mountain West,20,BYU,FBS Independents,34,"[{'provider': 'Bovada', 'spread': 9.0, 'formatted_spread': 'BYU -9.0', 'spread_open': 8.5, 'over_under': 66.0, 'over_under_open': 58.0, 'home_moneyline': 310.0, 'away_moneyline': -415.0}]",9.0
401301012,2021,5,regular,2021-10-01T23:30:00.000Z,Tulsa,American Athletic,10,Houston,American Athletic,45,"[{'provider': 'Bovada', 'spread': -3.5, 'formatted_spread': 'Tulsa -3.5', 'spread_open': -3.5, 'over_under': 54.0, 'over_under_open': 56.0, 'home_moneyline': -170.0, 'away_moneyline': 145.0}]",-3.5
401282089,2021,5,regular,2021-10-02T19:30:00.000Z,Alabama,SEC,42,Ole Miss,SEC,21,"[{'provider': 'Bovada', 'spread': -14.5, 'formatted_spread': 'Alabama -14.5', 'spread_open': -14.5, 'over_under': 79.0, 'over_under_open': 76.0, 'home_moneyline': -595.0, 'away_moneyline': 415.0}]",-14.5
401282090,2021,5,regular,2021-10-02T16:00:00.000Z,Georgia,SEC,37,Arkansas,SEC,0,"[{'provider': 'Bovada', 'spread': -16.0, 'formatted_spread': 'Georgia -16.0', 'spread_open': -19.5, 'over_under': 48.5, 'over_under_open': 48.5, 'home_moneyline': -700.0, 'away_moneyline': 475.0}]",-16.0
401282091,2021,5,regular,2021-10-02T22:00:00.000Z,Kentucky,SEC,20,Florida,SEC,13,"[{'provider': 'Bovada', 'spread': 7.5, 'formatted_spread': 'Florida -7.5', 'spread_open': 8.0, 'over_under': 56.5, 'over_under_open': 55.0, 'home_moneyline': 260.0, 'away_moneyline': -320.0}]",7.5
401282095,2021,5,regular,2021-10-02T23:00:00.000Z,Texas A&M,SEC,22,Mississippi State,SEC,26,"[{'provider': 'Bovada', 'spread': -7.0, 'formatted_spread': 'Texas A&M -7.0', 'spread_open': -9.5, 'over_under': 45.5, 'over_under_open': 47.0, 'home_moneyline': -300.0, 'away_moneyline': 250.0}]",-7.0
401282092,2021,5,regular,2021-10-03T01:00:00.000Z,LSU,SEC,19,Auburn,SEC,24,"[{'provider': 'Bovada', 'spread': -3.0, 'formatted_spread': 'LSU -3.0', 'spread_open': -3.5, 'over_under': 56.0, 'over_under_open': 53.5, 'home_moneyline': -150.0, 'away_moneyline': 130.0}]",-3.0
401282093,2021,5,regular,2021-10-02T16:00:00.000Z,Missouri,SEC,24,Tennessee,SEC,62,"[{'provider': 'Bovada', 'spread': -2.5, 'formatted_spread': 'Missouri -2.5', 'spread_open': -3.0, 'over_under': 66.5, 'over_under_open': 63.0, 'home_moneyline': -140.0, 'away_moneyline': 120.0}]",-2.5
401282094,2021,5,regular,2021-10-02T19:30:00.000Z,South Carolina,SEC,23,Troy,Sun Belt,14,"[{'provider': 'Bovada', 'spread': -6.5, 'formatted_spread': 'South Carolina -6.5', 'spread_open': -7.0, 'over_under': 43.5, 'over_under_open': 44.0, 'home_moneyline': -260.0, 'away_moneyline': 215.0}]",-6.5
401282096,2021,5,regular,2021-10-02T23:30:00.000Z,Vanderbilt,SEC,30,Connecticut,FBS Independents,28,"[{'provider': 'Bovada', 'spread': -15.0, 'formatted_spread': 'Vanderbilt -15.0', 'spread_open': -14.0, 'over_under': 51.5, 'over_under_open': 52.0, 'home_moneyline': -665.0, 'away_moneyline': 450.0}]",-15.0
401287906,2021,3,regular,2021-09-19T02:30:00.000Z,UNLV,Mountain West,3,Iowa State,Big 12,48,"[{'provider': 'Bovada', 'spread': 32.5, 'formatted_spread': 'Iowa State -32.5', 'spread_open': 30.5, 'over_under': 52.5, 'over_under_open': 52.0, 'home_moneyline': None, 'away_moneyline': None}]",32.5
401287905,2021,3,regular,2021-09-18T18:00:00.000Z,Kansas State,Big 12,38,Nevada,Mountain West,17,"[{'provider': 'Bovada', 'spread': 1.5, 'formatted_spread': 'Nevada -1.5', 'spread_open': 2.5, 'over_under': 51.0, 'over_under_open': 49.0, 'home_moneyline': 110.0, 'away_moneyline': -120.0}]",1.5
401286300,2021,3,regular,2021-09-18T19:30:00.000Z,UMass,FBS Independents,28,Eastern Michigan,Mid-American,42,"[{'provider': 'Bovada', 'spread': 22.0, 'formatted_spread': 'Eastern Michigan -22.0', 'spread_open': 18.0, 'over_under': 56.5, 'over_under_open': 55.5, 'home_moneyline': 900.0, 'away_moneyline': -1900.0}]",22.0
401287904,2021,3,regular,2021-09-18T19:30:00.000Z,Kansas,Big 12,7,Baylor,Big 12,45,"[{'provider': 'Bovada', 'spread': 17.5, 'formatted_spread': 'Baylor -17.5', 'spread_open': 17.0, 'over_under': 49.0, 'over_under_open': 49.5, 'home_moneyline': 650.0, 'away_moneyline': -1100.0}]",17.5
401287903,2021,3,regular,2021-09-19T01:00:00.000Z,Boise State,Mountain West,20,Oklahoma State,Big 12,21,"[{'provider': 'Bovada', 'spread': -3.5, 'formatted_spread': 'Boise State -3.5', 'spread_open': -4.0, 'over_under': 57.0, 'over_under_open': 57.5, 'home_moneyline': -165.0, 'away_moneyline': 140.0}]",-3.5
401308843,2021,3,regular,2021-09-18T19:30:00.000Z,Miami (OH),Mid-American,42,Long Island University,NEC,7,"[{'provider': 'Bovada', 'spread': -39.0, 'formatted_spread': 'Miami (OH) -39.0', 'spread_open': -39.5, 'over_under': 55.5, 'over_under_open': 55.0, 'home_moneyline': None, 'away_moneyline': None}]",-39.0
401301005,2021,3,regular,2021-09-18T23:00:00.000Z,Houston,American Athletic,45,Grambling,SWAC,0,"[{'provider': 'Bovada', 'spread': -40.0, 'formatted_spread': 'Houston -40.0', 'spread_open': -40.0, 'over_under': 51.5, 'over_under_open': 52.0, 'home_moneyline': None, 'away_moneyline': None}]",-40.0
401301006,2021,3,regular,2021-09-18T23:00:00.000Z,South Florida,American Athletic,38,Florida A&M,SWAC,17,"[{'provider': 'Bovada', 'spread': -22.5, 'formatted_spread': 'South Florida -22.5', 'spread_open': -22.0, 'over_under': 49.5, 'over_under_open': 49.0, 'home_moneyline': -2000.0, 'away_moneyline': 950.0}]",-22.5
401308834,2021,4,regular,2021-09-25T16:00:00.000Z,Army,FBS Independents,23,Miami (OH),Mid-American,10,"[{'provider': 'Bovada', 'spread': -8.0, 'formatted_spread': 'Army -8.0', 'spread_open': -7.5, 'over_under': 49.0, 'over_under_open': 52.0, 'home_moneyline': -320.0, 'away_moneyline': 260.0}]",-8.0
401309554,2021,4,regular,2021-09-25T18:00:00.000Z,Western Michigan,Mid-American,23,San José State,Mountain West,3,"[{'provider': 'Bovada', 'spread': -3.0, 'formatted_spread': 'Western Michigan -3.0', 'spread_open': -2.5, 'over_under': 61.5, 'over_under_open': 63.0, 'home_moneyline': -140.0, 'away_moneyline': 120.0}]",-3.0
401309555,2021,4,regular,2021-09-25T18:00:00.000Z,Ball State,Mid-American,12,Toledo,Mid-American,22,"[{'provider': 'Bovada', 'spread': 5.0, 'formatted_spread': 'Toledo -5.0', 'spread_open': 4.0, 'over_under': 56.5, 'over_under_open': 56.5, 'home_moneyline': 170.0, 'away_moneyline': -200.0}]",5.0
401309557,2021,4,regular,2021-09-25T18:00:00.000Z,Eastern Michigan,Mid-American,59,Texas State,Sun Belt,21,"[{'provider': 'Bovada', 'spread': -7.5, 'formatted_spread': 'Eastern Michigan -7.5', 'spread_open': -6.0, 'over_under': 62.0, 'over_under_open': 61.0, 'home_moneyline': -240.0, 'away_moneyline': 200.0}]",-7.5
401309556,2021,4,regular,2021-09-25T18:30:00.000Z,Northern Illinois,Mid-American,41,Maine,CAA,14,"[{'provider': 'Bovada', 'spread': -21.0, 'formatted_spread': 'Northern Illinois -21.0', 'spread_open': -21.0, 'over_under': 62.0, 'over_under_open': 62.0, 'home_moneyline': None, 'away_moneyline': None}]",-21.0
401301011,2021,4,regular,2021-09-25T21:00:00.000Z,Tulsa,American Athletic,41,Arkansas State,Sun Belt,34,"[{'provider': 'Bovada', 'spread': -14.5, 'formatted_spread': 'Tulsa -14.5', 'spread_open': -14.0, 'over_under': 64.0, 'over_under_open': 62.5, 'home_moneyline': -665.0, 'away_moneyline': 450.0}]",-14.5
401309610,2021,4,regular,2021-09-25T22:00:00.000Z,Georgia Southern,Sun Belt,20,Louisiana,Sun Belt,28,"[{'provider': 'Bovada', 'spread': 14.5, 'formatted_spread': 'Louisiana -14.5', 'spread_open': 13.5, 'over_under': 54.0, 'over_under_open': 53.0, 'home_moneyline': 445.0, 'away_moneyline': -655.0}]",14.5
401310733,2021,9,regular,2021-10-31T02:30:00.000Z,San Diego State,Mountain West,20,Fresno State,Mountain West,30,"[{'provider': 'Bovada', 'spread': 1.5, 'formatted_spread': 'Fresno State -1.5', 'spread_open': -1.0, 'over_under': 44.5, 'over_under_open': 46.5, 'home_moneyline': -105.0, 'away_moneyline': -120.0}]",1.5
401310732,2021,9,regular,2021-10-30T20:00:00.000Z,San José State,Mountain West,27,Wyoming,Mountain West,21,"[{'provider': 'Bovada', 'spread': -3.0, 'formatted_spread': 'San José State -3.0', 'spread_open': -3.5, 'over_under': 40.5, 'over_under_open': 40.0, 'home_moneyline': -145.0, 'away_moneyline': 125.0}]",-3.0
401282633,2021,3,regular,2021-09-18T16:00:00.000Z,Syracuse,ACC,62,Albany,CAA,24,"[{'provider': 'Bovada', 'spread': -22.0, 'formatted_spread': 'Syracuse -22.0', 'spread_open': -22.0, 'over_under': 41.0, 'over_under_open': 41.5, 'home_moneyline': -2200.0, 'away_moneyline': 1000.0}]",-22.0
401282823,2021,3,regular,2021-09-18T19:30:00.000Z,Rutgers,Big Ten,45,Delaware,CAA,13,"[{'provider': 'Bovada', 'spread': -20.0, 'formatted_spread': 'Rutgers -20.0', 'spread_open': -21.5, 'over_under': 45.0, 'over_under_open': 46.0, 'home_moneyline': -1600.0, 'away_moneyline': 800.0}]",-20.0
401282630,2021,3,regular,2021-09-18T23:30:00.000Z,NC State,ACC,45,Furman,Southern,7,"[{'provider': 'Bovada', 'spread': -27.5, 'formatted_spread': 'NC State -27.5', 'spread_open': -27.5, 'over_under': 45.0, 'over_under_open': 43.0, 'home_moneyline': None, 'away_moneyline': None}]",-27.5
401282715,2021,3,regular,2021-09-18T01:00:00.000Z,Illinois,Big Ten,17,Maryland,Big Ten,20,"[{'provider': 'Bovada', 'spread': 7.5, 'formatted_spread': 'Maryland -7.5', 'spread_open': 7.5, 'over_under': 61.5, 'over_under_open': 59.5, 'home_moneyline': 230.0, 'away_moneyline': -280.0}]",7.5
401282798,2021,3,regular,2021-09-18T16:00:00.000Z,Oklahoma,Big 12,23,Nebraska,Big Ten,16,"[{'provider': 'Bovada', 'spread': -23.0, 'formatted_spread': 'Oklahoma -23.0', 'spread_open': -22.0, 'over_under': 63.0, 'over_under_open': 61.5, 'home_moneyline': -2000.0, 'away_moneyline': 950.0}]",-23.0
401282755,2021,3,regular,2021-09-18T19:30:00.000Z,Iowa,Big Ten,30,Kent State,Mid-American,7,"[{'provider': 'Bovada', 'spread': -23.0, 'formatted_spread': 'Iowa -23.0', 'spread_open': -22.0, 'over_under': 55.5, 'over_under_open': 54.5, 'home_moneyline': -2000.0, 'away_moneyline': 950.0}]",-23.0
401282627,2021,3,regular,2021-09-18T19:30:00.000Z,Clemson,ACC,14,Georgia Tech,ACC,8,"[{'provider': 'Bovada', 'spread': -28.0, 'formatted_spread': 'Clemson -28.0', 'spread_open': -29.0, 'over_under': 52.5, 'over_under_open': 51.0, 'home_moneyline': -6500.0, 'away_moneyline': 1325.0}]",-28.0
401282725,2021,3,regular,2021-09-18T16:00:00.000Z,Indiana,Big Ten,24,Cincinnati,American Athletic,38,"[{'provider': 'Bovada', 'spread': 4.0, 'formatted_spread': 'Cincinnati -4.0', 'spread_open': 3.0, 'over_under': 50.0, 'over_under_open': 50.5, 'home_moneyline': 150.0, 'away_moneyline': -175.0}]",4.0
401282810,2021,3,regular,2021-09-18T19:30:00.000Z,Ohio State,Big Ten,41,Tulsa,American Athletic,20,"[{'provider': 'Bovada', 'spread': -25.5, 'formatted_spread': 'Ohio State -25.5', 'spread_open': -25.0, 'over_under': 60.5, 'over_under_open': 61.0, 'home_moneyline': -3500.0, 'away_moneyline': 1175.0}]",-25.5
401282706,2021,3,regular,2021-09-18T18:30:00.000Z,Notre Dame,FBS Independents,27,Purdue,Big Ten,13,"[{'provider': 'Bovada', 'spread': -7.5, 'formatted_spread': 'Notre Dame -7.5', 'spread_open': -7.0, 'over_under': 58.5, 'over_under_open': 58.5, 'home_moneyline': -280.0, 'away_moneyline': 230.0}]",-7.5
401282636,2021,3,regular,2021-09-18T16:00:00.000Z,West Virginia,Big 12,27,Virginia Tech,ACC,21,"[{'provider': 'Bovada', 'spread': -2.0, 'formatted_spread': 'West Virginia -2.0', 'spread_open': -3.0, 'over_under': 49.5, 'over_under_open': 50.5, 'home_moneyline': -130.0, 'away_moneyline': 110.0}]",-2.0
401282631,2021,3,regular,2021-09-18T23:30:00.000Z,North Carolina,ACC,59,Virginia,ACC,39,"[{'provider': 'Bovada', 'spread': -7.5, 'formatted_spread': 'North Carolina -7.5', 'spread_open': -9.0, 'over_under': 66.5, 'over_under_open': 64.5, 'home_moneyline': -310.0, 'away_moneyline': 255.0}]",-7.5
401282629,2021,3,regular,2021-09-18T16:00:00.000Z,Miami,ACC,17,Michigan State,Big Ten,38,"[{'provider': 'Bovada', 'spread': -7.0, 'formatted_spread': 'Miami -7.0', 'spread_open': -6.5, 'over_under': 58.0, 'over_under_open': 54.5, 'home_moneyline': -240.0, 'away_moneyline': 200.0}]",-7.0
401282774,2021,3,regular,2021-09-18T16:00:00.000Z,Michigan,Big Ten,63,Northern Illinois,Mid-American,10,"[{'provider': 'Bovada', 'spread': -27.5, 'formatted_spread': 'Michigan -27.5', 'spread_open': -27.0, 'over_under': 54.5, 'over_under_open': 54.5, 'home_moneyline': -5500.0, 'away_moneyline': 1300.0}]",-27.5
401282632,2021,3,regular,2021-09-18T16:00:00.000Z,Pittsburgh,ACC,41,Western Michigan,Mid-American,44,"[{'provider': 'Bovada', 'spread': -14.5, 'formatted_spread': 'Pittsburgh -14.5', 'spread_open': -15.0, 'over_under': 58.5, 'over_under_open': 60.5, 'home_moneyline': -655.0, 'away_moneyline': 445.0}]",-14.5
401282634,2021,3,regular,2021-09-18T16:00:00.000Z,Temple,American Athletic,3,Boston College,ACC,28,"[{'provider': 'Bovada', 'spread': 15.0, 'formatted_spread': 'Boston College -15.0', 'spread_open': 16.5, 'over_under': 55.5, 'over_under_open': 60.0, 'home_moneyline': 475.0, 'away_moneyline': -700.0}]",15.0
401282791,2021,3,regular,2021-09-18T17:00:00.000Z,Colorado,Pac-12,0,Minnesota,Big Ten,30,"[{'provider': 'Bovada', 'spread': -2.5, 'formatted_spread': 'Colorado -2.5', 'spread_open': -1.5, 'over_under': 48.0, 'over_under_open': 50.0, 'home_moneyline': -140.0, 'away_moneyline': 120.0}]",-2.5
401282199,2021,3,regular,2021-09-18T19:30:00.000Z,Louisiana Tech,Conference USA,37,SMU,American Athletic,39,"[{'provider': 'Bovada', 'spread': 11.0, 'formatted_spread': 'SMU -11.0', 'spread_open': 13.5, 'over_under': 65.5, 'over_under_open': 65.5, 'home_moneyline': 325.0, 'away_moneyline': -435.0}]",11.0
401282635,2021,3,regular,2021-09-18T19:30:00.000Z,Wake Forest,ACC,35,Florida State,ACC,14,"[{'provider': 'Bovada', 'spread': -4.5, 'formatted_spread': 'Wake Forest -4.5', 'spread_open': -6.5, 'over_under': 62.5, 'over_under_open': 61.5, 'home_moneyline': -195.0, 'away_moneyline': 165.0}]",-4.5
401282628,2021,3,regular,2021-09-18T20:00:00.000Z,Duke,ACC,30,Northwestern,Big Ten,23,"[{'provider': 'Bovada', 'spread': 2.5, 'formatted_spread': 'Northwestern -2.5', 'spread_open': 3.0, 'over_under': 49.5, 'over_under_open': 50.0, 'home_moneyline': 115.0, 'away_moneyline': -135.0}]",2.5
401282200,2021,3,regular,2021-09-18T22:00:00.000Z,Marshall,Conference USA,38,East Carolina,American Athletic,42,"[{'provider': 'Bovada', 'spread': -10.0, 'formatted_spread': 'Marshall -10.0', 'spread_open': -9.5, 'over_under': 58.5, 'over_under_open': 53.5, 'home_moneyline': -380.0, 'away_moneyline': 290.0}]",-10.0
401282201,2021,3,regular,2021-09-18T22:00:00.000Z,Liberty,FBS Independents,45,Old Dominion,Conference USA,17,"[{'provider': 'Bovada', 'spread': -27.5, 'formatted_spread': 'Liberty -27.5', 'spread_open': -26.0, 'over_under': 53.0, 'over_under_open': 54.0, 'home_moneyline': -5000.0, 'away_moneyline': 1275.0}]",-27.5
401282203,2021,3,regular,2021-09-18T23:00:00.000Z,Southern Mississippi,Conference USA,9,Troy,Sun Belt,21,"[{'provider': 'Bovada', 'spread': 11.0, 'formatted_spread': 'Troy -11.0', 'spread_open': 8.0, 'over_under': 50.0, 'over_under_open': 51.5, 'home_moneyline': 315.0, 'away_moneyline': -420.0}]",11.0
401309547,2021,2,regular,2021-09-11T17:30:00.000Z,Northern Illinois,Mid-American,43,Wyoming,Mountain West,50,"[{'provider': 'Bovada', 'spread': 7.0, 'formatted_spread': 'Wyoming -7.0', 'spread_open': 5.5, 'over_under': 44.0, 'over_under_open': 46.0, 'home_moneyline': 210.0, 'away_moneyline': -250.0}]",7.0
401309753,2021,2,regular,2021-09-11T18:00:00.000Z,Ohio,Mid-American,26,Duquesne,NEC,28,"[{'provider': 'Bovada', 'spread': -29.0, 'formatted_spread': 'Ohio -29.0', 'spread_open': -28.5, 'over_under': 49.0, 'over_under_open': 49.5, 'home_moneyline': None, 'away_moneyline': None}]",-29.0
401309548,2021,2,regular,2021-09-11T19:00:00.000Z,Central Michigan,Mid-American,45,Robert Morris,Big South,0,"[{'provider': 'Bovada', 'spread': -37.5, 'formatted_spread': 'Central Michigan -37.5', 'spread_open': -37.5, 'over_under': 53.5, 'over_under_open': 53.5, 'home_moneyline': None, 'away_moneyline': None}]",-37.5
401301004,2021,2,regular,2021-09-11T19:30:00.000Z,Navy,American Athletic,3,Air Force,Mountain West,23,"[{'provider': 'Bovada', 'spread': 6.0, 'formatted_spread': 'Air Force -6.0', 'spread_open': 6.5, 'over_under': 40.0, 'over_under_open': 43.5, 'home_moneyline': 195.0, 'away_moneyline': -235.0}]",6.0
401309546,2021,2,regular,2021-09-11T20:00:00.000Z,Bowling Green,Mid-American,19,South Alabama,Sun Belt,22,"[{'provider': 'Bovada', 'spread': 14.0, 'formatted_spread': 'South Alabama -14.0', 'spread_open': 15.5, 'over_under': 47.5, 'over_under_open': 51.0, 'home_moneyline': 430.0, 'away_moneyline': -625.0}]",14.0
401309544,2021,2,regular,2021-09-11T21:00:00.000Z,Western Michigan,Mid-American,28,Illinois State,MVFC,0,"[{'provider': 'Bovada', 'spread': -12.0, 'formatted_spread': 'Western Michigan -12.0', 'spread_open': -11.0, 'over_under': 56.5, 'over_under_open': 56.5, 'home_moneyline': None, 'away_moneyline': None}]",-12.0
401309545,2021,2,regular,2021-09-11T15:30:00.000Z,Kent State,Mid-American,60,VMI,Southern,10,"[{'provider': 'Bovada', 'spread': -19.0, 'formatted_spread': 'Kent State -19.0', 'spread_open': -17.5, 'over_under': 73.0, 'over_under_open': 69.5, 'home_moneyline': None, 'away_moneyline': None}]",-19.0
401309603,2021,2,regular,2021-09-11T23:00:00.000Z,Louisiana,Sun Belt,27,Nicholls,Southland,24,"[{'provider': 'Bovada', 'spread': None, 'formatted_spread': 'Nicholls -null', 'spread_open': None, 'over_under': 65.0, 'over_under_open': 65.0, 'home_moneyline': None, 'away_moneyline': None}]",
401282202,2021,3,regular,2021-09-19T00:00:00.000Z,Texas,Big 12,58,Rice,Conference USA,0,"[{'provider': 'Bovada', 'spread': -26.5, 'formatted_spread': 'Texas -26.5', 'spread_open': -25.0, 'over_under': 51.5, 'over_under_open': 52.5, 'home_moneyline': -3200.0, 'away_moneyline': 1150.0}]",-26.5
401287896,2021,2,regular,2021-09-10T23:30:00.000Z,Coastal Carolina,Sun Belt,49,Kansas,Big 12,22,"[{'provider': 'Bovada', 'spread': -27.0, 'formatted_spread': 'Coastal Carolina -27.0', 'spread_open': -27.0, 'over_under': 53.0, 'over_under_open': 53.0, 'home_moneyline': -4500.0, 'away_moneyline': 1250.0}]",-27.0
401282616,2021,2,regular,2021-09-11T00:00:00.000Z,Duke,ACC,45,North Carolina A&T,Big South,17,"[{'provider': 'Bovada', 'spread': -23.0, 'formatted_spread': 'Duke -23.0', 'spread_open': -21.0, 'over_under': 56.0, 'over_under_open': 55.5, 'home_moneyline': -1700.0, 'away_moneyline': 850.0}]",-23.0
401282759,2021,5,regular,2021-10-02T00:00:00.000Z,Maryland,Big Ten,14,Iowa,Big Ten,51,"[{'provider': 'Bovada', 'spread': 3.0, 'formatted_spread': 'Iowa -3.0', 'spread_open': 4.0, 'over_under': 47.5, 'over_under_open': 45.5, 'home_moneyline': 140.0, 'away_moneyline': -165.0}]",3.0
401282729,2021,5,regular,2021-10-02T23:30:00.000Z,Penn State,Big Ten,24,Indiana,Big Ten,0,"[{'provider': 'Bovada', 'spread': -12.5, 'formatted_spread': 'Penn State -12.5', 'spread_open': -11.5, 'over_under': 53.5, 'over_under_open': 51.5, 'home_moneyline': -520.0, 'away_moneyline': 375.0}]",-12.5
401282708,2021,5,regular,2021-10-02T18:30:00.000Z,Notre Dame,FBS Independents,13,Cincinnati,American Athletic,24,"[{'provider': 'Bovada', 'spread': 2.0, 'formatted_spread': 'Cincinnati -2.0', 'spread_open': 2.0, 'over_under': 50.5, 'over_under_open': 51.0, 'home_moneyline': 105.0, 'away_moneyline': -120.0}]",2.0
401282776,2021,5,regular,2021-10-02T16:00:00.000Z,Wisconsin,Big Ten,17,Michigan,Big Ten,38,"[{'provider': 'Bovada', 'spread': -1.5, 'formatted_spread': 'Wisconsin -1.5', 'spread_open': 1.0, 'over_under': 43.5, 'over_under_open': 43.5, 'home_moneyline': -125.0, 'away_moneyline': 105.0}]",-1.5
401282651,2021,5,regular,2021-10-02T16:30:00.000Z,Wake Forest,ACC,37,Louisville,ACC,34,"[{'provider': 'Bovada', 'spread': -7.0, 'formatted_spread': 'Wake Forest -7.0', 'spread_open': -7.0, 'over_under': 64.0, 'over_under_open': 60.5, 'home_moneyline': -280.0, 'away_moneyline': 230.0}]",-7.0
401282793,2021,5,regular,2021-10-02T16:00:00.000Z,Purdue,Big Ten,13,Minnesota,Big Ten,20,"[{'provider': 'Bovada', 'spread': -2.5, 'formatted_spread': 'Purdue -2.5', 'spread_open': -2.0, 'over_under': 46.5, 'over_under_open': 47.5, 'home_moneyline': -130.0, 'away_moneyline': 110.0}]",-2.5
401282758,2021,6,regular,2021-10-09T20:00:00.000Z,Iowa,Big Ten,23,Penn State,Big Ten,20,"[{'provider': 'Bovada', 'spread': -2.5, 'formatted_spread': 'Iowa -2.5', 'spread_open': -3.0, 'over_under': 41.0, 'over_under_open': 42.5, 'home_moneyline': -130.0, 'away_moneyline': 110.0}]",-2.5
401282769,2021,6,regular,2021-10-09T16:00:00.000Z,Ohio State,Big Ten,66,Maryland,Big Ten,17,"[{'provider': 'Bovada', 'spread': -22.0, 'formatted_spread': 'Ohio State -22.0', 'spread_open': -20.0, 'over_under': 71.5, 'over_under_open': 68.0, 'home_moneyline': -1600.0, 'away_moneyline': 800.0}]",-22.0
401282778,2021,6,regular,2021-10-09T23:30:00.000Z,Nebraska,Big Ten,29,Michigan,Big Ten,32,"[{'provider': 'Bovada', 'spread': 3.0, 'formatted_spread': 'Michigan -3.0', 'spread_open': 3.0, 'over_under': 49.5, 'over_under_open': 52.0, 'home_moneyline': 125.0, 'away_moneyline': -145.0}]",3.0
401282788,2021,6,regular,2021-10-09T16:00:00.000Z,Rutgers,Big Ten,13,Michigan State,Big Ten,31,"[{'provider': 'Bovada', 'spread': 4.5, 'formatted_spread': 'Michigan State -4.5', 'spread_open': 5.0, 'over_under': 50.0, 'over_under_open': 50.0, 'home_moneyline': 165.0, 'away_moneyline': -195.0}]",4.5
401287917,2021,6,regular,2021-10-09T16:00:00.000Z,Baylor,Big 12,45,West Virginia,Big 12,20,"[{'provider': 'Bovada', 'spread': -1.0, 'formatted_spread': 'Baylor -1.0', 'spread_open': -3.0, 'over_under': 45.0, 'over_under_open': 44.5, 'home_moneyline': -140.0, 'away_moneyline': 120.0}]",-1.0
401282718,2021,6,regular,2021-10-09T19:30:00.000Z,Illinois,Big Ten,0,Wisconsin,Big Ten,24,"[{'provider': 'Bovada', 'spread': 12.0, 'formatted_spread': 'Wisconsin -12.0', 'spread_open': 9.0, 'over_under': 42.0, 'over_under_open': 43.0, 'home_moneyline': 315.0, 'away_moneyline': -420.0}]",12.0
401286191,2021,6,regular,2021-10-09T19:30:00.000Z,UMass,FBS Independents,27,Connecticut,FBS Independents,13,"[{'provider': 'Bovada', 'spread': 3.0, 'formatted_spread': 'Connecticut -3.0', 'spread_open': 2.0, 'over_under': 57.0, 'over_under_open': 55.0, 'home_moneyline': 135.0, 'away_moneyline': -160.0}]",3.0
401301010,2021,4,regular,2021-09-25T16:00:00.000Z,Temple,American Athletic,41,Wagner,NEC,7,"[{'provider': 'Bovada', 'spread': -36.5, 'formatted_spread': 'Temple -36.5', 'spread_open': -35.0, 'over_under': 55.5, 'over_under_open': 56.0, 'home_moneyline': None, 'away_moneyline': None}]",-36.5
401282060,2021,2,regular,2021-09-11T19:30:00.000Z,Georgia,SEC,56,UAB,Conference USA,7,"[{'provider': 'Bovada', 'spread': -22.5, 'formatted_spread': 'Georgia -22.5', 'spread_open': -27.0, 'over_under': 44.0, 'over_under_open': 44.5, 'home_moneyline': -2300.0, 'away_moneyline': 1025.0}]",-22.5
401282620,2021,2,regular,2021-09-11T23:00:00.000Z,Miami,ACC,25,Appalachian State,Sun Belt,23,"[{'provider': 'Bovada', 'spread': -8.0, 'formatted_spread': 'Miami -8.0', 'spread_open': -8.0, 'over_under': 54.5, 'over_under_open': 54.0, 'home_moneyline': -330.0, 'away_moneyline': 265.0}]",-8.0
401282066,2021,2,regular,2021-09-11T16:00:00.000Z,Tennessee,SEC,34,Pittsburgh,ACC,41,"[{'provider': 'Bovada', 'spread': 4.0, 'formatted_spread': 'Pittsburgh -4.0', 'spread_open': 2.5, 'over_under': 56.0, 'over_under_open': 53.0, 'home_moneyline': 140.0, 'away_moneyline': -165.0}]",4.0
401282064,2021,2,regular,2021-09-11T23:00:00.000Z,Mississippi State,SEC,24,NC State,ACC,10,"[{'provider': 'Bovada', 'spread': 1.0, 'formatted_spread': 'NC State -1.0', 'spread_open': 2.0, 'over_under': 55.5, 'over_under_open': 55.5, 'home_moneyline': 125.0, 'away_moneyline': -120.0}]",1.0
401282061,2021,2,regular,2021-09-11T23:30:00.000Z,Kentucky,SEC,35,Missouri,SEC,28,"[{'provider': 'Bovada', 'spread': -5.5, 'formatted_spread': 'Kentucky -5.5', 'spread_open': -6.0, 'over_under': 57.0, 'over_under_open': 53.0, 'home_moneyline': -210.0, 'away_moneyline': 175.0}]",-5.5
401282062,2021,2,regular,2021-09-12T00:00:00.000Z,LSU,SEC,34,McNeese,Southland,7,"[{'provider': 'Bovada', 'spread': -39.0, 'formatted_spread': 'LSU -39.0', 'spread_open': -39.0, 'over_under': 66.0, 'over_under_open': 67.0, 'home_moneyline': None, 'away_moneyline': None}]",-39.0
401282617,2021,2,regular,2021-09-12T00:00:00.000Z,Florida State,ACC,17,Jacksonville State,AWC,20,"[{'provider': 'Bovada', 'spread': -27.0, 'formatted_spread': 'Florida State -27.0', 'spread_open': -26.5, 'over_under': 56.5, 'over_under_open': 56.5, 'home_moneyline': None, 'away_moneyline': None}]",-27.0
401282251,2021,10,regular,2021-11-06T19:30:00.000Z,Western Kentucky,Conference USA,48,Middle Tennessee,Conference USA,21,"[{'provider': 'Bovada', 'spread': -18.0, 'formatted_spread': 'Western Kentucky -18.0', 'spread_open': -15.0, 'over_under': 67.0, 'over_under_open': 68.0, 'home_moneyline': -900.0, 'away_moneyline': 575.0}]",-18.0
401310746,2021,11,regular,2021-11-14T03:30:00.000Z,San Diego State,Mountain West,23,Nevada,Mountain West,21,"[{'provider': 'Bovada', 'spread': -3.0, 'formatted_spread': 'San Diego State -3.0', 'spread_open': 0.0, 'over_under': 45.0, 'over_under_open': 46.0, 'home_moneyline': -150.0, 'away_moneyline': 130.0}]",-3.0
401301051,2021,13,regular,2021-11-26T20:30:00.000Z,East Carolina,American Athletic,13,Cincinnati,American Athletic,35,"[{'provider': 'Bovada', 'spread': 14.0, 'formatted_spread': 'Cincinnati -14.0', 'spread_open': 14.0, 'over_under': 56.5, 'over_under_open': 58.0, 'home_moneyline': 410.0, 'away_moneyline': -585.0}]",14.0
401287952,2021,13,regular,2021-11-26T17:00:00.000Z,Texas,Big 12,22,Kansas State,Big 12,17,"[{'provider': 'Bovada', 'spread': -3.0, 'formatted_spread': 'Texas -3.0', 'spread_open': -2.0, 'over_under': 54.5, 'over_under_open': 52.0, 'home_moneyline': -145.0, 'away_moneyline': 125.0}]",-3.0
401301052,2021,13,regular,2021-11-27T17:00:00.000Z,Connecticut,FBS Independents,17,Houston,American Athletic,45,"[{'provider': 'Bovada', 'spread': 32.5, 'formatted_spread': 'Houston -32.5', 'spread_open': 32.5, 'over_under': 54.5, 'over_under_open': 57.5, 'home_moneyline': None, 'away_moneyline': None}]",32.5
401301053,2021,13,regular,2021-11-28T00:30:00.000Z,Memphis,American Athletic,33,Tulane,American Athletic,28,"[{'provider': 'Bovada', 'spread': -6.0, 'formatted_spread': 'Memphis -6.0', 'spread_open': -5.5, 'over_under': 58.0, 'over_under_open': 57.5, 'home_moneyline': -225.0, 'away_moneyline': 185.0}]",-6.0
401282068,2021,2,regular,2021-09-12T02:00:00.000Z,Colorado State,Mountain West,21,Vanderbilt,SEC,24,"[{'provider': 'Bovada', 'spread': -7.0, 'formatted_spread': 'Colorado State -7.0', 'spread_open': -5.5, 'over_under': 51.5, 'over_under_open': 48.5, 'home_moneyline': -270.0, 'away_moneyline': 220.0}]",-7.0
401282809,2021,2,regular,2021-09-11T16:00:00.000Z,Ohio State,Big Ten,28,Oregon,Pac-12,35,"[{'provider': 'Bovada', 'spread': -14.5, 'formatted_spread': 'Ohio State -14.5', 'spread_open': -14.0, 'over_under': 65.0, 'over_under_open': 63.5, 'home_moneyline': -700.0, 'away_moneyline': 450.0}]",-14.5
401287898,2021,2,regular,2021-09-11T23:00:00.000Z,Oklahoma,Big 12,76,Western Carolina,Southern,0,"[{'provider': 'Bovada', 'spread': -50.5, 'formatted_spread': 'Oklahoma -50.5', 'spread_open': -50.5, 'over_under': 65.0, 'over_under_open': 65.0, 'home_moneyline': None, 'away_moneyline': None}]",-50.5
401301002,2021,2,regular,2021-09-11T19:30:00.000Z,Cincinnati,American Athletic,42,Murray State,OVC,7,"[{'provider': 'Bovada', 'spread': -36.5, 'formatted_spread': 'Cincinnati -36.5', 'spread_open': -36.5, 'over_under': 51.5, 'over_under_open': 51.5, 'home_moneyline': None, 'away_moneyline': None}]",-36.5
401282705,2021,2,regular,2021-09-11T18:30:00.000Z,Notre Dame,FBS Independents,32,Toledo,Mid-American,29,"[{'provider': 'Bovada', 'spread': -17.0, 'formatted_spread': 'Notre Dame -17.0', 'spread_open': -18.5, 'over_under': 56.0, 'over_under_open': 53.0, 'home_moneyline': -900.0, 'away_moneyline': 550.0}]",-17.0
401282754,2021,2,regular,2021-09-11T20:30:00.000Z,Iowa State,Big 12,17,Iowa,Big Ten,27,"[{'provider': 'Bovada', 'spread': -4.5, 'formatted_spread': 'Iowa State -4.5', 'spread_open': -3.5, 'over_under': 46.0, 'over_under_open': 44.5, 'home_moneyline': -185.0, 'away_moneyline': 160.0}]",-4.5
401282816,2021,2,regular,2021-09-11T19:30:00.000Z,Penn State,Big Ten,44,Ball State,Mid-American,13,"[{'provider': 'Bovada', 'spread': -22.5, 'formatted_spread': 'Penn State -22.5', 'spread_open': -22.5, 'over_under': 58.0, 'over_under_open': 53.5, 'home_moneyline': -2000.0, 'away_moneyline': 950.0}]",-22.5
401282825,2021,2,regular,2021-09-11T23:00:00.000Z,Wisconsin,Big Ten,34,Eastern Michigan,Mid-American,7,"[{'provider': 'Bovada', 'spread': -26.5, 'formatted_spread': 'Wisconsin -26.5', 'spread_open': -24.5, 'over_under': 52.0, 'over_under_open': 51.5, 'home_moneyline': -4100.0, 'away_moneyline': 1225.0}]",-26.5
401282624,2021,2,regular,2021-09-11T15:00:00.000Z,Virginia,ACC,42,Illinois,Big Ten,14,"[{'provider': 'Bovada', 'spread': -10.5, 'formatted_spread': 'Virginia -10.5', 'spread_open': -10.5, 'over_under': 57.0, 'over_under_open': 54.5, 'home_moneyline': -430.0, 'away_moneyline': 320.0}]",-10.5
401282625,2021,2,regular,2021-09-11T16:00:00.000Z,Wake Forest,ACC,41,Norfolk State,MEAC,16,"[{'provider': 'Bovada', 'spread': -43.0, 'formatted_spread': 'Wake Forest -43.0', 'spread_open': -43.0, 'over_under': 58.5, 'over_under_open': 58.5, 'home_moneyline': None, 'away_moneyline': None}]",-43.0
401282783,2021,2,regular,2021-09-11T16:00:00.000Z,Michigan State,Big Ten,42,Youngstown State,MVFC,14,"[{'provider': 'Bovada', 'spread': -28.0, 'formatted_spread': 'Michigan State -28.0', 'spread_open': -27.0, 'over_under': 52.0, 'over_under_open': 52.5, 'home_moneyline': None, 'away_moneyline': None}]",-28.0
401282790,2021,2,regular,2021-09-11T16:00:00.000Z,Minnesota,Big Ten,31,Miami (OH),Mid-American,26,"[{'provider': 'Bovada', 'spread': -19.0, 'formatted_spread': 'Minnesota -19.0', 'spread_open': -21.0, 'over_under': 55.0, 'over_under_open': 56.0, 'home_moneyline': -1300.0, 'away_moneyline': 725.0}]",-19.0
401282804,2021,2,regular,2021-09-11T16:00:00.000Z,Northwestern,Big Ten,24,Indiana State,MVFC,6,"[{'provider': 'Bovada', 'spread': -28.5, 'formatted_spread': 'Northwestern -28.5', 'spread_open': -28.5, 'over_under': 46.0, 'over_under_open': 46.5, 'home_moneyline': None, 'away_moneyline': None}]",-28.5
401287899,2021,2,regular,2021-09-11T16:00:00.000Z,Oklahoma State,Big 12,28,Tulsa,American Athletic,23,"[{'provider': 'Bovada', 'spread': -12.0, 'formatted_spread': 'Oklahoma State -12.0', 'spread_open': -12.5, 'over_under': 51.0, 'over_under_open': 51.0, 'home_moneyline': -500.0, 'away_moneyline': 360.0}]",-12.0
401301000,2021,2,regular,2021-09-11T17:00:00.000Z,Tulane,American Athletic,69,Morgan State,MEAC,20,"[{'provider': 'Bovada', 'spread': -48.0, 'formatted_spread': 'Tulane -48.0', 'spread_open': -47.0, 'over_under': 58.0, 'over_under_open': 57.5, 'home_moneyline': None, 'away_moneyline': None}]",-48.0
401282820,2021,2,regular,2021-09-11T19:00:00.000Z,Connecticut,FBS Independents,0,Purdue,Big Ten,49,"[{'provider': 'Bovada', 'spread': 35.0, 'formatted_spread': 'Purdue -35.0', 'spread_open': 33.5, 'over_under': 57.0, 'over_under_open': 56.5, 'home_moneyline': None, 'away_moneyline': None}]",35.0
401282623,2021,2,regular,2021-09-11T19:30:00.000Z,UMass,FBS Independents,28,Boston College,ACC,45,"[{'provider': 'Bovada', 'spread': 38.0, 'formatted_spread': 'Boston College -38.0', 'spread_open': 37.0, 'over_under': 57.0, 'over_under_open': 59.0, 'home_moneyline': None, 'away_moneyline': None}]",38.0
401282797,2021,2,regular,2021-09-11T19:30:00.000Z,Nebraska,Big Ten,28,Buffalo,Mid-American,3,"[{'provider': 'Bovada', 'spread': -14.0, 'formatted_spread': 'Nebraska -14.0', 'spread_open': -12.0, 'over_under': 54.5, 'over_under_open': 52.0, 'home_moneyline': -605.0, 'away_moneyline': 420.0}]",-14.0
401287900,2021,2,regular,2021-09-11T19:30:00.000Z,TCU,Big 12,34,California,Pac-12,32,"[{'provider': 'Bovada', 'spread': -11.5, 'formatted_spread': 'TCU -11.5', 'spread_open': -9.5, 'over_under': 47.0, 'over_under_open': 48.5, 'home_moneyline': -450.0, 'away_moneyline': 325.0}]",-11.5
401300999,2021,2,regular,2021-09-11T19:30:00.000Z,Akron,Mid-American,24,Temple,American Athletic,45,"[{'provider': 'Bovada', 'spread': 7.0, 'formatted_spread': 'Temple -7.0', 'spread_open': 7.0, 'over_under': 52.5, 'over_under_open': 52.0, 'home_moneyline': 210.0, 'away_moneyline': -250.0}]",7.0
401287902,2021,2,regular,2021-09-11T21:00:00.000Z,West Virginia,Big 12,66,Long Island University,NEC,0,"[{'provider': 'Bovada', 'spread': -49.0, 'formatted_spread': 'West Virginia -49.0', 'spread_open': -48.5, 'over_under': 56.0, 'over_under_open': 56.0, 'home_moneyline': None, 'away_moneyline': None}]",-49.0
401286295,2021,2,regular,2021-09-11T23:00:00.000Z,Troy,Sun Belt,13,Liberty,FBS Independents,21,"[{'provider': 'Bovada', 'spread': 4.5, 'formatted_spread': 'Liberty -4.5', 'spread_open': 5.5, 'over_under': 62.0, 'over_under_open': 59.5, 'home_moneyline': 160.0, 'away_moneyline': -185.0}]",4.5
401287895,2021,2,regular,2021-09-11T23:00:00.000Z,Baylor,Big 12,66,Texas Southern,SWAC,7,"[{'provider': 'Bovada', 'spread': -44.5, 'formatted_spread': 'Baylor -44.5', 'spread_open': -44.5, 'over_under': 53.0, 'over_under_open': 53.0, 'home_moneyline': None, 'away_moneyline': None}]",-44.5
401287897,2021,2,regular,2021-09-11T23:00:00.000Z,Kansas State,Big 12,31,Southern Illinois,MVFC,23,"[{'provider': 'Bovada', 'spread': -17.0, 'formatted_spread': 'Kansas State -17.0', 'spread_open': -17.0, 'over_under': 55.0, 'over_under_open': 55.0, 'home_moneyline': None, 'away_moneyline': None}]",-17.0
401282063,2021,2,regular,2021-09-11T23:30:00.000Z,Ole Miss,SEC,54,Austin Peay,OVC,17,"[{'provider': 'Bovada', 'spread': -35.5, 'formatted_spread': 'Ole Miss -35.5', 'spread_open': -34.5, 'over_under': 69.5, 'over_under_open': 69.5, 'home_moneyline': None, 'away_moneyline': None}]",-35.5
401282621,2021,2,regular,2021-09-11T23:30:00.000Z,North Carolina,ACC,59,Georgia State,Sun Belt,17,"[{'provider': 'Bovada', 'spread': -26.0, 'formatted_spread': 'North Carolina -26.0', 'spread_open': -25.5, 'over_under': 65.5, 'over_under_open': 61.0, 'home_moneyline': -3500.0, 'away_moneyline': 1175.0}]",-26.0
401282618,2021,2,regular,2021-09-11T16:00:00.000Z,Georgia Tech,ACC,45,Kennesaw State,Big South,17,"[{'provider': 'Bovada', 'spread': -20.0, 'formatted_spread': 'Georgia Tech -20.0', 'spread_open': -18.0, 'over_under': 53.0, 'over_under_open': 53.0, 'home_moneyline': None, 'away_moneyline': None}]",-20.0
401282622,2021,2,regular,2021-09-11T18:00:00.000Z,Syracuse,ACC,7,Rutgers,Big Ten,17,"[{'provider': 'Bovada', 'spread': 2.5, 'formatted_spread': 'Rutgers -2.5', 'spread_open': 2.0, 'over_under': 51.0, 'over_under_open': 52.0, 'home_moneyline': 110.0, 'away_moneyline': -130.0}]",2.5
401309914,2021,10,regular,2021-11-06T19:30:00.000Z,BYU,FBS Independents,59,Idaho State,Big Sky,14,"[{'provider': 'Bovada', 'spread': -36.0, 'formatted_spread': 'BYU -36.0', 'spread_open': -36.0, 'over_under': 55.0, 'over_under_open': 54.0, 'home_moneyline': None, 'away_moneyline': None}]",-36.0
401310735,2021,10,regular,2021-11-06T23:00:00.000Z,Fresno State,Mountain West,14,Boise State,Mountain West,40,"[{'provider': 'Bovada', 'spread': -5.0, 'formatted_spread': 'Fresno State -5.0', 'spread_open': -5.5, 'over_under': 61.0, 'over_under_open': 58.0, 'home_moneyline': -210.0, 'away_moneyline': 175.0}]",-5.0
401310739,2021,10,regular,2021-11-07T03:00:00.000Z,Hawai'i,Mountain West,10,San Diego State,Mountain West,17,"[{'provider': 'Bovada', 'spread': 7.0, 'formatted_spread': 'San Diego State -7.0', 'spread_open': 7.5, 'over_under': 45.0, 'over_under_open': 46.5, 'home_moneyline': 250.0, 'away_moneyline': -300.0}]",7.0
401310736,2021,10,regular,2021-11-06T19:30:00.000Z,Wyoming,Mountain West,31,Colorado State,Mountain West,17,"[{'provider': 'Bovada', 'spread': 3.5, 'formatted_spread': 'Colorado State -3.5', 'spread_open': 3.5, 'over_under': 41.0, 'over_under_open': 40.0, 'home_moneyline': 140.0, 'away_moneyline': -165.0}]",3.5
401310738,2021,10,regular,2021-11-06T20:00:00.000Z,New Mexico State,FBS Independents,13,Utah State,Mountain West,35,"[{'provider': 'Bovada', 'spread': 18.5, 'formatted_spread': 'Utah State -18.5', 'spread_open': 17.0, 'over_under': 72.0, 'over_under_open': 70.0, 'home_moneyline': 625.0, 'away_moneyline': -1000.0}]",18.5
401310737,2021,10,regular,2021-11-06T23:00:00.000Z,New Mexico,Mountain West,17,UNLV,Mountain West,31,"[{'provider': 'Bovada', 'spread': -1.5, 'formatted_spread': 'New Mexico -1.5', 'spread_open': -1.0, 'over_under': 45.0, 'over_under_open': 45.0, 'home_moneyline': -120.0, 'away_moneyline': 105.0}]",-1.5
401310740,2021,10,regular,2021-11-07T02:00:00.000Z,Nevada,Mountain West,27,San José State,Mountain West,24,"[{'provider': 'Bovada', 'spread': -11.0, 'formatted_spread': 'Nevada -11.0', 'spread_open': -10.0, 'over_under': 55.5, 'over_under_open': 55.0, 'home_moneyline': -455.0, 'away_moneyline': 335.0}]",-11.0
401308840,2021,11,regular,2021-11-10T00:00:00.000Z,Miami (OH),Mid-American,45,Buffalo,Mid-American,18,"[{'provider': 'Bovada', 'spread': -7.0, 'formatted_spread': 'Miami (OH) -7.0', 'spread_open': -7.0, 'over_under': 58.0, 'over_under_open': 57.0, 'home_moneyline': -290.0, 'away_moneyline': 240.0}]",-7.0
401309584,2021,11,regular,2021-11-10T00:00:00.000Z,Western Michigan,Mid-American,45,Akron,Mid-American,40,"[{'provider': 'Bovada', 'spread': -24.0, 'formatted_spread': 'Western Michigan -24.0', 'spread_open': -26.0, 'over_under': 62.0, 'over_under_open': 62.0, 'home_moneyline': -3500.0, 'away_moneyline': 1175.0}]",-24.0
401309583,2021,11,regular,2021-11-10T01:00:00.000Z,Eastern Michigan,Mid-American,26,Ohio,Mid-American,34,"[{'provider': 'Bovada', 'spread': -6.5, 'formatted_spread': 'Eastern Michigan -6.5', 'spread_open': -7.5, 'over_under': 62.0, 'over_under_open': 60.5, 'home_moneyline': -240.0, 'away_moneyline': 200.0}]",-6.5
401309585,2021,11,regular,2021-11-11T00:00:00.000Z,Bowling Green,Mid-American,17,Toledo,Mid-American,49,"[{'provider': 'Bovada', 'spread': 10.5, 'formatted_spread': 'Toledo -10.5', 'spread_open': 9.5, 'over_under': 50.5, 'over_under_open': 51.5, 'home_moneyline': 310.0, 'away_moneyline': -415.0}]",10.5
401309586,2021,11,regular,2021-11-11T01:00:00.000Z,Central Michigan,Mid-American,54,Kent State,Mid-American,30,"[{'provider': 'Bovada', 'spread': -2.5, 'formatted_spread': 'Central Michigan -2.5', 'spread_open': -3.0, 'over_under': 76.5, 'over_under_open': 72.5, 'home_moneyline': -135.0, 'away_moneyline': 115.0}]",-2.5
401282067,2021,2,regular,2021-09-11T19:30:00.000Z,Colorado,Pac-12,7,Texas A&M,SEC,10,"[{'provider': 'Bovada', 'spread': 17.0, 'formatted_spread': 'Texas A&M -17.0', 'spread_open': 17.0, 'over_under': 50.0, 'over_under_open': 52.0, 'home_moneyline': 550.0, 'away_moneyline': -900.0}]",17.0
401282619,2021,2,regular,2021-09-11T23:00:00.000Z,Louisville,ACC,30,Eastern Kentucky,AWC,3,"[{'provider': 'Bovada', 'spread': -30.0, 'formatted_spread': 'Louisville -30.0', 'spread_open': -30.0, 'over_under': 62.5, 'over_under_open': 62.5, 'home_moneyline': None, 'away_moneyline': None}]",-30.0
401282182,2021,2,regular,2021-09-11T23:00:00.000Z,Florida International,Conference USA,17,Texas State,Sun Belt,23,"[{'provider': 'Bovada', 'spread': -2.0, 'formatted_spread': 'Florida International -2.0', 'spread_open': -1.0, 'over_under': 55.0, 'over_under_open': 54.0, 'home_moneyline': -130.0, 'away_moneyline': 110.0}]",-2.0
401286189,2021,3,regular,2021-09-18T16:00:00.000Z,Army,FBS Independents,52,Connecticut,FBS Independents,21,"[{'provider': 'Bovada', 'spread': -35.0, 'formatted_spread': 'Army -35.0', 'spread_open': -33.0, 'over_under': 47.5, 'over_under_open': 51.5, 'home_moneyline': None, 'away_moneyline': None}]",-35.0
401282065,2021,2,regular,2021-09-11T16:00:00.000Z,East Carolina,American Athletic,17,South Carolina,SEC,20,"[{'provider': 'Bovada', 'spread': 3.0, 'formatted_spread': 'South Carolina -3.0', 'spread_open': -2.0, 'over_under': 56.5, 'over_under_open': 55.0, 'home_moneyline': 115.0, 'away_moneyline': -135.0}]",3.0
401282133,2021,11,regular,2021-11-13T20:30:00.000Z,Tennessee,SEC,17,Georgia,SEC,41,"[{'provider': 'Bovada', 'spread': 20.0, 'formatted_spread': 'Georgia -20.0', 'spread_open': 20.5, 'over_under': 56.0, 'over_under_open': 54.5, 'home_moneyline': 750.0, 'away_moneyline': -1400.0}]",20.0
401282131,2021,11,regular,2021-11-14T00:00:00.000Z,Ole Miss,SEC,29,Texas A&M,SEC,19,"[{'provider': 'Bovada', 'spread': 2.5, 'formatted_spread': 'Texas A&M -2.5', 'spread_open': 1.5, 'over_under': 57.0, 'over_under_open': 55.0, 'home_moneyline': 115.0, 'away_moneyline': -135.0}]",2.5
401282128,2021,11,regular,2021-11-13T17:00:00.000Z,Auburn,SEC,34,Mississippi State,SEC,43,"[{'provider': 'Bovada', 'spread': -6.0, 'formatted_spread': 'Auburn -6.0', 'spread_open': -5.5, 'over_under': 51.0, 'over_under_open': 51.0, 'home_moneyline': -210.0, 'away_moneyline': 175.0}]",-6.0
401282130,2021,11,regular,2021-11-14T00:30:00.000Z,LSU,SEC,13,Arkansas,SEC,16,"[{'provider': 'Bovada', 'spread': 3.0, 'formatted_spread': 'Arkansas -3.0', 'spread_open': 1.5, 'over_under': 59.0, 'over_under_open': 58.5, 'home_moneyline': 125.0, 'away_moneyline': -145.0}]",3.0
401282129,2021,11,regular,2021-11-13T17:00:00.000Z,Florida,SEC,70,Samford,Southern,52,"[{'provider': 'Bovada', 'spread': -37.0, 'formatted_spread': 'Florida -37.0', 'spread_open': -35.5, 'over_under': 69.0, 'over_under_open': 69.0, 'home_moneyline': None, 'away_moneyline': None}]",-37.0
401282254,2021,11,regular,2021-11-13T20:30:00.000Z,Louisiana Tech,Conference USA,42,Charlotte,Conference USA,32,"[{'provider': 'Bovada', 'spread': -7.0, 'formatted_spread': 'Louisiana Tech -7.0', 'spread_open': -6.0, 'over_under': 58.5, 'over_under_open': 57.0, 'home_moneyline': -275.0, 'away_moneyline': 225.0}]",-7.0
401282255,2021,11,regular,2021-11-13T20:30:00.000Z,Middle Tennessee,Conference USA,50,Florida International,Conference USA,10,"[{'provider': 'Bovada', 'spread': -10.0, 'formatted_spread': 'Middle Tennessee -10.0', 'spread_open': -10.0, 'over_under': 55.0, 'over_under_open': 56.0, 'home_moneyline': -415.0, 'away_moneyline': 310.0}]",-10.0
401282132,2021,11,regular,2021-11-13T21:00:00.000Z,Missouri,SEC,31,South Carolina,SEC,28,"[{'provider': 'Bovada', 'spread': 1.5, 'formatted_spread': 'South Carolina -1.5', 'spread_open': -1.5, 'over_under': 55.0, 'over_under_open': 54.5, 'home_moneyline': -105.0, 'away_moneyline': -120.0}]",1.5
401282134,2021,11,regular,2021-11-14T00:00:00.000Z,Vanderbilt,SEC,17,Kentucky,SEC,34,"[{'provider': 'Bovada', 'spread': 21.5, 'formatted_spread': 'Kentucky -21.5', 'spread_open': 21.5, 'over_under': 53.0, 'over_under_open': 52.5, 'home_moneyline': 800.0, 'away_moneyline': -1600.0}]",21.5
401282274,2021,13,regular,2021-11-26T19:00:00.000Z,UAB,Conference USA,42,UTEP,Conference USA,25,"[{'provider': 'Bovada', 'spread': -13.5, 'formatted_spread': 'UAB -13.5', 'spread_open': -13.0, 'over_under': 50.0, 'over_under_open': 49.5, 'home_moneyline': -555.0, 'away_moneyline': 395.0}]",-13.5
401301054,2021,13,regular,2021-11-27T17:00:00.000Z,Temple,American Athletic,14,Navy,American Athletic,38,"[{'provider': 'Bovada', 'spread': 13.5, 'formatted_spread': 'Navy -13.5', 'spread_open': 13.0, 'over_under': 42.5, 'over_under_open': 43.5, 'home_moneyline': 385.0, 'away_moneyline': -535.0}]",13.5
401301055,2021,13,regular,2021-11-27T21:00:00.000Z,SMU,American Athletic,31,Tulsa,American Athletic,34,"[{'provider': 'Bovada', 'spread': -6.5, 'formatted_spread': 'SMU -6.5', 'spread_open': -6.5, 'over_under': 62.0, 'over_under_open': 62.5, 'home_moneyline': -240.0, 'away_moneyline': 200.0}]",-6.5
401309859,2021,4,regular,2021-09-26T02:30:00.000Z,Oregon,Pac-12,41,Arizona,Pac-12,19,"[{'provider': 'Bovada', 'spread': -29.5, 'formatted_spread': 'Oregon -29.5', 'spread_open': -28.0, 'over_under': 58.0, 'over_under_open': 58.0, 'home_moneyline': -6500.0, 'away_moneyline': 1325.0}]",-29.5
401309858,2021,4,regular,2021-09-25T22:00:00.000Z,Stanford,Pac-12,24,UCLA,Pac-12,35,"[{'provider': 'Bovada', 'spread': 4.0, 'formatted_spread': 'UCLA -4.0', 'spread_open': 3.5, 'over_under': 60.0, 'over_under_open': 59.0, 'home_moneyline': 160.0, 'away_moneyline': -185.0}]",4.0
401310706,2021,4,regular,2021-09-25T16:00:00.000Z,Utah State,Mountain West,3,Boise State,Mountain West,27,"[{'provider': 'Bovada', 'spread': 9.5, 'formatted_spread': 'Boise State -9.5', 'spread_open': 9.0, 'over_under': 70.0, 'over_under_open': 63.5, 'home_moneyline': 280.0, 'away_moneyline': -360.0}]",9.5
401309861,2021,4,regular,2021-09-25T18:30:00.000Z,Utah,Pac-12,24,Washington State,Pac-12,13,"[{'provider': 'Bovada', 'spread': -15.0, 'formatted_spread': 'Utah -15.0', 'spread_open': -14.0, 'over_under': 53.5, 'over_under_open': 55.0, 'home_moneyline': -700.0, 'away_moneyline': 475.0}]",-15.0
401309611,2021,4,regular,2021-09-26T00:00:00.000Z,Louisiana Monroe,Sun Belt,29,Troy,Sun Belt,16,"[{'provider': 'Bovada', 'spread': 24.0, 'formatted_spread': 'Troy -24.0', 'spread_open': 23.0, 'over_under': 49.5, 'over_under_open': 50.0, 'home_moneyline': 1050.0, 'away_moneyline': -2500.0}]",24.0
401309857,2021,4,regular,2021-09-26T01:30:00.000Z,Washington,Pac-12,31,California,Pac-12,24,"[{'provider': 'Bovada', 'spread': -7.0, 'formatted_spread': 'Washington -7.0', 'spread_open': -7.5, 'over_under': 47.5, 'over_under_open': 45.5, 'home_moneyline': -320.0, 'away_moneyline': 260.0}]",-7.0
401309860,2021,4,regular,2021-09-26T02:30:00.000Z,USC,Pac-12,27,Oregon State,Pac-12,45,"[{'provider': 'Bovada', 'spread': -11.0, 'formatted_spread': 'USC -11.0', 'spread_open': -12.5, 'over_under': 62.5, 'over_under_open': 60.5, 'home_moneyline': -460.0, 'away_moneyline': 340.0}]",-11.0
401309862,2021,4,regular,2021-09-26T02:30:00.000Z,Arizona State,Pac-12,35,Colorado,Pac-12,13,"[{'provider': 'Bovada', 'spread': -14.0, 'formatted_spread': 'Arizona State -14.0', 'spread_open': -14.0, 'over_under': 46.0, 'over_under_open': 44.0, 'home_moneyline': -655.0, 'away_moneyline': 445.0}]",-14.0
401282649,2021,5,regular,2021-10-02T16:00:00.000Z,Georgia Tech,ACC,21,Pittsburgh,ACC,52,"[{'provider': 'Bovada', 'spread': 3.0, 'formatted_spread': 'Pittsburgh -3.0', 'spread_open': 3.0, 'over_under': 58.0, 'over_under_open': 57.0, 'home_moneyline': 130.0, 'away_moneyline': -150.0}]",3.0
401282650,2021,5,regular,2021-10-02T16:00:00.000Z,North Carolina,ACC,38,Duke,ACC,7,"[{'provider': 'Bovada', 'spread': -19.5, 'formatted_spread': 'North Carolina -19.5', 'spread_open': -18.0, 'over_under': 73.5, 'over_under_open': 69.0, 'home_moneyline': -1200.0, 'away_moneyline': 700.0}]",-19.5
401309896,2021,11,regular,2021-11-13T19:00:00.000Z,Arizona,Pac-12,29,Utah,Pac-12,38,"[{'provider': 'Bovada', 'spread': 24.5, 'formatted_spread': 'Utah -24.5', 'spread_open': 24.0, 'over_under': 54.5, 'over_under_open': 54.0, 'home_moneyline': 1100.0, 'away_moneyline': -2800.0}]",24.5
401310254,2021,11,regular,2021-11-13T17:00:00.000Z,Army,FBS Independents,63,Bucknell,Patriot,10,"[{'provider': 'Bovada', 'spread': -51.0, 'formatted_spread': 'Army -51.0', 'spread_open': -51.0, 'over_under': 58.5, 'over_under_open': 58.5, 'home_moneyline': None, 'away_moneyline': None}]",-51.0
401309897,2021,11,regular,2021-11-14T00:00:00.000Z,Washington,Pac-12,30,Arizona State,Pac-12,35,"[{'provider': 'Bovada', 'spread': 6.0, 'formatted_spread': 'Arizona State -6.0', 'spread_open': 5.0, 'over_under': 45.5, 'over_under_open': 43.5, 'home_moneyline': 185.0, 'away_moneyline': -225.0}]",6.0
401310741,2021,11,regular,2021-11-14T00:00:00.000Z,Colorado State,Mountain West,21,Air Force,Mountain West,35,"[{'provider': 'Bovada', 'spread': 2.5, 'formatted_spread': 'Air Force -2.5', 'spread_open': 2.5, 'over_under': 45.0, 'over_under_open': 45.5, 'home_moneyline': 115.0, 'away_moneyline': -135.0}]",2.5
401310743,2021,11,regular,2021-11-14T00:00:00.000Z,Fresno State,Mountain West,34,New Mexico,Mountain West,7,"[{'provider': 'Bovada', 'spread': -24.5, 'formatted_spread': 'Fresno State -24.5', 'spread_open': -24.5, 'over_under': 51.0, 'over_under_open': 50.5, 'home_moneyline': -3000.0, 'away_moneyline': 1125.0}]",-24.5
401309898,2021,11,regular,2021-11-14T02:00:00.000Z,UCLA,Pac-12,44,Colorado,Pac-12,20,"[{'provider': 'Bovada', 'spread': -18.0, 'formatted_spread': 'UCLA -18.0', 'spread_open': -15.0, 'over_under': 57.5, 'over_under_open': 58.0, 'home_moneyline': -900.0, 'away_moneyline': 575.0}]",-18.0
401310742,2021,11,regular,2021-11-13T02:00:00.000Z,Boise State,Mountain West,23,Wyoming,Mountain West,13,"[{'provider': 'Bovada', 'spread': -14.0, 'formatted_spread': 'Boise State -14.0', 'spread_open': -14.5, 'over_under': 48.5, 'over_under_open': 48.0, 'home_moneyline': -625.0, 'away_moneyline': 430.0}]",-14.0
401282152,2021,13,regular,2021-11-28T00:30:00.000Z,South Carolina,SEC,0,Clemson,ACC,30,"[{'provider': 'Bovada', 'spread': 11.0, 'formatted_spread': 'Clemson -11.0', 'spread_open': 11.0, 'over_under': 43.0, 'over_under_open': 43.0, 'home_moneyline': 315.0, 'away_moneyline': -420.0}]",11.0
401282268,2021,13,regular,2021-11-27T19:00:00.000Z,Old Dominion,Conference USA,56,Charlotte,Conference USA,34,"[{'provider': 'Bovada', 'spread': -9.5, 'formatted_spread': 'Old Dominion -9.5', 'spread_open': -10.0, 'over_under': 56.0, 'over_under_open': 56.0, 'home_moneyline': -360.0, 'away_moneyline': 280.0}]",-9.5
401309855,2021,3,regular,2021-09-19T02:45:00.000Z,UCLA,Pac-12,37,Fresno State,Mountain West,40,"[{'provider': 'Bovada', 'spread': -11.0, 'formatted_spread': 'UCLA -11.0', 'spread_open': -10.0, 'over_under': 63.5, 'over_under_open': 61.0, 'home_moneyline': -435.0, 'away_moneyline': 325.0}]",-11.0
401282817,2021,4,regular,2021-09-25T16:00:00.000Z,Penn State,Big Ten,38,Villanova,CAA,17,"[{'provider': 'Bovada', 'spread': -30.0, 'formatted_spread': 'Penn State -30.0', 'spread_open': -30.0, 'over_under': 53.0, 'over_under_open': 54.5, 'home_moneyline': None, 'away_moneyline': None}]",-30.0
401301046,2021,12,regular,2021-11-20T20:30:00.000Z,Cincinnati,American Athletic,48,SMU,American Athletic,14,"[{'provider': 'Bovada', 'spread': -10.0, 'formatted_spread': 'Cincinnati -10.0', 'spread_open': -12.5, 'over_under': 65.0, 'over_under_open': 65.0, 'home_moneyline': -395.0, 'away_moneyline': 300.0}]",-10.0
401287947,2021,12,regular,2021-11-20T17:00:00.000Z,West Virginia,Big 12,31,Texas,Big 12,23,"[{'provider': 'Bovada', 'spread': -2.0, 'formatted_spread': 'West Virginia -2.0', 'spread_open': -2.5, 'over_under': 56.5, 'over_under_open': 58.0, 'home_moneyline': -130.0, 'away_moneyline': 110.0}]",-2.0
401301048,2021,12,regular,2021-11-20T17:00:00.000Z,Tulane,American Athletic,45,South Florida,American Athletic,14,"[{'provider': 'Bovada', 'spread': -6.0, 'formatted_spread': 'Tulane -6.0', 'spread_open': -3.5, 'over_under': 60.0, 'over_under_open': 61.0, 'home_moneyline': -220.0, 'away_moneyline': 180.0}]",-6.0
401301047,2021,12,regular,2021-11-20T20:30:00.000Z,Navy,American Athletic,35,East Carolina,American Athletic,38,"[{'provider': 'Bovada', 'spread': 3.5, 'formatted_spread': 'East Carolina -3.5', 'spread_open': 4.0, 'over_under': 46.5, 'over_under_open': 46.5, 'home_moneyline': 160.0, 'away_moneyline': -185.0}]",3.5
401301049,2021,12,regular,2021-11-20T21:00:00.000Z,Tulsa,American Athletic,44,Temple,American Athletic,10,"[{'provider': 'Bovada', 'spread': -22.0, 'formatted_spread': 'Tulsa -22.0', 'spread_open': -22.0, 'over_under': 51.0, 'over_under_open': 50.5, 'home_moneyline': -1700.0, 'away_moneyline': 850.0}]",-22.0
401287946,2021,12,regular,2021-11-21T01:00:00.000Z,Texas Tech,Big 12,0,Oklahoma State,Big 12,23,"[{'provider': 'Bovada', 'spread': 10.0, 'formatted_spread': 'Oklahoma State -10.0', 'spread_open': 10.5, 'over_under': 55.0, 'over_under_open': 56.5, 'home_moneyline': 300.0, 'away_moneyline': -395.0}]",10.0
401287944,2021,12,regular,2021-11-20T17:00:00.000Z,Oklahoma,Big 12,28,Iowa State,Big 12,21,"[{'provider': 'Bovada', 'spread': -3.0, 'formatted_spread': 'Oklahoma -3.0', 'spread_open': -4.0, 'over_under': 59.0, 'over_under_open': 60.0, 'home_moneyline': -170.0, 'away_moneyline': 145.0}]",-3.0
401287945,2021,12,regular,2021-11-20T21:00:00.000Z,TCU,Big 12,31,Kansas,Big 12,28,"[{'provider': 'Bovada', 'spread': -21.0, 'formatted_spread': 'TCU -21.0', 'spread_open': -21.5, 'over_under': 64.5, 'over_under_open': 66.5, 'home_moneyline': -1500.0, 'away_moneyline': 775.0}]",-21.0
401309647,2021,13,regular,2021-11-27T19:00:00.000Z,Arkansas State,Sun Belt,22,Texas State,Sun Belt,24,"[{'provider': 'Bovada', 'spread': -2.0, 'formatted_spread': 'Arkansas State -2.0', 'spread_open': -2.0, 'over_under': 62.0, 'over_under_open': 61.5, 'home_moneyline': -125.0, 'away_moneyline': 105.0}]",-2.0
401309646,2021,13,regular,2021-11-27T19:30:00.000Z,Appalachian State,Sun Belt,27,Georgia Southern,Sun Belt,3,"[{'provider': 'Bovada', 'spread': -24.5, 'formatted_spread': 'Appalachian State -24.5', 'spread_open': -24.5, 'over_under': 55.5, 'over_under_open': 55.5, 'home_moneyline': None, 'away_moneyline': None}]",-24.5
401309890,2021,10,regular,2021-11-06T23:30:00.000Z,Washington,Pac-12,16,Oregon,Pac-12,26,"[{'provider': 'Bovada', 'spread': 7.0, 'formatted_spread': 'Oregon -7.0', 'spread_open': 6.5, 'over_under': 48.0, 'over_under_open': 50.5, 'home_moneyline': 225.0, 'away_moneyline': -275.0}]",7.0
401309889,2021,10,regular,2021-11-06T19:00:00.000Z,Arizona,Pac-12,10,California,Pac-12,3,"[{'provider': 'Bovada', 'spread': 8.5, 'formatted_spread': 'California -8.5', 'spread_open': 12.0, 'over_under': 49.0, 'over_under_open': 50.5, 'home_moneyline': 285.0, 'away_moneyline': -370.0}]",8.5
401309891,2021,10,regular,2021-11-06T23:00:00.000Z,Colorado,Pac-12,37,Oregon State,Pac-12,34,"[{'provider': 'Bovada', 'spread': 11.5, 'formatted_spread': 'Oregon State -11.5', 'spread_open': 10.5, 'over_under': 55.0, 'over_under_open': 54.0, 'home_moneyline': 335.0, 'away_moneyline': -455.0}]",11.5
401282127,2021,11,regular,2021-11-13T17:00:00.000Z,Alabama,SEC,59,New Mexico State,FBS Independents,3,"[{'provider': 'Bovada', 'spread': -50.0, 'formatted_spread': 'Alabama -50.0', 'spread_open': -51.5, 'over_under': 67.0, 'over_under_open': 67.0, 'home_moneyline': None, 'away_moneyline': None}]",-50.0
401309597,2021,13,regular,2021-11-27T17:00:00.000Z,Toledo,Mid-American,49,Akron,Mid-American,14,"[{'provider': 'Bovada', 'spread': -29.0, 'formatted_spread': 'Toledo -29.0', 'spread_open': -28.0, 'over_under': 57.5, 'over_under_open': 57.5, 'home_moneyline': None, 'away_moneyline': None}]",-29.0
401301040,2021,11,regular,2021-11-12T23:00:00.000Z,South Florida,American Athletic,28,Cincinnati,American Athletic,45,"[{'provider': 'Bovada', 'spread': 24.0, 'formatted_spread': 'Cincinnati -24.0', 'spread_open': 23.5, 'over_under': 59.0, 'over_under_open': 59.0, 'home_moneyline': 975.0, 'away_moneyline': -2100.0}]",24.0
401309622,2021,7,regular,2021-10-16T19:00:00.000Z,Texas State,Sun Belt,28,Troy,Sun Belt,31,"[{'provider': 'Bovada', 'spread': 7.5, 'formatted_spread': 'Troy -7.5', 'spread_open': 6.0, 'over_under': 48.5, 'over_under_open': 49.5, 'home_moneyline': 230.0, 'away_moneyline': -280.0}]",7.5
401282250,2021,10,regular,2021-11-06T16:00:00.000Z,UAB,Conference USA,52,Louisiana Tech,Conference USA,38,"[{'provider': 'Bovada', 'spread': -13.5, 'formatted_spread': 'UAB -13.5', 'spread_open': -13.0, 'over_under': 49.0, 'over_under_open': 50.5, 'home_moneyline': -555.0, 'away_moneyline': 395.0}]",-13.5
401301039,2021,10,regular,2021-11-06T16:00:00.000Z,Memphis,American Athletic,28,SMU,American Athletic,25,"[{'provider': 'Bovada', 'spread': 3.5, 'formatted_spread': 'SMU -3.5', 'spread_open': 6.5, 'over_under': 72.0, 'over_under_open': 71.0, 'home_moneyline': 135.0, 'away_moneyline': -160.0}]",3.5
401309633,2021,10,regular,2021-11-06T18:00:00.000Z,Arkansas State,Sun Belt,14,Appalachian State,Sun Belt,48,"[{'provider': 'Bovada', 'spread': 21.5, 'formatted_spread': 'Appalachian State -21.5', 'spread_open': 20.5, 'over_under': 68.0, 'over_under_open': 68.0, 'home_moneyline': 800.0, 'away_moneyline': -1600.0}]",21.5
401309635,2021,10,regular,2021-11-06T19:00:00.000Z,Texas State,Sun Belt,27,Louisiana Monroe,Sun Belt,19,"[{'provider': 'Bovada', 'spread': -3.5, 'formatted_spread': 'Texas State -3.5', 'spread_open': -3.5, 'over_under': 58.0, 'over_under_open': 60.5, 'home_moneyline': -165.0, 'away_moneyline': 140.0}]",-3.5
401309636,2021,10,regular,2021-11-06T19:30:00.000Z,Troy,Sun Belt,31,South Alabama,Sun Belt,24,"[{'provider': 'Bovada', 'spread': -4.0, 'formatted_spread': 'Troy -4.0', 'spread_open': -3.0, 'over_under': 48.0, 'over_under_open': 48.5, 'home_moneyline': -180.0, 'away_moneyline': 155.0}]",-4.0
401282249,2021,10,regular,2021-11-06T22:00:00.000Z,Florida Atlantic,Conference USA,13,Marshall,Conference USA,28,"[{'provider': 'Bovada', 'spread': 1.5, 'formatted_spread': 'Marshall -1.5', 'spread_open': 1.5, 'over_under': 57.5, 'over_under_open': 57.5, 'home_moneyline': 105.0, 'away_moneyline': -120.0}]",1.5
401309634,2021,10,regular,2021-11-06T22:00:00.000Z,Georgia Southern,Sun Belt,8,Coastal Carolina,Sun Belt,28,"[{'provider': 'Bovada', 'spread': 16.0, 'formatted_spread': 'Coastal Carolina -16.0', 'spread_open': 19.0, 'over_under': 56.0, 'over_under_open': 61.5, 'home_moneyline': 700.0, 'away_moneyline': -1200.0}]",16.0
401301038,2021,10,regular,2021-11-06T23:30:00.000Z,South Florida,American Athletic,42,Houston,American Athletic,54,"[{'provider': 'Bovada', 'spread': 13.0, 'formatted_spread': 'Houston -13.0', 'spread_open': 13.0, 'over_under': 52.0, 'over_under_open': 54.5, 'home_moneyline': 400.0, 'away_moneyline': -565.0}]",13.0
401309882,2021,9,regular,2021-10-30T23:00:00.000Z,California,Pac-12,39,Oregon State,Pac-12,25,"[{'provider': 'Bovada', 'spread': 2.0, 'formatted_spread': 'Oregon State -2.0', 'spread_open': 1.5, 'over_under': 55.5, 'over_under_open': 56.0, 'home_moneyline': 105.0, 'away_moneyline': -125.0}]",2.0
401301037,2021,10,regular,2021-11-06T19:30:00.000Z,Cincinnati,American Athletic,28,Tulsa,American Athletic,20,"[{'provider': 'Bovada', 'spread': -22.5, 'formatted_spread': 'Cincinnati -22.5', 'spread_open': -23.0, 'over_under': 56.0, 'over_under_open': 54.5, 'home_moneyline': -2100.0, 'away_moneyline': 975.0}]",-22.5
401287937,2021,10,regular,2021-11-06T19:30:00.000Z,West Virginia,Big 12,3,Oklahoma State,Big 12,24,"[{'provider': 'Bovada', 'spread': 3.5, 'formatted_spread': 'Oklahoma State -3.5', 'spread_open': 3.0, 'over_under': 49.0, 'over_under_open': 49.0, 'home_moneyline': 150.0, 'away_moneyline': -175.0}]",3.5
401287936,2021,10,regular,2021-11-06T19:30:00.000Z,TCU,Big 12,30,Baylor,Big 12,28,"[{'provider': 'Bovada', 'spread': 7.0, 'formatted_spread': 'Baylor -7.0', 'spread_open': 5.0, 'over_under': 58.0, 'over_under_open': 59.0, 'home_moneyline': 225.0, 'away_moneyline': -275.0}]",7.0
401287935,2021,10,regular,2021-11-06T16:00:00.000Z,Kansas,Big 12,10,Kansas State,Big 12,35,"[{'provider': 'Bovada', 'spread': 24.0, 'formatted_spread': 'Kansas State -24.0', 'spread_open': 23.5, 'over_under': 56.0, 'over_under_open': 56.5, 'home_moneyline': 1050.0, 'away_moneyline': -2500.0}]",24.0
401282768,2021,10,regular,2021-11-06T19:30:00.000Z,Maryland,Big Ten,14,Penn State,Big Ten,31,"[{'provider': 'Bovada', 'spread': 10.0, 'formatted_spread': 'Penn State -10.0', 'spread_open': 11.0, 'over_under': 56.0, 'over_under_open': 55.0, 'home_moneyline': 300.0, 'away_moneyline': -395.0}]",10.0
401286303,2021,10,regular,2021-11-06T19:30:00.000Z,UMass,FBS Independents,22,Rhode Island,CAA,35,"[{'provider': 'Bovada', 'spread': -1.0, 'formatted_spread': 'UMass -1.0', 'spread_open': -1.0, 'over_under': 55.0, 'over_under_open': 57.0, 'home_moneyline': -125.0, 'away_moneyline': 105.0}]",-1.0
401301036,2021,10,regular,2021-11-06T20:00:00.000Z,UCF,American Athletic,14,Tulane,American Athletic,10,"[{'provider': 'Bovada', 'spread': -12.0, 'formatted_spread': 'UCF -12.0', 'spread_open': -13.0, 'over_under': 58.5, 'over_under_open': 59.5, 'home_moneyline': -535.0, 'away_moneyline': 385.0}]",-12.0
401287934,2021,10,regular,2021-11-06T23:30:00.000Z,Iowa State,Big 12,30,Texas,Big 12,7,"[{'provider': 'Bovada', 'spread': -6.5, 'formatted_spread': 'Iowa State -6.5', 'spread_open': -6.5, 'over_under': 59.5, 'over_under_open': 60.0, 'home_moneyline': -240.0, 'away_moneyline': 200.0}]",-6.5
401282728,2021,11,regular,2021-11-13T17:00:00.000Z,Indiana,Big Ten,3,Rutgers,Big Ten,38,"[{'provider': 'Bovada', 'spread': -6.0, 'formatted_spread': 'Indiana -6.0', 'spread_open': -6.5, 'over_under': 43.0, 'over_under_open': 43.5, 'home_moneyline': -260.0, 'away_moneyline': 215.0}]",-6.0
401287943,2021,12,regular,2021-11-20T22:30:00.000Z,Kansas State,Big 12,10,Baylor,Big 12,20,"[{'provider': 'Bovada', 'spread': -2.5, 'formatted_spread': 'Kansas State -2.5', 'spread_open': -1.0, 'over_under': 50.0, 'over_under_open': 50.0, 'home_moneyline': -120.0, 'away_moneyline': -105.0}]",-2.5
401282151,2021,13,regular,2021-11-26T00:30:00.000Z,Mississippi State,SEC,21,Ole Miss,SEC,31,"[{'provider': 'Bovada', 'spread': -2.0, 'formatted_spread': 'Mississippi State -2.0', 'spread_open': -1.0, 'over_under': 65.0, 'over_under_open': 60.5, 'home_moneyline': -125.0, 'away_moneyline': 105.0}]",-2.0
401308842,2021,13,regular,2021-11-27T17:00:00.000Z,Kent State,Mid-American,48,Miami (OH),Mid-American,47,"[{'provider': 'Bovada', 'spread': 1.0, 'formatted_spread': 'Miami (OH) -1.0', 'spread_open': -1.0, 'over_under': 67.0, 'over_under_open': 65.0, 'home_moneyline': -105.0, 'away_moneyline': -120.0}]",1.0
401282789,2021,1,regular,2021-09-03T00:00:00.000Z,Minnesota,Big Ten,31,Ohio State,Big Ten,45,"[{'provider': 'Bovada', 'spread': 14.0, 'formatted_spread': 'Ohio State -14.0', 'spread_open': 14.0, 'over_under': 61.5, 'over_under_open': 66.5, 'home_moneyline': 385.0, 'away_moneyline': -570.0}]",14.0
401328545,2021,1,regular,2021-09-02T23:00:00.000Z,Coastal Carolina,Sun Belt,52,The Citadel,Southern,14,"[{'provider': 'Bovada', 'spread': -33.5, 'formatted_spread': 'Coastal Carolina -33.5', 'spread_open': -35.0, 'over_under': 54.5, 'over_under_open': 57.0, 'home_moneyline': None, 'away_moneyline': None}]",-33.5
401309540,2021,1,regular,2021-09-02T23:00:00.000Z,Ball State,Mid-American,31,Western Illinois,MVFC,21,"[{'provider': 'Bovada', 'spread': -31.5, 'formatted_spread': 'Ball State -31.5', 'spread_open': -32.5, 'over_under': 58.5, 'over_under_open': 59.0, 'home_moneyline': None, 'away_moneyline': None}]",-31.5
401282607,2021,1,regular,2021-09-02T23:30:00.000Z,NC State,ACC,45,South Florida,American Athletic,0,"[{'provider': 'Bovada', 'spread': -20.0, 'formatted_spread': 'NC State -20.0', 'spread_open': -16.5, 'over_under': 58.0, 'over_under_open': 60.0, 'home_moneyline': -1100.0, 'away_moneyline': 650.0}]",-20.0
401300993,2021,1,regular,2021-09-02T23:30:00.000Z,Appalachian State,Sun Belt,33,East Carolina,American Athletic,19,"[{'provider': 'Bovada', 'spread': -9.5, 'formatted_spread': 'Appalachian State -9.5', 'spread_open': -13.0, 'over_under': 56.0, 'over_under_open': 59.5, 'home_moneyline': -420.0, 'away_moneyline': 310.0}]",-9.5
401300994,2021,1,regular,2021-09-02T23:30:00.000Z,Tulsa,American Athletic,17,UC Davis,Big Sky,19,"[{'provider': 'Bovada', 'spread': -22.0, 'formatted_spread': 'Tulsa -22.0', 'spread_open': -22.5, 'over_under': 54.5, 'over_under_open': 54.5, 'home_moneyline': None, 'away_moneyline': None}]",-22.0
401281952,2021,1,regular,2021-09-03T00:00:00.000Z,Tennessee,SEC,38,Bowling Green,Mid-American,6,"[{'provider': 'Bovada', 'spread': -37.0, 'formatted_spread': 'Tennessee -37.0', 'spread_open': -30.5, 'over_under': 60.5, 'over_under_open': 58.5, 'home_moneyline': None, 'away_moneyline': None}]",-37.0
401282822,2021,1,regular,2021-09-04T16:00:00.000Z,Rutgers,Big Ten,61,Temple,American Athletic,14,"[{'provider': 'Bovada', 'spread': -14.0, 'formatted_spread': 'Rutgers -14.0', 'spread_open': -13.0, 'over_under': 52.0, 'over_under_open': 51.0, 'home_moneyline': -700.0, 'away_moneyline': 450.0}]",-14.0
401309542,2021,1,regular,2021-09-02T23:00:00.000Z,Buffalo,Mid-American,69,Wagner,NEC,7,"[{'provider': 'Bovada', 'spread': -44.0, 'formatted_spread': 'Buffalo -44.0', 'spread_open': -43.5, 'over_under': 54.5, 'over_under_open': 55.5, 'home_moneyline': None, 'away_moneyline': None}]",-44.0
401300995,2021,1,regular,2021-09-02T23:00:00.000Z,UCF,American Athletic,36,Boise State,Mountain West,31,"[{'provider': 'Bovada', 'spread': -6.5, 'formatted_spread': 'UCF -6.5', 'spread_open': -4.0, 'over_under': 67.5, 'over_under_open': 70.0, 'home_moneyline': -225.0, 'away_moneyline': 185.0}]",-6.5
401282051,2021,1,regular,2021-09-03T00:05:00.000Z,Florida International,Conference USA,48,Long Island University,NEC,10,"[{'provider': 'Bovada', 'spread': -35.0, 'formatted_spread': 'Florida International -35.0', 'spread_open': -33.5, 'over_under': 49.0, 'over_under_open': 49.5, 'home_moneyline': None, 'away_moneyline': None}]",-35.0
401281942,2021,1,regular,2021-09-04T19:30:00.000Z,Miami,ACC,13,Alabama,SEC,44,"[{'provider': 'Bovada', 'spread': 19.5, 'formatted_spread': 'Alabama -19.5', 'spread_open': 18.5, 'over_under': 61.5, 'over_under_open': 64.5, 'home_moneyline': 700.0, 'away_moneyline': -1200.0}]",19.5
401287894,2021,1,regular,2021-09-04T16:00:00.000Z,Oklahoma,Big 12,40,Tulane,American Athletic,35,"[{'provider': 'Bovada', 'spread': -31.5, 'formatted_spread': 'Oklahoma -31.5', 'spread_open': -22.0, 'over_under': 67.0, 'over_under_open': 70.0, 'home_moneyline': None, 'away_moneyline': None}]",-31.5
401300996,2021,1,regular,2021-09-04T19:30:00.000Z,Cincinnati,American Athletic,49,Miami (OH),Mid-American,14,"[{'provider': 'Bovada', 'spread': -22.5, 'formatted_spread': 'Cincinnati -22.5', 'spread_open': -21.5, 'over_under': 49.5, 'over_under_open': 51.0, 'home_moneyline': -2100.0, 'away_moneyline': 975.0}]",-22.5
401282815,2021,1,regular,2021-09-04T16:00:00.000Z,Wisconsin,Big Ten,10,Penn State,Big Ten,16,"[{'provider': 'Bovada', 'spread': -5.5, 'formatted_spread': 'Wisconsin -5.5', 'spread_open': -4.0, 'over_under': 48.5, 'over_under_open': 51.5, 'home_moneyline': -210.0, 'away_moneyline': 175.0}]",-5.5
401282723,2021,1,regular,2021-09-04T19:30:00.000Z,Iowa,Big Ten,34,Indiana,Big Ten,6,"[{'provider': 'Bovada', 'spread': -3.5, 'formatted_spread': 'Iowa -3.5', 'spread_open': -4.0, 'over_under': 45.5, 'over_under_open': 47.5, 'home_moneyline': -180.0, 'away_moneyline': 160.0}]",-3.5
401286188,2021,1,regular,2021-09-04T16:00:00.000Z,Connecticut,FBS Independents,28,Holy Cross,Patriot,38,"[{'provider': 'Bovada', 'spread': -3.0, 'formatted_spread': 'Connecticut -3.0', 'spread_open': -3.0, 'over_under': 49.5, 'over_under_open': 51.0, 'home_moneyline': -150.0, 'away_moneyline': 130.0}]",-3.0
401287889,2021,1,regular,2021-09-04T16:00:00.000Z,Kansas State,Big 12,24,Stanford,Pac-12,7,"[{'provider': 'Bovada', 'spread': -3.5, 'formatted_spread': 'Kansas State -3.5', 'spread_open': 0.0, 'over_under': 54.0, 'over_under_open': 52.5, 'home_moneyline': -160.0, 'away_moneyline': 140.0}]",-3.5
401309601,2021,1,regular,2021-09-04T16:00:00.000Z,Georgia State,Sun Belt,10,Army,FBS Independents,43,"[{'provider': 'Bovada', 'spread': -2.5, 'formatted_spread': 'Georgia State -2.5', 'spread_open': -3.0, 'over_under': 49.5, 'over_under_open': 51.5, 'home_moneyline': -130.0, 'away_moneyline': 110.0}]",-2.5
401327913,2021,1,regular,2021-09-04T16:00:00.000Z,Nebraska,Big Ten,52,Fordham,Patriot,7,"[{'provider': 'Bovada', 'spread': -41.5, 'formatted_spread': 'Nebraska -41.5', 'spread_open': -43.5, 'over_under': 55.0, 'over_under_open': 55.0, 'home_moneyline': None, 'away_moneyline': None}]",-41.5
401281943,2021,1,regular,2021-09-04T18:00:00.000Z,Arkansas,SEC,38,Rice,Conference USA,17,"[{'provider': 'Bovada', 'spread': -20.0, 'formatted_spread': 'Arkansas -20.0', 'spread_open': -21.5, 'over_under': 50.0, 'over_under_open': 51.0, 'home_moneyline': -1300.0, 'away_moneyline': 725.0}]",-20.0
401309838,2021,1,regular,2021-09-04T18:00:00.000Z,Oregon,Pac-12,31,Fresno State,Mountain West,24,"[{'provider': 'Bovada', 'spread': -20.0, 'formatted_spread': 'Oregon -20.0', 'spread_open': -20.5, 'over_under': 64.0, 'over_under_open': 61.5, 'home_moneyline': -1500.0, 'away_moneyline': 775.0}]",-20.0
401282764,2021,1,regular,2021-09-04T19:30:00.000Z,Maryland,Big Ten,30,West Virginia,Big 12,24,"[{'provider': 'Bovada', 'spread': 2.5, 'formatted_spread': 'West Virginia -2.5', 'spread_open': 4.0, 'over_under': 57.0, 'over_under_open': 55.0, 'home_moneyline': 120.0, 'away_moneyline': -140.0}]",2.5
401281949,2021,1,regular,2021-09-04T20:00:00.000Z,Mississippi State,SEC,35,Louisiana Tech,Conference USA,34,"[{'provider': 'Bovada', 'spread': -21.5, 'formatted_spread': 'Mississippi State -21.5', 'spread_open': -27.5, 'over_under': 52.5, 'over_under_open': 52.5, 'home_moneyline': -2300.0, 'away_moneyline': 1025.0}]",-21.5
401281950,2021,1,regular,2021-09-04T20:00:00.000Z,Missouri,SEC,34,Central Michigan,Mid-American,24,"[{'provider': 'Bovada', 'spread': -14.0, 'formatted_spread': 'Missouri -14.0', 'spread_open': -11.0, 'over_under': 59.0, 'over_under_open': 60.5, 'home_moneyline': -650.0, 'away_moneyline': 425.0}]",-14.0
401282612,2021,1,regular,2021-09-04T20:00:00.000Z,Pittsburgh,ACC,51,UMass,FBS Independents,7,"[{'provider': 'Bovada', 'spread': -37.5, 'formatted_spread': 'Pittsburgh -37.5', 'spread_open': -35.5, 'over_under': 56.0, 'over_under_open': 56.5, 'home_moneyline': None, 'away_moneyline': None}]",-37.5
401286294,2021,1,regular,2021-09-04T22:00:00.000Z,Liberty,FBS Independents,48,Campbell,Big South,7,"[{'provider': 'Bovada', 'spread': -35.0, 'formatted_spread': 'Liberty -35.0', 'spread_open': -35.0, 'over_under': 65.0, 'over_under_open': 65.0, 'home_moneyline': None, 'away_moneyline': None}]",-35.0
401281944,2021,1,regular,2021-09-04T23:00:00.000Z,Auburn,SEC,60,Akron,Mid-American,10,"[{'provider': 'Bovada', 'spread': -37.0, 'formatted_spread': 'Auburn -37.0', 'spread_open': -35.5, 'over_under': 56.0, 'over_under_open': 55.0, 'home_moneyline': None, 'away_moneyline': None}]",-37.0
401281951,2021,1,regular,2021-09-04T23:00:00.000Z,South Carolina,SEC,46,Eastern Illinois,OVC,0,"[{'provider': 'Bovada', 'spread': -31.5, 'formatted_spread': 'South Carolina -31.5', 'spread_open': -31.5, 'over_under': 55.5, 'over_under_open': 55.5, 'home_moneyline': None, 'away_moneyline': None}]",-31.5
401282173,2021,1,regular,2021-09-04T23:00:00.000Z,Middle Tennessee,Conference USA,50,Monmouth,Big South,15,"[{'provider': 'Bovada', 'spread': -8.5, 'formatted_spread': 'Middle Tennessee -8.5', 'spread_open': -8.0, 'over_under': 58.0, 'over_under_open': 55.5, 'home_moneyline': None, 'away_moneyline': None}]",-8.5
401301033,2021,9,regular,2021-10-28T23:30:00.000Z,East Carolina,American Athletic,29,South Florida,American Athletic,14,"[{'provider': 'Bovada', 'spread': -9.5, 'formatted_spread': 'East Carolina -9.5', 'spread_open': -9.0, 'over_under': 56.0, 'over_under_open': 57.0, 'home_moneyline': -360.0, 'away_moneyline': 280.0}]",-9.5
401301027,2021,8,regular,2021-10-23T16:00:00.000Z,Navy,American Athletic,20,Cincinnati,American Athletic,27,"[{'provider': 'Bovada', 'spread': 29.5, 'formatted_spread': 'Cincinnati -29.5', 'spread_open': 27.0, 'over_under': 49.5, 'over_under_open': 51.0, 'home_moneyline': 1225.0, 'away_moneyline': -4100.0}]",29.5
401287928,2021,8,regular,2021-10-23T16:00:00.000Z,Texas Tech,Big 12,24,Kansas State,Big 12,25,"[{'provider': 'Bovada', 'spread': 1.0, 'formatted_spread': 'Kansas State -1.0', 'spread_open': -1.0, 'over_under': 60.5, 'over_under_open': 60.5, 'home_moneyline': -105.0, 'away_moneyline': -115.0}]",1.0
401308838,2021,8,regular,2021-10-23T19:30:00.000Z,Ball State,Mid-American,17,Miami (OH),Mid-American,24,"[{'provider': 'Bovada', 'spread': -3.5, 'formatted_spread': 'Ball State -3.5', 'spread_open': -6.5, 'over_under': 52.5, 'over_under_open': 51.0, 'home_moneyline': -180.0, 'away_moneyline': 155.0}]",-3.5
401309573,2021,8,regular,2021-10-23T19:30:00.000Z,Toledo,Mid-American,34,Western Michigan,Mid-American,15,"[{'provider': 'Bovada', 'spread': 1.5, 'formatted_spread': 'Western Michigan -1.5', 'spread_open': 3.0, 'over_under': 54.5, 'over_under_open': 54.5, 'home_moneyline': 105.0, 'away_moneyline': -125.0}]",1.5
401301028,2021,8,regular,2021-10-23T20:00:00.000Z,Houston,American Athletic,31,East Carolina,American Athletic,24,"[{'provider': 'Bovada', 'spread': -13.5, 'formatted_spread': 'Houston -13.5', 'spread_open': -13.0, 'over_under': 57.0, 'over_under_open': 58.0, 'home_moneyline': -565.0, 'away_moneyline': 400.0}]",-13.5
401301029,2021,8,regular,2021-10-23T23:00:00.000Z,South Florida,American Athletic,34,Temple,American Athletic,14,"[{'provider': 'Bovada', 'spread': -1.5, 'formatted_spread': 'South Florida -1.5', 'spread_open': -3.5, 'over_under': 55.0, 'over_under_open': 57.5, 'home_moneyline': -120.0, 'away_moneyline': 110.0}]",-1.5
401287927,2021,8,regular,2021-10-23T23:30:00.000Z,TCU,Big 12,17,West Virginia,Big 12,29,"[{'provider': 'Bovada', 'spread': -4.5, 'formatted_spread': 'TCU -4.5', 'spread_open': -4.5, 'over_under': 57.0, 'over_under_open': 58.0, 'home_moneyline': -200.0, 'away_moneyline': 170.0}]",-4.5
401301034,2021,9,regular,2021-10-30T23:00:00.000Z,Houston,American Athletic,44,SMU,American Athletic,37,"[{'provider': 'Bovada', 'spread': 0.0, 'formatted_spread': 'SMU -0.0', 'spread_open': -1.0, 'over_under': 61.5, 'over_under_open': 62.5, 'home_moneyline': -120.0, 'away_moneyline': None}]",0.0
401309578,2021,9,regular,2021-10-30T16:00:00.000Z,Buffalo,Mid-American,44,Bowling Green,Mid-American,56,"[{'provider': 'Bovada', 'spread': -13.5, 'formatted_spread': 'Buffalo -13.5', 'spread_open': -12.5, 'over_under': 51.5, 'over_under_open': 53.5, 'home_moneyline': -565.0, 'away_moneyline': 400.0}]",-13.5
401309628,2021,9,regular,2021-10-30T19:30:00.000Z,Appalachian State,Sun Belt,59,Louisiana Monroe,Sun Belt,28,"[{'provider': 'Bovada', 'spread': -27.0, 'formatted_spread': 'Appalachian State -27.0', 'spread_open': -27.0, 'over_under': 58.0, 'over_under_open': 60.0, 'home_moneyline': -5000.0, 'away_moneyline': 1275.0}]",-27.0
401309629,2021,9,regular,2021-10-30T21:00:00.000Z,South Alabama,Sun Belt,31,Arkansas State,Sun Belt,13,"[{'provider': 'Bovada', 'spread': -9.0, 'formatted_spread': 'South Alabama -9.0', 'spread_open': -10.0, 'over_under': 66.0, 'over_under_open': 67.0, 'home_moneyline': -350.0, 'away_moneyline': 275.0}]",-9.0
401309630,2021,9,regular,2021-10-30T22:00:00.000Z,Georgia Southern,Sun Belt,14,Georgia State,Sun Belt,21,"[{'provider': 'Bovada', 'spread': 6.0, 'formatted_spread': 'Georgia State -6.0', 'spread_open': 5.5, 'over_under': 55.0, 'over_under_open': 55.0, 'home_moneyline': 195.0, 'away_moneyline': -235.0}]",6.0
401310753,2021,13,regular,2021-11-26T17:00:00.000Z,San Diego State,Mountain West,27,Boise State,Mountain West,16,"[{'provider': 'Bovada', 'spread': 3.5, 'formatted_spread': 'Boise State -3.5', 'spread_open': 3.0, 'over_under': 44.5, 'over_under_open': 44.0, 'home_moneyline': 125.0, 'away_moneyline': -145.0}]",3.5
401310755,2021,13,regular,2021-11-26T18:00:00.000Z,New Mexico,Mountain West,10,Utah State,Mountain West,35,"[{'provider': 'Bovada', 'spread': 17.0, 'formatted_spread': 'Utah State -17.0', 'spread_open': 15.5, 'over_under': 48.0, 'over_under_open': 49.5, 'home_moneyline': 525.0, 'away_moneyline': -800.0}]",17.0
401310752,2021,13,regular,2021-11-26T20:30:00.000Z,Air Force,Mountain West,48,UNLV,Mountain West,14,"[{'provider': 'Bovada', 'spread': -18.0, 'formatted_spread': 'Air Force -18.0', 'spread_open': -18.0, 'over_under': 49.5, 'over_under_open': 49.5, 'home_moneyline': -1000.0, 'away_moneyline': 625.0}]",-18.0
401309910,2021,13,regular,2021-11-28T03:30:00.000Z,USC,Pac-12,31,BYU,FBS Independents,35,"[{'provider': 'Bovada', 'spread': 7.0, 'formatted_spread': 'BYU -7.0', 'spread_open': 7.0, 'over_under': 65.0, 'over_under_open': 64.5, 'home_moneyline': 210.0, 'away_moneyline': -250.0}]",7.0
401310756,2021,13,regular,2021-11-27T20:00:00.000Z,Wyoming,Mountain West,14,Hawai'i,Mountain West,38,"[{'provider': 'Bovada', 'spread': -11.5, 'formatted_spread': 'Wyoming -11.5', 'spread_open': -10.0, 'over_under': 48.0, 'over_under_open': 47.5, 'home_moneyline': -415.0, 'away_moneyline': 310.0}]",-11.5
401310754,2021,13,regular,2021-11-28T02:00:00.000Z,Colorado State,Mountain West,10,Nevada,Mountain West,52,"[{'provider': 'Bovada', 'spread': 3.0, 'formatted_spread': 'Nevada -3.0', 'spread_open': 6.0, 'over_under': 57.5, 'over_under_open': 55.5, 'home_moneyline': 155.0, 'away_moneyline': -180.0}]",3.0
401309645,2021,12,regular,2021-11-20T21:00:00.000Z,Georgia Southern,Sun Belt,17,BYU,FBS Independents,34,"[{'provider': 'Bovada', 'spread': 20.0, 'formatted_spread': 'BYU -20.0', 'spread_open': 20.0, 'over_under': 57.5, 'over_under_open': 57.0, 'home_moneyline': 750.0, 'away_moneyline': -1400.0}]",20.0
401309592,2021,12,regular,2021-11-20T17:00:00.000Z,Akron,Mid-American,0,Kent State,Mid-American,38,"[{'provider': 'Bovada', 'spread': 14.0, 'formatted_spread': 'Kent State -14.0', 'spread_open': 13.0, 'over_under': 72.0, 'over_under_open': 74.0, 'home_moneyline': 390.0, 'away_moneyline': -545.0}]",14.0
401309644,2021,12,regular,2021-11-20T18:00:00.000Z,Coastal Carolina,Sun Belt,35,Texas State,Sun Belt,21,"[{'provider': 'Bovada', 'spread': -24.5, 'formatted_spread': 'Coastal Carolina -24.5', 'spread_open': -21.0, 'over_under': 60.0, 'over_under_open': 59.0, 'home_moneyline': -2200.0, 'away_moneyline': 1000.0}]",-24.5
401309643,2021,12,regular,2021-11-20T19:00:00.000Z,Georgia State,Sun Belt,28,Arkansas State,Sun Belt,20,"[{'provider': 'Bovada', 'spread': -16.0, 'formatted_spread': 'Georgia State -16.0', 'spread_open': -16.0, 'over_under': 66.0, 'over_under_open': 62.5, 'home_moneyline': -800.0, 'away_moneyline': 525.0}]",-16.0
401309642,2021,12,regular,2021-11-20T20:30:00.000Z,Troy,Sun Belt,7,Appalachian State,Sun Belt,45,"[{'provider': 'Bovada', 'spread': 10.0, 'formatted_spread': 'Appalachian State -10.0', 'spread_open': 10.0, 'over_under': 51.5, 'over_under_open': 51.5, 'home_moneyline': 280.0, 'away_moneyline': -360.0}]",10.0
401309900,2021,12,regular,2021-11-21T00:00:00.000Z,Stanford,Pac-12,11,California,Pac-12,41,"[{'provider': 'Bovada', 'spread': 2.5, 'formatted_spread': 'California -2.5', 'spread_open': 3.5, 'over_under': 45.5, 'over_under_open': 43.5, 'home_moneyline': 115.0, 'away_moneyline': -135.0}]",2.5
401309906,2021,13,regular,2021-11-26T21:00:00.000Z,Utah,Pac-12,28,Colorado,Pac-12,13,"[{'provider': 'Bovada', 'spread': -24.0, 'formatted_spread': 'Utah -24.0', 'spread_open': -24.0, 'over_under': 52.0, 'over_under_open': 52.5, 'home_moneyline': -2500.0, 'away_moneyline': 1050.0}]",-24.0
401282145,2021,13,regular,2021-11-26T20:30:00.000Z,Arkansas,SEC,34,Missouri,SEC,17,"[{'provider': 'Bovada', 'spread': -14.5, 'formatted_spread': 'Arkansas -14.5', 'spread_open': -14.5, 'over_under': 63.5, 'over_under_open': 62.5, 'home_moneyline': -655.0, 'away_moneyline': 445.0}]",-14.5
401309596,2021,13,regular,2021-11-26T17:00:00.000Z,Bowling Green,Mid-American,21,Ohio,Mid-American,10,"[{'provider': 'Bovada', 'spread': 6.5, 'formatted_spread': 'Ohio -6.5', 'spread_open': 5.5, 'over_under': 48.5, 'over_under_open': 48.5, 'home_moneyline': 200.0, 'away_moneyline': -240.0}]",6.5
401309648,2021,13,regular,2021-11-26T20:30:00.000Z,South Alabama,Sun Belt,21,Coastal Carolina,Sun Belt,27,"[{'provider': 'Bovada', 'spread': 15.0, 'formatted_spread': 'Coastal Carolina -15.0', 'spread_open': 14.5, 'over_under': 55.0, 'over_under_open': 57.0, 'home_moneyline': 450.0, 'away_moneyline': -665.0}]",15.0
401309905,2021,13,regular,2021-11-27T01:00:00.000Z,Washington,Pac-12,13,Washington State,Pac-12,40,"[{'provider': 'Bovada', 'spread': 1.0, 'formatted_spread': 'Washington State -1.0', 'spread_open': 1.5, 'over_under': 45.0, 'over_under_open': 43.5, 'home_moneyline': -105.0, 'away_moneyline': -115.0}]",1.0
401282626,2021,3,regular,2021-09-17T23:30:00.000Z,Louisville,ACC,42,UCF,American Athletic,35,"[{'provider': 'Bovada', 'spread': 7.0, 'formatted_spread': 'UCF -7.0', 'spread_open': 7.5, 'over_under': 67.5, 'over_under_open': 67.0, 'home_moneyline': 210.0, 'away_moneyline': -250.0}]",7.0
401282071,2021,3,regular,2021-09-18T19:30:00.000Z,Florida,SEC,29,Alabama,SEC,31,"[{'provider': 'Bovada', 'spread': 14.5, 'formatted_spread': 'Alabama -14.5', 'spread_open': 15.5, 'over_under': 60.5, 'over_under_open': 57.5, 'home_moneyline': 450.0, 'away_moneyline': -665.0}]",14.5
401282072,2021,3,regular,2021-09-18T23:00:00.000Z,Georgia,SEC,40,South Carolina,SEC,13,"[{'provider': 'Bovada', 'spread': -31.5, 'formatted_spread': 'Georgia -31.5', 'spread_open': -30.5, 'over_under': 47.5, 'over_under_open': 48.0, 'home_moneyline': None, 'away_moneyline': None}]",-31.5
401282070,2021,3,regular,2021-09-18T23:30:00.000Z,Penn State,Big Ten,28,Auburn,SEC,20,"[{'provider': 'Bovada', 'spread': -5.0, 'formatted_spread': 'Penn State -5.0', 'spread_open': -6.5, 'over_under': 52.5, 'over_under_open': 53.0, 'home_moneyline': -195.0, 'away_moneyline': 165.0}]",-5.0
401282069,2021,3,regular,2021-09-18T20:00:00.000Z,Arkansas,SEC,45,Georgia Southern,Sun Belt,10,"[{'provider': 'Bovada', 'spread': -23.0, 'formatted_spread': 'Arkansas -23.0', 'spread_open': -23.0, 'over_under': 52.5, 'over_under_open': 52.5, 'home_moneyline': -2500.0, 'away_moneyline': 1050.0}]",-23.0
401309835,2021,1,regular,2021-09-03T02:30:00.000Z,Arizona State,Pac-12,41,Southern Utah,Big Sky,14,"[{'provider': 'Bovada', 'spread': -45.5, 'formatted_spread': 'Arizona State -45.5', 'spread_open': -45.0, 'over_under': 56.5, 'over_under_open': 55.0, 'home_moneyline': None, 'away_moneyline': None}]",-45.5
401310696,2021,1,regular,2021-09-03T00:00:00.000Z,New Mexico,Mountain West,27,Houston Christian,Southland,17,"[{'provider': 'Bovada', 'spread': -25.5, 'formatted_spread': 'New Mexico -25.5', 'spread_open': -24.5, 'over_under': 66.5, 'over_under_open': 66.5, 'home_moneyline': None, 'away_moneyline': None}]",-25.5
401310694,2021,1,regular,2021-09-03T02:00:00.000Z,UNLV,Mountain West,33,Eastern Washington,Big Sky,35,"[{'provider': 'Bovada', 'spread': 2.0, 'formatted_spread': 'Eastern Washington -2.0', 'spread_open': -1.0, 'over_under': 66.0, 'over_under_open': 67.0, 'home_moneyline': 110.0, 'away_moneyline': -130.0}]",2.0
401310701,2021,2,regular,2021-09-11T02:20:00.000Z,Utah State,Mountain West,48,North Dakota,MVFC,24,"[{'provider': 'Bovada', 'spread': -6.5, 'formatted_spread': 'Utah State -6.5', 'spread_open': -7.0, 'over_under': 54.0, 'over_under_open': 53.5, 'home_moneyline': -260.0, 'away_moneyline': 215.0}]",-6.5
401309843,2021,2,regular,2021-09-12T02:30:00.000Z,USC,Pac-12,28,Stanford,Pac-12,42,"[{'provider': 'Bovada', 'spread': -17.0, 'formatted_spread': 'USC -17.0', 'spread_open': -17.5, 'over_under': 53.5, 'over_under_open': 51.0, 'home_moneyline': -1000.0, 'away_moneyline': 600.0}]",-17.0
401309848,2021,2,regular,2021-09-12T02:15:00.000Z,BYU,FBS Independents,26,Utah,Pac-12,17,"[{'provider': 'Bovada', 'spread': 7.0, 'formatted_spread': 'Utah -7.0', 'spread_open': 7.0, 'over_under': 49.5, 'over_under_open': 47.0, 'home_moneyline': 230.0, 'away_moneyline': -280.0}]",7.0
401309847,2021,2,regular,2021-09-12T02:30:00.000Z,Arizona State,Pac-12,37,UNLV,Mountain West,10,"[{'provider': 'Bovada', 'spread': -34.0, 'formatted_spread': 'Arizona State -34.0', 'spread_open': -33.5, 'over_under': 54.5, 'over_under_open': 54.5, 'home_moneyline': None, 'away_moneyline': None}]",-34.0
401309845,2021,2,regular,2021-09-11T22:00:00.000Z,Washington State,Pac-12,44,Portland State,Big Sky,24,"[{'provider': 'Bovada', 'spread': -31.0, 'formatted_spread': 'Washington State -31.0', 'spread_open': -31.0, 'over_under': 66.0, 'over_under_open': 65.0, 'home_moneyline': None, 'away_moneyline': None}]",-31.0
401310700,2021,2,regular,2021-09-11T23:00:00.000Z,New Mexico,Mountain West,34,New Mexico State,FBS Independents,25,"[{'provider': 'Bovada', 'spread': -19.5, 'formatted_spread': 'New Mexico -19.5', 'spread_open': -18.5, 'over_under': 56.0, 'over_under_open': 53.0, 'home_moneyline': -1200.0, 'away_moneyline': 700.0}]",-19.5
401309846,2021,2,regular,2021-09-12T02:00:00.000Z,Arizona,Pac-12,14,San Diego State,Mountain West,38,"[{'provider': 'Bovada', 'spread': -1.5, 'formatted_spread': 'Arizona -1.5', 'spread_open': 0.0, 'over_under': 47.0, 'over_under_open': 48.0, 'home_moneyline': -130.0, 'away_moneyline': 110.0}]",-1.5
401310702,2021,2,regular,2021-09-12T02:00:00.000Z,Fresno State,Mountain West,63,Cal Poly,Big Sky,10,"[{'provider': 'Bovada', 'spread': -31.5, 'formatted_spread': 'Fresno State -31.5', 'spread_open': -31.5, 'over_under': 58.0, 'over_under_open': 58.0, 'home_moneyline': None, 'away_moneyline': None}]",-31.5
401309872,2021,7,regular,2021-10-16T02:30:00.000Z,Oregon,Pac-12,24,California,Pac-12,17,"[{'provider': 'Bovada', 'spread': -13.5, 'formatted_spread': 'Oregon -13.5', 'spread_open': -15.0, 'over_under': 53.5, 'over_under_open': 55.5, 'home_moneyline': -615.0, 'away_moneyline': 425.0}]",-13.5
401282231,2021,7,regular,2021-10-15T23:00:00.000Z,North Texas,Conference USA,21,Marshall,Conference USA,49,"[{'provider': 'Bovada', 'spread': 11.0, 'formatted_spread': 'Marshall -11.0', 'spread_open': 10.5, 'over_under': 66.0, 'over_under_open': 64.5, 'home_moneyline': 320.0, 'away_moneyline': -430.0}]",11.0
401282105,2021,7,regular,2021-10-16T19:30:00.000Z,Georgia,SEC,30,Kentucky,SEC,13,"[{'provider': 'Bovada', 'spread': -21.5, 'formatted_spread': 'Georgia -21.5', 'spread_open': -23.5, 'over_under': 44.5, 'over_under_open': 44.5, 'home_moneyline': -1700.0, 'away_moneyline': 850.0}]",-21.5
401282760,2021,7,regular,2021-10-16T19:30:00.000Z,Iowa,Big Ten,7,Purdue,Big Ten,24,"[{'provider': 'Bovada', 'spread': -11.0, 'formatted_spread': 'Iowa -11.0', 'spread_open': -12.5, 'over_under': 42.5, 'over_under_open': 43.0, 'home_moneyline': -470.0, 'away_moneyline': 345.0}]",-11.0
401282107,2021,7,regular,2021-10-16T23:00:00.000Z,Mississippi State,SEC,9,Alabama,SEC,49,"[{'provider': 'Bovada', 'spread': 17.5, 'formatted_spread': 'Alabama -17.5', 'spread_open': 17.0, 'over_under': 58.5, 'over_under_open': 59.0, 'home_moneyline': 625.0, 'away_moneyline': -1000.0}]",17.5
401282731,2021,7,regular,2021-10-16T16:00:00.000Z,Indiana,Big Ten,15,Michigan State,Big Ten,20,"[{'provider': 'Bovada', 'spread': 4.0, 'formatted_spread': 'Michigan State -4.0', 'spread_open': 3.5, 'over_under': 48.0, 'over_under_open': 52.0, 'home_moneyline': 160.0, 'away_moneyline': -185.0}]",4.0
401282110,2021,7,regular,2021-10-16T23:30:00.000Z,Tennessee,SEC,26,Ole Miss,SEC,31,"[{'provider': 'Bovada', 'spread': 1.0, 'formatted_spread': 'Ole Miss -1.0', 'spread_open': 3.0, 'over_under': 82.0, 'over_under_open': 78.0, 'home_moneyline': 120.0, 'away_moneyline': -140.0}]",1.0
401282104,2021,7,regular,2021-10-16T16:00:00.000Z,Arkansas,SEC,23,Auburn,SEC,38,"[{'provider': 'Bovada', 'spread': -4.5, 'formatted_spread': 'Arkansas -4.5', 'spread_open': -3.5, 'over_under': 54.0, 'over_under_open': 53.0, 'home_moneyline': -195.0, 'away_moneyline': 165.0}]",-4.5
401282106,2021,7,regular,2021-10-16T16:00:00.000Z,LSU,SEC,49,Florida,SEC,42,"[{'provider': 'Bovada', 'spread': 13.0, 'formatted_spread': 'Florida -13.0', 'spread_open': 10.0, 'over_under': 61.0, 'over_under_open': 58.0, 'home_moneyline': 360.0, 'away_moneyline': -500.0}]",13.0
401309937,2021,1,regular,2021-09-03T22:00:00.000Z,Virginia Tech,ACC,17,North Carolina,ACC,10,"[{'provider': 'Bovada', 'spread': 6.0, 'formatted_spread': 'North Carolina -6.0', 'spread_open': 5.5, 'over_under': 63.5, 'over_under_open': 66.0, 'home_moneyline': 180.0, 'away_moneyline': -220.0}]",6.0
401282052,2021,1,regular,2021-09-03T23:00:00.000Z,Charlotte,Conference USA,31,Duke,ACC,28,"[{'provider': 'Bovada', 'spread': 6.5, 'formatted_spread': 'Duke -6.5', 'spread_open': 7.5, 'over_under': 60.0, 'over_under_open': 60.0, 'home_moneyline': 215.0, 'away_moneyline': -260.0}]",6.5
401282608,2021,1,regular,2021-09-03T23:00:00.000Z,Wake Forest,ACC,42,Old Dominion,Conference USA,10,"[{'provider': 'Bovada', 'spread': -33.0, 'formatted_spread': 'Wake Forest -33.0', 'spread_open': -32.0, 'over_under': 61.0, 'over_under_open': 65.0, 'home_moneyline': None, 'away_moneyline': None}]",-33.0
401287888,2021,1,regular,2021-09-04T00:00:00.000Z,Kansas,Big 12,17,South Dakota,MVFC,14,"[{'provider': 'Bovada', 'spread': -11.5, 'formatted_spread': 'Kansas -11.5', 'spread_open': -13.0, 'over_under': 54.0, 'over_under_open': 55.5, 'home_moneyline': -550.0, 'away_moneyline': 375.0}]",-11.5
401282687,2021,11,regular,2021-11-13T17:00:00.000Z,Louisville,ACC,41,Syracuse,ACC,3,"[{'provider': 'Bovada', 'spread': -3.5, 'formatted_spread': 'Louisville -3.5', 'spread_open': -3.0, 'over_under': 55.5, 'over_under_open': 55.5, 'home_moneyline': -160.0, 'away_moneyline': 135.0}]",-3.5
401282782,2021,1,regular,2021-09-04T01:00:00.000Z,Northwestern,Big Ten,21,Michigan State,Big Ten,38,"[{'provider': 'Bovada', 'spread': -3.0, 'formatted_spread': 'Northwestern -3.0', 'spread_open': -7.0, 'over_under': 45.0, 'over_under_open': 45.0, 'home_moneyline': -170.0, 'away_moneyline': 150.0}]",-3.0
401309836,2021,1,regular,2021-09-04T01:00:00.000Z,Colorado,Pac-12,35,Northern Colorado,Big Sky,7,"[{'provider': 'Bovada', 'spread': -37.5, 'formatted_spread': 'Colorado -37.5', 'spread_open': -38.0, 'over_under': 57.0, 'over_under_open': 56.0, 'home_moneyline': None, 'away_moneyline': None}]",-37.5
401282076,2021,3,regular,2021-09-18T20:00:00.000Z,Memphis,American Athletic,31,Mississippi State,SEC,29,"[{'provider': 'Bovada', 'spread': 3.5, 'formatted_spread': 'Mississippi State -3.5', 'spread_open': 3.0, 'over_under': 64.0, 'over_under_open': 64.0, 'home_moneyline': 150.0, 'away_moneyline': -175.0}]",3.5
401282075,2021,3,regular,2021-09-19T00:00:00.000Z,Ole Miss,SEC,61,Tulane,American Athletic,21,"[{'provider': 'Bovada', 'spread': -14.5, 'formatted_spread': 'Ole Miss -14.5', 'spread_open': -14.0, 'over_under': 77.0, 'over_under_open': 73.0, 'home_moneyline': -645.0, 'away_moneyline': 440.0}]",-14.5
401282197,2021,3,regular,2021-09-18T23:00:00.000Z,Texas Tech,Big 12,54,Florida International,Conference USA,21,"[{'provider': 'Bovada', 'spread': -20.0, 'formatted_spread': 'Texas Tech -20.0', 'spread_open': -21.0, 'over_under': 54.0, 'over_under_open': 55.5, 'home_moneyline': -1500.0, 'away_moneyline': 775.0}]",-20.0
401282196,2021,3,regular,2021-09-18T23:00:00.000Z,Georgia State,Sun Belt,20,Charlotte,Conference USA,9,"[{'provider': 'Bovada', 'spread': -4.5, 'formatted_spread': 'Georgia State -4.5', 'spread_open': -2.5, 'over_under': 63.0, 'over_under_open': 64.5, 'home_moneyline': -195.0, 'away_moneyline': 165.0}]",-4.5
401282074,2021,3,regular,2021-09-18T23:30:00.000Z,LSU,SEC,49,Central Michigan,Mid-American,21,"[{'provider': 'Bovada', 'spread': -19.5, 'formatted_spread': 'LSU -19.5', 'spread_open': -20.5, 'over_under': 61.0, 'over_under_open': 61.5, 'home_moneyline': -1300.0, 'away_moneyline': 725.0}]",-19.5
401282073,2021,3,regular,2021-09-18T16:00:00.000Z,Kentucky,SEC,28,Chattanooga,Southern,23,"[{'provider': 'Bovada', 'spread': -33.5, 'formatted_spread': 'Kentucky -33.5', 'spread_open': -32.0, 'over_under': 48.0, 'over_under_open': 47.5, 'home_moneyline': None, 'away_moneyline': None}]",-33.5
401282198,2021,3,regular,2021-09-18T22:00:00.000Z,Florida Atlantic,Conference USA,45,Fordham,Patriot,14,"[{'provider': 'Bovada', 'spread': -31.0, 'formatted_spread': 'Florida Atlantic -31.0', 'spread_open': -32.0, 'over_under': 50.5, 'over_under_open': 48.0, 'home_moneyline': None, 'away_moneyline': None}]",-31.0
401309834,2021,1,regular,2021-09-02T23:30:00.000Z,Utah,Pac-12,40,Weber State,Big Sky,17,"[{'provider': 'Bovada', 'spread': -29.5, 'formatted_spread': 'Utah -29.5', 'spread_open': -30.5, 'over_under': 49.0, 'over_under_open': 49.0, 'home_moneyline': None, 'away_moneyline': None}]",-29.5
401282696,2021,12,regular,2021-11-20T17:00:00.000Z,North Carolina,ACC,34,Wofford,Southern,14,"[{'provider': 'Bovada', 'spread': -37.0, 'formatted_spread': 'North Carolina -37.0', 'spread_open': -37.0, 'over_under': 62.0, 'over_under_open': 64.0, 'home_moneyline': None, 'away_moneyline': None}]",-37.0
401282808,2021,12,regular,2021-11-20T17:00:00.000Z,Northwestern,Big Ten,14,Purdue,Big Ten,32,"[{'provider': 'Bovada', 'spread': 11.0, 'formatted_spread': 'Purdue -11.0', 'spread_open': 11.5, 'over_under': 47.5, 'over_under_open': 48.5, 'home_moneyline': 335.0, 'away_moneyline': -455.0}]",11.0
401282818,2021,12,regular,2021-11-20T17:00:00.000Z,Penn State,Big Ten,28,Rutgers,Big Ten,0,"[{'provider': 'Bovada', 'spread': -14.0, 'formatted_spread': 'Penn State -14.0', 'spread_open': -17.5, 'over_under': 45.0, 'over_under_open': 47.5, 'home_moneyline': -665.0, 'away_moneyline': 450.0}]",-14.0
401282261,2021,12,regular,2021-11-20T20:30:00.000Z,Charlotte,Conference USA,28,Marshall,Conference USA,49,"[{'provider': 'Bovada', 'spread': 14.5, 'formatted_spread': 'Marshall -14.5', 'spread_open': 14.5, 'over_under': 63.0, 'over_under_open': 61.5, 'home_moneyline': 445.0, 'away_moneyline': -655.0}]",14.5
401282265,2021,12,regular,2021-11-20T20:30:00.000Z,Middle Tennessee,Conference USA,17,Old Dominion,Conference USA,24,"[{'provider': 'Bovada', 'spread': -3.0, 'formatted_spread': 'Middle Tennessee -3.0', 'spread_open': -3.5, 'over_under': 48.0, 'over_under_open': 50.5, 'home_moneyline': -170.0, 'away_moneyline': 145.0}]",-3.0
401282732,2021,12,regular,2021-11-20T20:30:00.000Z,Indiana,Big Ten,14,Minnesota,Big Ten,35,"[{'provider': 'Bovada', 'spread': 7.5, 'formatted_spread': 'Minnesota -7.5', 'spread_open': 6.5, 'over_under': 43.5, 'over_under_open': 43.5, 'home_moneyline': 240.0, 'away_moneyline': -290.0}]",7.5
401282266,2021,12,regular,2021-11-20T21:00:00.000Z,UTEP,Conference USA,38,Rice,Conference USA,28,"[{'provider': 'Bovada', 'spread': -9.0, 'formatted_spread': 'UTEP -9.0', 'spread_open': -10.0, 'over_under': 47.0, 'over_under_open': 47.5, 'home_moneyline': -380.0, 'away_moneyline': 290.0}]",-9.0
401286293,2021,12,regular,2021-11-20T21:00:00.000Z,UCF,American Athletic,49,Connecticut,FBS Independents,17,"[{'provider': 'Bovada', 'spread': -30.5, 'formatted_spread': 'UCF -30.5', 'spread_open': -30.0, 'over_under': 56.0, 'over_under_open': 56.5, 'home_moneyline': -10000.0, 'away_moneyline': 2500.0}]",-30.5
401282610,2021,1,regular,2021-09-04T23:30:00.000Z,Georgia Tech,ACC,21,Northern Illinois,Mid-American,22,"[{'provider': 'Bovada', 'spread': -19.0, 'formatted_spread': 'Georgia Tech -19.0', 'spread_open': -15.5, 'over_under': 57.0, 'over_under_open': 57.0, 'home_moneyline': -1200.0, 'away_moneyline': 700.0}]",-19.0
401286298,2021,12,regular,2021-11-20T21:00:00.000Z,Liberty,FBS Independents,14,Louisiana,Sun Belt,42,"[{'provider': 'Bovada', 'spread': -4.5, 'formatted_spread': 'Liberty -4.5', 'spread_open': -4.0, 'over_under': 53.5, 'over_under_open': 53.0, 'home_moneyline': -185.0, 'away_moneyline': 160.0}]",-4.5
401309841,2021,1,regular,2021-09-05T02:30:00.000Z,Arizona,Pac-12,16,BYU,FBS Independents,24,"[{'provider': 'Bovada', 'spread': 12.5, 'formatted_spread': 'BYU -12.5', 'spread_open': 10.0, 'over_under': 53.5, 'over_under_open': 54.5, 'home_moneyline': 350.0, 'away_moneyline': -500.0}]",12.5
401309589,2021,12,regular,2021-11-17T00:00:00.000Z,Ohio,Mid-American,23,Toledo,Mid-American,35,"[{'provider': 'Bovada', 'spread': 7.5, 'formatted_spread': 'Toledo -7.5', 'spread_open': 6.0, 'over_under': 57.5, 'over_under_open': 54.0, 'home_moneyline': 200.0, 'away_moneyline': -240.0}]",7.5
401287922,2021,7,regular,2021-10-16T23:30:00.000Z,Kansas State,Big 12,20,Iowa State,Big 12,33,"[{'provider': 'Bovada', 'spread': 6.5, 'formatted_spread': 'Iowa State -6.5', 'spread_open': 4.5, 'over_under': 50.5, 'over_under_open': 51.5, 'home_moneyline': 210.0, 'away_moneyline': -250.0}]",6.5
401282826,2021,7,regular,2021-10-17T00:00:00.000Z,Wisconsin,Big Ten,20,Army,FBS Independents,14,"[{'provider': 'Bovada', 'spread': -14.0, 'formatted_spread': 'Wisconsin -14.0', 'spread_open': -11.5, 'over_under': 37.5, 'over_under_open': 42.5, 'home_moneyline': -605.0, 'away_moneyline': 420.0}]",-14.0
401282148,2021,13,regular,2021-11-27T17:00:00.000Z,Georgia Tech,ACC,0,Georgia,SEC,45,"[{'provider': 'Bovada', 'spread': 36.0, 'formatted_spread': 'Georgia -36.0', 'spread_open': 35.0, 'over_under': 55.0, 'over_under_open': 54.5, 'home_moneyline': None, 'away_moneyline': None}]",36.0
401282150,2021,13,regular,2021-11-28T00:00:00.000Z,LSU,SEC,27,Texas A&M,SEC,24,"[{'provider': 'Bovada', 'spread': 6.5, 'formatted_spread': 'Texas A&M -6.5', 'spread_open': 6.5, 'over_under': 47.0, 'over_under_open': 45.5, 'home_moneyline': 200.0, 'away_moneyline': -240.0}]",6.5
401282147,2021,13,regular,2021-11-27T17:00:00.000Z,Florida,SEC,24,Florida State,ACC,21,"[{'provider': 'Bovada', 'spread': -4.0, 'formatted_spread': 'Florida -4.0', 'spread_open': -1.5, 'over_under': 58.5, 'over_under_open': 59.0, 'home_moneyline': -165.0, 'away_moneyline': 140.0}]",-4.0
401282149,2021,13,regular,2021-11-28T00:30:00.000Z,Louisville,ACC,21,Kentucky,SEC,52,"[{'provider': 'Bovada', 'spread': -3.0, 'formatted_spread': 'Louisville -3.0', 'spread_open': -2.5, 'over_under': 58.0, 'over_under_open': 57.0, 'home_moneyline': -145.0, 'away_moneyline': 125.0}]",-3.0
401309877,2021,8,regular,2021-10-23T02:30:00.000Z,Arizona,Pac-12,16,Washington,Pac-12,21,"[{'provider': 'Bovada', 'spread': 17.5, 'formatted_spread': 'Washington -17.5', 'spread_open': 16.0, 'over_under': 46.0, 'over_under_open': 45.0, 'home_moneyline': 600.0, 'away_moneyline': -950.0}]",17.5
401282111,2021,8,regular,2021-10-23T23:00:00.000Z,Alabama,SEC,52,Tennessee,SEC,24,"[{'provider': 'Bovada', 'spread': -25.5, 'formatted_spread': 'Alabama -25.5', 'spread_open': -27.5, 'over_under': 68.0, 'over_under_open': 67.0, 'home_moneyline': -5500.0, 'away_moneyline': 1300.0}]",-25.5
401282730,2021,8,regular,2021-10-23T23:30:00.000Z,Indiana,Big Ten,7,Ohio State,Big Ten,54,"[{'provider': 'Bovada', 'spread': 21.0, 'formatted_spread': 'Ohio State -21.0', 'spread_open': 19.5, 'over_under': 59.0, 'over_under_open': 60.0, 'home_moneyline': 800.0, 'away_moneyline': -1600.0}]",21.0
401282779,2021,8,regular,2021-10-23T16:00:00.000Z,Michigan,Big Ten,33,Northwestern,Big Ten,7,"[{'provider': 'Bovada', 'spread': -23.5, 'formatted_spread': 'Michigan -23.5', 'spread_open': -21.5, 'over_under': 51.0, 'over_under_open': 50.5, 'home_moneyline': -2200.0, 'away_moneyline': 1000.0}]",-23.5
401282717,2021,8,regular,2021-10-23T16:00:00.000Z,Penn State,Big Ten,18,Illinois,Big Ten,20,"[{'provider': 'Bovada', 'spread': -24.5, 'formatted_spread': 'Penn State -24.5', 'spread_open': -24.0, 'over_under': 45.5, 'over_under_open': 45.5, 'home_moneyline': -2500.0, 'away_moneyline': 1050.0}]",-24.5
401282115,2021,8,regular,2021-10-23T20:00:00.000Z,Vanderbilt,SEC,6,Mississippi State,SEC,45,"[{'provider': 'Bovada', 'spread': 20.5, 'formatted_spread': 'Mississippi State -20.5', 'spread_open': 23.0, 'over_under': 53.0, 'over_under_open': 51.5, 'home_moneyline': 900.0, 'away_moneyline': -1900.0}]",20.5
401282240,2021,8,regular,2021-10-23T20:00:00.000Z,North Texas,Conference USA,26,Liberty,FBS Independents,35,"[{'provider': 'Bovada', 'spread': 21.0, 'formatted_spread': 'Liberty -21.0', 'spread_open': 21.5, 'over_under': 61.0, 'over_under_open': 60.5, 'home_moneyline': 850.0, 'away_moneyline': -1700.0}]",21.0
401282664,2021,8,regular,2021-10-23T20:00:00.000Z,Louisville,ACC,28,Boston College,ACC,14,"[{'provider': 'Bovada', 'spread': -5.0, 'formatted_spread': 'Louisville -5.0', 'spread_open': -7.0, 'over_under': 57.5, 'over_under_open': 57.0, 'home_moneyline': -220.0, 'away_moneyline': 180.0}]",-5.0
401282667,2021,8,regular,2021-10-23T23:30:00.000Z,Virginia,ACC,48,Georgia Tech,ACC,40,"[{'provider': 'Bovada', 'spread': -6.5, 'formatted_spread': 'Virginia -6.5', 'spread_open': -7.0, 'over_under': 65.5, 'over_under_open': 61.0, 'home_moneyline': -240.0, 'away_moneyline': 200.0}]",-6.5
401310751,2021,12,regular,2021-11-20T04:30:00.000Z,UNLV,Mountain West,20,San Diego State,Mountain West,28,"[{'provider': 'Bovada', 'spread': 11.0, 'formatted_spread': 'San Diego State -11.0', 'spread_open': 12.0, 'over_under': 41.0, 'over_under_open': 41.0, 'home_moneyline': 340.0, 'away_moneyline': -460.0}]",11.0
401310747,2021,12,regular,2021-11-20T02:00:00.000Z,Nevada,Mountain West,39,Air Force,Mountain West,41,"[{'provider': 'Bovada', 'spread': 2.0, 'formatted_spread': 'Air Force -2.0', 'spread_open': -1.5, 'over_under': 54.0, 'over_under_open': 52.5, 'home_moneyline': 115.0, 'away_moneyline': -135.0}]",2.0
401309901,2021,12,regular,2021-11-21T00:30:00.000Z,Utah,Pac-12,38,Oregon,Pac-12,7,"[{'provider': 'Bovada', 'spread': -3.0, 'formatted_spread': 'Utah -3.0', 'spread_open': -3.0, 'over_under': 58.5, 'over_under_open': 59.0, 'home_moneyline': -150.0, 'away_moneyline': 130.0}]",-3.0
401309903,2021,12,regular,2021-11-20T20:00:00.000Z,Colorado,Pac-12,20,Washington,Pac-12,17,"[{'provider': 'Bovada', 'spread': 6.5, 'formatted_spread': 'Washington -6.5', 'spread_open': 5.5, 'over_under': 43.0, 'over_under_open': 43.0, 'home_moneyline': 210.0, 'away_moneyline': -250.0}]",6.5
401282191,2021,2,regular,2021-09-11T01:30:00.000Z,Boise State,Mountain West,54,UTEP,Conference USA,13,"[{'provider': 'Bovada', 'spread': -25.0, 'formatted_spread': 'Boise State -25.0', 'spread_open': -27.0, 'over_under': 56.0, 'over_under_open': 55.0, 'home_moneyline': -4500.0, 'away_moneyline': 1250.0}]",-25.0
401282615,2021,2,regular,2021-09-11T21:00:00.000Z,Clemson,ACC,49,South Carolina State,MEAC,3,"[{'provider': 'Bovada', 'spread': -50.0, 'formatted_spread': 'Clemson -50.0', 'spread_open': -49.0, 'over_under': 56.0, 'over_under_open': 56.0, 'home_moneyline': None, 'away_moneyline': None}]",-50.0
401309563,2021,6,regular,2021-10-09T19:30:00.000Z,Western Michigan,Mid-American,20,Ball State,Mid-American,45,"[{'provider': 'Bovada', 'spread': -12.5, 'formatted_spread': 'Western Michigan -12.5', 'spread_open': -11.0, 'over_under': 57.5, 'over_under_open': 56.5, 'home_moneyline': -500.0, 'away_moneyline': 360.0}]",-12.5
401301019,2021,6,regular,2021-10-09T22:00:00.000Z,UCF,American Athletic,20,East Carolina,American Athletic,16,"[{'provider': 'Bovada', 'spread': -10.0, 'formatted_spread': 'UCF -10.0', 'spread_open': -10.0, 'over_under': 65.5, 'over_under_open': 68.0, 'home_moneyline': -380.0, 'away_moneyline': 290.0}]",-10.0
401287919,2021,6,regular,2021-10-09T23:00:00.000Z,Texas Tech,Big 12,31,TCU,Big 12,52,"[{'provider': 'Bovada', 'spread': 2.5, 'formatted_spread': 'TCU -2.5', 'spread_open': 2.0, 'over_under': 60.5, 'over_under_open': 62.0, 'home_moneyline': 110.0, 'away_moneyline': -130.0}]",2.5
401301020,2021,6,regular,2021-10-10T01:00:00.000Z,Tulsa,American Athletic,35,Memphis,American Athletic,29,"[{'provider': 'Bovada', 'spread': -3.0, 'formatted_spread': 'Tulsa -3.0', 'spread_open': -4.0, 'over_under': 60.5, 'over_under_open': 62.5, 'home_moneyline': -160.0, 'away_moneyline': 135.0}]",-3.0
401310717,2021,6,regular,2021-10-10T02:30:00.000Z,Nevada,Mountain West,55,New Mexico State,FBS Independents,28,"[{'provider': 'Bovada', 'spread': -28.0, 'formatted_spread': 'Nevada -28.0', 'spread_open': -33.5, 'over_under': 64.0, 'over_under_open': 61.5, 'home_moneyline': None, 'away_moneyline': None}]",-28.0
401309620,2021,7,regular,2021-10-12T23:30:00.000Z,Louisiana,Sun Belt,41,Appalachian State,Sun Belt,13,"[{'provider': 'Bovada', 'spread': 4.5, 'formatted_spread': 'Appalachian State -4.5', 'spread_open': 3.5, 'over_under': 58.0, 'over_under_open': 54.5, 'home_moneyline': 170.0, 'away_moneyline': -200.0}]",4.5
401287940,2021,11,regular,2021-11-14T01:00:00.000Z,Oklahoma State,Big 12,63,TCU,Big 12,17,"[{'provider': 'Bovada', 'spread': -12.0, 'formatted_spread': 'Oklahoma State -12.0', 'spread_open': -13.0, 'over_under': 54.0, 'over_under_open': 54.5, 'home_moneyline': -500.0, 'away_moneyline': 360.0}]",-12.0
401287939,2021,11,regular,2021-11-13T17:00:00.000Z,Kansas State,Big 12,34,West Virginia,Big 12,17,"[{'provider': 'Bovada', 'spread': -6.0, 'formatted_spread': 'Kansas State -6.0', 'spread_open': -6.0, 'over_under': 46.5, 'over_under_open': 47.0, 'home_moneyline': -235.0, 'away_moneyline': 195.0}]",-6.0
401301041,2021,11,regular,2021-11-13T17:00:00.000Z,SMU,American Athletic,55,UCF,American Athletic,28,"[{'provider': 'Bovada', 'spread': -7.0, 'formatted_spread': 'SMU -7.0', 'spread_open': -7.5, 'over_under': 62.0, 'over_under_open': 59.5, 'home_moneyline': -280.0, 'away_moneyline': 230.0}]",-7.0
401301042,2021,11,regular,2021-11-13T17:00:00.000Z,Memphis,American Athletic,29,East Carolina,American Athletic,30,"[{'provider': 'Bovada', 'spread': -4.0, 'formatted_spread': 'Memphis -4.0', 'spread_open': -6.0, 'over_under': 59.0, 'over_under_open': 60.0, 'home_moneyline': -210.0, 'away_moneyline': 175.0}]",-4.0
401301043,2021,11,regular,2021-11-13T17:00:00.000Z,Temple,American Athletic,8,Houston,American Athletic,37,"[{'provider': 'Bovada', 'spread': 26.0, 'formatted_spread': 'Houston -26.0', 'spread_open': 25.5, 'over_under': 52.5, 'over_under_open': 55.5, 'home_moneyline': 1075.0, 'away_moneyline': -2600.0}]",26.0
401309639,2021,11,regular,2021-11-13T19:00:00.000Z,Coastal Carolina,Sun Belt,40,Georgia State,Sun Belt,42,"[{'provider': 'Bovada', 'spread': -13.0, 'formatted_spread': 'Coastal Carolina -13.0', 'spread_open': -9.0, 'over_under': 53.0, 'over_under_open': 52.5, 'home_moneyline': -445.0, 'away_moneyline': 330.0}]",-13.0
401309637,2021,11,regular,2021-11-13T19:30:00.000Z,Appalachian State,Sun Belt,31,South Alabama,Sun Belt,7,"[{'provider': 'Bovada', 'spread': -21.5, 'formatted_spread': 'Appalachian State -21.5', 'spread_open': -23.0, 'over_under': 51.5, 'over_under_open': 54.5, 'home_moneyline': -2100.0, 'away_moneyline': 975.0}]",-21.5
401309640,2021,11,regular,2021-11-13T20:00:00.000Z,Texas State,Sun Belt,30,Georgia Southern,Sun Belt,38,"[{'provider': 'Bovada', 'spread': -2.0, 'formatted_spread': 'Texas State -2.0', 'spread_open': -2.5, 'over_under': 52.5, 'over_under_open': 53.5, 'home_moneyline': -125.0, 'away_moneyline': 105.0}]",-2.0
401287942,2021,11,regular,2021-11-13T20:30:00.000Z,Texas Tech,Big 12,41,Iowa State,Big 12,38,"[{'provider': 'Bovada', 'spread': 10.5, 'formatted_spread': 'Iowa State -10.5', 'spread_open': 10.5, 'over_under': 56.5, 'over_under_open': 58.0, 'home_moneyline': 315.0, 'away_moneyline': -420.0}]",10.5
401301044,2021,11,regular,2021-11-13T21:00:00.000Z,Tulane,American Athletic,13,Tulsa,American Athletic,20,"[{'provider': 'Bovada', 'spread': 3.0, 'formatted_spread': 'Tulsa -3.0', 'spread_open': 3.0, 'over_under': 55.5, 'over_under_open': 58.5, 'home_moneyline': 125.0, 'away_moneyline': -145.0}]",3.0
401309638,2021,11,regular,2021-11-13T22:00:00.000Z,Louisiana Monroe,Sun Belt,24,Arkansas State,Sun Belt,27,"[{'provider': 'Bovada', 'spread': -3.0, 'formatted_spread': 'Louisiana Monroe -3.0', 'spread_open': -3.0, 'over_under': 66.5, 'over_under_open': 68.5, 'home_moneyline': -150.0, 'away_moneyline': 130.0}]",-3.0
401287941,2021,11,regular,2021-11-14T00:30:00.000Z,Texas,Big 12,56,Kansas,Big 12,57,"[{'provider': 'Bovada', 'spread': -31.0, 'formatted_spread': 'Texas -31.0', 'spread_open': -30.0, 'over_under': 62.0, 'over_under_open': 60.5, 'home_moneyline': None, 'away_moneyline': None}]",-31.0
401287918,2021,6,regular,2021-10-09T16:00:00.000Z,Texas,Big 12,48,Oklahoma,Big 12,55,"[{'provider': 'Bovada', 'spread': 4.0, 'formatted_spread': 'Oklahoma -4.0', 'spread_open': 3.5, 'over_under': 66.0, 'over_under_open': 63.5, 'home_moneyline': 130.0, 'away_moneyline': -150.0}]",4.0
401282787,2021,10,regular,2021-11-06T19:30:00.000Z,Purdue,Big Ten,40,Michigan State,Big Ten,29,"[{'provider': 'Bovada', 'spread': 3.0, 'formatted_spread': 'Michigan State -3.0', 'spread_open': 3.0, 'over_under': 53.5, 'over_under_open': 52.0, 'home_moneyline': 130.0, 'away_moneyline': -150.0}]",3.0
401282799,2021,10,regular,2021-11-06T16:00:00.000Z,Nebraska,Big Ten,17,Ohio State,Big Ten,26,"[{'provider': 'Bovada', 'spread': 14.5, 'formatted_spread': 'Ohio State -14.5', 'spread_open': 14.5, 'over_under': 68.0, 'over_under_open': 63.0, 'home_moneyline': 500.0, 'away_moneyline': -750.0}]",14.5
401282824,2021,10,regular,2021-11-06T19:30:00.000Z,Rutgers,Big Ten,3,Wisconsin,Big Ten,52,"[{'provider': 'Bovada', 'spread': 13.5, 'formatted_spread': 'Wisconsin -13.5', 'spread_open': 11.5, 'over_under': 38.0, 'over_under_open': 37.5, 'home_moneyline': 400.0, 'away_moneyline': -565.0}]",13.5
401309552,2021,3,regular,2021-09-18T16:00:00.000Z,Buffalo,Mid-American,25,Coastal Carolina,Sun Belt,28,"[{'provider': 'Bovada', 'spread': 14.0, 'formatted_spread': 'Coastal Carolina -14.0', 'spread_open': 10.5, 'over_under': 58.0, 'over_under_open': 57.5, 'home_moneyline': 430.0, 'away_moneyline': -625.0}]",14.0
401282102,2021,6,regular,2021-10-09T16:00:00.000Z,Tennessee,SEC,45,South Carolina,SEC,20,"[{'provider': 'Bovada', 'spread': -11.0, 'formatted_spread': 'Tennessee -11.0', 'spread_open': -10.0, 'over_under': 56.5, 'over_under_open': 53.0, 'home_moneyline': -420.0, 'away_moneyline': 315.0}]",-11.0
401309631,2021,9,regular,2021-10-30T16:00:00.000Z,Louisiana,Sun Belt,45,Texas State,Sun Belt,0,"[{'provider': 'Bovada', 'spread': -21.0, 'formatted_spread': 'Louisiana -21.0', 'spread_open': -20.0, 'over_under': 58.0, 'over_under_open': 56.5, 'home_moneyline': -1500.0, 'away_moneyline': 775.0}]",-21.0
401309587,2021,11,regular,2021-11-11T00:00:00.000Z,Northern Illinois,Mid-American,30,Ball State,Mid-American,29,"[{'provider': 'Bovada', 'spread': 3.0, 'formatted_spread': 'Ball State -3.0', 'spread_open': 2.5, 'over_under': 59.5, 'over_under_open': 62.0, 'home_moneyline': 110.0, 'away_moneyline': -130.0}]",3.0
401282683,2021,11,regular,2021-11-12T00:30:00.000Z,Pittsburgh,ACC,30,North Carolina,ACC,23,"[{'provider': 'Bovada', 'spread': -6.5, 'formatted_spread': 'Pittsburgh -6.5', 'spread_open': -6.0, 'over_under': 72.5, 'over_under_open': 75.0, 'home_moneyline': -250.0, 'away_moneyline': 210.0}]",-6.5
401309894,2021,11,regular,2021-11-13T22:30:00.000Z,Oregon State,Pac-12,35,Stanford,Pac-12,14,"[{'provider': 'Bovada', 'spread': -13.0, 'formatted_spread': 'Oregon State -13.0', 'spread_open': -10.0, 'over_under': 56.0, 'over_under_open': 56.0, 'home_moneyline': -480.0, 'away_moneyline': 350.0}]",-13.0
401282146,2021,13,regular,2021-11-27T20:30:00.000Z,Auburn,SEC,22,Alabama,SEC,24,"[{'provider': 'Bovada', 'spread': 20.5, 'formatted_spread': 'Alabama -20.5', 'spread_open': 19.5, 'over_under': 57.0, 'over_under_open': 55.0, 'home_moneyline': 750.0, 'away_moneyline': -1400.0}]",20.5
401309908,2021,13,regular,2021-11-27T20:30:00.000Z,Oregon,Pac-12,38,Oregon State,Pac-12,29,"[{'provider': 'Bovada', 'spread': -7.0, 'formatted_spread': 'Oregon -7.0', 'spread_open': -7.0, 'over_under': 61.0, 'over_under_open': 61.5, 'home_moneyline': -270.0, 'away_moneyline': 220.0}]",-7.0
401309649,2021,13,regular,2021-11-27T19:00:00.000Z,Georgia State,Sun Belt,37,Troy,Sun Belt,10,"[{'provider': 'Bovada', 'spread': -6.5, 'formatted_spread': 'Georgia State -6.5', 'spread_open': -6.5, 'over_under': 49.5, 'over_under_open': 49.5, 'home_moneyline': -240.0, 'away_moneyline': 200.0}]",-6.5
401282056,2021,2,regular,2021-09-11T20:00:00.000Z,Alabama,SEC,48,Mercer,Southern,14,"[{'provider': 'Bovada', 'spread': -54.0, 'formatted_spread': 'Alabama -54.0', 'spread_open': -54.0, 'over_under': 60.5, 'over_under_open': 60.0, 'home_moneyline': None, 'away_moneyline': None}]",-54.0
401309650,2021,13,regular,2021-11-27T21:00:00.000Z,Louisiana,Sun Belt,21,Louisiana Monroe,Sun Belt,16,"[{'provider': 'Bovada', 'spread': -21.5, 'formatted_spread': 'Louisiana -21.5', 'spread_open': -21.5, 'over_under': 55.5, 'over_under_open': 54.5, 'home_moneyline': -1700.0, 'away_moneyline': 850.0}]",-21.5
401309909,2021,13,regular,2021-11-27T21:00:00.000Z,Arizona State,Pac-12,38,Arizona,Pac-12,15,"[{'provider': 'Bovada', 'spread': -20.0, 'formatted_spread': 'Arizona State -20.0', 'spread_open': -20.0, 'over_under': 53.0, 'over_under_open': 52.0, 'home_moneyline': -1400.0, 'away_moneyline': 750.0}]",-20.0
401309907,2021,13,regular,2021-11-28T03:30:00.000Z,UCLA,Pac-12,42,California,Pac-12,14,"[{'provider': 'Bovada', 'spread': -6.5, 'formatted_spread': 'UCLA -6.5', 'spread_open': -7.0, 'over_under': 58.5, 'over_under_open': 57.5, 'home_moneyline': -250.0, 'away_moneyline': 210.0}]",-6.5
401287901,2021,2,regular,2021-09-11T23:00:00.000Z,Texas Tech,Big 12,28,Stephen F. Austin,AWC,22,"[{'provider': 'Bovada', 'spread': -32.0, 'formatted_spread': 'Texas Tech -32.0', 'spread_open': -31.5, 'over_under': 51.5, 'over_under_open': 51.5, 'home_moneyline': None, 'away_moneyline': None}]",-32.0
401301003,2021,2,regular,2021-09-11T23:00:00.000Z,Arkansas State,Sun Belt,50,Memphis,American Athletic,55,"[{'provider': 'Bovada', 'spread': 5.5, 'formatted_spread': 'Memphis -5.5', 'spread_open': 5.5, 'over_under': 64.5, 'over_under_open': 64.5, 'home_moneyline': 175.0, 'away_moneyline': -210.0}]",5.5
401282724,2021,2,regular,2021-09-11T23:30:00.000Z,Indiana,Big Ten,56,Idaho,Big Sky,14,"[{'provider': 'Bovada', 'spread': -31.5, 'formatted_spread': 'Indiana -31.5', 'spread_open': -30.5, 'over_under': 52.5, 'over_under_open': 52.0, 'home_moneyline': None, 'away_moneyline': None}]",-31.5
401286207,2021,2,regular,2021-09-11T23:30:00.000Z,Maryland,Big Ten,62,Howard,MEAC,0,"[{'provider': 'Bovada', 'spread': -48.0, 'formatted_spread': 'Maryland -48.0', 'spread_open': -48.0, 'over_under': 55.5, 'over_under_open': 55.5, 'home_moneyline': None, 'away_moneyline': None}]",-48.0
401282773,2021,2,regular,2021-09-12T00:00:00.000Z,Michigan,Big Ten,31,Washington,Pac-12,10,"[{'provider': 'Bovada', 'spread': -6.5, 'formatted_spread': 'Michigan -6.5', 'spread_open': -6.0, 'over_under': 47.5, 'over_under_open': 50.5, 'home_moneyline': -270.0, 'away_moneyline': 220.0}]",-6.5
401301009,2021,4,regular,2021-09-26T02:15:00.000Z,BYU,FBS Independents,35,South Florida,American Athletic,27,"[{'provider': 'Bovada', 'spread': -23.5, 'formatted_spread': 'BYU -23.5', 'spread_open': -23.5, 'over_under': 54.0, 'over_under_open': 52.0, 'home_moneyline': -2300.0, 'away_moneyline': 1025.0}]",-23.5
401287909,2021,4,regular,2021-09-25T23:00:00.000Z,Oklahoma State,Big 12,31,Kansas State,Big 12,20,"[{'provider': 'Bovada', 'spread': -5.0, 'formatted_spread': 'Oklahoma State -5.0', 'spread_open': -7.5, 'over_under': 47.5, 'over_under_open': 45.5, 'home_moneyline': -210.0, 'away_moneyline': 175.0}]",-5.0
401287910,2021,4,regular,2021-09-25T16:00:00.000Z,TCU,Big 12,34,SMU,American Athletic,42,"[{'provider': 'Bovada', 'spread': -9.5, 'formatted_spread': 'TCU -9.5', 'spread_open': -10.0, 'over_under': 65.5, 'over_under_open': 64.0, 'home_moneyline': -380.0, 'away_moneyline': 290.0}]",-9.5
401287911,2021,4,regular,2021-09-25T16:00:00.000Z,Texas,Big 12,70,Texas Tech,Big 12,35,"[{'provider': 'Bovada', 'spread': -9.0, 'formatted_spread': 'Texas -9.0', 'spread_open': -10.0, 'over_under': 63.0, 'over_under_open': 61.0, 'home_moneyline': -370.0, 'away_moneyline': 285.0}]",-9.0
401301007,2021,4,regular,2021-09-25T22:00:00.000Z,East Carolina,American Athletic,31,Charleston Southern,Big South,28,"[{'provider': 'Bovada', 'spread': -24.0, 'formatted_spread': 'East Carolina -24.0', 'spread_open': -25.5, 'over_under': 59.0, 'over_under_open': 59.5, 'home_moneyline': None, 'away_moneyline': None}]",-24.0
401301008,2021,4,regular,2021-09-25T23:00:00.000Z,Houston,American Athletic,28,Navy,American Athletic,20,"[{'provider': 'Bovada', 'spread': -19.0, 'formatted_spread': 'Houston -19.0', 'spread_open': -20.0, 'over_under': 47.0, 'over_under_open': 49.0, 'home_moneyline': -1300.0, 'away_moneyline': 725.0}]",-19.0
401309579,2021,10,regular,2021-11-02T23:00:00.000Z,Akron,Mid-American,25,Ball State,Mid-American,31,"[{'provider': 'Bovada', 'spread': 20.0, 'formatted_spread': 'Ball State -20.0', 'spread_open': 19.5, 'over_under': 58.0, 'over_under_open': 57.5, 'home_moneyline': 725.0, 'away_moneyline': -1300.0}]",20.0
401308839,2021,10,regular,2021-11-02T23:30:00.000Z,Ohio,Mid-American,35,Miami (OH),Mid-American,33,"[{'provider': 'Bovada', 'spread': 7.0, 'formatted_spread': 'Miami (OH) -7.0', 'spread_open': 7.0, 'over_under': 54.5, 'over_under_open': 52.0, 'home_moneyline': 230.0, 'away_moneyline': -280.0}]",7.0
401309580,2021,10,regular,2021-11-02T23:30:00.000Z,Toledo,Mid-American,49,Eastern Michigan,Mid-American,52,"[{'provider': 'Bovada', 'spread': -9.0, 'formatted_spread': 'Toledo -9.0', 'spread_open': -9.0, 'over_under': 54.5, 'over_under_open': 52.5, 'home_moneyline': -360.0, 'away_moneyline': 280.0}]",-9.0
401309581,2021,10,regular,2021-11-03T23:00:00.000Z,Western Michigan,Mid-American,30,Central Michigan,Mid-American,42,"[{'provider': 'Bovada', 'spread': -9.0, 'formatted_spread': 'Western Michigan -9.0', 'spread_open': -10.0, 'over_under': 64.5, 'over_under_open': 63.0, 'home_moneyline': -395.0, 'away_moneyline': 300.0}]",-9.0
401309582,2021,10,regular,2021-11-03T23:00:00.000Z,Kent State,Mid-American,52,Northern Illinois,Mid-American,47,"[{'provider': 'Bovada', 'spread': -3.5, 'formatted_spread': 'Kent State -3.5', 'spread_open': -5.5, 'over_under': 72.0, 'over_under_open': 67.5, 'home_moneyline': -185.0, 'away_moneyline': 160.0}]",-3.5
401309632,2021,10,regular,2021-11-04T23:30:00.000Z,Louisiana,Sun Belt,21,Georgia State,Sun Belt,17,"[{'provider': 'Bovada', 'spread': -13.5, 'formatted_spread': 'Louisiana -13.5', 'spread_open': -10.5, 'over_under': 54.0, 'over_under_open': 53.0, 'home_moneyline': -500.0, 'away_moneyline': 360.0}]",-13.5
401282677,2021,10,regular,2021-11-05T23:30:00.000Z,Boston College,ACC,17,Virginia Tech,ACC,3,"[{'provider': 'Bovada', 'spread': 2.5, 'formatted_spread': 'Virginia Tech -2.5', 'spread_open': 3.0, 'over_under': 50.5, 'over_under_open': 47.0, 'home_moneyline': 135.0, 'away_moneyline': -160.0}]",2.5
401309888,2021,10,regular,2021-11-06T02:30:00.000Z,Stanford,Pac-12,7,Utah,Pac-12,52,"[{'provider': 'Bovada', 'spread': 10.0, 'formatted_spread': 'Utah -10.0', 'spread_open': 6.5, 'over_under': 52.0, 'over_under_open': 52.5, 'home_moneyline': 265.0, 'away_moneyline': -330.0}]",10.0
401282121,2021,10,regular,2021-11-06T20:00:00.000Z,Arkansas,SEC,31,Mississippi State,SEC,28,"[{'provider': 'Bovada', 'spread': -4.0, 'formatted_spread': 'Arkansas -4.0', 'spread_open': -5.5, 'over_under': 53.5, 'over_under_open': 56.0, 'home_moneyline': -195.0, 'away_moneyline': 165.0}]",-4.0
401301035,2021,10,regular,2021-11-06T19:00:00.000Z,East Carolina,American Athletic,45,Temple,American Athletic,3,"[{'provider': 'Bovada', 'spread': -15.5, 'formatted_spread': 'East Carolina -15.5', 'spread_open': -15.0, 'over_under': 52.0, 'over_under_open': 55.5, 'home_moneyline': -750.0, 'away_moneyline': 500.0}]",-15.5
401282780,2021,11,regular,2021-11-13T17:00:00.000Z,Penn State,Big Ten,17,Michigan,Big Ten,21,"[{'provider': 'Bovada', 'spread': 2.5, 'formatted_spread': 'Michigan -2.5', 'spread_open': 0.0, 'over_under': 48.0, 'over_under_open': 48.5, 'home_moneyline': 105.0, 'away_moneyline': -125.0}]",2.5
401282771,2021,11,regular,2021-11-13T21:00:00.000Z,Michigan State,Big Ten,40,Maryland,Big Ten,21,"[{'provider': 'Bovada', 'spread': -12.0, 'formatted_spread': 'Michigan State -12.0', 'spread_open': -13.5, 'over_under': 61.5, 'over_under_open': 62.5, 'home_moneyline': -565.0, 'away_moneyline': 400.0}]",-12.0
401282806,2021,11,regular,2021-11-13T17:00:00.000Z,Wisconsin,Big Ten,35,Northwestern,Big Ten,7,"[{'provider': 'Bovada', 'spread': -26.0, 'formatted_spread': 'Wisconsin -26.0', 'spread_open': -24.0, 'over_under': 41.5, 'over_under_open': 41.0, 'home_moneyline': -2800.0, 'away_moneyline': 1100.0}]",-26.0
401282762,2021,11,regular,2021-11-13T20:30:00.000Z,Iowa,Big Ten,27,Minnesota,Big Ten,22,"[{'provider': 'Bovada', 'spread': -4.0, 'formatted_spread': 'Iowa -4.0', 'spread_open': -7.0, 'over_under': 37.0, 'over_under_open': 36.5, 'home_moneyline': -180.0, 'away_moneyline': 155.0}]",-4.0
401282273,2021,13,regular,2021-11-27T19:00:00.000Z,North Texas,Conference USA,45,UT San Antonio,Conference USA,23,"[{'provider': 'Bovada', 'spread': 8.5, 'formatted_spread': 'UT San Antonio -8.5', 'spread_open': 12.0, 'over_under': 59.5, 'over_under_open': 59.5, 'home_moneyline': 290.0, 'away_moneyline': -380.0}]",8.5
401282120,2021,10,regular,2021-11-06T23:00:00.000Z,Alabama,SEC,20,LSU,SEC,14,"[{'provider': 'Bovada', 'spread': -29.0, 'formatted_spread': 'Alabama -29.0', 'spread_open': -28.5, 'over_under': 67.0, 'over_under_open': 65.0, 'home_moneyline': None, 'away_moneyline': None}]",-29.0
401282223,2021,5,regular,2021-10-02T23:30:00.000Z,Michigan State,Big Ten,48,Western Kentucky,Conference USA,31,"[{'provider': 'Bovada', 'spread': -11.0, 'formatted_spread': 'Michigan State -11.0', 'spread_open': -10.0, 'over_under': 66.5, 'over_under_open': 60.0, 'home_moneyline': -420.0, 'away_moneyline': 315.0}]",-11.0
401282220,2021,5,regular,2021-10-02T22:00:00.000Z,NC State,ACC,34,Louisiana Tech,Conference USA,27,"[{'provider': 'Bovada', 'spread': -18.0, 'formatted_spread': 'NC State -18.0', 'spread_open': -19.5, 'over_under': 56.0, 'over_under_open': 55.0, 'home_moneyline': -1100.0, 'away_moneyline': 650.0}]",-18.0
401282647,2021,5,regular,2021-10-02T23:30:00.000Z,Clemson,ACC,19,Boston College,ACC,13,"[{'provider': 'Bovada', 'spread': -14.5, 'formatted_spread': 'Clemson -14.5', 'spread_open': -16.0, 'over_under': 46.0, 'over_under_open': 46.5, 'home_moneyline': -655.0, 'away_moneyline': 445.0}]",-14.5
401282219,2021,5,regular,2021-10-02T16:00:00.000Z,Illinois,Big Ten,24,Charlotte,Conference USA,14,"[{'provider': 'Bovada', 'spread': -10.0, 'formatted_spread': 'Illinois -10.0', 'spread_open': -9.5, 'over_under': 54.0, 'over_under_open': 54.5, 'home_moneyline': -415.0, 'away_moneyline': 310.0}]",-10.0
401282215,2021,5,regular,2021-10-02T19:30:00.000Z,Florida Atlantic,Conference USA,58,Florida International,Conference USA,21,"[{'provider': 'Bovada', 'spread': -10.5, 'formatted_spread': 'Florida Atlantic -10.5', 'spread_open': -10.5, 'over_under': 52.0, 'over_under_open': 51.5, 'home_moneyline': -415.0, 'away_moneyline': 310.0}]",-10.5
401282222,2021,5,regular,2021-10-02T22:00:00.000Z,UT San Antonio,Conference USA,24,UNLV,Mountain West,17,"[{'provider': 'Bovada', 'spread': -21.5, 'formatted_spread': 'UT San Antonio -21.5', 'spread_open': -20.0, 'over_under': 55.5, 'over_under_open': 56.5, 'home_moneyline': -1500.0, 'away_moneyline': 775.0}]",-21.5
401282218,2021,5,regular,2021-10-02T22:30:00.000Z,Rice,Conference USA,24,Southern Mississippi,Conference USA,19,"[{'provider': 'Bovada', 'spread': -1.0, 'formatted_spread': 'Rice -1.0', 'spread_open': -3.0, 'over_under': 45.0, 'over_under_open': 45.5, 'home_moneyline': -125.0, 'away_moneyline': 105.0}]",-1.0
401282216,2021,5,regular,2021-10-02T23:00:00.000Z,Middle Tennessee,Conference USA,34,Marshall,Conference USA,28,"[{'provider': 'Bovada', 'spread': 11.5, 'formatted_spread': 'Marshall -11.5', 'spread_open': 10.0, 'over_under': 66.0, 'over_under_open': 64.5, 'home_moneyline': 300.0, 'away_moneyline': -395.0}]",11.5
401282221,2021,5,regular,2021-10-02T23:00:00.000Z,UAB,Conference USA,12,Liberty,FBS Independents,36,"[{'provider': 'Bovada', 'spread': -3.0, 'formatted_spread': 'UAB -3.0', 'spread_open': -2.0, 'over_under': 49.0, 'over_under_open': 49.5, 'home_moneyline': -135.0, 'away_moneyline': 115.0}]",-3.0
401282217,2021,5,regular,2021-10-03T01:00:00.000Z,UTEP,Conference USA,28,Old Dominion,Conference USA,21,"[{'provider': 'Bovada', 'spread': -5.5, 'formatted_spread': 'UTEP -5.5', 'spread_open': -4.0, 'over_under': 48.5, 'over_under_open': 49.5, 'home_moneyline': -230.0, 'away_moneyline': 190.0}]",-5.5
401282122,2021,10,regular,2021-11-06T16:00:00.000Z,Georgia,SEC,43,Missouri,SEC,6,"[{'provider': 'Bovada', 'spread': -40.0, 'formatted_spread': 'Georgia -40.0', 'spread_open': -37.5, 'over_under': 59.0, 'over_under_open': 59.5, 'home_moneyline': None, 'away_moneyline': None}]",-40.0
401282126,2021,10,regular,2021-11-06T19:30:00.000Z,Texas A&M,SEC,20,Auburn,SEC,3,"[{'provider': 'Bovada', 'spread': -4.5, 'formatted_spread': 'Texas A&M -4.5', 'spread_open': -4.5, 'over_under': 49.0, 'over_under_open': 50.0, 'home_moneyline': -200.0, 'away_moneyline': 170.0}]",-4.5
401282124,2021,10,regular,2021-11-06T16:00:00.000Z,Ole Miss,SEC,27,Liberty,FBS Independents,14,"[{'provider': 'Bovada', 'spread': -9.0, 'formatted_spread': 'Ole Miss -9.0', 'spread_open': -10.0, 'over_under': 67.5, 'over_under_open': 68.5, 'home_moneyline': -350.0, 'away_moneyline': 275.0}]",-9.0
401282123,2021,10,regular,2021-11-06T23:00:00.000Z,Kentucky,SEC,42,Tennessee,SEC,45,"[{'provider': 'Bovada', 'spread': 1.0, 'formatted_spread': 'Tennessee -1.0', 'spread_open': -3.0, 'over_under': 57.0, 'over_under_open': 58.5, 'home_moneyline': -105.0, 'away_moneyline': -115.0}]",1.0
401282757,2021,10,regular,2021-11-06T23:00:00.000Z,Northwestern,Big Ten,12,Iowa,Big Ten,17,"[{'provider': 'Bovada', 'spread': 12.0, 'formatted_spread': 'Iowa -12.0', 'spread_open': 11.5, 'over_under': 40.5, 'over_under_open': 40.5, 'home_moneyline': 360.0, 'away_moneyline': -500.0}]",12.0
401282125,2021,10,regular,2021-11-06T23:30:00.000Z,South Carolina,SEC,40,Florida,SEC,17,"[{'provider': 'Bovada', 'spread': 21.0, 'formatted_spread': 'Florida -21.0', 'spread_open': 18.5, 'over_under': 52.0, 'over_under_open': 52.5, 'home_moneyline': 775.0, 'away_moneyline': -1500.0}]",21.0
401282727,2021,10,regular,2021-11-06T23:30:00.000Z,Michigan,Big Ten,29,Indiana,Big Ten,7,"[{'provider': 'Bovada', 'spread': -21.0, 'formatted_spread': 'Michigan -21.0', 'spread_open': -19.0, 'over_under': 51.0, 'over_under_open': 51.0, 'home_moneyline': -1500.0, 'away_moneyline': 775.0}]",-21.0
401282248,2021,10,regular,2021-11-06T23:00:00.000Z,Florida International,Conference USA,24,Old Dominion,Conference USA,47,"[{'provider': 'Bovada', 'spread': 3.0, 'formatted_spread': 'Old Dominion -3.0', 'spread_open': 1.5, 'over_under': 50.0, 'over_under_open': 52.0, 'home_moneyline': 125.0, 'away_moneyline': -145.0}]",3.0
401310734,2021,9,regular,2021-10-30T02:00:00.000Z,Nevada,Mountain West,51,UNLV,Mountain West,20,"[{'provider': 'Bovada', 'spread': -19.0, 'formatted_spread': 'Nevada -19.0', 'spread_open': -20.5, 'over_under': 58.0, 'over_under_open': 59.0, 'home_moneyline': -1500.0, 'away_moneyline': 775.0}]",-19.0
401309884,2021,9,regular,2021-10-30T19:30:00.000Z,Oregon,Pac-12,52,Colorado,Pac-12,29,"[{'provider': 'Bovada', 'spread': -24.5, 'formatted_spread': 'Oregon -24.5', 'spread_open': -26.0, 'over_under': 49.5, 'over_under_open': 48.5, 'home_moneyline': -3500.0, 'away_moneyline': 1175.0}]",-24.5
401309885,2021,9,regular,2021-10-30T19:00:00.000Z,Arizona State,Pac-12,21,Washington State,Pac-12,34,"[{'provider': 'Bovada', 'spread': -16.0, 'formatted_spread': 'Arizona State -16.0', 'spread_open': -15.0, 'over_under': 54.0, 'over_under_open': 51.5, 'home_moneyline': -700.0, 'away_moneyline': 475.0}]",-16.0
401310731,2021,9,regular,2021-10-30T19:00:00.000Z,Utah State,Mountain West,51,Hawai'i,Mountain West,31,"[{'provider': 'Bovada', 'spread': -5.0, 'formatted_spread': 'Utah State -5.0', 'spread_open': -6.5, 'over_under': 66.0, 'over_under_open': 66.5, 'home_moneyline': -200.0, 'away_moneyline': 170.0}]",-5.0
401309886,2021,9,regular,2021-10-30T23:00:00.000Z,USC,Pac-12,41,Arizona,Pac-12,34,"[{'provider': 'Bovada', 'spread': -21.5, 'formatted_spread': 'USC -21.5', 'spread_open': -20.5, 'over_under': 55.0, 'over_under_open': 56.5, 'home_moneyline': -1700.0, 'away_moneyline': 850.0}]",-21.5
401310730,2021,9,regular,2021-10-30T23:00:00.000Z,Colorado State,Mountain West,19,Boise State,Mountain West,28,"[{'provider': 'Bovada', 'spread': 2.5, 'formatted_spread': 'Boise State -2.5', 'spread_open': 2.5, 'over_under': 51.5, 'over_under_open': 51.0, 'home_moneyline': 115.0, 'away_moneyline': -135.0}]",2.5
401309887,2021,9,regular,2021-10-31T02:00:00.000Z,Utah,Pac-12,44,UCLA,Pac-12,24,"[{'provider': 'Bovada', 'spread': -6.5, 'formatted_spread': 'Utah -6.5', 'spread_open': -4.5, 'over_under': 60.5, 'over_under_open': 61.0, 'home_moneyline': -250.0, 'away_moneyline': 210.0}]",-6.5
401309895,2021,11,regular,2021-11-14T03:30:00.000Z,Oregon,Pac-12,38,Washington State,Pac-12,24,"[{'provider': 'Bovada', 'spread': -13.0, 'formatted_spread': 'Oregon -13.0', 'spread_open': -13.5, 'over_under': 57.5, 'over_under_open': 56.5, 'home_moneyline': -585.0, 'away_moneyline': 410.0}]",-13.0
401310695,2021,1,regular,2021-09-04T01:00:00.000Z,Colorado State,Mountain West,23,South Dakota State,MVFC,42,"[{'provider': 'Bovada', 'spread': -2.5, 'formatted_spread': 'Colorado State -2.5', 'spread_open': -3.0, 'over_under': 50.5, 'over_under_open': 52.0, 'home_moneyline': -150.0, 'away_moneyline': 130.0}]",-2.5
401310703,2021,2,regular,2021-09-12T02:30:00.000Z,Nevada,Mountain West,49,Idaho State,Big Sky,10,"[{'provider': 'Bovada', 'spread': -34.0, 'formatted_spread': 'Nevada -34.0', 'spread_open': -35.0, 'over_under': 54.0, 'over_under_open': 54.0, 'home_moneyline': None, 'away_moneyline': None}]",-34.0
401309844,2021,2,regular,2021-09-12T03:00:00.000Z,Oregon State,Pac-12,45,Hawai'i,Mountain West,27,"[{'provider': 'Bovada', 'spread': -11.0, 'formatted_spread': 'Oregon State -11.0', 'spread_open': -11.0, 'over_under': 65.0, 'over_under_open': 61.0, 'home_moneyline': -450.0, 'away_moneyline': 325.0}]",-11.0
401282756,2021,4,regular,2021-09-25T19:30:00.000Z,Iowa,Big Ten,24,Colorado State,Mountain West,14,"[{'provider': 'Bovada', 'spread': -23.5, 'formatted_spread': 'Iowa -23.5', 'spread_open': -22.5, 'over_under': 44.0, 'over_under_open': 44.5, 'home_moneyline': -2500.0, 'away_moneyline': 1050.0}]",-23.5
401282643,2021,4,regular,2021-09-25T19:30:00.000Z,NC State,ACC,27,Clemson,ACC,21,"[{'provider': 'Bovada', 'spread': 10.5, 'formatted_spread': 'Clemson -10.5', 'spread_open': 10.0, 'over_under': 47.5, 'over_under_open': 47.0, 'home_moneyline': 290.0, 'away_moneyline': -380.0}]",10.5
401282811,2021,4,regular,2021-09-25T23:30:00.000Z,Ohio State,Big Ten,59,Akron,Mid-American,7,"[{'provider': 'Bovada', 'spread': -48.0, 'formatted_spread': 'Ohio State -48.0', 'spread_open': -50.0, 'over_under': 66.5, 'over_under_open': 67.5, 'home_moneyline': None, 'away_moneyline': None}]",-48.0
401282707,2021,4,regular,2021-09-25T16:00:00.000Z,Wisconsin,Big Ten,13,Notre Dame,FBS Independents,41,"[{'provider': 'Bovada', 'spread': -6.0, 'formatted_spread': 'Wisconsin -6.0', 'spread_open': -5.5, 'over_under': 44.0, 'over_under_open': 46.5, 'home_moneyline': -225.0, 'away_moneyline': 185.0}]",-6.0
401286301,2021,4,regular,2021-09-25T17:00:00.000Z,Coastal Carolina,Sun Belt,53,UMass,FBS Independents,3,"[{'provider': 'Bovada', 'spread': -36.0, 'formatted_spread': 'Coastal Carolina -36.0', 'spread_open': -35.5, 'over_under': 66.0, 'over_under_open': 67.0, 'home_moneyline': None, 'away_moneyline': None}]",-36.0
401282775,2021,4,regular,2021-09-25T19:30:00.000Z,Michigan,Big Ten,20,Rutgers,Big Ten,13,"[{'provider': 'Bovada', 'spread': -20.0, 'formatted_spread': 'Michigan -20.0', 'spread_open': -18.5, 'over_under': 50.0, 'over_under_open': 53.0, 'home_moneyline': -1300.0, 'away_moneyline': 725.0}]",-20.0
401282784,2021,4,regular,2021-09-25T23:00:00.000Z,Michigan State,Big Ten,23,Nebraska,Big Ten,20,"[{'provider': 'Bovada', 'spread': -4.0, 'formatted_spread': 'Michigan State -4.0', 'spread_open': -4.0, 'over_under': 54.0, 'over_under_open': 51.0, 'home_moneyline': -200.0, 'away_moneyline': 170.0}]",-4.0
401282641,2021,4,regular,2021-09-25T23:30:00.000Z,Georgia Tech,ACC,45,North Carolina,ACC,22,"[{'provider': 'Bovada', 'spread': 14.0, 'formatted_spread': 'North Carolina -14.0', 'spread_open': 12.0, 'over_under': 65.0, 'over_under_open': 63.0, 'home_moneyline': 395.0, 'away_moneyline': -555.0}]",14.0
401282644,2021,4,regular,2021-09-25T16:00:00.000Z,Pittsburgh,ACC,77,New Hampshire,CAA,7,"[{'provider': 'Bovada', 'spread': -29.0, 'formatted_spread': 'Pittsburgh -29.0', 'spread_open': -29.0, 'over_under': 53.0, 'over_under_open': 54.0, 'home_moneyline': None, 'away_moneyline': None}]",-29.0
401282645,2021,4,regular,2021-09-25T16:00:00.000Z,Virginia Tech,ACC,21,Richmond,CAA,10,"[{'provider': 'Bovada', 'spread': -29.0, 'formatted_spread': 'Virginia Tech -29.0', 'spread_open': -29.5, 'over_under': 50.0, 'over_under_open': 50.5, 'home_moneyline': None, 'away_moneyline': None}]",-29.0
401282792,2021,4,regular,2021-09-25T16:00:00.000Z,Minnesota,Big Ten,10,Bowling Green,Mid-American,14,"[{'provider': 'Bovada', 'spread': -31.0, 'formatted_spread': 'Minnesota -31.0', 'spread_open': -31.0, 'over_under': 51.0, 'over_under_open': 50.5, 'home_moneyline': None, 'away_moneyline': None}]",-31.0
401282805,2021,4,regular,2021-09-25T16:00:00.000Z,Northwestern,Big Ten,35,Ohio,Mid-American,6,"[{'provider': 'Bovada', 'spread': -14.0, 'formatted_spread': 'Northwestern -14.0', 'spread_open': -15.0, 'over_under': 47.5, 'over_under_open': 47.0, 'home_moneyline': -665.0, 'away_moneyline': 450.0}]",-14.0
401282642,2021,4,regular,2021-09-25T16:30:00.000Z,Miami,ACC,69,Central Connecticut,NEC,0,"[{'provider': 'Bovada', 'spread': -46.5, 'formatted_spread': 'Miami -46.5', 'spread_open': -44.0, 'over_under': 55.5, 'over_under_open': 55.5, 'home_moneyline': None, 'away_moneyline': None}]",-46.5
401282716,2021,4,regular,2021-09-25T19:30:00.000Z,Purdue,Big Ten,13,Illinois,Big Ten,9,"[{'provider': 'Bovada', 'spread': -11.0, 'formatted_spread': 'Purdue -11.0', 'spread_open': -11.0, 'over_under': 53.0, 'over_under_open': 55.0, 'home_moneyline': -455.0, 'away_moneyline': 335.0}]",-11.0
401282765,2021,4,regular,2021-09-25T19:30:00.000Z,Maryland,Big Ten,37,Kent State,Mid-American,16,"[{'provider': 'Bovada', 'spread': -13.5, 'formatted_spread': 'Maryland -13.5', 'spread_open': -14.5, 'over_under': 71.0, 'over_under_open': 66.5, 'home_moneyline': -635.0, 'away_moneyline': 435.0}]",-13.5
401286190,2021,4,regular,2021-09-25T19:30:00.000Z,Connecticut,FBS Independents,22,Wyoming,Mountain West,24,"[{'provider': 'Bovada', 'spread': 31.5, 'formatted_spread': 'Wyoming -31.5', 'spread_open': 30.0, 'over_under': 53.5, 'over_under_open': 56.0, 'home_moneyline': None, 'away_moneyline': None}]",31.5
401282213,2021,4,regular,2021-09-25T19:30:00.000Z,Memphis,American Athletic,28,UT San Antonio,Conference USA,31,"[{'provider': 'Bovada', 'spread': -3.0, 'formatted_spread': 'Memphis -3.0', 'spread_open': -3.5, 'over_under': 66.5, 'over_under_open': 64.5, 'home_moneyline': -150.0, 'away_moneyline': 130.0}]",-3.0
401282640,2021,4,regular,2021-09-25T19:30:00.000Z,Florida State,ACC,23,Louisville,ACC,31,"[{'provider': 'Bovada', 'spread': 1.0, 'formatted_spread': 'Louisville -1.0', 'spread_open': 2.5, 'over_under': 60.5, 'over_under_open': 61.0, 'home_moneyline': 120.0, 'away_moneyline': -120.0}]",1.0
401282639,2021,4,regular,2021-09-25T20:00:00.000Z,Duke,ACC,52,Kansas,Big 12,33,"[{'provider': 'Bovada', 'spread': -16.0, 'formatted_spread': 'Duke -16.0', 'spread_open': -15.0, 'over_under': 57.5, 'over_under_open': 58.0, 'home_moneyline': -750.0, 'away_moneyline': 500.0}]",-16.0
401282210,2021,4,regular,2021-09-25T22:30:00.000Z,Rice,Conference USA,48,Texas Southern,SWAC,34,"[{'provider': 'Bovada', 'spread': -37.5, 'formatted_spread': 'Rice -37.5', 'spread_open': -34.0, 'over_under': 53.5, 'over_under_open': 53.5, 'home_moneyline': None, 'away_moneyline': None}]",-37.5
401282211,2021,4,regular,2021-09-26T00:00:00.000Z,Tulane,American Athletic,21,UAB,Conference USA,28,"[{'provider': 'Bovada', 'spread': -3.0, 'formatted_spread': 'Tulane -3.0', 'spread_open': -4.0, 'over_under': 54.5, 'over_under_open': 56.5, 'home_moneyline': -160.0, 'away_moneyline': 135.0}]",-3.0
401282214,2021,4,regular,2021-09-26T00:00:00.000Z,Western Kentucky,Conference USA,31,Indiana,Big Ten,33,"[{'provider': 'Bovada', 'spread': 9.0, 'formatted_spread': 'Indiana -9.0', 'spread_open': 9.5, 'over_under': 64.0, 'over_under_open': 62.5, 'home_moneyline': 280.0, 'away_moneyline': -360.0}]",9.0
401282212,2021,4,regular,2021-09-26T01:00:00.000Z,UTEP,Conference USA,20,New Mexico,Mountain West,13,"[{'provider': 'Bovada', 'spread': 2.0, 'formatted_spread': 'New Mexico -2.0', 'spread_open': -1.5, 'over_under': 54.0, 'over_under_open': 53.5, 'home_moneyline': 110.0, 'away_moneyline': -130.0}]",2.0
401282648,2021,5,regular,2021-10-02T19:30:00.000Z,Florida State,ACC,33,Syracuse,ACC,30,"[{'provider': 'Bovada', 'spread': -5.5, 'formatted_spread': 'Florida State -5.5', 'spread_open': -4.5, 'over_under': 51.0, 'over_under_open': 52.0, 'home_moneyline': -220.0, 'away_moneyline': 180.0}]",-5.5
401282652,2021,6,regular,2021-10-09T16:30:00.000Z,Duke,ACC,27,Georgia Tech,ACC,31,"[{'provider': 'Bovada', 'spread': 4.5, 'formatted_spread': 'Georgia Tech -4.5', 'spread_open': 3.0, 'over_under': 60.5, 'over_under_open': 59.0, 'home_moneyline': 165.0, 'away_moneyline': -195.0}]",4.5
401282226,2021,6,regular,2021-10-09T18:00:00.000Z,Marshall,Conference USA,20,Old Dominion,Conference USA,13,"[{'provider': 'Bovada', 'spread': -21.0, 'formatted_spread': 'Marshall -21.0', 'spread_open': -19.5, 'over_under': 62.5, 'over_under_open': 64.0, 'home_moneyline': -1400.0, 'away_moneyline': 750.0}]",-21.0
401282653,2021,6,regular,2021-10-09T19:00:00.000Z,Louisville,ACC,33,Virginia,ACC,34,"[{'provider': 'Bovada', 'spread': -2.5, 'formatted_spread': 'Louisville -2.5', 'spread_open': -3.0, 'over_under': 70.0, 'over_under_open': 65.5, 'home_moneyline': -135.0, 'away_moneyline': 115.0}]",-2.5
401282225,2021,6,regular,2021-10-09T19:30:00.000Z,UAB,Conference USA,31,Florida Atlantic,Conference USA,14,"[{'provider': 'Bovada', 'spread': -3.5, 'formatted_spread': 'UAB -3.5', 'spread_open': -6.0, 'over_under': 49.0, 'over_under_open': 49.0, 'home_moneyline': -180.0, 'away_moneyline': 155.0}]",-3.5
401282229,2021,6,regular,2021-10-09T19:30:00.000Z,Liberty,FBS Independents,41,Middle Tennessee,Conference USA,13,"[{'provider': 'Bovada', 'spread': -19.5, 'formatted_spread': 'Liberty -19.5', 'spread_open': -19.5, 'over_under': 58.5, 'over_under_open': 58.0, 'home_moneyline': -1300.0, 'away_moneyline': 725.0}]",-19.5
401282654,2021,6,regular,2021-10-09T19:30:00.000Z,North Carolina,ACC,25,Florida State,ACC,35,"[{'provider': 'Bovada', 'spread': -17.5, 'formatted_spread': 'North Carolina -17.5', 'spread_open': -16.5, 'over_under': 64.5, 'over_under_open': 63.5, 'home_moneyline': -900.0, 'away_moneyline': 575.0}]",-17.5
401282101,2021,6,regular,2021-10-09T20:00:00.000Z,Missouri,SEC,48,North Texas,Conference USA,35,"[{'provider': 'Bovada', 'spread': -19.0, 'formatted_spread': 'Missouri -19.0', 'spread_open': -20.0, 'over_under': 69.5, 'over_under_open': 66.5, 'home_moneyline': -1100.0, 'away_moneyline': 650.0}]",-19.0
401282227,2021,6,regular,2021-10-09T23:00:00.000Z,Southern Mississippi,Conference USA,13,UTEP,Conference USA,26,"[{'provider': 'Bovada', 'spread': 2.0, 'formatted_spread': 'UTEP -2.0', 'spread_open': -1.0, 'over_under': 45.5, 'over_under_open': 45.5, 'home_moneyline': 105.0, 'away_moneyline': -125.0}]",2.0
401282228,2021,6,regular,2021-10-09T23:00:00.000Z,Western Kentucky,Conference USA,46,UT San Antonio,Conference USA,52,"[{'provider': 'Bovada', 'spread': -3.5, 'formatted_spread': 'Western Kentucky -3.5', 'spread_open': -3.0, 'over_under': 71.5, 'over_under_open': 68.5, 'home_moneyline': -165.0, 'away_moneyline': 140.0}]",-3.5
401282108,2021,7,regular,2021-10-16T16:00:00.000Z,Missouri,SEC,14,Texas A&M,SEC,35,"[{'provider': 'Bovada', 'spread': 11.5, 'formatted_spread': 'Texas A&M -11.5', 'spread_open': 9.0, 'over_under': 59.0, 'over_under_open': 61.0, 'home_moneyline': 315.0, 'away_moneyline': -420.0}]",11.5
401282658,2021,7,regular,2021-10-16T23:30:00.000Z,Boston College,ACC,7,NC State,ACC,33,"[{'provider': 'Bovada', 'spread': 3.0, 'formatted_spread': 'NC State -3.0', 'spread_open': 2.0, 'over_under': 51.0, 'over_under_open': 51.5, 'home_moneyline': 130.0, 'away_moneyline': -150.0}]",3.0
401282796,2021,7,regular,2021-10-16T16:00:00.000Z,Minnesota,Big Ten,30,Nebraska,Big Ten,23,"[{'provider': 'Bovada', 'spread': 4.5, 'formatted_spread': 'Nebraska -4.5', 'spread_open': 2.5, 'over_under': 48.5, 'over_under_open': 47.5, 'home_moneyline': 165.0, 'away_moneyline': -195.0}]",4.5
401282807,2021,7,regular,2021-10-16T16:00:00.000Z,Northwestern,Big Ten,21,Rutgers,Big Ten,7,"[{'provider': 'Bovada', 'spread': 2.5, 'formatted_spread': 'Rutgers -2.5', 'spread_open': 0.0, 'over_under': 45.0, 'over_under_open': 47.0, 'home_moneyline': 110.0, 'away_moneyline': -130.0}]",2.5
401282660,2021,7,regular,2021-10-16T16:30:00.000Z,Virginia,ACC,48,Duke,ACC,0,"[{'provider': 'Bovada', 'spread': -10.5, 'formatted_spread': 'Virginia -10.5', 'spread_open': -11.5, 'over_under': 69.5, 'over_under_open': 69.0, 'home_moneyline': -430.0, 'away_moneyline': 320.0}]",-10.5
401282232,2021,7,regular,2021-10-16T19:30:00.000Z,Old Dominion,Conference USA,20,Western Kentucky,Conference USA,43,"[{'provider': 'Bovada', 'spread': 13.5, 'formatted_spread': 'Western Kentucky -13.5', 'spread_open': 13.0, 'over_under': 67.0, 'over_under_open': 68.5, 'home_moneyline': 360.0, 'away_moneyline': -500.0}]",13.5
401282234,2021,7,regular,2021-10-16T19:30:00.000Z,Southern Mississippi,Conference USA,0,UAB,Conference USA,34,"[{'provider': 'Bovada', 'spread': 16.5, 'formatted_spread': 'UAB -16.5', 'spread_open': 16.0, 'over_under': 43.0, 'over_under_open': 43.5, 'home_moneyline': 500.0, 'away_moneyline': -750.0}]",16.5
401282659,2021,7,regular,2021-10-16T19:30:00.000Z,North Carolina,ACC,45,Miami,ACC,42,"[{'provider': 'Bovada', 'spread': -7.5, 'formatted_spread': 'North Carolina -7.5', 'spread_open': -6.0, 'over_under': 63.5, 'over_under_open': 61.5, 'home_moneyline': -290.0, 'away_moneyline': 240.0}]",-7.5
401282661,2021,7,regular,2021-10-16T19:30:00.000Z,Virginia Tech,ACC,7,Pittsburgh,ACC,28,"[{'provider': 'Bovada', 'spread': 6.5, 'formatted_spread': 'Pittsburgh -6.5', 'spread_open': 4.5, 'over_under': 56.0, 'over_under_open': 57.0, 'home_moneyline': 175.0, 'away_moneyline': -210.0}]",6.5
401282109,2021,7,regular,2021-10-16T20:00:00.000Z,South Carolina,SEC,21,Vanderbilt,SEC,20,"[{'provider': 'Bovada', 'spread': -18.5, 'formatted_spread': 'South Carolina -18.5', 'spread_open': -20.0, 'over_under': 51.0, 'over_under_open': 51.0, 'home_moneyline': -1200.0, 'away_moneyline': 700.0}]",-18.5
401282233,2021,7,regular,2021-10-16T22:00:00.000Z,UT San Antonio,Conference USA,45,Rice,Conference USA,0,"[{'provider': 'Bovada', 'spread': -17.0, 'formatted_spread': 'UT San Antonio -17.0', 'spread_open': -18.5, 'over_under': 52.5, 'over_under_open': 53.5, 'home_moneyline': -1000.0, 'away_moneyline': 625.0}]",-17.0
401282230,2021,7,regular,2021-10-17T01:00:00.000Z,UTEP,Conference USA,19,Louisiana Tech,Conference USA,3,"[{'provider': 'Bovada', 'spread': 6.5, 'formatted_spread': 'Louisiana Tech -6.5', 'spread_open': 9.0, 'over_under': 55.5, 'over_under_open': 55.0, 'home_moneyline': 220.0, 'away_moneyline': -270.0}]",6.5
401301032,2021,9,regular,2021-10-30T16:00:00.000Z,Tulane,American Athletic,12,Cincinnati,American Athletic,31,"[{'provider': 'Bovada', 'spread': 28.5, 'formatted_spread': 'Cincinnati -28.5', 'spread_open': 25.0, 'over_under': 61.5, 'over_under_open': 63.0, 'home_moneyline': 1200.0, 'away_moneyline': -3800.0}]",28.5
401282245,2021,9,regular,2021-10-30T19:30:00.000Z,Middle Tennessee,Conference USA,35,Southern Mississippi,Conference USA,10,"[{'provider': 'Bovada', 'spread': -13.0, 'formatted_spread': 'Middle Tennessee -13.0', 'spread_open': -14.0, 'over_under': 47.0, 'over_under_open': 48.0, 'home_moneyline': -575.0, 'away_moneyline': 405.0}]",-13.0
401282670,2021,9,regular,2021-10-30T19:30:00.000Z,Clemson,ACC,30,Florida State,ACC,20,"[{'provider': 'Bovada', 'spread': -9.0, 'formatted_spread': 'Clemson -9.0', 'spread_open': -10.0, 'over_under': 47.5, 'over_under_open': 46.0, 'home_moneyline': -360.0, 'away_moneyline': 280.0}]",-9.0
401282675,2021,9,regular,2021-10-30T19:30:00.000Z,Syracuse,ACC,21,Boston College,ACC,6,"[{'provider': 'Bovada', 'spread': -6.5, 'formatted_spread': 'Syracuse -6.5', 'spread_open': -4.5, 'over_under': 51.0, 'over_under_open': 51.5, 'home_moneyline': -245.0, 'away_moneyline': 205.0}]",-6.5
401282795,2021,9,regular,2021-10-30T19:30:00.000Z,Northwestern,Big Ten,14,Minnesota,Big Ten,41,"[{'provider': 'Bovada', 'spread': 7.5, 'formatted_spread': 'Minnesota -7.5', 'spread_open': 7.5, 'over_under': 43.5, 'over_under_open': 43.5, 'home_moneyline': 250.0, 'away_moneyline': -300.0}]",7.5
401282801,2021,9,regular,2021-10-30T19:30:00.000Z,Nebraska,Big Ten,23,Purdue,Big Ten,28,"[{'provider': 'Bovada', 'spread': -7.5, 'formatted_spread': 'Nebraska -7.5', 'spread_open': -7.0, 'over_under': 53.5, 'over_under_open': 48.5, 'home_moneyline': -300.0, 'away_moneyline': 250.0}]",-7.5
401287930,2021,9,regular,2021-10-30T19:30:00.000Z,Kansas State,Big 12,31,TCU,Big 12,12,"[{'provider': 'Bovada', 'spread': -3.5, 'formatted_spread': 'Kansas State -3.5', 'spread_open': -3.5, 'over_under': 58.0, 'over_under_open': 59.5, 'home_moneyline': -170.0, 'away_moneyline': 145.0}]",-3.5
401282241,2021,9,regular,2021-10-30T20:00:00.000Z,Western Kentucky,Conference USA,45,Charlotte,Conference USA,13,"[{'provider': 'Bovada', 'spread': -17.5, 'formatted_spread': 'Western Kentucky -17.5', 'spread_open': -18.5, 'over_under': 73.0, 'over_under_open': 73.0, 'home_moneyline': -1000.0, 'away_moneyline': 625.0}]",-17.5
401282243,2021,9,regular,2021-10-30T22:00:00.000Z,Florida Atlantic,Conference USA,28,UTEP,Conference USA,25,"[{'provider': 'Bovada', 'spread': -11.0, 'formatted_spread': 'Florida Atlantic -11.0', 'spread_open': -12.0, 'over_under': 48.5, 'over_under_open': 48.0, 'home_moneyline': -455.0, 'away_moneyline': 335.0}]",-11.0
401282672,2021,9,regular,2021-10-30T23:30:00.000Z,NC State,ACC,28,Louisville,ACC,13,"[{'provider': 'Bovada', 'spread': -6.0, 'formatted_spread': 'NC State -6.0', 'spread_open': -7.0, 'over_under': 56.0, 'over_under_open': 59.0, 'home_moneyline': -235.0, 'away_moneyline': 195.0}]",-6.0
401309883,2021,9,regular,2021-10-31T02:30:00.000Z,Stanford,Pac-12,13,Washington,Pac-12,20,"[{'provider': 'Bovada', 'spread': -3.0, 'formatted_spread': 'Stanford -3.0', 'spread_open': -2.5, 'over_under': 46.0, 'over_under_open': 48.0, 'home_moneyline': -145.0, 'away_moneyline': 125.0}]",-3.0
401282682,2021,10,regular,2021-11-06T16:00:00.000Z,North Carolina,ACC,58,Wake Forest,ACC,55,"[{'provider': 'Bovada', 'spread': -2.5, 'formatted_spread': 'North Carolina -2.5', 'spread_open': -2.5, 'over_under': 78.0, 'over_under_open': 75.5, 'home_moneyline': -130.0, 'away_moneyline': 110.0}]",-2.5
401282710,2021,10,regular,2021-11-06T19:30:00.000Z,Notre Dame,FBS Independents,34,Navy,American Athletic,6,"[{'provider': 'Bovada', 'spread': -21.0, 'formatted_spread': 'Notre Dame -21.0', 'spread_open': -21.0, 'over_under': 48.0, 'over_under_open': 47.5, 'home_moneyline': -1600.0, 'away_moneyline': 800.0}]",-21.0
401282679,2021,10,regular,2021-11-06T20:00:00.000Z,Florida State,ACC,14,NC State,ACC,28,"[{'provider': 'Bovada', 'spread': 3.0, 'formatted_spread': 'NC State -3.0', 'spread_open': 3.0, 'over_under': 55.0, 'over_under_open': 56.0, 'home_moneyline': 125.0, 'away_moneyline': -145.0}]",3.0
401282720,2021,10,regular,2021-11-06T16:00:00.000Z,Minnesota,Big Ten,6,Illinois,Big Ten,14,"[{'provider': 'Bovada', 'spread': -15.0, 'formatted_spread': 'Minnesota -15.0', 'spread_open': -14.5, 'over_under': 44.0, 'over_under_open': 43.5, 'home_moneyline': -700.0, 'away_moneyline': 475.0}]",-15.0
401282678,2021,10,regular,2021-11-06T16:00:00.000Z,Duke,ACC,29,Pittsburgh,ACC,54,"[{'provider': 'Bovada', 'spread': 21.5, 'formatted_spread': 'Pittsburgh -21.5', 'spread_open': 20.5, 'over_under': 64.0, 'over_under_open': 64.0, 'home_moneyline': 850.0, 'away_moneyline': -1700.0}]",21.5
401282681,2021,10,regular,2021-11-06T16:30:00.000Z,Miami,ACC,33,Georgia Tech,ACC,30,"[{'provider': 'Bovada', 'spread': -10.0, 'formatted_spread': 'Miami -10.0', 'spread_open': -9.0, 'over_under': 62.5, 'over_under_open': 63.5, 'home_moneyline': -415.0, 'away_moneyline': 310.0}]",-10.0
401282252,2021,10,regular,2021-11-06T19:00:00.000Z,Southern Mississippi,Conference USA,14,North Texas,Conference USA,38,"[{'provider': 'Bovada', 'spread': 5.0, 'formatted_spread': 'North Texas -5.0', 'spread_open': 4.5, 'over_under': 49.0, 'over_under_open': 47.0, 'home_moneyline': 180.0, 'away_moneyline': -220.0}]",5.0
401282247,2021,10,regular,2021-11-06T19:30:00.000Z,Charlotte,Conference USA,31,Rice,Conference USA,24,"[{'provider': 'Bovada', 'spread': -6.5, 'formatted_spread': 'Charlotte -6.5', 'spread_open': -3.5, 'over_under': 52.0, 'over_under_open': 53.0, 'home_moneyline': -245.0, 'away_moneyline': 205.0}]",-6.5
401282680,2021,10,regular,2021-11-06T23:30:00.000Z,Louisville,ACC,24,Clemson,ACC,30,"[{'provider': 'Bovada', 'spread': 3.5, 'formatted_spread': 'Clemson -3.5', 'spread_open': 3.5, 'over_under': 46.5, 'over_under_open': 45.5, 'home_moneyline': 160.0, 'away_moneyline': -185.0}]",3.5
401282253,2021,10,regular,2021-11-07T02:15:00.000Z,UTEP,Conference USA,23,UT San Antonio,Conference USA,44,"[{'provider': 'Bovada', 'spread': 11.5, 'formatted_spread': 'UT San Antonio -11.5', 'spread_open': 12.5, 'over_under': 53.0, 'over_under_open': 52.0, 'home_moneyline': 345.0, 'away_moneyline': -470.0}]",11.5
401309892,2021,10,regular,2021-11-07T02:30:00.000Z,Arizona State,Pac-12,31,USC,Pac-12,16,"[{'provider': 'Bovada', 'spread': -10.0, 'formatted_spread': 'Arizona State -10.0', 'spread_open': -8.0, 'over_under': 61.0, 'over_under_open': 59.0, 'home_moneyline': -340.0, 'away_moneyline': 270.0}]",-10.0
401282812,2021,11,regular,2021-11-13T20:30:00.000Z,Ohio State,Big Ten,59,Purdue,Big Ten,31,"[{'provider': 'Bovada', 'spread': -19.5, 'formatted_spread': 'Ohio State -19.5', 'spread_open': -20.5, 'over_under': 65.0, 'over_under_open': 61.5, 'home_moneyline': -1300.0, 'away_moneyline': 725.0}]",-19.5
401287938,2021,11,regular,2021-11-13T17:00:00.000Z,Baylor,Big 12,27,Oklahoma,Big 12,14,"[{'provider': 'Bovada', 'spread': 3.5, 'formatted_spread': 'Oklahoma -3.5', 'spread_open': 6.0, 'over_under': 64.0, 'over_under_open': 64.0, 'home_moneyline': 175.0, 'away_moneyline': -210.0}]",3.5
401282688,2021,11,regular,2021-11-14T00:30:00.000Z,Virginia,ACC,3,Notre Dame,FBS Independents,28,"[{'provider': 'Bovada', 'spread': 7.5, 'formatted_spread': 'Notre Dame -7.5', 'spread_open': 5.0, 'over_under': 63.0, 'over_under_open': 64.5, 'home_moneyline': 210.0, 'away_moneyline': -250.0}]",7.5
401282690,2021,11,regular,2021-11-14T00:30:00.000Z,Wake Forest,ACC,45,NC State,ACC,42,"[{'provider': 'Bovada', 'spread': -1.5, 'formatted_spread': 'Wake Forest -1.5', 'spread_open': -3.0, 'over_under': 64.5, 'over_under_open': 66.5, 'home_moneyline': -125.0, 'away_moneyline': 105.0}]",-1.5
401282260,2021,11,regular,2021-11-13T20:30:00.000Z,UT San Antonio,Conference USA,27,Southern Mississippi,Conference USA,17,"[{'provider': 'Bovada', 'spread': -33.0, 'formatted_spread': 'UT San Antonio -33.0', 'spread_open': -32.5, 'over_under': 54.5, 'over_under_open': 55.0, 'home_moneyline': None, 'away_moneyline': None}]",-33.0
401282684,2021,11,regular,2021-11-13T17:00:00.000Z,Clemson,ACC,44,Connecticut,FBS Independents,7,"[{'provider': 'Bovada', 'spread': -40.0, 'formatted_spread': 'Clemson -40.0', 'spread_open': -39.5, 'over_under': 51.0, 'over_under_open': 49.0, 'home_moneyline': None, 'away_moneyline': None}]",-40.0
401286304,2021,11,regular,2021-11-13T17:00:00.000Z,UMass,FBS Independents,10,Maine,CAA,35,"[{'provider': 'Bovada', 'spread': 6.0, 'formatted_spread': 'Maine -6.0', 'spread_open': 4.5, 'over_under': 58.5, 'over_under_open': 58.5, 'home_moneyline': None, 'away_moneyline': None}]",6.0
401282259,2021,11,regular,2021-11-13T19:00:00.000Z,Rice,Conference USA,21,Western Kentucky,Conference USA,42,"[{'provider': 'Bovada', 'spread': 19.0, 'formatted_spread': 'Western Kentucky -19.0', 'spread_open': 19.0, 'over_under': 61.5, 'over_under_open': 63.0, 'home_moneyline': 700.0, 'away_moneyline': -1200.0}]",19.0
401282256,2021,11,regular,2021-11-13T20:30:00.000Z,Old Dominion,Conference USA,30,Florida Atlantic,Conference USA,16,"[{'provider': 'Bovada', 'spread': 6.5, 'formatted_spread': 'Florida Atlantic -6.5', 'spread_open': 6.5, 'over_under': 48.0, 'over_under_open': 49.5, 'home_moneyline': 210.0, 'away_moneyline': -250.0}]",6.5
401282257,2021,11,regular,2021-11-13T20:30:00.000Z,Marshall,Conference USA,14,UAB,Conference USA,21,"[{'provider': 'Bovada', 'spread': -4.5, 'formatted_spread': 'Marshall -4.5', 'spread_open': -6.0, 'over_under': 55.5, 'over_under_open': 55.5, 'home_moneyline': -200.0, 'away_moneyline': 170.0}]",-4.5
401282685,2021,11,regular,2021-11-13T20:30:00.000Z,Florida State,ACC,31,Miami,ACC,28,"[{'provider': 'Bovada', 'spread': 3.0, 'formatted_spread': 'Miami -3.0', 'spread_open': 2.5, 'over_under': 61.0, 'over_under_open': 60.0, 'home_moneyline': 120.0, 'away_moneyline': -140.0}]",3.0
401282686,2021,11,regular,2021-11-13T20:30:00.000Z,Georgia Tech,ACC,30,Boston College,ACC,41,"[{'provider': 'Bovada', 'spread': -1.0, 'formatted_spread': 'Georgia Tech -1.0', 'spread_open': -2.0, 'over_under': 55.0, 'over_under_open': 52.0, 'home_moneyline': -115.0, 'away_moneyline': -105.0}]",-1.0
401282689,2021,11,regular,2021-11-13T20:30:00.000Z,Virginia Tech,ACC,48,Duke,ACC,17,"[{'provider': 'Bovada', 'spread': -11.0, 'formatted_spread': 'Virginia Tech -11.0', 'spread_open': -10.5, 'over_under': 51.5, 'over_under_open': 48.0, 'home_moneyline': -470.0, 'away_moneyline': 345.0}]",-11.0
401282258,2021,11,regular,2021-11-13T21:00:00.000Z,North Texas,Conference USA,20,UTEP,Conference USA,17,"[{'provider': 'Bovada', 'spread': 1.0, 'formatted_spread': 'UTEP -1.0', 'spread_open': 2.0, 'over_under': 55.0, 'over_under_open': 55.5, 'home_moneyline': -105.0, 'away_moneyline': -115.0}]",1.0
401310745,2021,11,regular,2021-11-13T21:00:00.000Z,UNLV,Mountain West,27,Hawai'i,Mountain West,13,"[{'provider': 'Bovada', 'spread': 3.5, 'formatted_spread': ""Hawai'i -3.5"", 'spread_open': 1.5, 'over_under': 55.5, 'over_under_open': 57.0, 'home_moneyline': 135.0, 'away_moneyline': -160.0}]",3.5
401310744,2021,11,regular,2021-11-14T03:30:00.000Z,San José State,Mountain West,17,Utah State,Mountain West,48,"[{'provider': 'Bovada', 'spread': -4.5, 'formatted_spread': 'San José State -4.5', 'spread_open': -4.5, 'over_under': 57.5, 'over_under_open': 56.5, 'home_moneyline': -200.0, 'away_moneyline': 170.0}]",-4.5
401309588,2021,12,regular,2021-11-17T00:30:00.000Z,Eastern Michigan,Mid-American,22,Western Michigan,Mid-American,21,"[{'provider': 'Bovada', 'spread': 6.0, 'formatted_spread': 'Western Michigan -6.0', 'spread_open': 5.0, 'over_under': 66.0, 'over_under_open': 68.5, 'home_moneyline': 170.0, 'away_moneyline': -200.0}]",6.0
401308841,2021,12,regular,2021-11-17T01:00:00.000Z,Miami (OH),Mid-American,34,Bowling Green,Mid-American,7,"[{'provider': 'Bovada', 'spread': -17.0, 'formatted_spread': 'Miami (OH) -17.0', 'spread_open': -16.0, 'over_under': 52.0, 'over_under_open': 50.5, 'home_moneyline': -750.0, 'away_moneyline': 500.0}]",-17.0
401309590,2021,12,regular,2021-11-18T00:00:00.000Z,Buffalo,Mid-American,27,Northern Illinois,Mid-American,33,"[{'provider': 'Bovada', 'spread': 2.0, 'formatted_spread': 'Northern Illinois -2.0', 'spread_open': 2.5, 'over_under': 59.0, 'over_under_open': 64.5, 'home_moneyline': 110.0, 'away_moneyline': -130.0}]",2.0
401309591,2021,12,regular,2021-11-18T00:00:00.000Z,Ball State,Mid-American,17,Central Michigan,Mid-American,37,"[{'provider': 'Bovada', 'spread': 2.5, 'formatted_spread': 'Central Michigan -2.5', 'spread_open': -2.5, 'over_under': 57.0, 'over_under_open': 62.0, 'home_moneyline': 120.0, 'away_moneyline': -140.0}]",2.5
401282691,2021,12,regular,2021-11-19T00:30:00.000Z,Duke,ACC,22,Louisville,ACC,62,"[{'provider': 'Bovada', 'spread': 20.5, 'formatted_spread': 'Louisville -20.5', 'spread_open': 19.5, 'over_under': 60.5, 'over_under_open': 59.5, 'home_moneyline': 750.0, 'away_moneyline': -1400.0}]",20.5
401301045,2021,12,regular,2021-11-20T02:00:00.000Z,Houston,American Athletic,31,Memphis,American Athletic,13,"[{'provider': 'Bovada', 'spread': -9.5, 'formatted_spread': 'Houston -9.5', 'spread_open': -9.5, 'over_under': 60.0, 'over_under_open': 60.5, 'home_moneyline': -370.0, 'away_moneyline': 285.0}]",-9.5
401309899,2021,12,regular,2021-11-20T02:00:00.000Z,Washington State,Pac-12,44,Arizona,Pac-12,18,"[{'provider': 'Bovada', 'spread': -15.0, 'formatted_spread': 'Washington State -15.0', 'spread_open': -15.0, 'over_under': 52.5, 'over_under_open': 52.5, 'home_moneyline': -665.0, 'away_moneyline': 450.0}]",-15.0
401282136,2021,12,regular,2021-11-20T17:00:00.000Z,Georgia,SEC,56,Charleston Southern,Big South,7,"[{'provider': 'Bovada', 'spread': -53.0, 'formatted_spread': 'Georgia -53.0', 'spread_open': -51.0, 'over_under': 59.0, 'over_under_open': 58.5, 'home_moneyline': None, 'away_moneyline': None}]",-53.0
401282135,2021,12,regular,2021-11-20T20:30:00.000Z,Alabama,SEC,42,Arkansas,SEC,35,"[{'provider': 'Bovada', 'spread': -21.0, 'formatted_spread': 'Alabama -21.0', 'spread_open': -20.5, 'over_under': 58.0, 'over_under_open': 56.0, 'home_moneyline': -1400.0, 'away_moneyline': 750.0}]",-21.0
401282137,2021,12,regular,2021-11-20T17:00:00.000Z,Kentucky,SEC,56,New Mexico State,FBS Independents,16,"[{'provider': 'Bovada', 'spread': -36.0, 'formatted_spread': 'Kentucky -36.0', 'spread_open': -36.0, 'over_under': 61.0, 'over_under_open': 59.5, 'home_moneyline': None, 'away_moneyline': None}]",-36.0
401309904,2021,12,regular,2021-11-20T21:00:00.000Z,USC,Pac-12,33,UCLA,Pac-12,62,"[{'provider': 'Bovada', 'spread': 3.5, 'formatted_spread': 'UCLA -3.5', 'spread_open': 3.0, 'over_under': 65.5, 'over_under_open': 65.0, 'home_moneyline': 140.0, 'away_moneyline': -165.0}]",3.5
401282143,2021,12,regular,2021-11-21T00:30:00.000Z,Tennessee,SEC,60,South Alabama,Sun Belt,14,"[{'provider': 'Bovada', 'spread': -28.0, 'formatted_spread': 'Tennessee -28.0', 'spread_open': -27.5, 'over_under': 62.0, 'over_under_open': 64.0, 'home_moneyline': -5000.0, 'away_moneyline': 1275.0}]",-28.0
401282694,2021,12,regular,2021-11-21T00:30:00.000Z,Miami,ACC,38,Virginia Tech,ACC,26,"[{'provider': 'Bovada', 'spread': -7.0, 'formatted_spread': 'Miami -7.0', 'spread_open': -7.0, 'over_under': 56.0, 'over_under_open': 55.0, 'home_moneyline': -290.0, 'away_moneyline': 240.0}]",-7.0
401310750,2021,12,regular,2021-11-21T01:00:00.000Z,Utah State,Mountain West,17,Wyoming,Mountain West,44,"[{'provider': 'Bovada', 'spread': -6.0, 'formatted_spread': 'Utah State -6.0', 'spread_open': -6.5, 'over_under': 52.0, 'over_under_open': 53.0, 'home_moneyline': -220.0, 'away_moneyline': 180.0}]",-6.0
401310748,2021,12,regular,2021-11-21T02:00:00.000Z,Boise State,Mountain West,37,New Mexico,Mountain West,0,"[{'provider': 'Bovada', 'spread': -27.0, 'formatted_spread': 'Boise State -27.0', 'spread_open': -27.5, 'over_under': 48.0, 'over_under_open': 48.0, 'home_moneyline': -4500.0, 'away_moneyline': 1250.0}]",-27.0
401282057,2021,2,regular,2021-09-11T23:00:00.000Z,Arkansas,SEC,40,Texas,Big 12,21,"[{'provider': 'Bovada', 'spread': 7.0, 'formatted_spread': 'Texas -7.0', 'spread_open': 6.0, 'over_under': 56.5, 'over_under_open': 58.5, 'home_moneyline': 215.0, 'away_moneyline': -260.0}]",7.0
401282058,2021,2,regular,2021-09-11T16:00:00.000Z,Auburn,SEC,62,Alabama State,SWAC,0,"[{'provider': 'Bovada', 'spread': -49.5, 'formatted_spread': 'Auburn -49.5', 'spread_open': -49.5, 'over_under': 61.0, 'over_under_open': 60.0, 'home_moneyline': None, 'away_moneyline': None}]",-49.5
401309902,2021,12,regular,2021-11-21T03:30:00.000Z,Oregon State,Pac-12,24,Arizona State,Pac-12,10,"[{'provider': 'Bovada', 'spread': 3.0, 'formatted_spread': 'Arizona State -3.0', 'spread_open': 2.5, 'over_under': 58.5, 'over_under_open': 60.0, 'home_moneyline': 130.0, 'away_moneyline': -150.0}]",3.0
401310749,2021,12,regular,2021-11-21T04:00:00.000Z,Hawai'i,Mountain West,50,Colorado State,Mountain West,45,"[{'provider': 'Bovada', 'spread': 3.0, 'formatted_spread': 'Colorado State -3.0', 'spread_open': 2.0, 'over_under': 54.0, 'over_under_open': 54.5, 'home_moneyline': 120.0, 'away_moneyline': -140.0}]",3.0
401309593,2021,13,regular,2021-11-24T00:00:00.000Z,Ball State,Mid-American,20,Buffalo,Mid-American,3,"[{'provider': 'Bovada', 'spread': -6.0, 'formatted_spread': 'Ball State -6.0', 'spread_open': -6.5, 'over_under': 59.5, 'over_under_open': 58.5, 'home_moneyline': -240.0, 'away_moneyline': 200.0}]",-6.0
401309594,2021,13,regular,2021-11-24T00:00:00.000Z,Northern Illinois,Mid-American,21,Western Michigan,Mid-American,42,"[{'provider': 'Bovada', 'spread': 7.0, 'formatted_spread': 'Western Michigan -7.0', 'spread_open': 3.5, 'over_under': 58.5, 'over_under_open': 62.5, 'home_moneyline': 155.0, 'away_moneyline': -180.0}]",7.0
401310757,2021,13,regular,2021-11-25T20:30:00.000Z,San José State,Mountain West,9,Fresno State,Mountain West,40,"[{'provider': 'Bovada', 'spread': 7.0, 'formatted_spread': 'Fresno State -7.0', 'spread_open': 7.5, 'over_under': 52.5, 'over_under_open': 52.5, 'home_moneyline': 250.0, 'away_moneyline': -300.0}]",7.0
401282699,2021,13,regular,2021-11-27T00:00:00.000Z,NC State,ACC,34,North Carolina,ACC,30,"[{'provider': 'Bovada', 'spread': -6.5, 'formatted_spread': 'NC State -6.5', 'spread_open': -7.0, 'over_under': 62.0, 'over_under_open': 63.0, 'home_moneyline': -240.0, 'away_moneyline': 200.0}]",-6.5
401282153,2021,13,regular,2021-11-27T20:45:00.000Z,Tennessee,SEC,45,Vanderbilt,SEC,21,"[{'provider': 'Bovada', 'spread': -31.5, 'formatted_spread': 'Tennessee -31.5', 'spread_open': -31.0, 'over_under': 64.5, 'over_under_open': 62.5, 'home_moneyline': None, 'away_moneyline': None}]",-31.5
401331159,2021,14,regular,2021-12-04T01:00:00.000Z,Utah,Pac-12,38,Oregon,Pac-12,10,"[{'provider': 'Bovada', 'spread': -3.0, 'formatted_spread': 'Utah -3.0', 'spread_open': -3.0, 'over_under': 57.5, 'over_under_open': 60.0, 'home_moneyline': -145.0, 'away_moneyline': 125.0}]",-3.0
401282156,2021,14,regular,2021-12-04T00:00:00.000Z,UT San Antonio,Conference USA,49,Western Kentucky,Conference USA,41,"[{'provider': 'Bovada', 'spread': 3.5, 'formatted_spread': 'Western Kentucky -3.5', 'spread_open': 1.0, 'over_under': 74.5, 'over_under_open': 72.0, 'home_moneyline': 105.0, 'away_moneyline': -120.0}]",3.5
401282154,2021,14,regular,2021-12-04T21:00:00.000Z,Alabama,SEC,41,Georgia,SEC,24,"[{'provider': 'Bovada', 'spread': 6.5, 'formatted_spread': 'Georgia -6.5', 'spread_open': 4.0, 'over_under': 48.5, 'over_under_open': 52.0, 'home_moneyline': 195.0, 'away_moneyline': -235.0}]",6.5
401331447,2021,14,regular,2021-12-05T01:00:00.000Z,Iowa,Big Ten,3,Michigan,Big Ten,42,"[{'provider': 'Bovada', 'spread': -12.0, 'formatted_spread': 'Iowa -12.0', 'spread_open': -10.5, 'over_under': 44.0, 'over_under_open': 44.0, 'home_moneyline': -520.0, 'away_moneyline': 375.0}]",-12.0
401331162,2021,14,regular,2021-12-04T21:00:00.000Z,Cincinnati,American Athletic,35,Houston,American Athletic,20,"[{'provider': 'Bovada', 'spread': -10.5, 'formatted_spread': 'Cincinnati -10.5', 'spread_open': -10.0, 'over_under': 52.5, 'over_under_open': 55.5, 'home_moneyline': -415.0, 'away_moneyline': 310.0}]",-10.5
401287953,2021,14,regular,2021-12-04T17:00:00.000Z,Oklahoma State,Big 12,16,Baylor,Big 12,21,"[{'provider': 'Bovada', 'spread': -7.0, 'formatted_spread': 'Oklahoma State -7.0', 'spread_open': -6.5, 'over_under': 45.5, 'over_under_open': 48.0, 'home_moneyline': -275.0, 'away_moneyline': 225.0}]",-7.0
401331163,2021,14,regular,2021-12-05T01:00:00.000Z,Wake Forest,ACC,21,Pittsburgh,ACC,45,"[{'provider': 'Bovada', 'spread': 3.5, 'formatted_spread': 'Pittsburgh -3.5', 'spread_open': 3.0, 'over_under': 73.0, 'over_under_open': 72.0, 'home_moneyline': -160.0, 'away_moneyline': 135.0}]",3.5
401310676,2021,14,regular,2021-12-04T20:00:00.000Z,San Diego State,Mountain West,13,Utah State,Mountain West,46,"[{'provider': 'Bovada', 'spread': -6.0, 'formatted_spread': 'San Diego State -6.0', 'spread_open': -4.0, 'over_under': 49.5, 'over_under_open': 50.5, 'home_moneyline': -230.0, 'away_moneyline': 190.0}]",-6.0
401331161,2021,14,regular,2021-12-04T20:30:00.000Z,Louisiana,Sun Belt,24,Appalachian State,Sun Belt,16,"[{'provider': 'Bovada', 'spread': 2.5, 'formatted_spread': 'Appalachian State -2.5', 'spread_open': 2.0, 'over_under': 52.0, 'over_under_open': 52.5, 'home_moneyline': 115.0, 'away_moneyline': -135.0}]",2.5
401331160,2021,14,regular,2021-12-04T17:00:00.000Z,Northern Illinois,Mid-American,41,Kent State,Mid-American,23,"[{'provider': 'Bovada', 'spread': 4.0, 'formatted_spread': 'Kent State -4.0', 'spread_open': 2.0, 'over_under': 75.5, 'over_under_open': 72.0, 'home_moneyline': 135.0, 'away_moneyline': -160.0}]",4.0
401387250,2021,14,regular,2021-12-05T04:00:00.000Z,California,Pac-12,24,USC,Pac-12,14,"[{'provider': 'Bovada', 'spread': -4.5, 'formatted_spread': 'California -4.5', 'spread_open': -2.5, 'over_under': 57.5, 'over_under_open': 57.5, 'home_moneyline': -195.0, 'away_moneyline': 165.0}]",-4.5
401301056,2021,15,regular,2021-12-11T20:00:00.000Z,Army,FBS Independents,13,Navy,American Athletic,17,"[{'provider': 'Bovada', 'spread': -7.0, 'formatted_spread': 'Army -7.0', 'spread_open': -8.5, 'over_under': 35.5, 'over_under_open': 36.0, 'home_moneyline': -300.0, 'away_moneyline': 250.0}]",-7.0
401282050,2021,1,regular,2021-09-01T23:30:00.000Z,Jacksonville State,AWC,0,UAB,Conference USA,31,"[{'provider': 'Bovada', 'spread': 16.0, 'formatted_spread': 'UAB -16.0', 'spread_open': 16.5, 'over_under': 52.0, 'over_under_open': 51.5, 'home_moneyline': 550.0, 'away_moneyline': -900.0}]",16.0
401282059,2021,2,regular,2021-09-11T17:00:00.000Z,South Florida,American Athletic,20,Florida,SEC,42,"[{'provider': 'Bovada', 'spread': 29.0, 'formatted_spread': 'Florida -29.0', 'spread_open': 29.0, 'over_under': 58.0, 'over_under_open': 56.5, 'home_moneyline': None, 'away_moneyline': None}]",29.0
401287949,2021,13,regular,2021-11-26T21:30:00.000Z,Iowa State,Big 12,48,TCU,Big 12,14,"[{'provider': 'Bovada', 'spread': -15.0, 'formatted_spread': 'Iowa State -15.0', 'spread_open': -14.5, 'over_under': 61.0, 'over_under_open': 58.5, 'home_moneyline': -700.0, 'away_moneyline': 475.0}]",-15.0
401282781,2021,13,regular,2021-11-27T17:00:00.000Z,Michigan,Big Ten,42,Ohio State,Big Ten,27,"[{'provider': 'Bovada', 'spread': 7.0, 'formatted_spread': 'Ohio State -7.0', 'spread_open': 7.5, 'over_under': 64.5, 'over_under_open': 66.0, 'home_moneyline': 240.0, 'away_moneyline': -290.0}]",7.0
401282711,2021,13,regular,2021-11-28T01:00:00.000Z,Stanford,Pac-12,14,Notre Dame,FBS Independents,45,"[{'provider': 'Bovada', 'spread': 20.0, 'formatted_spread': 'Notre Dame -20.0', 'spread_open': 17.5, 'over_under': 53.0, 'over_under_open': 52.5, 'home_moneyline': 750.0, 'away_moneyline': -1400.0}]",20.0
401287951,2021,13,regular,2021-11-28T00:30:00.000Z,Oklahoma State,Big 12,37,Oklahoma,Big 12,33,"[{'provider': 'Bovada', 'spread': -4.5, 'formatted_spread': 'Oklahoma State -4.5', 'spread_open': -3.5, 'over_under': 49.0, 'over_under_open': 50.5, 'home_moneyline': -185.0, 'away_moneyline': 160.0}]",-4.5
401287948,2021,13,regular,2021-11-27T17:00:00.000Z,Baylor,Big 12,27,Texas Tech,Big 12,24,"[{'provider': 'Bovada', 'spread': -14.0, 'formatted_spread': 'Baylor -14.0', 'spread_open': -14.5, 'over_under': 51.5, 'over_under_open': 52.0, 'home_moneyline': -635.0, 'away_moneyline': 435.0}]",-14.0
401282794,2021,13,regular,2021-11-27T21:00:00.000Z,Minnesota,Big Ten,23,Wisconsin,Big Ten,13,"[{'provider': 'Bovada', 'spread': 7.0, 'formatted_spread': 'Wisconsin -7.0', 'spread_open': 6.5, 'over_under': 39.0, 'over_under_open': 38.5, 'home_moneyline': 225.0, 'away_moneyline': -275.0}]",7.0
401282702,2021,13,regular,2021-11-28T00:30:00.000Z,Syracuse,ACC,14,Pittsburgh,ACC,31,"[{'provider': 'Bovada', 'spread': 12.5, 'formatted_spread': 'Pittsburgh -12.5', 'spread_open': 11.0, 'over_under': 57.5, 'over_under_open': 58.5, 'home_moneyline': 360.0, 'away_moneyline': -500.0}]",12.5
401282700,2021,13,regular,2021-11-27T17:00:00.000Z,Boston College,ACC,10,Wake Forest,ACC,41,"[{'provider': 'Bovada', 'spread': 6.5, 'formatted_spread': 'Wake Forest -6.5', 'spread_open': 4.5, 'over_under': 64.0, 'over_under_open': 64.5, 'home_moneyline': 175.0, 'away_moneyline': -210.0}]",6.5
401282766,2021,13,regular,2021-11-27T17:00:00.000Z,Rutgers,Big Ten,16,Maryland,Big Ten,40,"[{'provider': 'Bovada', 'spread': -2.0, 'formatted_spread': 'Rutgers -2.0', 'spread_open': 1.5, 'over_under': 53.0, 'over_under_open': 53.0, 'home_moneyline': 105.0, 'away_moneyline': -125.0}]",-2.0
401286299,2021,13,regular,2021-11-27T17:00:00.000Z,Liberty,FBS Independents,16,Army,FBS Independents,31,"[{'provider': 'Bovada', 'spread': -3.0, 'formatted_spread': 'Liberty -3.0', 'spread_open': -4.0, 'over_under': 51.5, 'over_under_open': 54.0, 'home_moneyline': -170.0, 'away_moneyline': 145.0}]",-3.0
401282701,2021,13,regular,2021-11-27T17:30:00.000Z,Duke,ACC,10,Miami,ACC,47,"[{'provider': 'Bovada', 'spread': 21.0, 'formatted_spread': 'Miami -21.0', 'spread_open': 21.0, 'over_under': 67.0, 'over_under_open': 68.0, 'home_moneyline': 800.0, 'away_moneyline': -1600.0}]",21.0
401286306,2021,13,regular,2021-11-27T20:00:00.000Z,New Mexico State,FBS Independents,44,UMass,FBS Independents,27,"[{'provider': 'Bovada', 'spread': -7.0, 'formatted_spread': 'New Mexico State -7.0', 'spread_open': -6.0, 'over_under': 59.0, 'over_under_open': 58.0, 'home_moneyline': -260.0, 'away_moneyline': 215.0}]",-7.0
401282722,2021,13,regular,2021-11-27T20:30:00.000Z,Illinois,Big Ten,47,Northwestern,Big Ten,14,"[{'provider': 'Bovada', 'spread': -6.5, 'formatted_spread': 'Illinois -6.5', 'spread_open': -6.5, 'over_under': 44.5, 'over_under_open': 42.5, 'home_moneyline': -250.0, 'away_moneyline': 210.0}]",-6.5
401282753,2021,13,regular,2021-11-27T20:30:00.000Z,Purdue,Big Ten,44,Indiana,Big Ten,7,"[{'provider': 'Bovada', 'spread': -15.0, 'formatted_spread': 'Purdue -15.0', 'spread_open': -15.0, 'over_under': 50.5, 'over_under_open': 50.0, 'home_moneyline': -700.0, 'away_moneyline': 475.0}]",-15.0
401282703,2021,13,regular,2021-11-27T20:45:00.000Z,Virginia,ACC,24,Virginia Tech,ACC,29,"[{'provider': 'Bovada', 'spread': -7.0, 'formatted_spread': 'Virginia -7.0', 'spread_open': -7.5, 'over_under': 64.0, 'over_under_open': 62.5, 'home_moneyline': -275.0, 'away_moneyline': 225.0}]",-7.0
401287950,2021,13,regular,2021-11-28T00:00:00.000Z,Kansas,Big 12,28,West Virginia,Big 12,34,"[{'provider': 'Bovada', 'spread': 15.5, 'formatted_spread': 'West Virginia -15.5', 'spread_open': 15.0, 'over_under': 55.5, 'over_under_open': 55.5, 'home_moneyline': 475.0, 'away_moneyline': -700.0}]",15.5
401310253,2021,10,regular,2021-11-06T15:30:00.000Z,Air Force,Mountain West,14,Army,FBS Independents,21,"[{'provider': 'Bovada', 'spread': -2.5, 'formatted_spread': 'Air Force -2.5', 'spread_open': -3.0, 'over_under': 37.5, 'over_under_open': 37.5, 'home_moneyline': -140.0, 'away_moneyline': 120.0}]",-2.5
401282785,2021,13,regular,2021-11-27T20:30:00.000Z,Michigan State,Big Ten,30,Penn State,Big Ten,27,"[{'provider': 'Bovada', 'spread': 5.5, 'formatted_spread': 'Penn State -5.5', 'spread_open': 0.0, 'over_under': 51.5, 'over_under_open': 52.0, 'home_moneyline': 150.0, 'away_moneyline': -175.0}]",5.5
401282053,2021,1,regular,2021-09-05T00:00:00.000Z,Texas A&M,SEC,41,Kent State,Mid-American,10,"[{'provider': 'Bovada', 'spread': -29.5, 'formatted_spread': 'Texas A&M -29.5', 'spread_open': -28.5, 'over_under': 67.0, 'over_under_open': 66.0, 'home_moneyline': None, 'away_moneyline': None}]",-29.5
401281948,2021,1,regular,2021-09-05T00:30:00.000Z,UCLA,Pac-12,38,LSU,SEC,27,"[{'provider': 'Bovada', 'spread': 2.5, 'formatted_spread': 'LSU -2.5', 'spread_open': 4.0, 'over_under': 64.0, 'over_under_open': 69.0, 'home_moneyline': 125.0, 'away_moneyline': -145.0}]",2.5
401309839,2021,1,regular,2021-09-05T00:00:00.000Z,Washington,Pac-12,7,Montana,Big Sky,13,"[{'provider': 'Bovada', 'spread': -23.0, 'formatted_spread': 'Washington -23.0', 'spread_open': -23.0, 'over_under': 54.0, 'over_under_open': 54.0, 'home_moneyline': None, 'away_moneyline': None}]",-23.0
401282613,2021,1,regular,2021-09-04T23:30:00.000Z,Virginia,ACC,43,William & Mary,CAA,0,"[{'provider': 'Bovada', 'spread': -31.0, 'formatted_spread': 'Virginia -31.0', 'spread_open': -31.5, 'over_under': 52.5, 'over_under_open': 52.5, 'home_moneyline': None, 'away_moneyline': None}]",-31.0
401282054,2021,1,regular,2021-09-05T00:00:00.000Z,Vanderbilt,SEC,3,East Tennessee State,Southern,23,"[{'provider': 'Bovada', 'spread': -21.0, 'formatted_spread': 'Vanderbilt -21.0', 'spread_open': -21.0, 'over_under': 45.0, 'over_under_open': 44.5, 'home_moneyline': None, 'away_moneyline': None}]",-21.0
401282177,2021,1,regular,2021-09-05T00:00:00.000Z,South Alabama,Sun Belt,31,Southern Mississippi,Conference USA,7,"[{'provider': 'Bovada', 'spread': -2.0, 'formatted_spread': 'South Alabama -2.0', 'spread_open': 2.5, 'over_under': 57.0, 'over_under_open': 55.0, 'home_moneyline': -125.0, 'away_moneyline': 105.0}]",-2.0
401287891,2021,1,regular,2021-09-05T00:00:00.000Z,TCU,Big 12,45,Duquesne,NEC,3,"[{'provider': 'Bovada', 'spread': -43.0, 'formatted_spread': 'TCU -43.0', 'spread_open': -43.0, 'over_under': 54.5, 'over_under_open': 56.0, 'home_moneyline': None, 'away_moneyline': None}]",-43.0
401286187,2021,1,regular,2021-08-28T18:00:00.000Z,Fresno State,Mountain West,45,Connecticut,FBS Independents,0,"[{'provider': 'Bovada', 'spread': -28.0, 'formatted_spread': 'Fresno State -28.0', 'spread_open': -27.5, 'over_under': 63.5, 'over_under_open': 62.5, 'home_moneyline': -5000.0, 'away_moneyline': 1275.0}]",-28.0
401309833,2021,1,regular,2021-08-28T19:30:00.000Z,UCLA,Pac-12,44,Hawai'i,Mountain West,10,"[{'provider': 'Bovada', 'spread': -18.0, 'formatted_spread': 'UCLA -18.0', 'spread_open': -14.0, 'over_under': 66.5, 'over_under_open': 70.5, 'home_moneyline': -900.0, 'away_moneyline': 550.0}]",-18.0
401282049,2021,1,regular,2021-08-29T01:30:00.000Z,New Mexico State,FBS Independents,3,UTEP,Conference USA,30,"[{'provider': 'Bovada', 'spread': 10.0, 'formatted_spread': 'UTEP -10.0', 'spread_open': 8.0, 'over_under': 59.5, 'over_under_open': 54.0, 'home_moneyline': 280.0, 'away_moneyline': -360.0}]",10.0
401310693,2021,1,regular,2021-08-29T02:00:00.000Z,San José State,Mountain West,45,Southern Utah,Big Sky,14,"[{'provider': 'Bovada', 'spread': -28.5, 'formatted_spread': 'San José State -28.5', 'spread_open': -22.5, 'over_under': 57.5, 'over_under_open': 56.5, 'home_moneyline': None, 'away_moneyline': None}]",-28.5
401282714,2021,1,regular,2021-08-28T17:20:00.000Z,Illinois,Big Ten,30,Nebraska,Big Ten,22,"[{'provider': 'Bovada', 'spread': 7.0, 'formatted_spread': 'Nebraska -7.0', 'spread_open': 8.5, 'over_under': 52.0, 'over_under_open': 55.0, 'home_moneyline': 220.0, 'away_moneyline': -270.0}]",7.0
401310729,2021,8,regular,2021-10-22T03:00:00.000Z,UNLV,Mountain West,20,San José State,Mountain West,27,"[{'provider': 'Bovada', 'spread': 5.5, 'formatted_spread': 'San José State -5.5', 'spread_open': 4.5, 'over_under': 44.0, 'over_under_open': 46.5, 'home_moneyline': 155.0, 'away_moneyline': -180.0}]",5.5
401310725,2021,8,regular,2021-10-23T01:30:00.000Z,Utah State,Mountain West,26,Colorado State,Mountain West,24,"[{'provider': 'Bovada', 'spread': 3.0, 'formatted_spread': 'Colorado State -3.0', 'spread_open': 2.5, 'over_under': 58.5, 'over_under_open': 55.0, 'home_moneyline': 135.0, 'away_moneyline': -160.0}]",3.0
401309879,2021,8,regular,2021-10-23T19:30:00.000Z,UCLA,Pac-12,31,Oregon,Pac-12,34,"[{'provider': 'Bovada', 'spread': -1.0, 'formatted_spread': 'UCLA -1.0', 'spread_open': -1.5, 'over_under': 61.5, 'over_under_open': 57.5, 'home_moneyline': -115.0, 'away_moneyline': -105.0}]",-1.0
401310724,2021,8,regular,2021-10-23T23:00:00.000Z,Air Force,Mountain West,14,San Diego State,Mountain West,20,"[{'provider': 'Bovada', 'spread': -2.5, 'formatted_spread': 'Air Force -2.5', 'spread_open': -4.5, 'over_under': 39.0, 'over_under_open': 41.0, 'home_moneyline': -160.0, 'away_moneyline': 135.0}]",-2.5
401309574,2021,8,regular,2021-10-23T16:00:00.000Z,Bowling Green,Mid-American,24,Eastern Michigan,Mid-American,55,"[{'provider': 'Bovada', 'spread': 4.0, 'formatted_spread': 'Eastern Michigan -4.0', 'spread_open': 3.5, 'over_under': 49.5, 'over_under_open': 49.5, 'home_moneyline': 150.0, 'away_moneyline': -175.0}]",4.0
401309577,2021,8,regular,2021-10-23T16:00:00.000Z,Central Michigan,Mid-American,38,Northern Illinois,Mid-American,39,"[{'provider': 'Bovada', 'spread': -6.0, 'formatted_spread': 'Central Michigan -6.0', 'spread_open': -5.0, 'over_under': 56.0, 'over_under_open': 58.5, 'home_moneyline': -210.0, 'away_moneyline': 175.0}]",-6.0
401309576,2021,8,regular,2021-10-23T17:00:00.000Z,Ohio,Mid-American,27,Kent State,Mid-American,34,"[{'provider': 'Bovada', 'spread': 5.0, 'formatted_spread': 'Kent State -5.0', 'spread_open': 6.0, 'over_under': 68.5, 'over_under_open': 62.5, 'home_moneyline': 180.0, 'away_moneyline': -220.0}]",5.0
401309625,2021,8,regular,2021-10-23T18:00:00.000Z,Georgia State,Sun Belt,28,Texas State,Sun Belt,16,"[{'provider': 'Bovada', 'spread': -10.5, 'formatted_spread': 'Georgia State -10.5', 'spread_open': -10.0, 'over_under': 58.0, 'over_under_open': 61.0, 'home_moneyline': -415.0, 'away_moneyline': 310.0}]",-10.5
401310728,2021,8,regular,2021-10-24T03:59:00.000Z,Hawai'i,Mountain West,48,New Mexico State,FBS Independents,34,"[{'provider': 'Bovada', 'spread': -19.0, 'formatted_spread': ""Hawai'i -19.0"", 'spread_open': -18.0, 'over_under': 63.0, 'over_under_open': 60.0, 'home_moneyline': -1100.0, 'away_moneyline': 650.0}]",-19.0
401309575,2021,8,regular,2021-10-23T19:30:00.000Z,Akron,Mid-American,10,Buffalo,Mid-American,45,"[{'provider': 'Bovada', 'spread': 12.5, 'formatted_spread': 'Buffalo -12.5', 'spread_open': 11.0, 'over_under': 57.0, 'over_under_open': 57.0, 'home_moneyline': 340.0, 'away_moneyline': -460.0}]",12.5
401309878,2021,8,regular,2021-10-23T19:30:00.000Z,California,Pac-12,26,Colorado,Pac-12,3,"[{'provider': 'Bovada', 'spread': -8.0, 'formatted_spread': 'California -8.0', 'spread_open': -10.0, 'over_under': 44.0, 'over_under_open': 43.0, 'home_moneyline': -350.0, 'away_moneyline': 275.0}]",-8.0
401309881,2021,8,regular,2021-10-23T19:30:00.000Z,Washington State,Pac-12,19,BYU,FBS Independents,21,"[{'provider': 'Bovada', 'spread': 4.0, 'formatted_spread': 'BYU -4.0', 'spread_open': 1.0, 'over_under': 56.5, 'over_under_open': 53.0, 'home_moneyline': 155.0, 'away_moneyline': -180.0}]",4.0
401310726,2021,8,regular,2021-10-23T19:30:00.000Z,Wyoming,Mountain West,3,New Mexico,Mountain West,14,"[{'provider': 'Bovada', 'spread': -20.0, 'formatted_spread': 'Wyoming -20.0', 'spread_open': -19.0, 'over_under': 41.0, 'over_under_open': 40.0, 'home_moneyline': -1300.0, 'away_moneyline': 725.0}]",-20.0
401309626,2021,8,regular,2021-10-23T23:00:00.000Z,Louisiana Monroe,Sun Belt,41,South Alabama,Sun Belt,31,"[{'provider': 'Bovada', 'spread': 13.5, 'formatted_spread': 'South Alabama -13.5', 'spread_open': 13.5, 'over_under': 51.0, 'over_under_open': 51.0, 'home_moneyline': 395.0, 'away_moneyline': -555.0}]",13.5
401310727,2021,8,regular,2021-10-23T23:00:00.000Z,Fresno State,Mountain West,34,Nevada,Mountain West,32,"[{'provider': 'Bovada', 'spread': -3.5, 'formatted_spread': 'Fresno State -3.5', 'spread_open': -4.0, 'over_under': 64.0, 'over_under_open': 61.0, 'home_moneyline': -170.0, 'away_moneyline': 145.0}]",-3.5
401309880,2021,8,regular,2021-10-23T23:30:00.000Z,Oregon State,Pac-12,42,Utah,Pac-12,34,"[{'provider': 'Bovada', 'spread': 3.0, 'formatted_spread': 'Utah -3.0', 'spread_open': 3.5, 'over_under': 57.0, 'over_under_open': 56.0, 'home_moneyline': 135.0, 'away_moneyline': -160.0}]",3.0
401309627,2021,9,regular,2021-10-28T23:30:00.000Z,Coastal Carolina,Sun Belt,35,Troy,Sun Belt,28,"[{'provider': 'Bovada', 'spread': -17.0, 'formatted_spread': 'Coastal Carolina -17.0', 'spread_open': -18.5, 'over_under': 50.5, 'over_under_open': 52.0, 'home_moneyline': -1200.0, 'away_moneyline': 700.0}]",-17.0
401301030,2021,9,regular,2021-10-29T23:30:00.000Z,Tulsa,American Athletic,17,Navy,American Athletic,20,"[{'provider': 'Bovada', 'spread': -11.0, 'formatted_spread': 'Tulsa -11.0', 'spread_open': -10.0, 'over_under': 46.5, 'over_under_open': 48.0, 'home_moneyline': -435.0, 'away_moneyline': 325.0}]",-11.0
401282117,2021,9,regular,2021-10-30T19:30:00.000Z,Florida,SEC,7,Georgia,SEC,34,"[{'provider': 'Bovada', 'spread': 14.5, 'formatted_spread': 'Georgia -14.5', 'spread_open': 14.5, 'over_under': 51.0, 'over_under_open': 50.0, 'home_moneyline': 425.0, 'away_moneyline': -615.0}]",14.5
401287931,2021,9,regular,2021-10-30T19:30:00.000Z,Oklahoma,Big 12,52,Texas Tech,Big 12,21,"[{'provider': 'Bovada', 'spread': -19.0, 'formatted_spread': 'Oklahoma -19.0', 'spread_open': -19.0, 'over_under': 67.5, 'over_under_open': 68.5, 'home_moneyline': -1200.0, 'away_moneyline': 700.0}]",-19.0
401282814,2021,9,regular,2021-10-30T23:30:00.000Z,Ohio State,Big Ten,33,Penn State,Big Ten,24,"[{'provider': 'Bovada', 'spread': -19.5, 'formatted_spread': 'Ohio State -19.5', 'spread_open': -17.5, 'over_under': 60.5, 'over_under_open': 59.5, 'home_moneyline': -1200.0, 'away_moneyline': 700.0}]",-19.5
401282777,2021,9,regular,2021-10-30T16:00:00.000Z,Michigan State,Big Ten,37,Michigan,Big Ten,33,"[{'provider': 'Bovada', 'spread': 4.0, 'formatted_spread': 'Michigan -4.0', 'spread_open': 4.0, 'over_under': 50.0, 'over_under_open': 51.0, 'home_moneyline': 160.0, 'away_moneyline': -185.0}]",4.0
401282763,2021,9,regular,2021-10-30T16:00:00.000Z,Wisconsin,Big Ten,27,Iowa,Big Ten,7,"[{'provider': 'Bovada', 'spread': -3.0, 'formatted_spread': 'Wisconsin -3.0', 'spread_open': -3.5, 'over_under': 36.0, 'over_under_open': 37.0, 'home_moneyline': -160.0, 'away_moneyline': 135.0}]",-3.0
401282116,2021,9,regular,2021-10-30T23:00:00.000Z,Auburn,SEC,31,Ole Miss,SEC,20,"[{'provider': 'Bovada', 'spread': -3.0, 'formatted_spread': 'Auburn -3.0', 'spread_open': -1.0, 'over_under': 67.5, 'over_under_open': 66.5, 'home_moneyline': -145.0, 'away_moneyline': 125.0}]",-3.0
401282673,2021,9,regular,2021-10-30T23:30:00.000Z,Notre Dame,FBS Independents,44,North Carolina,ACC,34,"[{'provider': 'Bovada', 'spread': -3.5, 'formatted_spread': 'Notre Dame -3.5', 'spread_open': -3.5, 'over_under': 62.5, 'over_under_open': 62.5, 'home_moneyline': -175.0, 'away_moneyline': 150.0}]",-3.5
401282118,2021,9,regular,2021-10-30T23:00:00.000Z,Mississippi State,SEC,31,Kentucky,SEC,17,"[{'provider': 'Bovada', 'spread': -1.5, 'formatted_spread': 'Mississippi State -1.5', 'spread_open': 1.0, 'over_under': 47.0, 'over_under_open': 47.0, 'home_moneyline': -115.0, 'away_moneyline': -105.0}]",-1.5
401282676,2021,9,regular,2021-10-30T20:00:00.000Z,Wake Forest,ACC,45,Duke,ACC,7,"[{'provider': 'Bovada', 'spread': -16.5, 'formatted_spread': 'Wake Forest -16.5', 'spread_open': -16.0, 'over_under': 71.5, 'over_under_open': 69.0, 'home_moneyline': -800.0, 'away_moneyline': 525.0}]",-16.5
401287932,2021,9,regular,2021-10-30T23:00:00.000Z,Oklahoma State,Big 12,55,Kansas,Big 12,3,"[{'provider': 'Bovada', 'spread': -29.0, 'formatted_spread': 'Oklahoma State -29.0', 'spread_open': -31.0, 'over_under': 54.5, 'over_under_open': 57.5, 'home_moneyline': None, 'away_moneyline': None}]",-29.0
401287929,2021,9,regular,2021-10-30T16:00:00.000Z,Baylor,Big 12,31,Texas,Big 12,24,"[{'provider': 'Bovada', 'spread': -2.5, 'formatted_spread': 'Baylor -2.5', 'spread_open': -2.5, 'over_under': 62.0, 'over_under_open': 62.0, 'home_moneyline': -135.0, 'away_moneyline': 115.0}]",-2.5
401282674,2021,9,regular,2021-10-30T16:00:00.000Z,Pittsburgh,ACC,34,Miami,ACC,38,"[{'provider': 'Bovada', 'spread': -10.0, 'formatted_spread': 'Pittsburgh -10.0', 'spread_open': -11.5, 'over_under': 61.0, 'over_under_open': 62.0, 'home_moneyline': -370.0, 'away_moneyline': 285.0}]",-10.0
401287933,2021,9,regular,2021-10-30T18:00:00.000Z,West Virginia,Big 12,38,Iowa State,Big 12,31,"[{'provider': 'Bovada', 'spread': 7.5, 'formatted_spread': 'Iowa State -7.5', 'spread_open': 7.0, 'over_under': 49.0, 'over_under_open': 47.0, 'home_moneyline': 250.0, 'away_moneyline': -300.0}]",7.5
401282669,2021,9,regular,2021-10-31T02:15:00.000Z,BYU,FBS Independents,66,Virginia,ACC,49,"[{'provider': 'Bovada', 'spread': -2.5, 'formatted_spread': 'BYU -2.5', 'spread_open': -2.5, 'over_under': 66.0, 'over_under_open': 64.0, 'home_moneyline': -130.0, 'away_moneyline': 110.0}]",-2.5
401282671,2021,9,regular,2021-10-30T16:00:00.000Z,Georgia Tech,ACC,17,Virginia Tech,ACC,26,"[{'provider': 'Bovada', 'spread': -3.5, 'formatted_spread': 'Georgia Tech -3.5', 'spread_open': -3.5, 'over_under': 55.5, 'over_under_open': 55.0, 'home_moneyline': -180.0, 'away_moneyline': 155.0}]",-3.5
401282719,2021,9,regular,2021-10-30T16:00:00.000Z,Illinois,Big Ten,14,Rutgers,Big Ten,20,"[{'provider': 'Bovada', 'spread': 1.5, 'formatted_spread': 'Rutgers -1.5', 'spread_open': 0.0, 'over_under': 41.0, 'over_under_open': 42.0, 'home_moneyline': 105.0, 'away_moneyline': -125.0}]",1.5
401282726,2021,9,regular,2021-10-30T16:00:00.000Z,Maryland,Big Ten,38,Indiana,Big Ten,35,"[{'provider': 'Bovada', 'spread': -4.0, 'formatted_spread': 'Maryland -4.0', 'spread_open': -2.5, 'over_under': 48.0, 'over_under_open': 50.5, 'home_moneyline': -185.0, 'away_moneyline': 160.0}]",-4.0
401286297,2021,9,regular,2021-10-30T16:00:00.000Z,Liberty,FBS Independents,62,UMass,FBS Independents,17,"[{'provider': 'Bovada', 'spread': -35.5, 'formatted_spread': 'Liberty -35.5', 'spread_open': -36.5, 'over_under': 56.0, 'over_under_open': 60.0, 'home_moneyline': None, 'away_moneyline': None}]",-35.5
401301031,2021,9,regular,2021-10-30T16:00:00.000Z,Temple,American Athletic,7,UCF,American Athletic,49,"[{'provider': 'Bovada', 'spread': 12.0, 'formatted_spread': 'UCF -12.0', 'spread_open': 10.5, 'over_under': 52.0, 'over_under_open': 52.0, 'home_moneyline': 320.0, 'away_moneyline': -430.0}]",12.0
401282246,2021,9,regular,2021-10-30T18:00:00.000Z,Rice,Conference USA,24,North Texas,Conference USA,30,"[{'provider': 'Bovada', 'spread': -1.5, 'formatted_spread': 'Rice -1.5', 'spread_open': -2.0, 'over_under': 55.0, 'over_under_open': 55.0, 'home_moneyline': -120.0, 'away_moneyline': 110.0}]",-1.5
401282119,2021,9,regular,2021-10-30T19:00:00.000Z,Vanderbilt,SEC,28,Missouri,SEC,37,"[{'provider': 'Bovada', 'spread': 16.5, 'formatted_spread': 'Missouri -16.5', 'spread_open': 17.0, 'over_under': 62.5, 'over_under_open': 62.5, 'home_moneyline': 525.0, 'away_moneyline': -800.0}]",16.5
401282242,2021,9,regular,2021-10-30T19:30:00.000Z,Marshall,Conference USA,38,Florida International,Conference USA,0,"[{'provider': 'Bovada', 'spread': -21.5, 'formatted_spread': 'Marshall -21.5', 'spread_open': -22.0, 'over_under': 64.0, 'over_under_open': 66.0, 'home_moneyline': -1700.0, 'away_moneyline': 850.0}]",-21.5
401282244,2021,9,regular,2021-10-30T19:30:00.000Z,Old Dominion,Conference USA,23,Louisiana Tech,Conference USA,20,"[{'provider': 'Bovada', 'spread': 4.0, 'formatted_spread': 'Louisiana Tech -4.0', 'spread_open': 5.5, 'over_under': 52.0, 'over_under_open': 53.0, 'home_moneyline': 160.0, 'away_moneyline': -185.0}]",4.0
