id,season,week,season_type,start_date,home_team,home_conference,home_score,away_team,away_conference,away_score,lines,bovada_spread
401411101,2022,1,regular,2022-09-06T00:00:00.000Z,Georgia Tech,ACC,10.0,Clemson,ACC,41.0,"[{'provider': 'Bovada', 'spread': 24.5, 'formatted_spread': 'Clemson -24.5', 'spread_open': 21.0, 'over_under': 51.5, 'over_under_open': 51.0, 'home_moneyline': 950.0, 'away_moneyline': -2000.0}]",24.5
401404079,2022,4,regular,2022-09-24T16:00:00.000Z,Kansas,Big 12,35.0,Duke,ACC,27.0,"[{'provider': 'Bovada', 'spread': -7.5, 'formatted_spread': 'Kansas -7.5', 'spread_open': -9.0, 'over_under': 66.0, 'over_under_open': 64.0, 'home_moneyline': -330.0, 'away_moneyline': 265.0}]",-7.5
401403893,2022,4,regular,2022-09-24T23:00:00.000Z,Texas A&M,SEC,23.0,Arkansas,SEC,21.0,"[{'provider': 'Bovada', 'spread': -1.0, 'formatted_spread': 'Texas A&M -1.0', 'spread_open': -2.0, 'over_under': 51.0, 'over_under_open': 48.0, 'home_moneyline': -135.0, 'away_moneyline': 115.0}]",-1.0
401404080,2022,4,regular,2022-09-24T16:00:00.000Z,Iowa State,Big 12,24.0,Baylor,Big 12,31.0,"[{'provider': 'Bovada', 'spread': -2.5, 'formatted_spread': 'Iowa State -2.5', 'spread_open': -1.0, 'over_under': 45.0, 'over_under_open': 44.5, 'home_moneyline': -140.0, 'away_moneyline': 120.0}]",-2.5
401404081,2022,4,regular,2022-09-25T00:00:00.000Z,Oklahoma,Big 12,34.0,Kansas State,Big 12,41.0,"[{'provider': 'Bovada', 'spread': -14.0, 'formatted_spread': 'Oklahoma -14.0', 'spread_open': -13.0, 'over_under': 53.0, 'over_under_open': 53.5, 'home_moneyline': -550.0, 'away_moneyline': 390.0}]",-14.0
401404082,2022,4,regular,2022-09-24T19:30:00.000Z,Texas Tech,Big 12,37.0,Texas,Big 12,34.0,"[{'provider': 'Bovada', 'spread': 7.0, 'formatted_spread': 'Texas -7.0', 'spread_open': 4.5, 'over_under': 60.0, 'over_under_open': 60.5, 'home_moneyline': 220.0, 'away_moneyline': -270.0}]",7.0
401415642,2022,8,regular,2022-10-22T23:30:00.000Z,East Carolina,American Athletic,34.0,UCF,American Athletic,13.0,"[{'provider': 'Bovada', 'spread': 6.0, 'formatted_spread': 'UCF -6.0', 'spread_open': 4.5, 'over_under': 63.0, 'over_under_open': 64.5, 'home_moneyline': 175.0, 'away_moneyline': -210.0}]",6.0
401416624,2022,8,regular,2022-10-22T18:00:00.000Z,Ball State,Mid-American,16.0,Eastern Michigan,Mid-American,20.0,"[{'provider': 'Bovada', 'spread': -2.5, 'formatted_spread': 'Ball State -2.5', 'spread_open': -3.0, 'over_under': 57.5, 'over_under_open': 57.5, 'home_moneyline': -135.0, 'away_moneyline': 115.0}]",-2.5
401416625,2022,8,regular,2022-10-22T18:00:00.000Z,Ohio,Mid-American,24.0,Northern Illinois,Mid-American,17.0,"[{'provider': 'Bovada', 'spread': 2.5, 'formatted_spread': 'Northern Illinois -2.5', 'spread_open': 1.5, 'over_under': 65.5, 'over_under_open': 65.5, 'home_moneyline': 120.0, 'away_moneyline': -140.0}]",2.5
401416626,2022,8,regular,2022-10-22T17:00:00.000Z,Buffalo,Mid-American,34.0,Toledo,Mid-American,27.0,"[{'provider': 'Bovada', 'spread': 7.0, 'formatted_spread': 'Toledo -7.0', 'spread_open': 7.5, 'over_under': 56.0, 'over_under_open': 62.0, 'home_moneyline': 250.0, 'away_moneyline': -300.0}]",7.0
401416627,2022,8,regular,2022-10-22T19:30:00.000Z,Miami (OH),Mid-American,10.0,Western Michigan,Mid-American,16.0,"[{'provider': 'Bovada', 'spread': -7.0, 'formatted_spread': 'Miami (OH) -7.0', 'spread_open': -5.5, 'over_under': 44.0, 'over_under_open': 45.5, 'home_moneyline': -230.0, 'away_moneyline': 190.0}]",-7.0
401416628,2022,8,regular,2022-10-22T16:00:00.000Z,Kent State,Mid-American,33.0,Akron,Mid-American,27.0,"[{'provider': 'Bovada', 'spread': -16.0, 'formatted_spread': 'Kent State -16.0', 'spread_open': -19.5, 'over_under': 65.0, 'over_under_open': 67.0, 'home_moneyline': -800.0, 'away_moneyline': 525.0}]",-16.0
401416629,2022,8,regular,2022-10-22T17:00:00.000Z,Central Michigan,Mid-American,18.0,Bowling Green,Mid-American,34.0,"[{'provider': 'Bovada', 'spread': -5.5, 'formatted_spread': 'Central Michigan -5.5', 'spread_open': -7.5, 'over_under': 51.0, 'over_under_open': 50.5, 'home_moneyline': -250.0, 'away_moneyline': 210.0}]",-5.5
401426355,2022,8,regular,2022-10-22T19:30:00.000Z,James Madison,Sun Belt,12.0,Marshall,Sun Belt,26.0,"[{'provider': 'Bovada', 'spread': -9.5, 'formatted_spread': 'James Madison -9.5', 'spread_open': -12.5, 'over_under': 48.5, 'over_under_open': 55.0, 'home_moneyline': -340.0, 'away_moneyline': 270.0}]",-9.5
401426357,2022,8,regular,2022-10-22T21:00:00.000Z,Louisiana,Sun Belt,38.0,Arkansas State,Sun Belt,18.0,"[{'provider': 'Bovada', 'spread': -6.0, 'formatted_spread': 'Louisiana -6.0', 'spread_open': -7.0, 'over_under': 51.5, 'over_under_open': 51.5, 'home_moneyline': -250.0, 'away_moneyline': 210.0}]",-6.0
401426358,2022,8,regular,2022-10-22T21:00:00.000Z,Texas State,Sun Belt,14.0,Southern Mississippi,Sun Belt,20.0,"[{'provider': 'Bovada', 'spread': 2.5, 'formatted_spread': 'Southern Mississippi -2.5', 'spread_open': 1.0, 'over_under': 43.0, 'over_under_open': 45.0, 'home_moneyline': 110.0, 'away_moneyline': -130.0}]",2.5
401404140,2022,8,regular,2022-10-22T16:00:00.000Z,Army,FBS Independents,48.0,Louisiana Monroe,Sun Belt,24.0,"[{'provider': 'Bovada', 'spread': -6.5, 'formatted_spread': 'Army -6.5', 'spread_open': -7.5, 'over_under': 56.0, 'over_under_open': 56.0, 'home_moneyline': -280.0, 'away_moneyline': 230.0}]",-6.5
401416633,2022,10,regular,2022-11-01T23:30:00.000Z,Ohio,Mid-American,45.0,Buffalo,Mid-American,24.0,"[{'provider': 'Bovada', 'spread': 2.5, 'formatted_spread': 'Buffalo -2.5', 'spread_open': 3.0, 'over_under': 61.5, 'over_under_open': 58.5, 'home_moneyline': 130.0, 'away_moneyline': -150.0}]",2.5
401416634,2022,10,regular,2022-11-02T23:00:00.000Z,Northern Illinois,Mid-American,22.0,Central Michigan,Mid-American,35.0,"[{'provider': 'Bovada', 'spread': -4.5, 'formatted_spread': 'Northern Illinois -4.5', 'spread_open': -4.0, 'over_under': 54.0, 'over_under_open': 55.5, 'home_moneyline': -210.0, 'away_moneyline': 175.0}]",-4.5
401403917,2022,7,regular,2022-10-15T23:00:00.000Z,Florida,SEC,35.0,LSU,SEC,45.0,"[{'provider': 'Bovada', 'spread': -2.0, 'formatted_spread': 'Florida -2.0', 'spread_open': -3.0, 'over_under': 51.5, 'over_under_open': 51.5, 'home_moneyline': -135.0, 'away_moneyline': 115.0}]",-2.0
401403920,2022,7,regular,2022-10-15T16:00:00.000Z,Ole Miss,SEC,48.0,Auburn,SEC,34.0,"[{'provider': 'Bovada', 'spread': -15.5, 'formatted_spread': 'Ole Miss -15.5', 'spread_open': -15.5, 'over_under': 55.0, 'over_under_open': 54.5, 'home_moneyline': -700.0, 'away_moneyline': 475.0}]",-15.5
401403986,2022,3,regular,2022-09-18T03:00:00.000Z,Arizona State,Pac-12,21.0,Eastern Michigan,Mid-American,30.0,"[{'provider': 'Bovada', 'spread': -20.5, 'formatted_spread': 'Arizona State -20.5', 'spread_open': -19.5, 'over_under': 56.5, 'over_under_open': 57.5, 'home_moneyline': -1300.0, 'away_moneyline': 725.0}]",-20.5
401403987,2022,3,regular,2022-09-17T18:30:00.000Z,Notre Dame,FBS Independents,24.0,California,Pac-12,17.0,"[{'provider': 'Bovada', 'spread': -13.5, 'formatted_spread': 'Notre Dame -13.5', 'spread_open': -12.5, 'over_under': 41.0, 'over_under_open': 43.0, 'home_moneyline': -480.0, 'away_moneyline': 350.0}]",-13.5
401403988,2022,3,regular,2022-09-17T19:30:00.000Z,Minnesota,Big Ten,49.0,Colorado,Pac-12,7.0,"[{'provider': 'Bovada', 'spread': -28.0, 'formatted_spread': 'Minnesota -28.0', 'spread_open': -27.0, 'over_under': 47.5, 'over_under_open': 46.5, 'home_moneyline': -6500.0, 'away_moneyline': 1350.0}]",-28.0
401405088,2022,3,regular,2022-09-17T23:00:00.000Z,Ohio State,Big Ten,77.0,Toledo,Mid-American,21.0,"[{'provider': 'Bovada', 'spread': -32.0, 'formatted_spread': 'Ohio State -32.0', 'spread_open': -31.5, 'over_under': 63.0, 'over_under_open': 61.0, 'home_moneyline': None, 'away_moneyline': None}]",-32.0
401405089,2022,3,regular,2022-09-17T18:00:00.000Z,Temple,American Athletic,14.0,Rutgers,Big Ten,16.0,"[{'provider': 'Bovada', 'spread': 18.0, 'formatted_spread': 'Rutgers -18.0', 'spread_open': 17.0, 'over_under': 43.0, 'over_under_open': 44.5, 'home_moneyline': 625.0, 'away_moneyline': -1000.0}]",18.0
401411113,2022,3,regular,2022-09-17T18:00:00.000Z,Virginia,ACC,16.0,Old Dominion,Sun Belt,14.0,"[{'provider': 'Bovada', 'spread': -8.0, 'formatted_spread': 'Virginia -8.0', 'spread_open': -10.5, 'over_under': 52.0, 'over_under_open': 53.0, 'home_moneyline': -330.0, 'away_moneyline': 265.0}]",-8.0
401411115,2022,3,regular,2022-09-17T23:30:00.000Z,Western Michigan,Mid-American,13.0,Pittsburgh,ACC,34.0,"[{'provider': 'Bovada', 'spread': 10.5, 'formatted_spread': 'Pittsburgh -10.5', 'spread_open': 10.0, 'over_under': 46.0, 'over_under_open': 54.5, 'home_moneyline': 315.0, 'away_moneyline': -420.0}]",10.5
401415029,2022,3,regular,2022-09-17T21:00:00.000Z,Bowling Green,Mid-American,34.0,Marshall,Sun Belt,31.0,"[{'provider': 'Bovada', 'spread': 17.0, 'formatted_spread': 'Marshall -17.0', 'spread_open': 18.5, 'over_under': 50.0, 'over_under_open': 53.5, 'home_moneyline': 500.0, 'away_moneyline': -750.0}]",17.0
401415217,2022,3,regular,2022-09-17T00:00:00.000Z,Wyoming,Mountain West,17.0,Air Force,Mountain West,14.0,"[{'provider': 'Bovada', 'spread': 17.0, 'formatted_spread': 'Air Force -17.0', 'spread_open': 15.0, 'over_under': 47.0, 'over_under_open': 50.0, 'home_moneyline': 500.0, 'away_moneyline': -750.0}]",17.0
401415622,2022,3,regular,2022-09-17T23:00:00.000Z,Memphis,American Athletic,44.0,Arkansas State,Sun Belt,32.0,"[{'provider': 'Bovada', 'spread': -14.5, 'formatted_spread': 'Memphis -14.5', 'spread_open': -13.5, 'over_under': 64.0, 'over_under_open': 62.0, 'home_moneyline': -600.0, 'away_moneyline': 425.0}]",-14.5
401416601,2022,3,regular,2022-09-17T17:00:00.000Z,Coastal Carolina,Sun Belt,38.0,Buffalo,Mid-American,26.0,"[{'provider': 'Bovada', 'spread': -11.5, 'formatted_spread': 'Coastal Carolina -11.5', 'spread_open': -18.5, 'over_under': 60.0, 'over_under_open': 58.0, 'home_moneyline': -500.0, 'away_moneyline': 360.0}]",-11.5
401426333,2022,3,regular,2022-09-17T19:30:00.000Z,Appalachian State,Sun Belt,32.0,Troy,Sun Belt,28.0,"[{'provider': 'Bovada', 'spread': -14.0, 'formatted_spread': 'Appalachian State -14.0', 'spread_open': -13.0, 'over_under': 52.0, 'over_under_open': 54.5, 'home_moneyline': -550.0, 'away_moneyline': 390.0}]",-14.0
401426554,2022,3,regular,2022-09-17T23:00:00.000Z,Georgia State,Sun Belt,41.0,Charlotte,Conference USA,42.0,"[{'provider': 'Bovada', 'spread': -19.5, 'formatted_spread': 'Georgia State -19.5', 'spread_open': -19.5, 'over_under': 64.0, 'over_under_open': 60.5, 'home_moneyline': -1500.0, 'away_moneyline': 775.0}]",-19.5
401426555,2022,3,regular,2022-09-17T23:30:00.000Z,Florida Atlantic,Conference USA,14.0,UCF,American Athletic,40.0,"[{'provider': 'Bovada', 'spread': 7.5, 'formatted_spread': 'UCF -7.5', 'spread_open': 9.5, 'over_under': 61.5, 'over_under_open': 58.5, 'home_moneyline': 240.0, 'away_moneyline': -290.0}]",7.5
401426556,2022,3,regular,2022-09-18T00:00:00.000Z,Clemson,ACC,48.0,Louisiana Tech,Conference USA,20.0,"[{'provider': 'Bovada', 'spread': -33.5, 'formatted_spread': 'Clemson -33.5', 'spread_open': -32.0, 'over_under': 54.0, 'over_under_open': 54.5, 'home_moneyline': None, 'away_moneyline': None}]",-33.5
401426558,2022,3,regular,2022-09-17T19:00:00.000Z,UNLV,Mountain West,58.0,North Texas,Conference USA,27.0,"[{'provider': 'Bovada', 'spread': -2.5, 'formatted_spread': 'UNLV -2.5', 'spread_open': -2.5, 'over_under': 62.5, 'over_under_open': 57.5, 'home_moneyline': -135.0, 'away_moneyline': 115.0}]",-2.5
401426559,2022,3,regular,2022-09-17T23:30:00.000Z,Rice,Conference USA,33.0,Louisiana,Sun Belt,21.0,"[{'provider': 'Bovada', 'spread': 11.5, 'formatted_spread': 'Louisiana -11.5', 'spread_open': 11.5, 'over_under': 52.0, 'over_under_open': 53.0, 'home_moneyline': 315.0, 'away_moneyline': -420.0}]",11.5
401426560,2022,3,regular,2022-09-17T19:30:00.000Z,UAB,Conference USA,35.0,Georgia Southern,Sun Belt,21.0,"[{'provider': 'Bovada', 'spread': -11.5, 'formatted_spread': 'UAB -11.5', 'spread_open': -12.0, 'over_under': 59.5, 'over_under_open': 56.0, 'home_moneyline': -440.0, 'away_moneyline': 330.0}]",-11.5
401426604,2022,11,regular,2022-11-13T00:00:00.000Z,Florida International,Conference USA,7.0,Florida Atlantic,Conference USA,52.0,"[{'provider': 'Bovada', 'spread': 15.0, 'formatted_spread': 'Florida Atlantic -15.0', 'spread_open': 15.0, 'over_under': 54.5, 'over_under_open': 54.0, 'home_moneyline': 500.0, 'away_moneyline': -750.0}]",15.0
401426365,2022,10,regular,2022-11-05T20:00:00.000Z,Georgia Southern,Sun Belt,31.0,South Alabama,Sun Belt,38.0,"[{'provider': 'Bovada', 'spread': 3.5, 'formatted_spread': 'South Alabama -3.5', 'spread_open': 5.0, 'over_under': 60.5, 'over_under_open': 60.0, 'home_moneyline': 170.0, 'away_moneyline': -200.0}]",3.5
401426366,2022,10,regular,2022-11-05T18:00:00.000Z,Old Dominion,Sun Belt,0.0,Marshall,Sun Belt,12.0,"[{'provider': 'Bovada', 'spread': 3.5, 'formatted_spread': 'Marshall -3.5', 'spread_open': 2.5, 'over_under': 46.5, 'over_under_open': 46.0, 'home_moneyline': 115.0, 'away_moneyline': -135.0}]",3.5
401426367,2022,10,regular,2022-11-05T21:00:00.000Z,Louisiana,Sun Belt,17.0,Troy,Sun Belt,23.0,"[{'provider': 'Bovada', 'spread': 3.5, 'formatted_spread': 'Troy -3.5', 'spread_open': 4.0, 'over_under': 42.5, 'over_under_open': 43.0, 'home_moneyline': 155.0, 'away_moneyline': -180.0}]",3.5
401426368,2022,10,regular,2022-11-05T21:00:00.000Z,Louisiana Monroe,Sun Belt,31.0,Texas State,Sun Belt,30.0,"[{'provider': 'Bovada', 'spread': -2.5, 'formatted_spread': 'Louisiana Monroe -2.5', 'spread_open': 0.0, 'over_under': 52.5, 'over_under_open': 52.0, 'home_moneyline': None, 'away_moneyline': -120.0}]",-2.5
401426369,2022,10,regular,2022-11-05T19:00:00.000Z,Southern Mississippi,Sun Belt,14.0,Georgia State,Sun Belt,42.0,"[{'provider': 'Bovada', 'spread': -2.5, 'formatted_spread': 'Southern Mississippi -2.5', 'spread_open': -2.5, 'over_under': 48.0, 'over_under_open': 50.5, 'home_moneyline': -135.0, 'away_moneyline': 115.0}]",-2.5
401403914,2022,6,regular,2022-10-08T16:00:00.000Z,Mississippi State,SEC,40.0,Arkansas,SEC,17.0,"[{'provider': 'Bovada', 'spread': -8.5, 'formatted_spread': 'Mississippi State -8.5', 'spread_open': -6.0, 'over_under': 55.5, 'over_under_open': 62.0, 'home_moneyline': -320.0, 'away_moneyline': 260.0}]",-8.5
401411114,2022,3,regular,2022-09-17T15:00:00.000Z,Virginia Tech,ACC,27.0,Wofford,Southern,7.0,"[{'provider': 'Bovada', 'spread': -39.0, 'formatted_spread': 'Virginia Tech -39.0', 'spread_open': -37.0, 'over_under': 45.0, 'over_under_open': 45.0, 'home_moneyline': None, 'away_moneyline': None}]",-39.0
401411163,2022,11,regular,2022-11-12T17:00:00.000Z,Virginia,ACC,7.0,Pittsburgh,ACC,37.0,"[{'provider': 'Bovada', 'spread': 5.5, 'formatted_spread': 'Pittsburgh -5.5', 'spread_open': 4.5, 'over_under': 41.5, 'over_under_open': 41.5, 'home_moneyline': 170.0, 'away_moneyline': -200.0}]",5.5
401416645,2022,12,regular,2022-11-17T01:00:00.000Z,Central Michigan,Mid-American,10.0,Western Michigan,Mid-American,12.0,"[{'provider': 'Bovada', 'spread': -10.0, 'formatted_spread': 'Central Michigan -10.0', 'spread_open': -9.5, 'over_under': 49.0, 'over_under_open': 50.0, 'home_moneyline': -380.0, 'away_moneyline': 290.0}]",-10.0
401413335,2022,3,regular,2022-09-17T17:00:00.000Z,Indiana State,MVFC,14.0,Montana,Big Sky,49.0,"[{'provider': 'Bovada', 'spread': 25.0, 'formatted_spread': 'Montana -25.0', 'spread_open': 25.0, 'over_under': 39.0, 'over_under_open': 39.0, 'home_moneyline': None, 'away_moneyline': None}]",25.0
401423413,2022,3,regular,2022-09-17T17:00:00.000Z,Stetson,Pioneer,14.0,Princeton,Ivy,39.0,"[{'provider': 'Bovada', 'spread': 33.5, 'formatted_spread': 'Princeton -33.5', 'spread_open': 33.5, 'over_under': 56.0, 'over_under_open': 56.0, 'home_moneyline': None, 'away_moneyline': None}]",33.5
401424404,2022,3,regular,2022-09-17T17:00:00.000Z,Monmouth,CAA,45.0,Georgetown,Patriot,6.0,"[{'provider': 'Bovada', 'spread': -17.5, 'formatted_spread': 'Monmouth -17.5', 'spread_open': -17.5, 'over_under': 55.0, 'over_under_open': 55.0, 'home_moneyline': None, 'away_moneyline': None}]",-17.5
401424424,2022,3,regular,2022-09-17T17:00:00.000Z,Rhode Island,CAA,21.0,Delaware,CAA,42.0,"[{'provider': 'Bovada', 'spread': -3.0, 'formatted_spread': 'Rhode Island -3.0', 'spread_open': -3.0, 'over_under': 44.0, 'over_under_open': 43.0, 'home_moneyline': None, 'away_moneyline': None}]",-3.0
401424425,2022,3,regular,2022-09-17T17:00:00.000Z,Fordham,Patriot,48.0,Albany,CAA,45.0,"[{'provider': 'Bovada', 'spread': -7.5, 'formatted_spread': 'Fordham -7.5', 'spread_open': -7.5, 'over_under': 61.0, 'over_under_open': 61.0, 'home_moneyline': None, 'away_moneyline': None}]",-7.5
401415404,2022,3,regular,2022-09-17T17:30:00.000Z,VMI,Southern,22.0,Cornell,Ivy,28.0,"[{'provider': 'Bovada', 'spread': -14.5, 'formatted_spread': 'VMI -14.5', 'spread_open': -15.0, 'over_under': 54.5, 'over_under_open': 54.5, 'home_moneyline': None, 'away_moneyline': None}]",-14.5
401404131,2022,11,regular,2022-11-12T17:00:00.000Z,Navy,American Athletic,32.0,Notre Dame,FBS Independents,35.0,"[{'provider': 'Bovada', 'spread': 17.0, 'formatted_spread': 'Notre Dame -17.0', 'spread_open': 17.0, 'over_under': 40.5, 'over_under_open': 42.5, 'home_moneyline': 575.0, 'away_moneyline': -900.0}]",17.0
401403853,2022,1,regular,2022-08-28T02:30:00.000Z,Hawai'i,Mountain West,10.0,Vanderbilt,SEC,63.0,"[{'provider': 'Bovada', 'spread': 9.5, 'formatted_spread': 'Vanderbilt -9.5', 'spread_open': 4.5, 'over_under': 54.5, 'over_under_open': 55.0, 'home_moneyline': 250.0, 'away_moneyline': -300.0}]",9.5
401404146,2022,1,regular,2022-08-27T20:00:00.000Z,Utah State,Mountain West,31.0,Connecticut,FBS Independents,20.0,"[{'provider': 'Bovada', 'spread': -23.0, 'formatted_spread': 'Utah State -23.0', 'spread_open': -25.0, 'over_under': 59.0, 'over_under_open': 60.5, 'home_moneyline': None, 'away_moneyline': None}]",-23.0
401405058,2022,1,regular,2022-08-27T20:00:00.000Z,Illinois,Big Ten,38.0,Wyoming,Mountain West,6.0,"[{'provider': 'Bovada', 'spread': -14.0, 'formatted_spread': 'Illinois -14.0', 'spread_open': -9.5, 'over_under': 43.0, 'over_under_open': 46.5, 'home_moneyline': -400.0, 'away_moneyline': 300.0}]",-14.0
401404046,2022,13,regular,2022-11-25T21:30:00.000Z,California,Pac-12,28.0,UCLA,Pac-12,35.0,"[{'provider': 'Bovada', 'spread': 11.5, 'formatted_spread': 'UCLA -11.5', 'spread_open': 10.5, 'over_under': 63.0, 'over_under_open': 61.0, 'home_moneyline': 280.0, 'away_moneyline': -360.0}]",11.5
401403958,2022,13,regular,2022-11-26T00:30:00.000Z,Florida State,ACC,45.0,Florida,SEC,38.0,"[{'provider': 'Bovada', 'spread': -10.0, 'formatted_spread': 'Florida State -10.0', 'spread_open': -10.0, 'over_under': 58.0, 'over_under_open': 58.5, 'home_moneyline': -360.0, 'away_moneyline': 280.0}]",-10.0
401437036,2022,14,regular,2022-12-03T21:00:00.000Z,Georgia,SEC,50.0,LSU,SEC,30.0,"[{'provider': 'Bovada', 'spread': -17.0, 'formatted_spread': 'Georgia -17.0', 'spread_open': -15.0, 'over_under': 52.0, 'over_under_open': 50.5, 'home_moneyline': -900.0, 'away_moneyline': 575.0}]",-17.0
401437009,2022,14,regular,2022-12-04T01:00:00.000Z,North Carolina,ACC,10.0,Clemson,ACC,39.0,"[{'provider': 'Bovada', 'spread': 7.0, 'formatted_spread': 'Clemson -7.0', 'spread_open': 7.5, 'over_under': 64.0, 'over_under_open': 62.0, 'home_moneyline': 255.0, 'away_moneyline': -310.0}]",7.0
401405059,2022,1,regular,2022-08-27T16:30:00.000Z,Northwestern,Big Ten,31.0,Nebraska,Big Ten,28.0,"[{'provider': 'Bovada', 'spread': 13.0, 'formatted_spread': 'Nebraska -13', 'spread_open': 10.0, 'over_under': 52.0, 'over_under_open': 52.0, 'home_moneyline': -450.0, 'away_moneyline': 335.0}]",13.0
401415186,2022,3,regular,2022-09-17T16:30:00.000Z,Brown,Ivy,44.0,Bryant,Big South,38.0,"[{'provider': 'Bovada', 'spread': 3.5, 'formatted_spread': 'Bryant -3.5', 'spread_open': 3.0, 'over_under': 68.0, 'over_under_open': 68.0, 'home_moneyline': None, 'away_moneyline': None}]",3.5
401418603,2022,3,regular,2022-09-17T17:30:00.000Z,Dartmouth,Ivy,35.0,Valparaiso,Pioneer,13.0,"[{'provider': 'Bovada', 'spread': -32.5, 'formatted_spread': 'Dartmouth -32.5', 'spread_open': -32.5, 'over_under': 48.5, 'over_under_open': 49.5, 'home_moneyline': None, 'away_moneyline': None}]",-32.5
401420779,2022,3,regular,2022-09-17T16:00:00.000Z,Morgan State,MEAC,24.0,Sacred Heart,NEC,9.0,"[{'provider': 'Bovada', 'spread': 15.0, 'formatted_spread': 'Sacred Heart -15.0', 'spread_open': 15.0, 'over_under': 32.5, 'over_under_open': 32.5, 'home_moneyline': None, 'away_moneyline': None}]",15.0
401415264,2022,12,regular,2022-11-19T02:45:00.000Z,New Mexico,Mountain West,10.0,San Diego State,Mountain West,34.0,"[{'provider': 'Bovada', 'spread': 14.5, 'formatted_spread': 'San Diego State -14.5', 'spread_open': 14.5, 'over_under': 36.0, 'over_under_open': 39.5, 'home_moneyline': 430.0, 'away_moneyline': -625.0}]",14.5
401413213,2022,1,regular,2022-08-27T19:30:00.000Z,Jacksonville State,Atlantic Sun,42.0,Stephen F. Austin,Western Athletic,17.0,"[{'provider': 'Bovada', 'spread': 8.0, 'formatted_spread': 'Stephen F. Austin -8.0', 'spread_open': 6.5, 'over_under': 55.0, 'over_under_open': 51.0, 'home_moneyline': None, 'away_moneyline': None}]",8.0
401422922,2022,1,regular,2022-08-27T23:00:00.000Z,Mercer,Southern,63.0,Morehead State,Pioneer,13.0,"[{'provider': 'Bovada', 'spread': -27.5, 'formatted_spread': 'Mercer -27.5', 'spread_open': -28.5, 'over_under': 58.0, 'over_under_open': 60.5, 'home_moneyline': None, 'away_moneyline': None}]",-27.5
401423448,2022,1,regular,2022-08-27T23:00:00.000Z,Alabama State,SWAC,23.0,Howard,MEAC,13.0,"[{'provider': 'Bovada', 'spread': -2.0, 'formatted_spread': 'Alabama State -2.0', 'spread_open': -2.5, 'over_under': 54.0, 'over_under_open': 53.5, 'home_moneyline': None, 'away_moneyline': None}]",-2.0
401409235,2022,1,regular,2022-08-28T02:00:00.000Z,New Mexico State,FBS Independents,12.0,Nevada,Mountain West,23.0,"[{'provider': 'Bovada', 'spread': 7.5, 'formatted_spread': 'Nevada -7.5', 'spread_open': 14.0, 'over_under': 48.0, 'over_under_open': 55.5, 'home_moneyline': 270.0, 'away_moneyline': -340.0}]",7.5
401426530,2022,1,regular,2022-08-27T23:00:00.000Z,Florida Atlantic,Conference USA,43.0,Charlotte,Conference USA,13.0,"[{'provider': 'Bovada', 'spread': -7.0, 'formatted_spread': 'Florida Atlantic -7.0', 'spread_open': -5.5, 'over_under': 60.0, 'over_under_open': 57.5, 'home_moneyline': -300.0, 'away_moneyline': 250.0}]",-7.0
401426531,2022,1,regular,2022-08-28T01:00:00.000Z,UTEP,Conference USA,13.0,North Texas,Conference USA,31.0,"[{'provider': 'Bovada', 'spread': 1.5, 'formatted_spread': 'North Texas -1.5', 'spread_open': 3.0, 'over_under': 54.0, 'over_under_open': 57.0, 'home_moneyline': 105.0, 'away_moneyline': -125.0}]",1.5
401404109,2022,11,regular,2022-11-13T00:00:00.000Z,Baylor,Big 12,3.0,Kansas State,Big 12,31.0,"[{'provider': 'Bovada', 'spread': -2.5, 'formatted_spread': 'Baylor -2.5', 'spread_open': -3.5, 'over_under': 52.5, 'over_under_open': 53.5, 'home_moneyline': -140.0, 'away_moneyline': 120.0}]",-2.5
401404110,2022,11,regular,2022-11-12T20:30:00.000Z,Oklahoma State,Big 12,20.0,Iowa State,Big 12,14.0,"[{'provider': 'Bovada', 'spread': 3.0, 'formatted_spread': 'Iowa State -3.0', 'spread_open': 2.5, 'over_under': 47.5, 'over_under_open': 47.5, 'home_moneyline': 115.0, 'away_moneyline': -135.0}]",3.0
401404112,2022,11,regular,2022-11-12T17:00:00.000Z,West Virginia,Big 12,23.0,Oklahoma,Big 12,20.0,"[{'provider': 'Bovada', 'spread': 8.5, 'formatted_spread': 'Oklahoma -8.5', 'spread_open': 8.0, 'over_under': 68.5, 'over_under_open': 66.0, 'home_moneyline': 255.0, 'away_moneyline': None}]",8.5
401404113,2022,11,regular,2022-11-13T00:30:00.000Z,Texas,Big 12,10.0,TCU,Big 12,17.0,"[{'provider': 'Bovada', 'spread': -7.5, 'formatted_spread': 'Texas -7.5', 'spread_open': -7.0, 'over_under': 65.5, 'over_under_open': 65.5, 'home_moneyline': -290.0, 'away_moneyline': 240.0}]",-7.5
401405093,2022,4,regular,2022-09-24T23:30:00.000Z,Northwestern,Big Ten,14.0,Miami (OH),Mid-American,17.0,"[{'provider': 'Bovada', 'spread': -7.5, 'formatted_spread': 'Northwestern -7.5', 'spread_open': -6.5, 'over_under': 50.0, 'over_under_open': 50.5, 'home_moneyline': -260.0, 'away_moneyline': 215.0}]",-7.5
401405095,2022,4,regular,2022-09-24T23:30:00.000Z,Ohio State,Big Ten,52.0,Wisconsin,Big Ten,21.0,"[{'provider': 'Bovada', 'spread': -19.0, 'formatted_spread': 'Ohio State -19.0', 'spread_open': -18.0, 'over_under': 57.0, 'over_under_open': 57.0, 'home_moneyline': -1200.0, 'away_moneyline': 700.0}]",-19.0
401415254,2022,10,regular,2022-11-05T23:00:00.000Z,San Diego State,Mountain West,14.0,UNLV,Mountain West,10.0,"[{'provider': 'Bovada', 'spread': -5.0, 'formatted_spread': 'San Diego State -5.0', 'spread_open': -6.5, 'over_under': 47.0, 'over_under_open': 48.0, 'home_moneyline': -250.0, 'away_moneyline': 210.0}]",-5.0
401415648,2022,10,regular,2022-11-05T18:00:00.000Z,Temple,American Athletic,54.0,South Florida,American Athletic,28.0,"[{'provider': 'Bovada', 'spread': 3.5, 'formatted_spread': 'South Florida -3.5', 'spread_open': 3.5, 'over_under': 49.0, 'over_under_open': 51.5, 'home_moneyline': 150.0, 'away_moneyline': -175.0}]",3.5
401415649,2022,10,regular,2022-11-05T16:00:00.000Z,Tulsa,American Athletic,13.0,Tulane,American Athletic,27.0,"[{'provider': 'Bovada', 'spread': 6.5, 'formatted_spread': 'Tulane -6.5', 'spread_open': 8.5, 'over_under': 55.5, 'over_under_open': 58.5, 'home_moneyline': 250.0, 'away_moneyline': -300.0}]",6.5
401404024,2022,9,regular,2022-10-29T19:30:00.000Z,California,Pac-12,24.0,Oregon,Pac-12,42.0,"[{'provider': 'Bovada', 'spread': 17.0, 'formatted_spread': 'Oregon -17.0', 'spread_open': 15.0, 'over_under': 56.5, 'over_under_open': 57.0, 'home_moneyline': 525.0, 'away_moneyline': -800.0}]",17.0
401403899,2022,4,regular,2022-09-24T16:00:00.000Z,Mississippi State,SEC,45.0,Bowling Green,Mid-American,14.0,"[{'provider': 'Bovada', 'spread': -31.0, 'formatted_spread': 'Mississippi State -31.0', 'spread_open': -29.0, 'over_under': 53.0, 'over_under_open': 56.5, 'home_moneyline': None, 'away_moneyline': None}]",-31.0
401403901,2022,4,regular,2022-09-24T19:30:00.000Z,Tennessee,SEC,38.0,Florida,SEC,33.0,"[{'provider': 'Bovada', 'spread': -11.5, 'formatted_spread': 'Tennessee -11.5', 'spread_open': -9.5, 'over_under': 62.0, 'over_under_open': 63.5, 'home_moneyline': -400.0, 'away_moneyline': 300.0}]",-11.5
401403996,2022,4,regular,2022-09-24T21:30:00.000Z,California,Pac-12,49.0,Arizona,Pac-12,31.0,"[{'provider': 'Bovada', 'spread': -3.5, 'formatted_spread': 'California -3.5', 'spread_open': -4.0, 'over_under': 50.5, 'over_under_open': 48.0, 'home_moneyline': -160.0, 'away_moneyline': 135.0}]",-3.5
401403997,2022,4,regular,2022-09-25T02:30:00.000Z,Arizona State,Pac-12,13.0,Utah,Pac-12,34.0,"[{'provider': 'Bovada', 'spread': 17.0, 'formatted_spread': 'Utah -17.0', 'spread_open': 16.0, 'over_under': 53.5, 'over_under_open': 52.0, 'home_moneyline': 430.0, 'away_moneyline': -625.0}]",17.0
401403998,2022,4,regular,2022-09-24T18:00:00.000Z,Colorado,Pac-12,17.0,UCLA,Pac-12,45.0,"[{'provider': 'Bovada', 'spread': 22.5, 'formatted_spread': 'UCLA -22.5', 'spread_open': 21.0, 'over_under': 57.0, 'over_under_open': 58.0, 'home_moneyline': 800.0, 'away_moneyline': -1600.0}]",22.5
401403999,2022,4,regular,2022-09-24T20:00:00.000Z,Washington State,Pac-12,41.0,Oregon,Pac-12,44.0,"[{'provider': 'Bovada', 'spread': 6.5, 'formatted_spread': 'Oregon -6.5', 'spread_open': 6.0, 'over_under': 57.0, 'over_under_open': 53.5, 'home_moneyline': 195.0, 'away_moneyline': -235.0}]",6.5
401404000,2022,4,regular,2022-09-25T01:30:00.000Z,Oregon State,Pac-12,14.0,USC,Pac-12,17.0,"[{'provider': 'Bovada', 'spread': 6.0, 'formatted_spread': 'USC -6.0', 'spread_open': 7.0, 'over_under': 70.0, 'over_under_open': 68.0, 'home_moneyline': 220.0, 'away_moneyline': -270.0}]",6.0
401404001,2022,4,regular,2022-09-25T02:30:00.000Z,Washington,Pac-12,40.0,Stanford,Pac-12,22.0,"[{'provider': 'Bovada', 'spread': -14.0, 'formatted_spread': 'Washington -14.0', 'spread_open': -11.5, 'over_under': 62.0, 'over_under_open': 61.0, 'home_moneyline': -550.0, 'away_moneyline': 390.0}]",-14.0
401405096,2022,4,regular,2022-09-24T19:30:00.000Z,Cincinnati,American Athletic,45.0,Indiana,Big Ten,24.0,"[{'provider': 'Bovada', 'spread': -16.5, 'formatted_spread': 'Cincinnati -16.5', 'spread_open': -14.0, 'over_under': 57.0, 'over_under_open': 54.5, 'home_moneyline': -800.0, 'away_moneyline': 525.0}]",-16.5
401405097,2022,4,regular,2022-09-24T16:00:00.000Z,Michigan,Big Ten,34.0,Maryland,Big Ten,27.0,"[{'provider': 'Bovada', 'spread': -17.0, 'formatted_spread': 'Michigan -17.0', 'spread_open': -17.5, 'over_under': 66.0, 'over_under_open': 62.5, 'home_moneyline': -850.0, 'away_moneyline': 550.0}]",-17.0
401405098,2022,4,regular,2022-09-24T16:00:00.000Z,Penn State,Big Ten,33.0,Central Michigan,Mid-American,14.0,"[{'provider': 'Bovada', 'spread': -28.0, 'formatted_spread': 'Penn State -28.0', 'spread_open': -26.0, 'over_under': 61.5, 'over_under_open': 61.0, 'home_moneyline': -5000.0, 'away_moneyline': 1300.0}]",-28.0
401409237,2022,4,regular,2022-09-25T00:00:00.000Z,New Mexico State,FBS Independents,45.0,Hawai'i,Mountain West,26.0,"[{'provider': 'Bovada', 'spread': -4.5, 'formatted_spread': 'New Mexico State -4.5', 'spread_open': -2.0, 'over_under': 53.0, 'over_under_open': 55.0, 'home_moneyline': -200.0, 'away_moneyline': 170.0}]",-4.5
401411118,2022,4,regular,2022-09-25T00:00:00.000Z,Florida State,ACC,44.0,Boston College,ACC,14.0,"[{'provider': 'Bovada', 'spread': -18.5, 'formatted_spread': 'Florida State -18.5', 'spread_open': -16.5, 'over_under': 49.0, 'over_under_open': 48.5, 'home_moneyline': -1100.0, 'away_moneyline': 650.0}]",-18.5
401426334,2022,4,regular,2022-09-22T23:30:00.000Z,Georgia State,Sun Belt,24.0,Coastal Carolina,Sun Belt,41.0,"[{'provider': 'Bovada', 'spread': 2.5, 'formatted_spread': 'Coastal Carolina -2.5', 'spread_open': 1.5, 'over_under': 63.5, 'over_under_open': 64.0, 'home_moneyline': 110.0, 'away_moneyline': -130.0}]",2.5
401413256,2022,1,regular,2022-08-27T19:30:00.000Z,UNLV,Mountain West,52.0,Idaho State,Big Sky,21.0,"[{'provider': 'Bovada', 'spread': -23.0, 'formatted_spread': 'UNLV -23.0', 'spread_open': -23.5, 'over_under': 50.0, 'over_under_open': 52.5, 'home_moneyline': None, 'away_moneyline': None}]",-23.0
401426532,2022,1,regular,2022-08-27T16:00:00.000Z,Western Kentucky,Conference USA,38.0,Austin Peay,Atlantic Sun,27.0,"[{'provider': 'Bovada', 'spread': -32.5, 'formatted_spread': 'Western Kentucky -32.5', 'spread_open': -27.5, 'over_under': 73.0, 'over_under_open': 64.5, 'home_moneyline': None, 'away_moneyline': None}]",-32.5
401403931,2022,9,regular,2022-10-29T23:30:00.000Z,Texas A&M,SEC,28.0,Ole Miss,SEC,31.0,"[{'provider': 'Bovada', 'spread': 3.0, 'formatted_spread': 'Ole Miss -3.0', 'spread_open': 3.0, 'over_under': 55.0, 'over_under_open': 53.5, 'home_moneyline': 130.0, 'away_moneyline': None}]",3.0
401404022,2022,9,regular,2022-10-29T23:00:00.000Z,Arizona,Pac-12,37.0,USC,Pac-12,45.0,"[{'provider': 'Bovada', 'spread': 14.5, 'formatted_spread': 'USC -14.5', 'spread_open': 15.5, 'over_under': 73.5, 'over_under_open': 77.5, 'home_moneyline': 500.0, 'away_moneyline': -750.0}]",14.5
401404023,2022,9,regular,2022-10-29T23:30:00.000Z,Colorado,Pac-12,34.0,Arizona State,Pac-12,42.0,"[{'provider': 'Bovada', 'spread': 13.0, 'formatted_spread': 'Arizona State -13.0', 'spread_open': 13.0, 'over_under': 48.5, 'over_under_open': 46.5, 'home_moneyline': 375.0, 'away_moneyline': -525.0}]",13.0
401411153,2022,10,regular,2022-11-05T23:30:00.000Z,Miami,ACC,3.0,Florida State,ACC,45.0,"[{'provider': 'Bovada', 'spread': 6.5, 'formatted_spread': 'Florida State -6.5', 'spread_open': 8.5, 'over_under': 54.0, 'over_under_open': 53.0, 'home_moneyline': 190.0, 'away_moneyline': -230.0}]",6.5
401403910,2022,6,regular,2022-10-08T16:00:00.000Z,Florida,SEC,24.0,Missouri,SEC,17.0,"[{'provider': 'Bovada', 'spread': -11.0, 'formatted_spread': 'Florida -11.0', 'spread_open': -10.0, 'over_under': 53.5, 'over_under_open': 54.0, 'home_moneyline': -435.0, 'away_moneyline': 325.0}]",-11.0
401403911,2022,6,regular,2022-10-08T19:30:00.000Z,Georgia,SEC,42.0,Auburn,SEC,10.0,"[{'provider': 'Bovada', 'spread': -27.5, 'formatted_spread': 'Georgia -27.5', 'spread_open': -28.5, 'over_under': 49.5, 'over_under_open': 49.0, 'home_moneyline': None, 'away_moneyline': None}]",-27.5
401403912,2022,6,regular,2022-10-08T23:30:00.000Z,Kentucky,SEC,14.0,South Carolina,SEC,24.0,"[{'provider': 'Bovada', 'spread': -4.5, 'formatted_spread': 'Kentucky -4.5', 'spread_open': -10.5, 'over_under': 44.0, 'over_under_open': 48.5, 'home_moneyline': -195.0, 'away_moneyline': 165.0}]",-4.5
401403913,2022,6,regular,2022-10-08T16:00:00.000Z,LSU,SEC,13.0,Tennessee,SEC,40.0,"[{'provider': 'Bovada', 'spread': 2.5, 'formatted_spread': 'Tennessee -2.5', 'spread_open': 3.0, 'over_under': 63.0, 'over_under_open': 62.0, 'home_moneyline': 130.0, 'away_moneyline': -150.0}]",2.5
401403915,2022,6,regular,2022-10-08T20:00:00.000Z,Vanderbilt,SEC,28.0,Ole Miss,SEC,52.0,"[{'provider': 'Bovada', 'spread': 17.0, 'formatted_spread': 'Ole Miss -17.0', 'spread_open': 18.5, 'over_under': 60.0, 'over_under_open': 60.0, 'home_moneyline': 700.0, 'away_moneyline': -1200.0}]",17.0
401404008,2022,6,regular,2022-10-09T01:00:00.000Z,Arizona,Pac-12,22.0,Oregon,Pac-12,49.0,"[{'provider': 'Bovada', 'spread': 13.5, 'formatted_spread': 'Oregon -13.5', 'spread_open': 11.0, 'over_under': 73.0, 'over_under_open': 69.5, 'home_moneyline': 375.0, 'away_moneyline': -525.0}]",13.5
401404009,2022,6,regular,2022-10-08T20:00:00.000Z,Arizona State,Pac-12,45.0,Washington,Pac-12,38.0,"[{'provider': 'Bovada', 'spread': 13.5, 'formatted_spread': 'Washington -13.5', 'spread_open': 13.0, 'over_under': 55.5, 'over_under_open': 55.5, 'home_moneyline': 390.0, 'away_moneyline': -550.0}]",13.5
401404010,2022,6,regular,2022-10-09T03:00:00.000Z,Stanford,Pac-12,27.0,Oregon State,Pac-12,28.0,"[{'provider': 'Bovada', 'spread': 4.0, 'formatted_spread': 'Oregon State -4.0', 'spread_open': 7.0, 'over_under': 53.0, 'over_under_open': 58.5, 'home_moneyline': 170.0, 'away_moneyline': -200.0}]",4.0
401404016,2022,7,regular,2022-10-15T23:30:00.000Z,Notre Dame,FBS Independents,14.0,Stanford,Pac-12,16.0,"[{'provider': 'Bovada', 'spread': -16.5, 'formatted_spread': 'Notre Dame -16.5', 'spread_open': -15.0, 'over_under': 53.0, 'over_under_open': 52.5, 'home_moneyline': -750.0, 'away_moneyline': 500.0}]",-16.5
401404017,2022,7,regular,2022-10-16T00:00:00.000Z,Utah,Pac-12,43.0,USC,Pac-12,42.0,"[{'provider': 'Bovada', 'spread': -3.5, 'formatted_spread': 'Utah -3.5', 'spread_open': -3.5, 'over_under': 65.0, 'over_under_open': 60.5, 'home_moneyline': -170.0, 'away_moneyline': 145.0}]",-3.5
401404093,2022,7,regular,2022-10-15T16:00:00.000Z,Texas,Big 12,24.0,Iowa State,Big 12,21.0,"[{'provider': 'Bovada', 'spread': -15.5, 'formatted_spread': 'Texas -15.5', 'spread_open': -14.5, 'over_under': 48.5, 'over_under_open': 50.0, 'home_moneyline': -850.0, 'away_moneyline': 550.0}]",-15.5
401404094,2022,7,regular,2022-10-15T16:00:00.000Z,Oklahoma,Big 12,52.0,Kansas,Big 12,42.0,"[{'provider': 'Bovada', 'spread': -10.5, 'formatted_spread': 'Oklahoma -10.5', 'spread_open': -7.0, 'over_under': 66.5, 'over_under_open': 64.0, 'home_moneyline': -350.0, 'away_moneyline': 275.0}]",-10.5
401403867,2022,1,regular,2022-09-04T23:30:00.000Z,Florida State,ACC,24.0,LSU,SEC,23.0,"[{'provider': 'Bovada', 'spread': 4.5, 'formatted_spread': 'LSU -4.5', 'spread_open': 3.0, 'over_under': 51.0, 'over_under_open': 51.5, 'home_moneyline': -165.0, 'away_moneyline': 140.0}]",4.5
401404059,2022,1,regular,2022-09-04T00:00:00.000Z,Texas,Big 12,52.0,Louisiana Monroe,Sun Belt,10.0,"[{'provider': 'Bovada', 'spread': -37.5, 'formatted_spread': 'Texas -37.5', 'spread_open': -38.0, 'over_under': 64.0, 'over_under_open': 67.0, 'home_moneyline': None, 'away_moneyline': None}]",-37.5
401415613,2022,2,regular,2022-09-09T23:30:00.000Z,UCF,American Athletic,14.0,Louisville,ACC,20.0,"[{'provider': 'Bovada', 'spread': -6.0, 'formatted_spread': 'UCF -6.0', 'spread_open': -6.0, 'over_under': 63.0, 'over_under_open': 61.5, 'home_moneyline': -210.0, 'away_moneyline': 175.0}]",-6.0
401426544,2022,2,regular,2022-09-10T23:00:00.000Z,Texas State,Sun Belt,41.0,Florida International,Conference USA,12.0,"[{'provider': 'Bovada', 'spread': -14.0, 'formatted_spread': 'Texas State -14.0', 'spread_open': -10.0, 'over_under': 62.0, 'over_under_open': 55.0, 'home_moneyline': -575.0, 'away_moneyline': 400.0}]",-14.0
401403868,2022,2,regular,2022-09-10T16:00:00.000Z,Texas,Big 12,19.0,Alabama,SEC,20.0,"[{'provider': 'Bovada', 'spread': 21.5, 'formatted_spread': 'Alabama -21.5', 'spread_open': 19.5, 'over_under': 64.5, 'over_under_open': 61.5, 'home_moneyline': 775.0, 'away_moneyline': -1500.0}]",21.5
401404078,2022,4,regular,2022-09-24T16:00:00.000Z,SMU,American Athletic,34.0,TCU,Big 12,42.0,"[{'provider': 'Bovada', 'spread': 2.5, 'formatted_spread': 'TCU -2.5', 'spread_open': 0.0, 'over_under': 72.0, 'over_under_open': 68.5, 'home_moneyline': -120.0, 'away_moneyline': None}]",2.5
401403918,2022,7,regular,2022-10-15T19:30:00.000Z,Georgia,SEC,55.0,Vanderbilt,SEC,0.0,"[{'provider': 'Bovada', 'spread': -37.5, 'formatted_spread': 'Georgia -37.5', 'spread_open': -38.0, 'over_under': 56.5, 'over_under_open': 57.0, 'home_moneyline': None, 'away_moneyline': None}]",-37.5
401403919,2022,7,regular,2022-10-15T23:30:00.000Z,Kentucky,SEC,27.0,Mississippi State,SEC,17.0,"[{'provider': 'Bovada', 'spread': 3.5, 'formatted_spread': 'Mississippi State -3.5', 'spread_open': 6.0, 'over_under': 50.5, 'over_under_open': 47.0, 'home_moneyline': 155.0, 'away_moneyline': -180.0}]",3.5
401415657,2022,11,regular,2022-11-12T20:30:00.000Z,Tulane,American Athletic,31.0,UCF,American Athletic,38.0,"[{'provider': 'Bovada', 'spread': -1.0, 'formatted_spread': 'Tulane -1.0', 'spread_open': -2.0, 'over_under': 54.5, 'over_under_open': 51.5, 'home_moneyline': -125.0, 'away_moneyline': 105.0}]",-1.0
401426371,2022,11,regular,2022-11-13T00:30:00.000Z,Coastal Carolina,Sun Belt,26.0,Southern Mississippi,Sun Belt,23.0,"[{'provider': 'Bovada', 'spread': -5.0, 'formatted_spread': 'Coastal Carolina -5.0', 'spread_open': -11.5, 'over_under': 48.0, 'over_under_open': 54.5, 'home_moneyline': -220.0, 'away_moneyline': 180.0}]",-5.0
401426372,2022,11,regular,2022-11-12T18:00:00.000Z,Georgia State,Sun Belt,28.0,Louisiana Monroe,Sun Belt,31.0,"[{'provider': 'Bovada', 'spread': -13.5, 'formatted_spread': 'Georgia State -13.5', 'spread_open': -13.5, 'over_under': 60.0, 'over_under_open': 59.0, 'home_moneyline': -550.0, 'away_moneyline': 390.0}]",-13.5
401426373,2022,11,regular,2022-11-12T20:30:00.000Z,Marshall,Sun Belt,28.0,Appalachian State,Sun Belt,21.0,"[{'provider': 'Bovada', 'spread': 2.0, 'formatted_spread': 'Appalachian State -2.0', 'spread_open': 0.0, 'over_under': 47.5, 'over_under_open': 46.0, 'home_moneyline': -110.0, 'away_moneyline': -110.0}]",2.0
401426374,2022,11,regular,2022-11-12T18:00:00.000Z,Old Dominion,Sun Belt,3.0,James Madison,Sun Belt,37.0,"[{'provider': 'Bovada', 'spread': 7.5, 'formatted_spread': 'James Madison -7.5', 'spread_open': 7.5, 'over_under': 48.0, 'over_under_open': 48.0, 'home_moneyline': 255.0, 'away_moneyline': -310.0}]",7.5
401426375,2022,11,regular,2022-11-12T22:00:00.000Z,South Alabama,Sun Belt,38.0,Texas State,Sun Belt,21.0,"[{'provider': 'Bovada', 'spread': -16.0, 'formatted_spread': 'South Alabama -16.0', 'spread_open': -16.0, 'over_under': 45.5, 'over_under_open': 47.5, 'home_moneyline': -850.0, 'away_moneyline': 550.0}]",-16.0
401426603,2022,11,regular,2022-11-12T20:30:00.000Z,Middle Tennessee,Conference USA,24.0,Charlotte,Conference USA,14.0,"[{'provider': 'Bovada', 'spread': -10.0, 'formatted_spread': 'Middle Tennessee -10.0', 'spread_open': -11.5, 'over_under': 67.0, 'over_under_open': 68.0, 'home_moneyline': -470.0, 'away_moneyline': 345.0}]",-10.0
401404126,2022,4,regular,2022-09-24T19:30:00.000Z,North Carolina,ACC,32.0,Notre Dame,FBS Independents,45.0,"[{'provider': 'Bovada', 'spread': -3.0, 'formatted_spread': 'North Carolina -3.0', 'spread_open': 1.0, 'over_under': 55.5, 'over_under_open': 59.5, 'home_moneyline': -130.0, 'away_moneyline': 110.0}]",-3.0
401415635,2022,7,regular,2022-10-14T23:30:00.000Z,SMU,American Athletic,40.0,Navy,American Athletic,34.0,"[{'provider': 'Bovada', 'spread': -12.5, 'formatted_spread': 'SMU -12.5', 'spread_open': -11.0, 'over_under': 59.0, 'over_under_open': 57.0, 'home_moneyline': -450.0, 'away_moneyline': 335.0}]",-12.5
401403916,2022,7,regular,2022-10-15T19:30:00.000Z,BYU,FBS Independents,35.0,Arkansas,SEC,52.0,"[{'provider': 'Bovada', 'spread': 0.0, 'formatted_spread': 'Arkansas -0.0', 'spread_open': -3.0, 'over_under': 67.0, 'over_under_open': 59.5, 'home_moneyline': -160.0, 'away_moneyline': 135.0}]",0.0
401404085,2022,5,regular,2022-10-01T16:00:00.000Z,Kansas State,Big 12,37.0,Texas Tech,Big 12,28.0,"[{'provider': 'Bovada', 'spread': -7.5, 'formatted_spread': 'Kansas State -7.5', 'spread_open': -7.5, 'over_under': 56.5, 'over_under_open': 57.5, 'home_moneyline': -300.0, 'away_moneyline': 250.0}]",-7.5
401404086,2022,5,regular,2022-10-01T16:00:00.000Z,TCU,Big 12,55.0,Oklahoma,Big 12,24.0,"[{'provider': 'Bovada', 'spread': 5.0, 'formatted_spread': 'Oklahoma -5.0', 'spread_open': 5.0, 'over_under': 70.0, 'over_under_open': 67.5, 'home_moneyline': 215.0, 'away_moneyline': None}]",5.0
401404087,2022,5,regular,2022-10-01T23:30:00.000Z,Texas,Big 12,38.0,West Virginia,Big 12,20.0,"[{'provider': 'Bovada', 'spread': -7.5, 'formatted_spread': 'Texas -7.5', 'spread_open': -10.0, 'over_under': 61.0, 'over_under_open': 62.0, 'home_moneyline': -290.0, 'away_moneyline': 240.0}]",-7.5
401404137,2022,5,regular,2022-10-01T16:00:00.000Z,Army,FBS Independents,14.0,Georgia State,Sun Belt,31.0,"[{'provider': 'Bovada', 'spread': -9.0, 'formatted_spread': 'Army -9.0', 'spread_open': -9.5, 'over_under': 54.0, 'over_under_open': 58.0, 'home_moneyline': -330.0, 'away_moneyline': 265.0}]",-9.0
401404151,2022,5,regular,2022-10-01T19:30:00.000Z,Connecticut,FBS Independents,19.0,Fresno State,Mountain West,14.0,"[{'provider': 'Bovada', 'spread': 23.0, 'formatted_spread': 'Fresno State -23.0', 'spread_open': 24.0, 'over_under': 51.0, 'over_under_open': 56.0, 'home_moneyline': 1050.0, 'away_moneyline': -2500.0}]",23.0
401404161,2022,5,regular,2022-10-01T22:00:00.000Z,Old Dominion,Sun Belt,24.0,Liberty,FBS Independents,38.0,"[{'provider': 'Bovada', 'spread': 3.5, 'formatted_spread': 'Liberty -3.5', 'spread_open': 2.0, 'over_under': 47.5, 'over_under_open': 48.0, 'home_moneyline': 145.0, 'away_moneyline': -170.0}]",3.5
401405099,2022,5,regular,2022-10-01T16:00:00.000Z,Wisconsin,Big Ten,10.0,Illinois,Big Ten,34.0,"[{'provider': 'Bovada', 'spread': -6.5, 'formatted_spread': 'Wisconsin -6.5', 'spread_open': -8.5, 'over_under': 43.5, 'over_under_open': 44.0, 'home_moneyline': -320.0, 'away_moneyline': 260.0}]",-6.5
401405100,2022,5,regular,2022-10-01T16:00:00.000Z,Iowa,Big Ten,14.0,Michigan,Big Ten,27.0,"[{'provider': 'Bovada', 'spread': 11.0, 'formatted_spread': 'Michigan -11.0', 'spread_open': 10.0, 'over_under': 42.0, 'over_under_open': 43.0, 'home_moneyline': 300.0, 'away_moneyline': -400.0}]",11.0
401405101,2022,5,regular,2022-10-01T16:00:00.000Z,Minnesota,Big Ten,10.0,Purdue,Big Ten,20.0,"[{'provider': 'Bovada', 'spread': -9.0, 'formatted_spread': 'Minnesota -9.0', 'spread_open': -10.0, 'over_under': 53.0, 'over_under_open': 53.5, 'home_moneyline': -350.0, 'away_moneyline': 275.0}]",-9.0
401405102,2022,5,regular,2022-10-01T23:30:00.000Z,Nebraska,Big Ten,35.0,Indiana,Big Ten,21.0,"[{'provider': 'Bovada', 'spread': -7.0, 'formatted_spread': 'Nebraska -7.0', 'spread_open': -3.5, 'over_under': 62.0, 'over_under_open': 61.5, 'home_moneyline': -230.0, 'away_moneyline': 190.0}]",-7.0
401405103,2022,5,regular,2022-10-01T19:30:00.000Z,Maryland,Big Ten,27.0,Michigan State,Big Ten,13.0,"[{'provider': 'Bovada', 'spread': -7.5, 'formatted_spread': 'Maryland -7.5', 'spread_open': -7.5, 'over_under': 58.0, 'over_under_open': 59.5, 'home_moneyline': -290.0, 'away_moneyline': 240.0}]",-7.5
401405104,2022,5,regular,2022-10-01T19:30:00.000Z,Ohio State,Big Ten,49.0,Rutgers,Big Ten,10.0,"[{'provider': 'Bovada', 'spread': -39.0, 'formatted_spread': 'Ohio State -39.0', 'spread_open': -41.0, 'over_under': 58.0, 'over_under_open': 60.0, 'home_moneyline': None, 'away_moneyline': None}]",-39.0
401415212,2022,1,regular,2022-09-03T21:30:00.000Z,Nevada,Mountain West,38.0,Texas State,Sun Belt,14.0,"[{'provider': 'Bovada', 'spread': 2.0, 'formatted_spread': 'Texas State -2.0', 'spread_open': -10.0, 'over_under': 51.5, 'over_under_open': 56.5, 'home_moneyline': -115.0, 'away_moneyline': -120.0}]",2.0
401415612,2022,1,regular,2022-09-03T20:00:00.000Z,South Florida,American Athletic,21.0,BYU,FBS Independents,50.0,"[{'provider': 'Bovada', 'spread': 12.5, 'formatted_spread': 'BYU -12.5', 'spread_open': 12.5, 'over_under': 57.5, 'over_under_open': 57.5, 'home_moneyline': None, 'away_moneyline': None}]",12.5
401403976,2022,2,regular,2022-09-10T20:00:00.000Z,California,Pac-12,20.0,UNLV,Mountain West,14.0,"[{'provider': 'Bovada', 'spread': -12.5, 'formatted_spread': 'California -12.5', 'spread_open': -13.0, 'over_under': 49.5, 'over_under_open': 50.5, 'home_moneyline': -480.0, 'away_moneyline': 350.0}]",-12.5
401403977,2022,2,regular,2022-09-10T19:30:00.000Z,Air Force,Mountain West,41.0,Colorado,Pac-12,10.0,"[{'provider': 'Bovada', 'spread': -17.5, 'formatted_spread': 'Air Force -17.5', 'spread_open': -16.0, 'over_under': 50.0, 'over_under_open': 45.5, 'home_moneyline': -900.0, 'away_moneyline': 575.0}]",-17.5
401403979,2022,2,regular,2022-09-11T02:30:00.000Z,Fresno State,Mountain West,32.0,Oregon State,Pac-12,35.0,"[{'provider': 'Bovada', 'spread': -1.0, 'formatted_spread': 'Fresno State -1.0', 'spread_open': -1.0, 'over_under': 59.0, 'over_under_open': 60.5, 'home_moneyline': -115.0, 'away_moneyline': -105.0}]",-1.0
401403980,2022,2,regular,2022-09-10T23:30:00.000Z,Stanford,Pac-12,28.0,USC,Pac-12,41.0,"[{'provider': 'Bovada', 'spread': 9.5, 'formatted_spread': 'USC -9.5', 'spread_open': 10.0, 'over_under': 67.0, 'over_under_open': 65.0, 'home_moneyline': 255.0, 'away_moneyline': -310.0}]",9.5
401403984,2022,2,regular,2022-09-10T19:30:00.000Z,Wisconsin,Big Ten,14.0,Washington State,Pac-12,17.0,"[{'provider': 'Bovada', 'spread': -17.5, 'formatted_spread': 'Wisconsin -17.5', 'spread_open': -17.0, 'over_under': 49.0, 'over_under_open': 46.5, 'home_moneyline': -1000.0, 'away_moneyline': 625.0}]",-17.5
401404062,2022,2,regular,2022-09-11T02:15:00.000Z,BYU,FBS Independents,26.0,Baylor,Big 12,20.0,"[{'provider': 'Bovada', 'spread': -2.5, 'formatted_spread': 'BYU -2.5', 'spread_open': -2.5, 'over_under': 55.0, 'over_under_open': 53.0, 'home_moneyline': -150.0, 'away_moneyline': 130.0}]",-2.5
401404063,2022,2,regular,2022-09-10T20:00:00.000Z,Texas Tech,Big 12,33.0,Houston,American Athletic,30.0,"[{'provider': 'Bovada', 'spread': -4.0, 'formatted_spread': 'Texas Tech -4.0', 'spread_open': -3.0, 'over_under': 62.5, 'over_under_open': 65.5, 'home_moneyline': -165.0, 'away_moneyline': 140.0}]",-4.0
401426537,2022,1,regular,2022-09-02T00:00:00.000Z,Missouri,SEC,52.0,Louisiana Tech,Conference USA,24.0,"[{'provider': 'Bovada', 'spread': -20.5, 'formatted_spread': 'Missouri -20.5', 'spread_open': -17.0, 'over_under': 62.5, 'over_under_open': 58.5, 'home_moneyline': -1200.0, 'away_moneyline': 700.0}]",-20.5
401405060,2022,1,regular,2022-09-02T01:00:00.000Z,Minnesota,Big Ten,38.0,New Mexico State,FBS Independents,0.0,"[{'provider': 'Bovada', 'spread': -36.0, 'formatted_spread': 'Minnesota -36.0', 'spread_open': -38.0, 'over_under': 52.0, 'over_under_open': 57.5, 'home_moneyline': None, 'away_moneyline': None}]",-36.0
401405064,2022,1,regular,2022-09-02T00:00:00.000Z,Purdue,Big Ten,31.0,Penn State,Big Ten,35.0,"[{'provider': 'Bovada', 'spread': 3.5, 'formatted_spread': 'Penn State -3.5', 'spread_open': 3.0, 'over_under': 53.0, 'over_under_open': 55.0, 'home_moneyline': 140.0, 'away_moneyline': -165.0}]",3.5
401411092,2022,1,regular,2022-09-01T23:00:00.000Z,Pittsburgh,ACC,38.0,West Virginia,Big 12,31.0,"[{'provider': 'Bovada', 'spread': -7.5, 'formatted_spread': 'Pittsburgh -7.5', 'spread_open': -7.0, 'over_under': 50.0, 'over_under_open': 55.0, 'home_moneyline': -270.0, 'away_moneyline': 220.0}]",-7.5
401416569,2022,1,regular,2022-09-01T23:00:00.000Z,Oklahoma State,Big 12,58.0,Central Michigan,Mid-American,44.0,"[{'provider': 'Bovada', 'spread': -20.5, 'formatted_spread': 'Oklahoma State -20.5', 'spread_open': -18.5, 'over_under': 58.0, 'over_under_open': 59.5, 'home_moneyline': -1800.0, 'away_moneyline': 850.0}]",-20.5
401403870,2022,2,regular,2022-09-10T23:30:00.000Z,Auburn,SEC,24.0,San José State,Mountain West,16.0,"[{'provider': 'Bovada', 'spread': -24.0, 'formatted_spread': 'Auburn -24.0', 'spread_open': -23.0, 'over_under': 48.5, 'over_under_open': 51.5, 'home_moneyline': -2800.0, 'away_moneyline': 1100.0}]",-24.0
401403871,2022,2,regular,2022-09-10T23:00:00.000Z,Florida,SEC,16.0,Kentucky,SEC,26.0,"[{'provider': 'Bovada', 'spread': -6.0, 'formatted_spread': 'Florida -6.0', 'spread_open': -4.5, 'over_under': 53.0, 'over_under_open': 51.5, 'home_moneyline': -220.0, 'away_moneyline': 180.0}]",-6.0
401403875,2022,2,regular,2022-09-11T03:00:00.000Z,Arizona,Pac-12,17.0,Mississippi State,SEC,39.0,"[{'provider': 'Bovada', 'spread': 13.0, 'formatted_spread': 'Mississippi State -13.0', 'spread_open': 8.5, 'over_under': 58.5, 'over_under_open': 61.0, 'home_moneyline': 290.0, 'away_moneyline': -380.0}]",13.0
401403876,2022,2,regular,2022-09-10T16:00:00.000Z,Kansas State,Big 12,40.0,Missouri,SEC,12.0,"[{'provider': 'Bovada', 'spread': -7.0, 'formatted_spread': 'Kansas State -7.0', 'spread_open': -8.5, 'over_under': 52.5, 'over_under_open': 55.5, 'home_moneyline': -300.0, 'away_moneyline': 250.0}]",-7.0
401403877,2022,2,regular,2022-09-10T19:30:00.000Z,Pittsburgh,ACC,27.0,Tennessee,SEC,34.0,"[{'provider': 'Bovada', 'spread': 6.0, 'formatted_spread': 'Tennessee -6.0', 'spread_open': 6.0, 'over_under': 63.0, 'over_under_open': 65.0, 'home_moneyline': 185.0, 'away_moneyline': -225.0}]",6.0
401403878,2022,2,regular,2022-09-10T19:30:00.000Z,Texas A&M,SEC,14.0,Appalachian State,Sun Belt,17.0,"[{'provider': 'Bovada', 'spread': -18.0, 'formatted_spread': 'Texas A&M -18.0', 'spread_open': -16.5, 'over_under': 54.0, 'over_under_open': 54.0, 'home_moneyline': -1100.0, 'away_moneyline': 650.0}]",-18.0
401403879,2022,2,regular,2022-09-10T16:00:00.000Z,Vanderbilt,SEC,25.0,Wake Forest,ACC,45.0,"[{'provider': 'Bovada', 'spread': 14.0, 'formatted_spread': 'Wake Forest -14.0', 'spread_open': 6.5, 'over_under': 65.5, 'over_under_open': 61.5, 'home_moneyline': 340.0, 'away_moneyline': -460.0}]",14.0
401403975,2022,2,regular,2022-09-10T23:30:00.000Z,Oklahoma State,Big 12,34.0,Arizona State,Pac-12,17.0,"[{'provider': 'Bovada', 'spread': -12.0, 'formatted_spread': 'Oklahoma State -12.0', 'spread_open': -10.0, 'over_under': 58.5, 'over_under_open': 54.0, 'home_moneyline': -435.0, 'away_moneyline': 325.0}]",-12.0
401416594,2022,2,regular,2022-09-10T18:00:00.000Z,Ball State,Mid-American,30.0,Western Michigan,Mid-American,37.0,"[{'provider': 'Bovada', 'spread': 6.5, 'formatted_spread': 'Western Michigan -6.5', 'spread_open': 6.5, 'over_under': 52.0, 'over_under_open': 55.5, 'home_moneyline': 200.0, 'away_moneyline': -240.0}]",6.5
401416597,2022,2,regular,2022-09-10T17:00:00.000Z,Central Michigan,Mid-American,24.0,South Alabama,Sun Belt,38.0,"[{'provider': 'Bovada', 'spread': -6.0, 'formatted_spread': 'Central Michigan -6.0', 'spread_open': -6.5, 'over_under': 57.5, 'over_under_open': 59.0, 'home_moneyline': -200.0, 'away_moneyline': 170.0}]",-6.0
401416598,2022,2,regular,2022-09-10T23:00:00.000Z,Louisiana,Sun Belt,49.0,Eastern Michigan,Mid-American,21.0,"[{'provider': 'Bovada', 'spread': -11.0, 'formatted_spread': 'Louisiana -11.0', 'spread_open': -11.0, 'over_under': 56.0, 'over_under_open': 56.0, 'home_moneyline': -450.0, 'away_moneyline': 335.0}]",-11.0
401403858,2022,1,regular,2022-09-03T19:30:00.000Z,Georgia,SEC,49.0,Oregon,Pac-12,3.0,"[{'provider': 'Bovada', 'spread': -16.0, 'formatted_spread': 'Georgia -16', 'spread_open': -17.0, 'over_under': 54.0, 'over_under_open': 51.0, 'home_moneyline': -900.0, 'away_moneyline': 575.0}]",-16.0
401403864,2022,1,regular,2022-09-01T23:00:00.000Z,Tennessee,SEC,59.0,Ball State,Mid-American,10.0,"[{'provider': 'Bovada', 'spread': -37.0, 'formatted_spread': 'Tennessee -37.0', 'spread_open': -28.0, 'over_under': 66.0, 'over_under_open': 68.0, 'home_moneyline': None, 'away_moneyline': None}]",-37.0
401424414,2022,1,regular,2022-09-01T23:00:00.000Z,Stony Brook,CAA,14.0,Rhode Island,CAA,35.0,"[{'provider': 'Bovada', 'spread': 0.0, 'formatted_spread': 'Rhode Island -0.0', 'spread_open': 0.0, 'over_under': 46.0, 'over_under_open': 46.0, 'home_moneyline': None, 'away_moneyline': None}]",0.0
401420806,2022,1,regular,2022-09-02T00:00:00.000Z,Central Arkansas,Atlantic Sun,14.0,Missouri State,MVFC,27.0,"[{'provider': 'Bovada', 'spread': 16.5, 'formatted_spread': 'Missouri State -16.5', 'spread_open': 14.5, 'over_under': 65.5, 'over_under_open': 64.0, 'home_moneyline': None, 'away_moneyline': None}]",16.5
401424415,2022,1,regular,2022-09-02T22:00:00.000Z,Villanova,CAA,45.0,Lehigh,Patriot,17.0,"[{'provider': 'Bovada', 'spread': -27.5, 'formatted_spread': 'Villanova -27.5', 'spread_open': -28.0, 'over_under': 43.0, 'over_under_open': 42.5, 'home_moneyline': None, 'away_moneyline': None}]",-27.5
401435072,2022,1,regular,2022-09-02T23:00:00.000Z,Merrimack,NEC,17.0,Holy Cross,Patriot,31.0,"[{'provider': 'Bovada', 'spread': 23.5, 'formatted_spread': 'Holy Cross -23.5', 'spread_open': 23.0, 'over_under': 50.0, 'over_under_open': 50.5, 'home_moneyline': None, 'away_moneyline': None}]",23.5
401411166,2022,12,regular,2022-11-19T17:00:00.000Z,Florida State,ACC,49.0,Louisiana,Sun Belt,17.0,"[{'provider': 'Bovada', 'spread': -25.0, 'formatted_spread': 'Florida State -25.0', 'spread_open': -23.5, 'over_under': 52.0, 'over_under_open': 52.5, 'home_moneyline': -2800.0, 'away_moneyline': 1100.0}]",-25.0
401404025,2022,9,regular,2022-10-30T02:30:00.000Z,UCLA,Pac-12,38.0,Stanford,Pac-12,13.0,"[{'provider': 'Bovada', 'spread': -16.5, 'formatted_spread': 'UCLA -16.5', 'spread_open': -16.0, 'over_under': 64.5, 'over_under_open': 63.5, 'home_moneyline': -800.0, 'away_moneyline': 525.0}]",-16.5
401404026,2022,9,regular,2022-10-28T02:00:00.000Z,Washington State,Pac-12,17.0,Utah,Pac-12,21.0,"[{'provider': 'Bovada', 'spread': 7.5, 'formatted_spread': 'Utah -7.5', 'spread_open': None, 'over_under': 56.5, 'over_under_open': 55.5, 'home_moneyline': None, 'away_moneyline': -330.0}]",7.5
401404101,2022,9,regular,2022-10-29T23:30:00.000Z,Texas Tech,Big 12,17.0,Baylor,Big 12,45.0,"[{'provider': 'Bovada', 'spread': -1.5, 'formatted_spread': 'Texas Tech -1.5', 'spread_open': -2.0, 'over_under': 61.0, 'over_under_open': 61.5, 'home_moneyline': -145.0, 'away_moneyline': 125.0}]",-1.5
401404102,2022,9,regular,2022-10-29T19:30:00.000Z,Kansas State,Big 12,48.0,Oklahoma State,Big 12,0.0,"[{'provider': 'Bovada', 'spread': -2.5, 'formatted_spread': 'Kansas State -2.5', 'spread_open': 1.0, 'over_under': 57.5, 'over_under_open': 58.0, 'home_moneyline': -130.0, 'away_moneyline': 110.0}]",-2.5
401404103,2022,9,regular,2022-10-29T16:00:00.000Z,West Virginia,Big 12,31.0,TCU,Big 12,41.0,"[{'provider': 'Bovada', 'spread': 7.0, 'formatted_spread': 'TCU -7.0', 'spread_open': 6.5, 'over_under': 70.5, 'over_under_open': 70.0, 'home_moneyline': 255.0, 'away_moneyline': -310.0}]",7.0
401415653,2022,11,regular,2022-11-11T00:30:00.000Z,Memphis,American Athletic,26.0,Tulsa,American Athletic,10.0,"[{'provider': 'Bovada', 'spread': -6.5, 'formatted_spread': 'Memphis -6.5', 'spread_open': -6.5, 'over_under': 62.5, 'over_under_open': 62.5, 'home_moneyline': -245.0, 'away_moneyline': 205.0}]",-6.5
401426370,2022,11,regular,2022-11-11T00:30:00.000Z,Louisiana,Sun Belt,36.0,Georgia Southern,Sun Belt,17.0,"[{'provider': 'Bovada', 'spread': -3.5, 'formatted_spread': 'Louisiana -3.5', 'spread_open': -3.5, 'over_under': 63.0, 'over_under_open': 58.5, 'home_moneyline': None, 'away_moneyline': 140.0}]",-3.5
401404033,2022,11,regular,2022-11-12T02:30:00.000Z,USC,Pac-12,55.0,Colorado,Pac-12,17.0,"[{'provider': 'Bovada', 'spread': -34.5, 'formatted_spread': 'USC -34.5', 'spread_open': -34.0, 'over_under': 66.0, 'over_under_open': 64.0, 'home_moneyline': None, 'away_moneyline': None}]",-34.5
401415654,2022,11,regular,2022-11-12T01:00:00.000Z,Cincinnati,American Athletic,27.0,East Carolina,American Athletic,25.0,"[{'provider': 'Bovada', 'spread': -4.5, 'formatted_spread': 'Cincinnati -4.5', 'spread_open': -6.5, 'over_under': 51.0, 'over_under_open': 53.5, 'home_moneyline': -250.0, 'away_moneyline': 210.0}]",-4.5
401403939,2022,11,regular,2022-11-12T17:00:00.000Z,Arkansas,SEC,10.0,LSU,SEC,13.0,"[{'provider': 'Bovada', 'spread': 5.5, 'formatted_spread': 'LSU -5.5', 'spread_open': 3.0, 'over_under': 58.0, 'over_under_open': 62.0, 'home_moneyline': 180.0, 'away_moneyline': -220.0}]",5.5
401403940,2022,11,regular,2022-11-13T00:30:00.000Z,Auburn,SEC,13.0,Texas A&M,SEC,10.0,"[{'provider': 'Bovada', 'spread': -1.5, 'formatted_spread': 'Auburn -1.5', 'spread_open': -1.5, 'over_under': 48.5, 'over_under_open': 49.5, 'home_moneyline': -125.0, 'away_moneyline': 105.0}]",-1.5
401403941,2022,11,regular,2022-11-12T21:00:00.000Z,Florida,SEC,38.0,South Carolina,SEC,6.0,"[{'provider': 'Bovada', 'spread': -8.0, 'formatted_spread': 'Florida -8.0', 'spread_open': -8.0, 'over_under': 58.0, 'over_under_open': 59.0, 'home_moneyline': -330.0, 'away_moneyline': 265.0}]",-8.0
401403942,2022,11,regular,2022-11-12T17:00:00.000Z,Kentucky,SEC,21.0,Vanderbilt,SEC,24.0,"[{'provider': 'Bovada', 'spread': -17.0, 'formatted_spread': 'Kentucky -17.0', 'spread_open': -17.5, 'over_under': 45.5, 'over_under_open': 50.0, 'home_moneyline': -1100.0, 'away_moneyline': 650.0}]",-17.0
401411090,2022,1,regular,2022-08-27T21:00:00.000Z,Florida State,ACC,47.0,Duquesne,NEC,7.0,"[{'provider': 'Bovada', 'spread': -41.5, 'formatted_spread': 'Florida State -41.5', 'spread_open': -43.0, 'over_under': 57.0, 'over_under_open': 55.0, 'home_moneyline': None, 'away_moneyline': None}]",-41.5
401411091,2022,1,regular,2022-08-28T00:15:00.000Z,North Carolina,ACC,56.0,Florida A&M,SWAC,24.0,"[{'provider': 'Bovada', 'spread': -45.0, 'formatted_spread': 'North Carolina -45.0', 'spread_open': -43.0, 'over_under': 55.0, 'over_under_open': 56.0, 'home_moneyline': None, 'away_moneyline': None}]",-45.0
401415643,2022,9,regular,2022-10-29T16:00:00.000Z,Houston,American Athletic,42.0,South Florida,American Athletic,27.0,"[{'provider': 'Bovada', 'spread': -17.5, 'formatted_spread': 'Houston -17.5', 'spread_open': -18.0, 'over_under': 59.5, 'over_under_open': 62.0, 'home_moneyline': -1100.0, 'away_moneyline': 650.0}]",-17.5
401415644,2022,9,regular,2022-10-29T19:30:00.000Z,UCF,American Athletic,25.0,Cincinnati,American Athletic,21.0,"[{'provider': 'Bovada', 'spread': -1.5, 'formatted_spread': 'UCF -1.5', 'spread_open': 0.0, 'over_under': 56.0, 'over_under_open': 55.5, 'home_moneyline': -110.0, 'away_moneyline': -110.0}]",-1.5
401415645,2022,9,regular,2022-10-29T00:00:00.000Z,BYU,FBS Independents,24.0,East Carolina,American Athletic,27.0,"[{'provider': 'Bovada', 'spread': -3.0, 'formatted_spread': 'BYU -3.0', 'spread_open': -3.0, 'over_under': 64.0, 'over_under_open': 60.5, 'home_moneyline': -150.0, 'away_moneyline': 130.0}]",-3.0
401415646,2022,9,regular,2022-10-29T19:30:00.000Z,Navy,American Athletic,27.0,Temple,American Athletic,20.0,"[{'provider': 'Bovada', 'spread': -14.5, 'formatted_spread': 'Navy -14.5', 'spread_open': -13.5, 'over_under': 41.0, 'over_under_open': 39.5, 'home_moneyline': -600.0, 'away_moneyline': 425.0}]",-14.5
401404142,2022,11,regular,2022-11-12T20:30:00.000Z,Troy,Sun Belt,10.0,Army,FBS Independents,9.0,"[{'provider': 'Bovada', 'spread': -8.5, 'formatted_spread': 'Troy -8.5', 'spread_open': -9.0, 'over_under': 45.0, 'over_under_open': 45.5, 'home_moneyline': -340.0, 'away_moneyline': 270.0}]",-8.5
401404156,2022,11,regular,2022-11-12T17:00:00.000Z,Connecticut,FBS Independents,36.0,Liberty,FBS Independents,33.0,"[{'provider': 'Bovada', 'spread': 13.5, 'formatted_spread': 'Liberty -13.5', 'spread_open': 14.5, 'over_under': 45.0, 'over_under_open': 48.0, 'home_moneyline': 425.0, 'away_moneyline': -600.0}]",13.5
401405134,2022,11,regular,2022-11-12T17:00:00.000Z,Illinois,Big Ten,24.0,Purdue,Big Ten,31.0,"[{'provider': 'Bovada', 'spread': -6.0, 'formatted_spread': 'Illinois -6.0', 'spread_open': -6.5, 'over_under': 44.0, 'over_under_open': 46.5, 'home_moneyline': -260.0, 'away_moneyline': 215.0}]",-6.0
401405135,2022,11,regular,2022-11-12T20:30:00.000Z,Iowa,Big Ten,24.0,Wisconsin,Big Ten,10.0,"[{'provider': 'Bovada', 'spread': -1.0, 'formatted_spread': 'Iowa -1.0', 'spread_open': -1.5, 'over_under': 35.5, 'over_under_open': 36.5, 'home_moneyline': -115.0, 'away_moneyline': -105.0}]",-1.0
401405136,2022,11,regular,2022-11-12T20:30:00.000Z,Minnesota,Big Ten,31.0,Northwestern,Big Ten,3.0,"[{'provider': 'Bovada', 'spread': -17.0, 'formatted_spread': 'Minnesota -17.0', 'spread_open': -18.0, 'over_under': 41.0, 'over_under_open': 41.0, 'home_moneyline': -1000.0, 'away_moneyline': 625.0}]",-17.0
401405137,2022,11,regular,2022-11-12T20:30:00.000Z,Michigan,Big Ten,34.0,Nebraska,Big Ten,3.0,"[{'provider': 'Bovada', 'spread': -30.5, 'formatted_spread': 'Michigan -30.5', 'spread_open': -28.5, 'over_under': 50.0, 'over_under_open': 52.0, 'home_moneyline': None, 'away_moneyline': None}]",-30.5
401405138,2022,11,regular,2022-11-12T17:00:00.000Z,Michigan State,Big Ten,27.0,Rutgers,Big Ten,21.0,"[{'provider': 'Bovada', 'spread': -10.0, 'formatted_spread': 'Michigan State -10.0', 'spread_open': -11.5, 'over_under': 41.0, 'over_under_open': 40.0, 'home_moneyline': -450.0, 'away_moneyline': 335.0}]",-10.0
401405139,2022,11,regular,2022-11-12T17:00:00.000Z,Ohio State,Big Ten,56.0,Indiana,Big Ten,14.0,"[{'provider': 'Bovada', 'spread': -40.0, 'formatted_spread': 'Ohio State -40.0', 'spread_open': -40.0, 'over_under': 62.5, 'over_under_open': 57.5, 'home_moneyline': None, 'away_moneyline': None}]",-40.0
401405140,2022,11,regular,2022-11-12T20:30:00.000Z,Penn State,Big Ten,30.0,Maryland,Big Ten,0.0,"[{'provider': 'Bovada', 'spread': -10.5, 'formatted_spread': 'Penn State -10.5', 'spread_open': -11.5, 'over_under': 56.5, 'over_under_open': 57.0, 'home_moneyline': -450.0, 'away_moneyline': 335.0}]",-10.5
401411158,2022,11,regular,2022-11-12T20:30:00.000Z,Clemson,ACC,31.0,Louisville,ACC,16.0,"[{'provider': 'Bovada', 'spread': -7.0, 'formatted_spread': 'Clemson -7.0', 'spread_open': -7.0, 'over_under': 51.5, 'over_under_open': 52.0, 'home_moneyline': -290.0, 'away_moneyline': 240.0}]",-7.0
401411159,2022,11,regular,2022-11-12T17:00:00.000Z,Duke,ACC,24.0,Virginia Tech,ACC,7.0,"[{'provider': 'Bovada', 'spread': -10.0, 'formatted_spread': 'Duke -10.0', 'spread_open': -10.0, 'over_under': 50.0, 'over_under_open': 50.5, 'home_moneyline': -400.0, 'away_moneyline': 300.0}]",-10.0
401411160,2022,11,regular,2022-11-12T20:30:00.000Z,Georgia Tech,ACC,14.0,Miami,ACC,35.0,"[{'provider': 'Bovada', 'spread': -2.0, 'formatted_spread': 'Georgia Tech -2.0', 'spread_open': -1.5, 'over_under': 43.5, 'over_under_open': 45.0, 'home_moneyline': -140.0, 'away_moneyline': 120.0}]",-2.0
401411161,2022,11,regular,2022-11-12T20:30:00.000Z,NC State,ACC,20.0,Boston College,ACC,21.0,"[{'provider': 'Bovada', 'spread': -18.5, 'formatted_spread': 'NC State -18.5', 'spread_open': -19.0, 'over_under': 41.0, 'over_under_open': 42.0, 'home_moneyline': -1300.0, 'away_moneyline': 725.0}]",-18.5
401411162,2022,11,regular,2022-11-13T01:00:00.000Z,Syracuse,ACC,3.0,Florida State,ACC,38.0,"[{'provider': 'Bovada', 'spread': 7.0, 'formatted_spread': 'Florida State -7.0', 'spread_open': 6.5, 'over_under': 51.5, 'over_under_open': 51.5, 'home_moneyline': 240.0, 'away_moneyline': -290.0}]",7.0
401405065,2022,1,regular,2022-09-03T23:00:00.000Z,Wisconsin,Big Ten,38.0,Illinois State,MVFC,0.0,"[{'provider': 'Bovada', 'spread': -36.0, 'formatted_spread': 'Wisconsin -36.0', 'spread_open': -36.5, 'over_under': 42.5, 'over_under_open': 43.0, 'home_moneyline': None, 'away_moneyline': None}]",-36.0
401441990,2022,1,regular,2022-09-01T23:00:00.000Z,Toledo,Mid-American,37.0,Long Island University,NEC,0.0,"[{'provider': 'Bovada', 'spread': -47.0, 'formatted_spread': 'Toledo -47.0', 'spread_open': -47.0, 'over_under': 57.5, 'over_under_open': 55.5, 'home_moneyline': None, 'away_moneyline': None}]",-47.0
401426534,2022,1,regular,2022-09-02T00:00:00.000Z,UAB,Conference USA,59.0,Alabama A&M,SWAC,0.0,"[{'provider': 'Bovada', 'spread': -41.0, 'formatted_spread': 'UAB -41.0', 'spread_open': -41.0, 'over_under': 60.5, 'over_under_open': 63.5, 'home_moneyline': None, 'away_moneyline': None}]",-41.0
401403965,2022,1,regular,2022-09-02T02:00:00.000Z,Arizona State,Pac-12,40.0,Northern Arizona,Big Sky,3.0,"[{'provider': 'Bovada', 'spread': -25.5, 'formatted_spread': 'Arizona State -25.5', 'spread_open': -27.5, 'over_under': 52.5, 'over_under_open': 52.0, 'home_moneyline': None, 'away_moneyline': None}]",-25.5
401404160,2022,4,regular,2022-09-24T22:00:00.000Z,Liberty,FBS Independents,21.0,Akron,Mid-American,12.0,"[{'provider': 'Bovada', 'spread': -26.5, 'formatted_spread': 'Liberty -26.5', 'spread_open': -27.5, 'over_under': 52.5, 'over_under_open': 58.0, 'home_moneyline': -6000.0, 'away_moneyline': 1325.0}]",-26.5
401405091,2022,4,regular,2022-09-24T23:00:00.000Z,Rutgers,Big Ten,10.0,Iowa,Big Ten,27.0,"[{'provider': 'Bovada', 'spread': 7.5, 'formatted_spread': 'Iowa -7.5', 'spread_open': 7.0, 'over_under': 34.5, 'over_under_open': 35.5, 'home_moneyline': 250.0, 'away_moneyline': -300.0}]",7.5
401404002,2022,5,regular,2022-10-02T01:30:00.000Z,Arizona,Pac-12,43.0,Colorado,Pac-12,20.0,"[{'provider': 'Bovada', 'spread': -17.5, 'formatted_spread': 'Arizona -17.5', 'spread_open': -18.0, 'over_under': 58.0, 'over_under_open': 55.5, 'home_moneyline': -1000.0, 'away_moneyline': 625.0}]",-17.5
401404003,2022,5,regular,2022-10-02T02:30:00.000Z,USC,Pac-12,42.0,Arizona State,Pac-12,25.0,"[{'provider': 'Bovada', 'spread': -24.5, 'formatted_spread': 'USC -24.5', 'spread_open': -24.0, 'over_under': 61.0, 'over_under_open': 61.5, 'home_moneyline': -5000.0, 'away_moneyline': 1300.0}]",-24.5
401404004,2022,5,regular,2022-10-01T21:30:00.000Z,Washington State,Pac-12,28.0,California,Pac-12,9.0,"[{'provider': 'Bovada', 'spread': -4.0, 'formatted_spread': 'Washington State -4.0', 'spread_open': -4.5, 'over_under': 52.5, 'over_under_open': 53.0, 'home_moneyline': -195.0, 'away_moneyline': 165.0}]",-4.0
401404005,2022,5,regular,2022-10-02T03:00:00.000Z,Oregon,Pac-12,45.0,Stanford,Pac-12,27.0,"[{'provider': 'Bovada', 'spread': -17.5, 'formatted_spread': 'Oregon -17.5', 'spread_open': -16.0, 'over_under': 63.0, 'over_under_open': 62.5, 'home_moneyline': -750.0, 'away_moneyline': 500.0}]",-17.5
401404006,2022,5,regular,2022-10-01T18:00:00.000Z,Utah,Pac-12,42.0,Oregon State,Pac-12,16.0,"[{'provider': 'Bovada', 'spread': -10.5, 'formatted_spread': 'Utah -10.5', 'spread_open': -11.0, 'over_under': 54.0, 'over_under_open': 56.0, 'home_moneyline': -400.0, 'away_moneyline': 300.0}]",-10.5
401404083,2022,5,regular,2022-10-01T19:30:00.000Z,Baylor,Big 12,25.0,Oklahoma State,Big 12,36.0,"[{'provider': 'Bovada', 'spread': -2.0, 'formatted_spread': 'Baylor -2.0', 'spread_open': -2.5, 'over_under': 56.0, 'over_under_open': 54.5, 'home_moneyline': -135.0, 'away_moneyline': 115.0}]",-2.0
401404084,2022,5,regular,2022-10-01T19:30:00.000Z,Kansas,Big 12,14.0,Iowa State,Big 12,11.0,"[{'provider': 'Bovada', 'spread': 4.0, 'formatted_spread': 'Iowa State -4.0', 'spread_open': 3.0, 'over_under': 59.0, 'over_under_open': 58.0, 'home_moneyline': 140.0, 'away_moneyline': -165.0}]",4.0
401426345,2022,6,regular,2022-10-08T23:00:00.000Z,Texas State,Sun Belt,36.0,Appalachian State,Sun Belt,24.0,"[{'provider': 'Bovada', 'spread': 19.5, 'formatted_spread': 'Appalachian State -19.5', 'spread_open': 19.0, 'over_under': 54.5, 'over_under_open': 55.5, 'home_moneyline': 700.0, 'away_moneyline': -1200.0}]",19.5
401426580,2022,6,regular,2022-10-08T23:00:00.000Z,Louisiana Tech,Conference USA,41.0,UTEP,Conference USA,31.0,"[{'provider': 'Bovada', 'spread': -1.5, 'formatted_spread': 'Louisiana Tech -1.5', 'spread_open': -1.5, 'over_under': 52.0, 'over_under_open': 53.0, 'home_moneyline': -150.0, 'away_moneyline': 130.0}]",-1.5
401415213,2022,1,regular,2022-09-02T02:30:00.000Z,San José State,Mountain West,21.0,Portland State,Big Sky,17.0,"[{'provider': 'Bovada', 'spread': -22.0, 'formatted_spread': 'San José State -22.0', 'spread_open': -22.0, 'over_under': 51.0, 'over_under_open': 54.5, 'home_moneyline': None, 'away_moneyline': None}]",-22.0
401403890,2022,3,regular,2022-09-18T01:00:00.000Z,Texas A&M,SEC,17.0,Miami,ACC,9.0,"[{'provider': 'Bovada', 'spread': -6.5, 'formatted_spread': 'Texas A&M -6.5', 'spread_open': -6.0, 'over_under': 45.5, 'over_under_open': 48.5, 'home_moneyline': -210.0, 'away_moneyline': 175.0}]",-6.5
401403891,2022,3,regular,2022-09-17T19:30:00.000Z,Northern Illinois,Mid-American,28.0,Vanderbilt,SEC,38.0,"[{'provider': 'Bovada', 'spread': -2.5, 'formatted_spread': 'Northern Illinois -2.5', 'spread_open': -1.5, 'over_under': 58.5, 'over_under_open': 61.5, 'home_moneyline': -130.0, 'away_moneyline': 110.0}]",-2.5
401426561,2022,3,regular,2022-09-18T00:00:00.000Z,New Mexico,Mountain West,27.0,UTEP,Conference USA,10.0,"[{'provider': 'Bovada', 'spread': 2.0, 'formatted_spread': 'UTEP -2.0', 'spread_open': 3.5, 'over_under': 38.0, 'over_under_open': 41.0, 'home_moneyline': 115.0, 'away_moneyline': -135.0}]",2.0
401426562,2022,3,regular,2022-09-18T00:00:00.000Z,Texas,Big 12,41.0,UT San Antonio,Conference USA,20.0,"[{'provider': 'Bovada', 'spread': -13.0, 'formatted_spread': 'Texas -13.0', 'spread_open': -13.5, 'over_under': 57.0, 'over_under_open': 59.0, 'home_moneyline': -500.0, 'away_moneyline': 360.0}]",-13.0
401426563,2022,3,regular,2022-09-17T16:00:00.000Z,Indiana,Big Ten,33.0,Western Kentucky,Conference USA,30.0,"[{'provider': 'Bovada', 'spread': -7.0, 'formatted_spread': 'Indiana -7.0', 'spread_open': -7.5, 'over_under': 61.5, 'over_under_open': 59.0, 'home_moneyline': -280.0, 'away_moneyline': 230.0}]",-7.0
401403892,2022,4,regular,2022-09-24T23:30:00.000Z,Alabama,SEC,55.0,Vanderbilt,SEC,3.0,"[{'provider': 'Bovada', 'spread': -40.5, 'formatted_spread': 'Alabama -40.5', 'spread_open': -40.0, 'over_under': 61.0, 'over_under_open': 59.0, 'home_moneyline': None, 'away_moneyline': None}]",-40.5
401426598,2022,10,regular,2022-11-05T16:00:00.000Z,Charlotte,Conference USA,7.0,Western Kentucky,Conference USA,59.0,"[{'provider': 'Bovada', 'spread': 14.5, 'formatted_spread': 'Western Kentucky -14.5', 'spread_open': 16.5, 'over_under': 72.5, 'over_under_open': 71.0, 'home_moneyline': 550.0, 'away_moneyline': -850.0}]",14.5
401403936,2022,10,regular,2022-11-05T16:00:00.000Z,Missouri,SEC,17.0,Kentucky,SEC,21.0,"[{'provider': 'Bovada', 'spread': 0.0, 'formatted_spread': 'Kentucky -0.0', 'spread_open': 2.5, 'over_under': 40.0, 'over_under_open': 43.5, 'home_moneyline': 115.0, 'away_moneyline': -135.0}]",0.0
401403937,2022,10,regular,2022-11-05T16:00:00.000Z,Texas A&M,SEC,24.0,Florida,SEC,41.0,"[{'provider': 'Bovada', 'spread': -1.5, 'formatted_spread': 'Texas A&M -1.5', 'spread_open': -3.0, 'over_under': 53.5, 'over_under_open': 54.5, 'home_moneyline': -160.0, 'away_moneyline': 135.0}]",-1.5
401403938,2022,10,regular,2022-11-05T23:30:00.000Z,Vanderbilt,SEC,27.0,South Carolina,SEC,38.0,"[{'provider': 'Bovada', 'spread': 6.5, 'formatted_spread': 'South Carolina -6.5', 'spread_open': 7.0, 'over_under': 49.0, 'over_under_open': 49.5, 'home_moneyline': 250.0, 'away_moneyline': -300.0}]",6.5
401404027,2022,10,regular,2022-11-05T23:30:00.000Z,Utah,Pac-12,45.0,Arizona,Pac-12,20.0,"[{'provider': 'Bovada', 'spread': -18.0, 'formatted_spread': 'Utah -18.0', 'spread_open': -17.0, 'over_under': 68.0, 'over_under_open': 67.5, 'home_moneyline': -1000.0, 'away_moneyline': 625.0}]",-18.0
401404028,2022,10,regular,2022-11-06T02:30:00.000Z,Arizona State,Pac-12,36.0,UCLA,Pac-12,50.0,"[{'provider': 'Bovada', 'spread': 11.0, 'formatted_spread': 'UCLA -11.0', 'spread_open': 10.5, 'over_under': 67.5, 'over_under_open': 62.0, 'home_moneyline': 300.0, 'away_moneyline': -400.0}]",11.0
401411116,2022,4,regular,2022-09-22T23:30:00.000Z,Virginia Tech,ACC,10.0,West Virginia,Big 12,33.0,"[{'provider': 'Bovada', 'spread': 2.5, 'formatted_spread': 'West Virginia -2.5', 'spread_open': 3.0, 'over_under': 50.0, 'over_under_open': 53.0, 'home_moneyline': 125.0, 'away_moneyline': -145.0}]",2.5
401415037,2022,4,regular,2022-09-24T19:30:00.000Z,Appalachian State,Sun Belt,28.0,James Madison,Sun Belt,32.0,"[{'provider': 'Bovada', 'spread': -6.0, 'formatted_spread': 'Appalachian State -6.0', 'spread_open': -9.0, 'over_under': 57.0, 'over_under_open': 56.5, 'home_moneyline': -285.0, 'away_moneyline': 235.0}]",-6.0
401415040,2022,4,regular,2022-09-24T23:00:00.000Z,Tulane,American Athletic,24.0,Southern Mississippi,Sun Belt,27.0,"[{'provider': 'Bovada', 'spread': -12.0, 'formatted_spread': 'Tulane -12.0', 'spread_open': -11.5, 'over_under': 48.5, 'over_under_open': 49.5, 'home_moneyline': -460.0, 'away_moneyline': 340.0}]",-12.0
401415220,2022,4,regular,2022-09-24T00:00:00.000Z,Air Force,Mountain West,48.0,Nevada,Mountain West,20.0,"[{'provider': 'Bovada', 'spread': -24.0, 'formatted_spread': 'Air Force -24.0', 'spread_open': -25.0, 'over_under': 47.0, 'over_under_open': 48.5, 'home_moneyline': -4500.0, 'away_moneyline': 1250.0}]",-24.0
401415222,2022,4,regular,2022-09-24T23:00:00.000Z,Utah State,Mountain West,24.0,UNLV,Mountain West,34.0,"[{'provider': 'Bovada', 'spread': 3.0, 'formatted_spread': 'UNLV -3.0', 'spread_open': 3.0, 'over_under': 62.0, 'over_under_open': 62.0, 'home_moneyline': 120.0, 'away_moneyline': -140.0}]",3.0
401415223,2022,4,regular,2022-09-25T02:15:00.000Z,BYU,FBS Independents,38.0,Wyoming,Mountain West,24.0,"[{'provider': 'Bovada', 'spread': -21.0, 'formatted_spread': 'BYU -21.0', 'spread_open': -21.0, 'over_under': 49.0, 'over_under_open': 51.5, 'home_moneyline': -1800.0, 'away_moneyline': 850.0}]",-21.0
401415224,2022,4,regular,2022-09-24T19:30:00.000Z,San Diego State,Mountain West,17.0,Toledo,Mid-American,14.0,"[{'provider': 'Bovada', 'spread': 3.0, 'formatted_spread': 'Toledo -3.0', 'spread_open': 0.0, 'over_under': 44.5, 'over_under_open': 46.5, 'home_moneyline': 130.0, 'away_moneyline': -150.0}]",3.0
401415225,2022,4,regular,2022-09-25T02:30:00.000Z,San José State,Mountain West,34.0,Western Michigan,Mid-American,6.0,"[{'provider': 'Bovada', 'spread': -6.5, 'formatted_spread': 'San José State -6.5', 'spread_open': -3.5, 'over_under': 48.5, 'over_under_open': 51.5, 'home_moneyline': -240.0, 'away_moneyline': 200.0}]",-6.5
401415624,2022,4,regular,2022-09-24T22:00:00.000Z,East Carolina,American Athletic,20.0,Navy,American Athletic,23.0,"[{'provider': 'Bovada', 'spread': -16.5, 'formatted_spread': 'East Carolina -16.5', 'spread_open': -17.5, 'over_under': 48.5, 'over_under_open': 48.5, 'home_moneyline': -900.0, 'away_moneyline': 575.0}]",-16.5
401416604,2022,4,regular,2022-09-24T16:00:00.000Z,Eastern Michigan,Mid-American,31.0,Buffalo,Mid-American,50.0,"[{'provider': 'Bovada', 'spread': -7.0, 'formatted_spread': 'Eastern Michigan -7.0', 'spread_open': -4.5, 'over_under': 57.0, 'over_under_open': 60.5, 'home_moneyline': -200.0, 'away_moneyline': 170.0}]",-7.0
401411133,2022,6,regular,2022-10-08T20:00:00.000Z,Miami,ACC,24.0,North Carolina,ACC,27.0,"[{'provider': 'Bovada', 'spread': -4.0, 'formatted_spread': 'Miami -4.0', 'spread_open': -3.0, 'over_under': 68.0, 'over_under_open': 66.0, 'home_moneyline': -170.0, 'away_moneyline': 145.0}]",-4.0
401411134,2022,6,regular,2022-10-09T00:00:00.000Z,NC State,ACC,19.0,Florida State,ACC,17.0,"[{'provider': 'Bovada', 'spread': -3.5, 'formatted_spread': 'NC State -3.5', 'spread_open': -3.5, 'over_under': 50.0, 'over_under_open': 52.0, 'home_moneyline': None, 'away_moneyline': 140.0}]",-3.5
401418782,2022,1,regular,2022-09-02T00:00:00.000Z,Abilene Christian,Western Athletic,28.0,Lamar,Southland,14.0,"[{'provider': 'Bovada', 'spread': -16.0, 'formatted_spread': 'Abilene Christian -16.0', 'spread_open': -16.5, 'over_under': 50.5, 'over_under_open': 50.5, 'home_moneyline': None, 'away_moneyline': None}]",-16.0
401411135,2022,6,regular,2022-10-08T19:30:00.000Z,Pittsburgh,ACC,45.0,Virginia Tech,ACC,29.0,"[{'provider': 'Bovada', 'spread': -14.5, 'formatted_spread': 'Pittsburgh -14.5', 'spread_open': -14.5, 'over_under': 42.0, 'over_under_open': 44.5, 'home_moneyline': -650.0, 'away_moneyline': 450.0}]",-14.5
401411136,2022,6,regular,2022-10-08T16:00:00.000Z,Virginia,ACC,17.0,Louisville,ACC,34.0,"[{'provider': 'Bovada', 'spread': -1.5, 'formatted_spread': 'Virginia -1.5', 'spread_open': 4.5, 'over_under': 47.5, 'over_under_open': 51.5, 'home_moneyline': 125.0, 'away_moneyline': -120.0}]",-1.5
401415231,2022,6,regular,2022-10-08T23:00:00.000Z,Utah State,Mountain West,34.0,Air Force,Mountain West,27.0,"[{'provider': 'Bovada', 'spread': 11.5, 'formatted_spread': 'Air Force -11.5', 'spread_open': 9.0, 'over_under': 54.0, 'over_under_open': 55.5, 'home_moneyline': 290.0, 'away_moneyline': -380.0}]",11.5
401415232,2022,6,regular,2022-10-09T01:45:00.000Z,Boise State,Mountain West,40.0,Fresno State,Mountain West,20.0,"[{'provider': 'Bovada', 'spread': -10.5, 'formatted_spread': 'Boise State -10.5', 'spread_open': -7.0, 'over_under': 45.0, 'over_under_open': 49.0, 'home_moneyline': -290.0, 'away_moneyline': 240.0}]",-10.5
401415233,2022,6,regular,2022-10-08T02:30:00.000Z,Nevada,Mountain West,14.0,Colorado State,Mountain West,17.0,"[{'provider': 'Bovada', 'spread': -3.5, 'formatted_spread': 'Nevada -3.5', 'spread_open': -3.0, 'over_under': 45.0, 'over_under_open': 47.0, 'home_moneyline': -175.0, 'away_moneyline': 150.0}]",-3.5
401415234,2022,6,regular,2022-10-08T23:00:00.000Z,New Mexico,Mountain West,14.0,Wyoming,Mountain West,27.0,"[{'provider': 'Bovada', 'spread': 3.0, 'formatted_spread': 'Wyoming -3.0', 'spread_open': 3.5, 'over_under': 37.0, 'over_under_open': 37.5, 'home_moneyline': 145.0, 'away_moneyline': -170.0}]",3.0
401415235,2022,6,regular,2022-10-09T02:30:00.000Z,San Diego State,Mountain West,16.0,Hawai'i,Mountain West,14.0,"[{'provider': 'Bovada', 'spread': -24.0, 'formatted_spread': 'San Diego State -24.0', 'spread_open': -21.0, 'over_under': 49.0, 'over_under_open': 49.5, 'home_moneyline': -1800.0, 'away_moneyline': 850.0}]",-24.0
401403922,2022,8,regular,2022-10-22T23:00:00.000Z,Alabama,SEC,30.0,Mississippi State,SEC,6.0,"[{'provider': 'Bovada', 'spread': -21.5, 'formatted_spread': 'Alabama -21.5', 'spread_open': -21.5, 'over_under': 61.5, 'over_under_open': 62.0, 'home_moneyline': -1600.0, 'away_moneyline': 800.0}]",-21.5
401403923,2022,8,regular,2022-10-22T19:30:00.000Z,LSU,SEC,45.0,Ole Miss,SEC,20.0,"[{'provider': 'Bovada', 'spread': 0.0, 'formatted_spread': 'Ole Miss -0.0', 'spread_open': 1.5, 'over_under': 64.0, 'over_under_open': 64.0, 'home_moneyline': -125.0, 'away_moneyline': None}]",0.0
401403924,2022,8,regular,2022-10-22T20:00:00.000Z,Missouri,SEC,17.0,Vanderbilt,SEC,14.0,"[{'provider': 'Bovada', 'spread': -14.0, 'formatted_spread': 'Missouri -14.0', 'spread_open': -15.0, 'over_under': 49.0, 'over_under_open': 56.0, 'home_moneyline': -650.0, 'away_moneyline': 450.0}]",-14.0
401403925,2022,8,regular,2022-10-22T23:30:00.000Z,South Carolina,SEC,30.0,Texas A&M,SEC,24.0,"[{'provider': 'Bovada', 'spread': 3.0, 'formatted_spread': 'Texas A&M -3.0', 'spread_open': 3.5, 'over_under': 44.5, 'over_under_open': 46.5, 'home_moneyline': 135.0, 'away_moneyline': -160.0}]",3.0
401404018,2022,8,regular,2022-10-22T20:00:00.000Z,Stanford,Pac-12,15.0,Arizona State,Pac-12,14.0,"[{'provider': 'Bovada', 'spread': -3.0, 'formatted_spread': 'Stanford -3.0', 'spread_open': -3.5, 'over_under': 52.5, 'over_under_open': 54.5, 'home_moneyline': -150.0, 'away_moneyline': 130.0}]",-3.0
401404019,2022,8,regular,2022-10-23T02:30:00.000Z,California,Pac-12,21.0,Washington,Pac-12,28.0,"[{'provider': 'Bovada', 'spread': 7.5, 'formatted_spread': 'Washington -7.5', 'spread_open': 7.5, 'over_under': 55.0, 'over_under_open': 57.0, 'home_moneyline': 250.0, 'away_moneyline': -300.0}]",7.5
401404020,2022,8,regular,2022-10-23T00:00:00.000Z,Oregon State,Pac-12,42.0,Colorado,Pac-12,9.0,"[{'provider': 'Bovada', 'spread': -22.5, 'formatted_spread': 'Oregon State -22.5', 'spread_open': -23.5, 'over_under': 47.5, 'over_under_open': 50.5, 'home_moneyline': -3500.0, 'away_moneyline': 1125.0}]",-22.5
401404021,2022,8,regular,2022-10-22T19:30:00.000Z,Oregon,Pac-12,45.0,UCLA,Pac-12,30.0,"[{'provider': 'Bovada', 'spread': -7.0, 'formatted_spread': 'Oregon -7.0', 'spread_open': -6.0, 'over_under': 71.0, 'over_under_open': 70.5, 'home_moneyline': -230.0, 'away_moneyline': 190.0}]",-7.0
401404096,2022,8,regular,2022-10-22T16:00:00.000Z,Baylor,Big 12,35.0,Kansas,Big 12,23.0,"[{'provider': 'Bovada', 'spread': -10.5, 'formatted_spread': 'Baylor -10.5', 'spread_open': -9.0, 'over_under': 57.0, 'over_under_open': 63.0, 'home_moneyline': -400.0, 'away_moneyline': 300.0}]",-10.5
401404097,2022,8,regular,2022-10-23T00:00:00.000Z,TCU,Big 12,38.0,Kansas State,Big 12,28.0,"[{'provider': 'Bovada', 'spread': -3.0, 'formatted_spread': 'TCU -3.0', 'spread_open': -5.0, 'over_under': 55.0, 'over_under_open': 58.0, 'home_moneyline': -200.0, 'away_moneyline': 170.0}]",-3.0
401404098,2022,8,regular,2022-10-22T19:30:00.000Z,Oklahoma State,Big 12,41.0,Texas,Big 12,34.0,"[{'provider': 'Bovada', 'spread': 6.5, 'formatted_spread': 'Texas -6.5', 'spread_open': 4.0, 'over_under': 58.5, 'over_under_open': 65.0, 'home_moneyline': 170.0, 'away_moneyline': -200.0}]",6.5
401418645,2022,1,regular,2022-09-01T23:00:00.000Z,Samford,Southern,27.0,Kennesaw State,Atlantic Sun,17.0,"[{'provider': 'Bovada', 'spread': 13.5, 'formatted_spread': 'Kennesaw State -13.5', 'spread_open': 10.5, 'over_under': 68.5, 'over_under_open': 68.5, 'home_moneyline': None, 'away_moneyline': None}]",13.5
401418776,2022,1,regular,2022-09-01T22:00:00.000Z,Indiana State,MVFC,17.0,North Alabama,Atlantic Sun,14.0,"[{'provider': 'Bovada', 'spread': -3.5, 'formatted_spread': 'Indiana State -3.5', 'spread_open': -3.0, 'over_under': 51.5, 'over_under_open': 51.5, 'home_moneyline': None, 'away_moneyline': None}]",-3.5
401421137,2022,1,regular,2022-09-01T22:00:00.000Z,Campbell,Big South,29.0,The Citadel,Southern,10.0,"[{'provider': 'Bovada', 'spread': -10.0, 'formatted_spread': 'Campbell -10.0', 'spread_open': -10.0, 'over_under': 56.0, 'over_under_open': 56.0, 'home_moneyline': None, 'away_moneyline': None}]",-10.0
401428480,2022,1,regular,2022-09-01T22:00:00.000Z,Wagner,NEC,31.0,Fordham,Patriot,48.0,"[{'provider': 'Bovada', 'spread': 27.5, 'formatted_spread': 'Fordham -27.5', 'spread_open': 28.5, 'over_under': 64.0, 'over_under_open': 64.0, 'home_moneyline': None, 'away_moneyline': None}]",27.5
401424402,2022,1,regular,2022-09-01T23:00:00.000Z,New Hampshire,CAA,31.0,Monmouth,CAA,21.0,"[{'provider': 'Bovada', 'spread': 1.5, 'formatted_spread': 'Monmouth -1.5', 'spread_open': 1.5, 'over_under': 48.5, 'over_under_open': 48.5, 'home_moneyline': None, 'away_moneyline': None}]",1.5
401415258,2022,11,regular,2022-11-13T00:00:00.000Z,Colorado State,Mountain West,13.0,Wyoming,Mountain West,14.0,"[{'provider': 'Bovada', 'spread': 8.5, 'formatted_spread': 'Wyoming -8.5', 'spread_open': 8.5, 'over_under': 42.5, 'over_under_open': 42.0, 'home_moneyline': 265.0, 'away_moneyline': -330.0}]",8.5
401415259,2022,11,regular,2022-11-12T03:30:00.000Z,UNLV,Mountain West,30.0,Fresno State,Mountain West,37.0,"[{'provider': 'Bovada', 'spread': 8.5, 'formatted_spread': 'Fresno State -8.5', 'spread_open': 8.5, 'over_under': 62.0, 'over_under_open': 58.0, 'home_moneyline': 265.0, 'away_moneyline': -330.0}]",8.5
401415260,2022,11,regular,2022-11-13T03:30:00.000Z,San Diego State,Mountain West,43.0,San José State,Mountain West,27.0,"[{'provider': 'Bovada', 'spread': 2.5, 'formatted_spread': 'San José State -2.5', 'spread_open': 2.0, 'over_under': 41.0, 'over_under_open': 39.5, 'home_moneyline': None, 'away_moneyline': -120.0}]",2.5
401415655,2022,11,regular,2022-11-12T20:00:00.000Z,Houston,American Athletic,43.0,Temple,American Athletic,36.0,"[{'provider': 'Bovada', 'spread': -20.0, 'formatted_spread': 'Houston -20.0', 'spread_open': -20.0, 'over_under': 55.0, 'over_under_open': 58.0, 'home_moneyline': -1400.0, 'away_moneyline': 750.0}]",-20.0
401415656,2022,11,regular,2022-11-12T17:00:00.000Z,South Florida,American Athletic,23.0,SMU,American Athletic,41.0,"[{'provider': 'Bovada', 'spread': 17.5, 'formatted_spread': 'SMU -17.5', 'spread_open': 17.0, 'over_under': 72.5, 'over_under_open': 74.5, 'home_moneyline': 625.0, 'away_moneyline': -1000.0}]",17.5
401415214,2022,2,regular,2022-09-10T01:00:00.000Z,New Mexico,Mountain West,14.0,Boise State,Mountain West,31.0,"[{'provider': 'Bovada', 'spread': 17.0, 'formatted_spread': 'Boise State -17.0', 'spread_open': 17.0, 'over_under': 43.5, 'over_under_open': 46.5, 'home_moneyline': 525.0, 'away_moneyline': -800.0}]",17.0
401415617,2022,2,regular,2022-09-10T19:30:00.000Z,Navy,American Athletic,13.0,Memphis,American Athletic,37.0,"[{'provider': 'Bovada', 'spread': 4.5, 'formatted_spread': 'Memphis -4.5', 'spread_open': 6.5, 'over_under': 47.0, 'over_under_open': 50.0, 'home_moneyline': 170.0, 'away_moneyline': -200.0}]",4.5
401415620,2022,2,regular,2022-09-10T23:00:00.000Z,Tulsa,American Athletic,38.0,Northern Illinois,Mid-American,35.0,"[{'provider': 'Bovada', 'spread': -6.5, 'formatted_spread': 'Tulsa -6.5', 'spread_open': -6.0, 'over_under': 63.0, 'over_under_open': 57.0, 'home_moneyline': -235.0, 'away_moneyline': 195.0}]",-6.5
401426363,2022,9,regular,2022-10-29T20:00:00.000Z,Arkansas State,Sun Belt,3.0,South Alabama,Sun Belt,31.0,"[{'provider': 'Bovada', 'spread': 9.0, 'formatted_spread': 'South Alabama -9.0', 'spread_open': 10.0, 'over_under': 52.0, 'over_under_open': 55.5, 'home_moneyline': 305.0, 'away_moneyline': -410.0}]",9.0
401426593,2022,9,regular,2022-10-29T18:00:00.000Z,Rice,Conference USA,23.0,Charlotte,Conference USA,56.0,"[{'provider': 'Bovada', 'spread': -15.0, 'formatted_spread': 'Rice -15.0', 'spread_open': -16.5, 'over_under': 61.5, 'over_under_open': 63.0, 'home_moneyline': -900.0, 'away_moneyline': 575.0}]",-15.0
401426594,2022,9,regular,2022-10-29T00:00:00.000Z,Florida International,Conference USA,42.0,Louisiana Tech,Conference USA,34.0,"[{'provider': 'Bovada', 'spread': 6.5, 'formatted_spread': 'Louisiana Tech -6.5', 'spread_open': 9.5, 'over_under': 57.0, 'over_under_open': 58.5, 'home_moneyline': 200.0, 'away_moneyline': -240.0}]",6.5
401405073,2022,2,regular,2022-09-10T16:00:00.000Z,Northwestern,Big Ten,23.0,Duke,ACC,31.0,"[{'provider': 'Bovada', 'spread': -10.0, 'formatted_spread': 'Northwestern -10.0', 'spread_open': -9.0, 'over_under': 56.0, 'over_under_open': 56.5, 'home_moneyline': -380.0, 'away_moneyline': 290.0}]",-10.0
401405077,2022,2,regular,2022-09-11T00:00:00.000Z,Michigan,Big Ten,56.0,Hawai'i,Mountain West,10.0,"[{'provider': 'Bovada', 'spread': -53.0, 'formatted_spread': 'Michigan -53.0', 'spread_open': -50.0, 'over_under': 66.5, 'over_under_open': 65.0, 'home_moneyline': None, 'away_moneyline': None}]",-53.0
401405078,2022,2,regular,2022-09-10T20:00:00.000Z,Michigan State,Big Ten,52.0,Akron,Mid-American,0.0,"[{'provider': 'Bovada', 'spread': -34.5, 'formatted_spread': 'Michigan State -34.5', 'spread_open': -34.5, 'over_under': 56.0, 'over_under_open': 56.0, 'home_moneyline': None, 'away_moneyline': None}]",-34.5
401405079,2022,2,regular,2022-09-10T16:00:00.000Z,Ohio State,Big Ten,45.0,Arkansas State,Sun Belt,12.0,"[{'provider': 'Bovada', 'spread': -44.5, 'formatted_spread': 'Ohio State -44.5', 'spread_open': -44.0, 'over_under': 68.5, 'over_under_open': 68.5, 'home_moneyline': None, 'away_moneyline': None}]",-44.5
401405080,2022,2,regular,2022-09-10T16:00:00.000Z,Penn State,Big Ten,46.0,Ohio,Mid-American,10.0,"[{'provider': 'Bovada', 'spread': -28.0, 'formatted_spread': 'Penn State -28.0', 'spread_open': -26.5, 'over_under': 55.0, 'over_under_open': 53.5, 'home_moneyline': -2800.0, 'away_moneyline': 1100.0}]",-28.0
401411103,2022,2,regular,2022-09-10T16:00:00.000Z,Georgia State,Sun Belt,28.0,North Carolina,ACC,35.0,"[{'provider': 'Bovada', 'spread': 7.0, 'formatted_spread': 'North Carolina -7.0', 'spread_open': 9.5, 'over_under': 64.5, 'over_under_open': 68.0, 'home_moneyline': 215.0, 'away_moneyline': -260.0}]",7.0
401411105,2022,2,regular,2022-09-10T16:00:00.000Z,Miami,ACC,30.0,Southern Mississippi,Sun Belt,7.0,"[{'provider': 'Bovada', 'spread': -27.0, 'formatted_spread': 'Miami -27.0', 'spread_open': -27.0, 'over_under': 50.5, 'over_under_open': 57.0, 'home_moneyline': None, 'away_moneyline': None}]",-27.0
401411108,2022,2,regular,2022-09-11T00:00:00.000Z,Virginia Tech,ACC,27.0,Boston College,ACC,10.0,"[{'provider': 'Bovada', 'spread': -3.0, 'formatted_spread': 'Virginia Tech -3.0', 'spread_open': -3.0, 'over_under': 45.0, 'over_under_open': 45.0, 'home_moneyline': -135.0, 'away_moneyline': 115.0}]",-3.0
401414779,2022,2,regular,2022-09-10T23:00:00.000Z,Toledo,Mid-American,55.0,UMass,FBS Independents,10.0,"[{'provider': 'Bovada', 'spread': -28.5, 'formatted_spread': 'Toledo -28.5', 'spread_open': -30.5, 'over_under': 49.0, 'over_under_open': 53.5, 'home_moneyline': None, 'away_moneyline': None}]",-28.5
401415024,2022,2,regular,2022-09-10T22:00:00.000Z,East Carolina,American Athletic,39.0,Old Dominion,Sun Belt,21.0,"[{'provider': 'Bovada', 'spread': -13.5, 'formatted_spread': 'East Carolina -13.5', 'spread_open': -11.0, 'over_under': 49.5, 'over_under_open': 52.0, 'home_moneyline': -500.0, 'away_moneyline': 360.0}]",-13.5
401403889,2022,3,regular,2022-09-17T23:00:00.000Z,Tennessee,SEC,63.0,Akron,Mid-American,6.0,"[{'provider': 'Bovada', 'spread': -47.5, 'formatted_spread': 'Tennessee -47.5', 'spread_open': -47.5, 'over_under': 67.0, 'over_under_open': 65.5, 'home_moneyline': None, 'away_moneyline': None}]",-47.5
401416602,2022,3,regular,2022-09-17T17:00:00.000Z,Central Michigan,Mid-American,41.0,Bucknell,Patriot,0.0,"[{'provider': 'Bovada', 'spread': -41.0, 'formatted_spread': 'Central Michigan -41.0', 'spread_open': -41.0, 'over_under': 59.0, 'over_under_open': 59.0, 'home_moneyline': None, 'away_moneyline': None}]",-41.0
401416600,2022,3,regular,2022-09-17T18:00:00.000Z,Ball State,Mid-American,31.0,Murray State,OVC,0.0,"[{'provider': 'Bovada', 'spread': -21.0, 'formatted_spread': 'Ball State -21.0', 'spread_open': -21.0, 'over_under': 53.0, 'over_under_open': 53.0, 'home_moneyline': None, 'away_moneyline': None}]",-21.0
401415239,2022,7,regular,2022-10-16T02:45:00.000Z,Fresno State,Mountain West,17.0,San José State,Mountain West,10.0,"[{'provider': 'Bovada', 'spread': 7.0, 'formatted_spread': 'San José State -7.0', 'spread_open': 6.5, 'over_under': 47.0, 'over_under_open': 49.5, 'home_moneyline': 210.0, 'away_moneyline': -250.0}]",7.0
401415636,2022,7,regular,2022-10-15T20:00:00.000Z,South Florida,American Athletic,31.0,Tulane,American Athletic,45.0,"[{'provider': 'Bovada', 'spread': 11.5, 'formatted_spread': 'Tulane -11.5', 'spread_open': 10.5, 'over_under': 55.0, 'over_under_open': 55.0, 'home_moneyline': 300.0, 'away_moneyline': -400.0}]",11.5
401415637,2022,7,regular,2022-10-15T23:30:00.000Z,East Carolina,American Athletic,47.0,Memphis,American Athletic,45.0,"[{'provider': 'Bovada', 'spread': -5.5, 'formatted_spread': 'East Carolina -5.5', 'spread_open': -3.5, 'over_under': 62.5, 'over_under_open': 59.5, 'home_moneyline': -175.0, 'away_moneyline': 150.0}]",-5.5
401416619,2022,7,regular,2022-10-15T16:00:00.000Z,Akron,Mid-American,21.0,Central Michigan,Mid-American,28.0,"[{'provider': 'Bovada', 'spread': 12.0, 'formatted_spread': 'Central Michigan -12.0', 'spread_open': 13.5, 'over_under': 60.5, 'over_under_open': 58.5, 'home_moneyline': 390.0, 'away_moneyline': -550.0}]",12.0
401416620,2022,7,regular,2022-10-15T19:30:00.000Z,Eastern Michigan,Mid-American,10.0,Northern Illinois,Mid-American,39.0,"[{'provider': 'Bovada', 'spread': -3.5, 'formatted_spread': 'Eastern Michigan -3.5', 'spread_open': -3.0, 'over_under': 64.0, 'over_under_open': 63.0, 'home_moneyline': -165.0, 'away_moneyline': 140.0}]",-3.5
401416621,2022,7,regular,2022-10-15T19:30:00.000Z,Toledo,Mid-American,52.0,Kent State,Mid-American,31.0,"[{'provider': 'Bovada', 'spread': -7.0, 'formatted_spread': 'Toledo -7.0', 'spread_open': -9.0, 'over_under': 62.5, 'over_under_open': 62.0, 'home_moneyline': -310.0, 'away_moneyline': 255.0}]",-7.0
401416603,2022,3,regular,2022-09-17T16:00:00.000Z,Kent State,Mid-American,63.0,Long Island University,NEC,10.0,"[{'provider': 'Bovada', 'spread': -40.0, 'formatted_spread': 'Kent State -40.0', 'spread_open': -40.0, 'over_under': 65.0, 'over_under_open': 65.0, 'home_moneyline': None, 'away_moneyline': None}]",-40.0
401404073,2022,3,regular,2022-09-17T17:00:00.000Z,West Virginia,Big 12,65.0,Towson,CAA,7.0,"[{'provider': 'Bovada', 'spread': -41.0, 'formatted_spread': 'West Virginia -41.0', 'spread_open': -39.0, 'over_under': 58.5, 'over_under_open': 58.5, 'home_moneyline': None, 'away_moneyline': None}]",-41.0
401404117,2022,12,regular,2022-11-19T19:00:00.000Z,West Virginia,Big 12,31.0,Kansas State,Big 12,48.0,"[{'provider': 'Bovada', 'spread': 8.5, 'formatted_spread': 'Kansas State -8.5', 'spread_open': 7.5, 'over_under': 54.5, 'over_under_open': 55.0, 'home_moneyline': 240.0, 'away_moneyline': -290.0}]",8.5
401404038,2022,11,regular,2022-11-13T03:00:00.000Z,Utah,Pac-12,42.0,Stanford,Pac-12,7.0,"[{'provider': 'Bovada', 'spread': -24.0, 'formatted_spread': 'Utah -24.0', 'spread_open': -23.0, 'over_under': 54.0, 'over_under_open': 53.0, 'home_moneyline': -2800.0, 'away_moneyline': 1100.0}]",-24.0
401415227,2022,5,regular,2022-10-01T16:00:00.000Z,Air Force,Mountain West,13.0,Navy,American Athletic,10.0,"[{'provider': 'Bovada', 'spread': -13.5, 'formatted_spread': 'Air Force -13.5', 'spread_open': -16.0, 'over_under': 38.0, 'over_under_open': 38.0, 'home_moneyline': -700.0, 'away_moneyline': 475.0}]",-13.5
401415228,2022,5,regular,2022-10-01T00:00:00.000Z,Boise State,Mountain West,35.0,San Diego State,Mountain West,13.0,"[{'provider': 'Bovada', 'spread': -6.0, 'formatted_spread': 'Boise State -6.0', 'spread_open': -5.5, 'over_under': 38.0, 'over_under_open': 40.0, 'home_moneyline': -250.0, 'away_moneyline': 210.0}]",-6.0
401415229,2022,5,regular,2022-10-01T03:00:00.000Z,UNLV,Mountain West,31.0,New Mexico,Mountain West,20.0,"[{'provider': 'Bovada', 'spread': -14.0, 'formatted_spread': 'UNLV -14.0', 'spread_open': -16.0, 'over_under': 44.5, 'over_under_open': 45.5, 'home_moneyline': -850.0, 'away_moneyline': 550.0}]",-14.0
401405118,2022,8,regular,2022-10-22T19:30:00.000Z,Maryland,Big Ten,31.0,Northwestern,Big Ten,24.0,"[{'provider': 'Bovada', 'spread': -14.0, 'formatted_spread': 'Maryland -14.0', 'spread_open': -14.0, 'over_under': 51.0, 'over_under_open': 52.0, 'home_moneyline': -575.0, 'away_moneyline': 400.0}]",-14.0
401405119,2022,8,regular,2022-10-22T16:00:00.000Z,Ohio State,Big Ten,54.0,Iowa,Big Ten,10.0,"[{'provider': 'Bovada', 'spread': -30.0, 'formatted_spread': 'Ohio State -30.0', 'spread_open': -29.0, 'over_under': 50.0, 'over_under_open': 49.5, 'home_moneyline': None, 'away_moneyline': None}]",-30.0
401405120,2022,8,regular,2022-10-22T23:30:00.000Z,Penn State,Big Ten,45.0,Minnesota,Big Ten,17.0,"[{'provider': 'Bovada', 'spread': -5.5, 'formatted_spread': 'Penn State -5.5', 'spread_open': -5.0, 'over_under': 43.0, 'over_under_open': 44.0, 'home_moneyline': -210.0, 'away_moneyline': 175.0}]",-5.5
401414780,2022,3,regular,2022-09-17T19:30:00.000Z,UMass,FBS Independents,20.0,Stony Brook,CAA,3.0,"[{'provider': 'Bovada', 'spread': -1.0, 'formatted_spread': 'UMass -1.0', 'spread_open': -1.0, 'over_under': 44.0, 'over_under_open': 44.0, 'home_moneyline': None, 'away_moneyline': None}]",-1.0
401403884,2022,3,regular,2022-09-17T16:00:00.000Z,Kentucky,SEC,31.0,Youngstown State,MVFC,0.0,"[{'provider': 'Bovada', 'spread': -30.0, 'formatted_spread': 'Kentucky -30.0', 'spread_open': -30.0, 'over_under': 49.5, 'over_under_open': 49.5, 'home_moneyline': None, 'away_moneyline': None}]",-30.0
401404136,2022,3,regular,2022-09-17T16:00:00.000Z,Army,FBS Independents,49.0,Villanova,CAA,10.0,"[{'provider': 'Bovada', 'spread': -14.5, 'formatted_spread': 'Army -14.5', 'spread_open': -13.5, 'over_under': 56.0, 'over_under_open': 56.0, 'home_moneyline': None, 'away_moneyline': None}]",-14.5
401405083,2022,3,regular,2022-09-17T16:00:00.000Z,Northwestern,Big Ten,24.0,Southern Illinois,MVFC,31.0,"[{'provider': 'Bovada', 'spread': -14.0, 'formatted_spread': 'Northwestern -14.0', 'spread_open': -13.5, 'over_under': 58.0, 'over_under_open': 58.0, 'home_moneyline': None, 'away_moneyline': None}]",-14.0
401426379,2022,12,regular,2022-11-19T20:30:00.000Z,Southern Mississippi,Sun Belt,20.0,South Alabama,Sun Belt,27.0,"[{'provider': 'Bovada', 'spread': 7.5, 'formatted_spread': 'South Alabama -7.5', 'spread_open': 7.0, 'over_under': 45.0, 'over_under_open': 46.5, 'home_moneyline': 230.0, 'away_moneyline': -280.0}]",7.5
401403869,2022,2,regular,2022-09-10T16:00:00.000Z,Arkansas,SEC,44.0,South Carolina,SEC,30.0,"[{'provider': 'Bovada', 'spread': -9.5, 'formatted_spread': 'Arkansas -9.5', 'spread_open': -9.0, 'over_under': 56.5, 'over_under_open': 53.0, 'home_moneyline': -320.0, 'away_moneyline': 260.0}]",-9.5
401404148,2022,2,regular,2022-09-10T23:00:00.000Z,Connecticut,FBS Independents,14.0,Syracuse,ACC,48.0,"[{'provider': 'Bovada', 'spread': 23.5, 'formatted_spread': 'Syracuse -23.5', 'spread_open': 19.5, 'over_under': 49.5, 'over_under_open': 53.5, 'home_moneyline': 950.0, 'away_moneyline': -2000.0}]",23.5
401405072,2022,2,regular,2022-09-10T23:30:00.000Z,Nebraska,Big Ten,42.0,Georgia Southern,Sun Belt,45.0,"[{'provider': 'Bovada', 'spread': -23.5, 'formatted_spread': 'Nebraska -23.5', 'spread_open': -21.5, 'over_under': 64.0, 'over_under_open': 59.5, 'home_moneyline': -2800.0, 'away_moneyline': 1100.0}]",-23.5
401405085,2022,3,regular,2022-09-17T19:30:00.000Z,Wisconsin,Big Ten,66.0,New Mexico State,FBS Independents,7.0,"[{'provider': 'Bovada', 'spread': -37.5, 'formatted_spread': 'Wisconsin -37.5', 'spread_open': -37.0, 'over_under': 45.0, 'over_under_open': 47.5, 'home_moneyline': None, 'away_moneyline': None}]",-37.5
401411119,2022,4,regular,2022-09-24T16:00:00.000Z,Louisville,ACC,41.0,South Florida,American Athletic,3.0,"[{'provider': 'Bovada', 'spread': -15.5, 'formatted_spread': 'Louisville -15.5', 'spread_open': -13.0, 'over_under': 63.0, 'over_under_open': 64.0, 'home_moneyline': -550.0, 'away_moneyline': 390.0}]",-15.5
401405130,2022,10,regular,2022-11-05T16:00:00.000Z,Purdue,Big Ten,3.0,Iowa,Big Ten,24.0,"[{'provider': 'Bovada', 'spread': -3.5, 'formatted_spread': 'Purdue -3.5', 'spread_open': -4.0, 'over_under': 39.0, 'over_under_open': 43.0, 'home_moneyline': -195.0, 'away_moneyline': 165.0}]",-3.5
401411154,2022,10,regular,2022-11-06T00:00:00.000Z,NC State,ACC,30.0,Wake Forest,ACC,21.0,"[{'provider': 'Bovada', 'spread': 3.0, 'formatted_spread': 'Wake Forest -3.0', 'spread_open': 3.5, 'over_under': 54.0, 'over_under_open': 54.0, 'home_moneyline': 150.0, 'away_moneyline': -175.0}]",3.0
401411155,2022,10,regular,2022-11-05T19:30:00.000Z,Pittsburgh,ACC,19.0,Syracuse,ACC,9.0,"[{'provider': 'Bovada', 'spread': -3.5, 'formatted_spread': 'Pittsburgh -3.5', 'spread_open': -3.5, 'over_under': 47.5, 'over_under_open': 50.5, 'home_moneyline': -175.0, 'away_moneyline': 150.0}]",-3.5
401411156,2022,10,regular,2022-11-05T16:00:00.000Z,Virginia,ACC,28.0,North Carolina,ACC,31.0,"[{'provider': 'Bovada', 'spread': 7.5, 'formatted_spread': 'North Carolina -7.5', 'spread_open': 9.5, 'over_under': 61.5, 'over_under_open': 59.5, 'home_moneyline': 285.0, 'away_moneyline': -370.0}]",7.5
401411157,2022,10,regular,2022-11-05T16:30:00.000Z,Virginia Tech,ACC,27.0,Georgia Tech,ACC,28.0,"[{'provider': 'Bovada', 'spread': -4.0, 'formatted_spread': 'Virginia Tech -4.0', 'spread_open': -4.0, 'over_under': 40.5, 'over_under_open': 41.5, 'home_moneyline': -175.0, 'away_moneyline': 150.0}]",-4.0
401415250,2022,10,regular,2022-11-05T23:00:00.000Z,Boise State,Mountain West,28.0,BYU,FBS Independents,31.0,"[{'provider': 'Bovada', 'spread': -9.0, 'formatted_spread': 'Boise State -9.0', 'spread_open': -8.5, 'over_under': 54.0, 'over_under_open': 55.5, 'home_moneyline': -310.0, 'away_moneyline': 255.0}]",-9.0
401415251,2022,10,regular,2022-11-06T02:30:00.000Z,San José State,Mountain West,28.0,Colorado State,Mountain West,16.0,"[{'provider': 'Bovada', 'spread': -24.0, 'formatted_spread': 'San José State -24.0', 'spread_open': -22.0, 'over_under': 44.5, 'over_under_open': 45.0, 'home_moneyline': -2200.0, 'away_moneyline': 1000.0}]",-24.0
401415252,2022,10,regular,2022-11-05T19:30:00.000Z,Utah State,Mountain West,27.0,New Mexico,Mountain West,10.0,"[{'provider': 'Bovada', 'spread': -14.5, 'formatted_spread': 'Utah State -14.5', 'spread_open': -15.5, 'over_under': 42.5, 'over_under_open': 43.5, 'home_moneyline': -700.0, 'away_moneyline': 475.0}]",-14.5
401411093,2022,1,regular,2022-09-01T23:30:00.000Z,Wake Forest,ACC,44.0,VMI,Southern,10.0,"[{'provider': 'Bovada', 'spread': -33.5, 'formatted_spread': 'Wake Forest -33.5', 'spread_open': -31.5, 'over_under': 66.5, 'over_under_open': 67.5, 'home_moneyline': None, 'away_moneyline': None}]",-33.5
401426533,2022,1,regular,2022-09-01T23:00:00.000Z,Florida International,Conference USA,38.0,Bryant,Big South,37.0,"[{'provider': 'Bovada', 'spread': -10.5, 'formatted_spread': 'Florida International -10.5', 'spread_open': -10.0, 'over_under': 58.5, 'over_under_open': 54.0, 'home_moneyline': None, 'away_moneyline': None}]",-10.5
401415610,2022,1,regular,2022-09-01T23:00:00.000Z,UCF,American Athletic,56.0,South Carolina State,MEAC,10.0,"[{'provider': 'Bovada', 'spread': -43.5, 'formatted_spread': 'UCF -43.5', 'spread_open': -39.5, 'over_under': 58.5, 'over_under_open': 57.0, 'home_moneyline': None, 'away_moneyline': None}]",-43.5
401415253,2022,10,regular,2022-11-06T02:30:00.000Z,Fresno State,Mountain West,55.0,Hawai'i,Mountain West,13.0,"[{'provider': 'Bovada', 'spread': -27.5, 'formatted_spread': 'Fresno State -27.5', 'spread_open': -23.0, 'over_under': 62.0, 'over_under_open': 57.5, 'home_moneyline': -2500.0, 'away_moneyline': 1050.0}]",-27.5
401416608,2022,5,regular,2022-10-01T18:00:00.000Z,Ball State,Mid-American,44.0,Northern Illinois,Mid-American,38.0,"[{'provider': 'Bovada', 'spread': 3.0, 'formatted_spread': 'Northern Illinois -3.0', 'spread_open': 3.5, 'over_under': 58.5, 'over_under_open': 60.0, 'home_moneyline': 135.0, 'away_moneyline': -160.0}]",3.0
401416609,2022,5,regular,2022-10-01T19:30:00.000Z,Akron,Mid-American,28.0,Bowling Green,Mid-American,31.0,"[{'provider': 'Bovada', 'spread': 8.5, 'formatted_spread': 'Bowling Green -8.5', 'spread_open': 6.5, 'over_under': 49.5, 'over_under_open': 52.0, 'home_moneyline': 300.0, 'away_moneyline': -400.0}]",8.5
401416610,2022,5,regular,2022-10-01T19:30:00.000Z,Buffalo,Mid-American,24.0,Miami (OH),Mid-American,20.0,"[{'provider': 'Bovada', 'spread': -3.0, 'formatted_spread': 'Buffalo -3.0', 'spread_open': 1.5, 'over_under': 50.5, 'over_under_open': 52.5, 'home_moneyline': -110.0, 'away_moneyline': -110.0}]",-3.0
401416592,2022,1,regular,2022-09-02T00:00:00.000Z,Northern Illinois,Mid-American,34.0,Eastern Illinois,OVC,27.0,"[{'provider': 'Bovada', 'spread': -35.0, 'formatted_spread': 'Northern Illinois -35.0', 'spread_open': -35.0, 'over_under': 55.5, 'over_under_open': 54.0, 'home_moneyline': None, 'away_moneyline': None}]",-35.0
401413224,2022,1,regular,2022-09-02T02:30:00.000Z,Fresno State,Mountain West,35.0,Cal Poly,Big Sky,7.0,"[{'provider': 'Bovada', 'spread': -43.0, 'formatted_spread': 'Fresno State -43.0', 'spread_open': -41.0, 'over_under': 63.0, 'over_under_open': 59.5, 'home_moneyline': None, 'away_moneyline': None}]",-43.0
401415632,2022,6,regular,2022-10-08T19:30:00.000Z,Navy,American Athletic,53.0,Tulsa,American Athletic,21.0,"[{'provider': 'Bovada', 'spread': 4.5, 'formatted_spread': 'Tulsa -4.5', 'spread_open': 6.0, 'over_under': 45.5, 'over_under_open': 47.0, 'home_moneyline': 165.0, 'away_moneyline': -195.0}]",4.5
401404068,2022,3,regular,2022-09-17T20:00:00.000Z,Houston,American Athletic,30.0,Kansas,Big 12,48.0,"[{'provider': 'Bovada', 'spread': -8.5, 'formatted_spread': 'Houston -8.5', 'spread_open': -10.5, 'over_under': 58.5, 'over_under_open': 62.0, 'home_moneyline': -310.0, 'away_moneyline': 255.0}]",-8.5
401404069,2022,3,regular,2022-09-17T18:00:00.000Z,Iowa State,Big 12,43.0,Ohio,Mid-American,10.0,"[{'provider': 'Bovada', 'spread': -19.5, 'formatted_spread': 'Iowa State -19.5', 'spread_open': -21.5, 'over_under': 47.5, 'over_under_open': 49.0, 'home_moneyline': -1100.0, 'away_moneyline': 650.0}]",-19.5
401416605,2022,4,regular,2022-09-24T22:00:00.000Z,Georgia Southern,Sun Belt,34.0,Ball State,Mid-American,23.0,"[{'provider': 'Bovada', 'spread': -9.5, 'formatted_spread': 'Georgia Southern -9.5', 'spread_open': -8.5, 'over_under': 67.0, 'over_under_open': 61.5, 'home_moneyline': -340.0, 'away_moneyline': 270.0}]",-9.5
401405108,2022,6,regular,2022-10-08T16:00:00.000Z,Indiana,Big Ten,10.0,Michigan,Big Ten,31.0,"[{'provider': 'Bovada', 'spread': 23.5, 'formatted_spread': 'Michigan -23.5', 'spread_open': 21.5, 'over_under': 57.5, 'over_under_open': 57.5, 'home_moneyline': 1000.0, 'away_moneyline': -2200.0}]",23.5
401405109,2022,6,regular,2022-10-08T16:00:00.000Z,Maryland,Big Ten,29.0,Purdue,Big Ten,31.0,"[{'provider': 'Bovada', 'spread': -3.0, 'formatted_spread': 'Maryland -3.0', 'spread_open': -3.5, 'over_under': 59.5, 'over_under_open': 61.0, 'home_moneyline': -150.0, 'away_moneyline': 130.0}]",-3.0
401405110,2022,6,regular,2022-10-08T20:00:00.000Z,Michigan State,Big Ten,20.0,Ohio State,Big Ten,49.0,"[{'provider': 'Bovada', 'spread': 27.5, 'formatted_spread': 'Ohio State -27.5', 'spread_open': 25.5, 'over_under': 65.0, 'over_under_open': 62.0, 'home_moneyline': None, 'away_moneyline': None}]",27.5
401411131,2022,6,regular,2022-10-08T23:30:00.000Z,Boston College,ACC,3.0,Clemson,ACC,31.0,"[{'provider': 'Bovada', 'spread': 21.0, 'formatted_spread': 'Clemson -21.0', 'spread_open': 20.5, 'over_under': 49.0, 'over_under_open': 50.0, 'home_moneyline': 850.0, 'away_moneyline': -1800.0}]",21.0
401411132,2022,6,regular,2022-10-08T20:00:00.000Z,Georgia Tech,ACC,23.0,Duke,ACC,20.0,"[{'provider': 'Bovada', 'spread': 3.5, 'formatted_spread': 'Duke -3.5', 'spread_open': 3.5, 'over_under': 54.0, 'over_under_open': 55.5, 'home_moneyline': 125.0, 'away_moneyline': -145.0}]",3.5
401404099,2022,8,regular,2022-10-22T19:00:00.000Z,Texas Tech,Big 12,48.0,West Virginia,Big 12,10.0,"[{'provider': 'Bovada', 'spread': -4.5, 'formatted_spread': 'Texas Tech -4.5', 'spread_open': -4.0, 'over_under': 65.0, 'over_under_open': 69.0, 'home_moneyline': -280.0, 'away_moneyline': 230.0}]",-4.5
401403921,2022,7,regular,2022-10-15T19:30:00.000Z,Tennessee,SEC,52.0,Alabama,SEC,49.0,"[{'provider': 'Bovada', 'spread': 9.0, 'formatted_spread': 'Alabama -9.0', 'spread_open': 7.0, 'over_under': 68.0, 'over_under_open': 65.5, 'home_moneyline': 260.0, 'away_moneyline': -320.0}]",9.0
401416591,2022,1,regular,2022-09-02T23:00:00.000Z,Michigan State,Big Ten,35.0,Western Michigan,Mid-American,13.0,"[{'provider': 'Bovada', 'spread': -22.0, 'formatted_spread': 'Michigan State -22.0', 'spread_open': -19.0, 'over_under': 54.5, 'over_under_open': 54.5, 'home_moneyline': -1200.0, 'away_moneyline': 700.0}]",-22.0
401426330,2022,1,regular,2022-09-02T23:00:00.000Z,Old Dominion,Sun Belt,20.0,Virginia Tech,ACC,17.0,"[{'provider': 'Bovada', 'spread': 6.0, 'formatted_spread': 'Virginia Tech -6.0', 'spread_open': 7.0, 'over_under': 48.0, 'over_under_open': 52.5, 'home_moneyline': 260.0, 'away_moneyline': -320.0}]",6.0
401403854,2022,1,regular,2022-09-03T23:30:00.000Z,Alabama,SEC,55.0,Utah State,Mountain West,0.0,"[{'provider': 'Bovada', 'spread': -42.5, 'formatted_spread': 'Alabama -42.5', 'spread_open': -34.0, 'over_under': 63.0, 'over_under_open': 62.5, 'home_moneyline': None, 'away_moneyline': None}]",-42.5
401403855,2022,1,regular,2022-09-03T19:30:00.000Z,Arkansas,SEC,31.0,Cincinnati,American Athletic,24.0,"[{'provider': 'Bovada', 'spread': -7.0, 'formatted_spread': 'Arkansas -7.0', 'spread_open': -7.5, 'over_under': 54.5, 'over_under_open': 54.0, 'home_moneyline': -230.0, 'away_moneyline': 190.0}]",-7.0
401403857,2022,1,regular,2022-09-03T23:00:00.000Z,Florida,SEC,29.0,Utah,Pac-12,26.0,"[{'provider': 'Bovada', 'spread': 2.5, 'formatted_spread': 'Utah -2.5', 'spread_open': 0.0, 'over_under': 51.5, 'over_under_open': 52.5, 'home_moneyline': 120.0, 'away_moneyline': -140.0}]",2.5
401403859,2022,1,regular,2022-09-03T23:00:00.000Z,Kentucky,SEC,37.0,Miami (OH),Mid-American,13.0,"[{'provider': 'Bovada', 'spread': -16.0, 'formatted_spread': 'Kentucky -16.0', 'spread_open': -21.0, 'over_under': 55.0, 'over_under_open': 49.5, 'home_moneyline': -1100.0, 'away_moneyline': 650.0}]",-16.0
401403860,2022,1,regular,2022-09-03T20:00:00.000Z,Ole Miss,SEC,28.0,Troy,Sun Belt,10.0,"[{'provider': 'Bovada', 'spread': -21.0, 'formatted_spread': 'Ole Miss -21.0', 'spread_open': -21.0, 'over_under': 57.0, 'over_under_open': 61.0, 'home_moneyline': -2200.0, 'away_moneyline': 1000.0}]",-21.0
401403861,2022,1,regular,2022-09-03T23:30:00.000Z,Mississippi State,SEC,49.0,Memphis,American Athletic,23.0,"[{'provider': 'Bovada', 'spread': -17.0, 'formatted_spread': 'Mississippi State -17.0', 'spread_open': -13.5, 'over_under': 58.0, 'over_under_open': 56.5, 'home_moneyline': -625.0, 'away_moneyline': 430.0}]",-17.0
401403863,2022,1,regular,2022-09-03T23:30:00.000Z,South Carolina,SEC,35.0,Georgia State,Sun Belt,14.0,"[{'provider': 'Bovada', 'spread': -12.5, 'formatted_spread': 'South Carolina -12.5', 'spread_open': -11.0, 'over_under': 54.5, 'over_under_open': 56.0, 'home_moneyline': -480.0, 'away_moneyline': 350.0}]",-12.5
401411122,2022,4,regular,2022-09-24T20:00:00.000Z,UCF,American Athletic,27.0,Georgia Tech,ACC,10.0,"[{'provider': 'Bovada', 'spread': -21.5, 'formatted_spread': 'UCF -21.5', 'spread_open': -18.0, 'over_under': 56.5, 'over_under_open': 57.5, 'home_moneyline': -1200.0, 'away_moneyline': 700.0}]",-21.5
401411123,2022,4,regular,2022-09-24T16:00:00.000Z,Wake Forest,ACC,45.0,Clemson,ACC,51.0,"[{'provider': 'Bovada', 'spread': 8.0, 'formatted_spread': 'Clemson -8.0', 'spread_open': 7.0, 'over_under': 58.0, 'over_under_open': 56.5, 'home_moneyline': 235.0, 'away_moneyline': -285.0}]",8.0
401414781,2022,4,regular,2022-09-24T18:00:00.000Z,Temple,American Athletic,28.0,UMass,FBS Independents,0.0,"[{'provider': 'Bovada', 'spread': -10.5, 'formatted_spread': 'Temple -10.5', 'spread_open': -9.5, 'over_under': 44.0, 'over_under_open': 44.5, 'home_moneyline': -370.0, 'away_moneyline': 285.0}]",-10.5
401426567,2022,4,regular,2022-09-24T23:00:00.000Z,South Alabama,Sun Belt,38.0,Louisiana Tech,Conference USA,14.0,"[{'provider': 'Bovada', 'spread': -13.0, 'formatted_spread': 'South Alabama -13.0', 'spread_open': -12.5, 'over_under': 59.0, 'over_under_open': 60.0, 'home_moneyline': -525.0, 'away_moneyline': 375.0}]",-13.0
401426568,2022,4,regular,2022-09-24T19:30:00.000Z,Miami,ACC,31.0,Middle Tennessee,Conference USA,45.0,"[{'provider': 'Bovada', 'spread': -25.5, 'formatted_spread': 'Miami -25.5', 'spread_open': -26.0, 'over_under': 53.5, 'over_under_open': 53.5, 'home_moneyline': -5000.0, 'away_moneyline': 1300.0}]",-25.5
401426569,2022,4,regular,2022-09-24T19:30:00.000Z,Memphis,American Athletic,44.0,North Texas,Conference USA,34.0,"[{'provider': 'Bovada', 'spread': -13.0, 'formatted_spread': 'Memphis -13.0', 'spread_open': -12.5, 'over_under': 68.5, 'over_under_open': 68.5, 'home_moneyline': -470.0, 'away_moneyline': 345.0}]",-13.0
401426570,2022,4,regular,2022-09-24T22:00:00.000Z,Houston,American Athletic,34.0,Rice,Conference USA,27.0,"[{'provider': 'Bovada', 'spread': -17.5, 'formatted_spread': 'Houston -17.5', 'spread_open': -17.0, 'over_under': 52.5, 'over_under_open': 57.5, 'home_moneyline': -900.0, 'away_moneyline': 575.0}]",-17.5
401426595,2022,9,regular,2022-10-29T23:00:00.000Z,Florida Atlantic,Conference USA,24.0,UAB,Conference USA,17.0,"[{'provider': 'Bovada', 'spread': 5.0, 'formatted_spread': 'UAB -5.0', 'spread_open': 5.0, 'over_under': 45.0, 'over_under_open': 48.0, 'home_moneyline': 200.0, 'away_moneyline': -240.0}]",5.0
401426596,2022,9,regular,2022-10-30T01:00:00.000Z,UTEP,Conference USA,13.0,Middle Tennessee,Conference USA,24.0,"[{'provider': 'Bovada', 'spread': -2.5, 'formatted_spread': 'UTEP -2.5', 'spread_open': -1.5, 'over_under': 52.0, 'over_under_open': 53.5, 'home_moneyline': -115.0, 'away_moneyline': -105.0}]",-2.5
401426597,2022,9,regular,2022-10-29T19:30:00.000Z,Western Kentucky,Conference USA,13.0,North Texas,Conference USA,40.0,"[{'provider': 'Bovada', 'spread': -10.0, 'formatted_spread': 'Western Kentucky -10.0', 'spread_open': -9.5, 'over_under': 70.0, 'over_under_open': 71.5, 'home_moneyline': -360.0, 'away_moneyline': 280.0}]",-10.0
401416632,2022,10,regular,2022-11-01T23:00:00.000Z,Kent State,Mid-American,20.0,Ball State,Mid-American,27.0,"[{'provider': 'Bovada', 'spread': -7.0, 'formatted_spread': 'Kent State -7.0', 'spread_open': -4.0, 'over_under': 62.0, 'over_under_open': 61.5, 'home_moneyline': -270.0, 'away_moneyline': 220.0}]",-7.0
401404107,2022,10,regular,2022-11-05T23:00:00.000Z,Kansas State,Big 12,27.0,Texas,Big 12,34.0,"[{'provider': 'Bovada', 'spread': 3.0, 'formatted_spread': 'Texas -3.0', 'spread_open': 1.5, 'over_under': 55.0, 'over_under_open': 54.5, 'home_moneyline': 125.0, 'away_moneyline': -145.0}]",3.0
401404108,2022,10,regular,2022-11-05T16:00:00.000Z,TCU,Big 12,34.0,Texas Tech,Big 12,24.0,"[{'provider': 'Bovada', 'spread': -8.5, 'formatted_spread': 'TCU -8.5', 'spread_open': -10.0, 'over_under': 69.0, 'over_under_open': 71.0, 'home_moneyline': -400.0, 'away_moneyline': 300.0}]",-8.5
401404130,2022,10,regular,2022-11-05T23:30:00.000Z,Notre Dame,FBS Independents,35.0,Clemson,ACC,14.0,"[{'provider': 'Bovada', 'spread': 4.0, 'formatted_spread': 'Clemson -4.0', 'spread_open': 4.0, 'over_under': 43.5, 'over_under_open': 48.0, 'home_moneyline': 140.0, 'away_moneyline': -165.0}]",4.0
401404116,2022,12,regular,2022-11-19T20:30:00.000Z,Kansas,Big 12,14.0,Texas,Big 12,55.0,"[{'provider': 'Bovada', 'spread': 9.0, 'formatted_spread': 'Texas -9.0', 'spread_open': 9.0, 'over_under': 63.5, 'over_under_open': 64.5, 'home_moneyline': 275.0, 'away_moneyline': -350.0}]",9.0
401422998,2022,3,regular,2022-09-17T16:00:00.000Z,Lehigh,Patriot,6.0,Richmond,CAA,30.0,"[{'provider': 'Bovada', 'spread': 16.0, 'formatted_spread': 'Richmond -16.0', 'spread_open': 16.0, 'over_under': 47.0, 'over_under_open': 47.0, 'home_moneyline': None, 'away_moneyline': None}]",16.0
401423914,2022,3,regular,2022-09-17T17:00:00.000Z,Pennsylvania,Ivy,25.0,Colgate,Patriot,14.0,"[{'provider': 'Bovada', 'spread': -3.0, 'formatted_spread': 'Pennsylvania -3.0', 'spread_open': -3.0, 'over_under': None, 'over_under_open': None, 'home_moneyline': None, 'away_moneyline': None}]",-3.0
401404031,2022,10,regular,2022-11-05T02:30:00.000Z,Washington,Pac-12,24.0,Oregon State,Pac-12,21.0,"[{'provider': 'Bovada', 'spread': -4.5, 'formatted_spread': 'Washington -4.5', 'spread_open': -4.5, 'over_under': 53.5, 'over_under_open': 60.5, 'home_moneyline': -200.0, 'away_moneyline': 170.0}]",-4.5
401426362,2022,9,regular,2022-10-29T23:00:00.000Z,Marshall,Sun Belt,13.0,Coastal Carolina,Sun Belt,24.0,"[{'provider': 'Bovada', 'spread': -2.5, 'formatted_spread': 'Marshall -2.5', 'spread_open': -2.0, 'over_under': 54.0, 'over_under_open': 55.0, 'home_moneyline': -140.0, 'away_moneyline': 120.0}]",-2.5
401405132,2022,10,regular,2022-11-05T19:30:00.000Z,Indiana,Big Ten,14.0,Penn State,Big Ten,45.0,"[{'provider': 'Bovada', 'spread': 13.5, 'formatted_spread': 'Penn State -13.5', 'spread_open': 13.5, 'over_under': 50.5, 'over_under_open': 54.5, 'home_moneyline': 375.0, 'away_moneyline': -525.0}]",13.5
401405133,2022,10,regular,2022-11-05T23:30:00.000Z,Rutgers,Big Ten,17.0,Michigan,Big Ten,52.0,"[{'provider': 'Bovada', 'spread': 26.5, 'formatted_spread': 'Michigan -26.5', 'spread_open': 26.5, 'over_under': 45.0, 'over_under_open': 46.0, 'home_moneyline': 1250.0, 'away_moneyline': -4500.0}]",26.5
401411152,2022,10,regular,2022-11-05T23:30:00.000Z,Louisville,ACC,34.0,James Madison,Sun Belt,10.0,"[{'provider': 'Bovada', 'spread': -6.5, 'formatted_spread': 'Louisville -6.5', 'spread_open': -8.5, 'over_under': 53.5, 'over_under_open': 55.0, 'home_moneyline': -280.0, 'away_moneyline': 230.0}]",-6.5
401426601,2022,10,regular,2022-11-03T23:00:00.000Z,Rice,Conference USA,37.0,UTEP,Conference USA,30.0,"[{'provider': 'Bovada', 'spread': -3.5, 'formatted_spread': 'Rice -3.5', 'spread_open': -3.5, 'over_under': 47.0, 'over_under_open': 48.0, 'home_moneyline': -175.0, 'away_moneyline': 150.0}]",-3.5
401426602,2022,10,regular,2022-11-05T19:30:00.000Z,UAB,Conference USA,38.0,UT San Antonio,Conference USA,44.0,"[{'provider': 'Bovada', 'spread': 2.5, 'formatted_spread': 'UT San Antonio -2.5', 'spread_open': 1.0, 'over_under': 53.0, 'over_under_open': 52.0, 'home_moneyline': 105.0, 'away_moneyline': -125.0}]",2.5
401403991,2022,3,regular,2022-09-17T18:00:00.000Z,UCLA,Pac-12,32.0,South Alabama,Sun Belt,31.0,"[{'provider': 'Bovada', 'spread': -15.5, 'formatted_spread': 'UCLA -15.5', 'spread_open': -14.0, 'over_under': 59.0, 'over_under_open': 59.0, 'home_moneyline': -650.0, 'away_moneyline': 450.0}]",-15.5
401403992,2022,3,regular,2022-09-18T02:30:00.000Z,USC,Pac-12,45.0,Fresno State,Mountain West,17.0,"[{'provider': 'Bovada', 'spread': -12.0, 'formatted_spread': 'USC -12.0', 'spread_open': -13.0, 'over_under': 71.5, 'over_under_open': 71.0, 'home_moneyline': -450.0, 'away_moneyline': 335.0}]",-12.0
401403993,2022,3,regular,2022-09-18T02:00:00.000Z,Utah,Pac-12,35.0,San Diego State,Mountain West,7.0,"[{'provider': 'Bovada', 'spread': -22.5, 'formatted_spread': 'Utah -22.5', 'spread_open': -21.0, 'over_under': 48.5, 'over_under_open': 49.5, 'home_moneyline': -1800.0, 'away_moneyline': 850.0}]",-22.5
401403994,2022,3,regular,2022-09-17T23:30:00.000Z,Washington,Pac-12,39.0,Michigan State,Big Ten,28.0,"[{'provider': 'Bovada', 'spread': -3.5, 'formatted_spread': 'Washington -3.5', 'spread_open': -1.0, 'over_under': 56.5, 'over_under_open': 55.0, 'home_moneyline': -165.0, 'away_moneyline': 140.0}]",-3.5
401403995,2022,3,regular,2022-09-17T21:00:00.000Z,Washington State,Pac-12,38.0,Colorado State,Mountain West,7.0,"[{'provider': 'Bovada', 'spread': -17.0, 'formatted_spread': 'Washington State -17.0', 'spread_open': -16.5, 'over_under': 52.0, 'over_under_open': 53.0, 'home_moneyline': -800.0, 'away_moneyline': 525.0}]",-17.0
401404070,2022,3,regular,2022-09-17T16:00:00.000Z,Nebraska,Big Ten,14.0,Oklahoma,Big 12,49.0,"[{'provider': 'Bovada', 'spread': 10.5, 'formatted_spread': 'Oklahoma -10.5', 'spread_open': 14.0, 'over_under': 65.5, 'over_under_open': 64.5, 'home_moneyline': 325.0, 'away_moneyline': -450.0}]",10.5
401405070,2022,2,regular,2022-09-10T20:00:00.000Z,Illinois,Big Ten,24.0,Virginia,ACC,3.0,"[{'provider': 'Bovada', 'spread': -3.5, 'formatted_spread': 'Illinois -3.5', 'spread_open': -3.5, 'over_under': 55.0, 'over_under_open': 56.5, 'home_moneyline': -175.0, 'away_moneyline': 150.0}]",-3.5
401421121,2022,1,regular,2022-09-03T23:00:00.000Z,Louisiana,Sun Belt,24.0,Southeastern Louisiana,Southland,7.0,"[{'provider': 'Bovada', 'spread': -13.0, 'formatted_spread': 'Louisiana -13.0', 'spread_open': -13.0, 'over_under': 61.0, 'over_under_open': 61.0, 'home_moneyline': -550.0, 'away_moneyline': 390.0}]",-13.0
401424416,2022,1,regular,2022-09-03T23:00:00.000Z,Baylor,Big 12,69.0,Albany,CAA,10.0,"[{'provider': 'Bovada', 'spread': -43.0, 'formatted_spread': 'Baylor -43.0', 'spread_open': -42.5, 'over_under': 47.5, 'over_under_open': 45.5, 'home_moneyline': None, 'away_moneyline': None}]",-43.0
401425418,2022,1,regular,2022-09-03T23:00:00.000Z,Arkansas State,Sun Belt,58.0,Grambling,SWAC,3.0,"[{'provider': 'Bovada', 'spread': -25.5, 'formatted_spread': 'Arkansas State -25.5', 'spread_open': -24.5, 'over_under': 57.0, 'over_under_open': 58.5, 'home_moneyline': None, 'away_moneyline': None}]",-25.5
401403970,2022,1,regular,2022-09-04T00:00:00.000Z,Stanford,Pac-12,41.0,Colgate,Patriot,10.0,"[{'provider': 'Bovada', 'spread': -39.0, 'formatted_spread': 'Stanford -39.0', 'spread_open': -40.0, 'over_under': 52.0, 'over_under_open': 51.0, 'home_moneyline': None, 'away_moneyline': None}]",-39.0
401404055,2022,1,regular,2022-09-04T00:00:00.000Z,Texas Tech,Big 12,63.0,Murray State,OVC,10.0,"[{'provider': 'Bovada', 'spread': -39.0, 'formatted_spread': 'Texas Tech -39.0', 'spread_open': -38.0, 'over_under': 64.5, 'over_under_open': 60.0, 'home_moneyline': None, 'away_moneyline': None}]",-39.0
401403974,2022,1,regular,2022-09-04T01:30:00.000Z,Washington State,Pac-12,24.0,Idaho,Big Sky,17.0,"[{'provider': 'Bovada', 'spread': -29.0, 'formatted_spread': 'Washington State -29.0', 'spread_open': -28.0, 'over_under': 63.5, 'over_under_open': 61.5, 'home_moneyline': None, 'away_moneyline': None}]",-29.0
401415015,2022,1,regular,2022-09-03T19:30:00.000Z,Marshall,Sun Belt,55.0,Norfolk State,MEAC,3.0,"[{'provider': 'Bovada', 'spread': -40.5, 'formatted_spread': 'Marshall -40.5', 'spread_open': -40.5, 'over_under': 59.0, 'over_under_open': 59.0, 'home_moneyline': None, 'away_moneyline': None}]",-40.5
401403968,2022,1,regular,2022-09-03T20:00:00.000Z,California,Pac-12,34.0,UC Davis,Big Sky,13.0,"[{'provider': 'Bovada', 'spread': -14.0, 'formatted_spread': 'California -14.0', 'spread_open': -13.5, 'over_under': 44.0, 'over_under_open': 44.0, 'home_moneyline': -600.0, 'away_moneyline': 425.0}]",-14.0
401421116,2022,1,regular,2022-09-03T21:00:00.000Z,South Alabama,Sun Belt,48.0,Nicholls,Southland,7.0,"[{'provider': 'Bovada', 'spread': -13.5, 'formatted_spread': 'South Alabama -13.5', 'spread_open': -13.5, 'over_under': 53.0, 'over_under_open': 53.0, 'home_moneyline': -575.0, 'away_moneyline': 400.0}]",-13.5
401420777,2022,1,regular,2022-09-03T22:00:00.000Z,Georgia Southern,Sun Belt,59.0,Morgan State,MEAC,7.0,"[{'provider': 'Bovada', 'spread': -39.5, 'formatted_spread': 'Georgia Southern -39.5', 'spread_open': -39.5, 'over_under': 54.0, 'over_under_open': 53.5, 'home_moneyline': None, 'away_moneyline': None}]",-39.5
401403856,2022,1,regular,2022-09-03T23:00:00.000Z,Auburn,SEC,42.0,Mercer,Southern,16.0,"[{'provider': 'Bovada', 'spread': -30.0, 'formatted_spread': 'Auburn -30.0', 'spread_open': -29.0, 'over_under': 51.5, 'over_under_open': 50.0, 'home_moneyline': None, 'away_moneyline': None}]",-30.0
401403866,2022,1,regular,2022-09-03T23:00:00.000Z,Vanderbilt,SEC,42.0,Elon,CAA,31.0,"[{'provider': 'Bovada', 'spread': -20.0, 'formatted_spread': 'Vanderbilt -20.0', 'spread_open': -18.0, 'over_under': 51.0, 'over_under_open': 51.0, 'home_moneyline': None, 'away_moneyline': None}]",-20.0
401404056,2022,1,regular,2022-09-03T23:00:00.000Z,Kansas State,Big 12,34.0,South Dakota,MVFC,0.0,"[{'provider': 'Bovada', 'spread': -27.0, 'formatted_spread': 'Kansas State -27.0', 'spread_open': -25.0, 'over_under': 50.0, 'over_under_open': 47.5, 'home_moneyline': None, 'away_moneyline': None}]",-27.0
401415209,2022,1,regular,2022-09-03T17:00:00.000Z,Air Force,Mountain West,48.0,Northern Iowa,MVFC,17.0,"[{'provider': 'Bovada', 'spread': -16.0, 'formatted_spread': 'Air Force -16.0', 'spread_open': -15.0, 'over_under': 47.0, 'over_under_open': 44.0, 'home_moneyline': None, 'away_moneyline': None}]",-16.0
401415210,2022,1,regular,2022-09-04T00:00:00.000Z,New Mexico,Mountain West,41.0,Maine,CAA,0.0,"[{'provider': 'Bovada', 'spread': -6.5, 'formatted_spread': 'New Mexico -6.5', 'spread_open': -5.0, 'over_under': 42.0, 'over_under_open': 42.0, 'home_moneyline': -210.0, 'away_moneyline': 175.0}]",-6.5
401404147,2022,1,regular,2022-09-03T16:00:00.000Z,Connecticut,FBS Independents,28.0,Central Connecticut,NEC,3.0,"[{'provider': 'Bovada', 'spread': -21.0, 'formatted_spread': 'Connecticut -21.0', 'spread_open': -20.0, 'over_under': 51.0, 'over_under_open': 51.5, 'home_moneyline': None, 'away_moneyline': None}]",-21.0
401404013,2022,7,regular,2022-10-15T21:30:00.000Z,Washington,Pac-12,49.0,Arizona,Pac-12,39.0,"[{'provider': 'Bovada', 'spread': -14.5, 'formatted_spread': 'Washington -14.5', 'spread_open': -15.5, 'over_under': 71.5, 'over_under_open': 73.5, 'home_moneyline': None, 'away_moneyline': 500.0}]",-14.5
401404014,2022,7,regular,2022-10-15T18:00:00.000Z,Colorado,Pac-12,20.0,California,Pac-12,13.0,"[{'provider': 'Bovada', 'spread': 15.0, 'formatted_spread': 'California -15.0', 'spread_open': 14.5, 'over_under': 48.5, 'over_under_open': 49.0, 'home_moneyline': 460.0, 'away_moneyline': -675.0}]",15.0
401426571,2022,4,regular,2022-09-24T01:00:00.000Z,UTEP,Conference USA,27.0,Boise State,Mountain West,10.0,"[{'provider': 'Bovada', 'spread': 16.0, 'formatted_spread': 'Boise State -16.0', 'spread_open': 15.5, 'over_under': 45.0, 'over_under_open': 46.5, 'home_moneyline': 525.0, 'away_moneyline': -800.0}]",16.0
401404155,2022,10,regular,2022-11-04T23:00:00.000Z,Connecticut,FBS Independents,27.0,UMass,FBS Independents,10.0,"[{'provider': 'Bovada', 'spread': -15.5, 'formatted_spread': 'Connecticut -15.5', 'spread_open': -15.5, 'over_under': 39.0, 'over_under_open': 41.0, 'home_moneyline': -750.0, 'away_moneyline': 500.0}]",-15.5
401405127,2022,10,regular,2022-11-05T19:30:00.000Z,Illinois,Big Ten,15.0,Michigan State,Big Ten,23.0,"[{'provider': 'Bovada', 'spread': -16.0, 'formatted_spread': 'Illinois -16.0', 'spread_open': -15.5, 'over_under': 41.0, 'over_under_open': 43.5, 'home_moneyline': -800.0, 'away_moneyline': 525.0}]",-16.0
401405128,2022,10,regular,2022-11-05T16:00:00.000Z,Nebraska,Big Ten,13.0,Minnesota,Big Ten,20.0,"[{'provider': 'Bovada', 'spread': 14.5, 'formatted_spread': 'Minnesota -14.5', 'spread_open': 12.5, 'over_under': 44.5, 'over_under_open': 47.0, 'home_moneyline': 475.0, 'away_moneyline': -700.0}]",14.5
401405129,2022,10,regular,2022-11-05T16:00:00.000Z,Northwestern,Big Ten,7.0,Ohio State,Big Ten,21.0,"[{'provider': 'Bovada', 'spread': 38.0, 'formatted_spread': 'Ohio State -38.0', 'spread_open': 38.5, 'over_under': 55.0, 'over_under_open': 62.5, 'home_moneyline': None, 'away_moneyline': None}]",38.0
401405131,2022,10,regular,2022-11-05T16:00:00.000Z,Wisconsin,Big Ten,23.0,Maryland,Big Ten,10.0,"[{'provider': 'Bovada', 'spread': -5.0, 'formatted_spread': 'Wisconsin -5.0', 'spread_open': -5.5, 'over_under': 47.5, 'over_under_open': 53.0, 'home_moneyline': -210.0, 'away_moneyline': 175.0}]",-5.0
401404150,2022,4,regular,2022-09-24T23:30:00.000Z,NC State,ACC,41.0,Connecticut,FBS Independents,10.0,"[{'provider': 'Bovada', 'spread': -38.5, 'formatted_spread': 'NC State -38.5', 'spread_open': -39.5, 'over_under': 48.0, 'over_under_open': 50.5, 'home_moneyline': None, 'away_moneyline': None}]",-38.5
401405087,2022,3,regular,2022-09-17T23:30:00.000Z,Maryland,Big Ten,34.0,SMU,American Athletic,27.0,"[{'provider': 'Bovada', 'spread': -3.0, 'formatted_spread': 'Maryland -3.0', 'spread_open': -2.5, 'over_under': 74.0, 'over_under_open': 70.0, 'home_moneyline': -145.0, 'away_moneyline': 125.0}]",-3.0
401403887,2022,3,regular,2022-09-17T16:00:00.000Z,Missouri,SEC,34.0,Abilene Christian,Western Athletic,17.0,"[{'provider': 'Bovada', 'spread': -31.5, 'formatted_spread': 'Missouri -31.5', 'spread_open': -31.5, 'over_under': 56.5, 'over_under_open': 56.5, 'home_moneyline': None, 'away_moneyline': None}]",-31.5
401404115,2022,12,regular,2022-11-20T00:00:00.000Z,Iowa State,Big 12,10.0,Texas Tech,Big 12,14.0,"[{'provider': 'Bovada', 'spread': -3.5, 'formatted_spread': 'Iowa State -3.5', 'spread_open': -3.5, 'over_under': 47.0, 'over_under_open': 48.0, 'home_moneyline': -170.0, 'away_moneyline': 145.0}]",-3.5
401426535,2022,1,regular,2022-09-02T23:00:00.000Z,Charlotte,Conference USA,24.0,William & Mary,CAA,41.0,"[{'provider': 'Bovada', 'spread': -4.5, 'formatted_spread': 'Charlotte -4.5', 'spread_open': -2.5, 'over_under': 52.0, 'over_under_open': 52.0, 'home_moneyline': -185.0, 'away_moneyline': 160.0}]",-4.5
401416590,2022,1,regular,2022-09-02T23:00:00.000Z,Eastern Michigan,Mid-American,42.0,Eastern Kentucky,Atlantic Sun,34.0,"[{'provider': 'Bovada', 'spread': -10.5, 'formatted_spread': 'Eastern Michigan -10.5', 'spread_open': -13.0, 'over_under': 58.0, 'over_under_open': 58.0, 'home_moneyline': -435.0, 'away_moneyline': 325.0}]",-10.5
401405061,2022,1,regular,2022-09-03T00:00:00.000Z,Indiana,Big Ten,23.0,Illinois,Big Ten,20.0,"[{'provider': 'Bovada', 'spread': -1.0, 'formatted_spread': 'Indiana -1.0', 'spread_open': -3.0, 'over_under': 48.0, 'over_under_open': 48.5, 'home_moneyline': -115.0, 'away_moneyline': -105.0}]",-1.0
401416611,2022,5,regular,2022-10-01T19:30:00.000Z,Kent State,Mid-American,31.0,Ohio,Mid-American,24.0,"[{'provider': 'Bovada', 'spread': -13.0, 'formatted_spread': 'Kent State -13.0', 'spread_open': -7.0, 'over_under': 65.5, 'over_under_open': 69.0, 'home_moneyline': -390.0, 'away_moneyline': 295.0}]",-13.0
401411094,2022,1,regular,2022-09-02T23:30:00.000Z,Duke,ACC,30.0,Temple,American Athletic,0.0,"[{'provider': 'Bovada', 'spread': -9.5, 'formatted_spread': 'Duke -9.5', 'spread_open': -6.5, 'over_under': 51.0, 'over_under_open': 54.0, 'home_moneyline': -260.0, 'away_moneyline': 215.0}]",-9.5
401426337,2022,5,regular,2022-10-01T23:00:00.000Z,Coastal Carolina,Sun Belt,34.0,Georgia Southern,Sun Belt,30.0,"[{'provider': 'Bovada', 'spread': -9.5, 'formatted_spread': 'Coastal Carolina -9.5', 'spread_open': -10.0, 'over_under': 70.0, 'over_under_open': 68.5, 'home_moneyline': -390.0, 'away_moneyline': 295.0}]",-9.5
401404052,2022,1,regular,2022-09-03T00:00:00.000Z,Kansas,Big 12,56.0,Tennessee Tech,OVC,10.0,"[{'provider': 'Bovada', 'spread': -30.0, 'formatted_spread': 'Kansas -30.0', 'spread_open': -31.0, 'over_under': 62.0, 'over_under_open': 60.0, 'home_moneyline': None, 'away_moneyline': None}]",-30.0
401426338,2022,5,regular,2022-10-01T17:30:00.000Z,James Madison,Sun Belt,40.0,Texas State,Sun Belt,13.0,"[{'provider': 'Bovada', 'spread': -21.5, 'formatted_spread': 'James Madison -21.5', 'spread_open': -20.5, 'over_under': 51.5, 'over_under_open': 55.0, 'home_moneyline': -2500.0, 'away_moneyline': 1050.0}]",-21.5
401403966,2022,1,regular,2022-09-03T02:00:00.000Z,Colorado,Pac-12,13.0,TCU,Big 12,38.0,"[{'provider': 'Bovada', 'spread': 14.0, 'formatted_spread': 'TCU -14.0', 'spread_open': 8.0, 'over_under': 59.5, 'over_under_open': 54.5, 'home_moneyline': 290.0, 'away_moneyline': -380.0}]",14.0
401426340,2022,5,regular,2022-10-01T23:00:00.000Z,Arkansas State,Sun Belt,45.0,Louisiana Monroe,Sun Belt,28.0,"[{'provider': 'Bovada', 'spread': -7.5, 'formatted_spread': 'Arkansas State -7.5', 'spread_open': -7.5, 'over_under': 58.5, 'over_under_open': 60.0, 'home_moneyline': -280.0, 'away_moneyline': 230.0}]",-7.5
401426341,2022,5,regular,2022-10-01T21:00:00.000Z,Louisiana,Sun Belt,17.0,South Alabama,Sun Belt,20.0,"[{'provider': 'Bovada', 'spread': 8.5, 'formatted_spread': 'South Alabama -8.5', 'spread_open': 5.5, 'over_under': 47.0, 'over_under_open': 50.0, 'home_moneyline': 280.0, 'away_moneyline': -360.0}]",8.5
401426573,2022,5,regular,2022-10-01T22:00:00.000Z,Charlotte,Conference USA,35.0,UTEP,Conference USA,41.0,"[{'provider': 'Bovada', 'spread': 3.5, 'formatted_spread': 'UTEP -3.5', 'spread_open': 3.0, 'over_under': 56.0, 'over_under_open': 58.0, 'home_moneyline': 120.0, 'away_moneyline': -140.0}]",3.5
401426574,2022,5,regular,2022-10-02T00:00:00.000Z,New Mexico State,FBS Independents,7.0,Florida International,Conference USA,21.0,"[{'provider': 'Bovada', 'spread': -16.0, 'formatted_spread': 'New Mexico State -16.0', 'spread_open': -15.0, 'over_under': 54.0, 'over_under_open': 55.5, 'home_moneyline': -600.0, 'away_moneyline': 425.0}]",-16.0
401426575,2022,5,regular,2022-10-01T20:00:00.000Z,North Texas,Conference USA,45.0,Florida Atlantic,Conference USA,28.0,"[{'provider': 'Bovada', 'spread': 3.0, 'formatted_spread': 'Florida Atlantic -3.0', 'spread_open': 3.0, 'over_under': 67.5, 'over_under_open': 67.0, 'home_moneyline': 135.0, 'away_moneyline': -160.0}]",3.0
401426576,2022,5,regular,2022-09-30T23:30:00.000Z,Middle Tennessee,Conference USA,30.0,UT San Antonio,Conference USA,45.0,"[{'provider': 'Bovada', 'spread': 4.5, 'formatted_spread': 'UT San Antonio -4.5', 'spread_open': 6.0, 'over_under': 64.0, 'over_under_open': 63.0, 'home_moneyline': 175.0, 'away_moneyline': -190.0}]",4.5
401426577,2022,5,regular,2022-10-01T23:30:00.000Z,Rice,Conference USA,28.0,UAB,Conference USA,24.0,"[{'provider': 'Bovada', 'spread': 10.5, 'formatted_spread': 'UAB -10.5', 'spread_open': 9.5, 'over_under': 51.0, 'over_under_open': 52.0, 'home_moneyline': 295.0, 'away_moneyline': -390.0}]",10.5
401426578,2022,5,regular,2022-10-01T23:00:00.000Z,Western Kentucky,Conference USA,27.0,Troy,Sun Belt,34.0,"[{'provider': 'Bovada', 'spread': -5.0, 'formatted_spread': 'Western Kentucky -5.0', 'spread_open': -6.0, 'over_under': 55.0, 'over_under_open': 57.5, 'home_moneyline': -210.0, 'away_moneyline': 175.0}]",-5.0
401405111,2022,6,regular,2022-10-07T23:00:00.000Z,Rutgers,Big Ten,13.0,Nebraska,Big Ten,14.0,"[{'provider': 'Bovada', 'spread': 3.0, 'formatted_spread': 'Nebraska -3.0', 'spread_open': 2.5, 'over_under': 50.5, 'over_under_open': 51.0, 'home_moneyline': 130.0, 'away_moneyline': -150.0}]",3.0
401415630,2022,6,regular,2022-10-07T23:30:00.000Z,Memphis,American Athletic,32.0,Houston,American Athletic,33.0,"[{'provider': 'Bovada', 'spread': -1.0, 'formatted_spread': 'Memphis -1.0', 'spread_open': -3.0, 'over_under': 58.0, 'over_under_open': 57.5, 'home_moneyline': -145.0, 'away_moneyline': 125.0}]",-1.0
401403909,2022,6,regular,2022-10-09T00:00:00.000Z,Alabama,SEC,24.0,Texas A&M,SEC,20.0,"[{'provider': 'Bovada', 'spread': -24.0, 'formatted_spread': 'Alabama -24.0', 'spread_open': -24.0, 'over_under': 48.5, 'over_under_open': 52.0, 'home_moneyline': -2800.0, 'away_moneyline': 1100.0}]",-24.0
401404095,2022,7,regular,2022-10-15T19:30:00.000Z,TCU,Big 12,43.0,Oklahoma State,Big 12,40.0,"[{'provider': 'Bovada', 'spread': -5.5, 'formatted_spread': 'TCU -5.5', 'spread_open': -3.5, 'over_under': 71.0, 'over_under_open': 68.0, 'home_moneyline': -180.0, 'away_moneyline': 155.0}]",-5.5
401404153,2022,7,regular,2022-10-15T18:00:00.000Z,Ball State,Mid-American,25.0,Connecticut,FBS Independents,21.0,"[{'provider': 'Bovada', 'spread': -9.5, 'formatted_spread': 'Ball State -9.5', 'spread_open': -9.5, 'over_under': 47.5, 'over_under_open': 46.5, 'home_moneyline': -360.0, 'away_moneyline': 280.0}]",-9.5
401405112,2022,7,regular,2022-10-15T16:00:00.000Z,Illinois,Big Ten,26.0,Minnesota,Big Ten,14.0,"[{'provider': 'Bovada', 'spread': 4.5, 'formatted_spread': 'Minnesota -4.5', 'spread_open': 3.5, 'over_under': 40.0, 'over_under_open': 39.0, 'home_moneyline': 170.0, 'away_moneyline': -200.0}]",4.5
401405113,2022,7,regular,2022-10-15T23:30:00.000Z,Purdue,Big Ten,43.0,Nebraska,Big Ten,37.0,"[{'provider': 'Bovada', 'spread': -14.0, 'formatted_spread': 'Purdue -14.0', 'spread_open': -11.5, 'over_under': 56.0, 'over_under_open': 58.0, 'home_moneyline': -450.0, 'away_moneyline': 335.0}]",-14.0
401405114,2022,7,regular,2022-10-15T19:30:00.000Z,Indiana,Big Ten,33.0,Maryland,Big Ten,38.0,"[{'provider': 'Bovada', 'spread': 10.5, 'formatted_spread': 'Maryland -10.5', 'spread_open': 10.5, 'over_under': 63.5, 'over_under_open': 60.5, 'home_moneyline': 300.0, 'away_moneyline': -400.0}]",10.5
401403969,2022,1,regular,2022-09-04T02:30:00.000Z,Oregon State,Pac-12,34.0,Boise State,Mountain West,17.0,"[{'provider': 'Bovada', 'spread': -1.5, 'formatted_spread': 'Oregon State -1.5', 'spread_open': -2.0, 'over_under': 55.5, 'over_under_open': 60.5, 'home_moneyline': -145.0, 'away_moneyline': 125.0}]",-1.5
401435074,2022,3,regular,2022-09-16T23:00:00.000Z,Harvard,Ivy,28.0,Merrimack,NEC,21.0,"[{'provider': 'Bovada', 'spread': -28.5, 'formatted_spread': 'Harvard -28.5', 'spread_open': -28.0, 'over_under': 50.5, 'over_under_open': 52.5, 'home_moneyline': None, 'away_moneyline': None}]",-28.5
401415626,2022,5,regular,2022-10-01T18:30:00.000Z,South Florida,American Athletic,28.0,East Carolina,American Athletic,48.0,"[{'provider': 'Bovada', 'spread': 9.5, 'formatted_spread': 'East Carolina -9.5', 'spread_open': 8.0, 'over_under': 55.5, 'over_under_open': 59.0, 'home_moneyline': 270.0, 'away_moneyline': -340.0}]",9.5
401426542,2022,1,regular,2022-09-03T19:30:00.000Z,UT San Antonio,Conference USA,35.0,Houston,American Athletic,37.0,"[{'provider': 'Bovada', 'spread': 4.0, 'formatted_spread': 'Houston -4.0', 'spread_open': 6.5, 'over_under': 62.0, 'over_under_open': 59.0, 'home_moneyline': 165.0, 'away_moneyline': -195.0}]",4.0
401426543,2022,1,regular,2022-09-04T03:59:00.000Z,Hawai'i,Mountain West,17.0,Western Kentucky,Conference USA,49.0,"[{'provider': 'Bovada', 'spread': 16.5, 'formatted_spread': 'Western Kentucky -16.5', 'spread_open': 9.0, 'over_under': 67.5, 'over_under_open': 62.5, 'home_moneyline': 450.0, 'away_moneyline': -650.0}]",16.5
401405105,2022,5,regular,2022-10-01T19:30:00.000Z,Penn State,Big Ten,17.0,Northwestern,Big Ten,7.0,"[{'provider': 'Bovada', 'spread': -25.0, 'formatted_spread': 'Penn State -25.0', 'spread_open': -25.5, 'over_under': 50.0, 'over_under_open': 52.5, 'home_moneyline': -8000.0, 'away_moneyline': 1450.0}]",-25.0
401411124,2022,5,regular,2022-10-01T16:00:00.000Z,Boston College,ACC,34.0,Louisville,ACC,33.0,"[{'provider': 'Bovada', 'spread': 13.0, 'formatted_spread': 'Louisville -13.0', 'spread_open': 16.0, 'over_under': 48.0, 'over_under_open': 51.0, 'home_moneyline': 500.0, 'away_moneyline': -750.0}]",13.0
401411125,2022,5,regular,2022-10-01T23:30:00.000Z,Clemson,ACC,30.0,NC State,ACC,20.0,"[{'provider': 'Bovada', 'spread': -6.5, 'formatted_spread': 'Clemson -6.5', 'spread_open': -7.0, 'over_under': 46.0, 'over_under_open': 46.0, 'home_moneyline': -270.0, 'away_moneyline': 220.0}]",-6.5
401411126,2022,5,regular,2022-10-01T23:30:00.000Z,Duke,ACC,38.0,Virginia,ACC,17.0,"[{'provider': 'Bovada', 'spread': -2.0, 'formatted_spread': 'Duke -2.0', 'spread_open': -1.5, 'over_under': 55.0, 'over_under_open': 56.0, 'home_moneyline': -130.0, 'away_moneyline': 110.0}]",-2.0
401411127,2022,5,regular,2022-10-01T19:30:00.000Z,Florida State,ACC,21.0,Wake Forest,ACC,31.0,"[{'provider': 'Bovada', 'spread': -6.0, 'formatted_spread': 'Florida State -6.0', 'spread_open': -6.0, 'over_under': 67.5, 'over_under_open': 66.0, 'home_moneyline': -250.0, 'away_moneyline': 210.0}]",-6.0
401411128,2022,5,regular,2022-10-01T19:30:00.000Z,North Carolina,ACC,41.0,Virginia Tech,ACC,10.0,"[{'provider': 'Bovada', 'spread': -9.5, 'formatted_spread': 'North Carolina -9.5', 'spread_open': -8.5, 'over_under': 57.5, 'over_under_open': 57.0, 'home_moneyline': -320.0, 'away_moneyline': 260.0}]",-9.5
401411129,2022,5,regular,2022-10-02T00:00:00.000Z,Pittsburgh,ACC,21.0,Georgia Tech,ACC,26.0,"[{'provider': 'Bovada', 'spread': -21.5, 'formatted_spread': 'Pittsburgh -21.5', 'spread_open': -20.0, 'over_under': 47.0, 'over_under_open': 50.5, 'home_moneyline': -2500.0, 'away_moneyline': 1050.0}]",-21.5
401414782,2022,5,regular,2022-10-01T18:00:00.000Z,Eastern Michigan,Mid-American,20.0,UMass,FBS Independents,13.0,"[{'provider': 'Bovada', 'spread': -19.0, 'formatted_spread': 'Eastern Michigan -19.0', 'spread_open': -20.0, 'over_under': 53.5, 'over_under_open': 56.0, 'home_moneyline': -1500.0, 'away_moneyline': 775.0}]",-19.0
401415230,2022,5,regular,2022-10-01T23:30:00.000Z,Wyoming,Mountain West,16.0,San José State,Mountain West,33.0,"[{'provider': 'Bovada', 'spread': 2.5, 'formatted_spread': 'San José State -2.5', 'spread_open': -1.0, 'over_under': 42.5, 'over_under_open': 43.5, 'home_moneyline': -105.0, 'away_moneyline': -115.0}]",2.5
401416607,2022,5,regular,2022-10-01T19:30:00.000Z,Toledo,Mid-American,38.0,Central Michigan,Mid-American,17.0,"[{'provider': 'Bovada', 'spread': -6.5, 'formatted_spread': 'Toledo -6.5', 'spread_open': -6.5, 'over_under': 55.5, 'over_under_open': 58.5, 'home_moneyline': -280.0, 'away_moneyline': 230.0}]",-6.5
401404124,2022,1,regular,2022-09-03T23:30:00.000Z,Ohio State,Big Ten,21.0,Notre Dame,FBS Independents,10.0,"[{'provider': 'Bovada', 'spread': -17.0, 'formatted_spread': 'Ohio State -17.0', 'spread_open': -14.5, 'over_under': 59.5, 'over_under_open': 58.0, 'home_moneyline': -800.0, 'away_moneyline': 525.0}]",-17.0
401404134,2022,1,regular,2022-09-03T23:00:00.000Z,Coastal Carolina,Sun Belt,38.0,Army,FBS Independents,28.0,"[{'provider': 'Bovada', 'spread': -1.5, 'formatted_spread': 'Coastal Carolina -1.5', 'spread_open': -3.0, 'over_under': 54.0, 'over_under_open': 55.0, 'home_moneyline': -140.0, 'away_moneyline': 120.0}]",-1.5
401404157,2022,1,regular,2022-09-03T23:00:00.000Z,Southern Mississippi,Sun Belt,27.0,Liberty,FBS Independents,29.0,"[{'provider': 'Bovada', 'spread': 3.5, 'formatted_spread': 'Liberty -3.5', 'spread_open': 4.0, 'over_under': 49.5, 'over_under_open': 53.5, 'home_moneyline': 140.0, 'away_moneyline': -165.0}]",3.5
401411096,2022,1,regular,2022-09-03T16:00:00.000Z,East Carolina,American Athletic,20.0,NC State,ACC,21.0,"[{'provider': 'Bovada', 'spread': 12.5, 'formatted_spread': 'NC State -12.5', 'spread_open': 10.5, 'over_under': 52.0, 'over_under_open': 57.5, 'home_moneyline': 300.0, 'away_moneyline': -400.0}]",12.5
401414778,2022,1,regular,2022-09-03T23:00:00.000Z,Tulane,American Athletic,42.0,UMass,FBS Independents,10.0,"[{'provider': 'Bovada', 'spread': -28.5, 'formatted_spread': 'Tulane -28.5', 'spread_open': -31.0, 'over_under': 59.0, 'over_under_open': 60.5, 'home_moneyline': None, 'away_moneyline': None}]",-28.5
401404064,2022,2,regular,2022-09-10T20:00:00.000Z,Iowa,Big Ten,7.0,Iowa State,Big 12,10.0,"[{'provider': 'Bovada', 'spread': -3.5, 'formatted_spread': 'Iowa -3.5', 'spread_open': -3.5, 'over_under': 38.5, 'over_under_open': 41.5, 'home_moneyline': -175.0, 'away_moneyline': 150.0}]",-3.5
401404065,2022,2,regular,2022-09-10T22:00:00.000Z,West Virginia,Big 12,42.0,Kansas,Big 12,55.0,"[{'provider': 'Bovada', 'spread': -14.0, 'formatted_spread': 'West Virginia -14.0', 'spread_open': -13.5, 'over_under': 60.0, 'over_under_open': 57.5, 'home_moneyline': -525.0, 'away_moneyline': 375.0}]",-14.0
401404066,2022,2,regular,2022-09-10T23:00:00.000Z,Oklahoma,Big 12,33.0,Kent State,Mid-American,3.0,"[{'provider': 'Bovada', 'spread': -33.5, 'formatted_spread': 'Oklahoma -33.5', 'spread_open': -32.0, 'over_under': 73.0, 'over_under_open': 71.0, 'home_moneyline': None, 'away_moneyline': None}]",-33.5
401404125,2022,2,regular,2022-09-10T18:30:00.000Z,Notre Dame,FBS Independents,21.0,Marshall,Sun Belt,26.0,"[{'provider': 'Bovada', 'spread': -21.0, 'formatted_spread': 'Notre Dame -21.0', 'spread_open': -19.0, 'over_under': 48.5, 'over_under_open': 52.0, 'home_moneyline': -1800.0, 'away_moneyline': 850.0}]",-21.0
401415650,2022,10,regular,2022-11-05T20:00:00.000Z,Cincinnati,American Athletic,20.0,Navy,American Athletic,10.0,"[{'provider': 'Bovada', 'spread': -18.5, 'formatted_spread': 'Cincinnati -18.5', 'spread_open': -20.5, 'over_under': 43.5, 'over_under_open': 48.5, 'home_moneyline': -1600.0, 'away_moneyline': 800.0}]",-18.5
401415651,2022,10,regular,2022-11-05T19:30:00.000Z,Memphis,American Athletic,28.0,UCF,American Athletic,35.0,"[{'provider': 'Bovada', 'spread': 3.0, 'formatted_spread': 'UCF -3.0', 'spread_open': 5.0, 'over_under': 60.5, 'over_under_open': 61.5, 'home_moneyline': 180.0, 'away_moneyline': -220.0}]",3.0
401415652,2022,10,regular,2022-11-05T23:00:00.000Z,SMU,American Athletic,77.0,Houston,American Athletic,63.0,"[{'provider': 'Bovada', 'spread': -3.5, 'formatted_spread': 'SMU -3.5', 'spread_open': -2.5, 'over_under': 65.5, 'over_under_open': 67.5, 'home_moneyline': -160.0, 'away_moneyline': 135.0}]",-3.5
401405121,2022,8,regular,2022-10-22T16:00:00.000Z,Rutgers,Big Ten,24.0,Indiana,Big Ten,17.0,"[{'provider': 'Bovada', 'spread': -3.0, 'formatted_spread': 'Rutgers -3.0', 'spread_open': -3.0, 'over_under': 48.0, 'over_under_open': 45.5, 'home_moneyline': -145.0, 'away_moneyline': 125.0}]",-3.0
401426539,2022,1,regular,2022-09-03T23:30:00.000Z,North Texas,Conference USA,10.0,SMU,American Athletic,48.0,"[{'provider': 'Bovada', 'spread': 9.5, 'formatted_spread': 'SMU -9.5', 'spread_open': 7.0, 'over_under': 67.5, 'over_under_open': 71.0, 'home_moneyline': 285.0, 'away_moneyline': -370.0}]",9.5
401411142,2022,8,regular,2022-10-22T16:00:00.000Z,Clemson,ACC,27.0,Syracuse,ACC,21.0,"[{'provider': 'Bovada', 'spread': -14.0, 'formatted_spread': 'Clemson -14.0', 'spread_open': -13.0, 'over_under': 50.0, 'over_under_open': 51.5, 'home_moneyline': -575.0, 'away_moneyline': 400.0}]",-14.0
401411143,2022,8,regular,2022-10-23T00:00:00.000Z,Louisville,ACC,24.0,Pittsburgh,ACC,10.0,"[{'provider': 'Bovada', 'spread': -1.5, 'formatted_spread': 'Louisville -1.5', 'spread_open': -1.5, 'over_under': 55.0, 'over_under_open': 57.0, 'home_moneyline': -140.0, 'away_moneyline': 120.0}]",-1.5
401411144,2022,8,regular,2022-10-22T16:30:00.000Z,Miami,ACC,21.0,Duke,ACC,45.0,"[{'provider': 'Bovada', 'spread': -10.0, 'formatted_spread': 'Miami -10.0', 'spread_open': -9.0, 'over_under': 59.0, 'over_under_open': 61.0, 'home_moneyline': -310.0, 'away_moneyline': 255.0}]",-10.0
401411145,2022,8,regular,2022-10-22T19:30:00.000Z,Wake Forest,ACC,43.0,Boston College,ACC,15.0,"[{'provider': 'Bovada', 'spread': -20.0, 'formatted_spread': 'Wake Forest -20.0', 'spread_open': -20.5, 'over_under': 60.0, 'over_under_open': 61.5, 'home_moneyline': -1600.0, 'away_moneyline': 800.0}]",-20.0
401404044,2022,12,regular,2022-11-20T01:00:00.000Z,UCLA,Pac-12,45.0,USC,Pac-12,48.0,"[{'provider': 'Bovada', 'spread': 2.0, 'formatted_spread': 'USC -2.0', 'spread_open': 3.0, 'over_under': 77.5, 'over_under_open': 73.5, 'home_moneyline': 135.0, 'away_moneyline': -160.0}]",2.0
401426361,2022,9,regular,2022-10-29T19:00:00.000Z,Georgia State,Sun Belt,31.0,Old Dominion,Sun Belt,17.0,"[{'provider': 'Bovada', 'spread': -3.5, 'formatted_spread': 'Georgia State -3.5', 'spread_open': -4.0, 'over_under': 53.5, 'over_under_open': 56.5, 'home_moneyline': -180.0, 'away_moneyline': 155.0}]",-3.5
401426605,2022,11,regular,2022-11-12T20:30:00.000Z,UT San Antonio,Conference USA,51.0,Louisiana Tech,Conference USA,7.0,"[{'provider': 'Bovada', 'spread': -17.0, 'formatted_spread': 'UT San Antonio -17.0', 'spread_open': -18.0, 'over_under': 69.0, 'over_under_open': 68.0, 'home_moneyline': -1100.0, 'away_moneyline': 650.0}]",-17.0
401426606,2022,11,regular,2022-11-12T20:30:00.000Z,UAB,Conference USA,41.0,North Texas,Conference USA,21.0,"[{'provider': 'Bovada', 'spread': -6.5, 'formatted_spread': 'UAB -6.5', 'spread_open': -6.0, 'over_under': 58.0, 'over_under_open': 57.5, 'home_moneyline': -230.0, 'away_moneyline': 190.0}]",-6.5
401426607,2022,11,regular,2022-11-12T19:00:00.000Z,Western Kentucky,Conference USA,45.0,Rice,Conference USA,10.0,"[{'provider': 'Bovada', 'spread': -13.5, 'formatted_spread': 'Western Kentucky -13.5', 'spread_open': -13.0, 'over_under': 61.0, 'over_under_open': 62.5, 'home_moneyline': -550.0, 'away_moneyline': 390.0}]",-13.5
401420807,2022,2,regular,2022-09-09T00:00:00.000Z,Missouri State,MVFC,35.0,UT Martin,OVC,30.0,"[{'provider': 'Bovada', 'spread': -14.0, 'formatted_spread': 'Missouri State -14.0', 'spread_open': -11.0, 'over_under': 59.0, 'over_under_open': 56.5, 'home_moneyline': -550.0, 'away_moneyline': 390.0}]",-14.0
401411171,2022,12,regular,2022-11-20T01:00:00.000Z,Wake Forest,ACC,45.0,Syracuse,ACC,35.0,"[{'provider': 'Bovada', 'spread': -9.5, 'formatted_spread': 'Wake Forest -9.5', 'spread_open': -10.0, 'over_under': 59.0, 'over_under_open': 55.5, 'home_moneyline': -380.0, 'away_moneyline': 290.0}]",-9.5
401415266,2022,12,regular,2022-11-20T04:00:00.000Z,Hawai'i,Mountain West,31.0,UNLV,Mountain West,25.0,"[{'provider': 'Bovada', 'spread': 11.0, 'formatted_spread': 'UNLV -11.0', 'spread_open': 10.0, 'over_under': 56.5, 'over_under_open': 59.5, 'home_moneyline': 300.0, 'away_moneyline': -400.0}]",11.0
401405062,2022,1,regular,2022-09-03T16:00:00.000Z,Iowa,Big Ten,7.0,South Dakota State,MVFC,3.0,"[{'provider': 'Bovada', 'spread': -11.0, 'formatted_spread': 'Iowa -11.0', 'spread_open': -10.5, 'over_under': 42.5, 'over_under_open': 42.5, 'home_moneyline': None, 'away_moneyline': None}]",-11.0
401415611,2022,1,regular,2022-09-03T16:00:00.000Z,Navy,American Athletic,7.0,Delaware,CAA,14.0,"[{'provider': 'Bovada', 'spread': -13.0, 'formatted_spread': 'Navy -13.0', 'spread_open': -12.0, 'over_under': 49.5, 'over_under_open': 48.5, 'home_moneyline': None, 'away_moneyline': None}]",-13.0
401405063,2022,1,regular,2022-09-03T19:30:00.000Z,Nebraska,Big Ten,38.0,North Dakota,MVFC,17.0,"[{'provider': 'Bovada', 'spread': -28.0, 'formatted_spread': 'Nebraska -28.0', 'spread_open': -29.5, 'over_under': 62.5, 'over_under_open': 62.5, 'home_moneyline': None, 'away_moneyline': None}]",-28.0
401404118,2022,12,regular,2022-11-20T00:30:00.000Z,Oklahoma,Big 12,28.0,Oklahoma State,Big 12,13.0,"[{'provider': 'Bovada', 'spread': -7.0, 'formatted_spread': 'Oklahoma -7.0', 'spread_open': -6.5, 'over_under': 68.0, 'over_under_open': 64.5, 'home_moneyline': -270.0, 'away_moneyline': 220.0}]",-7.0
401426343,2022,6,regular,2022-10-08T23:00:00.000Z,Arkansas State,Sun Belt,20.0,James Madison,Sun Belt,42.0,"[{'provider': 'Bovada', 'spread': 11.0, 'formatted_spread': 'James Madison -11.0', 'spread_open': 10.5, 'over_under': 55.0, 'over_under_open': 57.5, 'home_moneyline': 295.0, 'away_moneyline': -390.0}]",11.0
401404043,2022,12,regular,2022-11-20T03:30:00.000Z,Oregon,Pac-12,20.0,Utah,Pac-12,17.0,"[{'provider': 'Bovada', 'spread': -1.0, 'formatted_spread': 'Oregon -1.0', 'spread_open': -2.5, 'over_under': 61.5, 'over_under_open': 62.0, 'home_moneyline': -115.0, 'away_moneyline': -105.0}]",-1.0
401415263,2022,12,regular,2022-11-20T03:30:00.000Z,Nevada,Mountain West,14.0,Fresno State,Mountain West,41.0,"[{'provider': 'Bovada', 'spread': 23.0, 'formatted_spread': 'Fresno State -23.0', 'spread_open': 22.5, 'over_under': 54.0, 'over_under_open': 54.5, 'home_moneyline': 1000.0, 'away_moneyline': -2200.0}]",23.0
401416648,2022,13,regular,2022-11-23T00:00:00.000Z,Miami (OH),Mid-American,18.0,Ball State,Mid-American,17.0,"[{'provider': 'Bovada', 'spread': -2.5, 'formatted_spread': 'Miami (OH) -2.5', 'spread_open': -2.0, 'over_under': 45.0, 'over_under_open': 44.5, 'home_moneyline': -135.0, 'away_moneyline': 115.0}]",-2.5
401416649,2022,13,regular,2022-11-23T00:00:00.000Z,Ohio,Mid-American,38.0,Bowling Green,Mid-American,14.0,"[{'provider': 'Bovada', 'spread': -5.5, 'formatted_spread': 'Ohio -5.5', 'spread_open': -7.0, 'over_under': 52.5, 'over_under_open': 55.0, 'home_moneyline': -270.0, 'away_moneyline': 220.0}]",-5.5
401403956,2022,13,regular,2022-11-25T00:00:00.000Z,Ole Miss,SEC,22.0,Mississippi State,SEC,24.0,"[{'provider': 'Bovada', 'spread': -2.5, 'formatted_spread': 'Ole Miss -2.5', 'spread_open': -2.0, 'over_under': 63.0, 'over_under_open': 63.0, 'home_moneyline': -140.0, 'away_moneyline': 120.0}]",-2.5
401415665,2022,13,regular,2022-11-25T17:00:00.000Z,Cincinnati,American Athletic,24.0,Tulane,American Athletic,27.0,"[{'provider': 'Bovada', 'spread': 1.0, 'formatted_spread': 'Tulane -1.0', 'spread_open': -2.5, 'over_under': 44.5, 'over_under_open': 47.5, 'home_moneyline': -105.0, 'away_moneyline': -115.0}]",1.0
401404119,2022,13,regular,2022-11-25T17:00:00.000Z,Texas,Big 12,38.0,Baylor,Big 12,27.0,"[{'provider': 'Bovada', 'spread': -10.0, 'formatted_spread': 'Texas -10.0', 'spread_open': -9.0, 'over_under': 56.0, 'over_under_open': 55.5, 'home_moneyline': -290.0, 'away_moneyline': 240.0}]",-10.0
401415269,2022,13,regular,2022-11-25T17:00:00.000Z,Boise State,Mountain West,42.0,Utah State,Mountain West,23.0,"[{'provider': 'Bovada', 'spread': -16.5, 'formatted_spread': 'Boise State -16.5', 'spread_open': -16.5, 'over_under': 52.0, 'over_under_open': 52.0, 'home_moneyline': -800.0, 'away_moneyline': 525.0}]",-16.5
401416651,2022,13,regular,2022-11-25T17:00:00.000Z,Western Michigan,Mid-American,20.0,Toledo,Mid-American,14.0,"[{'provider': 'Bovada', 'spread': 8.5, 'formatted_spread': 'Toledo -8.5', 'spread_open': 8.0, 'over_under': 50.0, 'over_under_open': 52.5, 'home_moneyline': 255.0, 'away_moneyline': -310.0}]",8.5
401404045,2022,13,regular,2022-11-25T20:00:00.000Z,Arizona,Pac-12,38.0,Arizona State,Pac-12,35.0,"[{'provider': 'Bovada', 'spread': -4.5, 'formatted_spread': 'Arizona -4.5', 'spread_open': -4.0, 'over_under': 66.5, 'over_under_open': 64.0, 'home_moneyline': -195.0, 'away_moneyline': 165.0}]",-4.5
401415268,2022,13,regular,2022-11-25T20:30:00.000Z,Colorado State,Mountain West,17.0,New Mexico,Mountain West,0.0,"[{'provider': 'Bovada', 'spread': -7.5, 'formatted_spread': 'Colorado State -7.5', 'spread_open': -7.0, 'over_under': 36.0, 'over_under_open': 35.5, 'home_moneyline': -290.0, 'away_moneyline': 240.0}]",-7.5
401405148,2022,13,regular,2022-11-25T21:00:00.000Z,Iowa,Big Ten,17.0,Nebraska,Big Ten,24.0,"[{'provider': 'Bovada', 'spread': -10.5, 'formatted_spread': 'Iowa -10.5', 'spread_open': None, 'over_under': 38.0, 'over_under_open': 38.0, 'home_moneyline': -400.0, 'away_moneyline': 300.0}]",-10.5
401415270,2022,13,regular,2022-11-26T03:00:00.000Z,Fresno State,Mountain West,30.0,Wyoming,Mountain West,0.0,"[{'provider': 'Bovada', 'spread': -14.0, 'formatted_spread': 'Fresno State -14.0', 'spread_open': -14.5, 'over_under': 50.5, 'over_under_open': 50.0, 'home_moneyline': -625.0, 'away_moneyline': 430.0}]",-14.0
401403957,2022,13,regular,2022-11-26T20:30:00.000Z,Alabama,SEC,49.0,Auburn,SEC,27.0,"[{'provider': 'Bovada', 'spread': -21.5, 'formatted_spread': 'Alabama -21.5', 'spread_open': -22.0, 'over_under': 51.0, 'over_under_open': 49.5, 'home_moneyline': -2200.0, 'away_moneyline': 1000.0}]",-21.5
401404047,2022,13,regular,2022-11-26T20:30:00.000Z,Oregon State,Pac-12,38.0,Oregon,Pac-12,34.0,"[{'provider': 'Bovada', 'spread': -1.5, 'formatted_spread': 'Oregon State -1.5', 'spread_open': 2.5, 'over_under': 56.5, 'over_under_open': 58.0, 'home_moneyline': 150.0, 'away_moneyline': -175.0}]",-1.5
401403959,2022,13,regular,2022-11-26T17:00:00.000Z,Georgia,SEC,37.0,Georgia Tech,ACC,14.0,"[{'provider': 'Bovada', 'spread': -36.5, 'formatted_spread': 'Georgia -36.5', 'spread_open': -36.5, 'over_under': 49.0, 'over_under_open': 49.0, 'home_moneyline': None, 'away_moneyline': None}]",-36.5
401405153,2022,13,regular,2022-11-26T17:00:00.000Z,Ohio State,Big Ten,23.0,Michigan,Big Ten,45.0,"[{'provider': 'Bovada', 'spread': -9.0, 'formatted_spread': 'Ohio State -9.0', 'spread_open': -7.5, 'over_under': 56.5, 'over_under_open': 57.0, 'home_moneyline': -300.0, 'away_moneyline': 250.0}]",-9.0
401403962,2022,13,regular,2022-11-26T17:00:00.000Z,Clemson,ACC,30.0,South Carolina,SEC,31.0,"[{'provider': 'Bovada', 'spread': -14.0, 'formatted_spread': 'Clemson -14.0', 'spread_open': -14.0, 'over_under': 53.5, 'over_under_open': 50.5, 'home_moneyline': -625.0, 'away_moneyline': 430.0}]",-14.0
401404123,2022,13,regular,2022-11-26T17:00:00.000Z,Oklahoma State,Big 12,19.0,West Virginia,Big 12,24.0,"[{'provider': 'Bovada', 'spread': -5.5, 'formatted_spread': 'Oklahoma State -5.5', 'spread_open': -8.5, 'over_under': 59.5, 'over_under_open': 65.5, 'home_moneyline': -220.0, 'away_moneyline': 180.0}]",-5.5
401404144,2022,13,regular,2022-11-26T17:00:00.000Z,UMass,FBS Independents,7.0,Army,FBS Independents,44.0,"[{'provider': 'Bovada', 'spread': 20.0, 'formatted_spread': 'Army -20.0', 'spread_open': None, 'over_under': 45.5, 'over_under_open': 45.0, 'home_moneyline': 775.0, 'away_moneyline': -1500.0}]",20.0
401404166,2022,13,regular,2022-11-26T17:00:00.000Z,Liberty,FBS Independents,14.0,New Mexico State,FBS Independents,49.0,"[{'provider': 'Bovada', 'spread': -24.0, 'formatted_spread': 'Liberty -24.0', 'spread_open': -24.5, 'over_under': 51.0, 'over_under_open': 51.0, 'home_moneyline': -5000.0, 'away_moneyline': 1300.0}]",-24.0
401405152,2022,13,regular,2022-11-26T17:00:00.000Z,Maryland,Big Ten,37.0,Rutgers,Big Ten,0.0,"[{'provider': 'Bovada', 'spread': -14.5, 'formatted_spread': 'Maryland -14.5', 'spread_open': -14.5, 'over_under': 48.5, 'over_under_open': 48.5, 'home_moneyline': -600.0, 'away_moneyline': 425.0}]",-14.5
401426383,2022,13,regular,2022-11-26T17:00:00.000Z,James Madison,Sun Belt,47.0,Coastal Carolina,Sun Belt,7.0,"[{'provider': 'Bovada', 'spread': -16.0, 'formatted_spread': 'James Madison -16.0', 'spread_open': -14.0, 'over_under': 53.0, 'over_under_open': 53.5, 'home_moneyline': -600.0, 'away_moneyline': 425.0}]",-16.0
401426389,2022,13,regular,2022-11-26T17:00:00.000Z,South Alabama,Sun Belt,27.0,Old Dominion,Sun Belt,20.0,"[{'provider': 'Bovada', 'spread': -16.5, 'formatted_spread': 'South Alabama -16.5', 'spread_open': -15.5, 'over_under': 47.0, 'over_under_open': 47.5, 'home_moneyline': -850.0, 'away_moneyline': 550.0}]",-16.5
401426390,2022,13,regular,2022-11-26T17:00:00.000Z,Marshall,Sun Belt,28.0,Georgia State,Sun Belt,23.0,"[{'provider': 'Bovada', 'spread': -6.5, 'formatted_spread': 'Marshall -6.5', 'spread_open': -6.5, 'over_under': 45.5, 'over_under_open': 47.0, 'home_moneyline': -230.0, 'away_moneyline': 190.0}]",-6.5
401426615,2022,13,regular,2022-11-26T17:00:00.000Z,Florida Atlantic,Conference USA,31.0,Western Kentucky,Conference USA,32.0,"[{'provider': 'Bovada', 'spread': 7.5, 'formatted_spread': 'Western Kentucky -7.5', 'spread_open': 7.5, 'over_under': 62.5, 'over_under_open': 61.5, 'home_moneyline': 230.0, 'away_moneyline': -280.0}]",7.5
401403960,2022,13,regular,2022-11-26T20:00:00.000Z,Kentucky,SEC,26.0,Louisville,ACC,13.0,"[{'provider': 'Bovada', 'spread': -3.5, 'formatted_spread': 'Kentucky -3.5', 'spread_open': -3.5, 'over_under': 42.5, 'over_under_open': 42.5, 'home_moneyline': -175.0, 'away_moneyline': 150.0}]",-3.5
401426614,2022,13,regular,2022-11-26T23:00:00.000Z,Florida International,Conference USA,28.0,Middle Tennessee,Conference USA,33.0,"[{'provider': 'Bovada', 'spread': 19.5, 'formatted_spread': 'Middle Tennessee -19.5', 'spread_open': 19.5, 'over_under': 54.5, 'over_under_open': 55.0, 'home_moneyline': 725.0, 'away_moneyline': -1300.0}]",19.5
401403963,2022,13,regular,2022-11-27T00:00:00.000Z,Texas A&M,SEC,38.0,LSU,SEC,23.0,"[{'provider': 'Bovada', 'spread': 10.0, 'formatted_spread': 'LSU -10.0', 'spread_open': 10.0, 'over_under': 47.5, 'over_under_open': 46.5, 'home_moneyline': 275.0, 'away_moneyline': -350.0}]",10.0
401403964,2022,13,regular,2022-11-27T00:30:00.000Z,Vanderbilt,SEC,0.0,Tennessee,SEC,56.0,"[{'provider': 'Bovada', 'spread': 14.0, 'formatted_spread': 'Tennessee -14.0', 'spread_open': None, 'over_under': 64.0, 'over_under_open': 66.0, 'home_moneyline': 400.0, 'away_moneyline': -575.0}]",14.0
401404133,2022,13,regular,2022-11-27T00:30:00.000Z,USC,Pac-12,38.0,Notre Dame,FBS Independents,27.0,"[{'provider': 'Bovada', 'spread': -4.0, 'formatted_spread': 'USC -4.0', 'spread_open': -5.0, 'over_under': 63.0, 'over_under_open': 63.0, 'home_moneyline': -230.0, 'away_moneyline': 190.0}]",-4.0
401411173,2022,13,regular,2022-11-27T00:30:00.000Z,Boston College,ACC,23.0,Syracuse,ACC,32.0,"[{'provider': 'Bovada', 'spread': 10.0, 'formatted_spread': 'Syracuse -10.0', 'spread_open': 10.0, 'over_under': 47.0, 'over_under_open': 47.0, 'home_moneyline': 300.0, 'away_moneyline': -400.0}]",10.0
401411175,2022,13,regular,2022-11-27T01:00:00.000Z,Miami,ACC,16.0,Pittsburgh,ACC,42.0,"[{'provider': 'Bovada', 'spread': 4.0, 'formatted_spread': 'Pittsburgh -4.0', 'spread_open': 5.5, 'over_under': 44.0, 'over_under_open': 43.5, 'home_moneyline': 165.0, 'away_moneyline': -195.0}]",4.0
401415267,2022,13,regular,2022-11-27T02:00:00.000Z,San Diego State,Mountain West,3.0,Air Force,Mountain West,13.0,"[{'provider': 'Bovada', 'spread': 2.0, 'formatted_spread': 'Air Force -2.0', 'spread_open': 1.5, 'over_under': 43.5, 'over_under_open': 44.5, 'home_moneyline': 110.0, 'away_moneyline': -130.0}]",2.0
401404145,2022,15,regular,2022-12-10T20:00:00.000Z,Army,FBS Independents,20.0,Navy,American Athletic,17.0,"[{'provider': 'Bovada', 'spread': 3.0, 'formatted_spread': 'Navy -3.0', 'spread_open': 1.5, 'over_under': 32.0, 'over_under_open': 34.0, 'home_moneyline': -130.0, 'away_moneyline': 110.0}]",3.0
401403955,2022,12,regular,2022-11-19T17:00:00.000Z,Vanderbilt,SEC,31.0,Florida,SEC,24.0,"[{'provider': 'Bovada', 'spread': 14.0, 'formatted_spread': 'Florida -14.0', 'spread_open': 14.5, 'over_under': 58.5, 'over_under_open': 57.5, 'home_moneyline': 425.0, 'away_moneyline': -600.0}]",14.0
401404040,2022,12,regular,2022-11-19T19:15:00.000Z,Arizona State,Pac-12,7.0,Oregon State,Pac-12,31.0,"[{'provider': 'Bovada', 'spread': 7.5, 'formatted_spread': 'Oregon State -7.5', 'spread_open': 7.0, 'over_under': 53.5, 'over_under_open': 55.0, 'home_moneyline': 255.0, 'away_moneyline': -310.0}]",7.5
401404041,2022,12,regular,2022-11-19T22:30:00.000Z,California,Pac-12,27.0,Stanford,Pac-12,20.0,"[{'provider': 'Bovada', 'spread': -5.0, 'formatted_spread': 'California -5.0', 'spread_open': -5.5, 'over_under': 45.5, 'over_under_open': 46.5, 'home_moneyline': -220.0, 'away_moneyline': 180.0}]",-5.0
401404042,2022,12,regular,2022-11-20T02:00:00.000Z,Washington,Pac-12,54.0,Colorado,Pac-12,7.0,"[{'provider': 'Bovada', 'spread': -30.0, 'formatted_spread': 'Washington -30.0', 'spread_open': -30.5, 'over_under': 60.0, 'over_under_open': 63.0, 'home_moneyline': None, 'away_moneyline': None}]",-30.0
401403947,2022,12,regular,2022-11-20T00:30:00.000Z,Arkansas,SEC,42.0,Ole Miss,SEC,27.0,"[{'provider': 'Bovada', 'spread': 0.0, 'formatted_spread': 'Ole Miss -0.0', 'spread_open': 3.0, 'over_under': 68.0, 'over_under_open': 59.0, 'home_moneyline': 135.0, 'away_moneyline': None}]",0.0
401403949,2022,12,regular,2022-11-19T20:30:00.000Z,Kentucky,SEC,6.0,Georgia,SEC,16.0,"[{'provider': 'Bovada', 'spread': 22.5, 'formatted_spread': 'Georgia -22.5', 'spread_open': 22.5, 'over_under': 47.0, 'over_under_open': 49.0, 'home_moneyline': 1050.0, 'away_moneyline': -2500.0}]",22.5
401403952,2022,12,regular,2022-11-20T00:30:00.000Z,Missouri,SEC,45.0,New Mexico State,FBS Independents,14.0,"[{'provider': 'Bovada', 'spread': -29.0, 'formatted_spread': 'Missouri -29.0', 'spread_open': -27.5, 'over_under': 46.5, 'over_under_open': 47.0, 'home_moneyline': None, 'away_moneyline': None}]",-29.0
401404114,2022,12,regular,2022-11-19T17:00:00.000Z,Baylor,Big 12,28.0,TCU,Big 12,29.0,"[{'provider': 'Bovada', 'spread': 2.0, 'formatted_spread': 'TCU -2.0', 'spread_open': 2.5, 'over_under': 58.5, 'over_under_open': 56.5, 'home_moneyline': 115.0, 'away_moneyline': -135.0}]",2.0
401403953,2022,12,regular,2022-11-20T00:00:00.000Z,South Carolina,SEC,63.0,Tennessee,SEC,38.0,"[{'provider': 'Bovada', 'spread': 23.0, 'formatted_spread': 'Tennessee -23.0', 'spread_open': 21.0, 'over_under': 67.0, 'over_under_open': 66.5, 'home_moneyline': 950.0, 'away_moneyline': -2000.0}]",23.0
401404132,2022,12,regular,2022-11-19T19:30:00.000Z,Notre Dame,FBS Independents,44.0,Boston College,ACC,0.0,"[{'provider': 'Bovada', 'spread': -20.0, 'formatted_spread': 'Notre Dame -20.0', 'spread_open': -21.5, 'over_under': 42.0, 'over_under_open': 47.0, 'home_moneyline': -1600.0, 'away_moneyline': 800.0}]",-20.0
401404143,2022,12,regular,2022-11-19T17:00:00.000Z,Army,FBS Independents,34.0,Connecticut,FBS Independents,17.0,"[{'provider': 'Bovada', 'spread': -10.0, 'formatted_spread': 'Army -10.0', 'spread_open': -10.0, 'over_under': 45.0, 'over_under_open': 43.5, 'home_moneyline': -380.0, 'away_moneyline': 290.0}]",-10.0
401405141,2022,12,regular,2022-11-19T21:00:00.000Z,Minnesota,Big Ten,10.0,Iowa,Big Ten,13.0,"[{'provider': 'Bovada', 'spread': -2.0, 'formatted_spread': 'Minnesota -2.0', 'spread_open': -2.5, 'over_under': 31.5, 'over_under_open': 33.0, 'home_moneyline': -130.0, 'away_moneyline': 110.0}]",-2.0
401404165,2022,12,regular,2022-11-19T17:00:00.000Z,Liberty,FBS Independents,22.0,Virginia Tech,ACC,23.0,"[{'provider': 'Bovada', 'spread': -10.5, 'formatted_spread': 'Liberty -10.5', 'spread_open': -9.5, 'over_under': 46.0, 'over_under_open': 47.0, 'home_moneyline': -360.0, 'away_moneyline': 280.0}]",-10.5
401405143,2022,12,regular,2022-11-19T17:00:00.000Z,Purdue,Big Ten,17.0,Northwestern,Big Ten,9.0,"[{'provider': 'Bovada', 'spread': -17.0, 'formatted_spread': 'Purdue -17.0', 'spread_open': -18.0, 'over_under': 44.0, 'over_under_open': 48.0, 'home_moneyline': -1100.0, 'away_moneyline': 650.0}]",-17.0
401405144,2022,12,regular,2022-11-19T20:30:00.000Z,Maryland,Big Ten,30.0,Ohio State,Big Ten,43.0,"[{'provider': 'Bovada', 'spread': 26.5, 'formatted_spread': 'Ohio State -26.5', 'spread_open': 27.5, 'over_under': 62.5, 'over_under_open': 63.5, 'home_moneyline': 1325.0, 'away_moneyline': -6000.0}]",26.5
401405145,2022,12,regular,2022-11-19T17:00:00.000Z,Michigan,Big Ten,19.0,Illinois,Big Ten,17.0,"[{'provider': 'Bovada', 'spread': -17.0, 'formatted_spread': 'Michigan -17.0', 'spread_open': -17.5, 'over_under': 41.5, 'over_under_open': 44.0, 'home_moneyline': -1000.0, 'away_moneyline': 625.0}]",-17.0
401405146,2022,12,regular,2022-11-19T17:00:00.000Z,Michigan State,Big Ten,31.0,Indiana,Big Ten,39.0,"[{'provider': 'Bovada', 'spread': -12.5, 'formatted_spread': 'Michigan State -12.5', 'spread_open': -11.5, 'over_under': 47.0, 'over_under_open': 46.5, 'home_moneyline': -400.0, 'away_moneyline': 300.0}]",-12.5
401405147,2022,12,regular,2022-11-19T20:30:00.000Z,Rutgers,Big Ten,10.0,Penn State,Big Ten,55.0,"[{'provider': 'Bovada', 'spread': 19.0, 'formatted_spread': 'Penn State -19.0', 'spread_open': 19.0, 'over_under': 45.0, 'over_under_open': 44.0, 'home_moneyline': 725.0, 'away_moneyline': -1300.0}]",19.0
401411165,2022,12,regular,2022-11-19T20:30:00.000Z,Clemson,ACC,40.0,Miami,ACC,10.0,"[{'provider': 'Bovada', 'spread': -18.5, 'formatted_spread': 'Clemson -18.5', 'spread_open': -19.5, 'over_under': 47.5, 'over_under_open': 46.5, 'home_moneyline': -1100.0, 'away_moneyline': 650.0}]",-18.5
401411167,2022,12,regular,2022-11-19T20:30:00.000Z,Louisville,ACC,25.0,NC State,ACC,10.0,"[{'provider': 'Bovada', 'spread': -4.0, 'formatted_spread': 'Louisville -4.0', 'spread_open': -5.5, 'over_under': 43.0, 'over_under_open': 47.0, 'home_moneyline': -150.0, 'away_moneyline': 130.0}]",-4.0
401411168,2022,12,regular,2022-11-19T22:30:00.000Z,North Carolina,ACC,17.0,Georgia Tech,ACC,21.0,"[{'provider': 'Bovada', 'spread': -21.5, 'formatted_spread': 'North Carolina -21.5', 'spread_open': -20.0, 'over_under': 63.0, 'over_under_open': 63.5, 'home_moneyline': -1500.0, 'away_moneyline': 775.0}]",-21.5
401411169,2022,12,regular,2022-11-19T17:00:00.000Z,Pittsburgh,ACC,28.0,Duke,ACC,26.0,"[{'provider': 'Bovada', 'spread': -6.5, 'formatted_spread': 'Pittsburgh -6.5', 'spread_open': -8.0, 'over_under': 49.0, 'over_under_open': 54.5, 'home_moneyline': -290.0, 'away_moneyline': 240.0}]",-6.5
401415261,2022,12,regular,2022-11-20T00:00:00.000Z,Wyoming,Mountain West,17.0,Boise State,Mountain West,20.0,"[{'provider': 'Bovada', 'spread': 14.5, 'formatted_spread': 'Boise State -14.5', 'spread_open': 12.5, 'over_under': 44.5, 'over_under_open': 44.5, 'home_moneyline': 360.0, 'away_moneyline': -500.0}]",14.5
401405142,2022,12,regular,2022-11-19T17:00:00.000Z,Nebraska,Big Ten,14.0,Wisconsin,Big Ten,15.0,"[{'provider': 'Bovada', 'spread': 10.0, 'formatted_spread': 'Wisconsin -10.0', 'spread_open': 13.0, 'over_under': 40.5, 'over_under_open': 41.0, 'home_moneyline': 300.0, 'away_moneyline': -400.0}]",10.0
401415265,2022,12,regular,2022-11-20T02:45:00.000Z,Utah State,Mountain West,35.0,San José State,Mountain West,31.0,"[{'provider': 'Bovada', 'spread': -1.5, 'formatted_spread': 'Utah State -1.5', 'spread_open': 3.0, 'over_under': 51.0, 'over_under_open': 51.5, 'home_moneyline': -120.0, 'away_moneyline': -160.0}]",-1.5
401415659,2022,12,regular,2022-11-19T02:00:00.000Z,Tulsa,American Athletic,48.0,South Florida,American Athletic,42.0,"[{'provider': 'Bovada', 'spread': -14.0, 'formatted_spread': 'Tulsa -14.0', 'spread_open': -12.0, 'over_under': 57.5, 'over_under_open': 60.5, 'home_moneyline': -525.0, 'away_moneyline': 375.0}]",-14.0
401426581,2022,6,regular,2022-10-08T19:30:00.000Z,UAB,Conference USA,41.0,Middle Tennessee,Conference USA,14.0,"[{'provider': 'Bovada', 'spread': -10.0, 'formatted_spread': 'UAB -10.0', 'spread_open': -9.5, 'over_under': 52.5, 'over_under_open': 55.0, 'home_moneyline': -340.0, 'away_moneyline': 270.0}]",-10.0
401426582,2022,6,regular,2022-10-08T22:00:00.000Z,UT San Antonio,Conference USA,31.0,Western Kentucky,Conference USA,28.0,"[{'provider': 'Bovada', 'spread': -6.5, 'formatted_spread': 'UT San Antonio -6.5', 'spread_open': -5.0, 'over_under': 72.5, 'over_under_open': 70.0, 'home_moneyline': -250.0, 'away_moneyline': 210.0}]",-6.5
401426347,2022,7,regular,2022-10-12T23:30:00.000Z,Marshall,Sun Belt,13.0,Louisiana,Sun Belt,23.0,"[{'provider': 'Bovada', 'spread': -9.5, 'formatted_spread': 'Marshall -9.5', 'spread_open': -7.5, 'over_under': 45.0, 'over_under_open': 47.5, 'home_moneyline': -310.0, 'away_moneyline': 255.0}]",-9.5
401404092,2022,7,regular,2022-10-13T23:00:00.000Z,West Virginia,Big 12,43.0,Baylor,Big 12,40.0,"[{'provider': 'Bovada', 'spread': 3.0, 'formatted_spread': 'Baylor -3.0', 'spread_open': 3.5, 'over_under': 55.0, 'over_under_open': 55.0, 'home_moneyline': 145.0, 'away_moneyline': -170.0}]",3.0
401415634,2022,7,regular,2022-10-13T23:00:00.000Z,UCF,American Athletic,70.0,Temple,American Athletic,13.0,"[{'provider': 'Bovada', 'spread': -23.5, 'formatted_spread': 'UCF -23.5', 'spread_open': -24.5, 'over_under': 46.5, 'over_under_open': 46.0, 'home_moneyline': -2800.0, 'away_moneyline': 1100.0}]",-23.5
401405082,2022,3,regular,2022-09-17T23:30:00.000Z,Iowa,Big Ten,27.0,Nevada,Mountain West,0.0,"[{'provider': 'Bovada', 'spread': -23.5, 'formatted_spread': 'Iowa -23.5', 'spread_open': -21.5, 'over_under': 39.5, 'over_under_open': 40.5, 'home_moneyline': -3500.0, 'away_moneyline': 1125.0}]",-23.5
401405084,2022,3,regular,2022-09-17T16:00:00.000Z,Syracuse,ACC,32.0,Purdue,Big Ten,29.0,"[{'provider': 'Bovada', 'spread': -1.5, 'formatted_spread': 'Syracuse -1.5', 'spread_open': 1.0, 'over_under': 60.0, 'over_under_open': 59.0, 'home_moneyline': -120.0, 'away_moneyline': 105.0}]",-1.5
401403954,2022,12,regular,2022-11-19T17:00:00.000Z,Texas A&M,SEC,20.0,UMass,FBS Independents,3.0,"[{'provider': 'Bovada', 'spread': -32.0, 'formatted_spread': 'Texas A&M -32.0', 'spread_open': -34.0, 'over_under': 46.0, 'over_under_open': 50.0, 'home_moneyline': None, 'away_moneyline': None}]",-32.0
401403943,2022,11,regular,2022-11-12T20:30:00.000Z,Ole Miss,SEC,24.0,Alabama,SEC,30.0,"[{'provider': 'Bovada', 'spread': 10.5, 'formatted_spread': 'Alabama -10.5', 'spread_open': 12.0, 'over_under': 65.5, 'over_under_open': 63.5, 'home_moneyline': None, 'away_moneyline': -450.0}]",10.5
401403944,2022,11,regular,2022-11-13T00:00:00.000Z,Mississippi State,SEC,19.0,Georgia,SEC,45.0,"[{'provider': 'Bovada', 'spread': 16.0, 'formatted_spread': 'Georgia -16.0', 'spread_open': 16.5, 'over_under': 53.0, 'over_under_open': 53.5, 'home_moneyline': 550.0, 'away_moneyline': -850.0}]",16.0
401403945,2022,11,regular,2022-11-12T17:00:00.000Z,Tennessee,SEC,66.0,Missouri,SEC,24.0,"[{'provider': 'Bovada', 'spread': -19.0, 'formatted_spread': 'Tennessee -19.0', 'spread_open': -21.0, 'over_under': 57.5, 'over_under_open': 56.5, 'home_moneyline': -1600.0, 'away_moneyline': 800.0}]",-19.0
401404034,2022,11,regular,2022-11-13T03:30:00.000Z,UCLA,Pac-12,28.0,Arizona,Pac-12,34.0,"[{'provider': 'Bovada', 'spread': -20.0, 'formatted_spread': 'UCLA -20.0', 'spread_open': -19.5, 'over_under': 77.5, 'over_under_open': 77.5, 'home_moneyline': -1400.0, 'away_moneyline': 750.0}]",-20.0
401404035,2022,11,regular,2022-11-12T20:30:00.000Z,Washington State,Pac-12,28.0,Arizona State,Pac-12,18.0,"[{'provider': 'Bovada', 'spread': -9.5, 'formatted_spread': 'Washington State -9.5', 'spread_open': -9.0, 'over_under': 59.5, 'over_under_open': 55.5, 'home_moneyline': -360.0, 'away_moneyline': 280.0}]",-9.5
401415256,2022,11,regular,2022-11-12T20:30:00.000Z,Air Force,Mountain West,35.0,New Mexico,Mountain West,3.0,"[{'provider': 'Bovada', 'spread': -21.0, 'formatted_spread': 'Air Force -21.0', 'spread_open': -24.0, 'over_under': 37.5, 'over_under_open': 39.0, 'home_moneyline': -2800.0, 'away_moneyline': 1100.0}]",-21.0
401415257,2022,11,regular,2022-11-13T04:00:00.000Z,Hawai'i,Mountain West,34.0,Utah State,Mountain West,41.0,"[{'provider': 'Bovada', 'spread': 10.5, 'formatted_spread': 'Utah State -10.5', 'spread_open': 11.5, 'over_under': 55.0, 'over_under_open': 55.5, 'home_moneyline': 320.0, 'away_moneyline': -430.0}]",10.5
401426588,2022,8,regular,2022-10-22T19:30:00.000Z,Charlotte,Conference USA,15.0,Florida International,Conference USA,34.0,"[{'provider': 'Bovada', 'spread': -14.0, 'formatted_spread': 'Charlotte -14.0', 'spread_open': -14.5, 'over_under': 63.5, 'over_under_open': 58.0, 'home_moneyline': -650.0, 'away_moneyline': 450.0}]",-14.0
401426589,2022,8,regular,2022-10-22T20:00:00.000Z,UTEP,Conference USA,24.0,Florida Atlantic,Conference USA,21.0,"[{'provider': 'Bovada', 'spread': 3.0, 'formatted_spread': 'Florida Atlantic -3.0', 'spread_open': 4.0, 'over_under': 51.0, 'over_under_open': 51.0, 'home_moneyline': 160.0, 'away_moneyline': -185.0}]",3.0
401426590,2022,8,regular,2022-10-22T19:00:00.000Z,Louisiana Tech,Conference USA,41.0,Rice,Conference USA,42.0,"[{'provider': 'Bovada', 'spread': 3.0, 'formatted_spread': 'Rice -3.0', 'spread_open': 2.5, 'over_under': 57.0, 'over_under_open': 60.0, 'home_moneyline': 130.0, 'away_moneyline': -150.0}]",3.0
401403865,2022,1,regular,2022-09-03T16:00:00.000Z,Texas A&M,SEC,31.0,Sam Houston State,Western Athletic,0.0,"[{'provider': 'Bovada', 'spread': -38.0, 'formatted_spread': 'Texas A&M -38.0', 'spread_open': -33.0, 'over_under': 55.5, 'over_under_open': 53.5, 'home_moneyline': None, 'away_moneyline': None}]",-38.0
401403973,2022,1,regular,2022-09-04T02:30:00.000Z,Washington,Pac-12,45.0,Kent State,Mid-American,20.0,"[{'provider': 'Bovada', 'spread': -24.0, 'formatted_spread': 'Washington -24.0', 'spread_open': -23.0, 'over_under': 61.5, 'over_under_open': 63.0, 'home_moneyline': -2200.0, 'away_moneyline': 1000.0}]",-24.0
401405066,2022,1,regular,2022-09-03T16:00:00.000Z,Maryland,Big Ten,31.0,Buffalo,Mid-American,10.0,"[{'provider': 'Bovada', 'spread': -24.0, 'formatted_spread': 'Maryland -24.0', 'spread_open': -20.5, 'over_under': 66.0, 'over_under_open': 64.5, 'home_moneyline': -2500.0, 'away_moneyline': 1050.0}]",-24.0
401426591,2022,8,regular,2022-10-22T19:30:00.000Z,UT San Antonio,Conference USA,31.0,North Texas,Conference USA,27.0,"[{'provider': 'Bovada', 'spread': -10.0, 'formatted_spread': 'UT San Antonio -10.0', 'spread_open': -9.5, 'over_under': 73.0, 'over_under_open': 70.5, 'home_moneyline': -390.0, 'away_moneyline': 295.0}]",-10.0
401405067,2022,1,regular,2022-09-03T16:00:00.000Z,Michigan,Big Ten,51.0,Colorado State,Mountain West,7.0,"[{'provider': 'Bovada', 'spread': -31.0, 'formatted_spread': 'Michigan -31.0', 'spread_open': -28.5, 'over_under': 61.0, 'over_under_open': 57.5, 'home_moneyline': None, 'away_moneyline': None}]",-31.0
401426592,2022,8,regular,2022-10-22T00:00:00.000Z,Western Kentucky,Conference USA,20.0,UAB,Conference USA,17.0,"[{'provider': 'Bovada', 'spread': -1.0, 'formatted_spread': 'Western Kentucky -1.0', 'spread_open': -2.5, 'over_under': 60.5, 'over_under_open': 57.5, 'home_moneyline': -135.0, 'away_moneyline': 115.0}]",-1.0
401405069,2022,1,regular,2022-09-03T16:00:00.000Z,Boston College,ACC,21.0,Rutgers,Big Ten,22.0,"[{'provider': 'Bovada', 'spread': -9.5, 'formatted_spread': 'Boston College -9.5', 'spread_open': -7.5, 'over_under': 47.0, 'over_under_open': 52.0, 'home_moneyline': -300.0, 'away_moneyline': 250.0}]",-9.5
401426538,2022,1,regular,2022-09-03T22:00:00.000Z,James Madison,Sun Belt,44.0,Middle Tennessee,Conference USA,7.0,"[{'provider': 'Bovada', 'spread': -4.5, 'formatted_spread': 'James Madison -4.5', 'spread_open': -5.0, 'over_under': 59.5, 'over_under_open': 58.5, 'home_moneyline': -250.0, 'away_moneyline': 210.0}]",-4.5
401426545,2022,2,regular,2022-09-10T19:30:00.000Z,Charlotte,Conference USA,21.0,Maryland,Big Ten,56.0,"[{'provider': 'Bovada', 'spread': 28.0, 'formatted_spread': 'Maryland -28.0', 'spread_open': 27.0, 'over_under': 65.0, 'over_under_open': 66.5, 'home_moneyline': None, 'away_moneyline': None}]",28.0
401403971,2022,1,regular,2022-09-03T18:30:00.000Z,UCLA,Pac-12,45.0,Bowling Green,Mid-American,17.0,"[{'provider': 'Bovada', 'spread': -24.0, 'formatted_spread': 'UCLA -24.0', 'spread_open': -30.0, 'over_under': 56.0, 'over_under_open': 55.5, 'home_moneyline': -2800.0, 'away_moneyline': 1100.0}]",-24.0
401411095,2022,1,regular,2022-09-03T16:00:00.000Z,Appalachian State,Sun Belt,61.0,North Carolina,ACC,63.0,"[{'provider': 'Bovada', 'spread': -3.0, 'formatted_spread': 'Appalachian State -3.0', 'spread_open': 3.5, 'over_under': 56.5, 'over_under_open': 57.0, 'home_moneyline': -120.0, 'away_moneyline': -120.0}]",-3.0
401411100,2022,1,regular,2022-09-03T16:30:00.000Z,Virginia,ACC,34.0,Richmond,CAA,17.0,"[{'provider': 'Bovada', 'spread': -22.5, 'formatted_spread': 'Virginia -22.5', 'spread_open': -21.0, 'over_under': 62.0, 'over_under_open': 58.5, 'home_moneyline': None, 'away_moneyline': None}]",-22.5
401426548,2022,2,regular,2022-09-10T20:00:00.000Z,Colorado State,Mountain West,19.0,Middle Tennessee,Conference USA,34.0,"[{'provider': 'Bovada', 'spread': -14.0, 'formatted_spread': 'Colorado State -14.0', 'spread_open': -7.0, 'over_under': 58.0, 'over_under_open': 57.0, 'home_moneyline': -415.0, 'away_moneyline': 310.0}]",-14.0
401426551,2022,2,regular,2022-09-10T22:00:00.000Z,Liberty,FBS Independents,21.0,UAB,Conference USA,14.0,"[{'provider': 'Bovada', 'spread': 6.0, 'formatted_spread': 'UAB -6.0', 'spread_open': 5.0, 'over_under': 50.0, 'over_under_open': 52.0, 'home_moneyline': 200.0, 'away_moneyline': -240.0}]",6.0
401426552,2022,2,regular,2022-09-11T01:00:00.000Z,UTEP,Conference USA,20.0,New Mexico State,FBS Independents,13.0,"[{'provider': 'Bovada', 'spread': -17.0, 'formatted_spread': 'UTEP -17.0', 'spread_open': -13.5, 'over_under': 46.0, 'over_under_open': 46.0, 'home_moneyline': -850.0, 'away_moneyline': 550.0}]",-17.0
401426541,2022,1,regular,2022-09-03T19:30:00.000Z,Oklahoma,Big 12,45.0,UTEP,Conference USA,13.0,"[{'provider': 'Bovada', 'spread': -31.0, 'formatted_spread': 'Oklahoma -31.0', 'spread_open': -37.0, 'over_under': 58.5, 'over_under_open': 56.5, 'home_moneyline': None, 'away_moneyline': None}]",-31.0
401426536,2022,1,regular,2022-09-03T22:00:00.000Z,Ohio,Mid-American,41.0,Florida Atlantic,Conference USA,38.0,"[{'provider': 'Bovada', 'spread': 6.0, 'formatted_spread': 'Florida Atlantic -6.0', 'spread_open': 1.5, 'over_under': 51.5, 'over_under_open': 48.5, 'home_moneyline': 150.0, 'away_moneyline': -175.0}]",6.0
401426553,2022,2,regular,2022-09-10T16:00:00.000Z,Army,FBS Independents,38.0,UT San Antonio,Conference USA,41.0,"[{'provider': 'Bovada', 'spread': 1.5, 'formatted_spread': 'UT San Antonio -1.5', 'spread_open': 1.5, 'over_under': 54.0, 'over_under_open': 54.0, 'home_moneyline': 130.0, 'away_moneyline': -150.0}]",1.5
401403967,2022,1,regular,2022-09-03T19:30:00.000Z,San Diego State,Mountain West,20.0,Arizona,Pac-12,38.0,"[{'provider': 'Bovada', 'spread': -6.5, 'formatted_spread': 'San Diego State -6.5', 'spread_open': -7.0, 'over_under': 46.5, 'over_under_open': 49.5, 'home_moneyline': -235.0, 'away_moneyline': 195.0}]",-6.5
401411109,2022,3,regular,2022-09-16T23:30:00.000Z,Louisville,ACC,31.0,Florida State,ACC,35.0,"[{'provider': 'Bovada', 'spread': 3.0, 'formatted_spread': 'Florida State -3.0', 'spread_open': 1.5, 'over_under': 57.0, 'over_under_open': 54.5, 'home_moneyline': 130.0, 'away_moneyline': -150.0}]",3.0
401415262,2022,12,regular,2022-11-20T02:00:00.000Z,Air Force,Mountain West,24.0,Colorado State,Mountain West,12.0,"[{'provider': 'Bovada', 'spread': -21.5, 'formatted_spread': 'Air Force -21.5', 'spread_open': -22.5, 'over_under': 43.0, 'over_under_open': 44.0, 'home_moneyline': -2200.0, 'away_moneyline': 1000.0}]",-21.5
401415658,2022,12,regular,2022-11-18T00:30:00.000Z,Tulane,American Athletic,59.0,SMU,American Athletic,24.0,"[{'provider': 'Bovada', 'spread': -3.5, 'formatted_spread': 'Tulane -3.5', 'spread_open': -3.0, 'over_under': 65.0, 'over_under_open': 65.0, 'home_moneyline': -150.0, 'away_moneyline': 130.0}]",-3.5
401415660,2022,12,regular,2022-11-19T19:00:00.000Z,East Carolina,American Athletic,3.0,Houston,American Athletic,42.0,"[{'provider': 'Bovada', 'spread': -6.0, 'formatted_spread': 'East Carolina -6.0', 'spread_open': -6.5, 'over_under': 66.5, 'over_under_open': 67.0, 'home_moneyline': -230.0, 'away_moneyline': 190.0}]",-6.0
401415661,2022,12,regular,2022-11-19T16:00:00.000Z,UCF,American Athletic,14.0,Navy,American Athletic,17.0,"[{'provider': 'Bovada', 'spread': -15.0, 'formatted_spread': 'UCF -15.0', 'spread_open': -16.5, 'over_under': 53.0, 'over_under_open': 53.5, 'home_moneyline': -750.0, 'away_moneyline': 500.0}]",-15.0
401415663,2022,12,regular,2022-11-19T21:00:00.000Z,Temple,American Athletic,3.0,Cincinnati,American Athletic,23.0,"[{'provider': 'Bovada', 'spread': 17.0, 'formatted_spread': 'Cincinnati -17.0', 'spread_open': 18.0, 'over_under': 49.0, 'over_under_open': 54.0, 'home_moneyline': 700.0, 'away_moneyline': -1200.0}]",17.0
401416642,2022,12,regular,2022-11-16T00:00:00.000Z,Toledo,Mid-American,35.0,Bowling Green,Mid-American,42.0,"[{'provider': 'Bovada', 'spread': -14.5, 'formatted_spread': 'Toledo -14.5', 'spread_open': -15.0, 'over_under': 46.5, 'over_under_open': 50.5, 'home_moneyline': -650.0, 'away_moneyline': 450.0}]",-14.5
401416643,2022,12,regular,2022-11-16T00:00:00.000Z,Ball State,Mid-American,18.0,Ohio,Mid-American,32.0,"[{'provider': 'Bovada', 'spread': 3.5, 'formatted_spread': 'Ohio -3.5', 'spread_open': 4.5, 'over_under': 57.5, 'over_under_open': 53.0, 'home_moneyline': 170.0, 'away_moneyline': -200.0}]",3.5
401416644,2022,12,regular,2022-11-16T23:00:00.000Z,Kent State,Mid-American,24.0,Eastern Michigan,Mid-American,31.0,"[{'provider': 'Bovada', 'spread': -7.5, 'formatted_spread': 'Kent State -7.5', 'spread_open': -7.0, 'over_under': 60.0, 'over_under_open': 61.5, 'home_moneyline': -270.0, 'away_moneyline': 220.0}]",-7.5
401416646,2022,12,regular,2022-11-17T00:00:00.000Z,Northern Illinois,Mid-American,23.0,Miami (OH),Mid-American,29.0,"[{'provider': 'Bovada', 'spread': 0.0, 'formatted_spread': 'Miami (OH) -0.0', 'spread_open': -3.0, 'over_under': 44.0, 'over_under_open': 48.0, 'home_moneyline': -130.0, 'away_moneyline': 110.0}]",0.0
401426376,2022,12,regular,2022-11-19T19:30:00.000Z,Appalachian State,Sun Belt,27.0,Old Dominion,Sun Belt,14.0,"[{'provider': 'Bovada', 'spread': -16.0, 'formatted_spread': 'Appalachian State -16.0', 'spread_open': -14.5, 'over_under': 50.5, 'over_under_open': 52.0, 'home_moneyline': -750.0, 'away_moneyline': 500.0}]",-16.0
401426377,2022,12,regular,2022-11-19T23:00:00.000Z,Georgia Southern,Sun Belt,10.0,Marshall,Sun Belt,23.0,"[{'provider': 'Bovada', 'spread': 6.0, 'formatted_spread': 'Marshall -6.0', 'spread_open': 3.5, 'over_under': 52.0, 'over_under_open': 54.0, 'home_moneyline': 150.0, 'away_moneyline': -175.0}]",6.0
401426380,2022,12,regular,2022-11-19T22:00:00.000Z,Texas State,Sun Belt,16.0,Arkansas State,Sun Belt,13.0,"[{'provider': 'Bovada', 'spread': -6.0, 'formatted_spread': 'Texas State -6.0', 'spread_open': -5.0, 'over_under': 50.0, 'over_under_open': 51.5, 'home_moneyline': -210.0, 'away_moneyline': 175.0}]",-6.0
401426381,2022,12,regular,2022-11-19T20:30:00.000Z,Troy,Sun Belt,34.0,Louisiana Monroe,Sun Belt,16.0,"[{'provider': 'Bovada', 'spread': -15.0, 'formatted_spread': 'Troy -15.0', 'spread_open': -15.5, 'over_under': 48.5, 'over_under_open': 46.5, 'home_moneyline': -750.0, 'away_moneyline': 500.0}]",-15.0
401426608,2022,12,regular,2022-11-19T20:30:00.000Z,Charlotte,Conference USA,26.0,Louisiana Tech,Conference USA,21.0,"[{'provider': 'Bovada', 'spread': 2.0, 'formatted_spread': 'Louisiana Tech -2.0', 'spread_open': 3.0, 'over_under': 66.5, 'over_under_open': 65.0, 'home_moneyline': 135.0, 'away_moneyline': -160.0}]",2.0
401426609,2022,12,regular,2022-11-19T21:00:00.000Z,UTEP,Conference USA,40.0,Florida International,Conference USA,6.0,"[{'provider': 'Bovada', 'spread': -14.0, 'formatted_spread': 'UTEP -14.0', 'spread_open': -14.5, 'over_under': 50.0, 'over_under_open': 51.0, 'home_moneyline': -650.0, 'away_moneyline': 450.0}]",-14.0
401426610,2022,12,regular,2022-11-19T20:30:00.000Z,Middle Tennessee,Conference USA,49.0,Florida Atlantic,Conference USA,21.0,"[{'provider': 'Bovada', 'spread': 5.0, 'formatted_spread': 'Florida Atlantic -5.0', 'spread_open': 4.5, 'over_under': 51.0, 'over_under_open': 53.5, 'home_moneyline': 170.0, 'away_moneyline': -200.0}]",5.0
401426611,2022,12,regular,2022-11-19T18:00:00.000Z,Rice,Conference USA,7.0,UT San Antonio,Conference USA,41.0,"[{'provider': 'Bovada', 'spread': 14.0, 'formatted_spread': 'UT San Antonio -14.0', 'spread_open': 12.5, 'over_under': 56.0, 'over_under_open': 61.0, 'home_moneyline': 360.0, 'away_moneyline': -500.0}]",14.0
401426612,2022,12,regular,2022-11-20T02:00:00.000Z,LSU,SEC,41.0,UAB,Conference USA,10.0,"[{'provider': 'Bovada', 'spread': -15.5, 'formatted_spread': 'LSU -15.5', 'spread_open': -14.5, 'over_under': 50.5, 'over_under_open': 52.5, 'home_moneyline': -650.0, 'away_moneyline': 450.0}]",-15.5
401426613,2022,12,regular,2022-11-19T21:00:00.000Z,Auburn,SEC,41.0,Western Kentucky,Conference USA,17.0,"[{'provider': 'Bovada', 'spread': -5.0, 'formatted_spread': 'Auburn -5.0', 'spread_open': -6.5, 'over_under': 54.0, 'over_under_open': 52.5, 'home_moneyline': -270.0, 'away_moneyline': 220.0}]",-5.0
401426352,2022,7,regular,2022-10-15T19:30:00.000Z,Troy,Sun Belt,17.0,Texas State,Sun Belt,14.0,"[{'provider': 'Bovada', 'spread': -16.0, 'formatted_spread': 'Troy -16.0', 'spread_open': -16.0, 'over_under': 47.0, 'over_under_open': 48.5, 'home_moneyline': -850.0, 'away_moneyline': 550.0}]",-16.0
401426583,2022,7,regular,2022-10-15T19:30:00.000Z,UAB,Conference USA,34.0,Charlotte,Conference USA,20.0,"[{'provider': 'Bovada', 'spread': -22.0, 'formatted_spread': 'UAB -22.0', 'spread_open': -23.5, 'over_under': 65.0, 'over_under_open': 62.5, 'home_moneyline': -2800.0, 'away_moneyline': 1100.0}]",-22.0
401426584,2022,7,regular,2022-10-15T00:00:00.000Z,Florida International,Conference USA,10.0,UT San Antonio,Conference USA,30.0,"[{'provider': 'Bovada', 'spread': 33.0, 'formatted_spread': 'UT San Antonio -33.0', 'spread_open': 34.0, 'over_under': 64.0, 'over_under_open': 63.5, 'home_moneyline': None, 'away_moneyline': None}]",33.0
401426585,2022,7,regular,2022-10-15T22:00:00.000Z,Florida Atlantic,Conference USA,17.0,Rice,Conference USA,14.0,"[{'provider': 'Bovada', 'spread': -5.5, 'formatted_spread': 'Florida Atlantic -5.5', 'spread_open': -5.0, 'over_under': 54.5, 'over_under_open': 56.0, 'home_moneyline': -210.0, 'away_moneyline': 175.0}]",-5.5
401426587,2022,7,regular,2022-10-15T19:30:00.000Z,Middle Tennessee,Conference USA,17.0,Western Kentucky,Conference USA,35.0,"[{'provider': 'Bovada', 'spread': 7.5, 'formatted_spread': 'Western Kentucky -7.5', 'spread_open': 7.0, 'over_under': 67.5, 'over_under_open': 66.0, 'home_moneyline': 220.0, 'away_moneyline': -270.0}]",7.5
401426353,2022,8,regular,2022-10-19T23:30:00.000Z,Appalachian State,Sun Belt,42.0,Georgia State,Sun Belt,17.0,"[{'provider': 'Bovada', 'spread': -9.0, 'formatted_spread': 'Appalachian State -9.0', 'spread_open': -10.0, 'over_under': 61.0, 'over_under_open': 61.5, 'home_moneyline': -400.0, 'away_moneyline': 300.0}]",-9.0
401411141,2022,8,regular,2022-10-20T23:30:00.000Z,Georgia Tech,ACC,9.0,Virginia,ACC,16.0,"[{'provider': 'Bovada', 'spread': -3.5, 'formatted_spread': 'Georgia Tech -3.5', 'spread_open': -3.5, 'over_under': 48.0, 'over_under_open': 47.0, 'home_moneyline': -150.0, 'away_moneyline': 130.0}]",-3.5
401426354,2022,8,regular,2022-10-20T23:30:00.000Z,South Alabama,Sun Belt,6.0,Troy,Sun Belt,10.0,"[{'provider': 'Bovada', 'spread': -3.0, 'formatted_spread': 'South Alabama -3.0', 'spread_open': -3.5, 'over_under': 47.0, 'over_under_open': 49.0, 'home_moneyline': -165.0, 'away_moneyline': 140.0}]",-3.0
401415638,2022,8,regular,2022-10-21T23:30:00.000Z,Temple,American Athletic,16.0,Tulsa,American Athletic,27.0,"[{'provider': 'Bovada', 'spread': 14.0, 'formatted_spread': 'Tulsa -14.0', 'spread_open': 13.0, 'over_under': 53.5, 'over_under_open': 52.5, 'home_moneyline': 335.0, 'away_moneyline': -450.0}]",14.0
401404163,2022,8,regular,2022-10-22T19:30:00.000Z,Liberty,FBS Independents,41.0,BYU,FBS Independents,14.0,"[{'provider': 'Bovada', 'spread': 7.0, 'formatted_spread': 'BYU -7.0', 'spread_open': 5.5, 'over_under': 58.0, 'over_under_open': 58.0, 'home_moneyline': 220.0, 'away_moneyline': -270.0}]",7.0
401405117,2022,8,regular,2022-10-22T19:30:00.000Z,Wisconsin,Big Ten,35.0,Purdue,Big Ten,24.0,"[{'provider': 'Bovada', 'spread': -1.5, 'formatted_spread': 'Wisconsin -1.5', 'spread_open': -1.5, 'over_under': 51.0, 'over_under_open': 52.5, 'home_moneyline': -130.0, 'away_moneyline': 110.0}]",-1.5
401416650,2022,13,regular,2022-11-25T17:00:00.000Z,Eastern Michigan,Mid-American,38.0,Central Michigan,Mid-American,19.0,"[{'provider': 'Bovada', 'spread': -1.0, 'formatted_spread': 'Eastern Michigan -1.0', 'spread_open': 1.5, 'over_under': 53.0, 'over_under_open': 54.0, 'home_moneyline': 100.0, 'away_moneyline': -120.0}]",-1.0
401411172,2022,13,regular,2022-11-25T20:30:00.000Z,North Carolina,ACC,27.0,NC State,ACC,30.0,"[{'provider': 'Bovada', 'spread': -6.5, 'formatted_spread': 'North Carolina -6.5', 'spread_open': -6.0, 'over_under': 56.5, 'over_under_open': 56.5, 'home_moneyline': -250.0, 'away_moneyline': 210.0}]",-6.5
401403961,2022,13,regular,2022-11-25T20:30:00.000Z,Missouri,SEC,29.0,Arkansas,SEC,27.0,"[{'provider': 'Bovada', 'spread': 3.0, 'formatted_spread': 'Arkansas -3.0', 'spread_open': 3.0, 'over_under': 55.5, 'over_under_open': 55.0, 'home_moneyline': 135.0, 'away_moneyline': -160.0}]",3.0
401404120,2022,13,regular,2022-11-26T21:00:00.000Z,TCU,Big 12,62.0,Iowa State,Big 12,14.0,"[{'provider': 'Bovada', 'spread': -9.5, 'formatted_spread': 'TCU -9.5', 'spread_open': -10.0, 'over_under': 46.0, 'over_under_open': 47.0, 'home_moneyline': -400.0, 'away_moneyline': 300.0}]",-9.5
401404048,2022,13,regular,2022-11-26T21:00:00.000Z,Colorado,Pac-12,21.0,Utah,Pac-12,63.0,"[{'provider': 'Bovada', 'spread': 30.0, 'formatted_spread': 'Utah -30.0', 'spread_open': 30.0, 'over_under': 52.0, 'over_under_open': None, 'home_moneyline': None, 'away_moneyline': None}]",30.0
401405154,2022,13,regular,2022-11-26T21:00:00.000Z,Penn State,Big Ten,35.0,Michigan State,Big Ten,16.0,"[{'provider': 'Bovada', 'spread': -19.5, 'formatted_spread': 'Penn State -19.5', 'spread_open': -18.5, 'over_under': 54.5, 'over_under_open': 52.5, 'home_moneyline': -1100.0, 'away_moneyline': 650.0}]",-19.5
401426386,2022,13,regular,2022-11-26T22:00:00.000Z,Texas State,Sun Belt,13.0,Louisiana,Sun Belt,41.0,"[{'provider': 'Bovada', 'spread': 5.0, 'formatted_spread': 'Louisiana -5.0', 'spread_open': None, 'over_under': 44.0, 'over_under_open': 44.5, 'home_moneyline': 175.0, 'away_moneyline': -210.0}]",5.0
401404121,2022,13,regular,2022-11-27T01:00:00.000Z,Kansas State,Big 12,47.0,Kansas,Big 12,27.0,"[{'provider': 'Bovada', 'spread': -12.5, 'formatted_spread': 'Kansas State -12.5', 'spread_open': -11.5, 'over_under': 63.0, 'over_under_open': 63.0, 'home_moneyline': -480.0, 'away_moneyline': 350.0}]",-12.5
401404051,2022,13,regular,2022-11-27T03:30:00.000Z,Washington State,Pac-12,33.0,Washington,Pac-12,51.0,"[{'provider': 'Bovada', 'spread': 2.5, 'formatted_spread': 'Washington -2.5', 'spread_open': 2.5, 'over_under': 60.0, 'over_under_open': 59.0, 'home_moneyline': 110.0, 'away_moneyline': -130.0}]",2.5
401415242,2022,8,regular,2022-10-22T20:00:00.000Z,Colorado State,Mountain West,17.0,Hawai'i,Mountain West,13.0,"[{'provider': 'Bovada', 'spread': -6.0, 'formatted_spread': 'Colorado State -6.0', 'spread_open': -5.5, 'over_under': 46.0, 'over_under_open': 46.5, 'home_moneyline': -195.0, 'away_moneyline': 165.0}]",-6.0
401507670,2022,15,regular,2022-12-10T03:15:00.000Z,Montana State,Big Sky,55.0,William & Mary,CAA,0.0,"[{'provider': 'Bovada', 'spread': -9.0, 'formatted_spread': 'Montana State -9.0', 'spread_open': -8.0, 'over_under': 65.0, 'over_under_open': 65.0, 'home_moneyline': None, 'away_moneyline': None}]",-9.0
401403883,2022,3,regular,2022-09-17T23:30:00.000Z,Florida,SEC,31.0,South Florida,American Athletic,28.0,"[{'provider': 'Bovada', 'spread': -23.5, 'formatted_spread': 'Florida -23.5', 'spread_open': -24.5, 'over_under': 58.0, 'over_under_open': 59.0, 'home_moneyline': -2800.0, 'away_moneyline': 1100.0}]",-23.5
401403885,2022,3,regular,2022-09-17T22:00:00.000Z,LSU,SEC,31.0,Mississippi State,SEC,16.0,"[{'provider': 'Bovada', 'spread': 3.0, 'formatted_spread': 'Mississippi State -3.0', 'spread_open': 2.5, 'over_under': 53.0, 'over_under_open': 54.0, 'home_moneyline': 120.0, 'away_moneyline': -140.0}]",3.0
401403886,2022,3,regular,2022-09-17T19:30:00.000Z,Georgia Tech,ACC,0.0,Ole Miss,SEC,42.0,"[{'provider': 'Bovada', 'spread': 17.5, 'formatted_spread': 'Ole Miss -17.5', 'spread_open': 14.5, 'over_under': 62.5, 'over_under_open': 60.0, 'home_moneyline': 525.0, 'away_moneyline': -800.0}]",17.5
401404149,2022,3,regular,2022-09-17T16:00:00.000Z,Michigan,Big Ten,59.0,Connecticut,FBS Independents,0.0,"[{'provider': 'Bovada', 'spread': -47.5, 'formatted_spread': 'Michigan -47.5', 'spread_open': -47.0, 'over_under': 58.5, 'over_under_open': 59.5, 'home_moneyline': None, 'away_moneyline': None}]",-47.5
401404159,2022,3,regular,2022-09-17T21:00:00.000Z,Wake Forest,ACC,37.0,Liberty,FBS Independents,36.0,"[{'provider': 'Bovada', 'spread': -18.0, 'formatted_spread': 'Wake Forest -18.0', 'spread_open': -17.0, 'over_under': 65.0, 'over_under_open': 62.5, 'home_moneyline': -750.0, 'away_moneyline': 500.0}]",-18.0
401437132,2022,14,regular,2022-12-03T21:00:00.000Z,Jackson State,SWAC,43.0,Southern,SWAC,24.0,"[{'provider': 'Bovada', 'spread': -20.5, 'formatted_spread': 'Jackson State -20.5', 'spread_open': -14.5, 'over_under': 51.0, 'over_under_open': 49.5, 'home_moneyline': -900.0, 'away_moneyline': 575.0}]",-20.5
401507650,2022,15,regular,2022-12-10T00:00:00.000Z,North Dakota State,MVFC,24.0,Samford,Southern,3.0,"[{'provider': 'Bovada', 'spread': -19.0, 'formatted_spread': 'North Dakota State -19.0', 'spread_open': -17.0, 'over_under': 62.5, 'over_under_open': 62.5, 'home_moneyline': None, 'away_moneyline': None}]",-19.0
401507652,2022,15,regular,2022-12-10T03:30:00.000Z,Sacramento State,Big Sky,63.0,Incarnate Word,Southland,66.0,"[{'provider': 'Bovada', 'spread': -6.5, 'formatted_spread': 'Sacramento State -6.5', 'spread_open': -7.0, 'over_under': 77.5, 'over_under_open': 77.5, 'home_moneyline': None, 'away_moneyline': None}]",-6.5
401507651,2022,15,regular,2022-12-10T17:00:00.000Z,South Dakota State,MVFC,41.0,Holy Cross,Patriot,21.0,"[{'provider': 'Bovada', 'spread': -19.0, 'formatted_spread': 'South Dakota State -19.0', 'spread_open': -17.5, 'over_under': 54.0, 'over_under_open': 54.0, 'home_moneyline': -900.0, 'away_moneyline': 575.0}]",-19.0
401506450,2022,14,regular,2022-12-02T18:00:00.000Z,Buffalo,Mid-American,23.0,Akron,Mid-American,22.0,"[{'provider': 'Bovada', 'spread': -12.0, 'formatted_spread': 'Buffalo -12.0', 'spread_open': -14.5, 'over_under': 55.0, 'over_under_open': 57.5, 'home_moneyline': -550.0, 'away_moneyline': 390.0}]",-12.0
401415236,2022,6,regular,2022-10-08T02:30:00.000Z,San José State,Mountain West,40.0,UNLV,Mountain West,7.0,"[{'provider': 'Bovada', 'spread': -6.5, 'formatted_spread': 'San José State -6.5', 'spread_open': -5.0, 'over_under': 51.5, 'over_under_open': 50.5, 'home_moneyline': -210.0, 'away_moneyline': 175.0}]",-6.5
401415631,2022,6,regular,2022-10-08T19:30:00.000Z,Tulane,American Athletic,24.0,East Carolina,American Athletic,9.0,"[{'provider': 'Bovada', 'spread': -2.5, 'formatted_spread': 'Tulane -2.5', 'spread_open': -3.0, 'over_under': 55.5, 'over_under_open': 54.0, 'home_moneyline': -160.0, 'away_moneyline': 135.0}]",-2.5
401415633,2022,6,regular,2022-10-08T18:30:00.000Z,Cincinnati,American Athletic,28.0,South Florida,American Athletic,24.0,"[{'provider': 'Bovada', 'spread': -27.0, 'formatted_spread': 'Cincinnati -27.0', 'spread_open': -27.5, 'over_under': 58.5, 'over_under_open': 59.0, 'home_moneyline': None, 'away_moneyline': None}]",-27.0
401426344,2022,6,regular,2022-10-09T00:00:00.000Z,Louisiana Monroe,Sun Belt,21.0,Coastal Carolina,Sun Belt,28.0,"[{'provider': 'Bovada', 'spread': 12.5, 'formatted_spread': 'Coastal Carolina -12.5', 'spread_open': 15.0, 'over_under': 57.5, 'over_under_open': 60.0, 'home_moneyline': 425.0, 'away_moneyline': -600.0}]",12.5
401403989,2022,3,regular,2022-09-17T19:30:00.000Z,Oregon,Pac-12,41.0,BYU,FBS Independents,20.0,"[{'provider': 'Bovada', 'spread': -4.0, 'formatted_spread': 'Oregon -4.0', 'spread_open': -4.0, 'over_under': 58.0, 'over_under_open': 56.5, 'home_moneyline': -170.0, 'away_moneyline': 145.0}]",-4.0
401404071,2022,3,regular,2022-09-17T16:00:00.000Z,Baylor,Big 12,42.0,Texas State,Sun Belt,7.0,"[{'provider': 'Bovada', 'spread': -30.0, 'formatted_spread': 'Baylor -30.0', 'spread_open': -30.0, 'over_under': 53.0, 'over_under_open': 53.0, 'home_moneyline': None, 'away_moneyline': None}]",-30.0
401404072,2022,3,regular,2022-09-17T23:00:00.000Z,NC State,ACC,27.0,Texas Tech,Big 12,14.0,"[{'provider': 'Bovada', 'spread': -10.0, 'formatted_spread': 'NC State -10.0', 'spread_open': -10.0, 'over_under': 56.0, 'over_under_open': 55.5, 'home_moneyline': -370.0, 'away_moneyline': 285.0}]",-10.0
401404074,2022,3,regular,2022-09-17T19:00:00.000Z,Kansas State,Big 12,10.0,Tulane,American Athletic,17.0,"[{'provider': 'Bovada', 'spread': -13.5, 'formatted_spread': 'Kansas State -13.5', 'spread_open': -16.5, 'over_under': 49.0, 'over_under_open': 49.0, 'home_moneyline': -625.0, 'away_moneyline': 430.0}]",-13.5
401411117,2022,4,regular,2022-09-23T23:00:00.000Z,Syracuse,ACC,22.0,Virginia,ACC,20.0,"[{'provider': 'Bovada', 'spread': -10.0, 'formatted_spread': 'Syracuse -10.0', 'spread_open': -9.5, 'over_under': 54.0, 'over_under_open': 53.5, 'home_moneyline': -400.0, 'away_moneyline': 300.0}]",-10.0
401426335,2022,4,regular,2022-09-24T22:00:00.000Z,Old Dominion,Sun Belt,29.0,Arkansas State,Sun Belt,26.0,"[{'provider': 'Bovada', 'spread': -5.0, 'formatted_spread': 'Old Dominion -5.0', 'spread_open': -3.5, 'over_under': 55.5, 'over_under_open': 56.5, 'home_moneyline': -220.0, 'away_moneyline': 180.0}]",-5.0
401426565,2022,4,regular,2022-09-24T19:30:00.000Z,Western Kentucky,Conference USA,73.0,Florida International,Conference USA,0.0,"[{'provider': 'Bovada', 'spread': -31.5, 'formatted_spread': 'Western Kentucky -31.5', 'spread_open': -27.5, 'over_under': 65.5, 'over_under_open': 66.5, 'home_moneyline': None, 'away_moneyline': None}]",-31.5
401426579,2022,6,regular,2022-10-08T23:00:00.000Z,Florida International,Conference USA,12.0,Connecticut,FBS Independents,33.0,"[{'provider': 'Bovada', 'spread': 5.5, 'formatted_spread': 'Connecticut -5.5', 'spread_open': 4.5, 'over_under': 46.5, 'over_under_open': 49.5, 'home_moneyline': 170.0, 'away_moneyline': -200.0}]",5.5
401426356,2022,8,regular,2022-10-22T19:30:00.000Z,Old Dominion,Sun Belt,23.0,Georgia Southern,Sun Belt,28.0,"[{'provider': 'Bovada', 'spread': -1.5, 'formatted_spread': 'Old Dominion -1.5', 'spread_open': -2.5, 'over_under': 66.0, 'over_under_open': 68.0, 'home_moneyline': -130.0, 'away_moneyline': 110.0}]",-1.5
401404111,2022,11,regular,2022-11-13T00:00:00.000Z,Texas Tech,Big 12,43.0,Kansas,Big 12,28.0,"[{'provider': 'Bovada', 'spread': -3.5, 'formatted_spread': 'Texas Tech -3.5', 'spread_open': -3.5, 'over_under': 63.5, 'over_under_open': 64.5, 'home_moneyline': -175.0, 'away_moneyline': 150.0}]",-3.5
401405092,2022,4,regular,2022-09-24T19:30:00.000Z,Michigan State,Big Ten,7.0,Minnesota,Big Ten,34.0,"[{'provider': 'Bovada', 'spread': 3.0, 'formatted_spread': 'Minnesota -3.0', 'spread_open': -2.0, 'over_under': 50.0, 'over_under_open': 51.0, 'home_moneyline': None, 'away_moneyline': -120.0}]",3.0
401403880,2022,3,regular,2022-09-17T20:00:00.000Z,Alabama,SEC,63.0,Louisiana Monroe,Sun Belt,7.0,"[{'provider': 'Bovada', 'spread': -49.5, 'formatted_spread': 'Alabama -49.5', 'spread_open': -50.0, 'over_under': 61.5, 'over_under_open': 60.0, 'home_moneyline': None, 'away_moneyline': None}]",-49.5
401415623,2022,3,regular,2022-09-17T16:00:00.000Z,Miami (OH),Mid-American,17.0,Cincinnati,American Athletic,38.0,"[{'provider': 'Bovada', 'spread': 24.0, 'formatted_spread': 'Cincinnati -24.0', 'spread_open': 20.0, 'over_under': 51.0, 'over_under_open': 50.0, 'home_moneyline': 1050.0, 'away_moneyline': -2500.0}]",24.0
401403882,2022,3,regular,2022-09-17T19:30:00.000Z,Auburn,SEC,12.0,Penn State,Big Ten,41.0,"[{'provider': 'Bovada', 'spread': 2.0, 'formatted_spread': 'Penn State -2.0', 'spread_open': 3.0, 'over_under': 47.5, 'over_under_open': 48.5, 'home_moneyline': 120.0, 'away_moneyline': -140.0}]",2.0
401415211,2022,1,regular,2022-09-03T19:30:00.000Z,Wyoming,Mountain West,40.0,Tulsa,American Athletic,37.0,"[{'provider': 'Bovada', 'spread': 6.5, 'formatted_spread': 'Tulsa -6.5', 'spread_open': 2.0, 'over_under': 46.0, 'over_under_open': 46.5, 'home_moneyline': 160.0, 'away_moneyline': -185.0}]",6.5
401426540,2022,1,regular,2022-09-03T22:00:00.000Z,USC,Pac-12,66.0,Rice,Conference USA,14.0,"[{'provider': 'Bovada', 'spread': -33.0, 'formatted_spread': 'USC -33.0', 'spread_open': -34.5, 'over_under': 62.0, 'over_under_open': 64.5, 'home_moneyline': None, 'away_moneyline': None}]",-33.0
401411099,2022,1,regular,2022-09-04T00:00:00.000Z,Syracuse,ACC,31.0,Louisville,ACC,7.0,"[{'provider': 'Bovada', 'spread': 6.0, 'formatted_spread': 'Louisville -6.0', 'spread_open': 4.0, 'over_under': 55.0, 'over_under_open': 59.5, 'home_moneyline': 155.0, 'away_moneyline': -180.0}]",6.0
401405126,2022,9,regular,2022-10-29T16:00:00.000Z,Penn State,Big Ten,31.0,Ohio State,Big Ten,44.0,"[{'provider': 'Bovada', 'spread': 15.5, 'formatted_spread': 'Ohio State -15.5', 'spread_open': 15.0, 'over_under': 61.0, 'over_under_open': 61.5, 'home_moneyline': 475.0, 'away_moneyline': -700.0}]",15.5
401409242,2022,9,regular,2022-10-29T19:30:00.000Z,UMass,FBS Independents,13.0,New Mexico State,FBS Independents,23.0,"[{'provider': 'Bovada', 'spread': 1.0, 'formatted_spread': 'New Mexico State -1.0', 'spread_open': 3.0, 'over_under': 39.0, 'over_under_open': 37.0, 'home_moneyline': 125.0, 'away_moneyline': -145.0}]",1.0
401411147,2022,9,regular,2022-10-29T16:00:00.000Z,Florida State,ACC,41.0,Georgia Tech,ACC,16.0,"[{'provider': 'Bovada', 'spread': -24.0, 'formatted_spread': 'Florida State -24.0', 'spread_open': -20.5, 'over_under': 48.0, 'over_under_open': 48.0, 'home_moneyline': -2800.0, 'away_moneyline': 1100.0}]",-24.0
401411148,2022,9,regular,2022-10-29T19:30:00.000Z,Louisville,ACC,48.0,Wake Forest,ACC,21.0,"[{'provider': 'Bovada', 'spread': 3.0, 'formatted_spread': 'Wake Forest -3.0', 'spread_open': 5.0, 'over_under': 66.5, 'over_under_open': 62.5, 'home_moneyline': 180.0, 'away_moneyline': -220.0}]",3.0
401411149,2022,9,regular,2022-10-30T00:00:00.000Z,North Carolina,ACC,42.0,Pittsburgh,ACC,24.0,"[{'provider': 'Bovada', 'spread': -2.5, 'formatted_spread': 'North Carolina -2.5', 'spread_open': -4.0, 'over_under': 65.5, 'over_under_open': 64.0, 'home_moneyline': -180.0, 'away_moneyline': 155.0}]",-2.5
401404100,2022,9,regular,2022-10-29T16:00:00.000Z,Iowa State,Big 12,13.0,Oklahoma,Big 12,27.0,"[{'provider': 'Bovada', 'spread': 2.0, 'formatted_spread': 'Oklahoma -2.0', 'spread_open': 2.5, 'over_under': 58.5, 'over_under_open': 54.5, 'home_moneyline': None, 'away_moneyline': -120.0}]",2.0
401411146,2022,9,regular,2022-10-27T23:30:00.000Z,NC State,ACC,22.0,Virginia Tech,ACC,21.0,"[{'provider': 'Bovada', 'spread': -13.0, 'formatted_spread': 'NC State -13.0', 'spread_open': -13.5, 'over_under': 39.0, 'over_under_open': 40.0, 'home_moneyline': -585.0, 'away_moneyline': 410.0}]",-13.0
401426359,2022,9,regular,2022-10-27T23:30:00.000Z,Southern Mississippi,Sun Belt,39.0,Louisiana,Sun Belt,24.0,"[{'provider': 'Bovada', 'spread': 2.5, 'formatted_spread': 'Louisiana -2.5', 'spread_open': 2.0, 'over_under': 42.5, 'over_under_open': 43.5, 'home_moneyline': -125.0, 'away_moneyline': 105.0}]",2.5
401403927,2022,9,regular,2022-10-29T16:00:00.000Z,Auburn,SEC,27.0,Arkansas,SEC,41.0,"[{'provider': 'Bovada', 'spread': 4.0, 'formatted_spread': 'Arkansas -4.0', 'spread_open': 4.0, 'over_under': 60.0, 'over_under_open': 60.5, 'home_moneyline': 160.0, 'away_moneyline': -185.0}]",4.0
401403929,2022,9,regular,2022-10-29T20:00:00.000Z,South Carolina,SEC,10.0,Missouri,SEC,23.0,"[{'provider': 'Bovada', 'spread': -3.5, 'formatted_spread': 'South Carolina -3.5', 'spread_open': -6.0, 'over_under': 45.0, 'over_under_open': 47.5, 'home_moneyline': -200.0, 'away_moneyline': 170.0}]",-3.5
401403930,2022,9,regular,2022-10-29T23:00:00.000Z,Tennessee,SEC,44.0,Kentucky,SEC,6.0,"[{'provider': 'Bovada', 'spread': -10.5, 'formatted_spread': 'Tennessee -10.5', 'spread_open': -13.0, 'over_under': 63.0, 'over_under_open': 63.0, 'home_moneyline': -525.0, 'away_moneyline': 375.0}]",-10.5
401403888,2022,3,regular,2022-09-17T16:00:00.000Z,South Carolina,SEC,7.0,Georgia,SEC,48.0,"[{'provider': 'Bovada', 'spread': 25.5, 'formatted_spread': 'Georgia -25.5', 'spread_open': 24.5, 'over_under': 56.0, 'over_under_open': 50.5, 'home_moneyline': 1200.0, 'away_moneyline': -4000.0}]",25.5
401405115,2022,7,regular,2022-10-15T16:00:00.000Z,Michigan,Big Ten,41.0,Penn State,Big Ten,17.0,"[{'provider': 'Bovada', 'spread': -7.0, 'formatted_spread': 'Michigan -7.0', 'spread_open': -7.5, 'over_under': 48.5, 'over_under_open': 51.5, 'home_moneyline': -280.0, 'away_moneyline': 230.0}]",-7.0
401405116,2022,7,regular,2022-10-15T20:00:00.000Z,Michigan State,Big Ten,34.0,Wisconsin,Big Ten,28.0,"[{'provider': 'Bovada', 'spread': 7.0, 'formatted_spread': 'Wisconsin -7.0', 'spread_open': 5.5, 'over_under': 50.0, 'over_under_open': 47.0, 'home_moneyline': 180.0, 'away_moneyline': -220.0}]",7.0
401409239,2022,7,regular,2022-10-16T00:00:00.000Z,New Mexico State,FBS Independents,21.0,New Mexico,Mountain West,9.0,"[{'provider': 'Bovada', 'spread': 7.0, 'formatted_spread': 'New Mexico -7.0', 'spread_open': 6.0, 'over_under': 38.5, 'over_under_open': 38.0, 'home_moneyline': 190.0, 'away_moneyline': -230.0}]",7.0
401404128,2022,8,regular,2022-10-22T18:30:00.000Z,Notre Dame,FBS Independents,44.0,UNLV,Mountain West,21.0,"[{'provider': 'Bovada', 'spread': -26.0, 'formatted_spread': 'Notre Dame -26.0', 'spread_open': -24.0, 'over_under': 46.5, 'over_under_open': 50.0, 'home_moneyline': -5000.0, 'away_moneyline': 1300.0}]",-26.0
401416622,2022,7,regular,2022-10-15T16:00:00.000Z,Bowling Green,Mid-American,17.0,Miami (OH),Mid-American,13.0,"[{'provider': 'Bovada', 'spread': 7.0, 'formatted_spread': 'Miami (OH) -7.0', 'spread_open': 7.0, 'over_under': 45.0, 'over_under_open': 47.5, 'home_moneyline': 210.0, 'away_moneyline': -250.0}]",7.0
401416623,2022,7,regular,2022-10-15T19:30:00.000Z,Western Michigan,Mid-American,14.0,Ohio,Mid-American,33.0,"[{'provider': 'Bovada', 'spread': -2.0, 'formatted_spread': 'Western Michigan -2.0', 'spread_open': -2.0, 'over_under': 61.5, 'over_under_open': 60.0, 'home_moneyline': -125.0, 'away_moneyline': 105.0}]",-2.0
401426348,2022,7,regular,2022-10-15T16:00:00.000Z,Coastal Carolina,Sun Belt,21.0,Old Dominion,Sun Belt,49.0,"[{'provider': 'Bovada', 'spread': -11.0, 'formatted_spread': 'Coastal Carolina -11.0', 'spread_open': -11.0, 'over_under': 58.5, 'over_under_open': 57.0, 'home_moneyline': -450.0, 'away_moneyline': 335.0}]",-11.0
401426349,2022,7,regular,2022-10-15T20:00:00.000Z,Georgia Southern,Sun Belt,45.0,James Madison,Sun Belt,38.0,"[{'provider': 'Bovada', 'spread': 13.0, 'formatted_spread': 'James Madison -13.0', 'spread_open': 10.5, 'over_under': 68.0, 'over_under_open': 63.5, 'home_moneyline': 295.0, 'away_moneyline': -390.0}]",13.0
401403928,2022,9,regular,2022-10-29T19:30:00.000Z,Georgia,SEC,42.0,Florida,SEC,20.0,"[{'provider': 'Bovada', 'spread': -23.0, 'formatted_spread': 'Georgia -23.0', 'spread_open': -22.0, 'over_under': 56.5, 'over_under_open': 57.0, 'home_moneyline': -2500.0, 'away_moneyline': 1050.0}]",-23.0
401426350,2022,7,regular,2022-10-15T23:00:00.000Z,South Alabama,Sun Belt,41.0,Louisiana Monroe,Sun Belt,34.0,"[{'provider': 'Bovada', 'spread': -17.0, 'formatted_spread': 'South Alabama -17.0', 'spread_open': -17.5, 'over_under': 51.0, 'over_under_open': 54.0, 'home_moneyline': -950.0, 'away_moneyline': 600.0}]",-17.0
401426351,2022,7,regular,2022-10-15T23:00:00.000Z,Southern Mississippi,Sun Belt,20.0,Arkansas State,Sun Belt,19.0,"[{'provider': 'Bovada', 'spread': -4.5, 'formatted_spread': 'Southern Mississippi -4.5', 'spread_open': -4.0, 'over_under': 53.0, 'over_under_open': 56.5, 'home_moneyline': -175.0, 'away_moneyline': 150.0}]",-4.5
401416631,2022,9,regular,2022-10-29T16:00:00.000Z,Akron,Mid-American,9.0,Miami (OH),Mid-American,27.0,"[{'provider': 'Bovada', 'spread': 9.5, 'formatted_spread': 'Miami (OH) -9.5', 'spread_open': 9.0, 'over_under': 51.5, 'over_under_open': 46.0, 'home_moneyline': 270.0, 'away_moneyline': -340.0}]",9.5
401403894,2022,4,regular,2022-09-24T16:00:00.000Z,Auburn,SEC,17.0,Missouri,SEC,14.0,"[{'provider': 'Bovada', 'spread': -7.5, 'formatted_spread': 'Auburn -7.5', 'spread_open': -6.5, 'over_under': 51.0, 'over_under_open': 51.5, 'home_moneyline': -280.0, 'away_moneyline': 230.0}]",-7.5
401403895,2022,4,regular,2022-09-24T16:00:00.000Z,Georgia,SEC,39.0,Kent State,Mid-American,22.0,"[{'provider': 'Bovada', 'spread': -46.0, 'formatted_spread': 'Georgia -46.0', 'spread_open': -42.0, 'over_under': 61.0, 'over_under_open': 60.0, 'home_moneyline': None, 'away_moneyline': None}]",-46.0
401403896,2022,4,regular,2022-09-24T23:00:00.000Z,Kentucky,SEC,31.0,Northern Illinois,Mid-American,23.0,"[{'provider': 'Bovada', 'spread': -27.5, 'formatted_spread': 'Kentucky -27.5', 'spread_open': -25.0, 'over_under': 53.0, 'over_under_open': 53.0, 'home_moneyline': -5000.0, 'away_moneyline': 1300.0}]",-27.5
401403897,2022,4,regular,2022-09-24T23:30:00.000Z,LSU,SEC,38.0,New Mexico,Mountain West,0.0,"[{'provider': 'Bovada', 'spread': -31.5, 'formatted_spread': 'LSU -31.5', 'spread_open': -29.0, 'over_under': 44.0, 'over_under_open': 47.0, 'home_moneyline': None, 'away_moneyline': None}]",-31.5
401403898,2022,4,regular,2022-09-24T20:00:00.000Z,Ole Miss,SEC,35.0,Tulsa,American Athletic,27.0,"[{'provider': 'Bovada', 'spread': -21.0, 'formatted_spread': 'Ole Miss -21.0', 'spread_open': -20.5, 'over_under': 66.5, 'over_under_open': 62.5, 'home_moneyline': -1500.0, 'away_moneyline': 775.0}]",-21.0
401415226,2022,5,regular,2022-09-30T00:00:00.000Z,BYU,FBS Independents,38.0,Utah State,Mountain West,26.0,"[{'provider': 'Bovada', 'spread': -26.0, 'formatted_spread': 'BYU -26.0', 'spread_open': -24.0, 'over_under': 60.0, 'over_under_open': 60.5, 'home_moneyline': -4500.0, 'away_moneyline': 1250.0}]",-26.0
401415625,2022,5,regular,2022-09-30T23:00:00.000Z,Houston,American Athletic,24.0,Tulane,American Athletic,27.0,"[{'provider': 'Bovada', 'spread': -5.5, 'formatted_spread': 'Houston -5.5', 'spread_open': -3.0, 'over_under': 52.0, 'over_under_open': 55.0, 'home_moneyline': -220.0, 'away_moneyline': 180.0}]",-5.5
401404007,2022,5,regular,2022-10-01T02:30:00.000Z,UCLA,Pac-12,40.0,Washington,Pac-12,32.0,"[{'provider': 'Bovada', 'spread': 2.5, 'formatted_spread': 'Washington -2.5', 'spread_open': 3.0, 'over_under': 65.0, 'over_under_open': 65.0, 'home_moneyline': 120.0, 'away_moneyline': -140.0}]",2.5
401403902,2022,5,regular,2022-10-01T19:30:00.000Z,Arkansas,SEC,26.0,Alabama,SEC,49.0,"[{'provider': 'Bovada', 'spread': 17.0, 'formatted_spread': 'Alabama -17.0', 'spread_open': 16.0, 'over_under': 61.0, 'over_under_open': 61.5, 'home_moneyline': 550.0, 'away_moneyline': -850.0}]",17.0
401403903,2022,5,regular,2022-10-01T23:00:00.000Z,Auburn,SEC,17.0,LSU,SEC,21.0,"[{'provider': 'Bovada', 'spread': 8.0, 'formatted_spread': 'LSU -8.0', 'spread_open': 7.5, 'over_under': 44.5, 'over_under_open': 45.5, 'home_moneyline': 255.0, 'away_moneyline': -310.0}]",8.0
401403905,2022,5,regular,2022-10-01T16:00:00.000Z,Ole Miss,SEC,22.0,Kentucky,SEC,19.0,"[{'provider': 'Bovada', 'spread': -6.0, 'formatted_spread': 'Ole Miss -6.0', 'spread_open': -6.0, 'over_under': 55.0, 'over_under_open': 55.5, 'home_moneyline': -270.0, 'away_moneyline': 220.0}]",-6.0
401403906,2022,5,regular,2022-10-01T20:00:00.000Z,Mississippi State,SEC,42.0,Texas A&M,SEC,24.0,"[{'provider': 'Bovada', 'spread': -4.0, 'formatted_spread': 'Mississippi State -4.0', 'spread_open': -2.5, 'over_under': 45.0, 'over_under_open': 46.0, 'home_moneyline': -170.0, 'away_moneyline': 145.0}]",-4.0
401403907,2022,5,regular,2022-10-01T23:30:00.000Z,Missouri,SEC,22.0,Georgia,SEC,26.0,"[{'provider': 'Bovada', 'spread': 31.5, 'formatted_spread': 'Georgia -31.5', 'spread_open': 27.5, 'over_under': 54.5, 'over_under_open': 55.5, 'home_moneyline': 1325.0, 'away_moneyline': -6000.0}]",31.5
401404127,2022,6,regular,2022-10-08T23:30:00.000Z,Notre Dame,FBS Independents,28.0,BYU,FBS Independents,20.0,"[{'provider': 'Bovada', 'spread': -3.5, 'formatted_spread': 'Notre Dame -3.5', 'spread_open': -2.5, 'over_under': 51.5, 'over_under_open': 52.0, 'home_moneyline': -195.0, 'away_moneyline': 165.0}]",-3.5
401404090,2022,6,regular,2022-10-08T16:00:00.000Z,Oklahoma,Big 12,0.0,Texas,Big 12,49.0,"[{'provider': 'Bovada', 'spread': 7.5, 'formatted_spread': 'Texas -7.5', 'spread_open': 6.0, 'over_under': 65.5, 'over_under_open': 65.0, 'home_moneyline': 260.0, 'away_moneyline': -320.0}]",7.5
401404011,2022,6,regular,2022-10-08T19:30:00.000Z,UCLA,Pac-12,42.0,Utah,Pac-12,32.0,"[{'provider': 'Bovada', 'spread': 3.5, 'formatted_spread': 'Utah -3.5', 'spread_open': 3.5, 'over_under': 64.5, 'over_under_open': 64.0, 'home_moneyline': 165.0, 'away_moneyline': -195.0}]",3.5
401404012,2022,6,regular,2022-10-08T23:30:00.000Z,USC,Pac-12,30.0,Washington State,Pac-12,14.0,"[{'provider': 'Bovada', 'spread': -12.5, 'formatted_spread': 'USC -12.5', 'spread_open': -11.0, 'over_under': 64.5, 'over_under_open': 61.0, 'home_moneyline': -550.0, 'away_moneyline': None}]",-12.5
401404088,2022,6,regular,2022-10-08T23:30:00.000Z,Iowa State,Big 12,9.0,Kansas State,Big 12,10.0,"[{'provider': 'Bovada', 'spread': 1.0, 'formatted_spread': 'Kansas State -1.0', 'spread_open': 2.0, 'over_under': 45.0, 'over_under_open': 46.0, 'home_moneyline': 110.0, 'away_moneyline': -130.0}]",1.0
401404089,2022,6,regular,2022-10-08T16:00:00.000Z,Kansas,Big 12,31.0,TCU,Big 12,38.0,"[{'provider': 'Bovada', 'spread': 7.0, 'formatted_spread': 'TCU -7.0', 'spread_open': 5.5, 'over_under': 71.0, 'over_under_open': 67.5, 'home_moneyline': 225.0, 'away_moneyline': -275.0}]",7.0
401404015,2022,7,regular,2022-10-16T01:00:00.000Z,Oregon State,Pac-12,24.0,Washington State,Pac-12,10.0,"[{'provider': 'Bovada', 'spread': -3.0, 'formatted_spread': 'Oregon State -3.0', 'spread_open': -3.5, 'over_under': 51.5, 'over_under_open': 52.5, 'home_moneyline': -165.0, 'away_moneyline': 140.0}]",-3.0
401415244,2022,8,regular,2022-10-23T01:45:00.000Z,Wyoming,Mountain West,28.0,Utah State,Mountain West,14.0,"[{'provider': 'Bovada', 'spread': -5.0, 'formatted_spread': 'Wyoming -5.0', 'spread_open': -3.5, 'over_under': 44.5, 'over_under_open': 42.0, 'home_moneyline': -170.0, 'away_moneyline': 145.0}]",-5.0
401415245,2022,8,regular,2022-10-23T02:30:00.000Z,Nevada,Mountain West,7.0,San Diego State,Mountain West,23.0,"[{'provider': 'Bovada', 'spread': 7.0, 'formatted_spread': 'San Diego State -7.0', 'spread_open': 9.0, 'over_under': 36.0, 'over_under_open': 36.5, 'home_moneyline': 240.0, 'away_moneyline': -290.0}]",7.0
401404030,2022,10,regular,2022-11-05T19:30:00.000Z,Colorado,Pac-12,10.0,Oregon,Pac-12,49.0,"[{'provider': 'Bovada', 'spread': 31.0, 'formatted_spread': 'Oregon -31.0', 'spread_open': 31.0, 'over_under': 62.5, 'over_under_open': 60.5, 'home_moneyline': None, 'away_moneyline': None}]",31.0
401404032,2022,10,regular,2022-11-05T19:30:00.000Z,Stanford,Pac-12,14.0,Washington State,Pac-12,52.0,"[{'provider': 'Bovada', 'spread': 3.0, 'formatted_spread': 'Washington State -3.0', 'spread_open': 4.5, 'over_under': 48.0, 'over_under_open': 48.5, 'home_moneyline': 170.0, 'away_moneyline': None}]",3.0
401404104,2022,10,regular,2022-11-05T19:00:00.000Z,Oklahoma,Big 12,35.0,Baylor,Big 12,38.0,"[{'provider': 'Bovada', 'spread': -3.0, 'formatted_spread': 'Oklahoma -3.0', 'spread_open': -3.5, 'over_under': 61.5, 'over_under_open': 58.5, 'home_moneyline': -175.0, 'away_moneyline': 150.0}]",-3.0
401404105,2022,10,regular,2022-11-05T19:30:00.000Z,Iowa State,Big 12,31.0,West Virginia,Big 12,14.0,"[{'provider': 'Bovada', 'spread': -6.5, 'formatted_spread': 'Iowa State -6.5', 'spread_open': -6.5, 'over_under': 49.5, 'over_under_open': 51.0, 'home_moneyline': -250.0, 'away_moneyline': 210.0}]",-6.5
401404106,2022,10,regular,2022-11-05T19:30:00.000Z,Kansas,Big 12,37.0,Oklahoma State,Big 12,16.0,"[{'provider': 'Bovada', 'spread': 2.0, 'formatted_spread': 'Oklahoma State -2.0', 'spread_open': 3.5, 'over_under': 65.5, 'over_under_open': 69.0, 'home_moneyline': 150.0, 'away_moneyline': -175.0}]",2.0
401416635,2022,10,regular,2022-11-02T23:00:00.000Z,Bowling Green,Mid-American,13.0,Western Michigan,Mid-American,9.0,"[{'provider': 'Bovada', 'spread': -5.0, 'formatted_spread': 'Bowling Green -5.0', 'spread_open': -3.5, 'over_under': 47.5, 'over_under_open': 47.0, 'home_moneyline': -175.0, 'away_moneyline': 150.0}]",-5.0
401426364,2022,10,regular,2022-11-03T23:30:00.000Z,Coastal Carolina,Sun Belt,35.0,Appalachian State,Sun Belt,28.0,"[{'provider': 'Bovada', 'spread': 3.0, 'formatted_spread': 'Appalachian State -3.0', 'spread_open': 2.0, 'over_under': 65.0, 'over_under_open': 61.0, 'home_moneyline': 135.0, 'away_moneyline': -160.0}]",3.0
401416636,2022,11,regular,2022-11-09T01:00:00.000Z,Toledo,Mid-American,28.0,Ball State,Mid-American,21.0,"[{'provider': 'Bovada', 'spread': -14.0, 'formatted_spread': 'Toledo -14.0', 'spread_open': -12.0, 'over_under': 53.5, 'over_under_open': 51.5, 'home_moneyline': -500.0, 'away_moneyline': 360.0}]",-14.0
401416637,2022,11,regular,2022-11-09T00:00:00.000Z,Akron,Mid-American,28.0,Eastern Michigan,Mid-American,34.0,"[{'provider': 'Bovada', 'spread': 6.0, 'formatted_spread': 'Eastern Michigan -6.0', 'spread_open': 9.0, 'over_under': 57.0, 'over_under_open': 55.5, 'home_moneyline': 265.0, 'away_moneyline': -330.0}]",6.0
401416638,2022,11,regular,2022-11-09T00:30:00.000Z,Miami (OH),Mid-American,21.0,Ohio,Mid-American,37.0,"[{'provider': 'Bovada', 'spread': 2.5, 'formatted_spread': 'Ohio -2.5', 'spread_open': 1.0, 'over_under': 52.0, 'over_under_open': 50.5, 'home_moneyline': 105.0, 'away_moneyline': -125.0}]",2.5
401416639,2022,11,regular,2022-11-10T00:00:00.000Z,Western Michigan,Mid-American,21.0,Northern Illinois,Mid-American,24.0,"[{'provider': 'Bovada', 'spread': 0.0, 'formatted_spread': 'Northern Illinois -0.0', 'spread_open': 0.0, 'over_under': 49.0, 'over_under_open': 52.0, 'home_moneyline': -110.0, 'away_moneyline': -110.0}]",0.0
401416640,2022,11,regular,2022-11-10T00:00:00.000Z,Central Michigan,Mid-American,31.0,Buffalo,Mid-American,27.0,"[{'provider': 'Bovada', 'spread': -2.5, 'formatted_spread': 'Central Michigan -2.5', 'spread_open': 0.0, 'over_under': 54.0, 'over_under_open': 55.5, 'home_moneyline': -115.0, 'away_moneyline': -105.0}]",-2.5
401411151,2022,10,regular,2022-11-04T23:00:00.000Z,Boston College,ACC,31.0,Duke,ACC,38.0,"[{'provider': 'Bovada', 'spread': 12.5, 'formatted_spread': 'Duke -12.5', 'spread_open': 9.5, 'over_under': 47.0, 'over_under_open': 48.5, 'home_moneyline': 335.0, 'away_moneyline': -450.0}]",12.5
401403932,2022,10,regular,2022-11-05T20:00:00.000Z,Arkansas,SEC,19.0,Liberty,FBS Independents,21.0,"[{'provider': 'Bovada', 'spread': -14.5, 'formatted_spread': 'Arkansas -14.5', 'spread_open': -14.0, 'over_under': 61.0, 'over_under_open': 64.5, 'home_moneyline': -625.0, 'away_moneyline': 430.0}]",-14.5
401403904,2022,5,regular,2022-10-02T16:00:00.000Z,Florida,SEC,52.0,Eastern Washington,Big Sky,17.0,"[{'provider': 'Bovada', 'spread': -32.0, 'formatted_spread': 'Florida -32.0', 'spread_open': -32.0, 'over_under': 69.0, 'over_under_open': 71.5, 'home_moneyline': None, 'away_moneyline': None}]",-32.0
401403933,2022,10,regular,2022-11-05T19:30:00.000Z,Georgia,SEC,27.0,Tennessee,SEC,13.0,"[{'provider': 'Bovada', 'spread': -9.0, 'formatted_spread': 'Georgia -9.0', 'spread_open': -8.5, 'over_under': 65.0, 'over_under_open': 65.5, 'home_moneyline': -310.0, 'away_moneyline': 255.0}]",-9.0
401403934,2022,10,regular,2022-11-05T23:00:00.000Z,LSU,SEC,32.0,Alabama,SEC,31.0,"[{'provider': 'Bovada', 'spread': 13.5, 'formatted_spread': 'Alabama -13.5', 'spread_open': 13.0, 'over_under': 57.0, 'over_under_open': 58.0, 'home_moneyline': 390.0, 'away_moneyline': -550.0}]",13.5
401403935,2022,10,regular,2022-11-05T23:30:00.000Z,Mississippi State,SEC,39.0,Auburn,SEC,33.0,"[{'provider': 'Bovada', 'spread': -12.5, 'formatted_spread': 'Mississippi State -12.5', 'spread_open': -11.0, 'over_under': 50.5, 'over_under_open': 52.5, 'home_moneyline': -525.0, 'away_moneyline': 375.0}]",-12.5
401404029,2022,10,regular,2022-11-06T02:30:00.000Z,USC,Pac-12,41.0,California,Pac-12,35.0,"[{'provider': 'Bovada', 'spread': -21.0, 'formatted_spread': 'USC -21.0', 'spread_open': -19.5, 'over_under': 62.0, 'over_under_open': 58.0, 'home_moneyline': -1800.0, 'away_moneyline': 850.0}]",-21.0
401416641,2022,11,regular,2022-11-10T00:00:00.000Z,Bowling Green,Mid-American,6.0,Kent State,Mid-American,40.0,"[{'provider': 'Bovada', 'spread': 3.0, 'formatted_spread': 'Kent State -3.0', 'spread_open': 2.5, 'over_under': 56.0, 'over_under_open': 57.5, 'home_moneyline': 115.0, 'away_moneyline': -135.0}]",3.0
401404036,2022,11,regular,2022-11-13T02:00:00.000Z,Oregon State,Pac-12,38.0,California,Pac-12,10.0,"[{'provider': 'Bovada', 'spread': -11.5, 'formatted_spread': 'Oregon State -11.5', 'spread_open': -13.5, 'over_under': 47.0, 'over_under_open': 49.0, 'home_moneyline': -575.0, 'away_moneyline': 400.0}]",-11.5
401404037,2022,11,regular,2022-11-13T00:00:00.000Z,Oregon,Pac-12,34.0,Washington,Pac-12,37.0,"[{'provider': 'Bovada', 'spread': -12.0, 'formatted_spread': 'Oregon -12.0', 'spread_open': -12.5, 'over_under': 74.0, 'over_under_open': 68.5, 'home_moneyline': -500.0, 'away_moneyline': 360.0}]",-12.0
401426393,2022,4,regular,2022-09-24T23:00:00.000Z,Troy,Sun Belt,16.0,Marshall,Sun Belt,7.0,"[{'provider': 'Bovada', 'spread': 3.5, 'formatted_spread': 'Marshall -3.5', 'spread_open': 4.0, 'over_under': 51.5, 'over_under_open': 52.5, 'home_moneyline': 135.0, 'away_moneyline': -160.0}]",3.5
401426564,2022,4,regular,2022-09-24T23:30:00.000Z,South Carolina,SEC,56.0,Charlotte,Conference USA,20.0,"[{'provider': 'Bovada', 'spread': -23.5, 'formatted_spread': 'South Carolina -23.5', 'spread_open': -23.0, 'over_under': 67.0, 'over_under_open': 65.5, 'home_moneyline': -2500.0, 'away_moneyline': 1050.0}]",-23.5
401426566,2022,4,regular,2022-09-24T23:30:00.000Z,Purdue,Big Ten,28.0,Florida Atlantic,Conference USA,26.0,"[{'provider': 'Bovada', 'spread': -16.0, 'formatted_spread': 'Purdue -16.0', 'spread_open': -19.5, 'over_under': 57.0, 'over_under_open': 60.5, 'home_moneyline': -1000.0, 'away_moneyline': 625.0}]",-16.0
401426336,2022,4,regular,2022-09-25T00:00:00.000Z,Louisiana Monroe,Sun Belt,21.0,Louisiana,Sun Belt,17.0,"[{'provider': 'Bovada', 'spread': 9.5, 'formatted_spread': 'Louisiana -9.5', 'spread_open': 10.5, 'over_under': 51.0, 'over_under_open': 54.0, 'home_moneyline': 300.0, 'away_moneyline': -400.0}]",9.5
401415628,2022,5,regular,2022-10-01T16:00:00.000Z,Memphis,American Athletic,24.0,Temple,American Athletic,3.0,"[{'provider': 'Bovada', 'spread': -18.0, 'formatted_spread': 'Memphis -18.0', 'spread_open': -20.5, 'over_under': 49.5, 'over_under_open': 53.0, 'home_moneyline': -1600.0, 'away_moneyline': 800.0}]",-18.0
401415627,2022,5,regular,2022-10-01T23:00:00.000Z,Tulsa,American Athletic,21.0,Cincinnati,American Athletic,31.0,"[{'provider': 'Bovada', 'spread': 10.0, 'formatted_spread': 'Cincinnati -10.0', 'spread_open': 12.0, 'over_under': 59.0, 'over_under_open': 60.5, 'home_moneyline': 280.0, 'away_moneyline': -360.0}]",10.0
401415629,2022,6,regular,2022-10-05T23:00:00.000Z,UCF,American Athletic,41.0,SMU,American Athletic,19.0,"[{'provider': 'Bovada', 'spread': -3.0, 'formatted_spread': 'UCF -3.0', 'spread_open': -3.5, 'over_under': 65.0, 'over_under_open': 65.0, 'home_moneyline': -165.0, 'away_moneyline': 140.0}]",-3.0
401404091,2022,6,regular,2022-10-08T19:30:00.000Z,Oklahoma State,Big 12,41.0,Texas Tech,Big 12,31.0,"[{'provider': 'Bovada', 'spread': -11.5, 'formatted_spread': 'Oklahoma State -11.5', 'spread_open': -10.0, 'over_under': 65.5, 'over_under_open': 64.0, 'home_moneyline': -350.0, 'away_moneyline': 275.0}]",-11.5
401404138,2022,6,regular,2022-10-08T23:30:00.000Z,Wake Forest,ACC,45.0,Army,FBS Independents,10.0,"[{'provider': 'Bovada', 'spread': -16.5, 'formatted_spread': 'Wake Forest -16.5', 'spread_open': -15.5, 'over_under': 65.5, 'over_under_open': 65.0, 'home_moneyline': -850.0, 'away_moneyline': 550.0}]",-16.5
401416614,2022,6,regular,2022-10-08T16:00:00.000Z,Western Michigan,Mid-American,23.0,Eastern Michigan,Mid-American,45.0,"[{'provider': 'Bovada', 'spread': -4.5, 'formatted_spread': 'Western Michigan -4.5', 'spread_open': -4.0, 'over_under': 55.5, 'over_under_open': 58.0, 'home_moneyline': -230.0, 'away_moneyline': 190.0}]",-4.5
401416617,2022,6,regular,2022-10-08T16:00:00.000Z,Bowling Green,Mid-American,7.0,Buffalo,Mid-American,38.0,"[{'provider': 'Bovada', 'spread': 2.0, 'formatted_spread': 'Buffalo -2.0', 'spread_open': -1.5, 'over_under': 56.0, 'over_under_open': 55.5, 'home_moneyline': 110.0, 'away_moneyline': -130.0}]",2.0
401416616,2022,6,regular,2022-10-08T18:00:00.000Z,Ohio,Mid-American,55.0,Akron,Mid-American,34.0,"[{'provider': 'Bovada', 'spread': -10.0, 'formatted_spread': 'Ohio -10.0', 'spread_open': -11.5, 'over_under': 59.0, 'over_under_open': 58.5, 'home_moneyline': -430.0, 'away_moneyline': 320.0}]",-10.0
401426342,2022,6,regular,2022-10-08T18:00:00.000Z,Georgia State,Sun Belt,41.0,Georgia Southern,Sun Belt,33.0,"[{'provider': 'Bovada', 'spread': -2.5, 'formatted_spread': 'Georgia State -2.5', 'spread_open': -2.5, 'over_under': 66.5, 'over_under_open': 65.5, 'home_moneyline': -135.0, 'away_moneyline': 115.0}]",-2.5
401404164,2022,6,regular,2022-10-08T19:30:00.000Z,UMass,FBS Independents,24.0,Liberty,FBS Independents,42.0,"[{'provider': 'Bovada', 'spread': 23.0, 'formatted_spread': 'Liberty -23.0', 'spread_open': 25.5, 'over_under': 45.5, 'over_under_open': 50.5, 'home_moneyline': 1125.0, 'away_moneyline': -3000.0}]",23.0
401405107,2022,6,regular,2022-10-08T19:30:00.000Z,Northwestern,Big Ten,7.0,Wisconsin,Big Ten,42.0,"[{'provider': 'Bovada', 'spread': 10.0, 'formatted_spread': 'Wisconsin -10.0', 'spread_open': 9.5, 'over_under': 44.5, 'over_under_open': 44.0, 'home_moneyline': 300.0, 'away_moneyline': -400.0}]",10.0
401416613,2022,6,regular,2022-10-08T19:30:00.000Z,Central Michigan,Mid-American,16.0,Ball State,Mid-American,17.0,"[{'provider': 'Bovada', 'spread': -7.5, 'formatted_spread': 'Central Michigan -7.5', 'spread_open': -9.0, 'over_under': 63.5, 'over_under_open': 64.0, 'home_moneyline': -340.0, 'away_moneyline': 270.0}]",-7.5
401416615,2022,6,regular,2022-10-08T19:30:00.000Z,Northern Illinois,Mid-American,32.0,Toledo,Mid-American,52.0,"[{'provider': 'Bovada', 'spread': 6.5, 'formatted_spread': 'Toledo -6.5', 'spread_open': 6.0, 'over_under': 59.5, 'over_under_open': 60.0, 'home_moneyline': 190.0, 'away_moneyline': -230.0}]",6.5
401416618,2022,6,regular,2022-10-08T19:30:00.000Z,Miami (OH),Mid-American,27.0,Kent State,Mid-American,24.0,"[{'provider': 'Bovada', 'spread': 5.0, 'formatted_spread': 'Kent State -5.0', 'spread_open': 3.5, 'over_under': 56.5, 'over_under_open': 57.5, 'home_moneyline': 190.0, 'away_moneyline': -230.0}]",5.0
401426346,2022,6,regular,2022-10-08T23:00:00.000Z,Troy,Sun Belt,27.0,Southern Mississippi,Sun Belt,10.0,"[{'provider': 'Bovada', 'spread': -7.0, 'formatted_spread': 'Troy -7.0', 'spread_open': -6.5, 'over_under': 44.0, 'over_under_open': 46.0, 'home_moneyline': -250.0, 'away_moneyline': 210.0}]",-7.0
401405106,2022,6,regular,2022-10-08T23:30:00.000Z,Illinois,Big Ten,9.0,Iowa,Big Ten,6.0,"[{'provider': 'Bovada', 'spread': -4.0, 'formatted_spread': 'Illinois -4.0', 'spread_open': -4.0, 'over_under': 36.0, 'over_under_open': 35.5, 'home_moneyline': -175.0, 'away_moneyline': 150.0}]",-4.0
401426586,2022,7,regular,2022-10-15T20:00:00.000Z,North Texas,Conference USA,47.0,Louisiana Tech,Conference USA,27.0,"[{'provider': 'Bovada', 'spread': -6.5, 'formatted_spread': 'North Texas -6.5', 'spread_open': -6.0, 'over_under': 68.0, 'over_under_open': 71.0, 'home_moneyline': -230.0, 'away_moneyline': 190.0}]",-6.5
401415240,2022,7,regular,2022-10-16T03:59:00.000Z,Hawai'i,Mountain West,31.0,Nevada,Mountain West,16.0,"[{'provider': 'Bovada', 'spread': 6.0, 'formatted_spread': 'Nevada -6.0', 'spread_open': 4.5, 'over_under': 51.5, 'over_under_open': 48.5, 'home_moneyline': 170.0, 'away_moneyline': -200.0}]",6.0
401415641,2022,8,regular,2022-10-22T16:00:00.000Z,SMU,American Athletic,27.0,Cincinnati,American Athletic,29.0,"[{'provider': 'Bovada', 'spread': 4.0, 'formatted_spread': 'Cincinnati -4.0', 'spread_open': 3.0, 'over_under': 59.5, 'over_under_open': 62.5, 'home_moneyline': 145.0, 'away_moneyline': -170.0}]",4.0
401415639,2022,8,regular,2022-10-22T19:30:00.000Z,Tulane,American Athletic,38.0,Memphis,American Athletic,28.0,"[{'provider': 'Bovada', 'spread': -7.0, 'formatted_spread': 'Tulane -7.0', 'spread_open': -6.0, 'over_under': 55.5, 'over_under_open': 56.0, 'home_moneyline': -270.0, 'away_moneyline': 220.0}]",-7.0
401415640,2022,8,regular,2022-10-22T16:00:00.000Z,Navy,American Athletic,20.0,Houston,American Athletic,38.0,"[{'provider': 'Bovada', 'spread': 3.0, 'formatted_spread': 'Houston -3.0', 'spread_open': 3.0, 'over_under': 51.0, 'over_under_open': 53.0, 'home_moneyline': 135.0, 'away_moneyline': -160.0}]",3.0
401415243,2022,8,regular,2022-10-22T22:30:00.000Z,New Mexico,Mountain West,9.0,Fresno State,Mountain West,41.0,"[{'provider': 'Bovada', 'spread': 10.0, 'formatted_spread': 'Fresno State -10.0', 'spread_open': 12.5, 'over_under': 40.0, 'over_under_open': 42.5, 'home_moneyline': 360.0, 'away_moneyline': -500.0}]",10.0
401415241,2022,8,regular,2022-10-22T23:00:00.000Z,Air Force,Mountain West,14.0,Boise State,Mountain West,19.0,"[{'provider': 'Bovada', 'spread': -2.0, 'formatted_spread': 'Air Force -2.0', 'spread_open': -4.0, 'over_under': 46.5, 'over_under_open': 48.5, 'home_moneyline': -175.0, 'away_moneyline': 150.0}]",-2.0
401405125,2022,9,regular,2022-10-29T23:30:00.000Z,Michigan,Big Ten,29.0,Michigan State,Big Ten,7.0,"[{'provider': 'Bovada', 'spread': -22.0, 'formatted_spread': 'Michigan -22.0', 'spread_open': -22.5, 'over_under': 55.0, 'over_under_open': 54.5, 'home_moneyline': -2500.0, 'away_moneyline': 1050.0}]",-22.0
401404129,2022,9,regular,2022-10-29T16:00:00.000Z,Syracuse,ACC,24.0,Notre Dame,FBS Independents,41.0,"[{'provider': 'Bovada', 'spread': -1.0, 'formatted_spread': 'Syracuse -1.0', 'spread_open': -2.0, 'over_under': 48.0, 'over_under_open': 46.0, 'home_moneyline': -140.0, 'away_moneyline': 120.0}]",-1.0
401405124,2022,9,regular,2022-10-29T19:30:00.000Z,Nebraska,Big Ten,9.0,Illinois,Big Ten,26.0,"[{'provider': 'Bovada', 'spread': 7.5, 'formatted_spread': 'Illinois -7.5', 'spread_open': 6.0, 'over_under': 51.0, 'over_under_open': 51.5, 'home_moneyline': 230.0, 'away_moneyline': -280.0}]",7.5
401404154,2022,9,regular,2022-10-29T16:00:00.000Z,Connecticut,FBS Independents,13.0,Boston College,ACC,3.0,"[{'provider': 'Bovada', 'spread': 8.0, 'formatted_spread': 'Boston College -8.0', 'spread_open': 9.0, 'over_under': 44.0, 'over_under_open': 46.0, 'home_moneyline': 275.0, 'away_moneyline': -350.0}]",8.0
401416630,2022,9,regular,2022-10-29T16:00:00.000Z,Eastern Michigan,Mid-American,24.0,Toledo,Mid-American,27.0,"[{'provider': 'Bovada', 'spread': 4.0, 'formatted_spread': 'Toledo -4.0', 'spread_open': 8.5, 'over_under': 54.0, 'over_under_open': 58.0, 'home_moneyline': 265.0, 'away_moneyline': -330.0}]",4.0
401411150,2022,9,regular,2022-10-29T16:30:00.000Z,Virginia,ACC,12.0,Miami,ACC,14.0,"[{'provider': 'Bovada', 'spread': 3.0, 'formatted_spread': 'Miami -3.0', 'spread_open': 2.5, 'over_under': 48.5, 'over_under_open': 47.5, 'home_moneyline': 120.0, 'away_moneyline': -140.0}]",3.0
401405123,2022,9,regular,2022-10-29T18:30:00.000Z,Minnesota,Big Ten,31.0,Rutgers,Big Ten,0.0,"[{'provider': 'Bovada', 'spread': -14.0, 'formatted_spread': 'Minnesota -14.0', 'spread_open': -14.0, 'over_under': 40.5, 'over_under_open': 41.0, 'home_moneyline': -600.0, 'away_moneyline': 425.0}]",-14.0
401405122,2022,9,regular,2022-10-29T19:30:00.000Z,Iowa,Big Ten,33.0,Northwestern,Big Ten,13.0,"[{'provider': 'Bovada', 'spread': -11.5, 'formatted_spread': 'Iowa -11.5', 'spread_open': -11.0, 'over_under': 37.5, 'over_under_open': 35.5, 'home_moneyline': -430.0, 'away_moneyline': 320.0}]",-11.5
401415647,2022,9,regular,2022-10-29T19:30:00.000Z,Tulsa,American Athletic,34.0,SMU,American Athletic,45.0,"[{'provider': 'Bovada', 'spread': 1.5, 'formatted_spread': 'SMU -1.5', 'spread_open': 3.0, 'over_under': 63.5, 'over_under_open': 66.5, 'home_moneyline': 135.0, 'away_moneyline': -160.0}]",1.5
401415246,2022,9,regular,2022-10-29T23:00:00.000Z,Boise State,Mountain West,49.0,Colorado State,Mountain West,10.0,"[{'provider': 'Bovada', 'spread': -25.0, 'formatted_spread': 'Boise State -25.0', 'spread_open': -28.0, 'over_under': 42.5, 'over_under_open': 44.0, 'home_moneyline': -8000.0, 'away_moneyline': 1450.0}]",-25.0
401415248,2022,9,regular,2022-10-30T02:30:00.000Z,Fresno State,Mountain West,32.0,San Diego State,Mountain West,28.0,"[{'provider': 'Bovada', 'spread': -11.0, 'formatted_spread': 'Fresno State -11.0', 'spread_open': -8.0, 'over_under': 44.5, 'over_under_open': 39.5, 'home_moneyline': -390.0, 'away_moneyline': 295.0}]",-11.0
401415249,2022,9,regular,2022-10-30T02:30:00.000Z,San José State,Mountain West,35.0,Nevada,Mountain West,28.0,"[{'provider': 'Bovada', 'spread': -24.5, 'formatted_spread': 'San José State -24.5', 'spread_open': -25.0, 'over_under': 44.5, 'over_under_open': 44.0, 'home_moneyline': -4000.0, 'away_moneyline': 1200.0}]",-24.5
401415247,2022,9,regular,2022-10-30T03:59:00.000Z,Hawai'i,Mountain West,20.0,Wyoming,Mountain West,27.0,"[{'provider': 'Bovada', 'spread': 12.0, 'formatted_spread': 'Wyoming -12.0', 'spread_open': 11.0, 'over_under': 51.0, 'over_under_open': 50.5, 'home_moneyline': 325.0, 'away_moneyline': -435.0}]",12.0
401404141,2022,10,regular,2022-11-05T15:30:00.000Z,Army,FBS Independents,7.0,Air Force,Mountain West,13.0,"[{'provider': 'Bovada', 'spread': 7.0, 'formatted_spread': 'Air Force -7.0', 'spread_open': 6.0, 'over_under': 40.5, 'over_under_open': 40.5, 'home_moneyline': 205.0, 'away_moneyline': -245.0}]",7.0
401426600,2022,10,regular,2022-11-05T19:00:00.000Z,Louisiana Tech,Conference USA,40.0,Middle Tennessee,Conference USA,24.0,"[{'provider': 'Bovada', 'spread': 2.5, 'formatted_spread': 'Middle Tennessee -2.5', 'spread_open': 2.5, 'over_under': 63.5, 'over_under_open': 64.0, 'home_moneyline': 110.0, 'away_moneyline': -130.0}]",2.5
401426599,2022,10,regular,2022-11-05T20:00:00.000Z,North Texas,Conference USA,52.0,Florida International,Conference USA,14.0,"[{'provider': 'Bovada', 'spread': -21.5, 'formatted_spread': 'North Texas -21.5', 'spread_open': -21.5, 'over_under': 63.0, 'over_under_open': 63.0, 'home_moneyline': -2200.0, 'away_moneyline': 1000.0}]",-21.5
401411164,2022,11,regular,2022-11-13T00:30:00.000Z,Wake Forest,ACC,34.0,North Carolina,ACC,36.0,"[{'provider': 'Bovada', 'spread': -4.5, 'formatted_spread': 'Wake Forest -4.5', 'spread_open': -3.5, 'over_under': 79.5, 'over_under_open': 76.0, 'home_moneyline': -180.0, 'away_moneyline': 155.0}]",-4.5
401414784,2022,11,regular,2022-11-12T20:00:00.000Z,Arkansas State,Sun Belt,35.0,UMass,FBS Independents,33.0,"[{'provider': 'Bovada', 'spread': -17.0, 'formatted_spread': 'Arkansas State -17.0', 'spread_open': -18.0, 'over_under': 49.5, 'over_under_open': 49.5, 'home_moneyline': -1200.0, 'away_moneyline': 700.0}]",-17.0
401415255,2022,11,regular,2022-11-13T03:30:00.000Z,Nevada,Mountain West,3.0,Boise State,Mountain West,41.0,"[{'provider': 'Bovada', 'spread': 21.0, 'formatted_spread': 'Boise State -21.0', 'spread_open': 20.5, 'over_under': 47.5, 'over_under_open': 48.5, 'home_moneyline': 850.0, 'away_moneyline': -1800.0}]",21.0
401404039,2022,12,regular,2022-11-19T19:00:00.000Z,Arizona,Pac-12,20.0,Washington State,Pac-12,31.0,"[{'provider': 'Bovada', 'spread': 4.0, 'formatted_spread': 'Washington State -4.0', 'spread_open': 4.5, 'over_under': 63.0, 'over_under_open': 63.0, 'home_moneyline': 155.0, 'away_moneyline': -180.0}]",4.0
401426378,2022,12,regular,2022-11-19T19:00:00.000Z,James Madison,Sun Belt,42.0,Georgia State,Sun Belt,40.0,"[{'provider': 'Bovada', 'spread': -10.0, 'formatted_spread': 'James Madison -10.0', 'spread_open': -9.5, 'over_under': 52.0, 'over_under_open': 55.0, 'home_moneyline': -340.0, 'away_moneyline': 270.0}]",-10.0
401415667,2022,13,regular,2022-11-27T00:00:00.000Z,South Florida,American Athletic,39.0,UCF,American Athletic,46.0,"[{'provider': 'Bovada', 'spread': 20.0, 'formatted_spread': 'UCF -20.0', 'spread_open': 20.0, 'over_under': 67.0, 'over_under_open': 69.5, 'home_moneyline': 650.0, 'away_moneyline': -1100.0}]",20.0
401415664,2022,13,regular,2022-11-26T18:00:00.000Z,Temple,American Athletic,46.0,East Carolina,American Athletic,49.0,"[{'provider': 'Bovada', 'spread': 9.5, 'formatted_spread': 'East Carolina -9.5', 'spread_open': 12.5, 'over_under': 52.0, 'over_under_open': 50.5, 'home_moneyline': 360.0, 'away_moneyline': -500.0}]",9.5
401416653,2022,13,regular,2022-11-26T18:00:00.000Z,Buffalo,Mid-American,27.0,Kent State,Mid-American,30.0,"[{'provider': 'Bovada', 'spread': -4.5, 'formatted_spread': 'Buffalo -4.5', 'spread_open': -4.5, 'over_under': 51.0, 'over_under_open': 53.0, 'home_moneyline': -175.0, 'away_moneyline': 150.0}]",-4.5
401416652,2022,13,regular,2022-11-26T18:30:00.000Z,Northern Illinois,Mid-American,12.0,Akron,Mid-American,44.0,"[{'provider': 'Bovada', 'spread': -9.5, 'formatted_spread': 'Northern Illinois -9.5', 'spread_open': -9.5, 'over_under': 51.5, 'over_under_open': 54.0, 'home_moneyline': -370.0, 'away_moneyline': 285.0}]",-9.5
401426617,2022,13,regular,2022-11-26T19:00:00.000Z,North Texas,Conference USA,21.0,Rice,Conference USA,17.0,"[{'provider': 'Bovada', 'spread': -14.5, 'formatted_spread': 'North Texas -14.5', 'spread_open': -14.5, 'over_under': 57.5, 'over_under_open': 61.0, 'home_moneyline': -585.0, 'away_moneyline': 410.0}]",-14.5
401405149,2022,13,regular,2022-11-26T20:30:00.000Z,Northwestern,Big Ten,3.0,Illinois,Big Ten,41.0,"[{'provider': 'Bovada', 'spread': 15.0, 'formatted_spread': 'Illinois -15.0', 'spread_open': 14.0, 'over_under': 38.0, 'over_under_open': 37.0, 'home_moneyline': 390.0, 'away_moneyline': -550.0}]",15.0
401405150,2022,13,regular,2022-11-26T20:30:00.000Z,Wisconsin,Big Ten,16.0,Minnesota,Big Ten,23.0,"[{'provider': 'Bovada', 'spread': -3.0, 'formatted_spread': 'Wisconsin -3.0', 'spread_open': -3.0, 'over_under': 37.0, 'over_under_open': 35.0, 'home_moneyline': -165.0, 'away_moneyline': 140.0}]",-3.0
401405151,2022,13,regular,2022-11-26T20:30:00.000Z,Indiana,Big Ten,16.0,Purdue,Big Ten,30.0,"[{'provider': 'Bovada', 'spread': 10.0, 'formatted_spread': 'Purdue -10.0', 'spread_open': 10.0, 'over_under': 53.0, 'over_under_open': 54.0, 'home_moneyline': 300.0, 'away_moneyline': -400.0}]",10.0
401411174,2022,13,regular,2022-11-26T20:30:00.000Z,Duke,ACC,34.0,Wake Forest,ACC,31.0,"[{'provider': 'Bovada', 'spread': 3.0, 'formatted_spread': 'Wake Forest -3.0', 'spread_open': 3.0, 'over_under': 67.5, 'over_under_open': 66.5, 'home_moneyline': 150.0, 'away_moneyline': -175.0}]",3.0
401415271,2022,13,regular,2022-11-26T20:30:00.000Z,San José State,Mountain West,27.0,Hawai'i,Mountain West,14.0,"[{'provider': 'Bovada', 'spread': -15.5, 'formatted_spread': 'San José State -15.5', 'spread_open': -15.0, 'over_under': 58.0, 'over_under_open': 57.0, 'home_moneyline': -585.0, 'away_moneyline': 410.0}]",-15.5
401415666,2022,13,regular,2022-11-26T20:30:00.000Z,SMU,American Athletic,34.0,Memphis,American Athletic,31.0,"[{'provider': 'Bovada', 'spread': -4.5, 'formatted_spread': 'SMU -4.5', 'spread_open': -4.0, 'over_under': 69.0, 'over_under_open': 71.5, 'home_moneyline': -200.0, 'away_moneyline': 170.0}]",-4.5
401426384,2022,13,regular,2022-11-26T20:30:00.000Z,Arkansas State,Sun Belt,19.0,Troy,Sun Belt,48.0,"[{'provider': 'Bovada', 'spread': 13.5, 'formatted_spread': 'Troy -13.5', 'spread_open': None, 'over_under': 43.5, 'over_under_open': 46.5, 'home_moneyline': 400.0, 'away_moneyline': -575.0}]",13.5
401426616,2022,13,regular,2022-11-26T20:30:00.000Z,Louisiana Tech,Conference USA,27.0,UAB,Conference USA,37.0,"[{'provider': 'Bovada', 'spread': 18.5, 'formatted_spread': 'UAB -18.5', 'spread_open': 17.5, 'over_under': 55.0, 'over_under_open': 56.0, 'home_moneyline': 600.0, 'away_moneyline': -950.0}]",18.5
401426618,2022,13,regular,2022-11-26T20:30:00.000Z,UT San Antonio,Conference USA,34.0,UTEP,Conference USA,31.0,"[{'provider': 'Bovada', 'spread': -16.5, 'formatted_spread': 'UT San Antonio -16.5', 'spread_open': -17.5, 'over_under': 56.5, 'over_under_open': None, 'home_moneyline': -1100.0, 'away_moneyline': 650.0}]",-16.5
401426385,2022,13,regular,2022-11-26T22:00:00.000Z,Louisiana Monroe,Sun Belt,10.0,Southern Mississippi,Sun Belt,20.0,"[{'provider': 'Bovada', 'spread': 3.0, 'formatted_spread': 'Southern Mississippi -3.0', 'spread_open': 3.5, 'over_under': 50.0, 'over_under_open': 51.0, 'home_moneyline': 135.0, 'away_moneyline': -160.0}]",3.0
401415272,2022,13,regular,2022-11-26T23:00:00.000Z,UNLV,Mountain West,27.0,Nevada,Mountain West,22.0,"[{'provider': 'Bovada', 'spread': -12.5, 'formatted_spread': 'UNLV -12.5', 'spread_open': None, 'over_under': 49.0, 'over_under_open': 50.5, 'home_moneyline': -500.0, 'away_moneyline': 360.0}]",-12.5
401426382,2022,13,regular,2022-11-26T23:00:00.000Z,Georgia Southern,Sun Belt,51.0,Appalachian State,Sun Belt,48.0,"[{'provider': 'Bovada', 'spread': 6.5, 'formatted_spread': 'Appalachian State -6.5', 'spread_open': 5.0, 'over_under': 66.0, 'over_under_open': 60.5, 'home_moneyline': 170.0, 'away_moneyline': -200.0}]",6.5
401404122,2022,13,regular,2022-11-27T00:30:00.000Z,Texas Tech,Big 12,51.0,Oklahoma,Big 12,48.0,"[{'provider': 'Bovada', 'spread': 1.5, 'formatted_spread': 'Oklahoma -1.5', 'spread_open': 2.5, 'over_under': 65.5, 'over_under_open': 63.5, 'home_moneyline': 105.0, 'away_moneyline': -125.0}]",1.5
401415668,2022,13,regular,2022-11-27T00:30:00.000Z,Houston,American Athletic,30.0,Tulsa,American Athletic,37.0,"[{'provider': 'Bovada', 'spread': -13.0, 'formatted_spread': 'Houston -13.0', 'spread_open': -12.0, 'over_under': 67.0, 'over_under_open': 67.5, 'home_moneyline': -500.0, 'away_moneyline': 360.0}]",-13.0
401404049,2022,13,regular,2022-11-27T04:00:00.000Z,Stanford,Pac-12,26.0,BYU,FBS Independents,35.0,"[{'provider': 'Bovada', 'spread': 6.5, 'formatted_spread': 'BYU -6.5', 'spread_open': 7.0, 'over_under': 58.0, 'over_under_open': 58.0, 'home_moneyline': 210.0, 'away_moneyline': -250.0}]",6.5
401437035,2022,14,regular,2022-12-03T01:00:00.000Z,USC,Pac-12,24.0,Utah,Pac-12,47.0,"[{'provider': 'Bovada', 'spread': -3.0, 'formatted_spread': 'USC -3.0', 'spread_open': -1.0, 'over_under': 67.5, 'over_under_open': 65.5, 'home_moneyline': -150.0, 'away_moneyline': 130.0}]",-3.0
401411137,2022,7,regular,2022-10-16T00:00:00.000Z,Duke,ACC,35.0,North Carolina,ACC,38.0,"[{'provider': 'Bovada', 'spread': 6.5, 'formatted_spread': 'North Carolina -6.5', 'spread_open': 6.0, 'over_under': 70.0, 'over_under_open': 67.5, 'home_moneyline': 180.0, 'away_moneyline': -220.0}]",6.5
401411138,2022,7,regular,2022-10-15T23:30:00.000Z,Florida State,ACC,28.0,Clemson,ACC,34.0,"[{'provider': 'Bovada', 'spread': 4.5, 'formatted_spread': 'Clemson -4.5', 'spread_open': 4.0, 'over_under': 51.0, 'over_under_open': 51.0, 'home_moneyline': 165.0, 'away_moneyline': -195.0}]",4.5
401411139,2022,7,regular,2022-10-15T19:30:00.000Z,Syracuse,ACC,24.0,NC State,ACC,9.0,"[{'provider': 'Bovada', 'spread': -3.0, 'formatted_spread': 'Syracuse -3.0', 'spread_open': -6.0, 'over_under': 42.0, 'over_under_open': 44.0, 'home_moneyline': -160.0, 'away_moneyline': 135.0}]",-3.0
401411140,2022,7,regular,2022-10-15T16:30:00.000Z,Virginia Tech,ACC,14.0,Miami,ACC,20.0,"[{'provider': 'Bovada', 'spread': 9.0, 'formatted_spread': 'Miami -9.0', 'spread_open': 7.0, 'over_under': 48.5, 'over_under_open': 47.5, 'home_moneyline': 250.0, 'away_moneyline': -300.0}]",9.0
401414783,2022,7,regular,2022-10-15T17:00:00.000Z,UMass,FBS Independents,7.0,Buffalo,Mid-American,34.0,"[{'provider': 'Bovada', 'spread': 16.5, 'formatted_spread': 'Buffalo -16.5', 'spread_open': 16.0, 'over_under': 47.5, 'over_under_open': 47.5, 'home_moneyline': 550.0, 'away_moneyline': -850.0}]",16.5
401415237,2022,7,regular,2022-10-16T02:30:00.000Z,UNLV,Mountain West,7.0,Air Force,Mountain West,42.0,"[{'provider': 'Bovada', 'spread': 10.0, 'formatted_spread': 'Air Force -10.0', 'spread_open': 9.5, 'over_under': 50.0, 'over_under_open': 54.0, 'home_moneyline': 280.0, 'away_moneyline': -360.0}]",10.0
401415238,2022,7,regular,2022-10-15T23:00:00.000Z,Colorado State,Mountain West,13.0,Utah State,Mountain West,17.0,"[{'provider': 'Bovada', 'spread': 14.0, 'formatted_spread': 'Utah State -14.0', 'spread_open': 9.0, 'over_under': 45.5, 'over_under_open': 48.0, 'home_moneyline': 275.0, 'away_moneyline': -350.0}]",14.0
401437032,2022,14,regular,2022-12-03T00:30:00.000Z,UT San Antonio,Conference USA,48.0,North Texas,Conference USA,27.0,"[{'provider': 'Bovada', 'spread': -8.0, 'formatted_spread': 'UT San Antonio -8.0', 'spread_open': -8.5, 'over_under': 70.0, 'over_under_open': 66.5, 'home_moneyline': -310.0, 'away_moneyline': 255.0}]",-8.0
401437031,2022,14,regular,2022-12-04T01:00:00.000Z,Michigan,Big Ten,43.0,Purdue,Big Ten,22.0,"[{'provider': 'Bovada', 'spread': -15.0, 'formatted_spread': 'Michigan -15.0', 'spread_open': -15.5, 'over_under': 54.0, 'over_under_open': 50.0, 'home_moneyline': -850.0, 'away_moneyline': 550.0}]",-15.0
401437030,2022,14,regular,2022-12-03T17:00:00.000Z,TCU,Big 12,28.0,Kansas State,Big 12,31.0,"[{'provider': 'Bovada', 'spread': 1.0, 'formatted_spread': 'Kansas State -1.0', 'spread_open': -1.5, 'over_under': 61.0, 'over_under_open': 60.5, 'home_moneyline': -130.0, 'away_moneyline': 110.0}]",1.0
401437008,2022,14,regular,2022-12-03T21:00:00.000Z,Tulane,American Athletic,45.0,UCF,American Athletic,28.0,"[{'provider': 'Bovada', 'spread': -3.5, 'formatted_spread': 'Tulane -3.5', 'spread_open': -2.5, 'over_under': 57.0, 'over_under_open': 57.5, 'home_moneyline': -160.0, 'away_moneyline': 135.0}]",-3.5
401437033,2022,14,regular,2022-12-03T17:00:00.000Z,Ohio,Mid-American,7.0,Toledo,Mid-American,17.0,"[{'provider': 'Bovada', 'spread': 3.5, 'formatted_spread': 'Toledo -3.5', 'spread_open': 4.0, 'over_under': 54.5, 'over_under_open': 62.0, 'home_moneyline': 105.0, 'away_moneyline': -125.0}]",3.5
401437037,2022,14,regular,2022-12-03T20:30:00.000Z,Troy,Sun Belt,45.0,Coastal Carolina,Sun Belt,26.0,"[{'provider': 'Bovada', 'spread': -6.5, 'formatted_spread': 'Troy -6.5', 'spread_open': -4.5, 'over_under': 49.0, 'over_under_open': 48.5, 'home_moneyline': -280.0, 'away_moneyline': 230.0}]",-6.5
401437034,2022,14,regular,2022-12-03T21:00:00.000Z,Boise State,Mountain West,16.0,Fresno State,Mountain West,28.0,"[{'provider': 'Bovada', 'spread': -3.0, 'formatted_spread': 'Boise State -3.0', 'spread_open': -4.5, 'over_under': 54.5, 'over_under_open': 50.5, 'home_moneyline': -165.0, 'away_moneyline': 140.0}]",-3.0
