id,season,week,season_type,start_date,home_team,home_conference,home_score,away_team,away_conference,away_score,lines,bovada_spread
401525857,2023,6,regular,2023-10-06T23:30:00.000Z,Oklahoma State,Big 12,29.0,Kansas State,Big 12,21.0,"[{'provider': 'Bovada', 'spread': 11.5, 'formatted_spread': 'Kansas State -11.5', 'spread_open': 11.5, 'over_under': 54.0, 'over_under_open': 54.5, 'home_moneyline': 340.0, 'away_moneyline': -460.0}]",11.5
401520340,2023,8,regular,2023-10-21T23:30:00.000Z,Michigan State,Big Ten,0.0,Michigan,Big Ten,49.0,"[{'provider': 'Bovada', 'spread': 25.5, 'formatted_spread': 'Michigan -25.5', 'spread_open': 17.0, 'over_under': 47.0, 'over_under_open': 47.5, 'home_moneyline': 1100.0, 'away_moneyline': -2800.0}]",25.5
401520343,2023,8,regular,2023-10-21T16:00:00.000Z,Ohio State,Big Ten,20.0,Penn State,Big Ten,12.0,"[{'provider': 'Bovada', 'spread': -4.0, 'formatted_spread': 'Ohio State -4.0', 'spread_open': -10.0, 'over_under': 47.0, 'over_under_open': 45.5, 'home_moneyline': -180.0, 'away_moneyline': 155.0}]",-4.0
401525530,2023,8,regular,2023-10-21T23:30:00.000Z,Florida State,ACC,38.0,Duke,ACC,20.0,"[{'provider': 'Bovada', 'spread': -14.0, 'formatted_spread': 'Florida State -14.0', 'spread_open': -13.5, 'over_under': 49.0, 'over_under_open': 48.5, 'home_moneyline': -650.0, 'away_moneyline': 450.0}]",-14.0
401520333,2023,8,regular,2023-10-21T19:30:00.000Z,Alabama,SEC,34.0,Tennessee,SEC,20.0,"[{'provider': 'Bovada', 'spread': -8.5, 'formatted_spread': 'Alabama -8.5', 'spread_open': -8.0, 'over_under': 47.5, 'over_under_open': 49.0, 'home_moneyline': -350.0, 'away_moneyline': 275.0}]",-8.5
401525529,2023,8,regular,2023-10-22T00:00:00.000Z,Miami,ACC,28.0,Clemson,ACC,20.0,"[{'provider': 'Bovada', 'spread': 6.5, 'formatted_spread': 'Clemson -6.5', 'spread_open': 9.5, 'over_under': 44.5, 'over_under_open': 49.0, 'home_moneyline': 130.0, 'away_moneyline': -150.0}]",6.5
401520334,2023,8,regular,2023-10-21T16:00:00.000Z,Arkansas,SEC,3.0,Mississippi State,SEC,7.0,"[{'provider': 'Bovada', 'spread': -7.0, 'formatted_spread': 'Arkansas -7.0', 'spread_open': -6.5, 'over_under': 45.5, 'over_under_open': 48.5, 'home_moneyline': -245.0, 'away_moneyline': 205.0}]",-7.0
401520336,2023,8,regular,2023-10-21T19:30:00.000Z,Illinois,Big Ten,21.0,Wisconsin,Big Ten,25.0,"[{'provider': 'Bovada', 'spread': 3.0, 'formatted_spread': 'Wisconsin -3.0', 'spread_open': 2.0, 'over_under': 41.0, 'over_under_open': 41.5, 'home_moneyline': 130.0, 'away_moneyline': -150.0}]",3.0
401532448,2023,12,regular,2023-11-18T19:00:00.000Z,Ball State,Mid-American,34.0,Kent State,Mid-American,3.0,"[{'provider': 'Bovada', 'spread': -10.5, 'formatted_spread': 'Ball State -10.5', 'spread_open': -11.5, 'over_under': 43.0, 'over_under_open': 41.5, 'home_moneyline': -525.0, 'away_moneyline': 375.0}]",-10.5
401520403,2023,12,regular,2023-11-18T17:00:00.000Z,Army,FBS Independents,28.0,Coastal Carolina,Sun Belt,21.0,"[{'provider': 'Bovada', 'spread': 1.0, 'formatted_spread': 'Coastal Carolina -1.0', 'spread_open': 5.0, 'over_under': 40.5, 'over_under_open': 44.5, 'home_moneyline': 145.0, 'away_moneyline': -170.0}]",1.0
401520412,2023,12,regular,2023-11-18T17:00:00.000Z,Mississippi State,SEC,41.0,Southern Mississippi,Sun Belt,20.0,"[{'provider': 'Bovada', 'spread': -18.5, 'formatted_spread': 'Mississippi State -18.5', 'spread_open': -14.0, 'over_under': 48.5, 'over_under_open': 47.0, 'home_moneyline': -650.0, 'away_moneyline': 450.0}]",-18.5
401532619,2023,12,regular,2023-11-19T00:00:00.000Z,Utah State,Mountain West,10.0,Boise State,Mountain West,45.0,"[{'provider': 'Bovada', 'spread': 5.0, 'formatted_spread': 'Boise State -5.0', 'spread_open': 4.0, 'over_under': 63.5, 'over_under_open': 64.0, 'home_moneyline': 145.0, 'away_moneyline': -170.0}]",5.0
401532623,2023,12,regular,2023-11-19T03:30:00.000Z,San José State,Mountain West,24.0,San Diego State,Mountain West,13.0,"[{'provider': 'Bovada', 'spread': -16.5, 'formatted_spread': 'San José State -16.5', 'spread_open': -14.0, 'over_under': 48.0, 'over_under_open': 49.5, 'home_moneyline': -700.0, 'away_moneyline': 475.0}]",-16.5
401520301,2023,6,regular,2023-10-07T00:00:00.000Z,Illinois,Big Ten,7.0,Nebraska,Big Ten,20.0,"[{'provider': 'Bovada', 'spread': -3.0, 'formatted_spread': 'Illinois -3.0', 'spread_open': -3.0, 'over_under': 41.5, 'over_under_open': 44.0, 'home_moneyline': -170.0, 'away_moneyline': 145.0}]",-3.0
401531380,2023,6,regular,2023-10-07T20:00:00.000Z,UAB,American Athletic,56.0,South Florida,American Athletic,35.0,"[{'provider': 'Bovada', 'spread': 3.0, 'formatted_spread': 'South Florida -3.0', 'spread_open': 4.0, 'over_under': 67.5, 'over_under_open': 67.0, 'home_moneyline': 145.0, 'away_moneyline': -170.0}]",3.0
401520338,2023,8,regular,2023-10-21T19:30:00.000Z,Iowa,Big Ten,10.0,Minnesota,Big Ten,12.0,"[{'provider': 'Bovada', 'spread': -3.0, 'formatted_spread': 'Iowa -3.0', 'spread_open': -4.0, 'over_under': 30.5, 'over_under_open': 32.0, 'home_moneyline': -175.0, 'away_moneyline': 150.0}]",-3.0
401525528,2023,8,regular,2023-10-21T16:00:00.000Z,Georgia Tech,ACC,23.0,Boston College,ACC,38.0,"[{'provider': 'Bovada', 'spread': -6.0, 'formatted_spread': 'Georgia Tech -6.0', 'spread_open': -4.0, 'over_under': 57.0, 'over_under_open': 58.0, 'home_moneyline': -235.0, 'away_moneyline': 195.0}]",-6.0
401525893,2023,12,regular,2023-11-18T17:00:00.000Z,BYU,Big 12,24.0,Oklahoma,Big 12,31.0,"[{'provider': 'Bovada', 'spread': 24.5, 'formatted_spread': 'Oklahoma -24.5', 'spread_open': 24.0, 'over_under': 58.5, 'over_under_open': 57.5, 'home_moneyline': 1100.0, 'away_moneyline': -3300.0}]",24.5
401524062,2023,12,regular,2023-11-18T20:30:00.000Z,USC,Pac-12,20.0,UCLA,Pac-12,38.0,"[{'provider': 'Bovada', 'spread': -5.0, 'formatted_spread': 'USC -5.0', 'spread_open': -12.0, 'over_under': 62.5, 'over_under_open': 65.5, 'home_moneyline': -250.0, 'away_moneyline': 210.0}]",-5.0
401525554,2023,12,regular,2023-11-18T20:30:00.000Z,Clemson,ACC,31.0,North Carolina,ACC,20.0,"[{'provider': 'Bovada', 'spread': -8.0, 'formatted_spread': 'Clemson -8.0', 'spread_open': -10.5, 'over_under': 59.5, 'over_under_open': 58.5, 'home_moneyline': -300.0, 'away_moneyline': 250.0}]",-8.0
401531409,2023,12,regular,2023-11-18T19:00:00.000Z,Charlotte,American Athletic,7.0,Rice,American Athletic,28.0,"[{'provider': 'Bovada', 'spread': 1.0, 'formatted_spread': 'Rice -1.0', 'spread_open': 1.5, 'over_under': 46.5, 'over_under_open': 47.0, 'home_moneyline': 105.0, 'away_moneyline': -125.0}]",1.0
401531431,2023,12,regular,2023-11-18T17:00:00.000Z,Memphis,American Athletic,34.0,SMU,American Athletic,38.0,"[{'provider': 'Bovada', 'spread': 9.5, 'formatted_spread': 'SMU -9.5', 'spread_open': 7.5, 'over_under': 64.5, 'over_under_open': 67.0, 'home_moneyline': 270.0, 'away_moneyline': -340.0}]",9.5
401531917,2023,12,regular,2023-11-18T23:00:00.000Z,Georgia Southern,Sun Belt,17.0,Old Dominion,Sun Belt,20.0,"[{'provider': 'Bovada', 'spread': -5.5, 'formatted_spread': 'Georgia Southern -5.5', 'spread_open': -7.0, 'over_under': 62.5, 'over_under_open': 62.0, 'home_moneyline': -235.0, 'away_moneyline': 195.0}]",-5.5
401520416,2023,12,regular,2023-11-18T17:00:00.000Z,Ole Miss,SEC,35.0,Louisiana Monroe,Sun Belt,3.0,"[{'provider': 'Bovada', 'spread': -36.0, 'formatted_spread': 'Ole Miss -36.0', 'spread_open': -36.5, 'over_under': 60.5, 'over_under_open': 61.5, 'home_moneyline': None, 'away_moneyline': None}]",-36.0
401525558,2023,12,regular,2023-11-18T17:00:00.000Z,Miami,ACC,31.0,Louisville,ACC,38.0,"[{'provider': 'Bovada', 'spread': -1.0, 'formatted_spread': 'Miami -1.0', 'spread_open': 2.0, 'over_under': 46.0, 'over_under_open': 46.5, 'home_moneyline': -115.0, 'away_moneyline': -105.0}]",-1.0
401525555,2023,12,regular,2023-11-18T20:00:00.000Z,Virginia,ACC,30.0,Duke,ACC,27.0,"[{'provider': 'Bovada', 'spread': 3.0, 'formatted_spread': 'Duke -3.0', 'spread_open': 3.5, 'over_under': 45.5, 'over_under_open': 47.0, 'home_moneyline': 150.0, 'away_moneyline': -175.0}]",3.0
401520409,2023,12,regular,2023-11-19T01:00:00.000Z,LSU,SEC,56.0,Georgia State,Sun Belt,14.0,"[{'provider': 'Bovada', 'spread': -32.0, 'formatted_spread': 'LSU -32.0', 'spread_open': -31.0, 'over_under': 75.0, 'over_under_open': 72.5, 'home_moneyline': -20000.0, 'away_moneyline': 2400.0}]",-32.0
401525896,2023,12,regular,2023-11-19T00:00:00.000Z,Kansas,Big 12,27.0,Kansas State,Big 12,31.0,"[{'provider': 'Bovada', 'spread': 7.0, 'formatted_spread': 'Kansas State -7.0', 'spread_open': 6.0, 'over_under': 60.5, 'over_under_open': 55.5, 'home_moneyline': 275.0, 'away_moneyline': -350.0}]",7.0
401525830,2023,2,regular,2023-09-09T22:00:00.000Z,Oklahoma,Big 12,28.0,SMU,American Athletic,11.0,"[{'provider': 'Bovada', 'spread': -16.5, 'formatted_spread': 'Oklahoma -16.5', 'spread_open': -14.0, 'over_under': 68.5, 'over_under_open': 70.5, 'home_moneyline': -950.0, 'away_moneyline': 600.0}]",-16.5
401520314,2023,7,regular,2023-10-11T23:30:00.000Z,Florida International,Conference USA,14.0,UTEP,Conference USA,27.0,"[{'provider': 'Bovada', 'spread': -3.5, 'formatted_spread': 'Florida International -3.5', 'spread_open': 1.5, 'over_under': 43.0, 'over_under_open': 44.0, 'home_moneyline': -105.0, 'away_moneyline': -115.0}]",-3.5
401520315,2023,7,regular,2023-10-12T01:00:00.000Z,New Mexico State,Conference USA,27.0,Sam Houston State,Conference USA,13.0,"[{'provider': 'Bovada', 'spread': -4.0, 'formatted_spread': 'New Mexico State -4.0', 'spread_open': -6.0, 'over_under': 42.5, 'over_under_open': 43.0, 'home_moneyline': -170.0, 'away_moneyline': 145.0}]",-4.0
401540213,2023,1,regular,2023-09-03T00:00:00.000Z,McNeese,Southland,34.0,Tarleton State,UAC,52.0,"[{'provider': 'Bovada', 'spread': 3.5, 'formatted_spread': 'Tarleton State -3.5', 'spread_open': -1.5, 'over_under': 54.5, 'over_under_open': 54.5, 'home_moneyline': None, 'away_moneyline': None}]",3.5
401531371,2023,7,regular,2023-10-13T23:00:00.000Z,Memphis,American Athletic,21.0,Tulane,American Athletic,31.0,"[{'provider': 'Bovada', 'spread': 4.5, 'formatted_spread': 'Tulane -4.5', 'spread_open': 3.0, 'over_under': 54.5, 'over_under_open': 56.5, 'home_moneyline': 135.0, 'away_moneyline': -160.0}]",4.5
401524029,2023,7,regular,2023-10-14T02:00:00.000Z,Colorado,Pac-12,43.0,Stanford,Pac-12,46.0,"[{'provider': 'Bovada', 'spread': -13.0, 'formatted_spread': 'Colorado -13.0', 'spread_open': -11.5, 'over_under': 59.0, 'over_under_open': 59.0, 'home_moneyline': -460.0, 'away_moneyline': 340.0}]",-13.0
401520327,2023,7,regular,2023-10-14T16:00:00.000Z,Vanderbilt,SEC,20.0,Georgia,SEC,37.0,"[{'provider': 'Bovada', 'spread': 32.5, 'formatted_spread': 'Georgia -32.5', 'spread_open': 32.0, 'over_under': 55.0, 'over_under_open': 57.0, 'home_moneyline': 2500.0, 'away_moneyline': -20000.0}]",32.5
401520321,2023,7,regular,2023-10-14T16:00:00.000Z,Michigan,Big Ten,52.0,Indiana,Big Ten,7.0,"[{'provider': 'Bovada', 'spread': -33.5, 'formatted_spread': 'Michigan -33.5', 'spread_open': -34.0, 'over_under': 45.5, 'over_under_open': 49.5, 'home_moneyline': None, 'away_moneyline': None}]",-33.5
401520158,2023,1,regular,2023-09-02T18:00:00.000Z,Jacksonville State,Conference USA,49.0,East Tennessee State,Southern,3.0,"[{'provider': 'Bovada', 'spread': -20.0, 'formatted_spread': 'Jacksonville State -20.0', 'spread_open': -13.5, 'over_under': 55.0, 'over_under_open': 54.5, 'home_moneyline': -675.0, 'away_moneyline': 460.0}]",-20.0
401539978,2023,1,regular,2023-09-02T22:00:00.000Z,Richmond,CAA,10.0,Morgan State,MEAC,17.0,"[{'provider': 'Bovada', 'spread': -25.5, 'formatted_spread': 'Richmond -25.5', 'spread_open': -25.5, 'over_under': 43.5, 'over_under_open': 47.0, 'home_moneyline': None, 'away_moneyline': None}]",-25.5
401540027,2023,1,regular,2023-09-02T22:00:00.000Z,Sacred Heart,NEC,14.0,Lafayette,Patriot,19.0,"[{'provider': 'Bovada', 'spread': -5.5, 'formatted_spread': 'Sacred Heart -5.5', 'spread_open': -6.5, 'over_under': 38.5, 'over_under_open': 41.5, 'home_moneyline': -270.0, 'away_moneyline': 220.0}]",-5.5
401540043,2023,1,regular,2023-09-02T22:00:00.000Z,Fordham,Patriot,46.0,Wagner,NEC,16.0,"[{'provider': 'Bovada', 'spread': -28.0, 'formatted_spread': 'Fordham -28.0', 'spread_open': -27.0, 'over_under': 56.5, 'over_under_open': 58.0, 'home_moneyline': None, 'away_moneyline': None}]",-28.0
401540286,2023,2,regular,2023-09-10T02:00:00.000Z,Sacramento State,Big Sky,34.0,Texas A&M-Commerce,Southland,6.0,"[{'provider': 'Bovada', 'spread': -34.5, 'formatted_spread': 'Sacramento State -34.5', 'spread_open': -34.5, 'over_under': None, 'over_under_open': None, 'home_moneyline': None, 'away_moneyline': None}]",-34.5
401540099,2023,1,regular,2023-09-02T17:00:00.000Z,Illinois State,MVFC,41.0,Dayton,Pioneer,0.0,"[{'provider': 'Bovada', 'spread': -19.0, 'formatted_spread': 'Illinois State -19.0', 'spread_open': -21.5, 'over_under': 45.0, 'over_under_open': 45.0, 'home_moneyline': None, 'away_moneyline': None}]",-19.0
401531415,2023,7,regular,2023-10-12T23:30:00.000Z,East Carolina,American Athletic,10.0,SMU,American Athletic,31.0,"[{'provider': 'Bovada', 'spread': 11.5, 'formatted_spread': 'SMU -11.5', 'spread_open': 9.0, 'over_under': 48.5, 'over_under_open': 50.5, 'home_moneyline': 330.0, 'away_moneyline': -440.0}]",11.5
401524041,2023,9,regular,2023-10-28T20:00:00.000Z,California,Pac-12,49.0,USC,Pac-12,50.0,"[{'provider': 'Bovada', 'spread': 10.5, 'formatted_spread': 'USC -10.5', 'spread_open': 10.5, 'over_under': 67.5, 'over_under_open': 67.0, 'home_moneyline': 305.0, 'away_moneyline': -410.0}]",10.5
401539481,2023,14,regular,2023-12-02T17:00:00.000Z,Toledo,Mid-American,14.0,Miami (OH),Mid-American,23.0,"[{'provider': 'Bovada', 'spread': -7.0, 'formatted_spread': 'Toledo -7.0', 'spread_open': -7.5, 'over_under': 43.0, 'over_under_open': 46.5, 'home_moneyline': -320.0, 'away_moneyline': 260.0}]",-7.0
401539483,2023,14,regular,2023-12-02T21:00:00.000Z,Alabama,SEC,27.0,Georgia,SEC,24.0,"[{'provider': 'Bovada', 'spread': 5.0, 'formatted_spread': 'Georgia -5.0', 'spread_open': 4.5, 'over_under': 53.5, 'over_under_open': 56.0, 'home_moneyline': 175.0, 'away_moneyline': -210.0}]",5.0
401520323,2023,7,regular,2023-10-14T16:00:00.000Z,Purdue,Big Ten,7.0,Ohio State,Big Ten,41.0,"[{'provider': 'Bovada', 'spread': 17.5, 'formatted_spread': 'Ohio State -17.5', 'spread_open': 21.0, 'over_under': 53.0, 'over_under_open': 51.5, 'home_moneyline': 700.0, 'away_moneyline': -1200.0}]",17.5
401525524,2023,7,regular,2023-10-14T16:00:00.000Z,Florida State,ACC,41.0,Syracuse,ACC,3.0,"[{'provider': 'Bovada', 'spread': -19.5, 'formatted_spread': 'Florida State -19.5', 'spread_open': -18.0, 'over_under': 53.0, 'over_under_open': 56.5, 'home_moneyline': -900.0, 'away_moneyline': 575.0}]",-19.5
401524033,2023,7,regular,2023-10-14T19:00:00.000Z,Utah,Pac-12,34.0,California,Pac-12,14.0,"[{'provider': 'Bovada', 'spread': -9.0, 'formatted_spread': 'Utah -9.0', 'spread_open': -13.5, 'over_under': 42.5, 'over_under_open': 45.0, 'home_moneyline': -525.0, 'away_moneyline': 375.0}]",-9.0
401524034,2023,7,regular,2023-10-14T19:30:00.000Z,Washington,Pac-12,36.0,Oregon,Pac-12,33.0,"[{'provider': 'Bovada', 'spread': -3.5, 'formatted_spread': 'Washington -3.5', 'spread_open': -1.5, 'over_under': 67.0, 'over_under_open': 67.5, 'home_moneyline': -150.0, 'away_moneyline': 130.0}]",-3.5
401520326,2023,7,regular,2023-10-14T19:30:00.000Z,Tennessee,SEC,20.0,Texas A&M,SEC,13.0,"[{'provider': 'Bovada', 'spread': -3.0, 'formatted_spread': 'Tennessee -3.0', 'spread_open': -3.5, 'over_under': 54.0, 'over_under_open': 56.5, 'home_moneyline': -160.0, 'away_moneyline': 135.0}]",-3.0
401525525,2023,7,regular,2023-10-14T22:30:00.000Z,Pittsburgh,ACC,38.0,Louisville,ACC,21.0,"[{'provider': 'Bovada', 'spread': 7.0, 'formatted_spread': 'Louisville -7.0', 'spread_open': 9.5, 'over_under': 45.0, 'over_under_open': 47.5, 'home_moneyline': 260.0, 'away_moneyline': -320.0}]",7.0
401525526,2023,7,regular,2023-10-14T23:30:00.000Z,North Carolina,ACC,41.0,Miami,ACC,31.0,"[{'provider': 'Bovada', 'spread': -2.5, 'formatted_spread': 'North Carolina -2.5', 'spread_open': -4.0, 'over_under': 57.5, 'over_under_open': 56.0, 'home_moneyline': -185.0, 'away_moneyline': 160.0}]",-2.5
401525523,2023,7,regular,2023-10-15T00:00:00.000Z,Duke,ACC,24.0,NC State,ACC,3.0,"[{'provider': 'Bovada', 'spread': -3.5, 'formatted_spread': 'Duke -3.5', 'spread_open': -3.5, 'over_under': 42.5, 'over_under_open': 48.0, 'home_moneyline': -175.0, 'away_moneyline': 150.0}]",-3.5
401520325,2023,7,regular,2023-10-14T19:30:00.000Z,South Carolina,SEC,39.0,Florida,SEC,41.0,"[{'provider': 'Bovada', 'spread': 1.0, 'formatted_spread': 'Florida -1.0', 'spread_open': -2.5, 'over_under': 50.0, 'over_under_open': 53.5, 'home_moneyline': -125.0, 'away_moneyline': 105.0}]",1.0
401525899,2023,12,regular,2023-11-18T19:30:00.000Z,West Virginia,Big 12,42.0,Cincinnati,Big 12,21.0,"[{'provider': 'Bovada', 'spread': -5.0, 'formatted_spread': 'West Virginia -5.0', 'spread_open': -6.0, 'over_under': 52.0, 'over_under_open': 54.5, 'home_moneyline': -245.0, 'away_moneyline': 205.0}]",-5.0
401531345,2023,12,regular,2023-11-18T20:00:00.000Z,Tulsa,American Athletic,28.0,North Texas,American Athletic,35.0,"[{'provider': 'Bovada', 'spread': 2.0, 'formatted_spread': 'North Texas -2.0', 'spread_open': 2.5, 'over_under': 69.5, 'over_under_open': 68.0, 'home_moneyline': 100.0, 'away_moneyline': -120.0}]",2.0
401531375,2023,12,regular,2023-11-18T17:00:00.000Z,Florida Atlantic,American Athletic,8.0,Tulane,American Athletic,24.0,"[{'provider': 'Bovada', 'spread': 9.0, 'formatted_spread': 'Tulane -9.0', 'spread_open': 9.5, 'over_under': 47.0, 'over_under_open': 48.0, 'home_moneyline': 270.0, 'away_moneyline': -340.0}]",9.0
401531385,2023,12,regular,2023-11-18T20:00:00.000Z,UAB,American Athletic,34.0,Temple,American Athletic,24.0,"[{'provider': 'Bovada', 'spread': -8.5, 'formatted_spread': 'UAB -8.5', 'spread_open': -7.5, 'over_under': 61.0, 'over_under_open': 64.5, 'home_moneyline': -290.0, 'away_moneyline': 240.0}]",-8.5
401531918,2023,12,regular,2023-11-18T19:00:00.000Z,James Madison,Sun Belt,23.0,Appalachian State,Sun Belt,26.0,"[{'provider': 'Bovada', 'spread': -10.0, 'formatted_spread': 'James Madison -10.0', 'spread_open': -12.0, 'over_under': 56.5, 'over_under_open': 55.5, 'home_moneyline': -400.0, 'away_moneyline': 300.0}]",-10.0
401532622,2023,12,regular,2023-11-19T03:30:00.000Z,Fresno State,Mountain West,17.0,New Mexico,Mountain West,25.0,"[{'provider': 'Bovada', 'spread': -22.0, 'formatted_spread': 'Fresno State -22.0', 'spread_open': -24.0, 'over_under': 58.5, 'over_under_open': 57.0, 'home_moneyline': -2500.0, 'away_moneyline': 1000.0}]",-22.0
401531417,2023,12,regular,2023-11-18T17:00:00.000Z,Navy,American Athletic,10.0,East Carolina,American Athletic,0.0,"[{'provider': 'Bovada', 'spread': -2.0, 'formatted_spread': 'Navy -2.0', 'spread_open': -3.0, 'over_under': 30.5, 'over_under_open': 32.5, 'home_moneyline': -145.0, 'away_moneyline': 125.0}]",-2.0
401520408,2023,12,regular,2023-11-18T18:00:00.000Z,Liberty,Conference USA,49.0,UMass,FBS Independents,25.0,"[{'provider': 'Bovada', 'spread': -25.5, 'formatted_spread': 'Liberty -25.5', 'spread_open': -28.0, 'over_under': 63.5, 'over_under_open': 63.0, 'home_moneyline': -10000.0, 'away_moneyline': 1600.0}]",-25.5
401532620,2023,12,regular,2023-11-18T19:00:00.000Z,Wyoming,Mountain West,42.0,Hawai'i,Mountain West,9.0,"[{'provider': 'Bovada', 'spread': -13.0, 'formatted_spread': 'Wyoming -13.0', 'spread_open': -14.0, 'over_under': 45.0, 'over_under_open': 45.5, 'home_moneyline': -585.0, 'away_moneyline': 410.0}]",-13.0
401531919,2023,12,regular,2023-11-18T20:00:00.000Z,Arkansas State,Sun Belt,77.0,Texas State,Sun Belt,31.0,"[{'provider': 'Bovada', 'spread': 3.0, 'formatted_spread': 'Texas State -3.0', 'spread_open': 3.5, 'over_under': 59.5, 'over_under_open': 59.0, 'home_moneyline': 150.0, 'away_moneyline': -175.0}]",3.0
401532621,2023,12,regular,2023-11-18T20:00:00.000Z,Colorado State,Mountain West,30.0,Nevada,Mountain West,20.0,"[{'provider': 'Bovada', 'spread': -12.5, 'formatted_spread': 'Colorado State -12.5', 'spread_open': -11.0, 'over_under': 45.0, 'over_under_open': 47.5, 'home_moneyline': -480.0, 'away_moneyline': 350.0}]",-12.5
401525442,2023,12,regular,2023-11-18T20:30:00.000Z,Notre Dame,FBS Independents,45.0,Wake Forest,ACC,7.0,"[{'provider': 'Bovada', 'spread': -23.5, 'formatted_spread': 'Notre Dame -23.5', 'spread_open': -25.0, 'over_under': 47.5, 'over_under_open': 47.0, 'home_moneyline': -3500.0, 'away_moneyline': 1100.0}]",-23.5
401531921,2023,12,regular,2023-11-18T20:30:00.000Z,Troy,Sun Belt,31.0,Louisiana,Sun Belt,24.0,"[{'provider': 'Bovada', 'spread': -15.5, 'formatted_spread': 'Troy -15.5', 'spread_open': -15.0, 'over_under': 47.5, 'over_under_open': 47.0, 'home_moneyline': -800.0, 'away_moneyline': 525.0}]",-15.5
401532624,2023,12,regular,2023-11-18T20:30:00.000Z,Air Force,Mountain West,27.0,UNLV,Mountain West,31.0,"[{'provider': 'Bovada', 'spread': -3.0, 'formatted_spread': 'Air Force -3.0', 'spread_open': -4.0, 'over_under': 46.5, 'over_under_open': 46.5, 'home_moneyline': -150.0, 'away_moneyline': 130.0}]",-3.0
401531920,2023,12,regular,2023-11-18T22:00:00.000Z,South Alabama,Sun Belt,28.0,Marshall,Sun Belt,0.0,"[{'provider': 'Bovada', 'spread': -10.0, 'formatted_spread': 'South Alabama -10.0', 'spread_open': -8.5, 'over_under': 45.0, 'over_under_open': 50.0, 'home_moneyline': -430.0, 'away_moneyline': 320.0}]",-10.0
401531899,2023,9,regular,2023-10-28T22:00:00.000Z,Coastal Carolina,Sun Belt,34.0,Marshall,Sun Belt,6.0,"[{'provider': 'Bovada', 'spread': 3.5, 'formatted_spread': 'Marshall -3.5', 'spread_open': 3.5, 'over_under': 47.0, 'over_under_open': 48.0, 'home_moneyline': 140.0, 'away_moneyline': -165.0}]",3.5
401520202,2023,2,regular,2023-09-09T19:30:00.000Z,Michigan,Big Ten,35.0,UNLV,Mountain West,7.0,"[{'provider': 'Bovada', 'spread': -37.5, 'formatted_spread': 'Michigan -37.5', 'spread_open': -36.0, 'over_under': 57.5, 'over_under_open': 58.5, 'home_moneyline': None, 'away_moneyline': None}]",-37.5
401520182,2023,1,regular,2023-09-03T23:30:00.000Z,Florida State,ACC,45.0,LSU,SEC,24.0,"[{'provider': 'Bovada', 'spread': 1.5, 'formatted_spread': 'LSU -1.5', 'spread_open': 2.0, 'over_under': 57.0, 'over_under_open': 56.5, 'home_moneyline': 125.0, 'away_moneyline': -145.0}]",1.5
401525543,2023,10,regular,2023-11-04T19:30:00.000Z,Louisville,ACC,34.0,Virginia Tech,ACC,3.0,"[{'provider': 'Bovada', 'spread': -10.0, 'formatted_spread': 'Louisville -10.0', 'spread_open': -10.5, 'over_under': 48.5, 'over_under_open': 48.5, 'home_moneyline': -390.0, 'away_moneyline': 295.0}]",-10.0
401539482,2023,14,regular,2023-12-02T20:00:00.000Z,UNLV,Mountain West,20.0,Boise State,Mountain West,44.0,"[{'provider': 'Bovada', 'spread': 2.5, 'formatted_spread': 'Boise State -2.5', 'spread_open': 2.5, 'over_under': 62.0, 'over_under_open': 59.0, 'home_moneyline': 130.0, 'away_moneyline': -150.0}]",2.5
401540291,2023,4,regular,2023-09-22T23:00:00.000Z,Harvard,Ivy,34.0,Brown,Ivy,31.0,"[{'provider': 'Bovada', 'spread': -16.5, 'formatted_spread': 'Harvard -16.5', 'spread_open': -18.5, 'over_under': 54.5, 'over_under_open': 56.5, 'home_moneyline': None, 'away_moneyline': None}]",-16.5
401520276,2023,5,regular,2023-09-29T00:00:00.000Z,Sam Houston State,Conference USA,28.0,Jacksonville State,Conference USA,35.0,"[{'provider': 'Bovada', 'spread': 6.5, 'formatted_spread': 'Jacksonville State -6.5', 'spread_open': 6.0, 'over_under': 36.0, 'over_under_open': 36.5, 'home_moneyline': 210.0, 'away_moneyline': -250.0}]",6.5
401520148,2023,1,regular,2023-09-01T00:00:00.000Z,Minnesota,Big Ten,13.0,Nebraska,Big Ten,10.0,"[{'provider': 'Bovada', 'spread': -7.5, 'formatted_spread': 'Minnesota -7.5', 'spread_open': -6.5, 'over_under': 43.0, 'over_under_open': 47.0, 'home_moneyline': -300.0, 'away_moneyline': 250.0}]",-7.5
401523992,2023,1,regular,2023-09-02T19:00:00.000Z,Oregon,Pac-12,81.0,Portland State,Big Sky,7.0,"[{'provider': 'Bovada', 'spread': -48.5, 'formatted_spread': 'Oregon -48.5', 'spread_open': -48.0, 'over_under': 65.0, 'over_under_open': 64.5, 'home_moneyline': None, 'away_moneyline': None}]",-48.5
401523994,2023,1,regular,2023-09-02T16:00:00.000Z,TCU,Big 12,42.0,Colorado,Pac-12,45.0,"[{'provider': 'Bovada', 'spread': -21.0, 'formatted_spread': 'TCU -21.0', 'spread_open': -21.0, 'over_under': 63.5, 'over_under_open': 59.0, 'home_moneyline': -900.0, 'away_moneyline': 575.0}]",-21.0
401520180,2023,1,regular,2023-09-02T19:30:00.000Z,Wisconsin,Big Ten,38.0,Buffalo,Mid-American,17.0,"[{'provider': 'Bovada', 'spread': -28.5, 'formatted_spread': 'Wisconsin -28.5', 'spread_open': -24.5, 'over_under': 52.5, 'over_under_open': 54.5, 'home_moneyline': -7500.0, 'away_moneyline': 1400.0}]",-28.5
401525822,2023,1,regular,2023-09-02T16:00:00.000Z,Oklahoma,Big 12,73.0,Arkansas State,Sun Belt,0.0,"[{'provider': 'Bovada', 'spread': -36.5, 'formatted_spread': 'Oklahoma -36.5', 'spread_open': -35.5, 'over_under': 58.0, 'over_under_open': 61.0, 'home_moneyline': -20000.0, 'away_moneyline': 3000.0}]",-36.5
401520167,2023,1,regular,2023-09-02T23:30:00.000Z,North Carolina,ACC,31.0,South Carolina,SEC,17.0,"[{'provider': 'Bovada', 'spread': -2.0, 'formatted_spread': 'North Carolina -2', 'spread_open': -3.0, 'over_under': 63.5, 'over_under_open': 62.5, 'home_moneyline': 105.0, 'away_moneyline': -125.0}]",-2.0
401520168,2023,1,regular,2023-09-02T18:00:00.000Z,Ole Miss,SEC,73.0,Mercer,Southern,7.0,"[{'provider': 'Bovada', 'spread': -34.0, 'formatted_spread': 'Ole Miss -34.0', 'spread_open': -31.5, 'over_under': 58.5, 'over_under_open': 55.0, 'home_moneyline': None, 'away_moneyline': None}]",-34.0
401520173,2023,1,regular,2023-09-02T23:00:00.000Z,Texas A&M,SEC,52.0,New Mexico,Mountain West,10.0,"[{'provider': 'Bovada', 'spread': -38.0, 'formatted_spread': 'Texas A&M -38.0', 'spread_open': -38.5, 'over_under': 49.0, 'over_under_open': 49.0, 'home_moneyline': None, 'away_moneyline': None}]",-38.0
401531347,2023,1,regular,2023-09-03T00:00:00.000Z,Tulane,American Athletic,37.0,South Alabama,Sun Belt,17.0,"[{'provider': 'Bovada', 'spread': -6.0, 'formatted_spread': 'Tulane -6.0', 'spread_open': -7.0, 'over_under': 51.0, 'over_under_open': 55.0, 'home_moneyline': -250.0, 'away_moneyline': 210.0}]",-6.0
401520157,2023,1,regular,2023-09-02T16:00:00.000Z,Iowa,Big Ten,24.0,Utah State,Mountain West,14.0,"[{'provider': 'Bovada', 'spread': -24.0, 'formatted_spread': 'Iowa -24.0', 'spread_open': -26.0, 'over_under': 43.5, 'over_under_open': 43.5, 'home_moneyline': -2800.0, 'away_moneyline': 1100.0}]",-24.0
401520159,2023,1,regular,2023-09-02T16:00:00.000Z,Kentucky,SEC,44.0,Ball State,Mid-American,14.0,"[{'provider': 'Bovada', 'spread': -25.5, 'formatted_spread': 'Kentucky -25.5', 'spread_open': -26.0, 'over_under': 48.5, 'over_under_open': 49.0, 'home_moneyline': -5000.0, 'away_moneyline': 1200.0}]",-25.5
401520160,2023,1,regular,2023-09-02T16:00:00.000Z,Liberty,Conference USA,34.0,Bowling Green,Mid-American,24.0,"[{'provider': 'Bovada', 'spread': -7.0, 'formatted_spread': 'Liberty -7.0', 'spread_open': -12.5, 'over_under': 48.0, 'over_under_open': 50.0, 'home_moneyline': -500.0, 'away_moneyline': 360.0}]",-7.0
401520170,2023,1,regular,2023-09-02T16:00:00.000Z,Purdue,Big Ten,35.0,Fresno State,Mountain West,39.0,"[{'provider': 'Bovada', 'spread': -4.0, 'formatted_spread': 'Purdue -4.0', 'spread_open': -5.5, 'over_under': 46.5, 'over_under_open': 51.5, 'home_moneyline': -180.0, 'away_moneyline': 155.0}]",-4.0
401520172,2023,1,regular,2023-09-02T16:00:00.000Z,SMU,American Athletic,38.0,Louisiana Tech,Conference USA,14.0,"[{'provider': 'Bovada', 'spread': -21.0, 'formatted_spread': 'SMU -21.0', 'spread_open': -17.0, 'over_under': 66.5, 'over_under_open': 65.5, 'home_moneyline': -1000.0, 'away_moneyline': 625.0}]",-21.0
401525464,2023,1,regular,2023-09-02T16:00:00.000Z,Boston College,ACC,24.0,Northern Illinois,Mid-American,27.0,"[{'provider': 'Bovada', 'spread': -8.0, 'formatted_spread': 'Boston College -8.0', 'spread_open': -9.5, 'over_under': 50.0, 'over_under_open': 52.0, 'home_moneyline': -360.0, 'away_moneyline': 280.0}]",-8.0
401532395,2023,1,regular,2023-09-02T18:00:00.000Z,Ohio,Mid-American,27.0,Long Island University,NEC,10.0,"[{'provider': 'Bovada', 'spread': -35.5, 'formatted_spread': 'Ohio -35.5', 'spread_open': -38.0, 'over_under': 57.5, 'over_under_open': 57.5, 'home_moneyline': None, 'away_moneyline': None}]",-35.5
401532570,2023,1,regular,2023-09-02T17:00:00.000Z,Air Force,Mountain West,42.0,Robert Morris,Big South-OVC,7.0,"[{'provider': 'Bovada', 'spread': -46.0, 'formatted_spread': 'Air Force -46.0', 'spread_open': -46.0, 'over_under': 51.5, 'over_under_open': 51.0, 'home_moneyline': None, 'away_moneyline': None}]",-46.0
401525820,2023,1,regular,2023-09-02T18:00:00.000Z,Iowa State,Big 12,30.0,Northern Iowa,MVFC,9.0,"[{'provider': 'Bovada', 'spread': -7.5, 'formatted_spread': 'Iowa State -7.5', 'spread_open': -8.5, 'over_under': 41.5, 'over_under_open': 42.5, 'home_moneyline': -370.0, 'away_moneyline': 285.0}]",-7.5
401531387,2023,1,regular,2023-09-02T18:00:00.000Z,Temple,American Athletic,24.0,Akron,Mid-American,21.0,"[{'provider': 'Bovada', 'spread': -9.5, 'formatted_spread': 'Temple -9.5', 'spread_open': -9.5, 'over_under': 55.0, 'over_under_open': 55.0, 'home_moneyline': -420.0, 'away_moneyline': 315.0}]",-9.5
401520151,2023,1,regular,2023-09-02T19:30:00.000Z,Auburn,SEC,59.0,UMass,FBS Independents,14.0,"[{'provider': 'Bovada', 'spread': -35.0, 'formatted_spread': 'Auburn -35.0', 'spread_open': -37.0, 'over_under': 51.0, 'over_under_open': 51.5, 'home_moneyline': None, 'away_moneyline': None}]",-35.0
401520161,2023,1,regular,2023-09-02T19:30:00.000Z,Maryland,Big Ten,38.0,Towson,CAA,6.0,"[{'provider': 'Bovada', 'spread': -38.5, 'formatted_spread': 'Maryland -38.5', 'spread_open': -38.5, 'over_under': 56.5, 'over_under_open': 49.0, 'home_moneyline': None, 'away_moneyline': None}]",-38.5
401520181,2023,1,regular,2023-09-02T19:30:00.000Z,Western Kentucky,Conference USA,41.0,South Florida,American Athletic,24.0,"[{'provider': 'Bovada', 'spread': -13.0, 'formatted_spread': 'Western Kentucky -13.0', 'spread_open': -11.5, 'over_under': 71.5, 'over_under_open': 70.0, 'home_moneyline': -480.0, 'away_moneyline': 350.0}]",-13.0
401525465,2023,1,regular,2023-09-02T19:30:00.000Z,Pittsburgh,ACC,45.0,Wofford,Southern,7.0,"[{'provider': 'Bovada', 'spread': -37.5, 'formatted_spread': 'Pittsburgh -37.5', 'spread_open': -38.5, 'over_under': 48.5, 'over_under_open': 52.0, 'home_moneyline': None, 'away_moneyline': None}]",-37.5
401523991,2023,1,regular,2023-09-02T20:00:00.000Z,North Texas,American Athletic,21.0,California,Pac-12,58.0,"[{'provider': 'Bovada', 'spread': 4.5, 'formatted_spread': 'California -4.5', 'spread_open': 9.0, 'over_under': 53.5, 'over_under_open': 56.0, 'home_moneyline': 240.0, 'away_moneyline': -290.0}]",4.5
401520175,2023,1,regular,2023-09-02T23:00:00.000Z,Louisiana Monroe,Sun Belt,17.0,Army,FBS Independents,13.0,"[{'provider': 'Bovada', 'spread': 8.5, 'formatted_spread': 'Army -8.5', 'spread_open': 10.0, 'over_under': 47.5, 'over_under_open': 47.5, 'home_moneyline': 240.0, 'away_moneyline': -290.0}]",8.5
401523990,2023,1,regular,2023-09-02T23:00:00.000Z,Colorado State,Mountain West,24.0,Washington State,Pac-12,50.0,"[{'provider': 'Bovada', 'spread': 8.5, 'formatted_spread': 'Washington State -8.5', 'spread_open': 14.5, 'over_under': 53.5, 'over_under_open': 54.5, 'home_moneyline': 360.0, 'away_moneyline': -500.0}]",8.5
401525817,2023,1,regular,2023-09-02T23:00:00.000Z,Baylor,Big 12,31.0,Texas State,Sun Belt,42.0,"[{'provider': 'Bovada', 'spread': -27.0, 'formatted_spread': 'Baylor -27.0', 'spread_open': -26.5, 'over_under': 59.0, 'over_under_open': 58.5, 'home_moneyline': -5000.0, 'away_moneyline': 1300.0}]",-27.0
401525819,2023,1,regular,2023-09-02T23:00:00.000Z,Houston,Big 12,17.0,UT San Antonio,American Athletic,14.0,"[{'provider': 'Bovada', 'spread': 2.5, 'formatted_spread': 'UT San Antonio -2.5', 'spread_open': 1.5, 'over_under': 59.0, 'over_under_open': 59.5, 'home_moneyline': 100.0, 'away_moneyline': -120.0}]",2.5
401520155,2023,1,regular,2023-09-02T23:30:00.000Z,Illinois,Big Ten,30.0,Toledo,Mid-American,28.0,"[{'provider': 'Bovada', 'spread': -7.5, 'formatted_spread': 'Illinois -7.5', 'spread_open': -9.5, 'over_under': 45.0, 'over_under_open': 46.0, 'home_moneyline': -370.0, 'away_moneyline': 285.0}]",-7.5
401523995,2023,1,regular,2023-09-03T02:30:00.000Z,UCLA,Pac-12,27.0,Coastal Carolina,Sun Belt,13.0,"[{'provider': 'Bovada', 'spread': -15.5, 'formatted_spread': 'UCLA -15.5', 'spread_open': -15.5, 'over_under': 67.5, 'over_under_open': 65.0, 'home_moneyline': -750.0, 'away_moneyline': 500.0}]",-15.5
401532573,2023,1,regular,2023-09-03T19:30:00.000Z,San José State,Mountain West,17.0,Oregon State,Pac-12,42.0,"[{'provider': 'Bovada', 'spread': 14.0, 'formatted_spread': 'Oregon State -14.0', 'spread_open': 16.5, 'over_under': 56.5, 'over_under_open': 55.0, 'home_moneyline': 600.0, 'away_moneyline': -950.0}]",14.0
401520171,2023,1,regular,2023-09-03T16:00:00.000Z,Rutgers,Big Ten,24.0,Northwestern,Big Ten,7.0,"[{'provider': 'Bovada', 'spread': -5.0, 'formatted_spread': 'Rutgers -5.0', 'spread_open': -6.0, 'over_under': 38.0, 'over_under_open': 40.5, 'home_moneyline': -270.0, 'away_moneyline': 220.0}]",-5.0
401525468,2023,1,regular,2023-09-05T00:00:00.000Z,Duke,ACC,28.0,Clemson,ACC,7.0,"[{'provider': 'Bovada', 'spread': 12.5, 'formatted_spread': 'Clemson -12.5', 'spread_open': 13.5, 'over_under': 55.0, 'over_under_open': 55.5, 'home_moneyline': 400.0, 'away_moneyline': -575.0}]",12.5
401520191,2023,2,regular,2023-09-09T16:00:00.000Z,Georgia,SEC,45.0,Ball State,Mid-American,3.0,"[{'provider': 'Bovada', 'spread': -42.0, 'formatted_spread': 'Georgia -42.0', 'spread_open': -41.5, 'over_under': 53.0, 'over_under_open': 53.0, 'home_moneyline': None, 'away_moneyline': None}]",-42.0
401524004,2023,2,regular,2023-09-09T21:00:00.000Z,Washington,Pac-12,43.0,Tulsa,American Athletic,10.0,"[{'provider': 'Bovada', 'spread': -34.0, 'formatted_spread': 'Washington -34.0', 'spread_open': -35.5, 'over_under': 67.0, 'over_under_open': 64.5, 'home_moneyline': None, 'away_moneyline': None}]",-34.0
401525436,2023,2,regular,2023-09-09T16:00:00.000Z,NC State,ACC,24.0,Notre Dame,FBS Independents,45.0,"[{'provider': 'Bovada', 'spread': 7.0, 'formatted_spread': 'Notre Dame -7.0', 'spread_open': 7.5, 'over_under': 49.0, 'over_under_open': 50.5, 'home_moneyline': 270.0, 'away_moneyline': -340.0}]",7.0
401523999,2023,2,regular,2023-09-09T16:00:00.000Z,Baylor,Big 12,13.0,Utah,Pac-12,20.0,"[{'provider': 'Bovada', 'spread': 7.0, 'formatted_spread': 'Utah -7.0', 'spread_open': 7.0, 'over_under': 45.5, 'over_under_open': 51.0, 'home_moneyline': 250.0, 'away_moneyline': -300.0}]",7.0
401525829,2023,2,regular,2023-09-09T16:00:00.000Z,Kansas State,Big 12,42.0,Troy,Sun Belt,13.0,"[{'provider': 'Bovada', 'spread': -15.0, 'formatted_spread': 'Kansas State -15.0', 'spread_open': -17.0, 'over_under': 50.0, 'over_under_open': 50.0, 'home_moneyline': -850.0, 'away_moneyline': 550.0}]",-15.0
401525495,2023,2,regular,2023-09-09T21:15:00.000Z,North Carolina,ACC,40.0,Appalachian State,Sun Belt,34.0,"[{'provider': 'Bovada', 'spread': -19.5, 'formatted_spread': 'North Carolina -19.5', 'spread_open': -14.5, 'over_under': 58.0, 'over_under_open': 61.0, 'home_moneyline': -800.0, 'away_moneyline': 525.0}]",-19.5
401520214,2023,2,regular,2023-09-09T19:30:00.000Z,Tulane,American Athletic,20.0,Ole Miss,SEC,37.0,"[{'provider': 'Bovada', 'spread': 13.0, 'formatted_spread': 'Ole Miss -13.0', 'spread_open': 3.5, 'over_under': 61.0, 'over_under_open': 62.5, 'home_moneyline': 310.0, 'away_moneyline': -415.0}]",13.0
401520188,2023,2,regular,2023-09-09T16:00:00.000Z,Colorado,Pac-12,36.0,Nebraska,Big Ten,14.0,"[{'provider': 'Bovada', 'spread': -3.0, 'formatted_spread': 'Colorado -3.0', 'spread_open': -2.5, 'over_under': 56.5, 'over_under_open': 58.5, 'home_moneyline': -150.0, 'away_moneyline': 130.0}]",-3.0
401520189,2023,2,regular,2023-09-09T22:30:00.000Z,Florida International,Conference USA,46.0,North Texas,American Athletic,39.0,"[{'provider': 'Bovada', 'spread': 10.5, 'formatted_spread': 'North Texas -10.5', 'spread_open': 14.0, 'over_under': 51.5, 'over_under_open': 53.5, 'home_moneyline': 410.0, 'away_moneyline': -585.0}]",10.5
401520192,2023,2,regular,2023-09-09T23:00:00.000Z,Georgia State,Sun Belt,35.0,Connecticut,FBS Independents,14.0,"[{'provider': 'Bovada', 'spread': -3.0, 'formatted_spread': 'Georgia State -3.0', 'spread_open': -5.0, 'over_under': 54.5, 'over_under_open': 54.5, 'home_moneyline': -160.0, 'away_moneyline': 135.0}]",-3.0
401525862,2023,7,regular,2023-10-12T23:00:00.000Z,Houston,Big 12,41.0,West Virginia,Big 12,39.0,"[{'provider': 'Bovada', 'spread': 3.0, 'formatted_spread': 'West Virginia -3.0', 'spread_open': 3.0, 'over_under': 49.5, 'over_under_open': 52.5, 'home_moneyline': 120.0, 'away_moneyline': -140.0}]",3.0
401539480,2023,14,regular,2023-12-03T01:00:00.000Z,Iowa,Big Ten,0.0,Michigan,Big Ten,26.0,"[{'provider': 'Bovada', 'spread': 21.0, 'formatted_spread': 'Michigan -21.0', 'spread_open': 23.5, 'over_under': 36.0, 'over_under_open': 35.0, 'home_moneyline': 1000.0, 'away_moneyline': -2200.0}]",21.0
401539477,2023,14,regular,2023-12-02T21:00:00.000Z,Tulane,American Athletic,14.0,SMU,American Athletic,26.0,"[{'provider': 'Bovada', 'spread': -2.5, 'formatted_spread': 'Tulane -2.5', 'spread_open': -3.0, 'over_under': 47.5, 'over_under_open': 52.5, 'home_moneyline': -185.0, 'away_moneyline': 160.0}]",-2.5
401539479,2023,14,regular,2023-12-02T17:00:00.000Z,Texas,Big 12,49.0,Oklahoma State,Big 12,21.0,"[{'provider': 'Bovada', 'spread': -14.5, 'formatted_spread': 'Texas -14.5', 'spread_open': -11.5, 'over_under': 57.5, 'over_under_open': 53.5, 'home_moneyline': -625.0, 'away_moneyline': 430.0}]",-14.5
401539475,2023,14,regular,2023-12-02T01:00:00.000Z,Washington,Pac-12,34.0,Oregon,Pac-12,31.0,"[{'provider': 'Bovada', 'spread': 10.0, 'formatted_spread': 'Oregon -10.0', 'spread_open': 9.0, 'over_under': 65.5, 'over_under_open': 67.0, 'home_moneyline': 270.0, 'away_moneyline': -340.0}]",10.0
401520341,2023,8,regular,2023-10-21T19:30:00.000Z,Missouri,SEC,34.0,South Carolina,SEC,12.0,"[{'provider': 'Bovada', 'spread': -7.0, 'formatted_spread': 'Missouri -7.0', 'spread_open': -7.5, 'over_under': 57.5, 'over_under_open': 59.5, 'home_moneyline': -300.0, 'away_moneyline': 250.0}]",-7.0
401531372,2023,8,regular,2023-10-21T19:30:00.000Z,Tulane,American Athletic,35.0,North Texas,American Athletic,28.0,"[{'provider': 'Bovada', 'spread': -20.5, 'formatted_spread': 'Tulane -20.5', 'spread_open': -20.0, 'over_under': 64.5, 'over_under_open': 63.5, 'home_moneyline': -1400.0, 'away_moneyline': 750.0}]",-20.5
401525868,2023,8,regular,2023-10-21T16:00:00.000Z,Cincinnati,Big 12,29.0,Baylor,Big 12,32.0,"[{'provider': 'Bovada', 'spread': -2.5, 'formatted_spread': 'Cincinnati -2.5', 'spread_open': -3.0, 'over_under': 50.5, 'over_under_open': 50.0, 'home_moneyline': -145.0, 'away_moneyline': 125.0}]",-2.5
401531382,2023,8,regular,2023-10-21T16:00:00.000Z,UAB,American Athletic,21.0,Memphis,American Athletic,45.0,"[{'provider': 'Bovada', 'spread': 7.5, 'formatted_spread': 'Memphis -7.5', 'spread_open': 6.5, 'over_under': 62.0, 'over_under_open': 62.0, 'home_moneyline': 250.0, 'away_moneyline': -300.0}]",7.5
401520342,2023,8,regular,2023-10-21T19:30:00.000Z,Nebraska,Big Ten,17.0,Northwestern,Big Ten,9.0,"[{'provider': 'Bovada', 'spread': -10.5, 'formatted_spread': 'Nebraska -10.5', 'spread_open': -12.0, 'over_under': 40.0, 'over_under_open': 41.0, 'home_moneyline': -460.0, 'away_moneyline': 340.0}]",-10.5
401525836,2023,3,regular,2023-09-17T00:00:00.000Z,Houston,Big 12,13.0,TCU,Big 12,36.0,"[{'provider': 'Bovada', 'spread': 7.0, 'formatted_spread': 'TCU -7.0', 'spread_open': 8.0, 'over_under': 64.0, 'over_under_open': 62.0, 'home_moneyline': 260.0, 'away_moneyline': -320.0}]",7.0
401524005,2023,3,regular,2023-09-17T02:30:00.000Z,Arizona State,Pac-12,0.0,Fresno State,Mountain West,29.0,"[{'provider': 'Bovada', 'spread': 3.5, 'formatted_spread': 'Fresno State -3.5', 'spread_open': 2.5, 'over_under': 48.0, 'over_under_open': 51.5, 'home_moneyline': 145.0, 'away_moneyline': -170.0}]",3.5
401525837,2023,3,regular,2023-09-17T02:30:00.000Z,Nevada,Mountain West,24.0,Kansas,Big 12,31.0,"[{'provider': 'Bovada', 'spread': 28.5, 'formatted_spread': 'Kansas -28.5', 'spread_open': 28.0, 'over_under': 58.0, 'over_under_open': 60.5, 'home_moneyline': None, 'away_moneyline': None}]",28.5
401531849,2023,4,regular,2023-09-21T23:30:00.000Z,Coastal Carolina,Sun Belt,17.0,Georgia State,Sun Belt,30.0,"[{'provider': 'Bovada', 'spread': -6.5, 'formatted_spread': 'Coastal Carolina -6.5', 'spread_open': -6.5, 'over_under': 63.0, 'over_under_open': 61.0, 'home_moneyline': -240.0, 'away_moneyline': 200.0}]",-6.5
401525844,2023,4,regular,2023-09-23T23:30:00.000Z,Baylor,Big 12,6.0,Texas,Big 12,38.0,"[{'provider': 'Bovada', 'spread': 17.5, 'formatted_spread': 'Texas -17.5', 'spread_open': 14.5, 'over_under': 49.5, 'over_under_open': 52.0, 'home_moneyline': 425.0, 'away_moneyline': -600.0}]",17.5
401525507,2023,4,regular,2023-09-23T16:00:00.000Z,Clemson,ACC,24.0,Florida State,ACC,31.0,"[{'provider': 'Bovada', 'spread': 2.0, 'formatted_spread': 'Florida State -2.0', 'spread_open': 1.5, 'over_under': 55.0, 'over_under_open': 55.0, 'home_moneyline': 105.0, 'away_moneyline': -125.0}]",2.0
401524014,2023,4,regular,2023-09-24T02:30:00.000Z,Arizona State,Pac-12,28.0,USC,Pac-12,42.0,"[{'provider': 'Bovada', 'spread': 34.0, 'formatted_spread': 'USC -34.0', 'spread_open': 33.0, 'over_under': 62.0, 'over_under_open': 61.5, 'home_moneyline': None, 'away_moneyline': None}]",34.0
401525845,2023,4,regular,2023-09-23T16:00:00.000Z,Cincinnati,Big 12,6.0,Oklahoma,Big 12,20.0,"[{'provider': 'Bovada', 'spread': 14.0, 'formatted_spread': 'Oklahoma -14.0', 'spread_open': 13.5, 'over_under': 57.0, 'over_under_open': 61.0, 'home_moneyline': 375.0, 'away_moneyline': -525.0}]",14.0
401525510,2023,4,regular,2023-09-24T00:00:00.000Z,Pittsburgh,ACC,24.0,North Carolina,ACC,41.0,"[{'provider': 'Bovada', 'spread': 7.0, 'formatted_spread': 'North Carolina -7.0', 'spread_open': 5.5, 'over_under': 49.5, 'over_under_open': 50.0, 'home_moneyline': 200.0, 'away_moneyline': -240.0}]",7.0
401520269,2023,4,regular,2023-09-23T20:00:00.000Z,Tennessee,SEC,45.0,UT San Antonio,American Athletic,14.0,"[{'provider': 'Bovada', 'spread': -24.5, 'formatted_spread': 'Tennessee -24.5', 'spread_open': -20.0, 'over_under': 59.5, 'over_under_open': 56.0, 'home_moneyline': -1400.0, 'away_moneyline': 750.0}]",-24.5
401520270,2023,4,regular,2023-09-23T16:00:00.000Z,Texas A&M,SEC,27.0,Auburn,SEC,10.0,"[{'provider': 'Bovada', 'spread': -9.0, 'formatted_spread': 'Texas A&M -9.0', 'spread_open': -7.0, 'over_under': 51.5, 'over_under_open': 52.0, 'home_moneyline': -275.0, 'away_moneyline': 225.0}]",-9.0
401520255,2023,4,regular,2023-09-23T19:30:00.000Z,Illinois,Big Ten,23.0,Florida Atlantic,American Athletic,17.0,"[{'provider': 'Bovada', 'spread': -16.5, 'formatted_spread': 'Illinois -16.5', 'spread_open': -12.0, 'over_under': 45.5, 'over_under_open': 49.0, 'home_moneyline': -585.0, 'away_moneyline': 410.0}]",-16.5
401520256,2023,4,regular,2023-09-23T23:30:00.000Z,Indiana,Big Ten,29.0,Akron,Mid-American,27.0,"[{'provider': 'Bovada', 'spread': -16.5, 'formatted_spread': 'Indiana -16.5', 'spread_open': -17.5, 'over_under': 46.0, 'over_under_open': 45.0, 'home_moneyline': -900.0, 'away_moneyline': 575.0}]",-16.5
401520259,2023,4,regular,2023-09-23T23:30:00.000Z,Missouri,SEC,34.0,Memphis,American Athletic,27.0,"[{'provider': 'Bovada', 'spread': -6.5, 'formatted_spread': 'Missouri -6.5', 'spread_open': -6.5, 'over_under': 52.5, 'over_under_open': 53.0, 'home_moneyline': -275.0, 'away_moneyline': 225.0}]",-6.5
401525848,2023,4,regular,2023-09-24T00:00:00.000Z,Kansas State,Big 12,44.0,UCF,Big 12,31.0,"[{'provider': 'Bovada', 'spread': -6.5, 'formatted_spread': 'Kansas State -6.5', 'spread_open': -7.0, 'over_under': 52.5, 'over_under_open': 57.0, 'home_moneyline': -260.0, 'away_moneyline': 215.0}]",-6.5
401525851,2023,5,regular,2023-09-30T02:15:00.000Z,BYU,Big 12,35.0,Cincinnati,Big 12,27.0,"[{'provider': 'Bovada', 'spread': -2.5, 'formatted_spread': 'BYU -2.5', 'spread_open': -3.0, 'over_under': 48.0, 'over_under_open': 50.0, 'home_moneyline': -135.0, 'away_moneyline': 115.0}]",-2.5
401524023,2023,5,regular,2023-09-30T16:00:00.000Z,Colorado,Pac-12,41.0,USC,Pac-12,48.0,"[{'provider': 'Bovada', 'spread': 21.5, 'formatted_spread': 'USC -21.5', 'spread_open': 27.0, 'over_under': 74.5, 'over_under_open': 73.5, 'home_moneyline': 750.0, 'away_moneyline': -1400.0}]",21.5
401524024,2023,5,regular,2023-09-30T22:30:00.000Z,Stanford,Pac-12,6.0,Oregon,Pac-12,42.0,"[{'provider': 'Bovada', 'spread': 27.0, 'formatted_spread': 'Oregon -27.0', 'spread_open': 27.0, 'over_under': 61.0, 'over_under_open': 61.0, 'home_moneyline': 1200.0, 'away_moneyline': -4000.0}]",27.0
401525438,2023,5,regular,2023-09-30T23:30:00.000Z,Duke,ACC,14.0,Notre Dame,FBS Independents,21.0,"[{'provider': 'Bovada', 'spread': 5.5, 'formatted_spread': 'Notre Dame -5.5', 'spread_open': 6.5, 'over_under': 52.5, 'over_under_open': 51.5, 'home_moneyline': 180.0, 'away_moneyline': -220.0}]",5.5
401525514,2023,5,regular,2023-09-30T16:00:00.000Z,Syracuse,ACC,14.0,Clemson,ACC,31.0,"[{'provider': 'Bovada', 'spread': 7.0, 'formatted_spread': 'Clemson -7.0', 'spread_open': 7.5, 'over_under': 53.5, 'over_under_open': 52.5, 'home_moneyline': 220.0, 'away_moneyline': -270.0}]",7.0
401525513,2023,5,regular,2023-09-30T18:00:00.000Z,Boston College,ACC,27.0,Virginia,ACC,24.0,"[{'provider': 'Bovada', 'spread': -3.0, 'formatted_spread': 'Boston College -3.0', 'spread_open': -2.0, 'over_under': 55.0, 'over_under_open': 56.0, 'home_moneyline': -160.0, 'away_moneyline': 135.0}]",-3.0
401524022,2023,5,regular,2023-09-30T19:00:00.000Z,California,Pac-12,24.0,Arizona State,Pac-12,21.0,"[{'provider': 'Bovada', 'spread': -11.5, 'formatted_spread': 'California -11.5', 'spread_open': -11.5, 'over_under': 49.5, 'over_under_open': 50.5, 'home_moneyline': -440.0, 'away_moneyline': 330.0}]",-11.5
401532589,2023,5,regular,2023-10-01T00:00:00.000Z,Air Force,Mountain West,49.0,San Diego State,Mountain West,10.0,"[{'provider': 'Bovada', 'spread': -11.0, 'formatted_spread': 'Air Force -11.0', 'spread_open': -10.0, 'over_under': 44.0, 'over_under_open': 43.0, 'home_moneyline': -430.0, 'away_moneyline': 320.0}]",-11.0
401525520,2023,6,regular,2023-10-07T19:30:00.000Z,North Carolina,ACC,40.0,Syracuse,ACC,7.0,"[{'provider': 'Bovada', 'spread': -9.0, 'formatted_spread': 'North Carolina -9.0', 'spread_open': -8.5, 'over_under': 59.0, 'over_under_open': 58.0, 'home_moneyline': -370.0, 'away_moneyline': 285.0}]",-9.0
401525519,2023,6,regular,2023-10-08T00:00:00.000Z,Miami,ACC,20.0,Georgia Tech,ACC,23.0,"[{'provider': 'Bovada', 'spread': -19.0, 'formatted_spread': 'Miami -19.0', 'spread_open': -20.5, 'over_under': 57.0, 'over_under_open': 59.0, 'home_moneyline': -1300.0, 'away_moneyline': 725.0}]",-19.0
401525521,2023,6,regular,2023-10-07T18:00:00.000Z,NC State,ACC,48.0,Marshall,Sun Belt,41.0,"[{'provider': 'Bovada', 'spread': -6.5, 'formatted_spread': 'NC State -6.5', 'spread_open': -6.5, 'over_under': 44.0, 'over_under_open': 45.5, 'home_moneyline': -250.0, 'away_moneyline': 210.0}]",-6.5
401531389,2023,6,regular,2023-10-07T18:00:00.000Z,Temple,American Athletic,34.0,UT San Antonio,American Athletic,49.0,"[{'provider': 'Bovada', 'spread': 14.0, 'formatted_spread': 'UT San Antonio -14.0', 'spread_open': 13.5, 'over_under': 56.5, 'over_under_open': 56.0, 'home_moneyline': 425.0, 'away_moneyline': -600.0}]",14.0
401531884,2023,6,regular,2023-10-07T19:30:00.000Z,Louisiana,Sun Belt,34.0,Texas State,Sun Belt,30.0,"[{'provider': 'Bovada', 'spread': -1.0, 'formatted_spread': 'Louisiana -1.0', 'spread_open': -2.5, 'over_under': 66.5, 'over_under_open': 67.0, 'home_moneyline': -135.0, 'away_moneyline': 115.0}]",-1.0
401525860,2023,6,regular,2023-10-07T20:00:00.000Z,Kansas,Big 12,51.0,UCF,Big 12,22.0,"[{'provider': 'Bovada', 'spread': 2.0, 'formatted_spread': 'UCF -2.0', 'spread_open': -3.0, 'over_under': 64.5, 'over_under_open': 62.0, 'home_moneyline': 105.0, 'away_moneyline': -125.0}]",2.0
401531340,2023,6,regular,2023-10-07T22:00:00.000Z,Florida Atlantic,American Athletic,20.0,Tulsa,American Athletic,17.0,"[{'provider': 'Bovada', 'spread': -2.5, 'formatted_spread': 'Florida Atlantic -2.5', 'spread_open': -4.0, 'over_under': 54.5, 'over_under_open': 55.0, 'home_moneyline': -150.0, 'away_moneyline': 130.0}]",-2.5
401531885,2023,6,regular,2023-10-07T23:00:00.000Z,Louisiana Monroe,Sun Belt,7.0,South Alabama,Sun Belt,55.0,"[{'provider': 'Bovada', 'spread': 11.0, 'formatted_spread': 'South Alabama -11.0', 'spread_open': 12.0, 'over_under': 50.5, 'over_under_open': 51.5, 'home_moneyline': 315.0, 'away_moneyline': -420.0}]",11.0
401525858,2023,6,regular,2023-10-08T00:00:00.000Z,Baylor,Big 12,14.0,Texas Tech,Big 12,39.0,"[{'provider': 'Bovada', 'spread': 2.5, 'formatted_spread': 'Texas Tech -2.5', 'spread_open': 1.5, 'over_under': 59.5, 'over_under_open': 60.0, 'home_moneyline': 100.0, 'away_moneyline': -120.0}]",2.5
401525859,2023,6,regular,2023-10-08T00:00:00.000Z,Iowa State,Big 12,27.0,TCU,Big 12,14.0,"[{'provider': 'Bovada', 'spread': 6.5, 'formatted_spread': 'TCU -6.5', 'spread_open': 7.0, 'over_under': 52.5, 'over_under_open': 51.0, 'home_moneyline': 210.0, 'away_moneyline': -250.0}]",6.5
401524030,2023,7,regular,2023-10-14T23:00:00.000Z,Washington State,Pac-12,6.0,Arizona,Pac-12,44.0,"[{'provider': 'Bovada', 'spread': -8.0, 'formatted_spread': 'Washington State -8.0', 'spread_open': -9.0, 'over_under': 56.5, 'over_under_open': 60.5, 'home_moneyline': -300.0, 'away_moneyline': 250.0}]",-8.0
401520328,2023,7,regular,2023-10-14T20:00:00.000Z,Wisconsin,Big Ten,6.0,Iowa,Big Ten,15.0,"[{'provider': 'Bovada', 'spread': -8.0, 'formatted_spread': 'Wisconsin -8.0', 'spread_open': -10.0, 'over_under': 33.5, 'over_under_open': 37.0, 'home_moneyline': -380.0, 'away_moneyline': 290.0}]",-8.0
401520335,2023,8,regular,2023-10-21T23:00:00.000Z,Auburn,SEC,21.0,Ole Miss,SEC,28.0,"[{'provider': 'Bovada', 'spread': 6.5, 'formatted_spread': 'Ole Miss -6.5', 'spread_open': 7.0, 'over_under': 55.5, 'over_under_open': 57.0, 'home_moneyline': 190.0, 'away_moneyline': -230.0}]",6.5
401524037,2023,8,regular,2023-10-22T00:00:00.000Z,USC,Pac-12,32.0,Utah,Pac-12,34.0,"[{'provider': 'Bovada', 'spread': -7.0, 'formatted_spread': 'USC -7.0', 'spread_open': -6.0, 'over_under': 52.0, 'over_under_open': 56.0, 'home_moneyline': -245.0, 'away_moneyline': 205.0}]",-7.0
401520339,2023,8,regular,2023-10-21T23:30:00.000Z,LSU,SEC,62.0,Army,FBS Independents,0.0,"[{'provider': 'Bovada', 'spread': -33.0, 'formatted_spread': 'LSU -33.0', 'spread_open': -30.5, 'over_under': 60.5, 'over_under_open': 58.5, 'home_moneyline': -10000.0, 'away_moneyline': 1600.0}]",-33.0
401525880,2023,10,regular,2023-11-04T19:30:00.000Z,Baylor,Big 12,24.0,Houston,Big 12,25.0,"[{'provider': 'Bovada', 'spread': -2.5, 'formatted_spread': 'Baylor -2.5', 'spread_open': -3.0, 'over_under': 58.5, 'over_under_open': 57.5, 'home_moneyline': -170.0, 'away_moneyline': 145.0}]",-2.5
401525881,2023,10,regular,2023-11-04T19:30:00.000Z,Cincinnati,Big 12,26.0,UCF,Big 12,28.0,"[{'provider': 'Bovada', 'spread': 3.5, 'formatted_spread': 'UCF -3.5', 'spread_open': 4.5, 'over_under': 60.0, 'over_under_open': 59.0, 'home_moneyline': 170.0, 'away_moneyline': -200.0}]",3.5
401520379,2023,10,regular,2023-11-04T20:00:00.000Z,Vanderbilt,SEC,15.0,Auburn,SEC,31.0,"[{'provider': 'Bovada', 'spread': 12.5, 'formatted_spread': 'Auburn -12.5', 'spread_open': 12.5, 'over_under': 50.0, 'over_under_open': 49.0, 'home_moneyline': 360.0, 'away_moneyline': -500.0}]",12.5
401520366,2023,10,regular,2023-11-04T22:00:00.000Z,Liberty,Conference USA,56.0,Louisiana Tech,Conference USA,30.0,"[{'provider': 'Bovada', 'spread': -14.0, 'formatted_spread': 'Liberty -14.0', 'spread_open': -17.0, 'over_under': 59.0, 'over_under_open': 57.0, 'home_moneyline': -900.0, 'away_moneyline': 575.0}]",-14.0
401525544,2023,10,regular,2023-11-05T00:00:00.000Z,NC State,ACC,20.0,Miami,ACC,6.0,"[{'provider': 'Bovada', 'spread': 6.5, 'formatted_spread': 'Miami -6.5', 'spread_open': 3.5, 'over_under': 44.0, 'over_under_open': 45.5, 'home_moneyline': 160.0, 'away_moneyline': -185.0}]",6.5
401520378,2023,10,regular,2023-11-05T01:00:00.000Z,UTEP,Conference USA,13.0,Western Kentucky,Conference USA,21.0,"[{'provider': 'Bovada', 'spread': 10.0, 'formatted_spread': 'Western Kentucky -10.0', 'spread_open': 10.5, 'over_under': 54.0, 'over_under_open': 54.5, 'home_moneyline': 275.0, 'away_moneyline': -350.0}]",10.0
401532437,2023,11,regular,2023-11-08T00:00:00.000Z,Northern Illinois,Mid-American,17.0,Ball State,Mid-American,20.0,"[{'provider': 'Bovada', 'spread': -8.0, 'formatted_spread': 'Northern Illinois -8.0', 'spread_open': -10.0, 'over_under': 43.0, 'over_under_open': 43.0, 'home_moneyline': -390.0, 'away_moneyline': 295.0}]",-8.0
401532439,2023,11,regular,2023-11-08T00:30:00.000Z,Buffalo,Mid-American,10.0,Ohio,Mid-American,20.0,"[{'provider': 'Bovada', 'spread': 9.5, 'formatted_spread': 'Ohio -9.5', 'spread_open': 6.5, 'over_under': 45.0, 'over_under_open': 44.0, 'home_moneyline': 240.0, 'away_moneyline': -290.0}]",9.5
401532441,2023,11,regular,2023-11-09T00:00:00.000Z,Miami (OH),Mid-American,19.0,Akron,Mid-American,0.0,"[{'provider': 'Bovada', 'spread': -17.0, 'formatted_spread': 'Miami (OH) -17.0', 'spread_open': -17.0, 'over_under': 37.5, 'over_under_open': 43.5, 'home_moneyline': -900.0, 'away_moneyline': 575.0}]",-17.0
401532442,2023,11,regular,2023-11-09T00:00:00.000Z,Kent State,Mid-American,19.0,Bowling Green,Mid-American,49.0,"[{'provider': 'Bovada', 'spread': 11.0, 'formatted_spread': 'Bowling Green -11.0', 'spread_open': 8.5, 'over_under': 41.5, 'over_under_open': 41.0, 'home_moneyline': 250.0, 'away_moneyline': -300.0}]",11.0
401532440,2023,11,regular,2023-11-09T00:30:00.000Z,Toledo,Mid-American,49.0,Eastern Michigan,Mid-American,23.0,"[{'provider': 'Bovada', 'spread': -20.0, 'formatted_spread': 'Toledo -20.0', 'spread_open': -18.0, 'over_under': 45.0, 'over_under_open': 46.5, 'home_moneyline': -1100.0, 'away_moneyline': 650.0}]",-20.0
401525546,2023,11,regular,2023-11-10T00:30:00.000Z,Louisville,ACC,31.0,Virginia,ACC,24.0,"[{'provider': 'Bovada', 'spread': -20.0, 'formatted_spread': 'Louisville -20.0', 'spread_open': -19.5, 'over_under': 49.5, 'over_under_open': 51.5, 'home_moneyline': -1300.0, 'away_moneyline': 725.0}]",-20.0
401531911,2023,11,regular,2023-11-10T00:30:00.000Z,Louisiana,Sun Belt,31.0,Southern Mississippi,Sun Belt,34.0,"[{'provider': 'Bovada', 'spread': -7.5, 'formatted_spread': 'Louisiana -7.5', 'spread_open': -12.0, 'over_under': 52.5, 'over_under_open': 53.5, 'home_moneyline': -470.0, 'away_moneyline': 345.0}]",-7.5
401531437,2023,11,regular,2023-11-11T02:00:00.000Z,SMU,American Athletic,45.0,North Texas,American Athletic,21.0,"[{'provider': 'Bovada', 'spread': -20.5, 'formatted_spread': 'SMU -20.5', 'spread_open': -15.5, 'over_under': 67.0, 'over_under_open': 67.5, 'home_moneyline': -750.0, 'away_moneyline': 500.0}]",-20.5
401524053,2023,11,regular,2023-11-12T03:30:00.000Z,Oregon,Pac-12,36.0,USC,Pac-12,27.0,"[{'provider': 'Bovada', 'spread': -16.5, 'formatted_spread': 'Oregon -16.5', 'spread_open': -3.0, 'over_under': 77.5, 'over_under_open': 74.0, 'home_moneyline': -800.0, 'away_moneyline': 525.0}]",-16.5
401520395,2023,11,regular,2023-11-11T20:30:00.000Z,Purdue,Big Ten,49.0,Minnesota,Big Ten,30.0,"[{'provider': 'Bovada', 'spread': 2.0, 'formatted_spread': 'Minnesota -2.0', 'spread_open': 0.0, 'over_under': 48.5, 'over_under_open': 46.5, 'home_moneyline': 105.0, 'away_moneyline': -125.0}]",2.0
401520398,2023,11,regular,2023-11-11T20:30:00.000Z,Wisconsin,Big Ten,10.0,Northwestern,Big Ten,24.0,"[{'provider': 'Bovada', 'spread': -12.0, 'formatted_spread': 'Wisconsin -12.0', 'spread_open': -11.5, 'over_under': 44.0, 'over_under_open': 42.5, 'home_moneyline': -460.0, 'away_moneyline': 340.0}]",-12.0
401520399,2023,11,regular,2023-11-11T20:30:00.000Z,Western Kentucky,Conference USA,29.0,New Mexico State,Conference USA,38.0,"[{'provider': 'Bovada', 'spread': -5.0, 'formatted_spread': 'Western Kentucky -5.0', 'spread_open': -5.5, 'over_under': 53.5, 'over_under_open': 57.5, 'home_moneyline': -200.0, 'away_moneyline': 170.0}]",-5.0
401532617,2023,11,regular,2023-11-12T00:00:00.000Z,Colorado State,Mountain West,22.0,San Diego State,Mountain West,19.0,"[{'provider': 'Bovada', 'spread': -3.5, 'formatted_spread': 'Colorado State -3.5', 'spread_open': -4.0, 'over_under': 46.5, 'over_under_open': 47.5, 'home_moneyline': -175.0, 'away_moneyline': 150.0}]",-3.5
401520397,2023,11,regular,2023-11-12T00:30:00.000Z,Texas A&M,SEC,51.0,Mississippi State,SEC,10.0,"[{'provider': 'Bovada', 'spread': -16.5, 'formatted_spread': 'Texas A&M -16.5', 'spread_open': -18.0, 'over_under': 40.5, 'over_under_open': 44.5, 'home_moneyline': -1100.0, 'away_moneyline': 650.0}]",-16.5
401532443,2023,12,regular,2023-11-15T00:00:00.000Z,Bowling Green,Mid-American,31.0,Toledo,Mid-American,32.0,"[{'provider': 'Bovada', 'spread': 10.0, 'formatted_spread': 'Toledo -10.0', 'spread_open': 10.0, 'over_under': 49.5, 'over_under_open': 52.0, 'home_moneyline': 315.0, 'away_moneyline': -420.0}]",10.0
401532444,2023,12,regular,2023-11-15T00:00:00.000Z,Northern Illinois,Mid-American,24.0,Western Michigan,Mid-American,0.0,"[{'provider': 'Bovada', 'spread': -4.0, 'formatted_spread': 'Northern Illinois -4.0', 'spread_open': -3.0, 'over_under': 56.5, 'over_under_open': 55.5, 'home_moneyline': -210.0, 'away_moneyline': 175.0}]",-4.0
401532445,2023,12,regular,2023-11-15T00:00:00.000Z,Eastern Michigan,Mid-American,30.0,Akron,Mid-American,27.0,"[{'provider': 'Bovada', 'spread': -3.0, 'formatted_spread': 'Eastern Michigan -3.0', 'spread_open': -4.5, 'over_under': 39.5, 'over_under_open': 39.0, 'home_moneyline': -185.0, 'away_moneyline': 160.0}]",-3.0
401532446,2023,12,regular,2023-11-16T00:00:00.000Z,Ohio,Mid-American,34.0,Central Michigan,Mid-American,20.0,"[{'provider': 'Bovada', 'spread': -10.5, 'formatted_spread': 'Ohio -10.5', 'spread_open': -8.5, 'over_under': 50.0, 'over_under_open': 46.0, 'home_moneyline': -390.0, 'away_moneyline': 295.0}]",-10.5
401525894,2023,12,regular,2023-11-18T21:00:00.000Z,Houston,Big 12,30.0,Oklahoma State,Big 12,43.0,"[{'provider': 'Bovada', 'spread': 6.5, 'formatted_spread': 'Oklahoma State -6.5', 'spread_open': 7.5, 'over_under': 57.5, 'over_under_open': 59.0, 'home_moneyline': 195.0, 'away_moneyline': -235.0}]",6.5
401520407,2023,12,regular,2023-11-18T19:00:00.000Z,Jacksonville State,Conference USA,56.0,Louisiana Tech,Conference USA,17.0,"[{'provider': 'Bovada', 'spread': -9.5, 'formatted_spread': 'Jacksonville State -9.5', 'spread_open': -8.0, 'over_under': 54.5, 'over_under_open': 55.5, 'home_moneyline': -330.0, 'away_moneyline': 265.0}]",-9.5
401520411,2023,12,regular,2023-11-18T19:00:00.000Z,Middle Tennessee,Conference USA,34.0,UTEP,Conference USA,30.0,"[{'provider': 'Bovada', 'spread': -8.0, 'formatted_spread': 'Middle Tennessee -8.0', 'spread_open': -7.5, 'over_under': 48.5, 'over_under_open': 48.0, 'home_moneyline': -300.0, 'away_moneyline': 250.0}]",-8.0
401520423,2023,12,regular,2023-11-18T20:30:00.000Z,Western Kentucky,Conference USA,28.0,Sam Houston State,Conference USA,23.0,"[{'provider': 'Bovada', 'spread': -9.5, 'formatted_spread': 'Western Kentucky -9.5', 'spread_open': -13.0, 'over_under': 52.5, 'over_under_open': 51.5, 'home_moneyline': -525.0, 'away_moneyline': 375.0}]",-9.5
401525559,2023,12,regular,2023-11-18T20:30:00.000Z,Virginia Tech,ACC,28.0,NC State,ACC,35.0,"[{'provider': 'Bovada', 'spread': -2.5, 'formatted_spread': 'Virginia Tech -2.5', 'spread_open': -3.0, 'over_under': 41.0, 'over_under_open': 44.0, 'home_moneyline': -140.0, 'away_moneyline': 120.0}]",-2.5
401525897,2023,12,regular,2023-11-18T20:30:00.000Z,TCU,Big 12,42.0,Baylor,Big 12,17.0,"[{'provider': 'Bovada', 'spread': -13.0, 'formatted_spread': 'TCU -13.0', 'spread_open': -3.5, 'over_under': 62.0, 'over_under_open': 58.5, 'home_moneyline': -575.0, 'away_moneyline': 400.0}]",-13.0
401520404,2023,12,regular,2023-11-18T21:00:00.000Z,Auburn,SEC,10.0,New Mexico State,Conference USA,31.0,"[{'provider': 'Bovada', 'spread': -25.0, 'formatted_spread': 'Auburn -25.0', 'spread_open': -22.0, 'over_under': 48.0, 'over_under_open': 48.5, 'home_moneyline': -2800.0, 'away_moneyline': 1100.0}]",-25.0
401525898,2023,12,regular,2023-11-18T22:00:00.000Z,Texas Tech,Big 12,24.0,UCF,Big 12,23.0,"[{'provider': 'Bovada', 'spread': -2.0, 'formatted_spread': 'Texas Tech -2.0', 'spread_open': -3.0, 'over_under': 59.0, 'over_under_open': 59.5, 'home_moneyline': -135.0, 'away_moneyline': 115.0}]",-2.0
401524061,2023,12,regular,2023-11-18T23:30:00.000Z,Stanford,Pac-12,15.0,California,Pac-12,27.0,"[{'provider': 'Bovada', 'spread': 7.0, 'formatted_spread': 'California -7.0', 'spread_open': 4.5, 'over_under': 53.5, 'over_under_open': 57.5, 'home_moneyline': 210.0, 'away_moneyline': -250.0}]",7.0
401520402,2023,12,regular,2023-11-19T00:30:00.000Z,Arkansas,SEC,44.0,Florida International,Conference USA,20.0,"[{'provider': 'Bovada', 'spread': -26.5, 'formatted_spread': 'Arkansas -26.5', 'spread_open': -31.5, 'over_under': 49.5, 'over_under_open': 51.5, 'home_moneyline': -10000.0, 'away_moneyline': 1600.0}]",-26.5
401520418,2023,12,regular,2023-11-19T00:30:00.000Z,South Carolina,SEC,17.0,Kentucky,SEC,14.0,"[{'provider': 'Bovada', 'spread': -2.5, 'formatted_spread': 'South Carolina -2.5', 'spread_open': 2.0, 'over_under': 52.5, 'over_under_open': 54.5, 'home_moneyline': -105.0, 'away_moneyline': -115.0}]",-2.5
401520422,2023,12,regular,2023-11-19T00:30:00.000Z,Wisconsin,Big Ten,24.0,Nebraska,Big Ten,17.0,"[{'provider': 'Bovada', 'spread': -7.0, 'formatted_spread': 'Wisconsin -7.0', 'spread_open': -5.0, 'over_under': 36.5, 'over_under_open': 37.5, 'home_moneyline': -225.0, 'away_moneyline': 185.0}]",-7.0
401525557,2023,12,regular,2023-11-19T01:00:00.000Z,Georgia Tech,ACC,31.0,Syracuse,ACC,22.0,"[{'provider': 'Bovada', 'spread': -6.0, 'formatted_spread': 'Georgia Tech -6.0', 'spread_open': -6.0, 'over_under': 51.5, 'over_under_open': 52.5, 'home_moneyline': -245.0, 'away_moneyline': 205.0}]",-6.0
401532450,2023,13,regular,2023-11-22T00:00:00.000Z,Western Michigan,Mid-American,10.0,Bowling Green,Mid-American,34.0,"[{'provider': 'Bovada', 'spread': 3.0, 'formatted_spread': 'Bowling Green -3.0', 'spread_open': 1.5, 'over_under': 51.5, 'over_under_open': 54.0, 'home_moneyline': 100.0, 'away_moneyline': -120.0}]",3.0
401532449,2023,13,regular,2023-11-22T00:30:00.000Z,Buffalo,Mid-American,11.0,Eastern Michigan,Mid-American,24.0,"[{'provider': 'Bovada', 'spread': -5.5, 'formatted_spread': 'Buffalo -5.5', 'spread_open': -6.5, 'over_under': 38.0, 'over_under_open': 41.0, 'home_moneyline': -240.0, 'away_moneyline': 200.0}]",-5.5
401520424,2023,13,regular,2023-11-24T00:30:00.000Z,Mississippi State,SEC,7.0,Ole Miss,SEC,17.0,"[{'provider': 'Bovada', 'spread': 10.0, 'formatted_spread': 'Ole Miss -10.0', 'spread_open': 1.5, 'over_under': 55.0, 'over_under_open': 56.0, 'home_moneyline': 335.0, 'away_moneyline': -450.0}]",10.0
401524063,2023,13,regular,2023-11-25T01:30:00.000Z,Oregon,Pac-12,31.0,Oregon State,Pac-12,7.0,"[{'provider': 'Bovada', 'spread': -14.0, 'formatted_spread': 'Oregon -14.0', 'spread_open': -8.0, 'over_under': 61.0, 'over_under_open': 62.5, 'home_moneyline': -650.0, 'away_moneyline': 450.0}]",-14.0
401525901,2023,13,regular,2023-11-25T00:30:00.000Z,Texas,Big 12,57.0,Texas Tech,Big 12,7.0,"[{'provider': 'Bovada', 'spread': -16.0, 'formatted_spread': 'Texas -16.0', 'spread_open': -14.0, 'over_under': 53.5, 'over_under_open': 53.5, 'home_moneyline': -625.0, 'away_moneyline': 430.0}]",-16.0
401525900,2023,13,regular,2023-11-24T17:00:00.000Z,Oklahoma,Big 12,69.0,TCU,Big 12,45.0,"[{'provider': 'Bovada', 'spread': -10.0, 'formatted_spread': 'Oklahoma -10.0', 'spread_open': -7.0, 'over_under': 65.5, 'over_under_open': 63.0, 'home_moneyline': -400.0, 'away_moneyline': 300.0}]",-10.0
401520425,2023,13,regular,2023-11-24T17:00:00.000Z,Nebraska,Big Ten,10.0,Iowa,Big Ten,13.0,"[{'provider': 'Bovada', 'spread': -3.0, 'formatted_spread': 'Nebraska -3.0', 'spread_open': 0.0, 'over_under': 26.0, 'over_under_open': 27.5, 'home_moneyline': -120.0, 'away_moneyline': 100.0}]",-3.0
401525560,2023,13,regular,2023-11-24T17:00:00.000Z,Boston College,ACC,20.0,Miami,ACC,45.0,"[{'provider': 'Bovada', 'spread': 10.0, 'formatted_spread': 'Miami -10.0', 'spread_open': 9.0, 'over_under': 50.0, 'over_under_open': 48.5, 'home_moneyline': 275.0, 'away_moneyline': -350.0}]",10.0
401532451,2023,13,regular,2023-11-24T17:00:00.000Z,Central Michigan,Mid-American,17.0,Toledo,Mid-American,32.0,"[{'provider': 'Bovada', 'spread': 10.0, 'formatted_spread': 'Toledo -10.0', 'spread_open': 12.5, 'over_under': 54.5, 'over_under_open': 55.5, 'home_moneyline': 360.0, 'away_moneyline': -500.0}]",10.0
401532452,2023,13,regular,2023-11-24T17:00:00.000Z,Akron,Mid-American,14.0,Ohio,Mid-American,25.0,"[{'provider': 'Bovada', 'spread': 16.0, 'formatted_spread': 'Ohio -16.0', 'spread_open': 14.0, 'over_under': 42.0, 'over_under_open': 41.0, 'home_moneyline': 430.0, 'away_moneyline': -625.0}]",16.0
401532625,2023,13,regular,2023-11-24T21:00:00.000Z,Boise State,Mountain West,27.0,Air Force,Mountain West,19.0,"[{'provider': 'Bovada', 'spread': -6.5, 'formatted_spread': 'Boise State -6.5', 'spread_open': -6.0, 'over_under': 45.0, 'over_under_open': 46.0, 'home_moneyline': -220.0, 'away_moneyline': 180.0}]",-6.5
401520430,2023,13,regular,2023-11-26T00:30:00.000Z,Georgia Tech,ACC,23.0,Georgia,SEC,31.0,"[{'provider': 'Bovada', 'spread': 25.0, 'formatted_spread': 'Georgia -25.0', 'spread_open': 23.0, 'over_under': 59.5, 'over_under_open': 60.0, 'home_moneyline': 1000.0, 'away_moneyline': -2500.0}]",25.0
401520443,2023,13,regular,2023-11-25T17:00:00.000Z,UMass,FBS Independents,18.0,Connecticut,FBS Independents,31.0,"[{'provider': 'Bovada', 'spread': -2.5, 'formatted_spread': 'UMass -2.5', 'spread_open': 2.5, 'over_under': 51.0, 'over_under_open': 50.5, 'home_moneyline': None, 'away_moneyline': -130.0}]",-2.5
401525561,2023,13,regular,2023-11-25T17:00:00.000Z,Duke,ACC,30.0,Pittsburgh,ACC,19.0,"[{'provider': 'Bovada', 'spread': -4.5, 'formatted_spread': 'Duke -4.5', 'spread_open': -6.0, 'over_under': 41.0, 'over_under_open': 42.5, 'home_moneyline': -230.0, 'away_moneyline': 190.0}]",-4.5
401525906,2023,13,regular,2023-11-25T17:00:00.000Z,UCF,Big 12,27.0,Houston,Big 12,13.0,"[{'provider': 'Bovada', 'spread': -15.5, 'formatted_spread': 'UCF -15.5', 'spread_open': -13.0, 'over_under': 61.0, 'over_under_open': 60.5, 'home_moneyline': -575.0, 'away_moneyline': 400.0}]",-15.5
401531435,2023,13,regular,2023-11-25T17:00:00.000Z,SMU,American Athletic,59.0,Navy,American Athletic,14.0,"[{'provider': 'Bovada', 'spread': -20.5, 'formatted_spread': 'SMU -20.5', 'spread_open': -20.0, 'over_under': 46.0, 'over_under_open': 45.5, 'home_moneyline': -1600.0, 'away_moneyline': 800.0}]",-20.5
401531927,2023,13,regular,2023-11-25T17:00:00.000Z,Southern Mississippi,Sun Belt,17.0,Troy,Sun Belt,35.0,"[{'provider': 'Bovada', 'spread': 17.5, 'formatted_spread': 'Troy -17.5', 'spread_open': 17.0, 'over_under': 48.5, 'over_under_open': 48.0, 'home_moneyline': 550.0, 'away_moneyline': -850.0}]",17.5
401532454,2023,13,regular,2023-11-25T17:00:00.000Z,Ball State,Mid-American,15.0,Miami (OH),Mid-American,17.0,"[{'provider': 'Bovada', 'spread': 4.0, 'formatted_spread': 'Miami (OH) -4.0', 'spread_open': 7.0, 'over_under': 34.0, 'over_under_open': 36.0, 'home_moneyline': 200.0, 'away_moneyline': -240.0}]",4.0
401531421,2023,13,regular,2023-11-25T18:00:00.000Z,Rice,American Athletic,24.0,Florida Atlantic,American Athletic,21.0,"[{'provider': 'Bovada', 'spread': -3.0, 'formatted_spread': 'Rice -3.0', 'spread_open': -5.0, 'over_under': 47.0, 'over_under_open': 48.5, 'home_moneyline': -150.0, 'away_moneyline': 130.0}]",-3.0
401525563,2023,13,regular,2023-11-25T19:00:00.000Z,Syracuse,ACC,35.0,Wake Forest,ACC,31.0,"[{'provider': 'Bovada', 'spread': -2.0, 'formatted_spread': 'Syracuse -2.0', 'spread_open': -2.5, 'over_under': 43.5, 'over_under_open': 44.0, 'home_moneyline': -130.0, 'away_moneyline': 110.0}]",-2.0
401531346,2023,13,regular,2023-11-25T19:00:00.000Z,East Carolina,American Athletic,27.0,Tulsa,American Athletic,29.0,"[{'provider': 'Bovada', 'spread': -3.0, 'formatted_spread': 'East Carolina -3.0', 'spread_open': -3.0, 'over_under': 44.0, 'over_under_open': 44.5, 'home_moneyline': -165.0, 'away_moneyline': 140.0}]",-3.0
401531386,2023,13,regular,2023-11-25T19:00:00.000Z,North Texas,American Athletic,45.0,UAB,American Athletic,42.0,"[{'provider': 'Bovada', 'spread': -2.5, 'formatted_spread': 'North Texas -2.5', 'spread_open': -3.0, 'over_under': 73.5, 'over_under_open': 73.5, 'home_moneyline': -150.0, 'away_moneyline': 130.0}]",-2.5
401531925,2023,13,regular,2023-11-25T19:00:00.000Z,Old Dominion,Sun Belt,25.0,Georgia State,Sun Belt,24.0,"[{'provider': 'Bovada', 'spread': -1.5, 'formatted_spread': 'Old Dominion -1.5', 'spread_open': -2.0, 'over_under': 50.5, 'over_under_open': 54.5, 'home_moneyline': -150.0, 'away_moneyline': 130.0}]",-1.5
401524067,2023,13,regular,2023-11-25T20:00:00.000Z,Utah,Pac-12,23.0,Colorado,Pac-12,17.0,"[{'provider': 'Bovada', 'spread': -21.5, 'formatted_spread': 'Utah -21.5', 'spread_open': -22.0, 'over_under': 43.5, 'over_under_open': 52.5, 'home_moneyline': -2800.0, 'away_moneyline': 1100.0}]",-21.5
401531926,2023,13,regular,2023-11-25T20:00:00.000Z,Louisiana,Sun Belt,52.0,Louisiana Monroe,Sun Belt,21.0,"[{'provider': 'Bovada', 'spread': -12.5, 'formatted_spread': 'Louisiana -12.5', 'spread_open': -12.0, 'over_under': 53.0, 'over_under_open': 52.0, 'home_moneyline': -525.0, 'away_moneyline': 375.0}]",-12.5
401520431,2023,13,regular,2023-11-25T20:30:00.000Z,Illinois,Big Ten,43.0,Northwestern,Big Ten,45.0,"[{'provider': 'Bovada', 'spread': -6.0, 'formatted_spread': 'Illinois -6.0', 'spread_open': -5.5, 'over_under': 47.0, 'over_under_open': 47.0, 'home_moneyline': -220.0, 'away_moneyline': 180.0}]",-6.0
401520436,2023,13,regular,2023-11-25T20:30:00.000Z,Minnesota,Big Ten,14.0,Wisconsin,Big Ten,28.0,"[{'provider': 'Bovada', 'spread': 3.0, 'formatted_spread': 'Wisconsin -3.0', 'spread_open': 2.0, 'over_under': 46.0, 'over_under_open': 42.0, 'home_moneyline': 105.0, 'away_moneyline': -125.0}]",3.0
401525564,2023,13,regular,2023-11-25T20:30:00.000Z,Virginia,ACC,17.0,Virginia Tech,ACC,55.0,"[{'provider': 'Bovada', 'spread': 1.0, 'formatted_spread': 'Virginia Tech -1.0', 'spread_open': 2.5, 'over_under': 53.5, 'over_under_open': 53.0, 'home_moneyline': 105.0, 'away_moneyline': -125.0}]",1.0
401531922,2023,13,regular,2023-11-25T20:30:00.000Z,Appalachian State,Sun Belt,55.0,Georgia Southern,Sun Belt,27.0,"[{'provider': 'Bovada', 'spread': -10.5, 'formatted_spread': 'Appalachian State -10.5', 'spread_open': -8.0, 'over_under': 63.5, 'over_under_open': 63.0, 'home_moneyline': -350.0, 'away_moneyline': 275.0}]",-10.5
401531923,2023,13,regular,2023-11-25T20:30:00.000Z,Coastal Carolina,Sun Belt,14.0,James Madison,Sun Belt,56.0,"[{'provider': 'Bovada', 'spread': 4.0, 'formatted_spread': 'James Madison -4.0', 'spread_open': 9.5, 'over_under': 51.0, 'over_under_open': 50.5, 'home_moneyline': 275.0, 'away_moneyline': -350.0}]",4.0
401531924,2023,13,regular,2023-11-25T20:30:00.000Z,Marshall,Sun Belt,35.0,Arkansas State,Sun Belt,21.0,"[{'provider': 'Bovada', 'spread': 1.0, 'formatted_spread': 'Arkansas State -1.0', 'spread_open': -3.0, 'over_under': 52.0, 'over_under_open': 54.0, 'home_moneyline': -140.0, 'away_moneyline': 120.0}]",1.0
401520437,2023,13,regular,2023-11-25T21:00:00.000Z,New Mexico State,Conference USA,20.0,Jacksonville State,Conference USA,17.0,"[{'provider': 'Bovada', 'spread': 2.5, 'formatted_spread': 'Jacksonville State -2.5', 'spread_open': -2.5, 'over_under': 48.5, 'over_under_open': 50.0, 'home_moneyline': -120.0, 'away_moneyline': 100.0}]",2.5
401525902,2023,13,regular,2023-11-26T00:00:00.000Z,Baylor,Big 12,31.0,West Virginia,Big 12,34.0,"[{'provider': 'Bovada', 'spread': 13.0, 'formatted_spread': 'West Virginia -13.0', 'spread_open': 6.5, 'over_under': 54.5, 'over_under_open': 57.0, 'home_moneyline': 215.0, 'away_moneyline': -260.0}]",13.0
401531928,2023,13,regular,2023-11-26T00:00:00.000Z,Texas State,Sun Belt,52.0,South Alabama,Sun Belt,44.0,"[{'provider': 'Bovada', 'spread': 6.5, 'formatted_spread': 'South Alabama -6.5', 'spread_open': 5.0, 'over_under': 57.0, 'over_under_open': 58.0, 'home_moneyline': 180.0, 'away_moneyline': -220.0}]",6.5
401525903,2023,13,regular,2023-11-26T00:30:00.000Z,Cincinnati,Big 12,16.0,Kansas,Big 12,49.0,"[{'provider': 'Bovada', 'spread': 7.5, 'formatted_spread': 'Kansas -7.5', 'spread_open': 6.0, 'over_under': 59.0, 'over_under_open': 58.0, 'home_moneyline': 190.0, 'away_moneyline': -230.0}]",7.5
401531410,2023,13,regular,2023-11-26T00:30:00.000Z,South Florida,American Athletic,48.0,Charlotte,American Athletic,14.0,"[{'provider': 'Bovada', 'spread': -7.0, 'formatted_spread': 'South Florida -7.0', 'spread_open': -5.0, 'over_under': 57.0, 'over_under_open': 56.5, 'home_moneyline': -200.0, 'away_moneyline': 170.0}]",-7.0
401524066,2023,13,regular,2023-11-26T03:30:00.000Z,UCLA,Pac-12,7.0,California,Pac-12,33.0,"[{'provider': 'Bovada', 'spread': -9.5, 'formatted_spread': 'UCLA -9.5', 'spread_open': -10.0, 'over_under': 50.5, 'over_under_open': 52.0, 'home_moneyline': -430.0, 'away_moneyline': 320.0}]",-9.5
401532626,2023,13,regular,2023-11-26T04:00:00.000Z,Hawai'i,Mountain West,27.0,Colorado State,Mountain West,24.0,"[{'provider': 'Bovada', 'spread': 5.5, 'formatted_spread': 'Colorado State -5.5', 'spread_open': 6.0, 'over_under': 54.0, 'over_under_open': 54.5, 'home_moneyline': 180.0, 'away_moneyline': -220.0}]",5.5
401539476,2023,14,regular,2023-12-02T00:00:00.000Z,Liberty,Conference USA,49.0,New Mexico State,Conference USA,35.0,"[{'provider': 'Bovada', 'spread': -9.5, 'formatted_spread': 'Liberty -9.5', 'spread_open': -10.0, 'over_under': 58.0, 'over_under_open': 53.5, 'home_moneyline': -410.0, 'away_moneyline': 305.0}]",-9.5
401539478,2023,14,regular,2023-12-03T01:00:00.000Z,Florida State,ACC,16.0,Louisville,ACC,6.0,"[{'provider': 'Bovada', 'spread': 1.5, 'formatted_spread': 'Louisville -1.5', 'spread_open': -5.0, 'over_under': 45.5, 'over_under_open': 53.5, 'home_moneyline': -165.0, 'away_moneyline': 140.0}]",1.5
401539484,2023,14,regular,2023-12-02T21:00:00.000Z,Troy,Sun Belt,49.0,Appalachian State,Sun Belt,23.0,"[{'provider': 'Bovada', 'spread': -5.5, 'formatted_spread': 'Troy -5.5', 'spread_open': -6.5, 'over_under': 53.0, 'over_under_open': 51.5, 'home_moneyline': -240.0, 'away_moneyline': 200.0}]",-5.5
401525532,2023,8,regular,2023-10-21T19:30:00.000Z,Wake Forest,ACC,21.0,Pittsburgh,ACC,17.0,"[{'provider': 'Bovada', 'spread': 3.0, 'formatted_spread': 'Pittsburgh -3.0', 'spread_open': -1.0, 'over_under': 45.0, 'over_under_open': 47.0, 'home_moneyline': -105.0, 'away_moneyline': -115.0}]",3.0
401525872,2023,8,regular,2023-10-21T19:30:00.000Z,West Virginia,Big 12,34.0,Oklahoma State,Big 12,48.0,"[{'provider': 'Bovada', 'spread': -3.0, 'formatted_spread': 'West Virginia -3.0', 'spread_open': -3.0, 'over_under': 48.5, 'over_under_open': 50.0, 'home_moneyline': -150.0, 'away_moneyline': 130.0}]",-3.0
401532430,2023,8,regular,2023-10-21T19:30:00.000Z,Kent State,Mid-American,6.0,Buffalo,Mid-American,24.0,"[{'provider': 'Bovada', 'spread': 6.5, 'formatted_spread': 'Buffalo -6.5', 'spread_open': None, 'over_under': 44.0, 'over_under_open': 44.5, 'home_moneyline': 210.0, 'away_moneyline': -250.0}]",6.5
401531397,2023,8,regular,2023-10-21T22:00:00.000Z,Florida Atlantic,American Athletic,10.0,UT San Antonio,American Athletic,36.0,"[{'provider': 'Bovada', 'spread': 2.5, 'formatted_spread': 'UT San Antonio -2.5', 'spread_open': 3.0, 'over_under': 59.0, 'over_under_open': 59.5, 'home_moneyline': 120.0, 'away_moneyline': -140.0}]",2.5
401532600,2023,8,regular,2023-10-21T22:00:00.000Z,New Mexico,Mountain West,42.0,Hawai'i,Mountain West,21.0,"[{'provider': 'Bovada', 'spread': 1.5, 'formatted_spread': ""Hawai'i -1.5"", 'spread_open': 2.0, 'over_under': 59.5, 'over_under_open': 60.0, 'home_moneyline': 115.0, 'away_moneyline': -135.0}]",1.5
401525867,2023,8,regular,2023-10-21T23:00:00.000Z,BYU,Big 12,27.0,Texas Tech,Big 12,14.0,"[{'provider': 'Bovada', 'spread': 3.0, 'formatted_spread': 'Texas Tech -3.0', 'spread_open': 4.0, 'over_under': 50.0, 'over_under_open': 51.5, 'home_moneyline': 130.0, 'away_moneyline': -150.0}]",3.0
401525870,2023,8,regular,2023-10-21T23:00:00.000Z,Kansas State,Big 12,41.0,TCU,Big 12,3.0,"[{'provider': 'Bovada', 'spread': -5.5, 'formatted_spread': 'Kansas State -5.5', 'spread_open': -5.0, 'over_under': 60.0, 'over_under_open': 58.5, 'home_moneyline': -230.0, 'away_moneyline': 190.0}]",-5.5
401532599,2023,8,regular,2023-10-21T23:00:00.000Z,UNLV,Mountain West,25.0,Colorado State,Mountain West,23.0,"[{'provider': 'Bovada', 'spread': -6.5, 'formatted_spread': 'UNLV -6.5', 'spread_open': -8.0, 'over_under': 60.0, 'over_under_open': 63.0, 'home_moneyline': -275.0, 'away_moneyline': 225.0}]",-6.5
401532602,2023,8,regular,2023-10-21T23:00:00.000Z,San José State,Mountain West,42.0,Utah State,Mountain West,21.0,"[{'provider': 'Bovada', 'spread': -4.0, 'formatted_spread': 'San José State -4.0', 'spread_open': -3.5, 'over_under': 64.5, 'over_under_open': 65.5, 'home_moneyline': -185.0, 'away_moneyline': 160.0}]",-4.0
401532601,2023,8,regular,2023-10-22T01:00:00.000Z,San Diego State,Mountain West,0.0,Nevada,Mountain West,6.0,"[{'provider': 'Bovada', 'spread': -11.0, 'formatted_spread': 'San Diego State -11.0', 'spread_open': -12.5, 'over_under': 48.5, 'over_under_open': 47.5, 'home_moneyline': -480.0, 'away_moneyline': 350.0}]",-11.0
401520345,2023,9,regular,2023-10-24T23:00:00.000Z,Louisiana Tech,Conference USA,24.0,New Mexico State,Conference USA,27.0,"[{'provider': 'Bovada', 'spread': -3.0, 'formatted_spread': 'Louisiana Tech -3.0', 'spread_open': -2.0, 'over_under': 55.0, 'over_under_open': 51.5, 'home_moneyline': -130.0, 'away_moneyline': 110.0}]",-3.0
401520346,2023,9,regular,2023-10-24T23:30:00.000Z,Western Kentucky,Conference USA,29.0,Liberty,Conference USA,42.0,"[{'provider': 'Bovada', 'spread': 4.0, 'formatted_spread': 'Liberty -4.0', 'spread_open': 3.0, 'over_under': 61.5, 'over_under_open': 60.5, 'home_moneyline': 185.0, 'away_moneyline': -225.0}]",4.0
401520347,2023,9,regular,2023-10-25T23:00:00.000Z,Florida International,Conference USA,16.0,Jacksonville State,Conference USA,41.0,"[{'provider': 'Bovada', 'spread': 9.5, 'formatted_spread': 'Jacksonville State -9.5', 'spread_open': 7.5, 'over_under': 48.0, 'over_under_open': 44.0, 'home_moneyline': 260.0, 'away_moneyline': -320.0}]",9.5
401520348,2023,9,regular,2023-10-26T00:00:00.000Z,Sam Houston State,Conference USA,34.0,UTEP,Conference USA,37.0,"[{'provider': 'Bovada', 'spread': -4.0, 'formatted_spread': 'Sam Houston State -4.0', 'spread_open': -3.0, 'over_under': 38.0, 'over_under_open': 36.0, 'home_moneyline': -185.0, 'away_moneyline': 160.0}]",-4.0
401525533,2023,9,regular,2023-10-26T23:30:00.000Z,Virginia Tech,ACC,38.0,Syracuse,ACC,10.0,"[{'provider': 'Bovada', 'spread': -2.5, 'formatted_spread': 'Virginia Tech -2.5', 'spread_open': -3.0, 'over_under': 47.0, 'over_under_open': 47.0, 'home_moneyline': -145.0, 'away_moneyline': 125.0}]",-2.5
401531929,2023,9,regular,2023-10-26T23:30:00.000Z,Georgia Southern,Sun Belt,44.0,Georgia State,Sun Belt,27.0,"[{'provider': 'Bovada', 'spread': 1.0, 'formatted_spread': 'Georgia State -1.0', 'spread_open': -2.5, 'over_under': 63.5, 'over_under_open': 62.0, 'home_moneyline': -110.0, 'away_moneyline': -110.0}]",1.0
401531407,2023,9,regular,2023-10-27T23:30:00.000Z,Charlotte,American Athletic,16.0,Florida Atlantic,American Athletic,38.0,"[{'provider': 'Bovada', 'spread': 3.5, 'formatted_spread': 'Florida Atlantic -3.5', 'spread_open': 6.0, 'over_under': 45.0, 'over_under_open': 42.0, 'home_moneyline': 145.0, 'away_moneyline': -170.0}]",3.5
401520360,2023,9,regular,2023-10-28T23:30:00.000Z,Wisconsin,Big Ten,10.0,Ohio State,Big Ten,24.0,"[{'provider': 'Bovada', 'spread': 14.5, 'formatted_spread': 'Ohio State -14.5', 'spread_open': 9.5, 'over_under': 48.0, 'over_under_open': 44.0, 'home_moneyline': 450.0, 'away_moneyline': -650.0}]",14.5
401524043,2023,9,regular,2023-10-28T23:30:00.000Z,UCLA,Pac-12,28.0,Colorado,Pac-12,16.0,"[{'provider': 'Bovada', 'spread': -14.0, 'formatted_spread': 'UCLA -14.0', 'spread_open': -17.0, 'over_under': 60.5, 'over_under_open': 64.0, 'home_moneyline': -750.0, 'away_moneyline': 500.0}]",-14.0
401531900,2023,9,regular,2023-10-29T00:00:00.000Z,James Madison,Sun Belt,30.0,Old Dominion,Sun Belt,27.0,"[{'provider': 'Bovada', 'spread': -19.5, 'formatted_spread': 'James Madison -19.5', 'spread_open': -17.5, 'over_under': 48.0, 'over_under_open': 49.0, 'home_moneyline': -1400.0, 'away_moneyline': 750.0}]",-19.5
401525875,2023,9,regular,2023-10-28T16:00:00.000Z,Kansas State,Big 12,41.0,Houston,Big 12,0.0,"[{'provider': 'Bovada', 'spread': -18.5, 'formatted_spread': 'Kansas State -18.5', 'spread_open': -17.0, 'over_under': 60.5, 'over_under_open': 60.5, 'home_moneyline': -950.0, 'away_moneyline': 600.0}]",-18.5
401525878,2023,9,regular,2023-10-28T16:00:00.000Z,UCF,Big 12,28.0,West Virginia,Big 12,41.0,"[{'provider': 'Bovada', 'spread': -6.5, 'formatted_spread': 'UCF -6.5', 'spread_open': -6.0, 'over_under': 59.0, 'over_under_open': 59.5, 'home_moneyline': -275.0, 'away_moneyline': 225.0}]",-6.5
401531342,2023,9,regular,2023-10-28T16:00:00.000Z,SMU,American Athletic,69.0,Tulsa,American Athletic,10.0,"[{'provider': 'Bovada', 'spread': -20.5, 'formatted_spread': 'SMU -20.5', 'spread_open': -19.5, 'over_under': 55.0, 'over_under_open': 57.0, 'home_moneyline': -1300.0, 'away_moneyline': 725.0}]",-20.5
401525534,2023,9,regular,2023-10-28T18:00:00.000Z,NC State,ACC,24.0,Clemson,ACC,17.0,"[{'provider': 'Bovada', 'spread': 10.0, 'formatted_spread': 'Clemson -10.0', 'spread_open': 10.0, 'over_under': 44.5, 'over_under_open': 43.5, 'home_moneyline': 275.0, 'away_moneyline': -350.0}]",10.0
401531430,2023,9,regular,2023-10-28T19:00:00.000Z,North Texas,American Athletic,42.0,Memphis,American Athletic,45.0,"[{'provider': 'Bovada', 'spread': 6.5, 'formatted_spread': 'Memphis -6.5', 'spread_open': 7.5, 'over_under': 69.5, 'over_under_open': 67.5, 'home_moneyline': 220.0, 'away_moneyline': -270.0}]",6.5
401520354,2023,9,regular,2023-10-28T19:30:00.000Z,Minnesota,Big Ten,27.0,Michigan State,Big Ten,12.0,"[{'provider': 'Bovada', 'spread': -6.5, 'formatted_spread': 'Minnesota -6.5', 'spread_open': -7.0, 'over_under': 41.0, 'over_under_open': 40.5, 'home_moneyline': -270.0, 'away_moneyline': 220.0}]",-6.5
401520355,2023,9,regular,2023-10-28T19:30:00.000Z,Nebraska,Big Ten,31.0,Purdue,Big Ten,14.0,"[{'provider': 'Bovada', 'spread': 1.5, 'formatted_spread': 'Purdue -1.5', 'spread_open': -3.0, 'over_under': 39.5, 'over_under_open': 42.0, 'home_moneyline': 100.0, 'away_moneyline': -120.0}]",1.5
401525538,2023,9,regular,2023-10-28T19:30:00.000Z,Miami,ACC,29.0,Virginia,ACC,26.0,"[{'provider': 'Bovada', 'spread': -19.0, 'formatted_spread': 'Miami -19.0', 'spread_open': -18.0, 'over_under': 48.0, 'over_under_open': 50.0, 'home_moneyline': -1100.0, 'away_moneyline': 650.0}]",-19.0
401525873,2023,9,regular,2023-10-28T19:30:00.000Z,Baylor,Big 12,18.0,Iowa State,Big 12,30.0,"[{'provider': 'Bovada', 'spread': 3.0, 'formatted_spread': 'Iowa State -3.0', 'spread_open': -1.5, 'over_under': 46.5, 'over_under_open': 47.0, 'home_moneyline': 130.0, 'away_moneyline': -150.0}]",3.0
401531398,2023,9,regular,2023-10-28T19:30:00.000Z,UT San Antonio,American Athletic,41.0,East Carolina,American Athletic,27.0,"[{'provider': 'Bovada', 'spread': -17.5, 'formatted_spread': 'UT San Antonio -17.5', 'spread_open': -17.5, 'over_under': 48.0, 'over_under_open': 46.0, 'home_moneyline': -1000.0, 'away_moneyline': 625.0}]",-17.5
401531898,2023,9,regular,2023-10-28T19:30:00.000Z,Appalachian State,Sun Belt,48.0,Southern Mississippi,Sun Belt,38.0,"[{'provider': 'Bovada', 'spread': -16.0, 'formatted_spread': 'Appalachian State -16.0', 'spread_open': -17.0, 'over_under': 55.5, 'over_under_open': 55.5, 'home_moneyline': -850.0, 'away_moneyline': 550.0}]",-16.0
401532432,2023,9,regular,2023-10-28T19:30:00.000Z,Ohio,Mid-American,16.0,Miami (OH),Mid-American,30.0,"[{'provider': 'Bovada', 'spread': -7.5, 'formatted_spread': 'Ohio -7.5', 'spread_open': -7.0, 'over_under': 39.0, 'over_under_open': 40.0, 'home_moneyline': -300.0, 'away_moneyline': 250.0}]",-7.5
401531901,2023,9,regular,2023-10-28T21:00:00.000Z,Louisiana Monroe,Sun Belt,24.0,Arkansas State,Sun Belt,34.0,"[{'provider': 'Bovada', 'spread': -1.0, 'formatted_spread': 'Louisiana Monroe -1.0', 'spread_open': -1.5, 'over_under': 55.5, 'over_under_open': 58.5, 'home_moneyline': -120.0, 'away_moneyline': 100.0}]",-1.0
401531902,2023,9,regular,2023-10-28T21:00:00.000Z,South Alabama,Sun Belt,20.0,Louisiana,Sun Belt,33.0,"[{'provider': 'Bovada', 'spread': -11.5, 'formatted_spread': 'South Alabama -11.5', 'spread_open': -9.5, 'over_under': 55.0, 'over_under_open': 52.0, 'home_moneyline': -440.0, 'away_moneyline': 330.0}]",-11.5
401532607,2023,9,regular,2023-10-28T21:30:00.000Z,Boise State,Mountain West,32.0,Wyoming,Mountain West,7.0,"[{'provider': 'Bovada', 'spread': -4.5, 'formatted_spread': 'Boise State -4.5', 'spread_open': -5.0, 'over_under': 48.5, 'over_under_open': 49.0, 'home_moneyline': -185.0, 'away_moneyline': 160.0}]",-4.5
401531903,2023,9,regular,2023-10-28T23:00:00.000Z,Texas State,Sun Belt,13.0,Troy,Sun Belt,31.0,"[{'provider': 'Bovada', 'spread': 6.5, 'formatted_spread': 'Troy -6.5', 'spread_open': 5.5, 'over_under': 53.5, 'over_under_open': 52.5, 'home_moneyline': 220.0, 'away_moneyline': -270.0}]",6.5
401524040,2023,9,regular,2023-10-29T00:00:00.000Z,Arizona State,Pac-12,38.0,Washington State,Pac-12,27.0,"[{'provider': 'Bovada', 'spread': 4.0, 'formatted_spread': 'Washington State -4.0', 'spread_open': 6.5, 'over_under': 48.5, 'over_under_open': 51.5, 'home_moneyline': 175.0, 'away_moneyline': -210.0}]",4.0
401525876,2023,9,regular,2023-10-29T00:00:00.000Z,Oklahoma State,Big 12,45.0,Cincinnati,Big 12,13.0,"[{'provider': 'Bovada', 'spread': -7.5, 'formatted_spread': 'Oklahoma State -7.5', 'spread_open': -8.0, 'over_under': 53.0, 'over_under_open': 54.5, 'home_moneyline': -310.0, 'away_moneyline': 255.0}]",-7.5
401532604,2023,9,regular,2023-10-29T02:30:00.000Z,Nevada,Mountain West,34.0,New Mexico,Mountain West,24.0,"[{'provider': 'Bovada', 'spread': 1.0, 'formatted_spread': 'New Mexico -1.0', 'spread_open': -1.0, 'over_under': 49.5, 'over_under_open': 51.0, 'home_moneyline': 100.0, 'away_moneyline': -120.0}]",1.0
401532606,2023,9,regular,2023-10-29T02:30:00.000Z,Fresno State,Mountain West,31.0,UNLV,Mountain West,24.0,"[{'provider': 'Bovada', 'spread': -10.5, 'formatted_spread': 'Fresno State -10.5', 'spread_open': -8.5, 'over_under': 55.5, 'over_under_open': 58.5, 'home_moneyline': -340.0, 'away_moneyline': 270.0}]",-10.5
401532605,2023,9,regular,2023-10-29T03:59:00.000Z,Hawai'i,Mountain West,0.0,San José State,Mountain West,35.0,"[{'provider': 'Bovada', 'spread': 10.0, 'formatted_spread': 'San José State -10.0', 'spread_open': 8.5, 'over_under': 57.0, 'over_under_open': 61.0, 'home_moneyline': 315.0, 'away_moneyline': -420.0}]",10.0
401532433,2023,10,regular,2023-10-31T23:00:00.000Z,Central Michigan,Mid-American,37.0,Northern Illinois,Mid-American,31.0,"[{'provider': 'Bovada', 'spread': 6.5, 'formatted_spread': 'Northern Illinois -6.5', 'spread_open': 3.5, 'over_under': 48.0, 'over_under_open': 45.5, 'home_moneyline': 180.0, 'away_moneyline': -220.0}]",6.5
401532434,2023,10,regular,2023-10-31T23:30:00.000Z,Toledo,Mid-American,31.0,Buffalo,Mid-American,13.0,"[{'provider': 'Bovada', 'spread': -14.5, 'formatted_spread': 'Toledo -14.5', 'spread_open': -15.5, 'over_under': 47.0, 'over_under_open': 52.5, 'home_moneyline': -750.0, 'away_moneyline': 500.0}]",-14.5
401532435,2023,10,regular,2023-11-01T23:00:00.000Z,Bowling Green,Mid-American,24.0,Ball State,Mid-American,21.0,"[{'provider': 'Bovada', 'spread': -4.5, 'formatted_spread': 'Bowling Green -4.5', 'spread_open': -6.5, 'over_under': 39.5, 'over_under_open': 39.5, 'home_moneyline': -220.0, 'away_moneyline': 180.0}]",-4.5
401532436,2023,10,regular,2023-11-01T23:30:00.000Z,Akron,Mid-American,31.0,Kent State,Mid-American,27.0,"[{'provider': 'Bovada', 'spread': -3.5, 'formatted_spread': 'Akron -3.5', 'spread_open': -4.5, 'over_under': 39.0, 'over_under_open': 39.0, 'home_moneyline': -170.0, 'away_moneyline': 145.0}]",-3.5
401525879,2023,10,regular,2023-11-02T23:00:00.000Z,Texas Tech,Big 12,35.0,TCU,Big 12,28.0,"[{'provider': 'Bovada', 'spread': -2.5, 'formatted_spread': 'Texas Tech -2.5', 'spread_open': -3.0, 'over_under': 59.0, 'over_under_open': 59.0, 'home_moneyline': -150.0, 'away_moneyline': 130.0}]",-2.5
401525539,2023,10,regular,2023-11-02T23:30:00.000Z,Duke,ACC,24.0,Wake Forest,ACC,21.0,"[{'provider': 'Bovada', 'spread': -7.0, 'formatted_spread': 'Duke -7.0', 'spread_open': -12.5, 'over_under': 41.0, 'over_under_open': 45.5, 'home_moneyline': -270.0, 'away_moneyline': 220.0}]",-7.0
401524046,2023,10,regular,2023-11-05T02:00:00.000Z,Colorado,Pac-12,19.0,Oregon State,Pac-12,26.0,"[{'provider': 'Bovada', 'spread': 13.0, 'formatted_spread': 'Oregon State -13.0', 'spread_open': -23.5, 'over_under': 60.5, 'over_under_open': 59.0, 'home_moneyline': 390.0, 'away_moneyline': -550.0}]",13.0
401520377,2023,10,regular,2023-11-04T16:00:00.000Z,Tennessee,SEC,59.0,Connecticut,FBS Independents,3.0,"[{'provider': 'Bovada', 'spread': -35.0, 'formatted_spread': 'Tennessee -35.0', 'spread_open': -35.5, 'over_under': 55.5, 'over_under_open': 53.0, 'home_moneyline': None, 'away_moneyline': None}]",-35.0
401524049,2023,10,regular,2023-11-04T18:00:00.000Z,Utah,Pac-12,55.0,Arizona State,Pac-12,3.0,"[{'provider': 'Bovada', 'spread': -10.5, 'formatted_spread': 'Utah -10.5', 'spread_open': -11.5, 'over_under': 39.0, 'over_under_open': 41.5, 'home_moneyline': -430.0, 'away_moneyline': 320.0}]",-10.5
401524045,2023,10,regular,2023-11-05T02:30:00.000Z,Arizona,Pac-12,27.0,UCLA,Pac-12,10.0,"[{'provider': 'Bovada', 'spread': 2.5, 'formatted_spread': 'UCLA -2.5', 'spread_open': 2.5, 'over_under': 49.0, 'over_under_open': 53.5, 'home_moneyline': 120.0, 'away_moneyline': -140.0}]",2.5
401525882,2023,10,regular,2023-11-04T23:00:00.000Z,Iowa State,Big 12,21.0,Kansas,Big 12,28.0,"[{'provider': 'Bovada', 'spread': -2.5, 'formatted_spread': 'Iowa State -2.5', 'spread_open': -2.5, 'over_under': 53.5, 'over_under_open': 54.0, 'home_moneyline': -135.0, 'away_moneyline': 115.0}]",-2.5
401520361,2023,10,regular,2023-11-04T18:30:00.000Z,Air Force,Mountain West,3.0,Army,FBS Independents,23.0,"[{'provider': 'Bovada', 'spread': -18.0, 'formatted_spread': 'Air Force -18.0', 'spread_open': -19.0, 'over_under': 32.0, 'over_under_open': 35.0, 'home_moneyline': -1200.0, 'away_moneyline': 700.0}]",-18.0
401520365,2023,10,regular,2023-11-04T16:00:00.000Z,Indiana,Big Ten,20.0,Wisconsin,Big Ten,14.0,"[{'provider': 'Bovada', 'spread': 9.5, 'formatted_spread': 'Wisconsin -9.5', 'spread_open': 9.5, 'over_under': 45.5, 'over_under_open': 44.5, 'home_moneyline': 275.0, 'away_moneyline': -350.0}]",9.5
401520376,2023,10,regular,2023-11-04T16:00:00.000Z,South Carolina,SEC,38.0,Jacksonville State,Conference USA,28.0,"[{'provider': 'Bovada', 'spread': -15.5, 'formatted_spread': 'South Carolina -15.5', 'spread_open': -14.5, 'over_under': 55.0, 'over_under_open': 55.0, 'home_moneyline': -700.0, 'away_moneyline': 475.0}]",-15.5
401525542,2023,10,regular,2023-11-04T18:00:00.000Z,Virginia,ACC,17.0,Georgia Tech,ACC,45.0,"[{'provider': 'Bovada', 'spread': -1.0, 'formatted_spread': 'Virginia -1.0', 'spread_open': -2.5, 'over_under': 56.0, 'over_under_open': 54.5, 'home_moneyline': -125.0, 'away_moneyline': 105.0}]",-1.0
401540432,2023,8,regular,2023-10-20T00:00:00.000Z,Northwestern State,Southland,20.0,Southeastern Louisiana,Southland,37.0,"[{'provider': 'Bovada', 'spread': 12.5, 'formatted_spread': 'Southeastern Louisiana -12.5', 'spread_open': 12.0, 'over_under': 51.0, 'over_under_open': 51.0, 'home_moneyline': None, 'away_moneyline': None}]",12.5
401540115,2023,1,regular,2023-09-02T22:00:00.000Z,Alabama State,SWAC,14.0,Southern,SWAC,10.0,"[{'provider': 'Bovada', 'spread': 2.5, 'formatted_spread': 'Southern -2.5', 'spread_open': 6.0, 'over_under': 42.5, 'over_under_open': 42.5, 'home_moneyline': 200.0, 'away_moneyline': -240.0}]",2.5
401520153,2023,1,regular,2023-09-02T22:30:00.000Z,Florida International,Conference USA,14.0,Maine,CAA,12.0,"[{'provider': 'Bovada', 'spread': -15.0, 'formatted_spread': 'Florida International -15.0', 'spread_open': -10.0, 'over_under': 46.5, 'over_under_open': 49.5, 'home_moneyline': -415.0, 'away_moneyline': 310.0}]",-15.0
401520178,2023,1,regular,2023-09-02T23:00:00.000Z,Vanderbilt,SEC,47.0,Alabama A&M,SWAC,13.0,"[{'provider': 'Bovada', 'spread': -35.0, 'formatted_spread': 'Vanderbilt -35.0', 'spread_open': -36.0, 'over_under': 53.5, 'over_under_open': 57.0, 'home_moneyline': None, 'away_moneyline': None}]",-35.0
401520152,2023,1,regular,2023-09-03T02:15:00.000Z,BYU,Big 12,14.0,Sam Houston State,Conference USA,0.0,"[{'provider': 'Bovada', 'spread': -20.0, 'formatted_spread': 'BYU -20.0', 'spread_open': -20.0, 'over_under': 46.5, 'over_under_open': 51.0, 'home_moneyline': -2000.0, 'away_moneyline': 950.0}]",-20.0
401525494,2023,2,regular,2023-09-09T17:00:00.000Z,Georgia Tech,ACC,48.0,South Carolina State,MEAC,13.0,"[{'provider': 'Bovada', 'spread': -41.0, 'formatted_spread': 'Georgia Tech -41.0', 'spread_open': -41.0, 'over_under': 52.5, 'over_under_open': 52.5, 'home_moneyline': None, 'away_moneyline': None}]",-41.0
401523989,2023,1,regular,2023-09-03T02:00:00.000Z,Arizona,Pac-12,38.0,Northern Arizona,Big Sky,3.0,"[{'provider': 'Bovada', 'spread': -28.5, 'formatted_spread': 'Arizona -28.5', 'spread_open': -28.0, 'over_under': 61.0, 'over_under_open': 60.0, 'home_moneyline': None, 'away_moneyline': None}]",-28.5
401540508,2023,1,regular,2023-09-02T17:00:00.000Z,Stonehill,NEC,17.0,New Hampshire,CAA,51.0,"[{'provider': 'Bovada', 'spread': 21.0, 'formatted_spread': 'New Hampshire -21.0', 'spread_open': 21.0, 'over_under': 53.0, 'over_under_open': 53.0, 'home_moneyline': None, 'away_moneyline': None}]",21.0
401531377,2023,1,regular,2023-09-01T00:00:00.000Z,UAB,American Athletic,35.0,North Carolina A&T,CAA,6.0,"[{'provider': 'Bovada', 'spread': -24.0, 'formatted_spread': 'UAB -24.0', 'spread_open': -22.5, 'over_under': 50.5, 'over_under_open': 50.5, 'home_moneyline': -2200.0, 'away_moneyline': 1000.0}]",-24.0
401532571,2023,1,regular,2023-09-03T02:30:00.000Z,San Diego State,Mountain West,36.0,Idaho State,Big Sky,28.0,"[{'provider': 'Bovada', 'spread': -34.5, 'formatted_spread': 'San Diego State -34.5', 'spread_open': -34.0, 'over_under': 51.5, 'over_under_open': 46.5, 'home_moneyline': None, 'away_moneyline': None}]",-34.5
401540148,2023,1,regular,2023-09-03T19:00:00.000Z,Florida A&M,SWAC,28.0,Jackson State,SWAC,10.0,"[{'provider': 'Bovada', 'spread': 3.5, 'formatted_spread': 'Jackson State -3.5', 'spread_open': 4.5, 'over_under': 47.5, 'over_under_open': 49.0, 'home_moneyline': 160.0, 'away_moneyline': -185.0}]",3.5
401540200,2023,1,regular,2023-09-02T23:00:00.000Z,North Alabama,UAC,41.0,Chattanooga,Southern,27.0,"[{'provider': 'Bovada', 'spread': 19.5, 'formatted_spread': 'Chattanooga -19.5', 'spread_open': 21.0, 'over_under': 52.5, 'over_under_open': 53.0, 'home_moneyline': None, 'away_moneyline': None}]",19.5
401531839,2023,1,regular,2023-09-02T23:30:00.000Z,Louisiana,Sun Belt,38.0,Northwestern State,Southland,13.0,"[{'provider': 'Bovada', 'spread': -35.0, 'formatted_spread': 'Louisiana -35.0', 'spread_open': -35.0, 'over_under': 54.5, 'over_under_open': 54.5, 'home_moneyline': None, 'away_moneyline': None}]",-35.0
401525466,2023,1,regular,2023-09-02T20:00:00.000Z,Syracuse,ACC,65.0,Colgate,Patriot,0.0,"[{'provider': 'Bovada', 'spread': -40.0, 'formatted_spread': 'Syracuse -40.0', 'spread_open': -37.0, 'over_under': 49.5, 'over_under_open': 49.5, 'home_moneyline': None, 'away_moneyline': None}]",-40.0
401540057,2023,1,regular,2023-09-02T16:30:00.000Z,Georgetown,Patriot,49.0,Marist,Pioneer,7.0,"[{'provider': 'Bovada', 'spread': -7.0, 'formatted_spread': 'Georgetown -7.0', 'spread_open': -7.5, 'over_under': 46.0, 'over_under_open': 50.0, 'home_moneyline': None, 'away_moneyline': None}]",-7.0
401520177,2023,1,regular,2023-09-03T01:00:00.000Z,UTEP,Conference USA,28.0,Incarnate Word,Southland,14.0,"[{'provider': 'Bovada', 'spread': -7.5, 'formatted_spread': 'UTEP -7.5', 'spread_open': -7.0, 'over_under': 57.5, 'over_under_open': 57.5, 'home_moneyline': -280.0, 'away_moneyline': 230.0}]",-7.5
401520150,2023,1,regular,2023-09-02T20:00:00.000Z,Arkansas,SEC,56.0,Western Carolina,Southern,13.0,"[{'provider': 'Bovada', 'spread': -38.0, 'formatted_spread': 'Arkansas -38.0', 'spread_open': -35.0, 'over_under': 61.5, 'over_under_open': 61.5, 'home_moneyline': -20000.0, 'away_moneyline': 1800.0}]",-38.0
401524002,2023,2,regular,2023-09-09T23:00:00.000Z,Texas Tech,Big 12,30.0,Oregon,Pac-12,38.0,"[{'provider': 'Bovada', 'spread': 4.5, 'formatted_spread': 'Oregon -4.5', 'spread_open': 7.5, 'over_under': 68.5, 'over_under_open': 67.0, 'home_moneyline': 205.0, 'away_moneyline': -245.0}]",4.5
401520187,2023,2,regular,2023-09-09T23:00:00.000Z,Coastal Carolina,Sun Belt,30.0,Jacksonville State,Conference USA,16.0,"[{'provider': 'Bovada', 'spread': -14.0, 'formatted_spread': 'Coastal Carolina -14.0', 'spread_open': -13.0, 'over_under': 61.0, 'over_under_open': 56.5, 'home_moneyline': -550.0, 'away_moneyline': 390.0}]",-14.0
401520206,2023,2,regular,2023-09-09T23:00:00.000Z,Missouri,SEC,23.0,Middle Tennessee,Conference USA,19.0,"[{'provider': 'Bovada', 'spread': -21.0, 'formatted_spread': 'Missouri -21.0', 'spread_open': -20.5, 'over_under': 47.0, 'over_under_open': 51.0, 'home_moneyline': -1600.0, 'away_moneyline': 800.0}]",-21.0
401525827,2023,2,regular,2023-09-09T23:00:00.000Z,Boise State,Mountain West,16.0,UCF,Big 12,18.0,"[{'provider': 'Bovada', 'spread': 3.0, 'formatted_spread': 'UCF -3.0', 'spread_open': 2.0, 'over_under': 58.5, 'over_under_open': 58.5, 'home_moneyline': 135.0, 'away_moneyline': -160.0}]",3.0
401525831,2023,2,regular,2023-09-09T23:00:00.000Z,Rice,American Athletic,43.0,Houston,Big 12,41.0,"[{'provider': 'Bovada', 'spread': 7.0, 'formatted_spread': 'Houston -7.0', 'spread_open': 9.0, 'over_under': 51.0, 'over_under_open': 52.5, 'home_moneyline': 275.0, 'away_moneyline': -350.0}]",7.0
401531427,2023,2,regular,2023-09-09T23:00:00.000Z,Arkansas State,Sun Belt,3.0,Memphis,American Athletic,37.0,"[{'provider': 'Bovada', 'spread': 21.0, 'formatted_spread': 'Memphis -21.0', 'spread_open': 21.5, 'over_under': 57.5, 'over_under_open': 58.5, 'home_moneyline': 800.0, 'away_moneyline': -1600.0}]",21.0
401520211,2023,2,regular,2023-09-10T00:00:00.000Z,Sam Houston State,Conference USA,3.0,Air Force,Mountain West,13.0,"[{'provider': 'Bovada', 'spread': 12.5, 'formatted_spread': 'Air Force -12.5', 'spread_open': 15.0, 'over_under': 36.5, 'over_under_open': 37.0, 'home_moneyline': 475.0, 'away_moneyline': -700.0}]",12.5
401531412,2023,3,regular,2023-09-16T19:30:00.000Z,Appalachian State,Sun Belt,43.0,East Carolina,American Athletic,28.0,"[{'provider': 'Bovada', 'spread': -7.5, 'formatted_spread': 'Appalachian State -7.5', 'spread_open': -9.5, 'over_under': 48.0, 'over_under_open': 50.5, 'home_moneyline': -370.0, 'away_moneyline': 285.0}]",-7.5
401520245,2023,3,regular,2023-09-16T20:00:00.000Z,Texas A&M,SEC,47.0,Louisiana Monroe,Sun Belt,3.0,"[{'provider': 'Bovada', 'spread': -36.5, 'formatted_spread': 'Texas A&M -36.5', 'spread_open': -32.0, 'over_under': 53.5, 'over_under_open': 53.5, 'home_moneyline': -20000.0, 'away_moneyline': 2500.0}]",-36.5
401531348,2023,3,regular,2023-09-16T20:00:00.000Z,Southern Mississippi,Sun Belt,3.0,Tulane,American Athletic,21.0,"[{'provider': 'Bovada', 'spread': 7.5, 'formatted_spread': 'Tulane -7.5', 'spread_open': 11.0, 'over_under': 47.5, 'over_under_open': 52.5, 'home_moneyline': 360.0, 'away_moneyline': -500.0}]",7.5
401531403,2023,3,regular,2023-09-16T22:00:00.000Z,Charlotte,American Athletic,25.0,Georgia State,Sun Belt,41.0,"[{'provider': 'Bovada', 'spread': 6.0, 'formatted_spread': 'Georgia State -6.0', 'spread_open': 8.5, 'over_under': 52.0, 'over_under_open': 55.5, 'home_moneyline': 205.0, 'away_moneyline': -245.0}]",6.0
401520224,2023,3,regular,2023-09-16T23:00:00.000Z,Florida,SEC,29.0,Tennessee,SEC,16.0,"[{'provider': 'Bovada', 'spread': 5.0, 'formatted_spread': 'Tennessee -5.0', 'spread_open': 7.5, 'over_under': 56.0, 'over_under_open': 57.5, 'home_moneyline': 215.0, 'away_moneyline': -260.0}]",5.0
401525835,2023,3,regular,2023-09-16T23:00:00.000Z,Cincinnati,Big 12,24.0,Miami (OH),Mid-American,31.0,"[{'provider': 'Bovada', 'spread': -14.0, 'formatted_spread': 'Cincinnati -14.0', 'spread_open': -16.5, 'over_under': 44.0, 'over_under_open': 47.5, 'home_moneyline': -625.0, 'away_moneyline': 430.0}]",-14.0
401525839,2023,3,regular,2023-09-16T23:00:00.000Z,Oklahoma State,Big 12,7.0,South Alabama,Sun Belt,33.0,"[{'provider': 'Bovada', 'spread': -7.0, 'formatted_spread': 'Oklahoma State -7.0', 'spread_open': -9.0, 'over_under': 49.0, 'over_under_open': 47.5, 'home_moneyline': -290.0, 'away_moneyline': 240.0}]",-7.0
401531379,2023,3,regular,2023-09-16T23:00:00.000Z,UAB,American Athletic,21.0,Louisiana,Sun Belt,41.0,"[{'provider': 'Bovada', 'spread': -2.0, 'formatted_spread': 'UAB -2.0', 'spread_open': -1.0, 'over_under': 59.0, 'over_under_open': 58.0, 'home_moneyline': -130.0, 'away_moneyline': 100.0}]",-2.0
401531848,2023,3,regular,2023-09-16T23:00:00.000Z,Troy,Sun Belt,14.0,James Madison,Sun Belt,16.0,"[{'provider': 'Bovada', 'spread': -2.5, 'formatted_spread': 'Troy -2.5', 'spread_open': -1.0, 'over_under': 46.0, 'over_under_open': 49.5, 'home_moneyline': -125.0, 'away_moneyline': 105.0}]",-2.5
401532403,2023,3,regular,2023-09-16T23:00:00.000Z,Toledo,Mid-American,21.0,San José State,Mountain West,17.0,"[{'provider': 'Bovada', 'spread': -9.0, 'formatted_spread': 'Toledo -9.0', 'spread_open': -7.5, 'over_under': 56.5, 'over_under_open': 57.0, 'home_moneyline': -300.0, 'away_moneyline': 250.0}]",-9.0
401520220,2023,3,regular,2023-09-16T23:30:00.000Z,Arkansas,SEC,31.0,BYU,Big 12,38.0,"[{'provider': 'Bovada', 'spread': -7.5, 'formatted_spread': 'Arkansas -7.5', 'spread_open': -10.0, 'over_under': 47.5, 'over_under_open': 52.0, 'home_moneyline': -390.0, 'away_moneyline': 295.0}]",-7.5
401525840,2023,3,regular,2023-09-17T00:00:00.000Z,Texas,Big 12,31.0,Wyoming,Mountain West,10.0,"[{'provider': 'Bovada', 'spread': -31.0, 'formatted_spread': 'Texas -31.0', 'spread_open': -28.0, 'over_under': 48.5, 'over_under_open': 49.0, 'home_moneyline': -10000.0, 'away_moneyline': 1600.0}]",-31.0
401524008,2023,3,regular,2023-09-17T00:00:00.000Z,Oregon,Pac-12,55.0,Hawai'i,Mountain West,10.0,"[{'provider': 'Bovada', 'spread': -38.0, 'formatted_spread': 'Oregon -38.0', 'spread_open': -37.0, 'over_under': 68.0, 'over_under_open': 68.0, 'home_moneyline': None, 'away_moneyline': None}]",-38.0
401524007,2023,3,regular,2023-09-17T02:00:00.000Z,Colorado,Pac-12,43.0,Colorado State,Mountain West,35.0,"[{'provider': 'Bovada', 'spread': -24.0, 'formatted_spread': 'Colorado -24.0', 'spread_open': -21.0, 'over_under': 63.5, 'over_under_open': 59.5, 'home_moneyline': -2200.0, 'away_moneyline': 1000.0}]",-24.0
401540235,2023,1,regular,2023-09-02T19:30:00.000Z,North Dakota State,MVFC,35.0,Eastern Washington,Big Sky,10.0,"[{'provider': 'Bovada', 'spread': -23.0, 'formatted_spread': 'North Dakota State -23.0', 'spread_open': -20.5, 'over_under': 59.0, 'over_under_open': 59.0, 'home_moneyline': None, 'away_moneyline': None}]",-23.0
401520263,2023,4,regular,2023-09-23T19:30:00.000Z,Nebraska,Big Ten,28.0,Louisiana Tech,Conference USA,14.0,"[{'provider': 'Bovada', 'spread': -21.0, 'formatted_spread': 'Nebraska -21.0', 'spread_open': -19.5, 'over_under': 45.0, 'over_under_open': 48.5, 'home_moneyline': -1000.0, 'away_moneyline': 625.0}]",-21.0
401520264,2023,4,regular,2023-09-23T23:30:00.000Z,Northwestern,Big Ten,37.0,Minnesota,Big Ten,34.0,"[{'provider': 'Bovada', 'spread': 10.5, 'formatted_spread': 'Minnesota -10.5', 'spread_open': 13.0, 'over_under': 39.5, 'over_under_open': 39.0, 'home_moneyline': 350.0, 'away_moneyline': -480.0}]",10.5
401520267,2023,4,regular,2023-09-23T23:30:00.000Z,South Carolina,SEC,37.0,Mississippi State,SEC,30.0,"[{'provider': 'Bovada', 'spread': -6.0, 'formatted_spread': 'South Carolina -6.0', 'spread_open': -5.0, 'over_under': 47.0, 'over_under_open': 51.0, 'home_moneyline': -210.0, 'away_moneyline': 175.0}]",-6.0
401520268,2023,4,regular,2023-09-23T16:00:00.000Z,Syracuse,ACC,29.0,Army,FBS Independents,16.0,"[{'provider': 'Bovada', 'spread': -13.0, 'formatted_spread': 'Syracuse -13.0', 'spread_open': -13.0, 'over_under': 50.5, 'over_under_open': 50.5, 'home_moneyline': -550.0, 'away_moneyline': 390.0}]",-13.0
401520274,2023,4,regular,2023-09-23T16:00:00.000Z,Vanderbilt,SEC,28.0,Kentucky,SEC,45.0,"[{'provider': 'Bovada', 'spread': 13.0, 'formatted_spread': 'Kentucky -13.0', 'spread_open': 13.5, 'over_under': 50.0, 'over_under_open': 51.0, 'home_moneyline': 400.0, 'away_moneyline': -575.0}]",13.0
401524016,2023,4,regular,2023-09-23T23:00:00.000Z,Stanford,Pac-12,20.0,Arizona,Pac-12,21.0,"[{'provider': 'Bovada', 'spread': 13.0, 'formatted_spread': 'Arizona -13.0', 'spread_open': 10.0, 'over_under': 59.5, 'over_under_open': 59.0, 'home_moneyline': 290.0, 'away_moneyline': -380.0}]",13.0
401525506,2023,4,regular,2023-09-23T19:30:00.000Z,Louisville,ACC,56.0,Boston College,ACC,28.0,"[{'provider': 'Bovada', 'spread': -13.5, 'formatted_spread': 'Louisville -13.5', 'spread_open': -13.5, 'over_under': 53.5, 'over_under_open': 55.0, 'home_moneyline': -625.0, 'away_moneyline': 430.0}]",-13.5
401525508,2023,4,regular,2023-09-23T22:30:00.000Z,Wake Forest,ACC,16.0,Georgia Tech,ACC,30.0,"[{'provider': 'Bovada', 'spread': -3.5, 'formatted_spread': 'Wake Forest -3.5', 'spread_open': -7.0, 'over_under': 58.5, 'over_under_open': 60.5, 'home_moneyline': -240.0, 'away_moneyline': 200.0}]",-3.5
401525509,2023,4,regular,2023-09-23T19:30:00.000Z,Temple,American Athletic,7.0,Miami,ACC,41.0,"[{'provider': 'Bovada', 'spread': 23.5, 'formatted_spread': 'Miami -23.5', 'spread_open': 25.0, 'over_under': 46.0, 'over_under_open': 52.5, 'home_moneyline': 1100.0, 'away_moneyline': -3300.0}]",23.5
401525511,2023,4,regular,2023-09-23T16:00:00.000Z,Marshall,Sun Belt,24.0,Virginia Tech,ACC,17.0,"[{'provider': 'Bovada', 'spread': -6.0, 'formatted_spread': 'Marshall -6.0', 'spread_open': -7.5, 'over_under': 41.5, 'over_under_open': 41.5, 'home_moneyline': -300.0, 'away_moneyline': 250.0}]",-6.0
401525846,2023,4,regular,2023-09-23T20:00:00.000Z,Iowa State,Big 12,34.0,Oklahoma State,Big 12,27.0,"[{'provider': 'Bovada', 'spread': -3.5, 'formatted_spread': 'Iowa State -3.5', 'spread_open': -2.5, 'over_under': 36.0, 'over_under_open': 37.0, 'home_moneyline': -150.0, 'away_moneyline': 130.0}]",-3.5
401525847,2023,4,regular,2023-09-23T19:30:00.000Z,Kansas,Big 12,38.0,BYU,Big 12,27.0,"[{'provider': 'Bovada', 'spread': -9.5, 'formatted_spread': 'Kansas -9.5', 'spread_open': -8.0, 'over_under': 54.5, 'over_under_open': 55.5, 'home_moneyline': -320.0, 'away_moneyline': 260.0}]",-9.5
401525849,2023,4,regular,2023-09-23T16:00:00.000Z,TCU,Big 12,34.0,SMU,American Athletic,17.0,"[{'provider': 'Bovada', 'spread': -7.0, 'formatted_spread': 'TCU -7.0', 'spread_open': -6.0, 'over_under': 63.0, 'over_under_open': 64.0, 'home_moneyline': -230.0, 'away_moneyline': 190.0}]",-7.0
401525850,2023,4,regular,2023-09-23T19:30:00.000Z,West Virginia,Big 12,20.0,Texas Tech,Big 12,13.0,"[{'provider': 'Bovada', 'spread': 5.5, 'formatted_spread': 'Texas Tech -5.5', 'spread_open': 5.0, 'over_under': 54.5, 'over_under_open': 55.0, 'home_moneyline': 170.0, 'away_moneyline': -200.0}]",5.5
401526835,2023,4,regular,2023-09-23T19:30:00.000Z,UMass,FBS Independents,31.0,New Mexico,Mountain West,34.0,"[{'provider': 'Bovada', 'spread': -3.5, 'formatted_spread': 'UMass -3.5', 'spread_open': -1.0, 'over_under': 48.5, 'over_under_open': 49.5, 'home_moneyline': -130.0, 'away_moneyline': 110.0}]",-3.5
401520257,2023,4,regular,2023-09-23T21:00:00.000Z,Jacksonville State,Conference USA,21.0,Eastern Michigan,Mid-American,0.0,"[{'provider': 'Bovada', 'spread': -6.5, 'formatted_spread': 'Jacksonville State -6.5', 'spread_open': -4.5, 'over_under': 51.0, 'over_under_open': 50.5, 'home_moneyline': -200.0, 'away_moneyline': 170.0}]",-6.5
401520271,2023,4,regular,2023-09-23T16:00:00.000Z,Troy,Sun Belt,27.0,Western Kentucky,Conference USA,24.0,"[{'provider': 'Bovada', 'spread': -3.5, 'formatted_spread': 'Troy -3.5', 'spread_open': -3.0, 'over_under': 57.0, 'over_under_open': 57.0, 'home_moneyline': -150.0, 'away_moneyline': 130.0}]",-3.5
401520273,2023,4,regular,2023-09-24T01:00:00.000Z,UTEP,Conference USA,28.0,UNLV,Mountain West,45.0,"[{'provider': 'Bovada', 'spread': -2.0, 'formatted_spread': 'UTEP -2.0', 'spread_open': 3.0, 'over_under': 49.5, 'over_under_open': 50.5, 'home_moneyline': 120.0, 'away_moneyline': -140.0}]",-2.0
401525518,2023,6,regular,2023-10-07T19:30:00.000Z,Florida State,ACC,39.0,Virginia Tech,ACC,17.0,"[{'provider': 'Bovada', 'spread': -24.0, 'formatted_spread': 'Florida State -24.0', 'spread_open': -24.0, 'over_under': 52.5, 'over_under_open': 52.5, 'home_moneyline': -2800.0, 'away_moneyline': 1100.0}]",-24.0
401525861,2023,6,regular,2023-10-07T16:00:00.000Z,Texas,Big 12,30.0,Oklahoma,Big 12,34.0,"[{'provider': 'Bovada', 'spread': -4.0, 'formatted_spread': 'Texas -4.0', 'spread_open': 6.0, 'over_under': 61.5, 'over_under_open': 60.0, 'home_moneyline': -230.0, 'away_moneyline': 190.0}]",-4.0
401531835,2023,1,regular,2023-09-02T19:30:00.000Z,Appalachian State,Sun Belt,45.0,Gardner-Webb,Big South-OVC,24.0,"[{'provider': 'Bovada', 'spread': -22.5, 'formatted_spread': 'Appalachian State -22.5', 'spread_open': -23.0, 'over_under': 51.5, 'over_under_open': 57.0, 'home_moneyline': None, 'away_moneyline': None}]",-22.5
401532593,2023,7,regular,2023-10-15T01:45:00.000Z,Colorado State,Mountain West,31.0,Boise State,Mountain West,30.0,"[{'provider': 'Bovada', 'spread': 7.5, 'formatted_spread': 'Boise State -7.5', 'spread_open': 7.0, 'over_under': 59.0, 'over_under_open': 62.5, 'home_moneyline': 250.0, 'away_moneyline': -300.0}]",7.5
401520324,2023,7,regular,2023-10-14T16:00:00.000Z,Rutgers,Big Ten,27.0,Michigan State,Big Ten,24.0,"[{'provider': 'Bovada', 'spread': -4.5, 'formatted_spread': 'Rutgers -4.5', 'spread_open': -5.0, 'over_under': 40.0, 'over_under_open': 41.5, 'home_moneyline': -220.0, 'away_moneyline': 180.0}]",-4.5
401520322,2023,7,regular,2023-10-14T19:30:00.000Z,Penn State,Big Ten,63.0,UMass,FBS Independents,0.0,"[{'provider': 'Bovada', 'spread': -42.0, 'formatted_spread': 'Penn State -42.0', 'spread_open': -42.5, 'over_under': 54.5, 'over_under_open': 58.0, 'home_moneyline': None, 'away_moneyline': None}]",-42.0
401520317,2023,7,regular,2023-10-14T19:30:00.000Z,Army,FBS Independents,0.0,Troy,Sun Belt,19.0,"[{'provider': 'Bovada', 'spread': 6.5, 'formatted_spread': 'Troy -6.5', 'spread_open': 3.0, 'over_under': 42.0, 'over_under_open': 44.0, 'home_moneyline': 170.0, 'away_moneyline': -200.0}]",6.5
401532420,2023,7,regular,2023-10-14T19:30:00.000Z,Central Michigan,Mid-American,17.0,Akron,Mid-American,10.0,"[{'provider': 'Bovada', 'spread': -10.5, 'formatted_spread': 'Central Michigan -10.5', 'spread_open': -13.0, 'over_under': 44.0, 'over_under_open': 48.0, 'home_moneyline': -470.0, 'away_moneyline': 345.0}]",-10.5
401532421,2023,7,regular,2023-10-14T19:30:00.000Z,Buffalo,Mid-American,14.0,Bowling Green,Mid-American,24.0,"[{'provider': 'Bovada', 'spread': -3.0, 'formatted_spread': 'Buffalo -3.0', 'spread_open': -6.0, 'over_under': 44.5, 'over_under_open': 49.0, 'home_moneyline': -220.0, 'away_moneyline': 180.0}]",-3.0
401532423,2023,7,regular,2023-10-14T19:30:00.000Z,Western Michigan,Mid-American,21.0,Miami (OH),Mid-American,34.0,"[{'provider': 'Bovada', 'spread': 7.5, 'formatted_spread': 'Miami (OH) -7.5', 'spread_open': 9.5, 'over_under': 44.5, 'over_under_open': 53.5, 'home_moneyline': 260.0, 'away_moneyline': -320.0}]",7.5
401532424,2023,7,regular,2023-10-14T20:00:00.000Z,Northern Illinois,Mid-American,23.0,Ohio,Mid-American,13.0,"[{'provider': 'Bovada', 'spread': 5.5, 'formatted_spread': 'Ohio -5.5', 'spread_open': 7.0, 'over_under': 45.0, 'over_under_open': 47.0, 'home_moneyline': 220.0, 'away_moneyline': -270.0}]",5.5
401532596,2023,7,regular,2023-10-14T22:00:00.000Z,New Mexico,Mountain West,24.0,San José State,Mountain West,52.0,"[{'provider': 'Bovada', 'spread': 6.0, 'formatted_spread': 'San José State -6.0', 'spread_open': 9.0, 'over_under': 54.5, 'over_under_open': 57.5, 'home_moneyline': 255.0, 'away_moneyline': -310.0}]",6.0
401531891,2023,7,regular,2023-10-14T23:00:00.000Z,Texas State,Sun Belt,21.0,Louisiana Monroe,Sun Belt,20.0,"[{'provider': 'Bovada', 'spread': -19.0, 'formatted_spread': 'Texas State -19.0', 'spread_open': -15.5, 'over_under': 64.5, 'over_under_open': 62.0, 'home_moneyline': -800.0, 'away_moneyline': 525.0}]",-19.0
401532428,2023,8,regular,2023-10-21T16:00:00.000Z,Ohio,Mid-American,20.0,Western Michigan,Mid-American,17.0,"[{'provider': 'Bovada', 'spread': -16.5, 'formatted_spread': 'Ohio -16.5', 'spread_open': -17.5, 'over_under': 52.0, 'over_under_open': 53.0, 'home_moneyline': -750.0, 'away_moneyline': 500.0}]",-16.5
401532429,2023,8,regular,2023-10-21T18:00:00.000Z,Bowling Green,Mid-American,41.0,Akron,Mid-American,14.0,"[{'provider': 'Bovada', 'spread': -7.0, 'formatted_spread': 'Bowling Green -7.0', 'spread_open': -8.0, 'over_under': 37.0, 'over_under_open': 39.5, 'home_moneyline': -320.0, 'away_moneyline': 260.0}]",-7.0
401520337,2023,8,regular,2023-10-21T16:00:00.000Z,Indiana,Big Ten,14.0,Rutgers,Big Ten,31.0,"[{'provider': 'Bovada', 'spread': 6.0, 'formatted_spread': 'Rutgers -6.0', 'spread_open': 5.5, 'over_under': 39.5, 'over_under_open': 39.5, 'home_moneyline': 185.0, 'away_moneyline': -225.0}]",6.0
401531434,2023,8,regular,2023-10-21T16:00:00.000Z,Navy,American Athletic,6.0,Air Force,Mountain West,17.0,"[{'provider': 'Bovada', 'spread': 10.5, 'formatted_spread': 'Air Force -10.5', 'spread_open': 10.5, 'over_under': 34.5, 'over_under_open': 36.5, 'home_moneyline': 325.0, 'away_moneyline': -435.0}]",10.5
401531894,2023,8,regular,2023-10-21T18:00:00.000Z,Georgia Southern,Sun Belt,38.0,Louisiana Monroe,Sun Belt,28.0,"[{'provider': 'Bovada', 'spread': -16.0, 'formatted_spread': 'Georgia Southern -16.0', 'spread_open': -16.5, 'over_under': 61.0, 'over_under_open': 60.0, 'home_moneyline': -800.0, 'away_moneyline': 525.0}]",-16.0
401520344,2023,8,regular,2023-10-21T19:30:00.000Z,Connecticut,FBS Independents,21.0,South Florida,American Athletic,24.0,"[{'provider': 'Bovada', 'spread': -1.0, 'formatted_spread': 'Connecticut -1.0', 'spread_open': 1.5, 'over_under': 57.0, 'over_under_open': 54.5, 'home_moneyline': -110.0, 'away_moneyline': -110.0}]",-1.0
401532425,2023,8,regular,2023-10-21T19:30:00.000Z,Ball State,Mid-American,24.0,Central Michigan,Mid-American,17.0,"[{'provider': 'Bovada', 'spread': 5.0, 'formatted_spread': 'Central Michigan -5.0', 'spread_open': 5.5, 'over_under': 42.0, 'over_under_open': 40.5, 'home_moneyline': 180.0, 'away_moneyline': -220.0}]",5.0
401525818,2023,1,regular,2023-09-02T19:30:00.000Z,Cincinnati,Big 12,66.0,Eastern Kentucky,UAC,13.0,"[{'provider': 'Bovada', 'spread': -21.5, 'formatted_spread': 'Cincinnati -21.5', 'spread_open': -23.5, 'over_under': 58.0, 'over_under_open': 55.5, 'home_moneyline': -2500.0, 'away_moneyline': 1000.0}]",-21.5
401532438,2023,11,regular,2023-11-08T00:00:00.000Z,Western Michigan,Mid-American,38.0,Central Michigan,Mid-American,28.0,"[{'provider': 'Bovada', 'spread': -3.0, 'formatted_spread': 'Western Michigan -3.0', 'spread_open': -3.5, 'over_under': 58.0, 'over_under_open': 56.0, 'home_moneyline': -175.0, 'away_moneyline': 150.0}]",-3.0
401539994,2023,2,regular,2023-09-09T23:00:00.000Z,North Carolina A&T,CAA,16.0,North Carolina Central,MEAC,30.0,"[{'provider': 'Bovada', 'spread': -6.5, 'formatted_spread': 'North Carolina A&T -6.5', 'spread_open': -6.5, 'over_under': 57.5, 'over_under_open': 57.5, 'home_moneyline': -260.0, 'away_moneyline': 215.0}]",-6.5
401532572,2023,1,regular,2023-09-02T20:00:00.000Z,UNLV,Mountain West,44.0,Bryant,Big South-OVC,14.0,"[{'provider': 'Bovada', 'spread': -17.0, 'formatted_spread': 'UNLV -17.0', 'spread_open': -16.5, 'over_under': 66.0, 'over_under_open': 58.0, 'home_moneyline': -800.0, 'away_moneyline': 525.0}]",-17.0
401540369,2023,1,regular,2023-09-02T20:00:00.000Z,North Dakota,MVFC,55.0,Drake,Pioneer,7.0,"[{'provider': 'Bovada', 'spread': -34.5, 'formatted_spread': 'North Dakota -34.5', 'spread_open': -34.5, 'over_under': 50.5, 'over_under_open': 50.5, 'home_moneyline': None, 'away_moneyline': None}]",-34.5
401531837,2023,1,regular,2023-09-02T22:00:00.000Z,James Madison,Sun Belt,38.0,Bucknell,Patriot,3.0,"[{'provider': 'Bovada', 'spread': -47.5, 'formatted_spread': 'James Madison -47.5', 'spread_open': -46.5, 'over_under': 53.5, 'over_under_open': 50.0, 'home_moneyline': None, 'away_moneyline': None}]",-47.5
401531836,2023,1,regular,2023-09-02T22:00:00.000Z,Georgia Southern,Sun Belt,34.0,The Citadel,Southern,0.0,"[{'provider': 'Bovada', 'spread': -34.5, 'formatted_spread': 'Georgia Southern -34.5', 'spread_open': -30.0, 'over_under': 53.5, 'over_under_open': 53.5, 'home_moneyline': None, 'away_moneyline': None}]",-34.5
401531838,2023,1,regular,2023-09-02T22:00:00.000Z,Marshall,Sun Belt,21.0,Albany,CAA,17.0,"[{'provider': 'Bovada', 'spread': -22.0, 'formatted_spread': 'Marshall -22.0', 'spread_open': -24.5, 'over_under': 48.0, 'over_under_open': 46.5, 'home_moneyline': None, 'away_moneyline': None}]",-22.0
401520154,2023,1,regular,2023-09-02T22:00:00.000Z,Georgia,SEC,48.0,UT Martin,Big South-OVC,7.0,"[{'provider': 'Bovada', 'spread': -51.0, 'formatted_spread': 'Georgia -51.0', 'spread_open': -50.0, 'over_under': 58.0, 'over_under_open': 55.5, 'home_moneyline': None, 'away_moneyline': None}]",-51.0
401531402,2023,1,regular,2023-09-02T22:00:00.000Z,Charlotte,American Athletic,24.0,South Carolina State,MEAC,3.0,"[{'provider': 'Bovada', 'spread': -23.5, 'formatted_spread': 'Charlotte -23.5', 'spread_open': -28.0, 'over_under': 44.5, 'over_under_open': 48.5, 'home_moneyline': None, 'away_moneyline': None}]",-23.5
401531418,2023,1,regular,2023-09-02T22:00:00.000Z,Florida Atlantic,American Athletic,42.0,Monmouth,CAA,20.0,"[{'provider': 'Bovada', 'spread': -26.0, 'formatted_spread': 'Florida Atlantic -26.0', 'spread_open': -21.5, 'over_under': 56.0, 'over_under_open': 59.5, 'home_moneyline': None, 'away_moneyline': None}]",-26.0
401531841,2023,1,regular,2023-09-02T23:00:00.000Z,Troy,Sun Belt,48.0,Stephen F. Austin,UAC,30.0,"[{'provider': 'Bovada', 'spread': -26.0, 'formatted_spread': 'Troy -26.0', 'spread_open': -27.0, 'over_under': 48.0, 'over_under_open': 49.5, 'home_moneyline': None, 'away_moneyline': None}]",-26.0
401525823,2023,1,regular,2023-09-02T23:00:00.000Z,Oklahoma State,Big 12,27.0,Central Arkansas,UAC,13.0,"[{'provider': 'Bovada', 'spread': -26.5, 'formatted_spread': 'Oklahoma State -26.5', 'spread_open': -27.0, 'over_under': 59.5, 'over_under_open': 60.0, 'home_moneyline': -6500.0, 'away_moneyline': 1300.0}]",-26.5
401540363,2023,1,regular,2023-09-02T23:00:00.000Z,Murray State,MVFC,41.0,Presbyterian College,Pioneer,10.0,"[{'provider': 'Bovada', 'spread': -28.5, 'formatted_spread': 'Murray State -28.5', 'spread_open': -25.5, 'over_under': 54.5, 'over_under_open': 54.5, 'home_moneyline': None, 'away_moneyline': None}]",-28.5
401523986,2023,1,regular,2023-08-27T00:00:00.000Z,USC,Pac-12,56.0,San José State,Mountain West,28.0,"[{'provider': 'Bovada', 'spread': -30.5, 'formatted_spread': 'USC -30.5', 'spread_open': -31.0, 'over_under': 66.5, 'over_under_open': 63.5, 'home_moneyline': -10000.0, 'away_moneyline': 1600.0}]",-30.5
401525434,2023,1,regular,2023-08-26T18:30:00.000Z,Notre Dame,FBS Independents,42.0,Navy,American Athletic,3.0,"[{'provider': 'Bovada', 'spread': -20.5, 'formatted_spread': 'Notre Dame -20.5', 'spread_open': -19.5, 'over_under': 50.5, 'over_under_open': 49.0, 'home_moneyline': -1500.0, 'away_moneyline': 775.0}]",-20.5
401525450,2023,1,regular,2023-08-26T23:00:00.000Z,New Mexico State,Conference USA,30.0,UMass,FBS Independents,41.0,"[{'provider': 'Bovada', 'spread': -7.5, 'formatted_spread': 'New Mexico State -7.5', 'spread_open': -8.5, 'over_under': 45.5, 'over_under_open': 44.5, 'home_moneyline': -310.0, 'away_moneyline': 255.0}]",-7.5
401532392,2023,1,regular,2023-08-26T23:00:00.000Z,San Diego State,Mountain West,20.0,Ohio,Mid-American,13.0,"[{'provider': 'Bovada', 'spread': -2.5, 'formatted_spread': 'San Diego State -2.5', 'spread_open': -3.0, 'over_under': 48.5, 'over_under_open': 50.0, 'home_moneyline': -135.0, 'away_moneyline': 115.0}]",-2.5
401520145,2023,1,regular,2023-08-26T21:30:00.000Z,Jacksonville State,Conference USA,17.0,UTEP,Conference USA,14.0,"[{'provider': 'Bovada', 'spread': 1.0, 'formatted_spread': 'UTEP -1.0', 'spread_open': -2.5, 'over_under': 53.5, 'over_under_open': 52.5, 'home_moneyline': -105.0, 'away_moneyline': -115.0}]",1.0
401523987,2023,1,regular,2023-09-01T02:00:00.000Z,Arizona State,Pac-12,24.0,Southern Utah,UAC,21.0,"[{'provider': 'Bovada', 'spread': -31.0, 'formatted_spread': 'Arizona State -31.0', 'spread_open': -31.5, 'over_under': 53.0, 'over_under_open': 53.5, 'home_moneyline': None, 'away_moneyline': None}]",-31.0
401525461,2023,1,regular,2023-08-31T23:00:00.000Z,Wake Forest,ACC,37.0,Elon,CAA,17.0,"[{'provider': 'Bovada', 'spread': -30.5, 'formatted_spread': 'Wake Forest -30.5', 'spread_open': -28.5, 'over_under': 56.0, 'over_under_open': 55.5, 'home_moneyline': -8000.0, 'away_moneyline': 1400.0}]",-30.5
401525816,2023,1,regular,2023-08-31T23:00:00.000Z,UCF,Big 12,56.0,Kent State,Mid-American,6.0,"[{'provider': 'Bovada', 'spread': -35.5, 'formatted_spread': 'UCF -35.5', 'spread_open': -36.5, 'over_under': 53.5, 'over_under_open': 59.0, 'home_moneyline': None, 'away_moneyline': None}]",-35.5
401520162,2023,1,regular,2023-09-02T16:00:00.000Z,Michigan,Big Ten,30.0,East Carolina,American Athletic,3.0,"[{'provider': 'Bovada', 'spread': -35.5, 'formatted_spread': 'Michigan -35.5', 'spread_open': -34.0, 'over_under': 53.5, 'over_under_open': 52.0, 'home_moneyline': None, 'away_moneyline': None}]",-35.5
401520163,2023,1,regular,2023-09-01T23:00:00.000Z,Michigan State,Big Ten,31.0,Central Michigan,Mid-American,7.0,"[{'provider': 'Bovada', 'spread': -14.0, 'formatted_spread': 'Michigan State -14.0', 'spread_open': -14.0, 'over_under': 44.5, 'over_under_open': 52.0, 'home_moneyline': -675.0, 'away_moneyline': 460.0}]",-14.0
401520164,2023,1,regular,2023-09-02T20:00:00.000Z,Mississippi State,SEC,48.0,Southeastern Louisiana,Southland,7.0,"[{'provider': 'Bovada', 'spread': -31.5, 'formatted_spread': 'Mississippi State -31.5', 'spread_open': -28.0, 'over_under': 59.5, 'over_under_open': 58.5, 'home_moneyline': None, 'away_moneyline': None}]",-31.5
401520166,2023,1,regular,2023-09-03T01:00:00.000Z,New Mexico State,Conference USA,58.0,Western Illinois,MVFC,21.0,"[{'provider': 'Bovada', 'spread': -21.0, 'formatted_spread': 'New Mexico State -21.0', 'spread_open': -17.0, 'over_under': 55.0, 'over_under_open': 53.0, 'home_moneyline': -1200.0, 'away_moneyline': 700.0}]",-21.0
401520227,2023,3,regular,2023-09-16T19:30:00.000Z,Iowa,Big Ten,41.0,Western Michigan,Mid-American,10.0,"[{'provider': 'Bovada', 'spread': -28.5, 'formatted_spread': 'Iowa -28.5', 'spread_open': -25.0, 'over_under': 43.0, 'over_under_open': 43.5, 'home_moneyline': -6500.0, 'away_moneyline': 1300.0}]",-28.5
401520228,2023,3,regular,2023-09-16T23:30:00.000Z,Kentucky,SEC,35.0,Akron,Mid-American,3.0,"[{'provider': 'Bovada', 'spread': -25.5, 'formatted_spread': 'Kentucky -25.5', 'spread_open': -24.5, 'over_under': 48.5, 'over_under_open': 50.5, 'home_moneyline': -3500.0, 'away_moneyline': 1100.0}]",-25.5
401520229,2023,3,regular,2023-09-16T23:00:00.000Z,Louisiana Tech,Conference USA,37.0,North Texas,American Athletic,40.0,"[{'provider': 'Bovada', 'spread': -4.5, 'formatted_spread': 'Louisiana Tech -4.5', 'spread_open': -3.0, 'over_under': 66.5, 'over_under_open': 68.5, 'home_moneyline': -180.0, 'away_moneyline': 155.0}]",-4.5
401520231,2023,3,regular,2023-09-15T23:00:00.000Z,Maryland,Big Ten,42.0,Virginia,ACC,14.0,"[{'provider': 'Bovada', 'spread': -16.0, 'formatted_spread': 'Maryland -16.0', 'spread_open': -14.0, 'over_under': 48.0, 'over_under_open': 50.0, 'home_moneyline': -625.0, 'away_moneyline': 430.0}]",-16.0
401520232,2023,3,regular,2023-09-16T23:30:00.000Z,Michigan,Big Ten,31.0,Bowling Green,Mid-American,6.0,"[{'provider': 'Bovada', 'spread': -41.0, 'formatted_spread': 'Michigan -41.0', 'spread_open': -40.0, 'over_under': 53.5, 'over_under_open': 51.0, 'home_moneyline': None, 'away_moneyline': None}]",-41.0
401520233,2023,3,regular,2023-09-16T21:00:00.000Z,Michigan State,Big Ten,7.0,Washington,Pac-12,41.0,"[{'provider': 'Bovada', 'spread': 15.0, 'formatted_spread': 'Washington -15.0', 'spread_open': 12.0, 'over_under': 57.5, 'over_under_open': 58.0, 'home_moneyline': 500.0, 'away_moneyline': -750.0}]",15.0
401520236,2023,3,regular,2023-09-16T16:00:00.000Z,Missouri,SEC,30.0,Kansas State,Big 12,27.0,"[{'provider': 'Bovada', 'spread': 3.5, 'formatted_spread': 'Kansas State -3.5', 'spread_open': 5.5, 'over_under': 49.0, 'over_under_open': 46.0, 'home_moneyline': 190.0, 'away_moneyline': -230.0}]",3.5
401531871,2023,4,regular,2023-09-23T18:00:00.000Z,Ball State,Mid-American,3.0,Georgia Southern,Sun Belt,40.0,"[{'provider': 'Bovada', 'spread': 6.0, 'formatted_spread': 'Georgia Southern -6.0', 'spread_open': 7.0, 'over_under': 61.5, 'over_under_open': 58.5, 'home_moneyline': 225.0, 'away_moneyline': -275.0}]",6.0
401531872,2023,4,regular,2023-09-24T00:00:00.000Z,Utah State,Mountain West,38.0,James Madison,Sun Belt,45.0,"[{'provider': 'Bovada', 'spread': 5.0, 'formatted_spread': 'James Madison -5.0', 'spread_open': 6.5, 'over_under': 52.5, 'over_under_open': 53.5, 'home_moneyline': 190.0, 'away_moneyline': -230.0}]",5.0
401531874,2023,4,regular,2023-09-23T23:00:00.000Z,Arkansas State,Sun Belt,44.0,Southern Mississippi,Sun Belt,37.0,"[{'provider': 'Bovada', 'spread': 7.0, 'formatted_spread': 'Southern Mississippi -7.0', 'spread_open': 5.0, 'over_under': 46.5, 'over_under_open': 48.5, 'home_moneyline': 190.0, 'away_moneyline': -230.0}]",7.0
401531875,2023,4,regular,2023-09-23T23:30:00.000Z,Louisiana,Sun Belt,45.0,Buffalo,Mid-American,38.0,"[{'provider': 'Bovada', 'spread': -10.5, 'formatted_spread': 'Louisiana -10.5', 'spread_open': -9.5, 'over_under': 57.5, 'over_under_open': 58.0, 'home_moneyline': -340.0, 'away_moneyline': 270.0}]",-10.5
401531876,2023,4,regular,2023-09-23T21:00:00.000Z,South Alabama,Sun Belt,30.0,Central Michigan,Mid-American,34.0,"[{'provider': 'Bovada', 'spread': -16.0, 'formatted_spread': 'South Alabama -16.0', 'spread_open': -14.5, 'over_under': 47.5, 'over_under_open': 52.5, 'home_moneyline': -700.0, 'away_moneyline': 475.0}]",-16.0
401531877,2023,4,regular,2023-09-23T23:00:00.000Z,Texas State,Sun Belt,35.0,Nevada,Mountain West,24.0,"[{'provider': 'Bovada', 'spread': -17.0, 'formatted_spread': 'Texas State -17.0', 'spread_open': -16.5, 'over_under': 59.5, 'over_under_open': 62.0, 'home_moneyline': -800.0, 'away_moneyline': 525.0}]",-17.0
401532405,2023,4,regular,2023-09-23T19:30:00.000Z,Bowling Green,Mid-American,7.0,Ohio,Mid-American,38.0,"[{'provider': 'Bovada', 'spread': 13.0, 'formatted_spread': 'Ohio -13.0', 'spread_open': 9.0, 'over_under': 45.0, 'over_under_open': 46.0, 'home_moneyline': 280.0, 'away_moneyline': -360.0}]",13.0
401532406,2023,4,regular,2023-09-23T17:30:00.000Z,Toledo,Mid-American,49.0,Western Michigan,Mid-American,31.0,"[{'provider': 'Bovada', 'spread': -21.5, 'formatted_spread': 'Toledo -21.5', 'spread_open': -20.5, 'over_under': 52.0, 'over_under_open': 55.0, 'home_moneyline': -1200.0, 'away_moneyline': 700.0}]",-21.5
401532407,2023,4,regular,2023-09-24T02:30:00.000Z,Fresno State,Mountain West,53.0,Kent State,Mid-American,10.0,"[{'provider': 'Bovada', 'spread': -27.0, 'formatted_spread': 'Fresno State -27.0', 'spread_open': -27.0, 'over_under': 47.0, 'over_under_open': 51.0, 'home_moneyline': -5000.0, 'away_moneyline': 1300.0}]",-27.0
401532584,2023,4,regular,2023-09-23T02:30:00.000Z,San José State,Mountain West,20.0,Air Force,Mountain West,45.0,"[{'provider': 'Bovada', 'spread': 6.5, 'formatted_spread': 'Air Force -6.5', 'spread_open': 4.0, 'over_under': 45.0, 'over_under_open': 47.0, 'home_moneyline': 160.0, 'away_moneyline': -185.0}]",6.5
401520250,2023,4,regular,2023-09-23T19:30:00.000Z,Alabama,SEC,24.0,Ole Miss,SEC,10.0,"[{'provider': 'Bovada', 'spread': -7.0, 'formatted_spread': 'Alabama -7.0', 'spread_open': -14.5, 'over_under': 55.5, 'over_under_open': 55.0, 'home_moneyline': -260.0, 'away_moneyline': 215.0}]",-7.0
401520251,2023,4,regular,2023-09-23T23:00:00.000Z,Florida,SEC,22.0,Charlotte,American Athletic,7.0,"[{'provider': 'Bovada', 'spread': -27.5, 'formatted_spread': 'Florida -27.5', 'spread_open': -27.0, 'over_under': 48.5, 'over_under_open': 51.0, 'home_moneyline': -6500.0, 'away_moneyline': 1300.0}]",-27.5
401520252,2023,4,regular,2023-09-23T23:30:00.000Z,Georgia,SEC,49.0,UAB,American Athletic,21.0,"[{'provider': 'Bovada', 'spread': -41.0, 'formatted_spread': 'Georgia -41.0', 'spread_open': -39.5, 'over_under': 57.0, 'over_under_open': 53.5, 'home_moneyline': None, 'away_moneyline': None}]",-41.0
401520253,2023,4,regular,2023-09-24T03:59:00.000Z,Hawai'i,Mountain West,20.0,New Mexico State,Conference USA,17.0,"[{'provider': 'Bovada', 'spread': -4.0, 'formatted_spread': ""Hawai'i -4.0"", 'spread_open': -3.0, 'over_under': 55.0, 'over_under_open': 58.5, 'home_moneyline': -140.0, 'away_moneyline': 120.0}]",-4.0
401531881,2023,5,regular,2023-09-30T19:30:00.000Z,Marshall,Sun Belt,41.0,Old Dominion,Sun Belt,35.0,"[{'provider': 'Bovada', 'spread': -14.0, 'formatted_spread': 'Marshall -14.0', 'spread_open': -13.0, 'over_under': 47.0, 'over_under_open': 46.5, 'home_moneyline': -585.0, 'away_moneyline': 410.0}]",-14.0
401531882,2023,5,regular,2023-10-01T00:00:00.000Z,Louisiana Monroe,Sun Belt,40.0,Appalachian State,Sun Belt,41.0,"[{'provider': 'Bovada', 'spread': 13.5, 'formatted_spread': 'Appalachian State -13.5', 'spread_open': 13.5, 'over_under': 53.0, 'over_under_open': 53.5, 'home_moneyline': 390.0, 'away_moneyline': -550.0}]",13.5
401531883,2023,5,regular,2023-09-30T23:00:00.000Z,Southern Mississippi,Sun Belt,36.0,Texas State,Sun Belt,50.0,"[{'provider': 'Bovada', 'spread': 7.0, 'formatted_spread': 'Texas State -7.0', 'spread_open': 7.5, 'over_under': 60.5, 'over_under_open': 62.5, 'home_moneyline': 215.0, 'away_moneyline': -260.0}]",7.0
401532409,2023,5,regular,2023-09-30T19:30:00.000Z,Western Michigan,Mid-American,42.0,Ball State,Mid-American,24.0,"[{'provider': 'Bovada', 'spread': -1.0, 'formatted_spread': 'Western Michigan -1.0', 'spread_open': -1.0, 'over_under': 52.0, 'over_under_open': 53.0, 'home_moneyline': -115.0, 'away_moneyline': -105.0}]",-1.0
401532410,2023,5,regular,2023-09-30T17:30:00.000Z,Central Michigan,Mid-American,26.0,Eastern Michigan,Mid-American,23.0,"[{'provider': 'Bovada', 'spread': -7.5, 'formatted_spread': 'Central Michigan -7.5', 'spread_open': -6.0, 'over_under': 47.5, 'over_under_open': 47.5, 'home_moneyline': -300.0, 'away_moneyline': 250.0}]",-7.5
401532411,2023,5,regular,2023-09-30T19:30:00.000Z,Toledo,Mid-American,35.0,Northern Illinois,Mid-American,33.0,"[{'provider': 'Bovada', 'spread': -13.5, 'formatted_spread': 'Toledo -13.5', 'spread_open': -14.0, 'over_under': 50.0, 'over_under_open': 50.0, 'home_moneyline': -525.0, 'away_moneyline': 375.0}]",-13.5
401532412,2023,5,regular,2023-09-30T16:00:00.000Z,Akron,Mid-American,10.0,Buffalo,Mid-American,13.0,"[{'provider': 'Bovada', 'spread': -2.5, 'formatted_spread': 'Akron -2.5', 'spread_open': -1.5, 'over_under': 55.5, 'over_under_open': 56.0, 'home_moneyline': -140.0, 'away_moneyline': 120.0}]",-2.5
401532413,2023,5,regular,2023-09-30T18:30:00.000Z,Kent State,Mid-American,3.0,Miami (OH),Mid-American,23.0,"[{'provider': 'Bovada', 'spread': 14.5, 'formatted_spread': 'Miami (OH) -14.5', 'spread_open': 15.5, 'over_under': 49.5, 'over_under_open': 51.5, 'home_moneyline': 430.0, 'away_moneyline': -625.0}]",14.5
401532586,2023,5,regular,2023-09-30T20:00:00.000Z,UNLV,Mountain West,44.0,Hawai'i,Mountain West,20.0,"[{'provider': 'Bovada', 'spread': -11.0, 'formatted_spread': 'UNLV -11.0', 'spread_open': -10.0, 'over_under': 59.0, 'over_under_open': 61.0, 'home_moneyline': -440.0, 'away_moneyline': 330.0}]",-11.0
401532587,2023,5,regular,2023-10-01T02:30:00.000Z,Fresno State,Mountain West,27.0,Nevada,Mountain West,9.0,"[{'provider': 'Bovada', 'spread': -24.5, 'formatted_spread': 'Fresno State -24.5', 'spread_open': -23.0, 'over_under': 53.0, 'over_under_open': 54.0, 'home_moneyline': -2200.0, 'away_moneyline': 1000.0}]",-24.5
401532588,2023,5,regular,2023-09-30T20:00:00.000Z,Wyoming,Mountain West,35.0,New Mexico,Mountain West,26.0,"[{'provider': 'Bovada', 'spread': -14.0, 'formatted_spread': 'Wyoming -14.0', 'spread_open': -12.0, 'over_under': 41.0, 'over_under_open': 41.0, 'home_moneyline': None, 'away_moneyline': None}]",-14.0
401520280,2023,5,regular,2023-09-30T19:30:00.000Z,Auburn,SEC,20.0,Georgia,SEC,27.0,"[{'provider': 'Bovada', 'spread': 14.5, 'formatted_spread': 'Georgia -14.5', 'spread_open': 18.0, 'over_under': 47.0, 'over_under_open': 47.0, 'home_moneyline': 475.0, 'away_moneyline': -700.0}]",14.5
401520281,2023,5,regular,2023-09-30T23:30:00.000Z,Iowa,Big Ten,26.0,Michigan State,Big Ten,16.0,"[{'provider': 'Bovada', 'spread': -12.0, 'formatted_spread': 'Iowa -12.0', 'spread_open': -10.0, 'over_under': 36.5, 'over_under_open': 36.0, 'home_moneyline': -470.0, 'away_moneyline': 345.0}]",-12.0
401520282,2023,5,regular,2023-09-30T16:00:00.000Z,Kentucky,SEC,33.0,Florida,SEC,14.0,"[{'provider': 'Bovada', 'spread': -2.5, 'formatted_spread': 'Kentucky -2.5', 'spread_open': -3.0, 'over_under': 46.5, 'over_under_open': 46.0, 'home_moneyline': -140.0, 'away_moneyline': 120.0}]",-2.5
401520285,2023,5,regular,2023-10-01T01:00:00.000Z,Mississippi State,SEC,17.0,Alabama,SEC,40.0,"[{'provider': 'Bovada', 'spread': 14.0, 'formatted_spread': 'Alabama -14.0', 'spread_open': 15.0, 'over_under': 46.5, 'over_under_open': 48.5, 'home_moneyline': 430.0, 'away_moneyline': -625.0}]",14.0
401520289,2023,5,regular,2023-09-30T19:30:00.000Z,Purdue,Big Ten,44.0,Illinois,Big Ten,19.0,"[{'provider': 'Bovada', 'spread': -1.0, 'formatted_spread': 'Purdue -1.0', 'spread_open': -1.5, 'over_under': 53.0, 'over_under_open': 53.5, 'home_moneyline': -115.0, 'away_moneyline': -105.0}]",-1.0
401520291,2023,5,regular,2023-09-30T23:30:00.000Z,Tennessee,SEC,41.0,South Carolina,SEC,20.0,"[{'provider': 'Bovada', 'spread': -13.0, 'formatted_spread': 'Tennessee -13.0', 'spread_open': -11.0, 'over_under': 63.0, 'over_under_open': 62.5, 'home_moneyline': -490.0, 'away_moneyline': 355.0}]",-13.0
401520292,2023,5,regular,2023-09-30T16:00:00.000Z,Connecticut,FBS Independents,33.0,Utah State,Mountain West,34.0,"[{'provider': 'Bovada', 'spread': 4.5, 'formatted_spread': 'Utah State -4.5', 'spread_open': 6.0, 'over_under': 51.0, 'over_under_open': 51.0, 'home_moneyline': 165.0, 'away_moneyline': -195.0}]",4.5
401520294,2023,6,regular,2023-10-05T00:00:00.000Z,Middle Tennessee,Conference USA,30.0,Jacksonville State,Conference USA,45.0,"[{'provider': 'Bovada', 'spread': -3.0, 'formatted_spread': 'Middle Tennessee -3.0', 'spread_open': -4.0, 'over_under': 52.0, 'over_under_open': 51.0, 'home_moneyline': -165.0, 'away_moneyline': 140.0}]",-3.0
401520297,2023,6,regular,2023-10-05T01:00:00.000Z,New Mexico State,Conference USA,34.0,Florida International,Conference USA,17.0,"[{'provider': 'Bovada', 'spread': -6.5, 'formatted_spread': 'New Mexico State -6.5', 'spread_open': -6.0, 'over_under': 49.5, 'over_under_open': 50.0, 'home_moneyline': -235.0, 'away_moneyline': 195.0}]",-6.5
401520295,2023,6,regular,2023-10-06T00:00:00.000Z,Louisiana Tech,Conference USA,28.0,Western Kentucky,Conference USA,35.0,"[{'provider': 'Bovada', 'spread': 6.0, 'formatted_spread': 'Western Kentucky -6.0', 'spread_open': 5.0, 'over_under': 59.0, 'over_under_open': 58.5, 'home_moneyline': 185.0, 'away_moneyline': -225.0}]",6.0
401520296,2023,6,regular,2023-10-05T23:00:00.000Z,Liberty,Conference USA,21.0,Sam Houston State,Conference USA,16.0,"[{'provider': 'Bovada', 'spread': -21.5, 'formatted_spread': 'Liberty -21.5', 'spread_open': -18.5, 'over_under': 46.5, 'over_under_open': 47.0, 'home_moneyline': -1000.0, 'away_moneyline': 625.0}]",-21.5
401524025,2023,6,regular,2023-10-08T02:30:00.000Z,USC,Pac-12,43.0,Arizona,Pac-12,41.0,"[{'provider': 'Bovada', 'spread': -21.0, 'formatted_spread': 'USC -21.0', 'spread_open': -22.0, 'over_under': 69.5, 'over_under_open': 71.0, 'home_moneyline': -1900.0, 'away_moneyline': 900.0}]",-21.0
401520298,2023,6,regular,2023-10-07T16:00:00.000Z,Army,FBS Independents,24.0,Boston College,ACC,27.0,"[{'provider': 'Bovada', 'spread': -2.0, 'formatted_spread': 'Army -2.0', 'spread_open': -3.0, 'over_under': 47.0, 'over_under_open': 51.0, 'home_moneyline': -145.0, 'away_moneyline': 125.0}]",-2.0
401520300,2023,6,regular,2023-10-07T23:00:00.000Z,Georgia,SEC,51.0,Kentucky,SEC,13.0,"[{'provider': 'Bovada', 'spread': -14.5, 'formatted_spread': 'Georgia -14.5', 'spread_open': -14.0, 'over_under': 46.5, 'over_under_open': 47.5, 'home_moneyline': -675.0, 'away_moneyline': 460.0}]",-14.5
401520302,2023,6,regular,2023-10-07T19:30:00.000Z,Iowa,Big Ten,20.0,Purdue,Big Ten,14.0,"[{'provider': 'Bovada', 'spread': -2.0, 'formatted_spread': 'Iowa -2.0', 'spread_open': -2.0, 'over_under': 38.5, 'over_under_open': 41.0, 'home_moneyline': -130.0, 'away_moneyline': 110.0}]",-2.0
401520305,2023,6,regular,2023-10-07T16:00:00.000Z,Missouri,SEC,39.0,LSU,SEC,49.0,"[{'provider': 'Bovada', 'spread': 6.5, 'formatted_spread': 'LSU -6.5', 'spread_open': 6.0, 'over_under': 63.5, 'over_under_open': 63.5, 'home_moneyline': 165.0, 'away_moneyline': -195.0}]",6.5
401520308,2023,6,regular,2023-10-07T23:30:00.000Z,Ole Miss,SEC,27.0,Arkansas,SEC,20.0,"[{'provider': 'Bovada', 'spread': -13.5, 'formatted_spread': 'Ole Miss -13.5', 'spread_open': -11.5, 'over_under': 62.0, 'over_under_open': 62.5, 'home_moneyline': -460.0, 'away_moneyline': 340.0}]",-13.5
401520309,2023,6,regular,2023-10-07T21:00:00.000Z,Rice,American Athletic,31.0,Connecticut,FBS Independents,38.0,"[{'provider': 'Bovada', 'spread': -10.0, 'formatted_spread': 'Rice -10.0', 'spread_open': -10.0, 'over_under': 47.5, 'over_under_open': 49.5, 'home_moneyline': -380.0, 'away_moneyline': 290.0}]",-10.0
401520311,2023,6,regular,2023-10-07T16:00:00.000Z,Wisconsin,Big Ten,24.0,Rutgers,Big Ten,13.0,"[{'provider': 'Bovada', 'spread': -13.0, 'formatted_spread': 'Wisconsin -13.0', 'spread_open': -13.5, 'over_under': 44.0, 'over_under_open': 46.5, 'home_moneyline': -525.0, 'away_moneyline': 375.0}]",-13.0
401524026,2023,6,regular,2023-10-07T22:30:00.000Z,Arizona State,Pac-12,24.0,Colorado,Pac-12,27.0,"[{'provider': 'Bovada', 'spread': 3.0, 'formatted_spread': 'Colorado -3.0', 'spread_open': 4.0, 'over_under': 58.5, 'over_under_open': 59.0, 'home_moneyline': 150.0, 'away_moneyline': -175.0}]",3.0
401524027,2023,6,regular,2023-10-08T02:00:00.000Z,California,Pac-12,40.0,Oregon State,Pac-12,52.0,"[{'provider': 'Bovada', 'spread': 7.5, 'formatted_spread': 'Oregon State -7.5', 'spread_open': 9.5, 'over_under': 51.0, 'over_under_open': 51.0, 'home_moneyline': 275.0, 'away_moneyline': -350.0}]",7.5
401524028,2023,6,regular,2023-10-07T19:00:00.000Z,UCLA,Pac-12,25.0,Washington State,Pac-12,17.0,"[{'provider': 'Bovada', 'spread': -3.5, 'formatted_spread': 'UCLA -3.5', 'spread_open': -4.0, 'over_under': 59.5, 'over_under_open': 60.0, 'home_moneyline': -150.0, 'away_moneyline': 130.0}]",-3.5
401525439,2023,6,regular,2023-10-07T23:37:00.000Z,Louisville,ACC,33.0,Notre Dame,FBS Independents,20.0,"[{'provider': 'Bovada', 'spread': 6.0, 'formatted_spread': 'Notre Dame -6.0', 'spread_open': 7.0, 'over_under': 54.5, 'over_under_open': 51.5, 'home_moneyline': 200.0, 'away_moneyline': -240.0}]",6.0
401520352,2023,9,regular,2023-10-28T19:30:00.000Z,Florida,SEC,20.0,Georgia,SEC,43.0,"[{'provider': 'Bovada', 'spread': 14.0, 'formatted_spread': 'Georgia -14.0', 'spread_open': 14.5, 'over_under': 50.5, 'over_under_open': 49.0, 'home_moneyline': 430.0, 'away_moneyline': -625.0}]",14.0
401520357,2023,9,regular,2023-10-28T23:30:00.000Z,Ole Miss,SEC,33.0,Vanderbilt,SEC,7.0,"[{'provider': 'Bovada', 'spread': -24.0, 'formatted_spread': 'Ole Miss -24.0', 'spread_open': -25.0, 'over_under': 63.0, 'over_under_open': 63.5, 'home_moneyline': -3300.0, 'away_moneyline': 1100.0}]",-24.0
401524039,2023,9,regular,2023-10-29T02:30:00.000Z,Arizona,Pac-12,27.0,Oregon State,Pac-12,24.0,"[{'provider': 'Bovada', 'spread': 3.0, 'formatted_spread': 'Oregon State -3.0', 'spread_open': 4.0, 'over_under': 57.5, 'over_under_open': 57.0, 'home_moneyline': 130.0, 'away_moneyline': -150.0}]",3.0
401524042,2023,9,regular,2023-10-28T23:00:00.000Z,Stanford,Pac-12,33.0,Washington,Pac-12,42.0,"[{'provider': 'Bovada', 'spread': 28.0, 'formatted_spread': 'Washington -28.0', 'spread_open': 26.5, 'over_under': 62.0, 'over_under_open': 59.5, 'home_moneyline': 1300.0, 'away_moneyline': -5000.0}]",28.0
401524044,2023,9,regular,2023-10-28T19:30:00.000Z,Utah,Pac-12,6.0,Oregon,Pac-12,35.0,"[{'provider': 'Bovada', 'spread': 6.5, 'formatted_spread': 'Oregon -6.5', 'spread_open': 5.0, 'over_under': 47.5, 'over_under_open': 49.0, 'home_moneyline': 195.0, 'away_moneyline': -235.0}]",6.5
401525440,2023,9,regular,2023-10-28T19:30:00.000Z,Notre Dame,FBS Independents,58.0,Pittsburgh,ACC,7.0,"[{'provider': 'Bovada', 'spread': -21.0, 'formatted_spread': 'Notre Dame -21.0', 'spread_open': -18.0, 'over_under': 46.5, 'over_under_open': 46.5, 'home_moneyline': -1500.0, 'away_moneyline': 775.0}]",-21.0
401525535,2023,9,regular,2023-10-28T19:30:00.000Z,Louisville,ACC,23.0,Duke,ACC,0.0,"[{'provider': 'Bovada', 'spread': -5.0, 'formatted_spread': 'Louisville -5.0', 'spread_open': -4.0, 'over_under': 47.0, 'over_under_open': 47.0, 'home_moneyline': -235.0, 'away_moneyline': 195.0}]",-5.0
401525536,2023,9,regular,2023-10-28T16:00:00.000Z,Wake Forest,ACC,16.0,Florida State,ACC,41.0,"[{'provider': 'Bovada', 'spread': 21.0, 'formatted_spread': 'Florida State -21.0', 'spread_open': 20.0, 'over_under': 53.0, 'over_under_open': 53.0, 'home_moneyline': 775.0, 'away_moneyline': -1500.0}]",21.0
401525537,2023,9,regular,2023-10-29T00:00:00.000Z,Georgia Tech,ACC,46.0,North Carolina,ACC,42.0,"[{'provider': 'Bovada', 'spread': 12.5, 'formatted_spread': 'North Carolina -12.5', 'spread_open': 12.0, 'over_under': 65.0, 'over_under_open': 63.5, 'home_moneyline': 350.0, 'away_moneyline': -480.0}]",12.5
401525874,2023,9,regular,2023-10-28T16:00:00.000Z,Kansas,Big 12,38.0,Oklahoma,Big 12,33.0,"[{'provider': 'Bovada', 'spread': 7.0, 'formatted_spread': 'Oklahoma -7.0', 'spread_open': 7.0, 'over_under': 67.0, 'over_under_open': 66.0, 'home_moneyline': 280.0, 'away_moneyline': -360.0}]",7.0
401525877,2023,9,regular,2023-10-28T19:30:00.000Z,Texas,Big 12,35.0,BYU,Big 12,6.0,"[{'provider': 'Bovada', 'spread': -20.5, 'formatted_spread': 'Texas -20.5', 'spread_open': -19.0, 'over_under': 49.5, 'over_under_open': 50.5, 'home_moneyline': -1200.0, 'away_moneyline': 700.0}]",-20.5
401531373,2023,9,regular,2023-10-28T20:00:00.000Z,Rice,American Athletic,28.0,Tulane,American Athletic,30.0,"[{'provider': 'Bovada', 'spread': 10.0, 'formatted_spread': 'Tulane -10.0', 'spread_open': 10.5, 'over_under': 55.0, 'over_under_open': 54.5, 'home_moneyline': 320.0, 'away_moneyline': -430.0}]",10.0
401520288,2023,5,regular,2023-09-30T22:00:00.000Z,Ole Miss,SEC,55.0,LSU,SEC,49.0,"[{'provider': 'Bovada', 'spread': 3.0, 'formatted_spread': 'LSU -3.0', 'spread_open': 2.5, 'over_under': 65.5, 'over_under_open': 63.5, 'home_moneyline': 130.0, 'away_moneyline': -150.0}]",3.0
401531904,2023,10,regular,2023-11-02T23:30:00.000Z,Troy,Sun Belt,28.0,South Alabama,Sun Belt,10.0,"[{'provider': 'Bovada', 'spread': -6.5, 'formatted_spread': 'Troy -6.5', 'spread_open': -5.5, 'over_under': 43.5, 'over_under_open': 46.5, 'home_moneyline': -210.0, 'away_moneyline': 175.0}]",-6.5
401525540,2023,10,regular,2023-11-03T23:30:00.000Z,Syracuse,ACC,10.0,Boston College,ACC,17.0,"[{'provider': 'Bovada', 'spread': 1.0, 'formatted_spread': 'Boston College -1.0', 'spread_open': -3.0, 'over_under': 47.0, 'over_under_open': 51.0, 'home_moneyline': -140.0, 'away_moneyline': 120.0}]",1.0
401520364,2023,10,regular,2023-11-04T19:30:00.000Z,Georgia,SEC,30.0,Missouri,SEC,21.0,"[{'provider': 'Bovada', 'spread': -14.5, 'formatted_spread': 'Georgia -14.5', 'spread_open': -16.0, 'over_under': 55.5, 'over_under_open': 56.0, 'home_moneyline': -700.0, 'away_moneyline': 475.0}]",-14.5
401520373,2023,10,regular,2023-11-04T19:30:00.000Z,Northwestern,Big Ten,7.0,Iowa,Big Ten,10.0,"[{'provider': 'Bovada', 'spread': 5.0, 'formatted_spread': 'Iowa -5.0', 'spread_open': 5.5, 'over_under': 31.0, 'over_under_open': 31.0, 'home_moneyline': 175.0, 'away_moneyline': -210.0}]",5.0
401520374,2023,10,regular,2023-11-04T16:00:00.000Z,Ole Miss,SEC,38.0,Texas A&M,SEC,35.0,"[{'provider': 'Bovada', 'spread': -3.0, 'formatted_spread': 'Ole Miss -3.0', 'spread_open': -4.5, 'over_under': 52.5, 'over_under_open': 53.5, 'home_moneyline': -160.0, 'away_moneyline': 135.0}]",-3.0
401520375,2023,10,regular,2023-11-04T16:00:00.000Z,Rutgers,Big Ten,16.0,Ohio State,Big Ten,35.0,"[{'provider': 'Bovada', 'spread': 19.0, 'formatted_spread': 'Ohio State -19.0', 'spread_open': 18.0, 'over_under': 43.0, 'over_under_open': 43.5, 'home_moneyline': 650.0, 'away_moneyline': -1100.0}]",19.0
401524047,2023,10,regular,2023-11-04T21:30:00.000Z,Oregon,Pac-12,63.0,California,Pac-12,19.0,"[{'provider': 'Bovada', 'spread': -26.5, 'formatted_spread': 'Oregon -26.5', 'spread_open': -24.0, 'over_under': 61.5, 'over_under_open': 59.0, 'home_moneyline': -2200.0, 'away_moneyline': 1000.0}]",-26.5
401524048,2023,10,regular,2023-11-04T23:30:00.000Z,USC,Pac-12,42.0,Washington,Pac-12,52.0,"[{'provider': 'Bovada', 'spread': 3.0, 'formatted_spread': 'Washington -3.0', 'spread_open': -6.0, 'over_under': 76.0, 'over_under_open': 76.5, 'home_moneyline': 140.0, 'away_moneyline': -165.0}]",3.0
401525441,2023,10,regular,2023-11-04T16:00:00.000Z,Clemson,ACC,31.0,Notre Dame,FBS Independents,23.0,"[{'provider': 'Bovada', 'spread': 3.0, 'formatted_spread': 'Notre Dame -3.0', 'spread_open': -5.0, 'over_under': 44.5, 'over_under_open': 46.0, 'home_moneyline': 135.0, 'away_moneyline': -160.0}]",3.0
401525541,2023,10,regular,2023-11-04T19:30:00.000Z,Pittsburgh,ACC,7.0,Florida State,ACC,24.0,"[{'provider': 'Bovada', 'spread': 21.5, 'formatted_spread': 'Florida State -21.5', 'spread_open': 21.5, 'over_under': 50.0, 'over_under_open': 51.5, 'home_moneyline': 800.0, 'away_moneyline': -1600.0}]",21.5
401525883,2023,10,regular,2023-11-04T19:30:00.000Z,Oklahoma State,Big 12,27.0,Oklahoma,Big 12,24.0,"[{'provider': 'Bovada', 'spread': 5.0, 'formatted_spread': 'Oklahoma -5.0', 'spread_open': 8.0, 'over_under': 62.5, 'over_under_open': 62.0, 'home_moneyline': 180.0, 'away_moneyline': -220.0}]",5.0
401524050,2023,10,regular,2023-11-05T01:00:00.000Z,Washington State,Pac-12,7.0,Stanford,Pac-12,10.0,"[{'provider': 'Bovada', 'spread': -14.0, 'formatted_spread': 'Washington State -14.0', 'spread_open': -13.5, 'over_under': 58.0, 'over_under_open': 61.0, 'home_moneyline': -575.0, 'away_moneyline': 400.0}]",-14.0
401525884,2023,10,regular,2023-11-04T16:00:00.000Z,Texas,Big 12,33.0,Kansas State,Big 12,30.0,"[{'provider': 'Bovada', 'spread': -3.5, 'formatted_spread': 'Texas -3.5', 'spread_open': -8.5, 'over_under': 49.0, 'over_under_open': 51.5, 'home_moneyline': -210.0, 'away_moneyline': 175.0}]",-3.5
401525885,2023,10,regular,2023-11-04T23:00:00.000Z,West Virginia,Big 12,37.0,BYU,Big 12,7.0,"[{'provider': 'Bovada', 'spread': -12.5, 'formatted_spread': 'West Virginia -12.5', 'spread_open': -9.0, 'over_under': 49.0, 'over_under_open': 51.0, 'home_moneyline': -410.0, 'away_moneyline': 305.0}]",-12.5
401531343,2023,10,regular,2023-11-04T20:00:00.000Z,Tulsa,American Athletic,26.0,Charlotte,American Athletic,33.0,"[{'provider': 'Bovada', 'spread': -4.0, 'formatted_spread': 'Tulsa -4.0', 'spread_open': -3.5, 'over_under': 48.0, 'over_under_open': 49.0, 'home_moneyline': -175.0, 'away_moneyline': 150.0}]",-4.0
401520237,2023,3,regular,2023-09-16T23:00:00.000Z,Nebraska,Big Ten,35.0,Northern Illinois,Mid-American,11.0,"[{'provider': 'Bovada', 'spread': -11.5, 'formatted_spread': 'Nebraska -11.5', 'spread_open': -13.0, 'over_under': 43.0, 'over_under_open': 46.0, 'home_moneyline': -500.0, 'away_moneyline': 360.0}]",-11.5
401520239,2023,3,regular,2023-09-16T19:30:00.000Z,North Carolina,ACC,31.0,Minnesota,Big Ten,13.0,"[{'provider': 'Bovada', 'spread': -7.0, 'formatted_spread': 'North Carolina -7.0', 'spread_open': -6.5, 'over_under': 52.0, 'over_under_open': 49.0, 'home_moneyline': -285.0, 'away_moneyline': 235.0}]",-7.0
401520240,2023,3,regular,2023-09-16T20:00:00.000Z,Ohio State,Big Ten,63.0,Western Kentucky,Conference USA,10.0,"[{'provider': 'Bovada', 'spread': -29.5, 'formatted_spread': 'Ohio State -29.5', 'spread_open': -27.5, 'over_under': 64.5, 'over_under_open': 64.0, 'home_moneyline': -6500.0, 'away_moneyline': 1300.0}]",-29.5
401520241,2023,3,regular,2023-09-16T23:30:00.000Z,Ole Miss,SEC,48.0,Georgia Tech,ACC,23.0,"[{'provider': 'Bovada', 'spread': -17.0, 'formatted_spread': 'Ole Miss -17.0', 'spread_open': -19.0, 'over_under': 61.5, 'over_under_open': 63.0, 'home_moneyline': -1400.0, 'away_moneyline': 750.0}]",-17.0
401520243,2023,3,regular,2023-09-16T19:30:00.000Z,Rutgers,Big Ten,35.0,Virginia Tech,ACC,16.0,"[{'provider': 'Bovada', 'spread': -6.5, 'formatted_spread': 'Rutgers -6.5', 'spread_open': -4.5, 'over_under': 37.5, 'over_under_open': 39.5, 'home_moneyline': -185.0, 'away_moneyline': 160.0}]",-6.5
401520247,2023,3,regular,2023-09-16T23:00:00.000Z,UNLV,Mountain West,40.0,Vanderbilt,SEC,37.0,"[{'provider': 'Bovada', 'spread': 4.5, 'formatted_spread': 'Vanderbilt -4.5', 'spread_open': 4.0, 'over_under': 57.0, 'over_under_open': 57.0, 'home_moneyline': 175.0, 'away_moneyline': -210.0}]",4.5
401520249,2023,3,regular,2023-09-16T16:00:00.000Z,Wisconsin,Big Ten,35.0,Georgia Southern,Sun Belt,14.0,"[{'provider': 'Bovada', 'spread': -20.5, 'formatted_spread': 'Wisconsin -20.5', 'spread_open': -15.0, 'over_under': 65.5, 'over_under_open': 63.0, 'home_moneyline': -900.0, 'away_moneyline': 575.0}]",-20.5
401532608,2023,10,regular,2023-11-05T02:00:00.000Z,Fresno State,Mountain West,37.0,Boise State,Mountain West,30.0,"[{'provider': 'Bovada', 'spread': -2.5, 'formatted_spread': 'Fresno State -2.5', 'spread_open': -3.0, 'over_under': 53.5, 'over_under_open': 55.0, 'home_moneyline': -150.0, 'away_moneyline': 130.0}]",-2.5
401532609,2023,10,regular,2023-11-04T00:00:00.000Z,Wyoming,Mountain West,24.0,Colorado State,Mountain West,15.0,"[{'provider': 'Bovada', 'spread': -6.0, 'formatted_spread': 'Wyoming -6.0', 'spread_open': -7.0, 'over_under': 44.0, 'over_under_open': 43.5, 'home_moneyline': -235.0, 'away_moneyline': 195.0}]",-6.0
401532610,2023,10,regular,2023-11-04T20:00:00.000Z,Nevada,Mountain West,14.0,Hawai'i,Mountain West,27.0,"[{'provider': 'Bovada', 'spread': -3.0, 'formatted_spread': 'Nevada -3.0', 'spread_open': -3.5, 'over_under': 50.0, 'over_under_open': 50.5, 'home_moneyline': -180.0, 'away_moneyline': 155.0}]",-3.0
401532611,2023,10,regular,2023-11-04T22:00:00.000Z,New Mexico,Mountain West,14.0,UNLV,Mountain West,56.0,"[{'provider': 'Bovada', 'spread': 15.0, 'formatted_spread': 'UNLV -15.0', 'spread_open': 10.0, 'over_under': 58.0, 'over_under_open': 61.5, 'home_moneyline': 295.0, 'away_moneyline': -390.0}]",15.0
401532612,2023,10,regular,2023-11-04T23:00:00.000Z,San Diego State,Mountain West,24.0,Utah State,Mountain West,32.0,"[{'provider': 'Bovada', 'spread': 2.0, 'formatted_spread': 'Utah State -2.0', 'spread_open': 2.5, 'over_under': 56.5, 'over_under_open': 56.0, 'home_moneyline': 115.0, 'away_moneyline': -135.0}]",2.0
401520362,2023,10,regular,2023-11-04T23:45:00.000Z,Alabama,SEC,42.0,LSU,SEC,28.0,"[{'provider': 'Bovada', 'spread': -3.0, 'formatted_spread': 'Alabama -3.0', 'spread_open': -6.5, 'over_under': 60.5, 'over_under_open': 60.0, 'home_moneyline': -150.0, 'away_moneyline': 130.0}]",-3.0
401520363,2023,10,regular,2023-11-04T16:00:00.000Z,Florida,SEC,36.0,Arkansas,SEC,39.0,"[{'provider': 'Bovada', 'spread': -3.0, 'formatted_spread': 'Florida -3.0', 'spread_open': -6.0, 'over_under': 49.0, 'over_under_open': 49.0, 'home_moneyline': -235.0, 'away_moneyline': 195.0}]",-3.0
401520367,2023,10,regular,2023-11-04T19:30:00.000Z,Maryland,Big Ten,15.0,Penn State,Big Ten,51.0,"[{'provider': 'Bovada', 'spread': 8.5, 'formatted_spread': 'Penn State -8.5', 'spread_open': 10.0, 'over_under': 50.5, 'over_under_open': 50.0, 'home_moneyline': 310.0, 'away_moneyline': -415.0}]",8.5
401520368,2023,10,regular,2023-11-04T23:30:00.000Z,Michigan,Big Ten,41.0,Purdue,Big Ten,13.0,"[{'provider': 'Bovada', 'spread': -31.0, 'formatted_spread': 'Michigan -31.0', 'spread_open': -32.5, 'over_under': 54.0, 'over_under_open': 48.5, 'home_moneyline': -20000.0, 'away_moneyline': 3000.0}]",-31.0
401520369,2023,10,regular,2023-11-04T16:00:00.000Z,Michigan State,Big Ten,20.0,Nebraska,Big Ten,17.0,"[{'provider': 'Bovada', 'spread': 3.0, 'formatted_spread': 'Nebraska -3.0', 'spread_open': 3.5, 'over_under': 34.5, 'over_under_open': 35.0, 'home_moneyline': 120.0, 'away_moneyline': -140.0}]",3.0
401520370,2023,10,regular,2023-11-04T19:30:00.000Z,Minnesota,Big Ten,26.0,Illinois,Big Ten,27.0,"[{'provider': 'Bovada', 'spread': -2.0, 'formatted_spread': 'Minnesota -2.0', 'spread_open': -3.0, 'over_under': 44.0, 'over_under_open': 42.5, 'home_moneyline': -120.0, 'away_moneyline': 100.0}]",-2.0
401520371,2023,10,regular,2023-11-04T23:30:00.000Z,Mississippi State,SEC,3.0,Kentucky,SEC,24.0,"[{'provider': 'Bovada', 'spread': 5.5, 'formatted_spread': 'Kentucky -5.5', 'spread_open': 3.5, 'over_under': 44.5, 'over_under_open': 46.0, 'home_moneyline': 155.0, 'away_moneyline': -180.0}]",5.5
401520372,2023,10,regular,2023-11-04T22:00:00.000Z,New Mexico State,Conference USA,13.0,Middle Tennessee,Conference USA,7.0,"[{'provider': 'Bovada', 'spread': -3.0, 'formatted_spread': 'New Mexico State -3.0', 'spread_open': -3.0, 'over_under': 55.5, 'over_under_open': 56.5, 'home_moneyline': -160.0, 'away_moneyline': 135.0}]",-3.0
401540173,2023,1,regular,2023-09-02T23:00:00.000Z,Southern Illinois,MVFC,49.0,Austin Peay,UAC,23.0,"[{'provider': 'Bovada', 'spread': -7.5, 'formatted_spread': 'Southern Illinois -7.5', 'spread_open': -6.0, 'over_under': 55.0, 'over_under_open': 54.0, 'home_moneyline': None, 'away_moneyline': None}]",-7.5
401520435,2023,13,regular,2023-11-25T00:30:00.000Z,Michigan State,Big Ten,0.0,Penn State,Big Ten,42.0,"[{'provider': 'Bovada', 'spread': 23.5, 'formatted_spread': 'Penn State -23.5', 'spread_open': 10.5, 'over_under': 43.0, 'over_under_open': 43.0, 'home_moneyline': 750.0, 'away_moneyline': -1400.0}]",23.5
401520432,2023,13,regular,2023-11-25T17:00:00.000Z,Louisville,ACC,31.0,Kentucky,SEC,38.0,"[{'provider': 'Bovada', 'spread': -7.5, 'formatted_spread': 'Louisville -7.5', 'spread_open': -7.0, 'over_under': 47.5, 'over_under_open': 51.0, 'home_moneyline': -285.0, 'away_moneyline': 235.0}]",-7.5
401520439,2023,13,regular,2023-11-25T20:30:00.000Z,Rutgers,Big Ten,24.0,Maryland,Big Ten,42.0,"[{'provider': 'Bovada', 'spread': 2.0, 'formatted_spread': 'Maryland -2.0', 'spread_open': 1.5, 'over_under': 45.5, 'over_under_open': 45.5, 'home_moneyline': 105.0, 'away_moneyline': -125.0}]",2.0
401520442,2023,13,regular,2023-11-25T20:30:00.000Z,Tennessee,SEC,48.0,Vanderbilt,SEC,24.0,"[{'provider': 'Bovada', 'spread': -27.0, 'formatted_spread': 'Tennessee -27.0', 'spread_open': -25.5, 'over_under': 58.0, 'over_under_open': 56.5, 'home_moneyline': -5000.0, 'away_moneyline': 1300.0}]",-27.0
401524064,2023,13,regular,2023-11-25T20:30:00.000Z,Arizona State,Pac-12,23.0,Arizona,Pac-12,59.0,"[{'provider': 'Bovada', 'spread': 13.0, 'formatted_spread': 'Arizona -13.0', 'spread_open': 12.5, 'over_under': 50.0, 'over_under_open': 51.0, 'home_moneyline': 370.0, 'away_moneyline': -510.0}]",13.0
401524065,2023,13,regular,2023-11-26T00:00:00.000Z,Stanford,Pac-12,23.0,Notre Dame,FBS Independents,56.0,"[{'provider': 'Bovada', 'spread': 26.0, 'formatted_spread': 'Notre Dame -26.0', 'spread_open': 24.5, 'over_under': 50.5, 'over_under_open': 52.0, 'home_moneyline': 1100.0, 'away_moneyline': -3300.0}]",26.0
401524068,2023,13,regular,2023-11-25T21:00:00.000Z,Washington,Pac-12,24.0,Washington State,Pac-12,21.0,"[{'provider': 'Bovada', 'spread': -14.5, 'formatted_spread': 'Washington -14.5', 'spread_open': -16.5, 'over_under': 64.5, 'over_under_open': 68.0, 'home_moneyline': -950.0, 'away_moneyline': 600.0}]",-14.5
401525562,2023,13,regular,2023-11-26T01:00:00.000Z,NC State,ACC,39.0,North Carolina,ACC,20.0,"[{'provider': 'Bovada', 'spread': 3.0, 'formatted_spread': 'North Carolina -3.0', 'spread_open': 4.0, 'over_under': 56.0, 'over_under_open': 55.0, 'home_moneyline': 115.0, 'away_moneyline': -135.0}]",3.0
401525904,2023,13,regular,2023-11-26T01:00:00.000Z,Kansas State,Big 12,35.0,Iowa State,Big 12,42.0,"[{'provider': 'Bovada', 'spread': -9.5, 'formatted_spread': 'Kansas State -9.5', 'spread_open': -11.0, 'over_under': 46.0, 'over_under_open': 48.0, 'home_moneyline': -480.0, 'away_moneyline': 350.0}]",-9.5
401525905,2023,13,regular,2023-11-25T20:30:00.000Z,Oklahoma State,Big 12,40.0,BYU,Big 12,34.0,"[{'provider': 'Bovada', 'spread': -15.5, 'formatted_spread': 'Oklahoma State -15.5', 'spread_open': -17.5, 'over_under': 55.5, 'over_under_open': 57.0, 'home_moneyline': -950.0, 'away_moneyline': 600.0}]",-15.5
401531376,2023,13,regular,2023-11-24T20:30:00.000Z,Tulane,American Athletic,29.0,UT San Antonio,American Athletic,16.0,"[{'provider': 'Bovada', 'spread': -3.5, 'formatted_spread': 'Tulane -3.5', 'spread_open': -2.5, 'over_under': 53.5, 'over_under_open': 52.0, 'home_moneyline': -145.0, 'away_moneyline': 125.0}]",-3.5
401531394,2023,13,regular,2023-11-24T17:00:00.000Z,Temple,American Athletic,21.0,Memphis,American Athletic,45.0,"[{'provider': 'Bovada', 'spread': 13.5, 'formatted_spread': 'Memphis -13.5', 'spread_open': 11.0, 'over_under': 65.0, 'over_under_open': 65.0, 'home_moneyline': 350.0, 'away_moneyline': -480.0}]",13.5
401531834,2023,1,regular,2023-08-31T23:00:00.000Z,Georgia State,Sun Belt,42.0,Rhode Island,CAA,35.0,"[{'provider': 'Bovada', 'spread': -16.5, 'formatted_spread': 'Georgia State -16.5', 'spread_open': -19.0, 'over_under': 56.0, 'over_under_open': 55.5, 'home_moneyline': -1200.0, 'away_moneyline': 700.0}]",-16.5
401520195,2023,2,regular,2023-09-08T23:30:00.000Z,Kansas,Big 12,34.0,Illinois,Big Ten,23.0,"[{'provider': 'Bovada', 'spread': -4.0, 'formatted_spread': 'Kansas -4.0', 'spread_open': -3.0, 'over_under': 57.5, 'over_under_open': 55.5, 'home_moneyline': -180.0, 'away_moneyline': 155.0}]",-4.0
401520219,2023,3,regular,2023-09-17T03:00:00.000Z,Arizona,Pac-12,31.0,UTEP,Conference USA,10.0,"[{'provider': 'Bovada', 'spread': -18.5, 'formatted_spread': 'Arizona -18.5', 'spread_open': -17.0, 'over_under': 57.5, 'over_under_open': 55.5, 'home_moneyline': -950.0, 'away_moneyline': 600.0}]",-18.5
401520222,2023,3,regular,2023-09-16T16:00:00.000Z,Buffalo,Mid-American,27.0,Liberty,Conference USA,55.0,"[{'provider': 'Bovada', 'spread': 3.0, 'formatted_spread': 'Liberty -3.0', 'spread_open': 4.5, 'over_under': 54.0, 'over_under_open': 56.5, 'home_moneyline': 150.0, 'away_moneyline': -175.0}]",3.0
401520225,2023,3,regular,2023-09-16T19:30:00.000Z,Georgia,SEC,24.0,South Carolina,SEC,14.0,"[{'provider': 'Bovada', 'spread': -26.5, 'formatted_spread': 'Georgia -26.5', 'spread_open': -27.0, 'over_under': 53.5, 'over_under_open': 55.0, 'home_moneyline': -7000.0, 'away_moneyline': 1300.0}]",-26.5
401525505,2023,4,regular,2023-09-22T23:30:00.000Z,Virginia,ACC,21.0,NC State,ACC,24.0,"[{'provider': 'Bovada', 'spread': 8.0, 'formatted_spread': 'NC State -8.0', 'spread_open': 9.0, 'over_under': 47.0, 'over_under_open': 45.5, 'home_moneyline': 285.0, 'away_moneyline': -370.0}]",8.0
401532583,2023,4,regular,2023-09-23T02:30:00.000Z,San Diego State,Mountain West,31.0,Boise State,Mountain West,34.0,"[{'provider': 'Bovada', 'spread': 4.5, 'formatted_spread': 'Boise State -4.5', 'spread_open': 7.0, 'over_under': 47.5, 'over_under_open': 45.5, 'home_moneyline': 225.0, 'away_moneyline': -275.0}]",4.5
401520266,2023,4,regular,2023-09-22T23:00:00.000Z,Purdue,Big Ten,17.0,Wisconsin,Big Ten,38.0,"[{'provider': 'Bovada', 'spread': 6.0, 'formatted_spread': 'Wisconsin -6.0', 'spread_open': 7.0, 'over_under': 54.0, 'over_under_open': 54.0, 'home_moneyline': 220.0, 'away_moneyline': -270.0}]",6.0
401531339,2023,5,regular,2023-09-28T23:30:00.000Z,Tulsa,American Athletic,48.0,Temple,American Athletic,26.0,"[{'provider': 'Bovada', 'spread': -3.5, 'formatted_spread': 'Tulsa -3.5', 'spread_open': -4.5, 'over_under': 54.5, 'over_under_open': 54.5, 'home_moneyline': -170.0, 'away_moneyline': 145.0}]",-3.5
401520277,2023,5,regular,2023-09-28T23:30:00.000Z,Western Kentucky,Conference USA,31.0,Middle Tennessee,Conference USA,10.0,"[{'provider': 'Bovada', 'spread': -5.5, 'formatted_spread': 'Western Kentucky -5.5', 'spread_open': -8.0, 'over_under': 60.0, 'over_under_open': 60.0, 'home_moneyline': -225.0, 'away_moneyline': 185.0}]",-5.5
401524020,2023,5,regular,2023-09-30T01:00:00.000Z,Oregon State,Pac-12,21.0,Utah,Pac-12,7.0,"[{'provider': 'Bovada', 'spread': -3.0, 'formatted_spread': 'Oregon State -3.0', 'spread_open': 1.0, 'over_under': 44.5, 'over_under_open': 45.5, 'home_moneyline': -150.0, 'away_moneyline': 130.0}]",-3.0
401525512,2023,5,regular,2023-09-29T23:00:00.000Z,NC State,ACC,10.0,Louisville,ACC,13.0,"[{'provider': 'Bovada', 'spread': 3.0, 'formatted_spread': 'Louisville -3.0', 'spread_open': 3.0, 'over_under': 55.5, 'over_under_open': 55.5, 'home_moneyline': 145.0, 'away_moneyline': -170.0}]",3.0
401520278,2023,5,regular,2023-09-30T01:00:00.000Z,UTEP,Conference USA,10.0,Louisiana Tech,Conference USA,24.0,"[{'provider': 'Bovada', 'spread': 1.0, 'formatted_spread': 'Louisiana Tech -1.0', 'spread_open': -1.0, 'over_under': 52.5, 'over_under_open': 52.5, 'home_moneyline': -110.0, 'away_moneyline': -110.0}]",1.0
401520279,2023,5,regular,2023-09-30T16:00:00.000Z,Arkansas,SEC,22.0,Texas A&M,SEC,34.0,"[{'provider': 'Bovada', 'spread': 6.5, 'formatted_spread': 'Texas A&M -6.5', 'spread_open': 6.5, 'over_under': 54.5, 'over_under_open': 55.5, 'home_moneyline': 210.0, 'away_moneyline': -250.0}]",6.5
401520283,2023,5,regular,2023-09-30T19:30:00.000Z,Maryland,Big Ten,44.0,Indiana,Big Ten,17.0,"[{'provider': 'Bovada', 'spread': -14.0, 'formatted_spread': 'Maryland -14.0', 'spread_open': -14.5, 'over_under': 50.0, 'over_under_open': 50.0, 'home_moneyline': -625.0, 'away_moneyline': 430.0}]",-14.0
401520286,2023,5,regular,2023-09-30T19:30:00.000Z,Nebraska,Big Ten,7.0,Michigan,Big Ten,45.0,"[{'provider': 'Bovada', 'spread': 17.5, 'formatted_spread': 'Michigan -17.5', 'spread_open': None, 'over_under': 40.0, 'over_under_open': 40.5, 'home_moneyline': 575.0, 'away_moneyline': -900.0}]",17.5
401520287,2023,5,regular,2023-09-30T16:00:00.000Z,Northwestern,Big Ten,13.0,Penn State,Big Ten,41.0,"[{'provider': 'Bovada', 'spread': 25.5, 'formatted_spread': 'Penn State -25.5', 'spread_open': 25.5, 'over_under': 46.0, 'over_under_open': 46.0, 'home_moneyline': 1100.0, 'away_moneyline': -3300.0}]",25.5
401520293,2023,5,regular,2023-09-30T20:00:00.000Z,Vanderbilt,SEC,21.0,Missouri,SEC,38.0,"[{'provider': 'Bovada', 'spread': 13.5, 'formatted_spread': 'Missouri -13.5', 'spread_open': 12.0, 'over_under': 56.0, 'over_under_open': 56.5, 'home_moneyline': 390.0, 'away_moneyline': -550.0}]",13.5
401524021,2023,5,regular,2023-10-01T02:00:00.000Z,Arizona,Pac-12,24.0,Washington,Pac-12,31.0,"[{'provider': 'Bovada', 'spread': 17.5, 'formatted_spread': 'Washington -17.5', 'spread_open': 18.5, 'over_under': 68.5, 'over_under_open': 69.5, 'home_moneyline': 575.0, 'away_moneyline': -900.0}]",17.5
401520275,2023,4,regular,2023-09-23T22:30:00.000Z,Florida International,Conference USA,6.0,Liberty,Conference USA,38.0,"[{'provider': 'Bovada', 'spread': 10.0, 'formatted_spread': 'Liberty -10.0', 'spread_open': 13.0, 'over_under': 52.0, 'over_under_open': 54.0, 'home_moneyline': 305.0, 'away_moneyline': -410.0}]",10.0
401532594,2023,7,regular,2023-10-14T00:00:00.000Z,Utah State,Mountain West,32.0,Fresno State,Mountain West,37.0,"[{'provider': 'Bovada', 'spread': 5.5, 'formatted_spread': 'Fresno State -5.5', 'spread_open': 7.0, 'over_under': 55.5, 'over_under_open': 61.5, 'home_moneyline': 215.0, 'away_moneyline': -260.0}]",5.5
401520316,2023,7,regular,2023-10-14T16:00:00.000Z,Alabama,SEC,24.0,Arkansas,SEC,21.0,"[{'provider': 'Bovada', 'spread': -19.5, 'formatted_spread': 'Alabama -19.5', 'spread_open': -19.0, 'over_under': 45.5, 'over_under_open': 48.5, 'home_moneyline': -1200.0, 'away_moneyline': 700.0}]",-19.5
401520318,2023,7,regular,2023-10-14T23:30:00.000Z,Kentucky,SEC,21.0,Missouri,SEC,38.0,"[{'provider': 'Bovada', 'spread': -2.0, 'formatted_spread': 'Kentucky -2.0', 'spread_open': -3.0, 'over_under': 50.5, 'over_under_open': 53.5, 'home_moneyline': -135.0, 'away_moneyline': 115.0}]",-2.0
401520319,2023,7,regular,2023-10-14T23:00:00.000Z,LSU,SEC,48.0,Auburn,SEC,18.0,"[{'provider': 'Bovada', 'spread': -11.0, 'formatted_spread': 'LSU -11.0', 'spread_open': -16.0, 'over_under': 60.0, 'over_under_open': 63.5, 'home_moneyline': -440.0, 'away_moneyline': 330.0}]",-11.0
401520320,2023,7,regular,2023-10-14T19:30:00.000Z,Maryland,Big Ten,24.0,Illinois,Big Ten,27.0,"[{'provider': 'Bovada', 'spread': -13.0, 'formatted_spread': 'Maryland -13.0', 'spread_open': -14.5, 'over_under': 52.0, 'over_under_open': 52.5, 'home_moneyline': -600.0, 'away_moneyline': 425.0}]",-13.0
401525548,2023,11,regular,2023-11-11T17:00:00.000Z,Clemson,ACC,42.0,Georgia Tech,ACC,21.0,"[{'provider': 'Bovada', 'spread': -14.5, 'formatted_spread': 'Clemson -14.5', 'spread_open': -14.5, 'over_under': 53.5, 'over_under_open': 55.5, 'home_moneyline': -675.0, 'away_moneyline': 460.0}]",-14.5
401525549,2023,11,regular,2023-11-12T01:00:00.000Z,North Carolina,ACC,47.0,Duke,ACC,45.0,"[{'provider': 'Bovada', 'spread': -10.0, 'formatted_spread': 'North Carolina -10.0', 'spread_open': -8.5, 'over_under': 53.5, 'over_under_open': 50.5, 'home_moneyline': -525.0, 'away_moneyline': 375.0}]",-10.0
401525550,2023,11,regular,2023-11-11T20:30:00.000Z,Florida State,ACC,27.0,Miami,ACC,20.0,"[{'provider': 'Bovada', 'spread': -14.5, 'formatted_spread': 'Florida State -14.5', 'spread_open': -15.5, 'over_under': 50.5, 'over_under_open': 50.0, 'home_moneyline': -650.0, 'away_moneyline': 450.0}]",-14.5
401525551,2023,11,regular,2023-11-11T19:00:00.000Z,Wake Forest,ACC,6.0,NC State,ACC,26.0,"[{'provider': 'Bovada', 'spread': 2.0, 'formatted_spread': 'NC State -2.0', 'spread_open': 2.5, 'over_under': 43.5, 'over_under_open': 45.0, 'home_moneyline': 100.0, 'away_moneyline': -120.0}]",2.0
401525552,2023,11,regular,2023-11-11T20:30:00.000Z,Syracuse,ACC,28.0,Pittsburgh,ACC,13.0,"[{'provider': 'Bovada', 'spread': 3.0, 'formatted_spread': 'Pittsburgh -3.0', 'spread_open': 1.5, 'over_under': 38.0, 'over_under_open': 37.5, 'home_moneyline': 130.0, 'away_moneyline': -150.0}]",3.0
401525886,2023,11,regular,2023-11-12T03:15:00.000Z,BYU,Big 12,13.0,Iowa State,Big 12,45.0,"[{'provider': 'Bovada', 'spread': 7.5, 'formatted_spread': 'Iowa State -7.5', 'spread_open': 7.0, 'over_under': 41.5, 'over_under_open': 42.5, 'home_moneyline': 240.0, 'away_moneyline': -290.0}]",7.5
401525887,2023,11,regular,2023-11-12T00:00:00.000Z,Houston,Big 12,14.0,Cincinnati,Big 12,24.0,"[{'provider': 'Bovada', 'spread': -3.0, 'formatted_spread': 'Houston -3.0', 'spread_open': -2.0, 'over_under': 54.0, 'over_under_open': 55.5, 'home_moneyline': -160.0, 'away_moneyline': 135.0}]",-3.0
401525888,2023,11,regular,2023-11-11T17:00:00.000Z,Kansas,Big 12,13.0,Texas Tech,Big 12,16.0,"[{'provider': 'Bovada', 'spread': -3.5, 'formatted_spread': 'Kansas -3.5', 'spread_open': -3.5, 'over_under': 62.5, 'over_under_open': 60.5, 'home_moneyline': -195.0, 'away_moneyline': 165.0}]",-3.5
401525889,2023,11,regular,2023-11-11T20:00:00.000Z,Kansas State,Big 12,59.0,Baylor,Big 12,25.0,"[{'provider': 'Bovada', 'spread': -21.0, 'formatted_spread': 'Kansas State -21.0', 'spread_open': -20.0, 'over_under': 55.5, 'over_under_open': 55.0, 'home_moneyline': -1800.0, 'away_moneyline': 850.0}]",-21.0
401525890,2023,11,regular,2023-11-12T00:00:00.000Z,Oklahoma,Big 12,59.0,West Virginia,Big 12,20.0,"[{'provider': 'Bovada', 'spread': -13.0, 'formatted_spread': 'Oklahoma -13.0', 'spread_open': -13.0, 'over_under': 59.5, 'over_under_open': 58.0, 'home_moneyline': -490.0, 'away_moneyline': 355.0}]",-13.0
401525891,2023,11,regular,2023-11-12T00:30:00.000Z,TCU,Big 12,26.0,Texas,Big 12,29.0,"[{'provider': 'Bovada', 'spread': 13.0, 'formatted_spread': 'Texas -13.0', 'spread_open': 5.0, 'over_under': 56.0, 'over_under_open': 53.0, 'home_moneyline': 350.0, 'away_moneyline': -480.0}]",13.0
401525892,2023,11,regular,2023-11-11T20:30:00.000Z,UCF,Big 12,45.0,Oklahoma State,Big 12,3.0,"[{'provider': 'Bovada', 'spread': 2.0, 'formatted_spread': 'Oklahoma State -2.0', 'spread_open': 2.5, 'over_under': 64.0, 'over_under_open': 64.0, 'home_moneyline': 115.0, 'away_moneyline': -135.0}]",2.0
401531344,2023,11,regular,2023-11-11T17:00:00.000Z,Tulane,American Athletic,24.0,Tulsa,American Athletic,22.0,"[{'provider': 'Bovada', 'spread': -25.0, 'formatted_spread': 'Tulane -25.0', 'spread_open': -22.5, 'over_under': 53.0, 'over_under_open': 53.5, 'home_moneyline': -2500.0, 'away_moneyline': 1000.0}]",-25.0
401531384,2023,11,regular,2023-11-11T20:30:00.000Z,Navy,American Athletic,31.0,UAB,American Athletic,6.0,"[{'provider': 'Bovada', 'spread': 3.0, 'formatted_spread': 'UAB -3.0', 'spread_open': 5.0, 'over_under': 51.5, 'over_under_open': 54.0, 'home_moneyline': 120.0, 'away_moneyline': -140.0}]",3.0
401531393,2023,11,regular,2023-11-11T17:00:00.000Z,South Florida,American Athletic,27.0,Temple,American Athletic,23.0,"[{'provider': 'Bovada', 'spread': -7.0, 'formatted_spread': 'South Florida -7.0', 'spread_open': -8.0, 'over_under': 69.5, 'over_under_open': 66.5, 'home_moneyline': -285.0, 'away_moneyline': 235.0}]",-7.0
401531400,2023,11,regular,2023-11-12T00:30:00.000Z,UT San Antonio,American Athletic,34.0,Rice,American Athletic,14.0,"[{'provider': 'Bovada', 'spread': -13.5, 'formatted_spread': 'UT San Antonio -13.5', 'spread_open': -12.5, 'over_under': 55.0, 'over_under_open': 60.0, 'home_moneyline': -550.0, 'away_moneyline': 390.0}]",-13.5
401531408,2023,11,regular,2023-11-11T19:00:00.000Z,Charlotte,American Athletic,38.0,Memphis,American Athletic,44.0,"[{'provider': 'Bovada', 'spread': 10.0, 'formatted_spread': 'Memphis -10.0', 'spread_open': 11.5, 'over_under': 51.5, 'over_under_open': 53.0, 'home_moneyline': 315.0, 'away_moneyline': -420.0}]",10.0
401531416,2023,11,regular,2023-11-11T21:00:00.000Z,Florida Atlantic,American Athletic,7.0,East Carolina,American Athletic,22.0,"[{'provider': 'Bovada', 'spread': -7.5, 'formatted_spread': 'Florida Atlantic -7.5', 'spread_open': -10.0, 'over_under': 45.0, 'over_under_open': 45.5, 'home_moneyline': -310.0, 'away_moneyline': 255.0}]",-7.5
401531912,2023,11,regular,2023-11-11T20:30:00.000Z,Coastal Carolina,Sun Belt,31.0,Texas State,Sun Belt,23.0,"[{'provider': 'Bovada', 'spread': 3.0, 'formatted_spread': 'Texas State -3.0', 'spread_open': -1.5, 'over_under': 55.5, 'over_under_open': 60.5, 'home_moneyline': 110.0, 'away_moneyline': -130.0}]",3.0
401531913,2023,11,regular,2023-11-11T19:00:00.000Z,Georgia State,Sun Belt,14.0,Appalachian State,Sun Belt,42.0,"[{'provider': 'Bovada', 'spread': -3.0, 'formatted_spread': 'Georgia State -3.0', 'spread_open': -2.0, 'over_under': 62.5, 'over_under_open': 60.0, 'home_moneyline': -145.0, 'away_moneyline': 125.0}]",-3.0
401531914,2023,11,regular,2023-11-12T00:00:00.000Z,Marshall,Sun Belt,38.0,Georgia Southern,Sun Belt,33.0,"[{'provider': 'Bovada', 'spread': 1.5, 'formatted_spread': 'Georgia Southern -1.5', 'spread_open': 1.5, 'over_under': 56.5, 'over_under_open': 56.5, 'home_moneyline': 100.0, 'away_moneyline': -120.0}]",1.5
401531915,2023,11,regular,2023-11-11T19:00:00.000Z,Louisiana Monroe,Sun Belt,14.0,Troy,Sun Belt,45.0,"[{'provider': 'Bovada', 'spread': 21.5, 'formatted_spread': 'Troy -21.5', 'spread_open': 20.5, 'over_under': 46.0, 'over_under_open': 45.5, 'home_moneyline': 900.0, 'away_moneyline': -1900.0}]",21.5
401531916,2023,11,regular,2023-11-11T22:00:00.000Z,South Alabama,Sun Belt,21.0,Arkansas State,Sun Belt,14.0,"[{'provider': 'Bovada', 'spread': -15.0, 'formatted_spread': 'South Alabama -15.0', 'spread_open': -11.0, 'over_under': 55.5, 'over_under_open': 55.0, 'home_moneyline': -575.0, 'away_moneyline': 400.0}]",-15.0
401532613,2023,11,regular,2023-11-12T04:00:00.000Z,Hawai'i,Mountain West,27.0,Air Force,Mountain West,13.0,"[{'provider': 'Bovada', 'spread': 20.5, 'formatted_spread': 'Air Force -20.5', 'spread_open': 19.0, 'over_under': 46.5, 'over_under_open': 49.5, 'home_moneyline': 725.0, 'away_moneyline': -1300.0}]",20.5
401532614,2023,11,regular,2023-11-12T03:30:00.000Z,San José State,Mountain West,42.0,Fresno State,Mountain West,18.0,"[{'provider': 'Bovada', 'spread': -2.5, 'formatted_spread': 'San José State -2.5', 'spread_open': 1.0, 'over_under': 51.5, 'over_under_open': 56.0, 'home_moneyline': -130.0, 'away_moneyline': 110.0}]",-2.5
401532615,2023,11,regular,2023-11-11T20:00:00.000Z,Utah State,Mountain West,41.0,Nevada,Mountain West,24.0,"[{'provider': 'Bovada', 'spread': -14.5, 'formatted_spread': 'Utah State -14.5', 'spread_open': -16.0, 'over_under': 54.0, 'over_under_open': 56.0, 'home_moneyline': -800.0, 'away_moneyline': 525.0}]",-14.5
401532616,2023,11,regular,2023-11-12T03:00:00.000Z,Boise State,Mountain West,42.0,New Mexico,Mountain West,14.0,"[{'provider': 'Bovada', 'spread': -27.5, 'formatted_spread': 'Boise State -27.5', 'spread_open': -25.0, 'over_under': 59.5, 'over_under_open': 60.5, 'home_moneyline': -7000.0, 'away_moneyline': 1300.0}]",-27.5
401532618,2023,11,regular,2023-11-11T03:45:00.000Z,UNLV,Mountain West,34.0,Wyoming,Mountain West,14.0,"[{'provider': 'Bovada', 'spread': -3.0, 'formatted_spread': 'UNLV -3.0', 'spread_open': -3.0, 'over_under': 48.0, 'over_under_open': 51.5, 'home_moneyline': -200.0, 'away_moneyline': 170.0}]",-3.0
401520380,2023,11,regular,2023-11-11T21:00:00.000Z,Arkansas,SEC,10.0,Auburn,SEC,48.0,"[{'provider': 'Bovada', 'spread': -2.0, 'formatted_spread': 'Arkansas -2.0', 'spread_open': -3.0, 'over_under': 47.0, 'over_under_open': 51.0, 'home_moneyline': -125.0, 'away_moneyline': 105.0}]",-2.0
401520382,2023,11,regular,2023-11-12T00:00:00.000Z,Georgia,SEC,52.0,Ole Miss,SEC,17.0,"[{'provider': 'Bovada', 'spread': -11.0, 'formatted_spread': 'Georgia -11.0', 'spread_open': -19.5, 'over_under': 59.0, 'over_under_open': 58.5, 'home_moneyline': -440.0, 'away_moneyline': 330.0}]",-11.0
401520383,2023,11,regular,2023-11-11T17:00:00.000Z,Illinois,Big Ten,48.0,Indiana,Big Ten,45.0,"[{'provider': 'Bovada', 'spread': -4.5, 'formatted_spread': 'Illinois -4.5', 'spread_open': -5.5, 'over_under': 44.0, 'over_under_open': 43.5, 'home_moneyline': -210.0, 'away_moneyline': 175.0}]",-4.5
401520384,2023,11,regular,2023-11-11T20:30:00.000Z,Iowa,Big Ten,22.0,Rutgers,Big Ten,0.0,"[{'provider': 'Bovada', 'spread': -1.0, 'formatted_spread': 'Iowa -1.0', 'spread_open': -2.5, 'over_under': 27.5, 'over_under_open': 29.0, 'home_moneyline': -120.0, 'away_moneyline': 100.0}]",-1.0
401531374,2023,10,regular,2023-11-04T19:30:00.000Z,East Carolina,American Athletic,10.0,Tulane,American Athletic,13.0,"[{'provider': 'Bovada', 'spread': 17.0, 'formatted_spread': 'Tulane -17.0', 'spread_open': 16.5, 'over_under': 44.5, 'over_under_open': 48.0, 'home_moneyline': 525.0, 'away_moneyline': -800.0}]",17.0
401531383,2023,10,regular,2023-11-04T19:00:00.000Z,UAB,American Athletic,45.0,Florida Atlantic,American Athletic,42.0,"[{'provider': 'Bovada', 'spread': 1.0, 'formatted_spread': 'Florida Atlantic -1.0', 'spread_open': 2.0, 'over_under': 59.0, 'over_under_open': 60.0, 'home_moneyline': -105.0, 'away_moneyline': -115.0}]",1.0
401531392,2023,10,regular,2023-11-04T18:00:00.000Z,Temple,American Athletic,32.0,Navy,American Athletic,18.0,"[{'provider': 'Bovada', 'spread': 7.0, 'formatted_spread': 'Navy -7.0', 'spread_open': 7.0, 'over_under': 46.0, 'over_under_open': 41.5, 'home_moneyline': 210.0, 'away_moneyline': -250.0}]",7.0
401531399,2023,10,regular,2023-11-04T19:00:00.000Z,North Texas,American Athletic,29.0,UT San Antonio,American Athletic,37.0,"[{'provider': 'Bovada', 'spread': 7.5, 'formatted_spread': 'UT San Antonio -7.5', 'spread_open': 8.0, 'over_under': 71.0, 'over_under_open': 70.0, 'home_moneyline': 260.0, 'away_moneyline': -320.0}]",7.5
401531425,2023,10,regular,2023-11-04T19:00:00.000Z,Memphis,American Athletic,59.0,South Florida,American Athletic,50.0,"[{'provider': 'Bovada', 'spread': -13.5, 'formatted_spread': 'Memphis -13.5', 'spread_open': -13.5, 'over_under': 68.0, 'over_under_open': 67.0, 'home_moneyline': -550.0, 'away_moneyline': 390.0}]",-13.5
401531440,2023,10,regular,2023-11-04T23:30:00.000Z,Rice,American Athletic,31.0,SMU,American Athletic,36.0,"[{'provider': 'Bovada', 'spread': 13.0, 'formatted_spread': 'SMU -13.0', 'spread_open': 11.0, 'over_under': 59.0, 'over_under_open': 58.5, 'home_moneyline': 335.0, 'away_moneyline': -450.0}]",13.0
401531905,2023,10,regular,2023-11-04T22:00:00.000Z,Appalachian State,Sun Belt,31.0,Marshall,Sun Belt,9.0,"[{'provider': 'Bovada', 'spread': -3.0, 'formatted_spread': 'Appalachian State -3.0', 'spread_open': -3.5, 'over_under': 57.5, 'over_under_open': 55.5, 'home_moneyline': -175.0, 'away_moneyline': 150.0}]",-3.0
401531906,2023,10,regular,2023-11-04T19:30:00.000Z,Georgia State,Sun Belt,14.0,James Madison,Sun Belt,42.0,"[{'provider': 'Bovada', 'spread': 6.0, 'formatted_spread': 'James Madison -6.0', 'spread_open': 5.5, 'over_under': 53.0, 'over_under_open': 55.0, 'home_moneyline': 180.0, 'away_moneyline': -220.0}]",6.0
401531907,2023,10,regular,2023-11-04T19:30:00.000Z,Old Dominion,Sun Belt,24.0,Coastal Carolina,Sun Belt,28.0,"[{'provider': 'Bovada', 'spread': -1.0, 'formatted_spread': 'Old Dominion -1.0', 'spread_open': -35.0, 'over_under': 51.5, 'over_under_open': 53.0, 'home_moneyline': -110.0, 'away_moneyline': -110.0}]",-1.0
401531908,2023,10,regular,2023-11-04T19:00:00.000Z,Arkansas State,Sun Belt,37.0,Louisiana,Sun Belt,17.0,"[{'provider': 'Bovada', 'spread': 7.0, 'formatted_spread': 'Louisiana -7.0', 'spread_open': 9.5, 'over_under': 59.5, 'over_under_open': 60.5, 'home_moneyline': 290.0, 'away_moneyline': -380.0}]",7.0
401531909,2023,10,regular,2023-11-04T20:00:00.000Z,Southern Mississippi,Sun Belt,24.0,Louisiana Monroe,Sun Belt,7.0,"[{'provider': 'Bovada', 'spread': -3.0, 'formatted_spread': 'Southern Mississippi -3.0', 'spread_open': -2.5, 'over_under': 56.0, 'over_under_open': 55.0, 'home_moneyline': -135.0, 'away_moneyline': 115.0}]",-3.0
401531910,2023,10,regular,2023-11-04T21:00:00.000Z,Texas State,Sun Belt,45.0,Georgia Southern,Sun Belt,24.0,"[{'provider': 'Bovada', 'spread': -2.5, 'formatted_spread': 'Texas State -2.5', 'spread_open': 1.5, 'over_under': 68.5, 'over_under_open': 71.0, 'home_moneyline': 105.0, 'away_moneyline': -125.0}]",-2.5
401532627,2023,13,regular,2023-11-26T03:30:00.000Z,San Diego State,Mountain West,33.0,Fresno State,Mountain West,18.0,"[{'provider': 'Bovada', 'spread': 4.5, 'formatted_spread': 'Fresno State -4.5', 'spread_open': 6.0, 'over_under': 47.0, 'over_under_open': 46.0, 'home_moneyline': 175.0, 'away_moneyline': -210.0}]",4.5
401532628,2023,13,regular,2023-11-25T20:00:00.000Z,UNLV,Mountain West,31.0,San José State,Mountain West,37.0,"[{'provider': 'Bovada', 'spread': -1.0, 'formatted_spread': 'UNLV -1.0', 'spread_open': -3.0, 'over_under': 58.0, 'over_under_open': 58.0, 'home_moneyline': -160.0, 'away_moneyline': 135.0}]",-1.0
401532629,2023,13,regular,2023-11-24T20:30:00.000Z,New Mexico,Mountain West,41.0,Utah State,Mountain West,44.0,"[{'provider': 'Bovada', 'spread': 4.5, 'formatted_spread': 'Utah State -4.5', 'spread_open': 8.5, 'over_under': 58.5, 'over_under_open': 62.0, 'home_moneyline': 275.0, 'away_moneyline': -350.0}]",4.5
401532630,2023,13,regular,2023-11-26T02:00:00.000Z,Nevada,Mountain West,6.0,Wyoming,Mountain West,42.0,"[{'provider': 'Bovada', 'spread': 11.5, 'formatted_spread': 'Wyoming -11.5', 'spread_open': 11.0, 'over_under': 42.0, 'over_under_open': 41.5, 'home_moneyline': 335.0, 'away_moneyline': -450.0}]",11.5
401520426,2023,13,regular,2023-11-24T21:00:00.000Z,Arkansas,SEC,14.0,Missouri,SEC,48.0,"[{'provider': 'Bovada', 'spread': 10.0, 'formatted_spread': 'Missouri -10.0', 'spread_open': 7.5, 'over_under': 53.5, 'over_under_open': 55.0, 'home_moneyline': 250.0, 'away_moneyline': -300.0}]",10.0
401520427,2023,13,regular,2023-11-25T20:30:00.000Z,Auburn,SEC,24.0,Alabama,SEC,27.0,"[{'provider': 'Bovada', 'spread': 14.0, 'formatted_spread': 'Alabama -14.0', 'spread_open': 13.0, 'over_under': 48.0, 'over_under_open': 49.0, 'home_moneyline': 475.0, 'away_moneyline': -700.0}]",14.0
401520428,2023,13,regular,2023-11-25T20:00:00.000Z,Florida International,Conference USA,28.0,Western Kentucky,Conference USA,41.0,"[{'provider': 'Bovada', 'spread': 11.5, 'formatted_spread': 'Western Kentucky -11.5', 'spread_open': 10.0, 'over_under': 54.0, 'over_under_open': 55.0, 'home_moneyline': 290.0, 'away_moneyline': -380.0}]",11.5
401520429,2023,13,regular,2023-11-26T00:00:00.000Z,Florida,SEC,15.0,Florida State,ACC,24.0,"[{'provider': 'Bovada', 'spread': 6.5, 'formatted_spread': 'Florida State -6.5', 'spread_open': 9.5, 'over_under': 48.5, 'over_under_open': 51.0, 'home_moneyline': 205.0, 'away_moneyline': -245.0}]",6.5
401520433,2023,13,regular,2023-11-25T17:00:00.000Z,LSU,SEC,42.0,Texas A&M,SEC,30.0,"[{'provider': 'Bovada', 'spread': -11.0, 'formatted_spread': 'LSU -11.0', 'spread_open': -10.5, 'over_under': 68.0, 'over_under_open': 66.0, 'home_moneyline': -415.0, 'away_moneyline': 310.0}]",-11.0
401520434,2023,13,regular,2023-11-25T17:00:00.000Z,Michigan,Big Ten,30.0,Ohio State,Big Ten,24.0,"[{'provider': 'Bovada', 'spread': -3.0, 'formatted_spread': 'Michigan -3.0', 'spread_open': -3.0, 'over_under': 47.0, 'over_under_open': 46.5, 'home_moneyline': -180.0, 'away_moneyline': 155.0}]",-3.0
401520438,2023,13,regular,2023-11-25T17:00:00.000Z,Purdue,Big Ten,35.0,Indiana,Big Ten,31.0,"[{'provider': 'Bovada', 'spread': -6.5, 'formatted_spread': 'Purdue -6.5', 'spread_open': -2.5, 'over_under': 55.5, 'over_under_open': 50.0, 'home_moneyline': -130.0, 'away_moneyline': 110.0}]",-6.5
401520440,2023,13,regular,2023-11-25T17:00:00.000Z,Sam Houston State,Conference USA,23.0,Middle Tennessee,Conference USA,20.0,"[{'provider': 'Bovada', 'spread': 3.5, 'formatted_spread': 'Middle Tennessee -3.5', 'spread_open': 4.5, 'over_under': 50.5, 'over_under_open': 49.0, 'home_moneyline': 150.0, 'away_moneyline': -175.0}]",3.5
401520441,2023,13,regular,2023-11-26T00:30:00.000Z,South Carolina,SEC,7.0,Clemson,ACC,16.0,"[{'provider': 'Bovada', 'spread': 7.5, 'formatted_spread': 'Clemson -7.5', 'spread_open': 6.5, 'over_under': 48.0, 'over_under_open': 52.0, 'home_moneyline': 235.0, 'away_moneyline': -285.0}]",7.5
401520444,2023,13,regular,2023-11-25T20:30:00.000Z,UTEP,Conference USA,28.0,Liberty,Conference USA,42.0,"[{'provider': 'Bovada', 'spread': 18.0, 'formatted_spread': 'Liberty -18.0', 'spread_open': 16.0, 'over_under': 54.5, 'over_under_open': 59.0, 'home_moneyline': 600.0, 'away_moneyline': -950.0}]",18.0
401520445,2023,15,regular,2023-12-09T20:00:00.000Z,Army,FBS Independents,17.0,Navy,American Athletic,11.0,"[{'provider': 'Bovada', 'spread': -2.5, 'formatted_spread': 'Army -2.5', 'spread_open': -1.5, 'over_under': 28.0, 'over_under_open': 30.5, 'home_moneyline': 130.0, 'away_moneyline': -150.0}]",-2.5
401520174,2023,1,regular,2023-08-31T23:30:00.000Z,Connecticut,FBS Independents,14.0,NC State,ACC,24.0,"[{'provider': 'Bovada', 'spread': 14.5, 'formatted_spread': 'NC State -14.5', 'spread_open': 16.0, 'over_under': 48.0, 'over_under_open': 50.0, 'home_moneyline': 500.0, 'away_moneyline': -750.0}]",14.5
401520165,2023,1,regular,2023-09-01T00:00:00.000Z,Missouri,SEC,35.0,South Dakota,MVFC,10.0,"[{'provider': 'Bovada', 'spread': -28.0, 'formatted_spread': 'Missouri -28.0', 'spread_open': -29.0, 'over_under': 45.5, 'over_under_open': 46.5, 'home_moneyline': -10000.0, 'away_moneyline': 1600.0}]",-28.0
401520176,2023,1,regular,2023-09-01T00:00:00.000Z,Utah,Pac-12,24.0,Florida,SEC,11.0,"[{'provider': 'Bovada', 'spread': -5.5, 'formatted_spread': 'Utah -5.5', 'spread_open': -8.5, 'over_under': 44.0, 'over_under_open': 51.0, 'home_moneyline': -230.0, 'away_moneyline': 190.0}]",-5.5
401531337,2023,1,regular,2023-09-01T00:00:00.000Z,Tulsa,American Athletic,42.0,Arkansas-Pine Bluff,SWAC,7.0,"[{'provider': 'Bovada', 'spread': -38.5, 'formatted_spread': 'Tulsa -38.5', 'spread_open': -37.0, 'over_under': 55.0, 'over_under_open': 55.0, 'home_moneyline': None, 'away_moneyline': None}]",-38.5
401525463,2023,1,regular,2023-09-01T23:00:00.000Z,Miami,ACC,38.0,Miami (OH),Mid-American,3.0,"[{'provider': 'Bovada', 'spread': -16.5, 'formatted_spread': 'Miami -16.5', 'spread_open': -17.5, 'over_under': 45.0, 'over_under_open': 48.5, 'home_moneyline': -900.0, 'away_moneyline': 575.0}]",-16.5
401525462,2023,1,regular,2023-09-01T23:30:00.000Z,Georgia Tech,ACC,34.0,Louisville,ACC,39.0,"[{'provider': 'Bovada', 'spread': 7.5, 'formatted_spread': 'Louisville -7.5', 'spread_open': 8.0, 'over_under': 49.5, 'over_under_open': 52.0, 'home_moneyline': 250.0, 'away_moneyline': -300.0}]",7.5
401523988,2023,1,regular,2023-09-02T03:00:00.000Z,Hawai'i,Mountain West,24.0,Stanford,Pac-12,37.0,"[{'provider': 'Bovada', 'spread': 2.5, 'formatted_spread': 'Stanford -2.5', 'spread_open': 8.0, 'over_under': 54.5, 'over_under_open': 58.5, 'home_moneyline': 235.0, 'away_moneyline': -285.0}]",2.5
401520179,2023,1,regular,2023-09-02T16:00:00.000Z,Tennessee,SEC,49.0,Virginia,ACC,13.0,"[{'provider': 'Bovada', 'spread': -27.0, 'formatted_spread': 'Tennessee -27.0', 'spread_open': -27.5, 'over_under': 55.5, 'over_under_open': 56.5, 'home_moneyline': None, 'away_moneyline': None}]",-27.0
401520156,2023,1,regular,2023-09-02T19:30:00.000Z,Indiana,Big Ten,3.0,Ohio State,Big Ten,23.0,"[{'provider': 'Bovada', 'spread': 30.0, 'formatted_spread': 'Ohio State -30.0', 'spread_open': 28.0, 'over_under': 59.5, 'over_under_open': 59.5, 'home_moneyline': 1600.0, 'away_moneyline': -10000.0}]",30.0
401523997,2023,1,regular,2023-09-02T19:30:00.000Z,Washington,Pac-12,56.0,Boise State,Mountain West,19.0,"[{'provider': 'Bovada', 'spread': -14.5, 'formatted_spread': 'Washington -14.5', 'spread_open': -14.5, 'over_under': 59.0, 'over_under_open': 58.5, 'home_moneyline': -675.0, 'away_moneyline': 460.0}]",-14.5
401525435,2023,1,regular,2023-09-02T19:30:00.000Z,Notre Dame,FBS Independents,56.0,Tennessee State,Big South-OVC,3.0,"[{'provider': 'Bovada', 'spread': -48.0, 'formatted_spread': 'Notre Dame -48.0', 'spread_open': -48.0, 'over_under': 54.5, 'over_under_open': 52.5, 'home_moneyline': None, 'away_moneyline': None}]",-48.0
401525895,2023,12,regular,2023-11-19T01:00:00.000Z,Iowa State,Big 12,16.0,Texas,Big 12,26.0,"[{'provider': 'Bovada', 'spread': 6.5, 'formatted_spread': 'Texas -6.5', 'spread_open': 8.5, 'over_under': 44.5, 'over_under_open': 47.5, 'home_moneyline': 255.0, 'away_moneyline': -310.0}]",6.5
401531840,2023,1,regular,2023-09-02T23:00:00.000Z,Southern Mississippi,Sun Belt,40.0,Alcorn State,SWAC,14.0,"[{'provider': 'Bovada', 'spread': -24.5, 'formatted_spread': 'Southern Mississippi -24.5', 'spread_open': -24.0, 'over_under': 47.5, 'over_under_open': 46.5, 'home_moneyline': -5000.0, 'away_moneyline': 1300.0}]",-24.5
401525824,2023,1,regular,2023-09-02T19:30:00.000Z,Texas,Big 12,37.0,Rice,American Athletic,10.0,"[{'provider': 'Bovada', 'spread': -35.5, 'formatted_spread': 'Texas -35.5', 'spread_open': -35.0, 'over_under': 58.5, 'over_under_open': 59.0, 'home_moneyline': None, 'away_moneyline': None}]",-35.5
401523996,2023,1,regular,2023-09-02T22:30:00.000Z,USC,Pac-12,66.0,Nevada,Mountain West,14.0,"[{'provider': 'Bovada', 'spread': -38.0, 'formatted_spread': 'USC -38.0', 'spread_open': -38.0, 'over_under': 63.5, 'over_under_open': 66.0, 'home_moneyline': None, 'away_moneyline': None}]",-38.0
401520149,2023,1,regular,2023-09-02T23:30:00.000Z,Alabama,SEC,56.0,Middle Tennessee,Conference USA,7.0,"[{'provider': 'Bovada', 'spread': -39.5, 'formatted_spread': 'Alabama -39.5', 'spread_open': -39.0, 'over_under': 51.5, 'over_under_open': 54.0, 'home_moneyline': None, 'away_moneyline': None}]",-39.5
401520169,2023,1,regular,2023-09-02T23:30:00.000Z,Penn State,Big Ten,38.0,West Virginia,Big 12,15.0,"[{'provider': 'Bovada', 'spread': -20.5, 'formatted_spread': 'Penn State -20.5', 'spread_open': -20.0, 'over_under': 48.0, 'over_under_open': 53.5, 'home_moneyline': -1400.0, 'away_moneyline': 750.0}]",-20.5
401520200,2023,2,regular,2023-09-09T23:30:00.000Z,Maryland,Big Ten,38.0,Charlotte,American Athletic,20.0,"[{'provider': 'Bovada', 'spread': -24.5, 'formatted_spread': 'Maryland -24.5', 'spread_open': -24.5, 'over_under': 50.0, 'over_under_open': 50.5, 'home_moneyline': -3500.0, 'away_moneyline': 1100.0}]",-24.5
401520204,2023,2,regular,2023-09-09T23:30:00.000Z,Minnesota,Big Ten,25.0,Eastern Michigan,Mid-American,6.0,"[{'provider': 'Bovada', 'spread': -19.5, 'formatted_spread': 'Minnesota -19.5', 'spread_open': -19.5, 'over_under': 48.0, 'over_under_open': 47.0, 'home_moneyline': -1300.0, 'away_moneyline': 725.0}]",-19.5
401520205,2023,2,regular,2023-09-09T23:30:00.000Z,Mississippi State,SEC,31.0,Arizona,Pac-12,24.0,"[{'provider': 'Bovada', 'spread': -9.0, 'formatted_spread': 'Mississippi State -9.0', 'spread_open': -13.0, 'over_under': 60.0, 'over_under_open': 58.0, 'home_moneyline': -420.0, 'away_moneyline': 315.0}]",-9.0
401520210,2023,2,regular,2023-09-09T23:30:00.000Z,Rutgers,Big Ten,36.0,Temple,American Athletic,7.0,"[{'provider': 'Bovada', 'spread': -7.5, 'formatted_spread': 'Rutgers -7.5', 'spread_open': -10.0, 'over_under': 43.5, 'over_under_open': 46.5, 'home_moneyline': -400.0, 'away_moneyline': 300.0}]",-7.5
401520217,2023,2,regular,2023-09-09T23:30:00.000Z,Washington State,Pac-12,31.0,Wisconsin,Big Ten,22.0,"[{'provider': 'Bovada', 'spread': 5.5, 'formatted_spread': 'Wisconsin -5.5', 'spread_open': 4.5, 'over_under': 57.5, 'over_under_open': 55.0, 'home_moneyline': 155.0, 'away_moneyline': -180.0}]",5.5
401524001,2023,2,regular,2023-09-09T23:30:00.000Z,San Diego State,Mountain West,10.0,UCLA,Pac-12,35.0,"[{'provider': 'Bovada', 'spread': 13.5, 'formatted_spread': 'UCLA -13.5', 'spread_open': 13.0, 'over_under': 49.0, 'over_under_open': 49.0, 'home_moneyline': 400.0, 'away_moneyline': -575.0}]",13.5
401531338,2023,4,regular,2023-09-23T16:00:00.000Z,Northern Illinois,Mid-American,14.0,Tulsa,American Athletic,22.0,"[{'provider': 'Bovada', 'spread': -4.0, 'formatted_spread': 'Northern Illinois -4.0', 'spread_open': -3.0, 'over_under': 54.5, 'over_under_open': 53.5, 'home_moneyline': -175.0, 'away_moneyline': 150.0}]",-4.0
401531423,2023,4,regular,2023-09-23T20:00:00.000Z,South Florida,American Athletic,42.0,Rice,American Athletic,29.0,"[{'provider': 'Bovada', 'spread': 2.5, 'formatted_spread': 'Rice -2.5', 'spread_open': 2.0, 'over_under': 57.5, 'over_under_open': 55.5, 'home_moneyline': 105.0, 'away_moneyline': -125.0}]",2.5
401520260,2023,4,regular,2023-09-23T16:00:00.000Z,Michigan,Big Ten,31.0,Rutgers,Big Ten,7.0,"[{'provider': 'Bovada', 'spread': -23.5, 'formatted_spread': 'Michigan -23.5', 'spread_open': -26.0, 'over_under': 43.0, 'over_under_open': 45.0, 'home_moneyline': -2800.0, 'away_moneyline': 1100.0}]",-23.5
401520261,2023,4,regular,2023-09-23T19:30:00.000Z,Michigan State,Big Ten,9.0,Maryland,Big Ten,31.0,"[{'provider': 'Bovada', 'spread': 7.5, 'formatted_spread': 'Maryland -7.5', 'spread_open': 6.0, 'over_under': 52.5, 'over_under_open': 53.0, 'home_moneyline': 180.0, 'away_moneyline': -220.0}]",7.5
401520272,2023,4,regular,2023-09-23T19:30:00.000Z,Connecticut,FBS Independents,7.0,Duke,ACC,41.0,"[{'provider': 'Bovada', 'spread': 22.0, 'formatted_spread': 'Duke -22.0', 'spread_open': 22.5, 'over_under': 45.0, 'over_under_open': 47.0, 'home_moneyline': 850.0, 'away_moneyline': -1800.0}]",22.0
401520254,2023,4,regular,2023-09-23T23:00:00.000Z,Houston,Big 12,38.0,Sam Houston State,Conference USA,7.0,"[{'provider': 'Bovada', 'spread': -11.5, 'formatted_spread': 'Houston -11.5', 'spread_open': -14.0, 'over_under': 37.0, 'over_under_open': 39.0, 'home_moneyline': -440.0, 'away_moneyline': 330.0}]",-11.5
401520262,2023,4,regular,2023-09-23T23:00:00.000Z,Middle Tennessee,Conference USA,23.0,Colorado State,Mountain West,31.0,"[{'provider': 'Bovada', 'spread': -4.0, 'formatted_spread': 'Middle Tennessee -4.0', 'spread_open': -2.0, 'over_under': 50.0, 'over_under_open': 53.0, 'home_moneyline': -130.0, 'away_moneyline': 110.0}]",-4.0
401531870,2023,4,regular,2023-09-23T23:00:00.000Z,Wyoming,Mountain West,22.0,Appalachian State,Sun Belt,19.0,"[{'provider': 'Bovada', 'spread': -3.0, 'formatted_spread': 'Wyoming -3.0', 'spread_open': -1.5, 'over_under': 45.0, 'over_under_open': 44.0, 'home_moneyline': -130.0, 'away_moneyline': 110.0}]",-3.0
401520265,2023,4,regular,2023-09-23T23:30:00.000Z,Penn State,Big Ten,31.0,Iowa,Big Ten,0.0,"[{'provider': 'Bovada', 'spread': -14.0, 'formatted_spread': 'Penn State -14.0', 'spread_open': -14.0, 'over_under': 38.0, 'over_under_open': 42.0, 'home_moneyline': -575.0, 'away_moneyline': 400.0}]",-14.0
401521330,2023,4,regular,2023-09-23T23:30:00.000Z,Notre Dame,FBS Independents,14.0,Ohio State,Big Ten,17.0,"[{'provider': 'Bovada', 'spread': 3.0, 'formatted_spread': 'Ohio State -3.0', 'spread_open': 7.5, 'over_under': 55.5, 'over_under_open': 54.0, 'home_moneyline': 130.0, 'away_moneyline': -150.0}]",3.0
401525515,2023,5,regular,2023-09-30T19:30:00.000Z,Georgia Tech,ACC,27.0,Bowling Green,Mid-American,38.0,"[{'provider': 'Bovada', 'spread': -22.5, 'formatted_spread': 'Georgia Tech -22.5', 'spread_open': -20.0, 'over_under': 52.5, 'over_under_open': 54.5, 'home_moneyline': -1200.0, 'away_moneyline': 700.0}]",-22.5
401525516,2023,5,regular,2023-10-01T00:00:00.000Z,Virginia Tech,ACC,38.0,Pittsburgh,ACC,21.0,"[{'provider': 'Bovada', 'spread': 2.5, 'formatted_spread': 'Pittsburgh -2.5', 'spread_open': 2.0, 'over_under': 40.0, 'over_under_open': 42.5, 'home_moneyline': 110.0, 'away_moneyline': -130.0}]",2.5
401525852,2023,5,regular,2023-09-30T23:00:00.000Z,Oklahoma,Big 12,50.0,Iowa State,Big 12,20.0,"[{'provider': 'Bovada', 'spread': -20.0, 'formatted_spread': 'Oklahoma -20.0', 'spread_open': -21.0, 'over_under': 48.5, 'over_under_open': 48.5, 'home_moneyline': -1300.0, 'away_moneyline': 725.0}]",-20.0
401525853,2023,5,regular,2023-10-01T00:00:00.000Z,TCU,Big 12,21.0,West Virginia,Big 12,24.0,"[{'provider': 'Bovada', 'spread': -11.0, 'formatted_spread': 'TCU -11.0', 'spread_open': -10.0, 'over_under': 51.0, 'over_under_open': 51.0, 'home_moneyline': -435.0, 'away_moneyline': 325.0}]",-11.0
401525854,2023,5,regular,2023-09-30T19:30:00.000Z,Texas,Big 12,40.0,Kansas,Big 12,14.0,"[{'provider': 'Bovada', 'spread': -17.0, 'formatted_spread': 'Texas -17.0', 'spread_open': -18.5, 'over_under': 63.0, 'over_under_open': 62.0, 'home_moneyline': -800.0, 'away_moneyline': 525.0}]",-17.0
401525855,2023,5,regular,2023-09-30T19:30:00.000Z,Texas Tech,Big 12,49.0,Houston,Big 12,28.0,"[{'provider': 'Bovada', 'spread': -10.0, 'formatted_spread': 'Texas Tech -10.0', 'spread_open': -10.0, 'over_under': 51.5, 'over_under_open': 56.0, 'home_moneyline': -390.0, 'away_moneyline': 295.0}]",-10.0
401525856,2023,5,regular,2023-09-30T19:30:00.000Z,UCF,Big 12,35.0,Baylor,Big 12,36.0,"[{'provider': 'Bovada', 'spread': -11.5, 'formatted_spread': 'UCF -11.5', 'spread_open': -12.0, 'over_under': 56.0, 'over_under_open': 56.0, 'home_moneyline': -450.0, 'away_moneyline': 335.0}]",-11.5
401526836,2023,5,regular,2023-09-30T19:30:00.000Z,UMass,FBS Independents,28.0,Arkansas State,Sun Belt,52.0,"[{'provider': 'Bovada', 'spread': -1.5, 'formatted_spread': 'UMass -1.5', 'spread_open': 0.0, 'over_under': 55.0, 'over_under_open': 55.5, 'home_moneyline': -120.0, 'away_moneyline': 100.0}]",-1.5
401531370,2023,5,regular,2023-09-30T16:00:00.000Z,Tulane,American Athletic,35.0,UAB,American Athletic,23.0,"[{'provider': 'Bovada', 'spread': -22.0, 'formatted_spread': 'Tulane -22.0', 'spread_open': -20.0, 'over_under': 57.0, 'over_under_open': 57.0, 'home_moneyline': -1400.0, 'away_moneyline': 750.0}]",-22.0
401531404,2023,5,regular,2023-09-30T23:30:00.000Z,SMU,American Athletic,34.0,Charlotte,American Athletic,16.0,"[{'provider': 'Bovada', 'spread': -23.5, 'formatted_spread': 'SMU -23.5', 'spread_open': -23.0, 'over_under': 56.0, 'over_under_open': 56.5, 'home_moneyline': -1800.0, 'away_moneyline': 850.0}]",-23.5
401531414,2023,5,regular,2023-09-30T23:00:00.000Z,Rice,American Athletic,24.0,East Carolina,American Athletic,17.0,"[{'provider': 'Bovada', 'spread': -3.0, 'formatted_spread': 'Rice -3.0', 'spread_open': -5.5, 'over_under': 48.5, 'over_under_open': 51.5, 'home_moneyline': -145.0, 'away_moneyline': 125.0}]",-3.0
401531429,2023,5,regular,2023-09-30T20:00:00.000Z,Memphis,American Athletic,35.0,Boise State,Mountain West,32.0,"[{'provider': 'Bovada', 'spread': -3.5, 'formatted_spread': 'Memphis -3.5', 'spread_open': -1.0, 'over_under': 59.5, 'over_under_open': 60.0, 'home_moneyline': -170.0, 'away_moneyline': 145.0}]",-3.5
401531878,2023,5,regular,2023-09-30T23:00:00.000Z,Georgia Southern,Sun Belt,38.0,Coastal Carolina,Sun Belt,28.0,"[{'provider': 'Bovada', 'spread': -6.0, 'formatted_spread': 'Georgia Southern -6.0', 'spread_open': -5.0, 'over_under': 62.0, 'over_under_open': 62.5, 'home_moneyline': -230.0, 'away_moneyline': 190.0}]",-6.0
401531879,2023,5,regular,2023-09-30T23:00:00.000Z,Georgia State,Sun Belt,7.0,Troy,Sun Belt,28.0,"[{'provider': 'Bovada', 'spread': -1.0, 'formatted_spread': 'Georgia State -1.0', 'spread_open': -3.5, 'over_under': 51.5, 'over_under_open': 52.0, 'home_moneyline': -115.0, 'away_moneyline': -105.0}]",-1.0
401531880,2023,5,regular,2023-09-30T16:00:00.000Z,James Madison,Sun Belt,31.0,South Alabama,Sun Belt,23.0,"[{'provider': 'Bovada', 'spread': -3.5, 'formatted_spread': 'James Madison -3.5', 'spread_open': -5.0, 'over_under': 52.0, 'over_under_open': 52.0, 'home_moneyline': -165.0, 'away_moneyline': 140.0}]",-3.5
401520284,2023,5,regular,2023-09-30T16:00:00.000Z,Minnesota,Big Ten,35.0,Louisiana,Sun Belt,24.0,"[{'provider': 'Bovada', 'spread': -10.0, 'formatted_spread': 'Minnesota -10.0', 'spread_open': -9.5, 'over_under': 47.5, 'over_under_open': 47.0, 'home_moneyline': None, 'away_moneyline': None}]",-10.0
401531424,2023,5,regular,2023-09-30T19:30:00.000Z,Navy,American Athletic,30.0,South Florida,American Athletic,44.0,"[{'provider': 'Bovada', 'spread': -4.0, 'formatted_spread': 'Navy -4.0', 'spread_open': -4.0, 'over_under': 54.5, 'over_under_open': 53.0, 'home_moneyline': -185.0, 'away_moneyline': 160.0}]",-4.0
401520299,2023,6,regular,2023-10-07T20:00:00.000Z,Florida,SEC,38.0,Vanderbilt,SEC,14.0,"[{'provider': 'Bovada', 'spread': -18.5, 'formatted_spread': 'Florida -18.5', 'spread_open': -18.0, 'over_under': 51.0, 'over_under_open': 53.5, 'home_moneyline': -1000.0, 'away_moneyline': 625.0}]",-18.5
401520303,2023,6,regular,2023-10-07T23:30:00.000Z,Minnesota,Big Ten,10.0,Michigan,Big Ten,52.0,"[{'provider': 'Bovada', 'spread': 18.5, 'formatted_spread': 'Michigan -18.5', 'spread_open': 20.0, 'over_under': 46.0, 'over_under_open': 46.0, 'home_moneyline': 750.0, 'away_moneyline': -1400.0}]",18.5
401520304,2023,6,regular,2023-10-07T16:00:00.000Z,Mississippi State,SEC,41.0,Western Michigan,Mid-American,28.0,"[{'provider': 'Bovada', 'spread': -21.0, 'formatted_spread': 'Mississippi State -21.0', 'spread_open': -20.0, 'over_under': 55.0, 'over_under_open': 56.0, 'home_moneyline': -1500.0, 'away_moneyline': 775.0}]",-21.0
401520307,2023,6,regular,2023-10-07T16:00:00.000Z,Ohio State,Big Ten,37.0,Maryland,Big Ten,17.0,"[{'provider': 'Bovada', 'spread': -17.0, 'formatted_spread': 'Ohio State -17.0', 'spread_open': -18.0, 'over_under': 57.0, 'over_under_open': 55.0, 'home_moneyline': -1200.0, 'away_moneyline': 700.0}]",-17.0
401520310,2023,6,regular,2023-10-07T19:30:00.000Z,Texas A&M,SEC,20.0,Alabama,SEC,26.0,"[{'provider': 'Bovada', 'spread': 2.5, 'formatted_spread': 'Alabama -2.5', 'spread_open': 3.0, 'over_under': 45.5, 'over_under_open': 49.5, 'home_moneyline': -105.0, 'away_moneyline': -115.0}]",2.5
401525517,2023,6,regular,2023-10-07T19:30:00.000Z,Clemson,ACC,17.0,Wake Forest,ACC,12.0,"[{'provider': 'Bovada', 'spread': -21.0, 'formatted_spread': 'Clemson -21.0', 'spread_open': -21.0, 'over_under': 53.0, 'over_under_open': 51.5, 'home_moneyline': -1500.0, 'away_moneyline': 775.0}]",-21.0
401532597,2023,7,regular,2023-10-14T21:00:00.000Z,Nevada,Mountain West,27.0,UNLV,Mountain West,45.0,"[{'provider': 'Bovada', 'spread': 7.5, 'formatted_spread': 'UNLV -7.5', 'spread_open': 9.5, 'over_under': 51.5, 'over_under_open': 56.0, 'home_moneyline': 290.0, 'away_moneyline': -380.0}]",7.5
401532598,2023,7,regular,2023-10-14T23:00:00.000Z,Air Force,Mountain West,34.0,Wyoming,Mountain West,27.0,"[{'provider': 'Bovada', 'spread': -13.0, 'formatted_spread': 'Air Force -13.0', 'spread_open': -10.0, 'over_under': 41.0, 'over_under_open': 45.0, 'home_moneyline': -415.0, 'away_moneyline': 310.0}]",-13.0
401524031,2023,7,regular,2023-10-14T23:30:00.000Z,Notre Dame,FBS Independents,48.0,USC,Pac-12,20.0,"[{'provider': 'Bovada', 'spread': -3.0, 'formatted_spread': 'Notre Dame -3.0', 'spread_open': 0.0, 'over_under': 61.0, 'over_under_open': 62.5, 'home_moneyline': -125.0, 'away_moneyline': 105.0}]",-3.0
401532595,2023,7,regular,2023-10-15T03:00:00.000Z,Hawai'i,Mountain West,34.0,San Diego State,Mountain West,41.0,"[{'provider': 'Bovada', 'spread': 6.0, 'formatted_spread': 'San Diego State -6.0', 'spread_open': 5.0, 'over_under': 52.0, 'over_under_open': 52.0, 'home_moneyline': 190.0, 'away_moneyline': -230.0}]",6.0
401520330,2023,8,regular,2023-10-17T23:00:00.000Z,Liberty,Conference USA,42.0,Middle Tennessee,Conference USA,35.0,"[{'provider': 'Bovada', 'spread': -16.0, 'formatted_spread': 'Liberty -16.0', 'spread_open': -14.5, 'over_under': 56.5, 'over_under_open': 56.5, 'home_moneyline': -675.0, 'away_moneyline': 460.0}]",-16.0
401520329,2023,8,regular,2023-10-17T23:30:00.000Z,Jacksonville State,Conference USA,20.0,Western Kentucky,Conference USA,17.0,"[{'provider': 'Bovada', 'spread': 7.5, 'formatted_spread': 'Western Kentucky -7.5', 'spread_open': 8.0, 'over_under': 60.5, 'over_under_open': 59.0, 'home_moneyline': 270.0, 'away_moneyline': -340.0}]",7.5
401531892,2023,8,regular,2023-10-17T23:30:00.000Z,South Alabama,Sun Belt,55.0,Southern Mississippi,Sun Belt,3.0,"[{'provider': 'Bovada', 'spread': -18.5, 'formatted_spread': 'South Alabama -18.5', 'spread_open': -19.0, 'over_under': 51.0, 'over_under_open': 51.5, 'home_moneyline': -1100.0, 'away_moneyline': 650.0}]",-18.5
401520331,2023,8,regular,2023-10-18T23:00:00.000Z,Sam Houston State,Conference USA,27.0,Florida International,Conference USA,33.0,"[{'provider': 'Bovada', 'spread': -5.5, 'formatted_spread': 'Sam Houston State -5.5', 'spread_open': -5.5, 'over_under': 42.0, 'over_under_open': 41.0, 'home_moneyline': -210.0, 'away_moneyline': 175.0}]",-5.5
401520332,2023,8,regular,2023-10-19T01:00:00.000Z,UTEP,Conference USA,7.0,New Mexico State,Conference USA,28.0,"[{'provider': 'Bovada', 'spread': 3.0, 'formatted_spread': 'New Mexico State -3.0', 'spread_open': 3.0, 'over_under': 49.0, 'over_under_open': 48.0, 'home_moneyline': 125.0, 'away_moneyline': -145.0}]",3.0
401531341,2023,8,regular,2023-10-19T23:00:00.000Z,Tulsa,American Athletic,10.0,Rice,American Athletic,42.0,"[{'provider': 'Bovada', 'spread': -3.5, 'formatted_spread': 'Tulsa -3.5', 'spread_open': -3.0, 'over_under': 56.5, 'over_under_open': 57.5, 'home_moneyline': -160.0, 'away_moneyline': 135.0}]",-3.5
401531893,2023,8,regular,2023-10-19T23:00:00.000Z,Marshall,Sun Belt,9.0,James Madison,Sun Belt,20.0,"[{'provider': 'Bovada', 'spread': 5.0, 'formatted_spread': 'James Madison -5.0', 'spread_open': 4.0, 'over_under': 49.5, 'over_under_open': 51.0, 'home_moneyline': 145.0, 'away_moneyline': -170.0}]",5.0
401531391,2023,8,regular,2023-10-20T23:00:00.000Z,Temple,American Athletic,0.0,SMU,American Athletic,55.0,"[{'provider': 'Bovada', 'spread': 24.0, 'formatted_spread': 'SMU -24.0', 'spread_open': 20.5, 'over_under': 53.0, 'over_under_open': 54.5, 'home_moneyline': 700.0, 'away_moneyline': -1200.0}]",24.0
401524035,2023,8,regular,2023-10-21T19:30:00.000Z,Oregon,Pac-12,38.0,Washington State,Pac-12,24.0,"[{'provider': 'Bovada', 'spread': -19.0, 'formatted_spread': 'Oregon -19.0', 'spread_open': -19.5, 'over_under': 61.5, 'over_under_open': 62.5, 'home_moneyline': -1300.0, 'away_moneyline': 725.0}]",-19.0
401524036,2023,8,regular,2023-10-22T02:30:00.000Z,Stanford,Pac-12,7.0,UCLA,Pac-12,42.0,"[{'provider': 'Bovada', 'spread': 17.0, 'formatted_spread': 'UCLA -17.0', 'spread_open': 16.5, 'over_under': 51.5, 'over_under_open': 54.0, 'home_moneyline': 550.0, 'away_moneyline': -850.0}]",17.0
401524038,2023,8,regular,2023-10-22T02:30:00.000Z,Washington,Pac-12,15.0,Arizona State,Pac-12,7.0,"[{'provider': 'Bovada', 'spread': -28.0, 'formatted_spread': 'Washington -28.0', 'spread_open': -27.5, 'over_under': 60.0, 'over_under_open': 59.0, 'home_moneyline': -10000.0, 'away_moneyline': 1600.0}]",-28.0
401525531,2023,8,regular,2023-10-21T22:30:00.000Z,North Carolina,ACC,27.0,Virginia,ACC,31.0,"[{'provider': 'Bovada', 'spread': -24.0, 'formatted_spread': 'North Carolina -24.0', 'spread_open': -23.5, 'over_under': 57.5, 'over_under_open': 56.5, 'home_moneyline': -2200.0, 'away_moneyline': 1000.0}]",-24.0
401525869,2023,8,regular,2023-10-21T20:00:00.000Z,Houston,Big 12,24.0,Texas,Big 12,31.0,"[{'provider': 'Bovada', 'spread': 23.0, 'formatted_spread': 'Texas -23.0', 'spread_open': 23.0, 'over_under': 60.5, 'over_under_open': 61.0, 'home_moneyline': 900.0, 'away_moneyline': -1900.0}]",23.0
401525871,2023,8,regular,2023-10-21T16:00:00.000Z,Oklahoma,Big 12,31.0,UCF,Big 12,29.0,"[{'provider': 'Bovada', 'spread': -17.0, 'formatted_spread': 'Oklahoma -17.0', 'spread_open': -19.5, 'over_under': 68.0, 'over_under_open': 65.0, 'home_moneyline': -1000.0, 'away_moneyline': 625.0}]",-17.0
401531895,2023,8,regular,2023-10-21T23:00:00.000Z,Old Dominion,Sun Belt,28.0,Appalachian State,Sun Belt,21.0,"[{'provider': 'Bovada', 'spread': 6.0, 'formatted_spread': 'Appalachian State -6.0', 'spread_open': 6.5, 'over_under': 56.5, 'over_under_open': 54.0, 'home_moneyline': 180.0, 'away_moneyline': -220.0}]",6.0
401531896,2023,8,regular,2023-10-21T23:00:00.000Z,Arkansas State,Sun Belt,17.0,Coastal Carolina,Sun Belt,27.0,"[{'provider': 'Bovada', 'spread': 8.5, 'formatted_spread': 'Coastal Carolina -8.5', 'spread_open': 10.0, 'over_under': 59.5, 'over_under_open': 59.0, 'home_moneyline': 270.0, 'away_moneyline': -340.0}]",8.5
401531897,2023,8,regular,2023-10-22T00:00:00.000Z,Louisiana,Sun Belt,17.0,Georgia State,Sun Belt,20.0,"[{'provider': 'Bovada', 'spread': -3.0, 'formatted_spread': 'Louisiana -3.0', 'spread_open': -3.5, 'over_under': 62.0, 'over_under_open': 62.5, 'home_moneyline': -170.0, 'away_moneyline': 145.0}]",-3.0
401532426,2023,8,regular,2023-10-21T19:30:00.000Z,Northern Illinois,Mid-American,20.0,Eastern Michigan,Mid-American,13.0,"[{'provider': 'Bovada', 'spread': -12.0, 'formatted_spread': 'Northern Illinois -12.0', 'spread_open': -11.5, 'over_under': 43.0, 'over_under_open': 45.5, 'home_moneyline': -480.0, 'away_moneyline': 350.0}]",-12.0
401532427,2023,8,regular,2023-10-21T20:00:00.000Z,Miami (OH),Mid-American,17.0,Toledo,Mid-American,21.0,"[{'provider': 'Bovada', 'spread': 2.5, 'formatted_spread': 'Toledo -2.5', 'spread_open': 1.0, 'over_under': 46.5, 'over_under_open': 48.0, 'home_moneyline': 100.0, 'away_moneyline': -120.0}]",2.5
401532447,2023,12,regular,2023-11-16T00:00:00.000Z,Miami (OH),Mid-American,23.0,Buffalo,Mid-American,10.0,"[{'provider': 'Bovada', 'spread': -7.5, 'formatted_spread': 'Miami (OH) -7.5', 'spread_open': -9.0, 'over_under': 37.0, 'over_under_open': 41.5, 'home_moneyline': -350.0, 'away_moneyline': 275.0}]",-7.5
401525553,2023,12,regular,2023-11-17T00:00:00.000Z,Pittsburgh,ACC,24.0,Boston College,ACC,16.0,"[{'provider': 'Bovada', 'spread': -2.5, 'formatted_spread': 'Pittsburgh -2.5', 'spread_open': -2.0, 'over_under': 46.5, 'over_under_open': 47.5, 'home_moneyline': -140.0, 'away_moneyline': 120.0}]",-2.5
401531401,2023,12,regular,2023-11-18T02:00:00.000Z,UT San Antonio,American Athletic,49.0,South Florida,American Athletic,21.0,"[{'provider': 'Bovada', 'spread': -14.5, 'formatted_spread': 'UT San Antonio -14.5', 'spread_open': -16.0, 'over_under': 66.5, 'over_under_open': 66.5, 'home_moneyline': -800.0, 'away_moneyline': 525.0}]",-14.5
401524057,2023,12,regular,2023-11-18T03:30:00.000Z,Washington State,Pac-12,56.0,Colorado,Pac-12,14.0,"[{'provider': 'Bovada', 'spread': -4.0, 'formatted_spread': 'Washington State -4.0', 'spread_open': -5.0, 'over_under': 59.0, 'over_under_open': 64.0, 'home_moneyline': -185.0, 'away_moneyline': 160.0}]",-4.0
401520405,2023,12,regular,2023-11-18T17:00:00.000Z,Indiana,Big Ten,21.0,Michigan State,Big Ten,24.0,"[{'provider': 'Bovada', 'spread': -3.5, 'formatted_spread': 'Indiana -3.5', 'spread_open': -5.0, 'over_under': 46.5, 'over_under_open': 46.5, 'home_moneyline': -165.0, 'away_moneyline': 140.0}]",-3.5
401520406,2023,12,regular,2023-11-18T20:30:00.000Z,Iowa,Big Ten,15.0,Illinois,Big Ten,13.0,"[{'provider': 'Bovada', 'spread': -3.0, 'formatted_spread': 'Iowa -3.0', 'spread_open': -4.0, 'over_under': 33.5, 'over_under_open': 31.5, 'home_moneyline': -145.0, 'away_moneyline': 125.0}]",-3.0
401520410,2023,12,regular,2023-11-18T17:00:00.000Z,Maryland,Big Ten,24.0,Michigan,Big Ten,31.0,"[{'provider': 'Bovada', 'spread': 17.5, 'formatted_spread': 'Michigan -17.5', 'spread_open': 21.0, 'over_under': 51.0, 'over_under_open': 50.5, 'home_moneyline': 750.0, 'away_moneyline': -1400.0}]",17.5
401520413,2023,12,regular,2023-11-19T00:30:00.000Z,Missouri,SEC,33.0,Florida,SEC,31.0,"[{'provider': 'Bovada', 'spread': -12.5, 'formatted_spread': 'Missouri -12.5', 'spread_open': -11.0, 'over_under': 55.0, 'over_under_open': 57.5, 'home_moneyline': -460.0, 'away_moneyline': 340.0}]",-12.5
401520414,2023,12,regular,2023-11-18T17:00:00.000Z,Northwestern,Big Ten,23.0,Purdue,Big Ten,15.0,"[{'provider': 'Bovada', 'spread': -2.5, 'formatted_spread': 'Northwestern -2.5', 'spread_open': -1.5, 'over_under': 47.5, 'over_under_open': 47.5, 'home_moneyline': 115.0, 'away_moneyline': -135.0}]",-2.5
401520415,2023,12,regular,2023-11-18T21:00:00.000Z,Ohio State,Big Ten,37.0,Minnesota,Big Ten,3.0,"[{'provider': 'Bovada', 'spread': -27.5, 'formatted_spread': 'Ohio State -27.5', 'spread_open': -28.5, 'over_under': 51.5, 'over_under_open': 49.0, 'home_moneyline': -10000.0, 'away_moneyline': 1600.0}]",-27.5
401520417,2023,12,regular,2023-11-18T17:00:00.000Z,Penn State,Big Ten,27.0,Rutgers,Big Ten,6.0,"[{'provider': 'Bovada', 'spread': -19.5, 'formatted_spread': 'Penn State -19.5', 'spread_open': -19.0, 'over_under': 40.0, 'over_under_open': 43.0, 'home_moneyline': -1200.0, 'away_moneyline': 700.0}]",-19.5
401520419,2023,12,regular,2023-11-18T20:30:00.000Z,Tennessee,SEC,10.0,Georgia,SEC,38.0,"[{'provider': 'Bovada', 'spread': 9.0, 'formatted_spread': 'Georgia -9.0', 'spread_open': 7.5, 'over_under': 59.0, 'over_under_open': 59.5, 'home_moneyline': 300.0, 'away_moneyline': -400.0}]",9.0
401524058,2023,12,regular,2023-11-18T19:30:00.000Z,Arizona,Pac-12,42.0,Utah,Pac-12,18.0,"[{'provider': 'Bovada', 'spread': -2.5, 'formatted_spread': 'Arizona -2.5', 'spread_open': 0.0, 'over_under': 47.0, 'over_under_open': 46.0, 'home_moneyline': -115.0, 'away_moneyline': -105.0}]",-2.5
401524059,2023,12,regular,2023-11-18T21:00:00.000Z,Arizona State,Pac-12,13.0,Oregon,Pac-12,49.0,"[{'provider': 'Bovada', 'spread': 24.5, 'formatted_spread': 'Oregon -24.5', 'spread_open': 22.5, 'over_under': 53.5, 'over_under_open': 54.5, 'home_moneyline': 1000.0, 'away_moneyline': -2500.0}]",24.5
401524060,2023,12,regular,2023-11-19T00:30:00.000Z,Oregon State,Pac-12,20.0,Washington,Pac-12,22.0,"[{'provider': 'Bovada', 'spread': -1.0, 'formatted_spread': 'Oregon State -1.0', 'spread_open': -1.0, 'over_under': 62.0, 'over_under_open': 64.0, 'home_moneyline': -120.0, 'away_moneyline': 100.0}]",-1.0
401532453,2023,13,regular,2023-11-25T17:00:00.000Z,Kent State,Mid-American,27.0,Northern Illinois,Mid-American,37.0,"[{'provider': 'Bovada', 'spread': 20.5, 'formatted_spread': 'Northern Illinois -20.5', 'spread_open': 18.0, 'over_under': 45.0, 'over_under_open': 44.5, 'home_moneyline': 600.0, 'away_moneyline': -950.0}]",20.5
401525493,2023,2,regular,2023-09-10T00:30:00.000Z,Florida State,ACC,66.0,Southern Mississippi,Sun Belt,13.0,"[{'provider': 'Bovada', 'spread': -31.0, 'formatted_spread': 'Florida State -31.0', 'spread_open': -28.0, 'over_under': 54.0, 'over_under_open': 52.0, 'home_moneyline': -10000.0, 'away_moneyline': 1600.0}]",-31.0
401520186,2023,2,regular,2023-09-10T02:30:00.000Z,California,Pac-12,10.0,Auburn,SEC,14.0,"[{'provider': 'Bovada', 'spread': 5.0, 'formatted_spread': 'Auburn -5.0', 'spread_open': 7.0, 'over_under': 55.5, 'over_under_open': 57.0, 'home_moneyline': 225.0, 'away_moneyline': -275.0}]",5.0
401523998,2023,2,regular,2023-09-10T02:30:00.000Z,Arizona State,Pac-12,15.0,Oklahoma State,Big 12,27.0,"[{'provider': 'Bovada', 'spread': 2.5, 'formatted_spread': 'Oklahoma State -2.5', 'spread_open': 3.5, 'over_under': 53.5, 'over_under_open': 53.0, 'home_moneyline': 145.0, 'away_moneyline': -170.0}]",2.5
401524003,2023,2,regular,2023-09-10T02:30:00.000Z,USC,Pac-12,56.0,Stanford,Pac-12,10.0,"[{'provider': 'Bovada', 'spread': -28.5, 'formatted_spread': 'USC -28.5', 'spread_open': -30.0, 'over_under': 70.0, 'over_under_open': 71.0, 'home_moneyline': -10000.0, 'away_moneyline': 1600.0}]",-28.5
401531428,2023,3,regular,2023-09-14T23:30:00.000Z,Memphis,American Athletic,28.0,Navy,American Athletic,24.0,"[{'provider': 'Bovada', 'spread': -12.0, 'formatted_spread': 'Memphis -12.0', 'spread_open': -16.0, 'over_under': 46.5, 'over_under_open': 47.0, 'home_moneyline': -650.0, 'away_moneyline': 450.0}]",-12.0
401531396,2023,3,regular,2023-09-15T23:00:00.000Z,UT San Antonio,American Athletic,29.0,Army,FBS Independents,37.0,"[{'provider': 'Bovada', 'spread': -7.0, 'formatted_spread': 'UT San Antonio -7.0', 'spread_open': -10.0, 'over_under': 41.5, 'over_under_open': 46.5, 'home_moneyline': -285.0, 'away_moneyline': 235.0}]",-7.0
401532581,2023,3,regular,2023-09-16T00:00:00.000Z,Air Force,Mountain West,39.0,Utah State,Mountain West,21.0,"[{'provider': 'Bovada', 'spread': -8.5, 'formatted_spread': 'Air Force -8.5', 'spread_open': -8.5, 'over_under': 45.5, 'over_under_open': 47.0, 'home_moneyline': -380.0, 'away_moneyline': 290.0}]",-8.5
401520226,2023,3,regular,2023-09-16T16:00:00.000Z,Illinois,Big Ten,13.0,Penn State,Big Ten,30.0,"[{'provider': 'Bovada', 'spread': 14.0, 'formatted_spread': 'Penn State -14.0', 'spread_open': 15.0, 'over_under': 47.5, 'over_under_open': 48.0, 'home_moneyline': 475.0, 'away_moneyline': -700.0}]",14.0
401520230,2023,3,regular,2023-09-16T16:00:00.000Z,Indiana,Big Ten,14.0,Louisville,ACC,21.0,"[{'provider': 'Bovada', 'spread': 10.0, 'formatted_spread': 'Louisville -10.0', 'spread_open': 9.5, 'over_under': 50.0, 'over_under_open': 54.0, 'home_moneyline': 280.0, 'away_moneyline': -360.0}]",10.0
401520235,2023,3,regular,2023-09-16T16:00:00.000Z,Mississippi State,SEC,14.0,LSU,SEC,41.0,"[{'provider': 'Bovada', 'spread': 9.5, 'formatted_spread': 'LSU -9.5', 'spread_open': 9.0, 'over_under': 54.0, 'over_under_open': 54.5, 'home_moneyline': 300.0, 'away_moneyline': -400.0}]",9.5
401525500,2023,3,regular,2023-09-16T16:00:00.000Z,Boston College,ACC,29.0,Florida State,ACC,31.0,"[{'provider': 'Bovada', 'spread': 25.0, 'formatted_spread': 'Florida State -25.0', 'spread_open': 28.5, 'over_under': 47.5, 'over_under_open': 56.5, 'home_moneyline': 1600.0, 'away_moneyline': -10000.0}]",25.0
401525504,2023,3,regular,2023-09-16T16:00:00.000Z,Old Dominion,Sun Belt,24.0,Wake Forest,ACC,27.0,"[{'provider': 'Bovada', 'spread': 14.0, 'formatted_spread': 'Wake Forest -14.0', 'spread_open': 14.0, 'over_under': 61.0, 'over_under_open': 59.5, 'home_moneyline': 475.0, 'away_moneyline': -700.0}]",14.0
401525838,2023,3,regular,2023-09-16T16:00:00.000Z,Ohio,Mid-American,10.0,Iowa State,Big 12,7.0,"[{'provider': 'Bovada', 'spread': 2.5, 'formatted_spread': 'Iowa State -2.5', 'spread_open': 2.0, 'over_under': 41.5, 'over_under_open': 44.5, 'home_moneyline': 110.0, 'away_moneyline': -130.0}]",2.5
401526834,2023,3,regular,2023-09-16T18:00:00.000Z,Eastern Michigan,Mid-American,19.0,UMass,FBS Independents,17.0,"[{'provider': 'Bovada', 'spread': -8.0, 'formatted_spread': 'Eastern Michigan -8.0', 'spread_open': -10.0, 'over_under': 49.5, 'over_under_open': 53.0, 'home_moneyline': -410.0, 'away_moneyline': 305.0}]",-8.0
401525437,2023,3,regular,2023-09-16T18:30:00.000Z,Notre Dame,FBS Independents,41.0,Central Michigan,Mid-American,17.0,"[{'provider': 'Bovada', 'spread': -35.0, 'formatted_spread': 'Notre Dame -35.0', 'spread_open': -33.0, 'over_under': 51.0, 'over_under_open': 55.0, 'home_moneyline': None, 'away_moneyline': None}]",-35.0
401520223,2023,3,regular,2023-09-16T19:30:00.000Z,Duke,ACC,38.0,Northwestern,Big Ten,14.0,"[{'provider': 'Bovada', 'spread': -17.0, 'formatted_spread': 'Duke -17.0', 'spread_open': -19.0, 'over_under': 48.0, 'over_under_open': 46.5, 'home_moneyline': -1200.0, 'away_moneyline': 700.0}]",-17.0
401520244,2023,3,regular,2023-09-16T19:30:00.000Z,South Florida,American Athletic,3.0,Alabama,SEC,17.0,"[{'provider': 'Bovada', 'spread': 34.5, 'formatted_spread': 'Alabama -34.5', 'spread_open': 31.5, 'over_under': 60.5, 'over_under_open': 61.5, 'home_moneyline': 2500.0, 'away_moneyline': -20000.0}]",34.5
401520246,2023,3,regular,2023-09-16T19:30:00.000Z,Connecticut,FBS Independents,17.0,Florida International,Conference USA,24.0,"[{'provider': 'Bovada', 'spread': -7.0, 'formatted_spread': 'Connecticut -7.0', 'spread_open': -10.0, 'over_under': 44.0, 'over_under_open': 46.5, 'home_moneyline': -410.0, 'away_moneyline': 305.0}]",-7.0
401524009,2023,3,regular,2023-09-16T19:30:00.000Z,Oregon State,Pac-12,26.0,San Diego State,Mountain West,9.0,"[{'provider': 'Bovada', 'spread': -24.5, 'formatted_spread': 'Oregon State -24.5', 'spread_open': -22.0, 'over_under': 48.5, 'over_under_open': 47.5, 'home_moneyline': -2500.0, 'away_moneyline': 1000.0}]",-24.5
401525842,2023,3,regular,2023-09-16T19:30:00.000Z,Tulsa,American Athletic,17.0,Oklahoma,Big 12,66.0,"[{'provider': 'Bovada', 'spread': 28.0, 'formatted_spread': 'Oklahoma -28.0', 'spread_open': 26.0, 'over_under': 59.0, 'over_under_open': 59.5, 'home_moneyline': 1200.0, 'away_moneyline': -5000.0}]",28.0
401531406,2023,8,regular,2023-10-21T18:00:00.000Z,East Carolina,American Athletic,7.0,Charlotte,American Athletic,10.0,"[{'provider': 'Bovada', 'spread': -6.0, 'formatted_spread': 'East Carolina -6.0', 'spread_open': -6.5, 'over_under': 38.5, 'over_under_open': 40.5, 'home_moneyline': -245.0, 'away_moneyline': 205.0}]",-6.0
401520183,2023,2,regular,2023-09-09T23:00:00.000Z,Alabama,SEC,24.0,Texas,Big 12,34.0,"[{'provider': 'Bovada', 'spread': -7.5, 'formatted_spread': 'Alabama -7.5', 'spread_open': -6.5, 'over_under': 53.5, 'over_under_open': 56.0, 'home_moneyline': -300.0, 'away_moneyline': 250.0}]",-7.5
401525496,2023,2,regular,2023-09-09T22:30:00.000Z,Pittsburgh,ACC,21.0,Cincinnati,Big 12,27.0,"[{'provider': 'Bovada', 'spread': -6.5, 'formatted_spread': 'Pittsburgh -6.5', 'spread_open': -7.0, 'over_under': 44.5, 'over_under_open': 48.5, 'home_moneyline': -300.0, 'away_moneyline': 250.0}]",-6.5
401524018,2023,4,regular,2023-09-24T02:30:00.000Z,Washington,Pac-12,59.0,California,Pac-12,32.0,"[{'provider': 'Bovada', 'spread': -20.0, 'formatted_spread': 'Washington -20.0', 'spread_open': -21.5, 'over_under': 55.5, 'over_under_open': 63.0, 'home_moneyline': -1500.0, 'away_moneyline': 775.0}]",-20.0
401524017,2023,4,regular,2023-09-23T19:30:00.000Z,Utah,Pac-12,14.0,UCLA,Pac-12,7.0,"[{'provider': 'Bovada', 'spread': -3.0, 'formatted_spread': 'Utah -3.0', 'spread_open': -5.0, 'over_under': 51.0, 'over_under_open': 51.0, 'home_moneyline': -240.0, 'away_moneyline': 200.0}]",-3.0
401524015,2023,4,regular,2023-09-23T19:30:00.000Z,Oregon,Pac-12,42.0,Colorado,Pac-12,6.0,"[{'provider': 'Bovada', 'spread': -21.0, 'formatted_spread': 'Oregon -21.0', 'spread_open': -16.5, 'over_under': 70.0, 'over_under_open': 71.5, 'home_moneyline': -1200.0, 'away_moneyline': 700.0}]",-21.0
401520258,2023,4,regular,2023-09-23T23:00:00.000Z,LSU,SEC,34.0,Arkansas,SEC,31.0,"[{'provider': 'Bovada', 'spread': -18.0, 'formatted_spread': 'LSU -18.0', 'spread_open': -12.5, 'over_under': 56.0, 'over_under_open': 56.0, 'home_moneyline': -950.0, 'away_moneyline': 600.0}]",-18.0
401524019,2023,4,regular,2023-09-23T23:00:00.000Z,Washington State,Pac-12,38.0,Oregon State,Pac-12,35.0,"[{'provider': 'Bovada', 'spread': 3.0, 'formatted_spread': 'Oregon State -3.0', 'spread_open': 2.5, 'over_under': 58.0, 'over_under_open': 55.5, 'home_moneyline': 110.0, 'away_moneyline': -130.0}]",3.0
401524032,2023,7,regular,2023-10-15T00:00:00.000Z,Oregon State,Pac-12,36.0,UCLA,Pac-12,24.0,"[{'provider': 'Bovada', 'spread': -4.0, 'formatted_spread': 'Oregon State -4.0', 'spread_open': -5.0, 'over_under': 53.5, 'over_under_open': 53.5, 'home_moneyline': -185.0, 'away_moneyline': 160.0}]",-4.0
401520147,2023,1,regular,2023-08-26T23:30:00.000Z,Vanderbilt,SEC,35.0,Hawai'i,Mountain West,28.0,"[{'provider': 'Bovada', 'spread': -18.0, 'formatted_spread': 'Vanderbilt -18.0', 'spread_open': -18.0, 'over_under': 56.0, 'over_under_open': 56.0, 'home_moneyline': -1000.0, 'away_moneyline': 625.0}]",-18.0
401520146,2023,1,regular,2023-08-27T01:00:00.000Z,Louisiana Tech,Conference USA,22.0,Florida International,Conference USA,17.0,"[{'provider': 'Bovada', 'spread': -11.0, 'formatted_spread': 'Louisiana Tech -11.0', 'spread_open': -9.5, 'over_under': 58.5, 'over_under_open': 59.0, 'home_moneyline': -450.0, 'away_moneyline': 335.0}]",-11.0
401520238,2023,3,regular,2023-09-17T00:00:00.000Z,New Mexico,Mountain West,17.0,New Mexico State,Conference USA,27.0,"[{'provider': 'Bovada', 'spread': -3.0, 'formatted_spread': 'New Mexico -3.0', 'spread_open': -1.5, 'over_under': 52.5, 'over_under_open': 51.0, 'home_moneyline': -110.0, 'away_moneyline': -110.0}]",-3.0
401525501,2023,3,regular,2023-09-17T00:00:00.000Z,Clemson,ACC,48.0,Florida Atlantic,American Athletic,14.0,"[{'provider': 'Bovada', 'spread': -25.0, 'formatted_spread': 'Clemson -25.0', 'spread_open': -24.0, 'over_under': 51.5, 'over_under_open': 52.5, 'home_moneyline': -2500.0, 'away_moneyline': 1050.0}]",-25.0
401520242,2023,3,regular,2023-09-16T23:30:00.000Z,Purdue,Big Ten,20.0,Syracuse,ACC,35.0,"[{'provider': 'Bovada', 'spread': 1.0, 'formatted_spread': 'Syracuse -1.0', 'spread_open': 0.0, 'over_under': 56.5, 'over_under_open': 57.0, 'home_moneyline': 120.0, 'away_moneyline': -140.0}]",1.0
401525503,2023,3,regular,2023-09-16T23:30:00.000Z,West Virginia,Big 12,17.0,Pittsburgh,ACC,6.0,"[{'provider': 'Bovada', 'spread': -2.5, 'formatted_spread': 'West Virginia -2.5', 'spread_open': 1.5, 'over_under': 47.5, 'over_under_open': 50.0, 'home_moneyline': 105.0, 'away_moneyline': -125.0}]",-2.5
401531886,2023,6,regular,2023-10-07T23:00:00.000Z,Southern Mississippi,Sun Belt,13.0,Old Dominion,Sun Belt,17.0,"[{'provider': 'Bovada', 'spread': -3.0, 'formatted_spread': 'Southern Mississippi -3.0', 'spread_open': -1.5, 'over_under': 56.5, 'over_under_open': 57.5, 'home_moneyline': -125.0, 'away_moneyline': 105.0}]",-3.0
401532415,2023,6,regular,2023-10-07T18:00:00.000Z,Buffalo,Mid-American,37.0,Central Michigan,Mid-American,13.0,"[{'provider': 'Bovada', 'spread': 2.5, 'formatted_spread': 'Central Michigan -2.5', 'spread_open': 3.0, 'over_under': 52.0, 'over_under_open': 57.0, 'home_moneyline': 125.0, 'away_moneyline': -145.0}]",2.5
401532591,2023,6,regular,2023-10-08T00:00:00.000Z,Wyoming,Mountain West,24.0,Fresno State,Mountain West,19.0,"[{'provider': 'Bovada', 'spread': 6.0, 'formatted_spread': 'Fresno State -6.0', 'spread_open': 6.0, 'over_under': 42.5, 'over_under_open': 46.0, 'home_moneyline': 180.0, 'away_moneyline': -220.0}]",6.0
401526837,2023,6,regular,2023-10-07T16:00:00.000Z,UMass,FBS Independents,24.0,Toledo,Mid-American,41.0,"[{'provider': 'Bovada', 'spread': 19.0, 'formatted_spread': 'Toledo -19.0', 'spread_open': 18.5, 'over_under': 55.5, 'over_under_open': 59.5, 'home_moneyline': 650.0, 'away_moneyline': -1100.0}]",19.0
401531433,2023,6,regular,2023-10-07T19:30:00.000Z,Navy,American Athletic,27.0,North Texas,American Athletic,24.0,"[{'provider': 'Bovada', 'spread': -6.5, 'formatted_spread': 'Navy -6.5', 'spread_open': -6.5, 'over_under': 60.0, 'over_under_open': 61.5, 'home_moneyline': -240.0, 'away_moneyline': 200.0}]",-6.5
401532414,2023,6,regular,2023-10-07T19:30:00.000Z,Eastern Michigan,Mid-American,24.0,Ball State,Mid-American,10.0,"[{'provider': 'Bovada', 'spread': -2.0, 'formatted_spread': 'Eastern Michigan -2.0', 'spread_open': -3.0, 'over_under': 43.5, 'over_under_open': 42.5, 'home_moneyline': -130.0, 'away_moneyline': 110.0}]",-2.0
401532416,2023,6,regular,2023-10-07T19:30:00.000Z,Miami (OH),Mid-American,27.0,Bowling Green,Mid-American,0.0,"[{'provider': 'Bovada', 'spread': -7.5, 'formatted_spread': 'Miami (OH) -7.5', 'spread_open': -11.0, 'over_under': 43.0, 'over_under_open': 48.0, 'home_moneyline': -410.0, 'away_moneyline': 305.0}]",-7.5
401532417,2023,6,regular,2023-10-07T19:30:00.000Z,Ohio,Mid-American,42.0,Kent State,Mid-American,17.0,"[{'provider': 'Bovada', 'spread': -24.0, 'formatted_spread': 'Ohio -24.0', 'spread_open': -26.0, 'over_under': 45.5, 'over_under_open': 45.5, 'home_moneyline': -4000.0, 'away_moneyline': 1200.0}]",-24.0
401532418,2023,6,regular,2023-10-07T19:30:00.000Z,Akron,Mid-American,14.0,Northern Illinois,Mid-American,55.0,"[{'provider': 'Bovada', 'spread': 4.0, 'formatted_spread': 'Northern Illinois -4.0', 'spread_open': 5.0, 'over_under': 42.5, 'over_under_open': 44.5, 'home_moneyline': 160.0, 'away_moneyline': -185.0}]",4.0
401531887,2023,6,regular,2023-10-07T20:00:00.000Z,Troy,Sun Belt,37.0,Arkansas State,Sun Belt,3.0,"[{'provider': 'Bovada', 'spread': -15.5, 'formatted_spread': 'Troy -15.5', 'spread_open': -16.0, 'over_under': 52.5, 'over_under_open': 52.0, 'home_moneyline': -800.0, 'away_moneyline': 525.0}]",-15.5
401532590,2023,6,regular,2023-10-08T00:00:00.000Z,Utah State,Mountain West,44.0,Colorado State,Mountain West,24.0,"[{'provider': 'Bovada', 'spread': 3.0, 'formatted_spread': 'Colorado State -3.0', 'spread_open': 1.0, 'over_under': 62.0, 'over_under_open': 64.0, 'home_moneyline': 125.0, 'away_moneyline': -145.0}]",3.0
401532592,2023,6,regular,2023-10-08T00:00:00.000Z,Boise State,Mountain West,35.0,San José State,Mountain West,27.0,"[{'provider': 'Bovada', 'spread': -7.5, 'formatted_spread': 'Boise State -7.5', 'spread_open': -9.5, 'over_under': 57.0, 'over_under_open': 57.5, 'home_moneyline': -350.0, 'away_moneyline': 275.0}]",-7.5
401520313,2023,7,regular,2023-10-10T23:00:00.000Z,Middle Tennessee,Conference USA,31.0,Louisiana Tech,Conference USA,23.0,"[{'provider': 'Bovada', 'spread': -3.0, 'formatted_spread': 'Middle Tennessee -3.0', 'spread_open': -2.5, 'over_under': 54.0, 'over_under_open': 54.5, 'home_moneyline': -150.0, 'away_moneyline': 130.0}]",-3.0
401520312,2023,7,regular,2023-10-10T23:30:00.000Z,Jacksonville State,Conference USA,13.0,Liberty,Conference USA,31.0,"[{'provider': 'Bovada', 'spread': 7.0, 'formatted_spread': 'Liberty -7.0', 'spread_open': 6.5, 'over_under': 59.0, 'over_under_open': 56.0, 'home_moneyline': 185.0, 'away_moneyline': -225.0}]",7.0
401531888,2023,7,regular,2023-10-10T23:30:00.000Z,Appalachian State,Sun Belt,24.0,Coastal Carolina,Sun Belt,27.0,"[{'provider': 'Bovada', 'spread': -4.5, 'formatted_spread': 'Appalachian State -4.5', 'spread_open': -6.0, 'over_under': 59.0, 'over_under_open': 63.0, 'home_moneyline': -225.0, 'away_moneyline': 185.0}]",-4.5
401525527,2023,7,regular,2023-10-14T19:30:00.000Z,Virginia Tech,ACC,30.0,Wake Forest,ACC,13.0,"[{'provider': 'Bovada', 'spread': -1.5, 'formatted_spread': 'Virginia Tech -1.5', 'spread_open': 1.0, 'over_under': 48.5, 'over_under_open': 49.0, 'home_moneyline': -120.0, 'away_moneyline': 100.0}]",-1.5
401525863,2023,7,regular,2023-10-14T16:00:00.000Z,Cincinnati,Big 12,10.0,Iowa State,Big 12,30.0,"[{'provider': 'Bovada', 'spread': -5.0, 'formatted_spread': 'Cincinnati -5.0', 'spread_open': -3.5, 'over_under': 43.0, 'over_under_open': 49.0, 'home_moneyline': -185.0, 'away_moneyline': 160.0}]",-5.0
401525864,2023,7,regular,2023-10-14T19:30:00.000Z,Oklahoma State,Big 12,39.0,Kansas,Big 12,32.0,"[{'provider': 'Bovada', 'spread': 3.0, 'formatted_spread': 'Kansas -3.0', 'spread_open': 3.5, 'over_under': 53.5, 'over_under_open': 58.0, 'home_moneyline': 150.0, 'away_moneyline': -175.0}]",3.0
401525865,2023,7,regular,2023-10-14T19:30:00.000Z,TCU,Big 12,44.0,BYU,Big 12,11.0,"[{'provider': 'Bovada', 'spread': -5.0, 'formatted_spread': 'TCU -5.0', 'spread_open': -5.0, 'over_under': 53.5, 'over_under_open': 52.0, 'home_moneyline': -210.0, 'away_moneyline': 175.0}]",-5.0
401525866,2023,7,regular,2023-10-14T23:00:00.000Z,Texas Tech,Big 12,21.0,Kansas State,Big 12,38.0,"[{'provider': 'Bovada', 'spread': -1.0, 'formatted_spread': 'Texas Tech -1.0', 'spread_open': -1.0, 'over_under': 57.5, 'over_under_open': 56.0, 'home_moneyline': -115.0, 'away_moneyline': -105.0}]",-1.0
401531381,2023,7,regular,2023-10-15T00:00:00.000Z,UT San Antonio,American Athletic,41.0,UAB,American Athletic,20.0,"[{'provider': 'Bovada', 'spread': -8.5, 'formatted_spread': 'UT San Antonio -8.5', 'spread_open': -8.5, 'over_under': 66.5, 'over_under_open': 64.5, 'home_moneyline': -330.0, 'away_moneyline': 265.0}]",-8.5
401531390,2023,7,regular,2023-10-14T16:00:00.000Z,North Texas,American Athletic,45.0,Temple,American Athletic,14.0,"[{'provider': 'Bovada', 'spread': -6.0, 'formatted_spread': 'North Texas -6.0', 'spread_open': -8.0, 'over_under': 68.0, 'over_under_open': 70.5, 'home_moneyline': -270.0, 'away_moneyline': 220.0}]",-6.0
401531405,2023,7,regular,2023-10-14T18:00:00.000Z,Charlotte,American Athletic,0.0,Navy,American Athletic,14.0,"[{'provider': 'Bovada', 'spread': 3.0, 'formatted_spread': 'Navy -3.0', 'spread_open': 4.5, 'over_under': 44.5, 'over_under_open': 45.0, 'home_moneyline': 135.0, 'away_moneyline': -160.0}]",3.0
401531420,2023,7,regular,2023-10-14T19:30:00.000Z,South Florida,American Athletic,14.0,Florida Atlantic,American Athletic,56.0,"[{'provider': 'Bovada', 'spread': -2.5, 'formatted_spread': 'South Florida -2.5', 'spread_open': -2.0, 'over_under': 61.5, 'over_under_open': 59.5, 'home_moneyline': -140.0, 'away_moneyline': 120.0}]",-2.5
401531889,2023,7,regular,2023-10-14T23:00:00.000Z,Georgia State,Sun Belt,41.0,Marshall,Sun Belt,24.0,"[{'provider': 'Bovada', 'spread': -1.5, 'formatted_spread': 'Georgia State -1.5', 'spread_open': -1.0, 'over_under': 54.5, 'over_under_open': 57.0, 'home_moneyline': -105.0, 'away_moneyline': -115.0}]",-1.5
401531890,2023,7,regular,2023-10-14T16:00:00.000Z,James Madison,Sun Belt,41.0,Georgia Southern,Sun Belt,13.0,"[{'provider': 'Bovada', 'spread': -6.0, 'formatted_spread': 'James Madison -6.0', 'spread_open': -3.5, 'over_under': 59.5, 'over_under_open': 58.5, 'home_moneyline': -175.0, 'away_moneyline': 150.0}]",-6.0
401532419,2023,7,regular,2023-10-14T18:00:00.000Z,Ball State,Mid-American,6.0,Toledo,Mid-American,13.0,"[{'provider': 'Bovada', 'spread': 17.5, 'formatted_spread': 'Toledo -17.5', 'spread_open': 16.0, 'over_under': 48.0, 'over_under_open': 52.0, 'home_moneyline': 525.0, 'away_moneyline': -800.0}]",17.5
401532422,2023,7,regular,2023-10-14T16:00:00.000Z,Eastern Michigan,Mid-American,28.0,Kent State,Mid-American,14.0,"[{'provider': 'Bovada', 'spread': -7.5, 'formatted_spread': 'Eastern Michigan -7.5', 'spread_open': -11.0, 'over_under': 40.0, 'over_under_open': 45.0, 'home_moneyline': -400.0, 'away_moneyline': 300.0}]",-7.5
401520358,2023,9,regular,2023-10-28T16:00:00.000Z,Penn State,Big Ten,33.0,Indiana,Big Ten,24.0,"[{'provider': 'Bovada', 'spread': -31.0, 'formatted_spread': 'Penn State -31.0', 'spread_open': -31.0, 'over_under': 45.0, 'over_under_open': 44.5, 'home_moneyline': -10000.0, 'away_moneyline': 1600.0}]",-31.0
401520353,2023,9,regular,2023-10-28T23:00:00.000Z,Kentucky,SEC,27.0,Tennessee,SEC,33.0,"[{'provider': 'Bovada', 'spread': 3.5, 'formatted_spread': 'Tennessee -3.5', 'spread_open': 4.0, 'over_under': 50.0, 'over_under_open': 51.5, 'home_moneyline': 150.0, 'away_moneyline': -175.0}]",3.5
401520350,2023,9,regular,2023-10-28T19:30:00.000Z,Auburn,SEC,27.0,Mississippi State,SEC,13.0,"[{'provider': 'Bovada', 'spread': -6.5, 'formatted_spread': 'Auburn -6.5', 'spread_open': -6.0, 'over_under': 40.0, 'over_under_open': 43.0, 'home_moneyline': -245.0, 'away_moneyline': 205.0}]",-6.5
401520351,2023,9,regular,2023-10-28T16:00:00.000Z,Boston College,ACC,21.0,Connecticut,FBS Independents,14.0,"[{'provider': 'Bovada', 'spread': -14.5, 'formatted_spread': 'Boston College -14.5', 'spread_open': -12.0, 'over_under': 49.0, 'over_under_open': 52.5, 'home_moneyline': -650.0, 'away_moneyline': 450.0}]",-14.5
401520356,2023,9,regular,2023-10-28T16:00:00.000Z,Northwestern,Big Ten,33.0,Maryland,Big Ten,27.0,"[{'provider': 'Bovada', 'spread': 14.5, 'formatted_spread': 'Maryland -14.5', 'spread_open': 13.0, 'over_under': 49.0, 'over_under_open': 48.5, 'home_moneyline': 430.0, 'away_moneyline': -625.0}]",14.5
401520359,2023,9,regular,2023-10-28T16:00:00.000Z,Texas A&M,SEC,30.0,South Carolina,SEC,17.0,"[{'provider': 'Bovada', 'spread': -17.0, 'formatted_spread': 'Texas A&M -17.0', 'spread_open': -13.5, 'over_under': 51.5, 'over_under_open': 54.5, 'home_moneyline': -750.0, 'away_moneyline': 500.0}]",-17.0
401532431,2023,9,regular,2023-10-28T17:00:00.000Z,Eastern Michigan,Mid-American,21.0,Western Michigan,Mid-American,45.0,"[{'provider': 'Bovada', 'spread': 3.0, 'formatted_spread': 'Western Michigan -3.0', 'spread_open': 0.0, 'over_under': 49.5, 'over_under_open': 44.5, 'home_moneyline': 130.0, 'away_moneyline': -150.0}]",3.0
401520349,2023,9,regular,2023-10-28T16:00:00.000Z,Army,FBS Independents,14.0,UMass,FBS Independents,21.0,"[{'provider': 'Bovada', 'spread': -10.0, 'formatted_spread': 'Army -10.0', 'spread_open': -9.0, 'over_under': 49.0, 'over_under_open': 48.0, 'home_moneyline': -360.0, 'away_moneyline': 280.0}]",-10.0
401532603,2023,9,regular,2023-10-28T23:00:00.000Z,Colorado State,Mountain West,13.0,Air Force,Mountain West,30.0,"[{'provider': 'Bovada', 'spread': 14.5, 'formatted_spread': 'Air Force -14.5', 'spread_open': 11.5, 'over_under': 47.5, 'over_under_open': 50.0, 'home_moneyline': 430.0, 'away_moneyline': -625.0}]",14.5
401524056,2023,11,regular,2023-11-11T20:30:00.000Z,Washington,Pac-12,35.0,Utah,Pac-12,28.0,"[{'provider': 'Bovada', 'spread': -9.5, 'formatted_spread': 'Washington -9.5', 'spread_open': -3.5, 'over_under': 48.5, 'over_under_open': 54.5, 'home_moneyline': -320.0, 'away_moneyline': 260.0}]",-9.5
401520389,2023,11,regular,2023-11-12T00:30:00.000Z,LSU,SEC,52.0,Florida,SEC,35.0,"[{'provider': 'Bovada', 'spread': -16.0, 'formatted_spread': 'LSU -16.0', 'spread_open': -15.5, 'over_under': 67.5, 'over_under_open': 63.0, 'home_moneyline': -750.0, 'away_moneyline': 500.0}]",-16.0
401520386,2023,11,regular,2023-11-11T17:00:00.000Z,Kentucky,SEC,21.0,Alabama,SEC,49.0,"[{'provider': 'Bovada', 'spread': 10.5, 'formatted_spread': 'Alabama -10.5', 'spread_open': -3.0, 'over_under': 47.0, 'over_under_open': 49.0, 'home_moneyline': 360.0, 'away_moneyline': -500.0}]",10.5
401524054,2023,11,regular,2023-11-11T22:30:00.000Z,Oregon State,Pac-12,62.0,Stanford,Pac-12,17.0,"[{'provider': 'Bovada', 'spread': -21.5, 'formatted_spread': 'Oregon State -21.5', 'spread_open': -20.5, 'over_under': 52.5, 'over_under_open': 54.5, 'home_moneyline': -1800.0, 'away_moneyline': 850.0}]",-21.5
401524052,2023,11,regular,2023-11-11T19:00:00.000Z,Colorado,Pac-12,31.0,Arizona,Pac-12,34.0,"[{'provider': 'Bovada', 'spread': 8.0, 'formatted_spread': 'Arizona -8.0', 'spread_open': 10.0, 'over_under': 55.5, 'over_under_open': 55.5, 'home_moneyline': 275.0, 'away_moneyline': -350.0}]",8.0
401524051,2023,11,regular,2023-11-11T21:00:00.000Z,California,Pac-12,42.0,Washington State,Pac-12,39.0,"[{'provider': 'Bovada', 'spread': -2.0, 'formatted_spread': 'California -2.0', 'spread_open': 0.0, 'over_under': 60.0, 'over_under_open': 58.5, 'home_moneyline': -125.0, 'away_moneyline': 105.0}]",-2.0
401524055,2023,11,regular,2023-11-12T02:00:00.000Z,UCLA,Pac-12,7.0,Arizona State,Pac-12,17.0,"[{'provider': 'Bovada', 'spread': -14.0, 'formatted_spread': 'UCLA -14.0', 'spread_open': -16.5, 'over_under': 45.5, 'over_under_open': 47.5, 'home_moneyline': -850.0, 'away_moneyline': 550.0}]",-14.0
401520391,2023,11,regular,2023-11-11T20:30:00.000Z,Missouri,SEC,36.0,Tennessee,SEC,7.0,"[{'provider': 'Bovada', 'spread': 2.0, 'formatted_spread': 'Tennessee -2.0', 'spread_open': 1.0, 'over_under': 59.0, 'over_under_open': 58.5, 'home_moneyline': 115.0, 'away_moneyline': -135.0}]",2.0
401520385,2023,11,regular,2023-11-11T19:00:00.000Z,James Madison,Sun Belt,44.0,Connecticut,FBS Independents,6.0,"[{'provider': 'Bovada', 'spread': -25.0, 'formatted_spread': 'James Madison -25.0', 'spread_open': -27.0, 'over_under': 47.5, 'over_under_open': 49.0, 'home_moneyline': -6500.0, 'away_moneyline': 1300.0}]",-25.0
401520392,2023,11,regular,2023-11-11T17:00:00.000Z,Nebraska,Big Ten,10.0,Maryland,Big Ten,13.0,"[{'provider': 'Bovada', 'spread': 1.5, 'formatted_spread': 'Maryland -1.5', 'spread_open': 1.0, 'over_under': 42.5, 'over_under_open': 45.5, 'home_moneyline': 105.0, 'away_moneyline': -125.0}]",1.5
401520396,2023,11,regular,2023-11-11T17:00:00.000Z,South Carolina,SEC,47.0,Vanderbilt,SEC,6.0,"[{'provider': 'Bovada', 'spread': -13.0, 'formatted_spread': 'South Carolina -13.0', 'spread_open': -14.5, 'over_under': 53.5, 'over_under_open': 58.0, 'home_moneyline': -575.0, 'away_moneyline': 400.0}]",-13.0
401525547,2023,11,regular,2023-11-11T17:00:00.000Z,Boston College,ACC,22.0,Virginia Tech,ACC,48.0,"[{'provider': 'Bovada', 'spread': 2.5, 'formatted_spread': 'Virginia Tech -2.5', 'spread_open': -2.5, 'over_under': 48.0, 'over_under_open': 49.5, 'home_moneyline': 125.0, 'away_moneyline': -145.0}]",2.5
401520394,2023,11,regular,2023-11-11T17:00:00.000Z,Penn State,Big Ten,15.0,Michigan,Big Ten,24.0,"[{'provider': 'Bovada', 'spread': 4.0, 'formatted_spread': 'Michigan -4.0', 'spread_open': 3.0, 'over_under': 44.5, 'over_under_open': 43.5, 'home_moneyline': 180.0, 'away_moneyline': -220.0}]",4.0
401520388,2023,11,regular,2023-11-11T18:00:00.000Z,Liberty,Conference USA,38.0,Old Dominion,Sun Belt,10.0,"[{'provider': 'Bovada', 'spread': -14.0, 'formatted_spread': 'Liberty -14.0', 'spread_open': -13.0, 'over_under': 59.5, 'over_under_open': 58.5, 'home_moneyline': -585.0, 'away_moneyline': 410.0}]",-14.0
401520387,2023,11,regular,2023-11-11T20:00:00.000Z,Louisiana Tech,Conference USA,27.0,Sam Houston State,Conference USA,42.0,"[{'provider': 'Bovada', 'spread': -8.0, 'formatted_spread': 'Louisiana Tech -8.0', 'spread_open': -7.5, 'over_under': 49.0, 'over_under_open': 49.0, 'home_moneyline': -310.0, 'away_moneyline': 255.0}]",-8.0
401520390,2023,11,regular,2023-11-11T20:30:00.000Z,Middle Tennessee,Conference USA,40.0,Florida International,Conference USA,6.0,"[{'provider': 'Bovada', 'spread': -10.5, 'formatted_spread': 'Middle Tennessee -10.5', 'spread_open': -11.0, 'over_under': 51.5, 'over_under_open': 52.5, 'home_moneyline': -430.0, 'away_moneyline': 320.0}]",-10.5
401520393,2023,11,regular,2023-11-12T00:30:00.000Z,Ohio State,Big Ten,38.0,Michigan State,Big Ten,3.0,"[{'provider': 'Bovada', 'spread': -32.0, 'formatted_spread': 'Ohio State -32.0', 'spread_open': -25.0, 'over_under': 48.0, 'over_under_open': 46.5, 'home_moneyline': -20000.0, 'away_moneyline': 2400.0}]",-32.0
401525467,2023,1,regular,2023-09-03T00:00:00.000Z,Virginia Tech,ACC,36.0,Old Dominion,Sun Belt,17.0,"[{'provider': 'Bovada', 'spread': -17.0, 'formatted_spread': 'Virginia Tech -17.0', 'spread_open': -14.0, 'over_under': 47.5, 'over_under_open': 49.5, 'home_moneyline': -750.0, 'away_moneyline': 500.0}]",-17.0
401525825,2023,1,regular,2023-09-02T23:30:00.000Z,Wyoming,Mountain West,35.0,Texas Tech,Big 12,33.0,"[{'provider': 'Bovada', 'spread': 13.5, 'formatted_spread': 'Texas Tech -13.5', 'spread_open': 13.5, 'over_under': 50.5, 'over_under_open': 52.5, 'home_moneyline': 460.0, 'away_moneyline': -675.0}]",13.5
401520201,2023,2,regular,2023-09-09T19:30:00.000Z,Miami,ACC,48.0,Texas A&M,SEC,33.0,"[{'provider': 'Bovada', 'spread': 2.5, 'formatted_spread': 'Texas A&M -2.5', 'spread_open': 4.5, 'over_under': 50.0, 'over_under_open': 49.5, 'home_moneyline': 175.0, 'away_moneyline': -210.0}]",2.5
401520216,2023,2,regular,2023-09-09T15:00:00.000Z,Wake Forest,ACC,36.0,Vanderbilt,SEC,20.0,"[{'provider': 'Bovada', 'spread': -9.5, 'formatted_spread': 'Wake Forest -9.5', 'spread_open': -10.0, 'over_under': 56.5, 'over_under_open': 58.5, 'home_moneyline': -470.0, 'away_moneyline': 345.0}]",-9.5
401520215,2023,2,regular,2023-09-09T16:00:00.000Z,Virginia Tech,ACC,17.0,Purdue,Big Ten,24.0,"[{'provider': 'Bovada', 'spread': -1.5, 'formatted_spread': 'Virginia Tech -1.5', 'spread_open': 0.0, 'over_under': 49.0, 'over_under_open': 50.0, 'home_moneyline': -130.0, 'away_moneyline': 110.0}]",-1.5
401525498,2023,2,regular,2023-09-09T16:00:00.000Z,Virginia,ACC,35.0,James Madison,Sun Belt,36.0,"[{'provider': 'Bovada', 'spread': 6.0, 'formatted_spread': 'James Madison -6.0', 'spread_open': 6.0, 'over_under': 39.5, 'over_under_open': 44.0, 'home_moneyline': 210.0, 'away_moneyline': -250.0}]",6.0
401520194,2023,2,regular,2023-09-09T19:30:00.000Z,Iowa State,Big 12,13.0,Iowa,Big Ten,20.0,"[{'provider': 'Bovada', 'spread': 3.5, 'formatted_spread': 'Iowa -3.5', 'spread_open': 3.5, 'over_under': 35.5, 'over_under_open': 36.0, 'home_moneyline': 160.0, 'away_moneyline': -185.0}]",3.5
401520207,2023,2,regular,2023-09-09T19:30:00.000Z,Northwestern,Big Ten,38.0,UTEP,Conference USA,7.0,"[{'provider': 'Bovada', 'spread': -1.0, 'formatted_spread': 'Northwestern -1.0', 'spread_open': 0.0, 'over_under': 39.5, 'over_under_open': 37.5, 'home_moneyline': -115.0, 'away_moneyline': -105.0}]",-1.0
401525497,2023,2,regular,2023-09-09T19:30:00.000Z,Syracuse,ACC,48.0,Western Michigan,Mid-American,7.0,"[{'provider': 'Bovada', 'spread': -24.5, 'formatted_spread': 'Syracuse -24.5', 'spread_open': -21.0, 'over_under': 56.5, 'over_under_open': 52.5, 'home_moneyline': -1600.0, 'away_moneyline': 800.0}]",-24.5
401526833,2023,2,regular,2023-09-09T19:30:00.000Z,UMass,FBS Independents,28.0,Miami (OH),Mid-American,41.0,"[{'provider': 'Bovada', 'spread': 7.0, 'formatted_spread': 'Miami (OH) -7.0', 'spread_open': 6.5, 'over_under': 44.0, 'over_under_open': 47.0, 'home_moneyline': 175.0, 'away_moneyline': -210.0}]",7.0
401531395,2023,2,regular,2023-09-09T19:30:00.000Z,UT San Antonio,American Athletic,20.0,Texas State,Sun Belt,13.0,"[{'provider': 'Bovada', 'spread': -14.0, 'formatted_spread': 'UT San Antonio -14.0', 'spread_open': -11.0, 'over_under': 66.5, 'over_under_open': 62.0, 'home_moneyline': None, 'away_moneyline': 335.0}]",-14.0
401520184,2023,2,regular,2023-09-09T20:00:00.000Z,Arkansas,SEC,28.0,Kent State,Mid-American,6.0,"[{'provider': 'Bovada', 'spread': -38.5, 'formatted_spread': 'Arkansas -38.5', 'spread_open': -38.0, 'over_under': 57.5, 'over_under_open': 59.5, 'home_moneyline': None, 'away_moneyline': None}]",-38.5
401531411,2023,2,regular,2023-09-09T20:00:00.000Z,East Carolina,American Athletic,13.0,Marshall,Sun Belt,31.0,"[{'provider': 'Bovada', 'spread': 3.0, 'formatted_spread': 'Marshall -3.0', 'spread_open': 0.0, 'over_under': 43.5, 'over_under_open': 46.5, 'home_moneyline': -105.0, 'away_moneyline': -115.0}]",3.0
401520198,2023,2,regular,2023-09-09T22:00:00.000Z,Liberty,Conference USA,33.0,New Mexico State,Conference USA,17.0,"[{'provider': 'Bovada', 'spread': -9.5, 'formatted_spread': 'Liberty -9.5', 'spread_open': -13.0, 'over_under': 54.5, 'over_under_open': 56.5, 'home_moneyline': -550.0, 'away_moneyline': 390.0}]",-9.5
401531378,2023,2,regular,2023-09-09T22:00:00.000Z,Georgia Southern,Sun Belt,49.0,UAB,American Athletic,35.0,"[{'provider': 'Bovada', 'spread': -6.5, 'formatted_spread': 'Georgia Southern -6.5', 'spread_open': -5.0, 'over_under': 63.5, 'over_under_open': 59.0, 'home_moneyline': -230.0, 'away_moneyline': 190.0}]",-6.5
401531419,2023,2,regular,2023-09-09T22:00:00.000Z,Florida Atlantic,American Athletic,10.0,Ohio,Mid-American,17.0,"[{'provider': 'Bovada', 'spread': -3.5, 'formatted_spread': 'Florida Atlantic -3.5', 'spread_open': -5.0, 'over_under': 62.0, 'over_under_open': 59.0, 'home_moneyline': -200.0, 'away_moneyline': 170.0}]",-3.5
401531842,2023,2,regular,2023-09-09T22:00:00.000Z,Old Dominion,Sun Belt,38.0,Louisiana,Sun Belt,31.0,"[{'provider': 'Bovada', 'spread': 6.5, 'formatted_spread': 'Louisiana -6.5', 'spread_open': 8.0, 'over_under': 51.0, 'over_under_open': 48.5, 'home_moneyline': 220.0, 'away_moneyline': None}]",6.5
